Accident_ID,Date,Time,State,District,Latitude,Longitude,Road_Type,Weather,Light_Condition,Driver_Age,Driver_Gender,Vehicle_Type,Speed_kmph,Alcohol_Involved,Driver_Drowsy,Pothole_Involved,Cause_of_Accident,Severity,Casualties
ACC20316,27-06-2023,08:40,Karnataka,Hubballi,15.4178,75.6757,City Road,Rainy,Day,37,Male,Bike,69,Yes,No,No,Poor Weather Visibility,Medium,2.0
ACC20317,21-04-2024,05:21,Kerala,Kozhikode,10.0783,76.2581,City Road,Clear,Dawn,35,Male,Car,57,No,No,No,Poor Weather Visibility,Low,0.0
ACC20318,19-05-2022,14:56,Kerala,Ernakulam,10.4844,76.2327,State Highway,Cloudy,Day,37,Male,Truck,69,No,No,No,Poor Weather Visibility,Low,2.0
ACC20319,26-06-2023,19:19,Telangana,Hyderabad,17.7451,78.7984,Village Road,Rainy,Night,49,Male,Auto,53,Yes,No,No,Poor Weather Visibility,Medium,3.0
ACC20320,13-11-2023,21:19,Tamil Nadu,Chennai,11.192,78.3874,Village Road,Foggy,Night,67,Male,Car,69,No,No,Yes,Poor Weather Visibility,High,10.0
ACC20321,22-05-2023,08:15,Andhra Pradesh,Guntur,16.5704,79.9839,City Road,Rainy,Day,43,Female,Bike,43,No,No,No,Poor Weather Visibility,Low,1.0
ACC20322,07-11-2024,19:08,Karnataka,Hubballi,15.2014,76.1238,Village Road,Cloudy,Night,27,Male,Bike,53,Yes,No,No,Drunk Driving,Medium,1.0
ACC20323,01-03-2024,18:31,Andhra Pradesh,Visakhapatnam,15.7723,79.6696,Village Road,Clear,Dusk,29,Male,Bike,56,No,No,No,Signal Jumping,Medium,3.0
ACC20324,21-06-2023,16:10,Tamil Nadu,Tiruchirappalli,10.2798,78.4525,Village Road,Clear,Day,24,Male,Bike,87,Yes,No,No,Over Speeding,High,8.0
ACC20325,13-05-2022,19:40,Kerala,Kozhikode,10.7577,76.1374,State Highway,Foggy,Night,23,Male,Bike,53,No,No,Yes,Poor Weather Visibility,High,5.0
ACC20326,09-10-2022,08:11,Tamil Nadu,Madurai,11.3542,78.8915,State Highway,Cloudy,Day,29,Male,Car,51,No,No,No,Poor Weather Visibility,Low,0.0
ACC20327,13-02-2023,13:51,Tamil Nadu,Madurai,11.6607,78.0566,State Highway,Cloudy,Day,36,Male,Bike,65,No,Yes,No,Drowsy Driving,Medium,2.0
ACC20328,05-08-2024,23:49,Telangana,Hyderabad,18.0644,79.3199,National Highway,Cloudy,Night,53,Female,Truck,80,Yes,No,No,Drunk Driving,High,3.0
ACC20329,05-05-2023,09:41,Karnataka,Bengaluru Urban,14.9801,75.6016,Village Road,Cloudy,Day,46,Male,Bike,44,No,No,No,Poor Weather Visibility,Low,2.0
ACC20330,28-11-2023,08:32,Telangana,Hyderabad,18.1178,78.9784,City Road,Overcast,Day,30,Male,Bike,40,No,No,No,Poor Weather Visibility,Low,2.0
ACC20331,07-05-2023,18:32,Kerala,Ernakulam,9.9527,76.3054,Village Road,Clear,Dusk,31,Female,Bus,62,No,Yes,Yes,Drowsy Driving,Medium,2.0
ACC20332,12-02-2022,14:59,Tamil Nadu,Coimbatore,10.9203,78.2807,City Road,Clear,Day,18,Male,Bus,39,Yes,No,No,Drunk Driving,Low,3.0
ACC20333,12-05-2022,19:29,Telangana,Nizamabad,18.1083,79.0473,State Highway,Cloudy,Night,18,Female,Bike,56,No,No,No,Poor Weather Visibility,Medium,2.0
ACC20334,19-04-2024,19:53,Tamil Nadu,Chennai,11.1684,78.7582,City Road,Overcast,Night,45,Male,Bike,39,Yes,No,No,Drunk Driving,Medium,3.0
ACC20335,08-04-2022,06:37,Telangana,Karimnagar,18.437,79.2855,National Highway,Clear,Day,24,Female,Auto,99,Yes,No,No,Over Speeding,High,5.0
ACC20336,13-09-2024,16:40,Tamil Nadu,Chennai,10.9996,78.4923,City Road,Cloudy,Day,34,Male,Bike,41,No,No,No,Poor Weather Visibility,Low,0.0
ACC20337,04-06-2022,20:35,Andhra Pradesh,Visakhapatnam,16.0372,79.9813,National Highway,Overcast,Night,26,Female,Truck,58,Yes,No,No,Drunk Driving,Medium,0.0
ACC20338,27-10-2023,20:20,Tamil Nadu,Madurai,10.8165,78.9866,State Highway,Clear,Night,35,Male,Auto,74,No,Yes,No,Drowsy Driving,Medium,2.0
ACC20339,09-11-2022,20:10,Karnataka,Belagavi,16.0211,76.24,Village Road,Cloudy,Night,57,Male,Car,46,No,No,Yes,Pothole/Bad Road,Low,2.0
ACC20340,14-06-2023,12:14,Telangana,Nizamabad,19.1808,78.5635,Expressway,Rainy,Day,39,Male,Bus,80,No,No,Yes,Poor Weather Visibility,High,6.0
ACC20341,01-02-2022,18:11,Kerala,Kozhikode,10.0193,75.9236,State Highway,Overcast,Dusk,18,Male,Auto,63,No,No,No,Poor Weather Visibility,Low,3.0
ACC20342,03-02-2022,23:25,Andhra Pradesh,Guntur,15.2882,79.4111,City Road,Clear,Night,31,Female,Bus,44,No,No,Yes,Pothole/Bad Road,Low,0.0
ACC20343,06-12-2024,16:23,Andhra Pradesh,Kurnool,15.8014,79.2108,National Highway,Clear,Day,58,Male,Bike,100,No,No,No,Over Speeding,Medium,4.0
ACC20344,10-02-2024,10:25,Tamil Nadu,Madurai,10.4368,78.1458,State Highway,Foggy,Day,39,Female,Bike,57,No,No,No,Poor Weather Visibility,Low,1.0
ACC20345,31-12-2023,20:25,Telangana,Warangal,18.0536,78.6655,City Road,Overcast,Night,38,Male,Car,49,Yes,No,Yes,Drunk Driving,Low,1.0
ACC20346,23-11-2023,20:15,Telangana,Nizamabad,17.5796,78.7589,Village Road,Overcast,Night,32,Female,Car,57,No,Yes,No,Signal Jumping,Medium,1.0
ACC20347,26-04-2022,12:08,Tamil Nadu,Coimbatore,10.9147,79.3069,City Road,Clear,Day,34,Female,Car,54,No,No,Yes,Pothole/Bad Road,Low,2.0
ACC20348,31-12-2023,17:14,Kerala,Thrissur,10.2934,76.1664,National Highway,Clear,Dusk,26,Male,Auto,71,No,No,No,Over Speeding,Medium,0.0
ACC20349,14-02-2022,07:58,Karnataka,Bengaluru Urban,14.8633,76.0807,National Highway,Cloudy,Day,51,Male,Truck,67,No,Yes,No,Drowsy Driving,Medium,0.0
ACC20350,08-06-2022,15:39,Andhra Pradesh,Kurnool,16.323,79.8083,City Road,Clear,Day,67,Male,Car,51,No,Yes,No,Drowsy Driving,Medium,
ACC20351,06-02-2023,14:20,Tamil Nadu,Chennai,11.5126,79.3479,Village Road,Clear,Day,37,Male,Auto,41,No,No,Yes,Signal Jumping,Low,1.0
ACC20352,04-11-2022,19:49,Kerala,Thiruvananthapuram,10.5731,75.5211,Village Road,Clear,Night,33,Male,Auto,47,No,No,Yes,Pothole/Bad Road,Low,0.0
ACC20353,24-10-2022,16:11,Telangana,Nizamabad,17.6594,79.5427,State Highway,Rainy,Day,40,Male,Bike,71,No,No,No,Poor Weather Visibility,Medium,2.0
ACC20354,26-10-2024,14:58,Andhra Pradesh,Guntur,16.0803,79.149,City Road,Clear,Day,38,Male,Truck,25,No,No,No,Signal Jumping,Low,1.0
ACC20355,17-08-2023,09:51,Tamil Nadu,Chennai,11.1505,78.8648,Village Road,Clear,Day,40,Female,Car,40,No,No,Yes,Pothole/Bad Road,Low,0.0
ACC20356,01-05-2024,05:40,Telangana,Khammam,18.3538,78.8883,Village Road,Clear,Dawn,30,Male,Auto,54,No,No,No,Signal Jumping,Medium,1.0
ACC20357,13-07-2024,08:57,Tamil Nadu,Chennai,11.3085,78.5029,Village Road,Cloudy,Day,35,Male,Truck,50,No,Yes,No,Drowsy Driving,Low,3.0
ACC20358,17-08-2022,12:20,Telangana,Hyderabad,17.7449,78.8331,City Road,Clear,Day,25,Male,Bike,52,No,No,No,Signal Jumping,Low,1.0
ACC20359,18-10-2022,21:01,Kerala,Thiruvananthapuram,10.0193,76.2835,State Highway,Clear,Night,22,Male,Bike,82,No,Yes,No,Over Speeding,High,4.0
ACC20360,20-12-2023,14:32,Tamil Nadu,Tiruchirappalli,11.1954,78.6264,Expressway,Overcast,Day,70,Male,Bike,79,No,No,No,Over Speeding,Medium,0.0
ACC20361,08-03-2023,08:56,Andhra Pradesh,Visakhapatnam,15.8608,79.5171,State Highway,Foggy,Day,32,Male,Car,34,No,No,No,Poor Weather Visibility,Low,1.0
ACC20362,16-10-2024,08:05,Telangana,Karimnagar,18.0763,79.1457,Village Road,Rainy,Day,34,Female,Car,51,No,No,No,Poor Weather Visibility,Low,2.0
ACC20363,01-10-2022,16:59,Andhra Pradesh,Visakhapatnam,14.7049,79.7167,City Road,Clear,Day,61,Male,Bike,38,No,No,No,Poor Weather Visibility,Low,1.0
ACC20364,27-09-2024,18:20,Puducherry,Puducherry,12.1503,80.3231,City Road,Cloudy,Dusk,54,Male,Bike,41,No,No,No,Signal Jumping,Low,2.0
ACC20365,12-04-2024,18:24,Karnataka,Bengaluru Urban,15.3723,75.1179,State Highway,Overcast,Dusk,36,Male,Truck,69,No,No,No,Poor Weather Visibility,Low,0.0
ACC20366,03-11-2023,15:02,Tamil Nadu,Salem,10.0974,78.8312,City Road,Clear,Day,40,Male,Car,43,No,No,No,Signal Jumping,Low,0.0
ACC20367,22-07-2024,06:42,Tamil Nadu,Tiruchirappalli,10.9601,78.6448,State Highway,Clear,Day,27,Male,Car,92,Yes,No,No,Over Speeding,High,3.0
ACC20368,22-12-2023,18:38,Kerala,Thrissur,10.2781,75.7052,State Highway,Clear,Dusk,51,Male,Bike,65,No,Yes,Yes,Drowsy Driving,Medium,2.0
ACC20369,05-01-2022,07:01,Karnataka,Bengaluru Urban,15.6064,75.9017,Expressway,Clear,Day,41,Male,Auto,79,No,No,No,Over Speeding,Medium,1.0
ACC20370,30-05-2023,17:03,Karnataka,Mangaluru,15.1233,75.9446,City Road,Rainy,Dusk,49,Male,Bike,53,No,No,No,Poor Weather Visibility,Medium,
ACC20371,16-07-2022,20:53,Kerala,Ernakulam,10.4369,76.3633,State Highway,Foggy,Night,42,Male,Auto,57,No,No,No,Poor Weather Visibility,Medium,3.0
ACC20372,27-06-2023,22:59,Karnataka,Mysuru,15.5368,75.8336,Expressway,Clear,Night,49,Male,Car,115,Yes,Yes,No,Over Speeding,High,6.0
ACC20373,31-10-2022,16:10,Tamil Nadu,Salem,11.5492,78.9677,National Highway,Rainy,Day,32,Male,Bike,67,Yes,No,No,Poor Weather Visibility,Medium,2.0
ACC20374,02-04-2022,14:22,Kerala,Thrissur,11.2284,76.5771,State Highway,Clear,Day,18,Male,Bike,57,No,No,Yes,Pothole/Bad Road,Low,
ACC20375,22-03-2023,19:43,Karnataka,Hubballi,15.5351,76.2844,Village Road,Cloudy,Night,25,Female,Car,35,No,No,Yes,Pothole/Bad Road,Low,0.0
ACC20376,17-02-2023,21:25,Karnataka,Belagavi,15.4561,75.1504,City Road,Clear,Night,29,Female,Truck,57,Yes,No,No,Drunk Driving,Medium,3.0
ACC20377,04-08-2023,21:36,Telangana,Hyderabad,17.6152,78.0166,City Road,Clear,Night,66,Female,Car,68,Yes,No,No,Drunk Driving,Medium,
ACC20378,11-07-2024,18:32,Tamil Nadu,Salem,11.2648,78.0822,Expressway,Clear,Dusk,31,Male,Car,101,No,Yes,No,Over Speeding,High,7.0
ACC20379,14-05-2023,14:32,Andhra Pradesh,Visakhapatnam,16.0778,79.193,National Highway,Clear,Day,66,Male,Car,50,No,No,No,Poor Weather Visibility,Low,1.0
ACC20380,19-04-2023,19:56,Andhra Pradesh,Kurnool,15.2412,78.9931,State Highway,Clear,Night,46,Male,Bike,71,No,No,No,Over Speeding,Low,2.0
ACC20381,05-06-2023,19:49,Karnataka,Bengaluru Urban,15.3515,75.7981,State Highway,Cloudy,Night,42,Male,Car,43,No,No,No,Poor Weather Visibility,Low,3.0
ACC20382,18-05-2024,11:28,Kerala,Ernakulam,10.6293,76.4408,City Road,Clear,Day,21,Male,Bike,54,No,No,No,Poor Weather Visibility,Low,3.0
ACC20383,11-05-2024,11:44,Puducherry,Puducherry,12.0507,79.5071,Village Road,Rainy,Day,48,Male,Truck,43,No,Yes,No,Poor Weather Visibility,Low,0.0
ACC20384,06-04-2023,18:00,Karnataka,Bengaluru Urban,15.2138,75.7328,City Road,Clear,Dusk,24,Male,Bike,41,No,No,Yes,Pothole/Bad Road,Low,1.0
ACC20385,11-10-2023,09:37,Andhra Pradesh,Kurnool,15.9452,80.0129,Village Road,Cloudy,Day,44,Female,Auto,32,No,No,Yes,Pothole/Bad Road,Low,0.0
ACC20386,04-02-2023,20:35,Telangana,Warangal,17.8893,78.7818,Village Road,Cloudy,Night,24,Male,Bus,54,No,No,No,Signal Jumping,Low,2.0
ACC20387,17-10-2024,16:02,Karnataka,Mangaluru,15.9978,75.4148,City Road,Overcast,Day,30,Male,Truck,40,No,No,Yes,Pothole/Bad Road,Low,1.0
ACC20388,20-11-2022,08:32,Puducherry,Karaikal,12.2076,79.9693,State Highway,Clear,Day,38,Male,Bike,71,Yes,No,No,Drunk Driving,High,3.0
ACC20389,25-06-2022,18:04,Andhra Pradesh,Visakhapatnam,15.6978,79.5356,Expressway,Rainy,Dusk,35,Male,Bus,88,No,Yes,No,Over Speeding,High,4.0
ACC20390,04-12-2023,08:34,Kerala,Ernakulam,10.5544,76.3676,National Highway,Clear,Day,56,Male,Bike,62,No,No,No,Over Speeding,Low,
ACC20391,11-10-2022,23:10,Andhra Pradesh,Visakhapatnam,15.9641,80.0594,Village Road,Overcast,Night,27,Female,Car,70,Yes,No,No,Drunk Driving,High,2.0
ACC20392,05-02-2022,16:15,Karnataka,Mangaluru,15.6094,75.5763,City Road,Clear,Day,41,Male,Bike,31,No,No,No,Signal Jumping,Low,1.0
ACC20393,08-01-2023,04:42,Andhra Pradesh,Visakhapatnam,15.8219,79.2933,State Highway,Rainy,Night,29,Male,Auto,71,Yes,No,Yes,Poor Weather Visibility,High,6.0
ACC20394,21-06-2023,23:49,Karnataka,Hubballi,14.9795,75.9481,Expressway,Rainy,Night,37,Male,Bike,79,Yes,No,Yes,Poor Weather Visibility,High,5.0
ACC20395,22-10-2024,06:39,Telangana,Nizamabad,17.5424,78.9729,City Road,Foggy,Day,23,Male,Auto,37,No,No,No,Poor Weather Visibility,Low,0.0
ACC20396,27-12-2022,21:42,Kerala,Thiruvananthapuram,9.8944,75.8381,City Road,Clear,Night,18,Male,Bike,57,No,No,No,Poor Weather Visibility,Medium,
ACC20397,13-07-2024,18:19,Karnataka,Belagavi,15.292,75.8706,City Road,Cloudy,Dusk,39,Male,Truck,26,No,Yes,Yes,Drowsy Driving,Low,0.0
ACC20398,17-07-2024,20:17,Karnataka,Belagavi,15.1849,74.9114,City Road,Clear,Night,40,Female,Bus,50,No,Yes,No,Drowsy Driving,Low,0.0
ACC20399,18-09-2022,21:29,Telangana,Karimnagar,17.2666,79.3894,City Road,Rainy,Night,26,Female,Car,53,No,No,No,Poor Weather Visibility,Medium,4.0
ACC20400,15-04-2024,11:12,Telangana,Warangal,17.647,78.5479,National Highway,Clear,Day,45,Male,Bus,64,No,No,No,Signal Jumping,Low,3.0
ACC20401,30-11-2022,11:11,Kerala,Ernakulam,10.1079,75.6309,City Road,Rainy,Day,33,Female,Bus,43,No,No,No,Poor Weather Visibility,Low,0.0
ACC20402,10-07-2024,20:39,Karnataka,Hubballi,15.2844,74.9057,City Road,Clear,Night,33,Male,Bike,50,Yes,No,No,Drunk Driving,Medium,3.0
ACC20403,07-10-2022,10:37,Karnataka,Hubballi,15.352,75.8649,Village Road,Cloudy,Day,43,Male,Bike,42,No,No,No,Poor Weather Visibility,Low,0.0
ACC20404,30-10-2023,18:04,Puducherry,Karaikal,12.1775,79.3421,City Road,Clear,Dusk,39,Male,Auto,48,No,No,No,Signal Jumping,Low,1.0
ACC20405,24-02-2024,11:43,Tamil Nadu,Tiruchirappalli,10.836,78.7648,City Road,Cloudy,Day,43,Male,Truck,54,No,Yes,Yes,Drowsy Driving,Low,2.0
ACC20406,02-10-2022,08:54,Telangana,Nizamabad,18.0437,78.4971,City Road,Clear,Day,54,Female,Truck,61,No,Yes,No,Drowsy Driving,Low,0.0
ACC20407,02-02-2023,15:18,Telangana,Warangal,17.9749,78.972,National Highway,Rainy,Day,44,Male,Bike,78,No,No,No,Poor Weather Visibility,Medium,
ACC20408,24-10-2023,13:13,Tamil Nadu,Coimbatore,11.3432,77.8038,Village Road,Clear,Day,24,Male,Truck,49,No,No,No,Signal Jumping,Low,0.0
ACC20409,19-06-2024,19:15,Karnataka,Mysuru,15.592,76.1865,City Road,Rainy,Night,42,Male,Bike,57,No,No,No,Poor Weather Visibility,Medium,0.0
ACC20410,07-04-2022,09:46,Kerala,Thiruvananthapuram,10.2031,75.7188,City Road,Rainy,Day,30,Male,Auto,62,Yes,No,No,Poor Weather Visibility,High,4.0
ACC20411,11-03-2023,19:29,Telangana,Warangal,18.3108,78.7353,Village Road,Clear,Night,39,Male,Bike,50,No,Yes,No,Drowsy Driving,Medium,2.0
ACC20412,09-11-2024,17:06,Telangana,Hyderabad,18.3945,78.3658,Village Road,Clear,Dusk,42,Male,Bike,20,No,No,No,Poor Weather Visibility,Low,0.0
ACC20413,06-05-2022,00:55,Puducherry,Puducherry,11.5728,80.4613,State Highway,Clear,Night,38,Male,Bike,71,No,Yes,No,Drowsy Driving,Medium,3.0
ACC20414,15-08-2023,13:39,Karnataka,Bengaluru Urban,14.3159,75.2823,National Highway,Foggy,Day,38,Male,Bus,73,No,No,No,Poor Weather Visibility,Low,2.0
ACC20415,05-08-2024,07:27,Tamil Nadu,Chennai,11.1022,78.6649,State Highway,Clear,Day,44,Male,Bike,89,No,No,No,Over Speeding,High,4.0
ACC20416,09-05-2024,14:53,Kerala,Thrissur,9.4434,75.8827,National Highway,Clear,Day,37,Female,Bike,56,No,No,No,Signal Jumping,Low,2.0
ACC20417,02-08-2023,18:41,Kerala,Kozhikode,10.3696,76.204,City Road,Clear,Dusk,29,Male,Truck,54,No,No,No,Signal Jumping,Low,0.0
ACC20418,22-02-2024,11:40,Andhra Pradesh,Guntur,16.076,79.3557,National Highway,Cloudy,Day,21,Female,Auto,58,No,No,No,Poor Weather Visibility,Medium,0.0
ACC20419,25-12-2023,08:15,Tamil Nadu,Madurai,10.749,78.6492,Village Road,Clear,Day,22,Male,Bike,43,No,No,Yes,Pothole/Bad Road,Low,2.0
ACC20420,28-06-2023,10:10,Andhra Pradesh,Nellore,15.0441,79.8531,Village Road,Overcast,Day,22,Male,Bike,46,No,No,No,Signal Jumping,Medium,2.0
ACC20421,14-05-2024,12:08,Telangana,Karimnagar,18.0198,78.8215,State Highway,Cloudy,Day,18,Male,Bike,31,No,No,No,Poor Weather Visibility,Low,2.0
ACC20422,08-11-2024,10:38,Telangana,Hyderabad,17.6468,78.5999,City Road,Cloudy,Day,29,Male,Car,43,No,No,Yes,Pothole/Bad Road,Low,1.0
ACC20423,30-10-2023,21:17,Telangana,Warangal,17.6258,79.5025,National Highway,Clear,Night,47,Male,Bike,68,No,Yes,No,Drowsy Driving,High,4.0
ACC20424,09-02-2023,14:55,Telangana,Warangal,17.9925,79.2434,State Highway,Foggy,Day,64,Male,Truck,44,No,No,No,Poor Weather Visibility,Medium,1.0
ACC20425,08-03-2024,13:13,Puducherry,Puducherry,11.2097,79.8921,Village Road,Overcast,Day,52,Female,Truck,15,No,No,Yes,Pothole/Bad Road,Low,0.0
ACC20426,17-11-2022,13:35,Tamil Nadu,Chennai,10.8996,78.8704,State Highway,Clear,Day,58,Male,Auto,80,No,No,Yes,Over Speeding,Medium,2.0
ACC20427,14-08-2022,06:49,Telangana,Hyderabad,17.8663,79.2335,National Highway,Cloudy,Day,18,Female,Bike,69,No,No,No,Poor Weather Visibility,High,2.0
ACC20428,09-11-2022,20:14,Karnataka,Belagavi,15.2546,75.8859,National Highway,Overcast,Night,47,Female,Bike,94,Yes,No,No,Over Speeding,High,4.0
ACC20429,03-12-2023,08:45,Karnataka,Hubballi,14.6531,75.9281,Village Road,Clear,Day,23,Male,Car,37,Yes,No,No,Drunk Driving,Low,0.0
ACC20430,17-01-2024,05:00,Karnataka,Mangaluru,15.2169,75.6262,State Highway,Clear,Dawn,39,Male,Auto,60,No,Yes,No,Drowsy Driving,Medium,3.0
ACC20431,04-07-2022,02:24,Telangana,Hyderabad,17.2146,78.983,National Highway,Overcast,Night,38,Male,Truck,93,No,Yes,Yes,Over Speeding,High,6.0
ACC20432,10-05-2022,09:01,Kerala,Thrissur,10.7458,75.873,City Road,Clear,Day,18,Male,Car,52,No,No,No,Signal Jumping,Low,1.0
ACC20433,16-07-2023,07:26,Karnataka,Belagavi,15.4847,75.6204,Village Road,Foggy,Day,42,Female,Auto,47,No,No,No,Poor Weather Visibility,Medium,0.0
ACC20434,25-03-2022,16:24,Karnataka,Belagavi,15.4062,75.1105,City Road,Rainy,Day,42,Male,Car,54,No,No,No,Poor Weather Visibility,Low,0.0
ACC20435,26-04-2023,18:24,Telangana,Khammam,17.9366,79.3034,National Highway,Foggy,Dusk,36,Female,Bike,66,No,No,No,Poor Weather Visibility,Medium,6.0
ACC20436,04-01-2023,22:27,Telangana,Hyderabad,18.0393,79.075,Village Road,Clear,Night,36,Male,Car,52,No,No,No,Poor Weather Visibility,Low,2.0
ACC20437,02-10-2024,14:10,Tamil Nadu,Chennai,11.5273,78.8257,City Road,Rainy,Day,36,Male,Car,50,No,No,No,Poor Weather Visibility,Low,0.0
ACC20438,28-04-2023,10:01,Karnataka,Mysuru,14.921,75.8213,National Highway,Overcast,Day,24,Male,Bike,85,Yes,No,No,Drunk Driving,High,4.0
ACC20439,15-01-2024,20:54,Karnataka,Mysuru,15.4575,75.363,National Highway,Foggy,Night,25,Male,Bus,120,Yes,Yes,No,Over Speeding,High,7.0
ACC20440,26-06-2022,14:28,Tamil Nadu,Chennai,11.1229,78.9395,City Road,Rainy,Day,19,Female,Auto,37,No,No,Yes,Poor Weather Visibility,Medium,0.0
ACC20441,17-04-2024,04:28,Kerala,Thiruvananthapuram,10.392,76.7212,City Road,Clear,Night,36,Male,Car,58,No,No,No,Signal Jumping,Low,2.0
ACC20442,23-11-2022,19:43,Tamil Nadu,Salem,11.7692,78.9826,City Road,Clear,Night,26,Male,Bike,47,No,No,No,Signal Jumping,Low,1.0
ACC20443,11-04-2024,09:41,Kerala,Kollam,9.8556,76.0737,National Highway,Clear,Day,33,Male,Auto,58,No,No,No,Poor Weather Visibility,Low,1.0
ACC20444,19-02-2023,18:39,Telangana,Khammam,17.6009,79.7072,Village Road,Overcast,Dusk,33,Female,Bike,15,No,No,No,Poor Weather Visibility,Low,1.0
ACC20445,07-09-2024,03:00,Telangana,Nizamabad,18.195,79.3364,Expressway,Foggy,Night,32,Male,Car,118,No,Yes,No,Over Speeding,High,6.0
ACC20446,24-01-2022,13:08,Tamil Nadu,Coimbatore,10.961,78.5586,City Road,Rainy,Day,50,Female,Bike,44,No,No,Yes,Poor Weather Visibility,Low,2.0
ACC20447,11-03-2024,16:06,Tamil Nadu,Salem,10.9104,78.1469,City Road,Overcast,Day,33,Male,Car,48,No,No,No,Poor Weather Visibility,Low,0.0
ACC20448,16-07-2024,13:03,Karnataka,Bengaluru Urban,15.9943,75.6476,City Road,Clear,Day,33,Male,Auto,48,No,No,No,Poor Weather Visibility,Low,0.0
ACC20449,06-05-2022,07:28,Andhra Pradesh,Kurnool,15.717,79.7801,National Highway,Rainy,Day,29,Male,Bike,83,No,No,No,Poor Weather Visibility,High,3.0
ACC20450,10-07-2022,18:37,Karnataka,Belagavi,15.8744,75.6347,State Highway,Overcast,Dusk,33,Female,Bus,45,No,No,No,Poor Weather Visibility,Low,0.0
ACC20451,23-03-2022,07:50,Karnataka,Mangaluru,15.3025,75.8498,Expressway,Rainy,Day,33,Male,Bike,87,No,No,Yes,Poor Weather Visibility,High,1.0
ACC20452,18-05-2023,16:23,Karnataka,Mysuru,15.0834,75.6492,City Road,Clear,Day,33,Male,Car,45,No,No,No,Poor Weather Visibility,Low,0.0
ACC20453,08-02-2024,02:39,Tamil Nadu,Madurai,11.3637,78.6532,State Highway,Cloudy,Night,44,Male,Auto,52,Yes,No,No,Drunk Driving,Medium,5.0
ACC20454,10-08-2022,16:13,Telangana,Nizamabad,17.9849,79.0979,National Highway,Foggy,Day,29,Female,Bike,93,No,Yes,No,Poor Weather Visibility,High,6.0
ACC20455,31-05-2024,12:51,Andhra Pradesh,Visakhapatnam,15.342,79.4594,Expressway,Rainy,Day,23,Male,Bike,66,No,No,No,Poor Weather Visibility,Medium,2.0
ACC20456,28-06-2024,07:03,Karnataka,Mangaluru,15.3647,75.125,National Highway,Clear,Day,48,Male,Car,50,No,No,No,Poor Weather Visibility,Low,0.0
ACC20457,29-09-2022,06:05,Andhra Pradesh,Guntur,15.8026,80.292,Expressway,Rainy,Day,44,Male,Car,68,No,No,Yes,Poor Weather Visibility,Medium,1.0
ACC20458,08-04-2023,18:27,Kerala,Thiruvananthapuram,10.9857,76.0032,State Highway,Cloudy,Dusk,23,Male,Car,81,Yes,No,No,Drunk Driving,High,7.0
ACC20459,12-04-2023,18:14,Kerala,Kollam,10.3498,76.2805,Village Road,Cloudy,Dusk,29,Female,Car,51,Yes,No,Yes,Drunk Driving,Medium,4.0
ACC20460,08-09-2024,15:24,Karnataka,Mangaluru,14.9309,76.4135,City Road,Clear,Day,38,Female,Car,48,No,No,No,Signal Jumping,Low,1.0
ACC20461,26-05-2024,21:49,Kerala,Kozhikode,10.3232,75.8601,State Highway,Clear,Night,45,Male,Auto,68,Yes,No,No,Drunk Driving,Medium,1.0
ACC20462,18-11-2024,06:29,Puducherry,Karaikal,11.7663,79.861,City Road,Clear,Day,46,Male,Car,56,No,Yes,Yes,Drowsy Driving,Low,1.0
ACC20463,11-02-2023,15:27,Telangana,Khammam,17.7346,79.3296,City Road,Overcast,Day,22,Male,Truck,50,Yes,No,No,Drunk Driving,Low,2.0
ACC20464,13-07-2023,13:02,Telangana,Nizamabad,18.1552,79.4901,Village Road,Rainy,Day,47,Male,Car,57,No,No,Yes,Poor Weather Visibility,Medium,4.0
ACC20465,05-02-2023,11:57,Tamil Nadu,Madurai,11.1771,78.4876,City Road,Clear,Day,23,Female,Car,41,No,No,No,Signal Jumping,Low,3.0
ACC20466,27-03-2022,18:33,Kerala,Thiruvananthapuram,10.7934,75.8092,Expressway,Clear,Dusk,20,Male,Bike,73,No,No,No,Over Speeding,Medium,2.0
ACC20467,21-11-2023,08:50,Karnataka,Bengaluru Urban,15.7544,76.3893,State Highway,Clear,Day,27,Male,Truck,70,No,No,No,Over Speeding,Low,1.0
ACC20468,18-01-2024,11:48,Tamil Nadu,Salem,11.1703,78.5105,Expressway,Overcast,Day,53,Male,Bike,83,No,No,No,Over Speeding,Medium,1.0
ACC20469,19-11-2024,17:38,Karnataka,Bengaluru Urban,15.1901,76.2483,City Road,Clear,Dusk,49,Male,Car,55,No,No,No,Signal Jumping,Low,0.0
ACC20470,04-09-2023,15:07,Tamil Nadu,Madurai,11.0881,78.2341,City Road,Overcast,Day,24,Male,Bike,42,Yes,No,No,Drunk Driving,Medium,3.0
ACC20471,09-01-2024,22:25,Tamil Nadu,Coimbatore,11.1901,78.1959,Village Road,Foggy,Night,63,Male,Car,54,Yes,No,No,Poor Weather Visibility,High,9.0
ACC20472,14-11-2024,17:33,Telangana,Hyderabad,18.2874,79.4339,State Highway,Cloudy,Dusk,41,Male,Bike,59,No,No,No,Poor Weather Visibility,Medium,3.0