Accident_ID,Date,Time,State,District,Latitude,Longitude,Road_Type,Weather,Light_Condition,Driver_Age,Driver_Gender,Vehicle_Type,Speed_kmph,Alcohol_Involved,Driver_Drowsy,Pothole_Involved,Cause_of_Accident,Severity,Casualties
ACC20473,04-02-2022,17:56,Andhra Pradesh,Vijayawada,16.0191,79.4709,National Highway,Overcast,Dusk,41,Male,Bike,72,No,No,Yes,Pothole/Bad Road,High,7.0
ACC20474,10-06-2023,18:16,Andhra Pradesh,Guntur,15.524,79.2425,City Road,Rainy,Dusk,35,Male,Truck,58,No,No,No,Poor Weather Visibility,Low,0.0
ACC20475,13-07-2023,18:07,Tamil Nadu,Madurai,10.7944,79.0891,City Road,Clear,Dusk,44,Male,Truck,34,No,No,No,Signal Jumping,Low,1.0
ACC20476,11-05-2023,05:44,Tamil Nadu,Chennai,11.175,78.2252,State Highway,Clear,Dawn,32,Male,Car,69,Yes,No,No,Drunk Driving,Medium,5.0
ACC20477,15-07-2023,15:10,Tamil Nadu,Salem,10.5206,78.2031,State Highway,Rainy,Day,47,Male,Truck,69,No,No,No,Poor Weather Visibility,Medium,3.0
ACC20478,08-06-2024,19:08,Tamil Nadu,Tiruchirappalli,11.0706,78.5197,Expressway,Overcast,Night,36,Male,Car,82,No,No,Yes,Over Speeding,High,5.0
ACC20479,06-11-2023,13:50,Tamil Nadu,Tiruchirappalli,11.2928,78.6474,City Road,Clear,Day,24,Male,Truck,43,No,No,Yes,Pothole/Bad Road,Low,2.0
ACC20480,24-07-2023,22:45,Puducherry,Puducherry,11.7965,79.0382,City Road,Clear,Night,41,Female,Car,54,No,No,No,Signal Jumping,Low,
ACC20481,03-03-2022,16:02,Telangana,Karimnagar,17.7816,78.6309,City Road,Clear,Day,18,Male,Bike,51,Yes,No,No,Drunk Driving,Medium,4.0
ACC20482,04-03-2022,14:18,Tamil Nadu,Salem,10.4522,77.5839,National Highway,Clear,Day,31,Male,Bus,74,No,No,No,Signal Jumping,Low,1.0
ACC20483,06-08-2022,20:31,Karnataka,Mysuru,15.7113,75.9337,Village Road,Clear,Night,18,Male,Auto,61,Yes,No,No,Drunk Driving,Medium,3.0
ACC20484,13-07-2023,05:14,Puducherry,Karaikal,11.7927,79.2527,National Highway,Cloudy,Dawn,64,Female,Bus,65,No,No,No,Poor Weather Visibility,Medium,7.0
ACC20485,04-12-2024,11:32,Kerala,Kollam,10.3479,76.0978,City Road,Clear,Day,38,Male,Bus,50,No,Yes,No,Drowsy Driving,Low,2.0
ACC20486,28-10-2022,10:53,Karnataka,Mangaluru,15.5394,75.2921,City Road,Overcast,Day,57,Male,Bike,67,No,No,Yes,Pothole/Bad Road,Low,1.0
ACC20487,03-01-2023,04:30,Kerala,Thrissur,10.583,77.2924,National Highway,Clear,Night,18,Male,Bike,93,No,Yes,No,Over Speeding,High,6.0
ACC20488,07-07-2022,17:31,Karnataka,Belagavi,14.8869,76.115,Expressway,Clear,Dusk,41,Female,Car,62,No,No,No,Signal Jumping,Low,1.0
ACC20489,07-01-2023,08:05,Kerala,Thiruvananthapuram,10.648,76.7847,City Road,Clear,Day,57,Male,Car,47,No,No,No,Poor Weather Visibility,Low,0.0
ACC20490,22-06-2023,13:34,Andhra Pradesh,Vijayawada,15.9351,79.6047,Village Road,Cloudy,Day,34,Male,Auto,37,No,No,No,Signal Jumping,Low,1.0
ACC20491,04-05-2024,08:19,Kerala,Thiruvananthapuram,10.2483,77.0661,Expressway,Overcast,Day,44,Male,Bus,85,No,No,No,Over Speeding,High,6.0
ACC20492,16-03-2024,18:13,Telangana,Karimnagar,17.4837,78.9763,Expressway,Rainy,Dusk,29,Female,Car,89,No,No,No,Over Speeding,High,10.0
ACC20493,24-01-2023,16:47,Tamil Nadu,Coimbatore,11.4531,77.7444,National Highway,Clear,Day,42,Male,Bike,77,No,No,No,Over Speeding,Low,2.0
ACC20494,06-06-2023,07:01,Kerala,Ernakulam,10.8094,76.1133,City Road,Clear,Day,28,Female,Auto,57,No,No,No,Signal Jumping,Medium,7.0
ACC20495,11-10-2022,00:15,Puducherry,Puducherry,11.9815,80.0843,National Highway,Cloudy,Night,32,Male,Bike,67,Yes,No,No,Drunk Driving,High,4.0
ACC20496,02-12-2023,12:48,Tamil Nadu,Salem,10.6289,78.9902,City Road,Clear,Day,31,Male,Car,68,No,Yes,No,Drowsy Driving,Low,0.0
ACC20497,11-01-2024,11:26,Kerala,Kollam,9.7006,76.074,Expressway,Clear,Day,48,Male,Auto,63,No,No,No,Signal Jumping,Medium,2.0
ACC20498,19-07-2022,04:15,Andhra Pradesh,Kurnool,15.4982,79.7053,State Highway,Overcast,Night,23,Male,Truck,66,Yes,No,No,Drunk Driving,Medium,2.0
ACC20499,19-01-2023,12:20,Karnataka,Bengaluru Urban,15.1216,76.1201,Village Road,Clear,Day,29,Male,Auto,37,No,No,No,Poor Weather Visibility,Low,1.0
ACC20500,23-11-2024,16:22,Puducherry,Karaikal,11.6235,78.9548,State Highway,Clear,Day,29,Male,Car,90,No,No,No,Over Speeding,Medium,5.0
ACC20501,19-03-2023,12:08,Kerala,Ernakulam,10.5203,76.51,Village Road,Overcast,Day,46,Male,Truck,53,No,Yes,Yes,Drowsy Driving,Medium,2.0
ACC20502,04-04-2023,18:03,Kerala,Kollam,10.1659,76.0272,State Highway,Rainy,Dusk,54,Female,Car,69,No,No,Yes,Poor Weather Visibility,High,
ACC20503,18-10-2024,18:07,Telangana,Nizamabad,17.5369,78.5314,National Highway,Clear,Dusk,24,Female,Bus,51,No,No,No,Signal Jumping,Low,2.0
ACC20504,13-03-2023,14:33,Tamil Nadu,Chennai,10.9738,78.4311,National Highway,Cloudy,Day,31,Male,Truck,89,Yes,Yes,No,Over Speeding,High,6.0
ACC20505,11-12-2023,08:52,Telangana,Karimnagar,17.9587,78.977,City Road,Cloudy,Day,32,Female,Car,52,No,No,No,Signal Jumping,Low,1.0
ACC20506,05-12-2022,02:31,Tamil Nadu,Chennai,10.2095,78.6579,Expressway,Clear,Night,50,Male,Car,93,Yes,No,No,Over Speeding,High,6.0
ACC20507,29-07-2022,19:57,Karnataka,Mysuru,15.6161,75.6374,City Road,Clear,Night,34,Female,Truck,55,No,No,No,Signal Jumping,Low,1.0
ACC20508,03-12-2022,07:39,Kerala,Thiruvananthapuram,10.3108,76.0138,Village Road,Cloudy,Day,40,Male,Bike,36,No,No,Yes,Pothole/Bad Road,Low,1.0
ACC20509,05-11-2023,19:32,Kerala,Kollam,10.6386,76.6472,City Road,Cloudy,Night,46,Female,Bus,56,No,Yes,No,Drowsy Driving,Medium,4.0
ACC20510,16-07-2022,05:40,Tamil Nadu,Salem,11.624,78.7466,City Road,Foggy,Dawn,19,Male,Bike,62,No,Yes,No,Poor Weather Visibility,High,6.0
ACC20511,02-08-2024,00:53,Karnataka,Belagavi,15.4637,75.8232,State Highway,Overcast,Night,18,Male,Bike,59,No,No,No,Poor Weather Visibility,Medium,3.0
ACC20512,09-11-2023,07:50,Karnataka,Mangaluru,15.0125,75.8134,City Road,Overcast,Day,35,Male,Bus,47,No,No,No,Poor Weather Visibility,Low,1.0
ACC20513,09-01-2022,09:10,Telangana,Karimnagar,17.9342,78.7399,National Highway,Cloudy,Day,30,Male,Truck,44,No,No,No,Poor Weather Visibility,Low,1.0
ACC20514,27-10-2023,03:11,Telangana,Hyderabad,17.7023,78.6255,State Highway,Cloudy,Night,42,Female,Bike,64,No,No,No,Poor Weather Visibility,High,6.0
ACC20515,31-07-2022,00:21,Kerala,Thrissur,10.1431,76.6297,City Road,Cloudy,Night,58,Male,Bike,46,No,No,No,Poor Weather Visibility,Low,1.0
ACC20516,04-12-2024,19:58,Telangana,Warangal,17.5235,79.7084,Village Road,Clear,Night,18,Male,Bike,50,Yes,No,No,Drunk Driving,High,8.0
ACC20517,24-05-2022,11:05,Telangana,Warangal,18.6663,79.2218,Expressway,Rainy,Day,18,Male,Bus,104,Yes,No,Yes,Over Speeding,High,5.0
ACC20518,01-03-2024,05:18,Karnataka,Hubballi,15.577,75.9484,Village Road,Cloudy,Dawn,31,Female,Bus,53,No,No,No,Signal Jumping,Low,1.0
ACC20519,16-09-2024,19:43,Tamil Nadu,Tiruchirappalli,10.9675,77.8998,Village Road,Cloudy,Night,29,Female,Auto,33,No,No,No,Poor Weather Visibility,Low,2.0
ACC20520,03-06-2022,15:24,Kerala,Ernakulam,9.755,76.6257,National Highway,Clear,Day,21,Male,Bike,80,No,No,No,Over Speeding,Medium,5.0
ACC20521,28-10-2024,19:02,Karnataka,Belagavi,15.0165,76.0939,City Road,Clear,Night,41,Female,Bike,50,No,No,Yes,Signal Jumping,Low,1.0
ACC20522,07-10-2022,23:06,Tamil Nadu,Salem,11.8602,78.232,City Road,Rainy,Night,35,Male,Bus,40,No,Yes,No,Poor Weather Visibility,Medium,0.0
ACC20523,06-11-2024,17:59,Puducherry,Puducherry,11.4715,79.9301,City Road,Clear,Dusk,34,Male,Bike,55,No,Yes,No,Drowsy Driving,Low,0.0
ACC20524,22-07-2024,08:24,Puducherry,Puducherry,12.3673,79.9187,City Road,Rainy,Day,38,Male,Car,47,No,No,No,Poor Weather Visibility,Low,0.0
ACC20525,27-12-2023,12:09,Kerala,Ernakulam,10.1338,76.322,National Highway,Clear,Day,42,Female,Car,56,No,No,No,Signal Jumping,Low,0.0
ACC20526,10-04-2024,03:56,Kerala,Ernakulam,9.8908,76.1616,State Highway,Foggy,Night,18,Male,Car,70,Yes,No,No,Poor Weather Visibility,High,4.0
ACC20527,29-10-2022,22:18,Andhra Pradesh,Guntur,17.0668,79.0401,Expressway,Clear,Night,29,Male,Bike,86,No,No,No,Over Speeding,Medium,3.0
ACC20528,11-03-2024,22:44,Telangana,Warangal,17.1221,79.6678,State Highway,Clear,Night,22,Male,Bike,71,Yes,No,Yes,Drunk Driving,High,3.0
ACC20529,07-12-2024,22:55,Kerala,Thrissur,10.4753,76.0967,City Road,Cloudy,Night,44,Male,Auto,43,Yes,No,No,Drunk Driving,Medium,2.0
ACC20530,23-05-2024,08:32,Kerala,Kollam,9.7186,76.1157,Expressway,Cloudy,Day,60,Female,Car,80,No,No,No,Over Speeding,Medium,1.0
ACC20531,18-08-2022,21:12,Tamil Nadu,Madurai,11.0399,78.3895,National Highway,Clear,Night,35,Male,Bus,86,Yes,Yes,No,Over Speeding,High,5.0
ACC20532,25-03-2024,05:41,Karnataka,Mysuru,15.1714,75.4745,National Highway,Clear,Dawn,48,Male,Bike,70,Yes,No,No,Drunk Driving,High,8.0
ACC20533,05-06-2022,06:55,Kerala,Kozhikode,9.6951,77.205,National Highway,Rainy,Day,31,Male,Auto,75,No,No,Yes,Poor Weather Visibility,High,3.0
ACC20534,02-09-2024,01:45,Tamil Nadu,Salem,11.2543,79.2621,City Road,Foggy,Night,29,Male,Car,61,Yes,Yes,No,Poor Weather Visibility,High,4.0
ACC20535,02-05-2022,19:55,Tamil Nadu,Salem,11.6043,77.5458,City Road,Clear,Night,28,Male,Car,29,No,No,No,Signal Jumping,Low,0.0
ACC20536,14-11-2023,09:57,Karnataka,Bengaluru Urban,15.6369,75.8513,City Road,Clear,Day,25,Male,Car,43,No,No,No,Signal Jumping,Low,0.0
ACC20537,24-10-2024,17:47,Andhra Pradesh,Guntur,15.8767,79.6344,State Highway,Clear,Dusk,54,Male,Truck,54,No,No,No,Signal Jumping,Low,1.0
ACC20538,16-02-2024,01:24,Karnataka,Mangaluru,15.4491,75.8027,National Highway,Clear,Night,18,Male,Bike,62,No,No,No,Signal Jumping,Low,2.0
ACC20539,17-12-2022,18:20,Telangana,Nizamabad,17.3257,79.2665,National Highway,Cloudy,Dusk,29,Male,Bike,66,No,No,No,Poor Weather Visibility,Medium,4.0
ACC20540,18-11-2023,10:27,Andhra Pradesh,Guntur,15.4874,79.9475,City Road,Overcast,Day,27,Male,Bike,56,Yes,No,No,Drunk Driving,Medium,1.0
ACC20541,17-10-2023,21:34,Andhra Pradesh,Kurnool,15.7703,79.3709,Village Road,Clear,Night,32,Male,Car,58,No,No,No,Signal Jumping,Medium,5.0
ACC20542,22-11-2023,15:31,Telangana,Karimnagar,18.2274,78.6419,National Highway,Cloudy,Day,20,Male,Car,82,Yes,No,No,Drunk Driving,High,
ACC20543,29-05-2022,19:56,Tamil Nadu,Coimbatore,11.3895,78.7865,National Highway,Clear,Night,43,Female,Bike,84,No,No,No,Over Speeding,High,
ACC20544,27-03-2024,20:20,Tamil Nadu,Chennai,11.0317,77.5798,National Highway,Rainy,Night,33,Male,Car,99,Yes,No,No,Over Speeding,High,3.0
ACC20545,28-12-2022,11:46,Telangana,Nizamabad,17.617,78.7527,Village Road,Cloudy,Day,35,Female,Car,34,No,No,Yes,Pothole/Bad Road,Low,1.0
ACC20546,23-07-2022,16:44,Telangana,Khammam,18.1588,79.3086,National Highway,Rainy,Day,20,Female,Auto,85,No,No,No,Poor Weather Visibility,High,8.0
ACC20547,02-07-2022,18:06,Tamil Nadu,Tiruchirappalli,10.8857,77.4134,City Road,Clear,Dusk,18,Male,Bike,36,Yes,No,Yes,Drunk Driving,Low,1.0
ACC20548,21-10-2024,16:21,Andhra Pradesh,Guntur,15.3771,80.488,Expressway,Overcast,Day,30,Male,Car,90,Yes,No,No,Over Speeding,High,1.0
ACC20549,01-02-2022,11:01,Tamil Nadu,Tiruchirappalli,10.7183,78.9901,City Road,Clear,Day,64,Male,Bike,44,Yes,No,Yes,Drunk Driving,Medium,4.0
ACC20550,26-03-2023,20:21,Tamil Nadu,Chennai,11.8463,79.3395,State Highway,Cloudy,Night,25,Male,Bike,30,No,No,No,Poor Weather Visibility,Low,1.0
ACC20551,08-02-2022,22:05,Tamil Nadu,Madurai,11.1571,78.9104,Village Road,Cloudy,Night,34,Male,Auto,66,Yes,No,Yes,Drunk Driving,High,9.0
ACC20552,22-09-2022,18:46,Karnataka,Hubballi,16.0546,74.9021,National Highway,Clear,Dusk,42,Female,Auto,63,No,No,No,Over Speeding,Medium,2.0
ACC20553,11-07-2023,21:41,Karnataka,Belagavi,14.8701,75.4507,National Highway,Rainy,Night,42,Male,Bike,67,No,No,Yes,Poor Weather Visibility,Medium,5.0
ACC20554,01-07-2022,09:26,Telangana,Karimnagar,17.3899,79.3234,State Highway,Clear,Day,19,Male,Auto,49,No,No,No,Signal Jumping,Low,0.0
ACC20555,15-03-2023,21:18,Karnataka,Mangaluru,15.3705,75.9616,State Highway,Clear,Night,20,Male,Car,61,No,No,No,Over Speeding,Low,1.0
ACC20556,25-01-2022,07:27,Tamil Nadu,Tiruchirappalli,10.6457,78.3771,National Highway,Cloudy,Day,43,Male,Car,63,No,No,No,Poor Weather Visibility,Low,1.0
ACC20557,30-07-2022,13:27,Karnataka,Mysuru,15.0961,75.9154,State Highway,Overcast,Day,38,Female,Bike,63,No,No,No,Poor Weather Visibility,Low,3.0
ACC20558,03-10-2023,12:34,Tamil Nadu,Coimbatore,10.9702,78.7215,Expressway,Rainy,Day,18,Male,Car,76,No,No,No,Poor Weather Visibility,Medium,1.0
ACC20559,27-03-2023,04:12,Tamil Nadu,Coimbatore,11.2215,78.0559,State Highway,Rainy,Night,18,Male,Truck,81,No,No,No,Poor Weather Visibility,Medium,6.0
ACC20560,21-09-2024,21:50,Karnataka,Belagavi,15.6569,75.5168,City Road,Rainy,Night,48,Male,Car,68,Yes,No,No,Poor Weather Visibility,High,1.0
ACC20561,13-04-2023,11:18,Kerala,Thiruvananthapuram,10.2435,76.6148,City Road,Cloudy,Day,32,Male,Car,40,No,No,No,Poor Weather Visibility,Low,0.0
ACC20562,03-07-2023,10:41,Karnataka,Mysuru,15.3691,76.4714,City Road,Foggy,Day,33,Male,Truck,40,No,No,No,Poor Weather Visibility,Low,0.0
ACC20563,03-12-2023,17:55,Karnataka,Belagavi,15.2931,75.3905,Expressway,Clear,Dusk,34,Male,Car,82,No,No,No,Over Speeding,Medium,5.0
ACC20564,23-02-2022,10:06,Tamil Nadu,Salem,11.5918,79.1873,National Highway,Clear,Day,18,Male,Truck,77,No,No,No,Over Speeding,Medium,4.0
ACC20565,04-03-2024,16:42,Andhra Pradesh,Visakhapatnam,15.8892,79.8633,City Road,Rainy,Day,40,Male,Bike,36,No,No,Yes,Poor Weather Visibility,Low,1.0
ACC20566,24-03-2024,10:02,Karnataka,Belagavi,14.4288,76.1244,State Highway,Clear,Day,45,Male,Car,34,No,No,No,Signal Jumping,Low,3.0
ACC20567,10-05-2022,15:54,Tamil Nadu,Tiruchirappalli,11.0699,78.8108,City Road,Rainy,Day,34,Male,Bus,44,No,No,No,Poor Weather Visibility,Low,
ACC20568,21-03-2023,20:43,Kerala,Kollam,10.3623,76.9455,Expressway,Overcast,Night,57,Male,Car,94,Yes,No,No,Over Speeding,High,5.0
ACC20569,23-10-2022,03:38,Tamil Nadu,Coimbatore,11.049,78.0548,National Highway,Rainy,Night,35,Male,Auto,85,Yes,No,No,Poor Weather Visibility,High,5.0
ACC20570,05-05-2023,11:19,Karnataka,Hubballi,15.2912,75.9806,State Highway,Clear,Day,39,Male,Bike,64,Yes,No,No,Drunk Driving,Medium,2.0
ACC20571,12-02-2023,15:49,Tamil Nadu,Coimbatore,11.3557,79.1001,Expressway,Clear,Day,34,Male,Bus,74,No,No,No,Over Speeding,Medium,
ACC20572,05-04-2023,00:09,Telangana,Hyderabad,18.7293,79.0614,City Road,Clear,Night,28,Male,Car,38,No,Yes,Yes,Drowsy Driving,Medium,4.0
ACC20573,10-10-2022,20:28,Karnataka,Belagavi,15.1775,75.3321,National Highway,Cloudy,Night,39,Male,Car,60,No,No,No,Poor Weather Visibility,Low,2.0
ACC20574,24-05-2022,19:22,Telangana,Karimnagar,17.3988,78.6924,National Highway,Clear,Night,31,Male,Car,62,No,No,No,Signal Jumping,Medium,2.0
ACC20575,30-06-2022,11:05,Karnataka,Mysuru,14.6205,75.8246,State Highway,Clear,Day,19,Male,Truck,73,No,No,No,Over Speeding,Medium,3.0
ACC20576,22-02-2022,15:00,Tamil Nadu,Coimbatore,10.9156,79.1279,City Road,Clear,Day,55,Male,Car,52,No,No,No,Signal Jumping,Low,1.0
ACC20577,14-06-2022,11:55,Andhra Pradesh,Vijayawada,15.9587,79.5966,City Road,Cloudy,Day,40,Male,Bus,51,No,No,Yes,Pothole/Bad Road,Low,1.0
ACC20578,21-07-2023,11:45,Andhra Pradesh,Visakhapatnam,15.4719,79.302,Village Road,Rainy,Day,44,Female,Auto,41,No,No,No,Poor Weather Visibility,Low,1.0
ACC20579,04-09-2024,19:34,Telangana,Karimnagar,17.8265,79.5754,Village Road,Cloudy,Night,35,Male,Auto,48,No,Yes,No,Drowsy Driving,Low,0.0
ACC20580,27-10-2023,23:22,Tamil Nadu,Salem,11.2682,78.633,Village Road,Cloudy,Night,32,Male,Truck,15,No,Yes,Yes,Drowsy Driving,Low,0.0
ACC20581,11-10-2023,05:42,Telangana,Khammam,17.5877,78.8795,National Highway,Rainy,Dawn,29,Female,Car,46,No,No,No,Poor Weather Visibility,Low,4.0
ACC20582,29-08-2023,06:36,Telangana,Karimnagar,18.6388,78.5614,National Highway,Clear,Day,35,Male,Bike,42,No,No,No,Signal Jumping,Low,1.0
ACC20583,28-02-2024,11:44,Karnataka,Mangaluru,15.1334,75.5607,City Road,Foggy,Day,41,Male,Car,42,No,No,No,Poor Weather Visibility,Low,3.0
ACC20584,13-08-2023,11:19,Karnataka,Mysuru,15.245,75.3234,State Highway,Rainy,Day,32,Male,Car,88,No,No,No,Over Speeding,High,6.0
ACC20585,28-11-2023,17:11,Kerala,Thrissur,10.5014,76.5099,National Highway,Foggy,Dusk,40,Female,Car,72,No,No,No,Poor Weather Visibility,Medium,7.0
ACC20586,24-12-2023,14:25,Karnataka,Mangaluru,15.9908,75.9412,City Road,Rainy,Day,45,Male,Bike,23,No,No,No,Poor Weather Visibility,Low,3.0
ACC20587,27-02-2022,15:29,Telangana,Warangal,18.6868,79.348,Village Road,Overcast,Day,27,Male,Bike,51,No,No,No,Poor Weather Visibility,Low,1.0
ACC20588,18-05-2022,13:18,Andhra Pradesh,Guntur,15.0975,79.3799,National Highway,Rainy,Day,50,Male,Car,69,No,No,No,Poor Weather Visibility,Medium,
ACC20589,30-06-2023,15:51,Telangana,Karimnagar,18.1251,78.3068,Expressway,Clear,Day,35,Male,Auto,102,No,No,No,Over Speeding,High,6.0
ACC20590,12-07-2023,23:37,Karnataka,Mangaluru,15.9824,75.6903,State Highway,Cloudy,Night,46,Male,Car,64,No,No,No,Poor Weather Visibility,Low,0.0
ACC20591,09-07-2023,10:07,Kerala,Kollam,10.3885,76.0985,Village Road,Clear,Day,57,Female,Car,29,No,No,Yes,Pothole/Bad Road,Low,0.0
ACC20592,12-06-2024,05:50,Tamil Nadu,Coimbatore,10.4256,78.347,City Road,Cloudy,Dawn,36,Male,Auto,41,No,No,No,Poor Weather Visibility,Low,1.0
ACC20593,22-10-2022,16:20,Karnataka,Bengaluru Urban,15.2016,75.4415,State Highway,Clear,Day,29,Female,Bike,71,No,Yes,No,Drowsy Driving,Medium,6.0
ACC20594,17-08-2024,06:28,Andhra Pradesh,Visakhapatnam,15.1597,79.4454,Village Road,Clear,Day,47,Female,Bus,29,No,No,No,Poor Weather Visibility,Low,0.0
ACC20595,16-07-2024,07:34,Telangana,Hyderabad,17.6825,79.3706,City Road,Clear,Day,39,Male,Auto,43,No,No,No,Poor Weather Visibility,Low,1.0
ACC20596,24-03-2023,13:25,Tamil Nadu,Coimbatore,10.7752,78.7371,National Highway,Clear,Day,55,Male,Car,60,No,Yes,No,Drowsy Driving,Medium,3.0
ACC20597,04-04-2023,10:45,Tamil Nadu,Madurai,11.102,78.6317,State Highway,Clear,Day,47,Male,Car,51,No,No,No,Signal Jumping,Low,0.0
ACC20598,02-01-2022,20:41,Tamil Nadu,Salem,11.5601,78.6443,Village Road,Cloudy,Night,47,Female,Bike,46,No,Yes,Yes,Drowsy Driving,Medium,5.0
ACC20599,25-07-2022,04:31,Karnataka,Belagavi,15.0853,74.8465,State Highway,Clear,Night,26,Male,Truck,90,Yes,Yes,Yes,Over Speeding,High,6.0
ACC20600,21-01-2023,20:40,Telangana,Nizamabad,18.3883,79.2874,State Highway,Overcast,Night,44,Male,Truck,69,No,No,No,Poor Weather Visibility,Medium,2.0
ACC20601,08-03-2022,09:04,Tamil Nadu,Tiruchirappalli,10.8876,79.6414,State Highway,Clear,Day,30,Male,Bus,62,No,No,Yes,Pothole/Bad Road,Low,0.0
ACC20602,05-07-2022,18:17,Kerala,Kozhikode,10.0129,77.0205,State Highway,Foggy,Dusk,44,Female,Truck,68,No,No,No,Poor Weather Visibility,High,8.0
ACC20603,09-11-2022,07:42,Kerala,Kozhikode,10.347,76.1102,National Highway,Cloudy,Day,26,Male,Bike,64,No,No,No,Poor Weather Visibility,Medium,4.0
ACC20604,15-07-2024,08:46,Telangana,Warangal,17.7315,78.9856,Village Road,Clear,Day,58,Female,Car,47,No,No,No,Signal Jumping,Low,1.0
ACC20605,26-11-2024,16:16,Tamil Nadu,Chennai,11.1525,77.894,City Road,Cloudy,Day,55,Male,Car,41,No,No,Yes,Pothole/Bad Road,Low,0.0
ACC20606,15-04-2023,20:42,Tamil Nadu,Coimbatore,11.1999,79.1691,City Road,Overcast,Night,40,Male,Truck,40,Yes,No,No,Drunk Driving,Medium,8.0
ACC20607,01-12-2023,17:08,Kerala,Thiruvananthapuram,9.739,76.156,National Highway,Foggy,Dusk,18,Male,Bike,68,No,No,No,Poor Weather Visibility,High,8.0
ACC20608,22-01-2023,20:36,Karnataka,Belagavi,15.6158,76.2313,National Highway,Clear,Night,41,Female,Car,73,Yes,No,No,Drunk Driving,High,5.0
ACC20609,28-10-2024,15:11,Karnataka,Hubballi,15.1413,75.5094,Village Road,Foggy,Day,31,Female,Bike,36,No,No,Yes,Poor Weather Visibility,Low,0.0
ACC20610,27-02-2022,18:21,Andhra Pradesh,Vijayawada,16.1863,79.1231,Village Road,Clear,Dusk,39,Male,Car,38,No,No,No,Poor Weather Visibility,Low,1.0
ACC20611,27-09-2024,09:22,Andhra Pradesh,Nellore,16.0754,79.5726,City Road,Clear,Day,28,Male,Bike,71,No,No,Yes,Pothole/Bad Road,Medium,4.0
ACC20612,16-07-2024,11:36,Tamil Nadu,Coimbatore,10.8833,78.5749,State Highway,Clear,Day,45,Male,Auto,52,No,No,No,Signal Jumping,Low,2.0
ACC20613,07-11-2023,13:27,Kerala,Kollam,9.7095,76.1496,City Road,Cloudy,Day,34,Female,Car,50,No,No,No,Poor Weather Visibility,Low,1.0
ACC20614,13-02-2022,09:33,Telangana,Khammam,18.2844,78.412,Village Road,Clear,Day,28,Female,Car,57,No,No,No,Signal Jumping,Low,0.0
ACC20615,25-03-2022,14:57,Telangana,Khammam,17.619,79.2226,State Highway,Rainy,Day,35,Female,Truck,56,No,No,No,Poor Weather Visibility,Low,0.0
ACC20616,17-05-2023,07:10,Tamil Nadu,Salem,10.07,78.4322,City Road,Clear,Day,26,Male,Bike,71,Yes,No,No,Drunk Driving,Medium,2.0
ACC20617,19-06-2023,19:59,Telangana,Karimnagar,18.21,79.1971,Expressway,Clear,Night,48,Male,Auto,109,Yes,Yes,No,Over Speeding,High,12.0
ACC20618,18-02-2023,21:59,Tamil Nadu,Chennai,10.8319,78.3119,State Highway,Clear,Night,49,Male,Bike,89,No,Yes,No,Over Speeding,High,
ACC20619,29-12-2022,18:24,Andhra Pradesh,Kurnool,16.0829,79.3948,State Highway,Clear,Dusk,25,Male,Bus,72,No,No,No,Over Speeding,Medium,2.0
ACC20620,07-02-2022,08:44,Kerala,Ernakulam,10.2253,75.8104,City Road,Overcast,Day,32,Female,Bus,28,No,No,No,Poor Weather Visibility,Low,0.0
ACC20621,23-04-2023,11:31,Telangana,Nizamabad,18.2826,78.7199,National Highway,Cloudy,Day,27,Male,Bike,69,No,No,No,Poor Weather Visibility,Medium,1.0
ACC20622,11-03-2023,18:27,Andhra Pradesh,Visakhapatnam,15.5849,79.3789,National Highway,Rainy,Dusk,36,Female,Bike,68,No,No,No,Poor Weather Visibility,Medium,2.0
ACC20623,23-05-2024,10:16,Tamil Nadu,Salem,11.1297,77.9377,City Road,Clear,Day,34,Female,Car,49,No,No,No,Poor Weather Visibility,Low,0.0
ACC20624,02-12-2024,05:57,Andhra Pradesh,Visakhapatnam,16.1903,80.0664,National Highway,Cloudy,Dawn,21,Male,Car,48,Yes,No,No,Drunk Driving,High,7.0
ACC20625,07-10-2024,12:45,Karnataka,Bengaluru Urban,15.4063,75.8415,Village Road,Rainy,Day,25,Male,Auto,43,No,No,No,Poor Weather Visibility,Low,0.0
ACC20626,28-09-2024,17:53,Telangana,Khammam,18.4141,77.8583,City Road,Cloudy,Dusk,29,Female,Auto,28,No,No,No,Poor Weather Visibility,Low,1.0
ACC20627,23-02-2024,19:56,Tamil Nadu,Madurai,10.5463,78.1518,State Highway,Rainy,Night,44,Male,Bike,70,No,Yes,Yes,Poor Weather Visibility,High,2.0
ACC20628,13-03-2023,05:12,Karnataka,Belagavi,14.9684,75.8071,City Road,Clear,Dawn,50,Male,Bike,52,No,No,No,Poor Weather Visibility,Low,2.0
ACC20629,14-05-2022,13:41,Andhra Pradesh,Kurnool,16.1637,80.0504,Expressway,Rainy,Day,27,Male,Truck,70,No,No,No,Poor Weather Visibility,Medium,4.0
ACC20630,18-11-2024,07:02,Tamil Nadu,Chennai,11.373,79.206,Expressway,Clear,Day,71,Male,Bus,73,No,No,No,Over Speeding,Medium,5.0