Accident_ID,Date,Time,State,District,Latitude,Longitude,Road_Type,Weather,Light_Condition,Driver_Age,Driver_Gender,Vehicle_Type,Speed_kmph,Alcohol_Involved,Driver_Drowsy,Pothole_Involved,Cause_of_Accident,Severity,Casualties
ACC20631,03-12-2022,15:55,Andhra Pradesh,Nellore,15.6704,80.2331,Village Road,Clear,Day,44,Male,Bike,49,No,No,No,Poor Weather Visibility,Low,1.0
ACC20632,30-10-2022,13:42,Andhra Pradesh,Visakhapatnam,15.8193,79.8014,National Highway,Clear,Day,47,Male,Auto,73,No,No,No,Over Speeding,High,6.0
ACC20633,22-10-2022,05:37,Andhra Pradesh,Vijayawada,16.2256,79.4511,State Highway,Cloudy,Dawn,44,Female,Bike,65,No,No,No,Signal Jumping,Low,0.0
ACC20634,02-01-2024,09:18,Telangana,Karimnagar,17.809,78.6503,Expressway,Overcast,Day,44,Male,Auto,83,No,No,Yes,Over Speeding,High,8.0
ACC20635,26-03-2024,22:10,Karnataka,Mangaluru,15.4753,75.7114,City Road,Clear,Night,37,Male,Bus,65,Yes,Yes,No,Drunk Driving,Medium,3.0
ACC20636,24-09-2022,12:21,Tamil Nadu,Coimbatore,11.1661,78.3013,State Highway,Cloudy,Day,36,Male,Bus,76,Yes,No,No,Drunk Driving,High,10.0
ACC20637,11-04-2022,14:56,Karnataka,Bengaluru Urban,15.5459,75.6453,City Road,Rainy,Day,37,Male,Truck,40,No,No,No,Poor Weather Visibility,Low,1.0
ACC20638,11-10-2023,23:34,Karnataka,Bengaluru Urban,15.2644,75.766,City Road,Clear,Night,28,Male,Auto,63,No,No,No,Signal Jumping,Low,2.0
ACC20639,27-03-2024,15:05,Tamil Nadu,Coimbatore,10.3403,79.1223,Expressway,Cloudy,Day,43,Male,Bike,94,No,No,No,Over Speeding,High,7.0
ACC20640,11-03-2023,10:01,Andhra Pradesh,Visakhapatnam,15.9407,80.326,City Road,Clear,Day,22,Male,Bike,33,No,No,Yes,Pothole/Bad Road,Low,2.0
ACC20641,19-07-2023,13:27,Tamil Nadu,Coimbatore,10.8336,78.4721,National Highway,Clear,Day,43,Male,Bus,54,No,No,Yes,Pothole/Bad Road,Low,1.0
ACC20642,18-12-2024,08:34,Tamil Nadu,Tiruchirappalli,11.5448,77.9762,State Highway,Clear,Day,45,Female,Auto,56,No,No,Yes,Pothole/Bad Road,Medium,3.0
ACC20643,20-03-2024,21:10,Telangana,Karimnagar,18.9921,78.6204,Village Road,Clear,Night,31,Male,Bus,56,No,Yes,No,Drowsy Driving,Medium,5.0
ACC20644,06-06-2022,16:02,Telangana,Khammam,18.2608,79.5823,National Highway,Rainy,Day,41,Male,Car,72,No,No,Yes,Poor Weather Visibility,High,3.0
ACC20645,15-03-2023,10:42,Karnataka,Bengaluru Urban,15.1531,75.9463,State Highway,Cloudy,Day,57,Male,Bike,80,No,No,No,Over Speeding,Medium,2.0
ACC20646,17-02-2023,00:53,Karnataka,Mangaluru,15.2666,76.2492,City Road,Clear,Night,25,Female,Bike,40,No,No,No,Signal Jumping,Low,0.0
ACC20647,20-03-2022,15:47,Telangana,Karimnagar,17.7909,78.763,Expressway,Clear,Day,45,Male,Car,70,No,No,No,Over Speeding,Low,1.0
ACC20648,25-04-2024,15:28,Kerala,Thiruvananthapuram,10.3874,76.5414,State Highway,Clear,Day,26,Male,Auto,54,No,No,No,Poor Weather Visibility,Low,2.0
ACC20649,30-06-2024,02:45,Karnataka,Mangaluru,15.2598,75.5784,City Road,Clear,Night,34,Male,Truck,44,No,No,No,Poor Weather Visibility,Low,2.0
ACC20650,08-01-2022,21:05,Karnataka,Mysuru,14.8221,75.3414,Village Road,Rainy,Night,26,Male,Car,41,Yes,No,Yes,Poor Weather Visibility,Medium,1.0
ACC20651,11-10-2022,08:26,Telangana,Khammam,17.804,79.1735,State Highway,Clear,Day,18,Male,Truck,86,No,Yes,No,Over Speeding,High,4.0
ACC20652,21-06-2023,10:15,Tamil Nadu,Madurai,11.3715,78.6785,National Highway,Cloudy,Day,24,Male,Car,87,Yes,No,No,Over Speeding,High,5.0
ACC20653,11-10-2023,10:49,Puducherry,Puducherry,12.1119,80.2292,Expressway,Cloudy,Day,35,Male,Car,72,No,No,No,Poor Weather Visibility,Medium,3.0
ACC20654,23-03-2023,22:49,Kerala,Ernakulam,10.3811,76.9748,National Highway,Rainy,Night,35,Male,Bike,84,Yes,Yes,Yes,Poor Weather Visibility,High,
ACC20655,29-09-2023,15:25,Tamil Nadu,Coimbatore,11.397,79.1061,National Highway,Overcast,Day,18,Male,Bike,74,No,No,No,Over Speeding,Medium,3.0
ACC20656,15-05-2024,18:32,Telangana,Karimnagar,17.1187,78.4318,National Highway,Clear,Dusk,26,Male,Bike,56,No,No,No,Poor Weather Visibility,Low,1.0
ACC20657,19-06-2023,10:06,Tamil Nadu,Chennai,11.0846,77.2891,National Highway,Clear,Day,33,Female,Bus,67,No,No,No,Signal Jumping,Low,0.0
ACC20658,19-10-2023,20:58,Karnataka,Belagavi,14.7051,75.6391,City Road,Clear,Night,48,Male,Bus,46,Yes,No,Yes,Drunk Driving,Low,2.0
ACC20659,02-12-2024,20:45,Kerala,Thrissur,10.4237,75.7911,Village Road,Clear,Night,30,Male,Bike,42,No,No,No,Signal Jumping,Low,0.0
ACC20660,08-09-2022,09:23,Karnataka,Mysuru,15.8698,75.6222,Village Road,Clear,Day,34,Male,Bike,47,Yes,Yes,No,Drunk Driving,Medium,3.0
ACC20661,28-05-2024,22:58,Telangana,Warangal,18.0926,78.5725,National Highway,Cloudy,Night,40,Male,Auto,77,No,No,No,Over Speeding,High,7.0
ACC20662,07-05-2022,10:48,Andhra Pradesh,Visakhapatnam,15.4211,79.9898,State Highway,Clear,Day,48,Female,Car,59,No,No,No,Over Speeding,Low,2.0
ACC20663,05-11-2024,10:10,Tamil Nadu,Chennai,11.0132,78.2021,National Highway,Overcast,Day,18,Male,Car,76,No,No,No,Over Speeding,Medium,2.0
ACC20664,13-02-2023,17:30,Tamil Nadu,Coimbatore,10.3199,78.5019,City Road,Clear,Dusk,35,Male,Auto,51,No,No,No,Signal Jumping,Low,0.0
ACC20665,14-02-2024,12:30,Tamil Nadu,Salem,11.8072,78.5233,Village Road,Clear,Day,24,Male,Bike,50,Yes,No,No,Drunk Driving,Medium,3.0
ACC20666,08-05-2024,15:55,Kerala,Kozhikode,10.6668,76.9196,Village Road,Cloudy,Day,46,Male,Car,44,No,No,No,Poor Weather Visibility,Low,1.0
ACC20667,09-05-2022,17:24,Tamil Nadu,Coimbatore,11.3374,78.3063,City Road,Overcast,Dusk,46,Female,Car,37,No,No,No,Poor Weather Visibility,Low,2.0
ACC20668,19-11-2022,18:33,Kerala,Thiruvananthapuram,11.111,75.369,City Road,Rainy,Dusk,35,Male,Auto,70,No,No,No,Poor Weather Visibility,Medium,1.0
ACC20669,08-04-2022,06:42,Telangana,Hyderabad,17.7234,79.0971,State Highway,Clear,Day,25,Female,Bike,89,Yes,No,No,Over Speeding,High,8.0
ACC20670,30-06-2023,22:43,Telangana,Hyderabad,17.5035,78.4868,National Highway,Cloudy,Night,53,Male,Bus,87,No,No,No,Over Speeding,High,5.0
ACC20671,11-11-2024,13:12,Tamil Nadu,Salem,11.3344,78.6919,Village Road,Cloudy,Day,49,Male,Bike,56,No,No,Yes,Pothole/Bad Road,Medium,4.0
ACC20672,26-02-2022,14:50,Karnataka,Bengaluru Urban,15.6178,75.619,City Road,Clear,Day,51,Male,Car,67,Yes,No,No,Drunk Driving,Medium,5.0
ACC20673,29-06-2024,10:31,Karnataka,Mangaluru,15.1509,75.8444,State Highway,Rainy,Day,47,Male,Car,67,No,No,No,Poor Weather Visibility,Medium,3.0
ACC20674,29-09-2024,12:43,Karnataka,Bengaluru Urban,15.7614,75.4942,National Highway,Clear,Day,27,Female,Car,76,No,No,No,Over Speeding,Medium,3.0
ACC20675,08-11-2024,17:18,Karnataka,Belagavi,14.8655,76.1138,City Road,Clear,Dusk,47,Male,Car,43,No,No,No,Signal Jumping,Low,1.0
ACC20676,28-11-2024,18:46,Karnataka,Hubballi,15.5219,75.4821,Village Road,Rainy,Dusk,29,Male,Auto,15,No,No,Yes,Poor Weather Visibility,Low,1.0
ACC20677,16-11-2024,19:44,Andhra Pradesh,Visakhapatnam,15.9862,79.5332,State Highway,Cloudy,Night,19,Male,Car,86,No,No,No,Over Speeding,High,3.0
ACC20678,21-12-2022,20:45,Karnataka,Hubballi,15.0462,74.9777,City Road,Rainy,Night,23,Male,Auto,57,No,No,No,Poor Weather Visibility,Medium,2.0
ACC20679,07-07-2022,05:00,Karnataka,Mysuru,15.5894,75.4262,City Road,Cloudy,Dawn,42,Female,Auto,63,No,No,Yes,Pothole/Bad Road,Medium,3.0
ACC20680,14-08-2024,12:20,Karnataka,Belagavi,14.7998,75.5213,Expressway,Clear,Day,36,Male,Truck,80,No,No,No,Over Speeding,Medium,3.0
ACC20681,05-08-2022,18:47,Tamil Nadu,Madurai,11.3544,78.1351,National Highway,Rainy,Dusk,64,Male,Auto,61,No,No,No,Poor Weather Visibility,Medium,3.0
ACC20682,08-05-2022,12:29,Andhra Pradesh,Guntur,15.1615,79.8254,City Road,Cloudy,Day,18,Male,Bike,38,No,No,Yes,Signal Jumping,Low,1.0
ACC20683,11-10-2022,18:41,Karnataka,Mangaluru,14.7136,75.1546,Village Road,Clear,Dusk,41,Female,Bus,43,No,No,Yes,Pothole/Bad Road,Low,3.0
ACC20684,16-12-2024,21:06,Telangana,Hyderabad,17.4988,79.0049,Expressway,Cloudy,Night,46,Male,Bike,108,Yes,Yes,No,Over Speeding,High,6.0
ACC20685,11-07-2022,15:29,Telangana,Hyderabad,17.7544,78.3518,National Highway,Rainy,Day,34,Male,Bus,48,No,No,Yes,Poor Weather Visibility,Medium,4.0
ACC20686,02-02-2022,17:12,Tamil Nadu,Chennai,11.1174,79.7992,National Highway,Clear,Dusk,38,Female,Car,64,No,No,No,Signal Jumping,Medium,5.0
ACC20687,23-08-2022,09:35,Karnataka,Belagavi,15.2832,76.012,Village Road,Rainy,Day,52,Female,Truck,52,No,No,Yes,Poor Weather Visibility,Medium,5.0
ACC20688,24-07-2022,18:13,Telangana,Hyderabad,17.3389,79.1165,National Highway,Foggy,Dusk,24,Male,Bus,77,No,No,No,Poor Weather Visibility,High,6.0
ACC20689,20-01-2023,19:08,Kerala,Ernakulam,10.237,76.0398,National Highway,Cloudy,Night,34,Male,Auto,66,Yes,No,No,Drunk Driving,High,12.0
ACC20690,08-12-2022,05:21,Tamil Nadu,Chennai,11.2708,79.0272,City Road,Cloudy,Dawn,47,Male,Bus,44,No,No,No,Poor Weather Visibility,Low,0.0
ACC20691,29-04-2023,15:18,Andhra Pradesh,Nellore,16.0553,79.3327,Village Road,Rainy,Day,24,Male,Bike,65,Yes,No,Yes,Poor Weather Visibility,High,11.0
ACC20692,23-08-2023,20:18,Karnataka,Mysuru,16.1764,75.3543,Expressway,Clear,Night,24,Female,Car,80,Yes,No,No,Drunk Driving,High,5.0
ACC20693,27-10-2024,01:39,Telangana,Karimnagar,18.4273,79.1086,Expressway,Rainy,Night,45,Male,Bike,94,No,No,No,Over Speeding,High,4.0
ACC20694,18-01-2024,13:50,Andhra Pradesh,Kurnool,16.2932,79.4326,Expressway,Cloudy,Day,19,Female,Car,84,No,No,No,Over Speeding,High,6.0
ACC20695,25-04-2023,15:17,Telangana,Warangal,17.967,79.1095,National Highway,Cloudy,Day,49,Male,Auto,68,No,No,No,Poor Weather Visibility,Medium,1.0
ACC20696,06-08-2024,10:32,Andhra Pradesh,Vijayawada,15.6142,78.9841,Expressway,Overcast,Day,36,Male,Bike,69,No,No,No,Poor Weather Visibility,Medium,2.0
ACC20697,22-10-2022,19:28,Telangana,Hyderabad,18.402,78.9435,National Highway,Clear,Night,18,Male,Car,57,No,No,No,Poor Weather Visibility,Low,2.0
ACC20698,28-01-2022,16:42,Karnataka,Belagavi,15.5422,75.5913,City Road,Clear,Day,29,Male,Bike,63,No,No,No,Signal Jumping,Low,0.0
ACC20699,10-08-2023,20:42,Karnataka,Mangaluru,14.7933,75.9096,National Highway,Clear,Night,48,Male,Truck,85,No,No,No,Over Speeding,Medium,0.0
ACC20700,27-07-2023,15:56,Tamil Nadu,Salem,10.9127,79.0482,Expressway,Clear,Day,44,Male,Bike,88,Yes,No,No,Over Speeding,High,11.0
ACC20701,10-09-2023,13:45,Telangana,Warangal,17.876,79.1918,City Road,Overcast,Day,31,Male,Bike,48,No,No,No,Poor Weather Visibility,Medium,2.0
ACC20702,16-02-2023,06:48,Tamil Nadu,Coimbatore,11.0247,78.6928,City Road,Clear,Day,43,Female,Car,45,No,No,No,Signal Jumping,Low,0.0
ACC20703,26-03-2024,17:09,Kerala,Thrissur,10.5551,75.9689,City Road,Rainy,Dusk,59,Male,Car,68,No,Yes,No,Poor Weather Visibility,Medium,4.0
ACC20704,11-09-2023,07:50,Kerala,Ernakulam,9.6178,76.4989,City Road,Clear,Day,18,Male,Auto,49,No,No,No,Signal Jumping,Low,0.0
ACC20705,31-03-2024,09:08,Telangana,Hyderabad,18.4301,78.5943,National Highway,Foggy,Day,39,Male,Auto,65,No,No,No,Poor Weather Visibility,Medium,2.0
ACC20706,10-02-2023,18:18,Karnataka,Hubballi,15.5727,75.9019,National Highway,Overcast,Dusk,38,Male,Auto,63,No,Yes,No,Drowsy Driving,Medium,2.0
ACC20707,26-01-2024,18:01,Tamil Nadu,Salem,11.4124,78.2123,City Road,Rainy,Dusk,30,Female,Truck,83,No,No,No,Poor Weather Visibility,High,
ACC20708,10-06-2023,05:50,Karnataka,Mysuru,15.1793,75.6171,City Road,Cloudy,Dawn,28,Male,Truck,59,No,No,No,Poor Weather Visibility,Medium,1.0
ACC20709,23-11-2024,06:55,Tamil Nadu,Salem,10.6274,78.8109,City Road,Clear,Day,36,Male,Bike,48,No,No,Yes,Pothole/Bad Road,Low,2.0
ACC20710,28-01-2023,17:19,Karnataka,Mangaluru,15.9468,75.4965,Expressway,Cloudy,Dusk,48,Male,Car,78,No,No,No,Over Speeding,Medium,2.0
ACC20711,18-08-2022,14:58,Andhra Pradesh,Guntur,15.1866,79.9329,National Highway,Rainy,Day,56,Male,Auto,86,No,No,Yes,Poor Weather Visibility,High,5.0
ACC20712,21-08-2023,16:59,Tamil Nadu,Salem,11.1537,78.5432,City Road,Clear,Day,18,Male,Car,42,No,No,No,Poor Weather Visibility,Low,0.0
ACC20713,22-05-2023,08:43,Puducherry,Karaikal,11.9343,79.579,National Highway,Clear,Day,38,Male,Bike,75,No,Yes,No,Drowsy Driving,Medium,
ACC20714,07-02-2024,10:30,Kerala,Kollam,10.6068,75.4135,City Road,Clear,Day,47,Male,Bus,42,No,No,No,Signal Jumping,Low,0.0
ACC20715,07-04-2023,21:20,Karnataka,Hubballi,15.2148,75.7559,National Highway,Clear,Night,48,Male,Car,63,Yes,No,No,Drunk Driving,Medium,3.0
ACC20716,17-04-2023,22:25,Telangana,Nizamabad,17.3306,78.509,State Highway,Cloudy,Night,59,Female,Bike,72,No,No,No,Poor Weather Visibility,Medium,3.0
ACC20717,21-08-2024,05:07,Tamil Nadu,Chennai,11.651,78.8116,Village Road,Cloudy,Dawn,22,Male,Auto,35,No,No,Yes,Pothole/Bad Road,Low,0.0
ACC20718,25-10-2024,09:02,Karnataka,Belagavi,16.1657,76.2364,City Road,Clear,Day,28,Female,Bike,68,No,No,No,Signal Jumping,Medium,1.0
ACC20719,02-04-2023,12:46,Telangana,Warangal,18.1578,79.1017,Village Road,Clear,Day,45,Male,Auto,36,No,No,No,Signal Jumping,Low,1.0
ACC20720,05-08-2024,12:59,Tamil Nadu,Chennai,11.2059,78.283,National Highway,Rainy,Day,20,Male,Auto,93,No,No,No,Over Speeding,High,6.0
ACC20721,22-01-2024,12:06,Andhra Pradesh,Vijayawada,15.8864,79.4117,City Road,Rainy,Day,22,Male,Auto,27,No,No,No,Poor Weather Visibility,Low,3.0
ACC20722,31-08-2022,21:03,Tamil Nadu,Chennai,12.0916,77.7864,City Road,Clear,Night,41,Female,Bike,54,Yes,No,No,Drunk Driving,Medium,1.0
ACC20723,10-06-2024,19:18,Kerala,Kozhikode,11.0287,76.7429,City Road,Clear,Night,38,Male,Auto,57,No,Yes,No,Drowsy Driving,Medium,2.0
ACC20724,07-01-2023,18:35,Andhra Pradesh,Vijayawada,15.447,79.9429,Expressway,Rainy,Dusk,52,Female,Bus,76,No,No,No,Poor Weather Visibility,High,8.0
ACC20725,10-02-2023,16:08,Tamil Nadu,Tiruchirappalli,11.4732,78.4252,City Road,Overcast,Day,31,Male,Bike,56,No,No,No,Poor Weather Visibility,Low,2.0
ACC20726,14-07-2022,12:14,Karnataka,Hubballi,15.9562,74.7735,State Highway,Clear,Day,47,Male,Car,62,No,No,No,Signal Jumping,Low,1.0
ACC20727,26-05-2024,13:24,Kerala,Kozhikode,10.6587,75.8079,State Highway,Clear,Day,26,Male,Bike,70,No,No,No,Over Speeding,Low,0.0
ACC20728,07-10-2022,18:46,Kerala,Kozhikode,9.8265,76.167,City Road,Clear,Dusk,27,Female,Auto,41,No,No,Yes,Pothole/Bad Road,Low,0.0
ACC20729,17-11-2024,03:32,Tamil Nadu,Chennai,11.1972,78.1116,State Highway,Clear,Night,32,Male,Auto,79,Yes,Yes,No,Drunk Driving,High,7.0
ACC20730,22-07-2022,16:44,Karnataka,Hubballi,15.5241,75.9805,State Highway,Rainy,Day,37,Male,Bike,58,No,Yes,No,Poor Weather Visibility,High,3.0
ACC20731,21-03-2023,03:35,Puducherry,Puducherry,12.7953,80.0369,City Road,Rainy,Night,19,Male,Bike,50,No,Yes,No,Poor Weather Visibility,Medium,2.0
ACC20732,01-01-2024,17:25,Karnataka,Mysuru,15.1332,76.1139,Village Road,Clear,Dusk,28,Male,Bike,58,No,No,No,Signal Jumping,Low,2.0
ACC20733,06-07-2023,18:39,Telangana,Warangal,17.114,78.5483,City Road,Clear,Dusk,51,Female,Bike,45,No,No,No,Signal Jumping,Low,0.0
ACC20734,15-10-2024,12:02,Tamil Nadu,Chennai,10.6789,78.9056,Expressway,Rainy,Day,37,Female,Car,81,No,No,No,Poor Weather Visibility,Medium,2.0
ACC20735,28-01-2022,12:10,Kerala,Thiruvananthapuram,10.0374,76.5052,City Road,Overcast,Day,48,Female,Bus,39,No,No,No,Poor Weather Visibility,Low,0.0
ACC20736,21-03-2022,23:08,Kerala,Thrissur,10.5671,76.1754,Village Road,Cloudy,Night,28,Female,Car,48,Yes,No,No,Drunk Driving,Medium,4.0
ACC20737,21-12-2022,22:39,Kerala,Thiruvananthapuram,10.1428,76.1227,City Road,Clear,Night,34,Male,Auto,40,No,No,No,Poor Weather Visibility,Low,1.0
ACC20738,06-05-2022,19:44,Andhra Pradesh,Vijayawada,15.8333,79.5449,State Highway,Clear,Night,23,Male,Truck,49,Yes,No,No,Drunk Driving,Medium,2.0
ACC20739,21-11-2024,09:31,Telangana,Khammam,18.063,78.539,Expressway,Clear,Day,33,Female,Bike,76,No,No,No,Over Speeding,High,8.0
ACC20740,10-10-2024,20:49,Andhra Pradesh,Nellore,15.4829,79.7519,Village Road,Cloudy,Night,34,Male,Bike,15,No,No,No,Poor Weather Visibility,Low,2.0
ACC20741,10-06-2024,17:07,Telangana,Nizamabad,18.2085,79.4221,National Highway,Clear,Dusk,34,Male,Truck,65,No,No,No,Signal Jumping,Low,1.0
ACC20742,11-09-2024,15:57,Telangana,Karimnagar,17.6079,78.9701,City Road,Rainy,Day,50,Male,Auto,53,No,No,No,Poor Weather Visibility,Low,0.0
ACC20743,28-12-2024,19:25,Karnataka,Mysuru,14.8537,76.3785,State Highway,Rainy,Night,69,Female,Car,66,No,Yes,No,Poor Weather Visibility,Medium,3.0
ACC20744,27-05-2022,07:51,Telangana,Nizamabad,18.6191,78.0382,City Road,Clear,Day,21,Female,Bike,47,No,No,No,Signal Jumping,Low,1.0
ACC20745,13-04-2024,01:31,Kerala,Kozhikode,9.8426,75.9964,Expressway,Cloudy,Night,46,Male,Car,92,No,No,No,Over Speeding,High,5.0
ACC20746,06-06-2022,17:32,Karnataka,Mysuru,14.6472,75.0988,National Highway,Cloudy,Dusk,51,Female,Auto,74,No,No,Yes,Pothole/Bad Road,High,5.0
ACC20747,06-09-2023,11:49,Tamil Nadu,Madurai,11.2526,78.9113,Expressway,Overcast,Day,31,Male,Car,124,Yes,No,No,Over Speeding,High,9.0
ACC20748,16-10-2022,07:27,Andhra Pradesh,Visakhapatnam,15.9686,80.2366,State Highway,Rainy,Day,47,Female,Bike,63,No,No,No,Poor Weather Visibility,Medium,2.0
ACC20749,20-03-2023,14:04,Andhra Pradesh,Guntur,16.2656,79.9974,City Road,Clear,Day,49,Female,Auto,44,No,No,No,Signal Jumping,Low,2.0
ACC20750,10-10-2024,07:33,Tamil Nadu,Coimbatore,11.185,78.3425,State Highway,Clear,Day,51,Male,Auto,75,No,No,No,Over Speeding,Medium,3.0
ACC20751,07-05-2023,15:57,Kerala,Kozhikode,10.398,76.1862,City Road,Cloudy,Day,36,Male,Auto,38,No,No,No,Poor Weather Visibility,Low,0.0
ACC20752,05-10-2022,00:07,Tamil Nadu,Coimbatore,11.1343,78.0736,City Road,Clear,Night,44,Male,Car,35,No,No,No,Signal Jumping,Low,2.0
ACC20753,07-03-2024,18:55,Karnataka,Hubballi,14.9972,75.4548,City Road,Cloudy,Dusk,31,Female,Bike,45,No,No,Yes,Pothole/Bad Road,Low,0.0
ACC20754,16-11-2024,12:04,Kerala,Ernakulam,10.371,76.2066,Village Road,Clear,Day,35,Female,Car,64,No,No,Yes,Pothole/Bad Road,Low,1.0
ACC20755,18-08-2022,08:30,Andhra Pradesh,Visakhapatnam,15.9859,79.7465,State Highway,Cloudy,Day,40,Male,Bus,75,No,Yes,No,Drowsy Driving,Medium,6.0
ACC20756,14-11-2024,14:47,Tamil Nadu,Madurai,11.2279,78.0693,City Road,Clear,Day,26,Male,Auto,45,No,No,No,Signal Jumping,Low,0.0
ACC20757,15-09-2022,02:00,Tamil Nadu,Madurai,10.935,78.1698,Village Road,Overcast,Night,50,Male,Truck,48,No,Yes,No,Drowsy Driving,Medium,3.0
ACC20758,16-04-2022,06:20,Kerala,Thiruvananthapuram,10.2836,76.3879,Expressway,Overcast,Day,31,Male,Car,74,No,No,No,Over Speeding,Medium,3.0
ACC20759,09-06-2023,21:40,Telangana,Hyderabad,18.8051,79.5364,State Highway,Clear,Night,39,Male,Bike,49,No,No,Yes,Pothole/Bad Road,Low,1.0
ACC20760,29-11-2022,23:56,Telangana,Khammam,17.2951,79.3201,Village Road,Overcast,Night,35,Male,Car,36,No,Yes,Yes,Drowsy Driving,Medium,3.0
ACC20761,09-09-2023,16:14,Karnataka,Hubballi,15.6352,75.6336,City Road,Clear,Day,18,Female,Car,53,Yes,No,Yes,Drunk Driving,Medium,3.0
ACC20762,03-09-2024,18:07,Kerala,Kozhikode,10.682,76.2398,City Road,Clear,Dusk,43,Male,Bike,54,Yes,No,No,Drunk Driving,Low,2.0
ACC20763,05-10-2022,19:45,Andhra Pradesh,Kurnool,15.5706,79.0204,State Highway,Clear,Night,18,Female,Car,58,No,Yes,No,Drowsy Driving,Medium,4.0
ACC20764,24-04-2024,20:37,Telangana,Khammam,17.7374,78.8856,Village Road,Overcast,Night,26,Male,Car,60,No,Yes,No,Drowsy Driving,Medium,3.0
ACC20765,12-06-2022,19:53,Kerala,Thiruvananthapuram,9.9109,76.6784,State Highway,Rainy,Night,31,Female,Bike,56,No,No,No,Poor Weather Visibility,Low,1.0
ACC20766,28-08-2022,06:43,Telangana,Hyderabad,18.0018,78.6517,City Road,Overcast,Day,52,Male,Bike,67,No,No,No,Signal Jumping,Medium,0.0
ACC20767,02-06-2023,12:31,Karnataka,Mysuru,16.0233,76.146,Expressway,Clear,Day,60,Male,Truck,65,No,No,No,Signal Jumping,Low,1.0
ACC20768,27-04-2023,00:27,Tamil Nadu,Tiruchirappalli,11.7446,78.8121,Village Road,Clear,Night,18,Male,Auto,77,Yes,No,Yes,Drunk Driving,High,5.0
ACC20769,08-10-2022,21:04,Karnataka,Mysuru,14.9288,75.725,Expressway,Clear,Night,41,Male,Bike,97,Yes,Yes,No,Over Speeding,High,9.0
ACC20770,11-07-2024,10:01,Andhra Pradesh,Visakhapatnam,15.9268,79.932,City Road,Clear,Day,40,Male,Car,41,No,No,No,Poor Weather Visibility,Low,
ACC20771,10-05-2022,05:07,Telangana,Hyderabad,19.1008,79.5391,Expressway,Cloudy,Dawn,30,Male,Car,76,No,No,No,Over Speeding,Low,2.0
ACC20772,14-02-2024,21:01,Kerala,Thiruvananthapuram,10.6517,75.6113,State Highway,Clear,Night,33,Female,Bike,61,No,Yes,No,Drowsy Driving,Medium,3.0
ACC20773,20-12-2023,10:30,Andhra Pradesh,Kurnool,15.9133,78.4615,State Highway,Clear,Day,59,Male,Car,73,No,No,No,Over Speeding,Medium,2.0
ACC20774,28-03-2022,22:42,Tamil Nadu,Coimbatore,11.0956,78.8935,State Highway,Clear,Night,35,Female,Bike,60,No,No,No,Over Speeding,Low,
ACC20775,26-07-2022,09:02,Kerala,Kollam,10.2121,76.8634,Village Road,Cloudy,Day,60,Male,Bike,62,No,Yes,No,Drowsy Driving,Medium,4.0
ACC20776,22-04-2023,18:02,Karnataka,Mangaluru,15.5771,76.1203,National Highway,Cloudy,Dusk,52,Male,Bike,72,No,No,No,Signal Jumping,Medium,3.0
ACC20777,25-04-2024,09:14,Karnataka,Hubballi,15.2507,75.1289,City Road,Clear,Day,36,Male,Bus,54,No,Yes,No,Drowsy Driving,Low,1.0
ACC20778,14-08-2022,09:53,Tamil Nadu,Salem,11.4515,78.6358,Village Road,Cloudy,Day,63,Female,Bike,61,No,Yes,Yes,Drowsy Driving,High,5.0
ACC20779,14-08-2023,12:34,Andhra Pradesh,Visakhapatnam,16.86,80.5484,State Highway,Rainy,Day,35,Male,Car,57,No,No,No,Poor Weather Visibility,Low,0.0
ACC20780,01-03-2024,16:29,Andhra Pradesh,Kurnool,16.2322,79.7576,State Highway,Clear,Day,56,Female,Car,66,No,No,No,Over Speeding,Low,0.0
ACC20781,09-02-2024,11:58,Andhra Pradesh,Visakhapatnam,15.8351,80.0342,National Highway,Clear,Day,52,Male,Auto,49,No,No,No,Poor Weather Visibility,Low,0.0
ACC20782,22-11-2024,17:08,Andhra Pradesh,Kurnool,15.5746,80.2893,National Highway,Overcast,Dusk,26,Male,Bike,75,No,Yes,No,Drowsy Driving,High,5.0
ACC20783,17-10-2022,20:54,Karnataka,Mangaluru,15.5495,75.4819,City Road,Clear,Night,18,Female,Auto,42,No,No,Yes,Pothole/Bad Road,Low,0.0
ACC20784,26-03-2024,13:59,Telangana,Hyderabad,18.5957,79.0213,Village Road,Clear,Day,34,Male,Car,53,No,Yes,No,Drowsy Driving,Medium,1.0
ACC20785,01-03-2022,10:42,Kerala,Thrissur,10.7232,77.0779,City Road,Clear,Day,32,Female,Bike,51,No,No,No,Signal Jumping,Low,1.0
ACC20786,24-04-2024,06:58,Telangana,Karimnagar,17.9171,79.3156,National Highway,Overcast,Day,36,Female,Auto,66,No,Yes,No,Drowsy Driving,Medium,4.0
ACC20787,17-03-2024,14:50,Karnataka,Mysuru,15.2441,75.4694,City Road,Rainy,Day,27,Male,Truck,51,No,No,No,Poor Weather Visibility,Medium,1.0
ACC20788,17-09-2022,07:56,Andhra Pradesh,Visakhapatnam,15.392,79.9767,State Highway,Cloudy,Day,62,Male,Bike,53,No,No,No,Poor Weather Visibility,Low,1.0