Accident_ID,Date,Time,State,District,Latitude,Longitude,Road_Type,Weather,Light_Condition,Driver_Age,Driver_Gender,Vehicle_Type,Speed_kmph,Alcohol_Involved,Driver_Drowsy,Pothole_Involved,Cause_of_Accident,Severity,Casualties
ACC20789,31-10-2022,20:21,Tamil Nadu,Salem,11.138,78.4686,State Highway,Overcast,Night,18,Male,Car,41,Yes,No,No,Drunk Driving,Medium,1.0
ACC20790,30-06-2022,02:09,Tamil Nadu,Madurai,10.5352,77.3067,Village Road,Clear,Night,52,Female,Truck,43,No,No,No,Poor Weather Visibility,Low,2.0
ACC20791,21-07-2022,12:24,Telangana,Khammam,17.9003,78.957,State Highway,Cloudy,Day,18,Male,Bus,71,Yes,No,No,Drunk Driving,Medium,2.0
ACC20792,02-07-2024,17:20,Karnataka,Hubballi,15.1235,75.9999,City Road,Clear,Dusk,30,Male,Car,55,Yes,No,No,Drunk Driving,Medium,3.0
ACC20793,09-05-2023,19:23,Tamil Nadu,Tiruchirappalli,10.938,78.6948,City Road,Clear,Night,42,Male,Car,66,Yes,No,No,Drunk Driving,Medium,2.0
ACC20794,25-05-2022,01:44,Kerala,Thrissur,11.0301,76.2001,Village Road,Clear,Night,35,Male,Truck,73,Yes,No,No,Drunk Driving,High,8.0
ACC20795,16-06-2023,21:15,Telangana,Hyderabad,17.7136,78.556,City Road,Rainy,Night,35,Male,Auto,31,No,No,No,Poor Weather Visibility,Low,2.0
ACC20796,25-03-2022,15:00,Andhra Pradesh,Vijayawada,16.0651,79.3623,Village Road,Cloudy,Day,27,Male,Bike,25,No,No,No,Signal Jumping,Low,0.0
ACC20797,06-10-2023,18:45,Puducherry,Puducherry,11.5189,79.8929,Expressway,Clear,Dusk,23,Female,Car,70,No,No,No,Signal Jumping,Medium,1.0
ACC20798,06-06-2024,12:08,Telangana,Hyderabad,17.4574,78.8566,City Road,Clear,Day,66,Female,Bike,54,No,No,Yes,Pothole/Bad Road,Low,4.0
ACC20799,19-09-2024,09:35,Karnataka,Mangaluru,15.1438,75.935,National Highway,Rainy,Day,49,Male,Bike,86,Yes,No,No,Poor Weather Visibility,High,6.0
ACC20800,19-03-2024,10:18,Tamil Nadu,Tiruchirappalli,11.2745,78.6712,National Highway,Foggy,Day,59,Male,Bike,49,No,No,No,Poor Weather Visibility,Low,0.0
ACC20801,31-07-2023,14:50,Tamil Nadu,Salem,10.7225,78.6756,National Highway,Clear,Day,56,Male,Auto,49,No,No,No,Signal Jumping,Low,2.0
ACC20802,13-01-2024,08:43,Karnataka,Hubballi,16.0476,76.2455,Expressway,Clear,Day,37,Male,Bike,92,Yes,No,No,Over Speeding,Medium,3.0
ACC20803,07-09-2024,19:19,Andhra Pradesh,Visakhapatnam,15.2561,78.6749,National Highway,Clear,Night,29,Male,Car,76,No,No,No,Over Speeding,Medium,4.0
ACC20804,23-04-2023,09:21,Telangana,Hyderabad,17.3278,78.6628,Village Road,Clear,Day,39,Male,Car,43,No,Yes,No,Drowsy Driving,Low,0.0
ACC20805,03-04-2023,00:06,Tamil Nadu,Tiruchirappalli,10.7728,78.4669,National Highway,Cloudy,Night,36,Male,Bus,72,Yes,No,No,Drunk Driving,High,8.0
ACC20806,26-06-2023,04:32,Telangana,Nizamabad,17.4666,79.0984,City Road,Clear,Night,40,Male,Bike,69,Yes,Yes,Yes,Drunk Driving,High,6.0
ACC20807,11-09-2022,11:05,Andhra Pradesh,Nellore,15.9718,80.0839,National Highway,Rainy,Day,28,Male,Bike,59,No,No,Yes,Poor Weather Visibility,High,4.0
ACC20808,12-05-2023,20:19,Andhra Pradesh,Kurnool,15.5109,79.941,City Road,Clear,Night,51,Male,Truck,62,Yes,Yes,No,Drunk Driving,Medium,5.0
ACC20809,05-09-2022,09:52,Tamil Nadu,Madurai,11.1026,78.582,City Road,Rainy,Day,41,Male,Truck,38,No,No,Yes,Poor Weather Visibility,Low,0.0
ACC20810,15-06-2023,02:19,Tamil Nadu,Salem,11.5056,78.9501,Village Road,Overcast,Night,20,Female,Car,67,Yes,Yes,No,Drunk Driving,High,5.0
ACC20811,29-08-2023,07:23,Andhra Pradesh,Nellore,15.5546,79.9666,Village Road,Clear,Day,26,Female,Car,59,No,No,Yes,Pothole/Bad Road,Medium,3.0
ACC20812,28-05-2022,20:37,Andhra Pradesh,Guntur,15.7005,79.4726,Expressway,Rainy,Night,36,Male,Bike,75,No,No,No,Poor Weather Visibility,Medium,4.0
ACC20813,22-07-2024,15:35,Karnataka,Mangaluru,15.4266,75.1231,Expressway,Cloudy,Day,36,Female,Bus,69,No,Yes,No,Drowsy Driving,Medium,2.0
ACC20814,22-01-2023,19:14,Karnataka,Hubballi,15.2612,75.6618,State Highway,Clear,Night,25,Male,Car,66,No,No,No,Signal Jumping,Low,1.0
ACC20815,21-12-2024,07:20,Tamil Nadu,Salem,11.1741,78.4495,Expressway,Overcast,Day,49,Male,Bike,63,No,No,No,Poor Weather Visibility,Low,1.0
ACC20816,20-03-2023,08:17,Puducherry,Karaikal,11.5298,79.3276,State Highway,Rainy,Day,34,Female,Car,90,No,No,No,Over Speeding,High,4.0
ACC20817,14-10-2024,05:02,Telangana,Nizamabad,18.1907,78.6588,National Highway,Cloudy,Dawn,39,Male,Bike,71,No,No,No,Poor Weather Visibility,Medium,4.0
ACC20818,24-07-2022,18:12,Puducherry,Puducherry,11.448,80.1346,Village Road,Cloudy,Dusk,18,Male,Car,49,No,No,No,Poor Weather Visibility,Low,0.0
ACC20819,09-03-2024,12:37,Telangana,Nizamabad,17.8807,79.4066,Expressway,Foggy,Day,61,Male,Auto,86,Yes,Yes,No,Poor Weather Visibility,High,
ACC20820,14-12-2022,12:35,Karnataka,Hubballi,14.5224,75.5493,City Road,Clear,Day,46,Male,Auto,48,No,No,No,Poor Weather Visibility,Low,0.0
ACC20821,05-02-2023,08:02,Telangana,Nizamabad,18.4019,79.6916,State Highway,Cloudy,Day,50,Male,Car,68,No,No,No,Poor Weather Visibility,Medium,2.0
ACC20822,15-07-2023,14:40,Tamil Nadu,Madurai,10.5611,78.9248,City Road,Cloudy,Day,22,Male,Car,43,No,No,No,Poor Weather Visibility,Low,1.0
ACC20823,05-06-2023,16:59,Andhra Pradesh,Nellore,15.8648,79.969,National Highway,Clear,Day,24,Female,Car,82,No,No,No,Over Speeding,High,9.0
ACC20824,16-02-2023,01:20,Tamil Nadu,Chennai,11.3219,78.665,City Road,Rainy,Night,35,Male,Bike,60,No,No,Yes,Poor Weather Visibility,Medium,3.0
ACC20825,05-10-2022,10:48,Karnataka,Hubballi,14.7186,75.6668,National Highway,Clear,Day,26,Male,Bike,93,No,Yes,No,Over Speeding,High,2.0
ACC20826,12-03-2024,17:22,Telangana,Hyderabad,17.7848,78.6066,City Road,Clear,Dusk,40,Female,Bike,75,No,No,No,Over Speeding,Medium,1.0
ACC20827,25-04-2023,08:56,Karnataka,Bengaluru Urban,14.8827,75.5614,National Highway,Clear,Day,75,Female,Car,56,No,No,No,Poor Weather Visibility,Low,2.0
ACC20828,13-09-2023,10:32,Telangana,Warangal,17.6147,78.6525,State Highway,Rainy,Day,40,Female,Car,60,No,Yes,No,Poor Weather Visibility,Medium,3.0
ACC20829,26-09-2023,21:28,Kerala,Thiruvananthapuram,10.3373,76.246,City Road,Rainy,Night,31,Male,Bike,50,No,Yes,No,Signal Jumping,Medium,2.0
ACC20830,14-10-2023,20:41,Karnataka,Belagavi,15.592,75.937,Village Road,Clear,Night,25,Female,Truck,54,No,No,No,Signal Jumping,Medium,0.0
ACC20831,20-12-2022,09:17,Karnataka,Bengaluru Urban,15.2347,75.2757,Expressway,Foggy,Day,26,Female,Truck,61,No,No,No,Poor Weather Visibility,Low,0.0
ACC20832,07-02-2024,07:32,Tamil Nadu,Madurai,11.0019,78.773,Village Road,Clear,Day,54,Female,Car,23,No,No,Yes,Pothole/Bad Road,Low,1.0
ACC20833,29-01-2022,08:37,Kerala,Thrissur,10.06,77.0663,City Road,Foggy,Day,39,Female,Bike,45,No,No,No,Poor Weather Visibility,Low,0.0
ACC20834,11-11-2023,20:13,Telangana,Hyderabad,18.064,78.52,City Road,Clear,Night,33,Male,Bike,64,Yes,No,No,Drunk Driving,Medium,2.0
ACC20835,14-08-2022,17:46,Tamil Nadu,Coimbatore,10.9567,78.8161,City Road,Cloudy,Dusk,34,Male,Car,41,No,No,No,Poor Weather Visibility,Low,4.0
ACC20836,05-07-2023,23:54,Kerala,Kollam,10.4684,75.9504,Village Road,Clear,Night,31,Male,Bike,59,Yes,No,No,Drunk Driving,Medium,6.0
ACC20837,30-01-2023,07:44,Puducherry,Puducherry,11.5341,80.4498,National Highway,Clear,Day,30,Male,Car,76,No,No,No,Over Speeding,Low,4.0
ACC20838,13-05-2024,18:01,Karnataka,Bengaluru Urban,15.742,75.797,National Highway,Rainy,Dusk,39,Male,Bike,72,No,No,No,Poor Weather Visibility,High,4.0
ACC20839,03-03-2022,06:15,Telangana,Karimnagar,18.2179,78.4565,City Road,Rainy,Day,39,Male,Auto,53,No,No,Yes,Poor Weather Visibility,Medium,2.0
ACC20840,12-07-2024,07:17,Telangana,Hyderabad,17.2914,78.3829,Village Road,Rainy,Day,18,Male,Car,45,No,No,Yes,Poor Weather Visibility,Low,3.0
ACC20841,14-06-2024,18:10,Kerala,Thiruvananthapuram,10.103,76.5812,City Road,Cloudy,Dusk,34,Male,Bike,43,No,No,No,Poor Weather Visibility,Low,1.0
ACC20842,03-02-2024,19:57,Andhra Pradesh,Kurnool,16.1663,79.698,State Highway,Rainy,Night,21,Male,Truck,51,No,No,Yes,Poor Weather Visibility,Medium,8.0
ACC20843,07-10-2023,10:58,Tamil Nadu,Salem,11.4146,78.7209,State Highway,Rainy,Day,20,Male,Car,59,No,Yes,No,Poor Weather Visibility,Medium,3.0
ACC20844,03-09-2024,04:17,Kerala,Ernakulam,10.6607,76.0504,City Road,Clear,Night,32,Male,Car,69,Yes,No,No,Drunk Driving,Medium,4.0
ACC20845,20-12-2024,14:04,Andhra Pradesh,Kurnool,15.7008,80.1148,City Road,Clear,Day,20,Male,Bus,48,No,No,No,Signal Jumping,Low,1.0
ACC20846,13-05-2023,09:13,Tamil Nadu,Chennai,10.9249,77.9434,Expressway,Cloudy,Day,43,Male,Bus,86,No,No,No,Over Speeding,Medium,1.0
ACC20847,06-01-2024,08:12,Tamil Nadu,Chennai,10.1439,78.6877,State Highway,Clear,Day,19,Female,Bus,71,No,No,No,Over Speeding,Low,0.0
ACC20848,17-04-2023,13:52,Tamil Nadu,Tiruchirappalli,11.6147,78.724,City Road,Clear,Day,37,Male,Bike,44,No,No,No,Signal Jumping,Low,0.0
ACC20849,16-06-2022,10:51,Tamil Nadu,Coimbatore,11.1945,79.0884,City Road,Rainy,Day,59,Male,Truck,66,Yes,Yes,Yes,Poor Weather Visibility,High,5.0
ACC20850,17-03-2024,05:06,Tamil Nadu,Tiruchirappalli,10.5838,78.3446,State Highway,Cloudy,Dawn,35,Male,Bus,42,No,No,No,Poor Weather Visibility,Low,2.0
ACC20851,03-06-2024,17:58,Telangana,Hyderabad,18.0666,78.9095,Village Road,Clear,Dusk,37,Female,Bike,48,No,No,Yes,Pothole/Bad Road,Medium,1.0
ACC20852,31-01-2024,13:27,Karnataka,Bengaluru Urban,16.0599,76.0417,Village Road,Clear,Day,28,Male,Bike,40,No,No,Yes,Pothole/Bad Road,Low,2.0
ACC20853,16-05-2023,12:11,Kerala,Thrissur,10.0007,76.2524,Village Road,Clear,Day,18,Male,Car,20,No,No,No,Signal Jumping,Low,0.0
ACC20854,01-11-2024,12:12,Karnataka,Hubballi,14.8727,75.8485,National Highway,Rainy,Day,54,Male,Car,83,No,No,No,Poor Weather Visibility,Medium,4.0
ACC20855,14-09-2023,09:57,Karnataka,Mangaluru,15.7654,76.4671,City Road,Overcast,Day,18,Male,Bus,41,No,No,No,Poor Weather Visibility,Low,0.0
ACC20856,24-08-2023,12:39,Kerala,Thiruvananthapuram,10.1838,76.158,National Highway,Rainy,Day,32,Female,Bus,66,No,No,No,Poor Weather Visibility,Medium,1.0
ACC20857,05-06-2022,15:33,Andhra Pradesh,Visakhapatnam,16.6146,79.7626,Village Road,Clear,Day,41,Male,Car,35,No,No,No,Signal Jumping,Low,0.0
ACC20858,08-03-2022,17:24,Tamil Nadu,Chennai,11.1953,78.0604,City Road,Rainy,Dusk,33,Male,Car,32,No,No,No,Poor Weather Visibility,Low,0.0
ACC20859,02-06-2022,14:38,Karnataka,Mysuru,15.1443,76.2666,City Road,Clear,Day,27,Female,Bike,43,No,No,No,Signal Jumping,Medium,5.0
ACC20860,08-02-2023,20:34,Andhra Pradesh,Visakhapatnam,15.9545,79.6553,National Highway,Cloudy,Night,37,Male,Car,70,No,No,No,Poor Weather Visibility,Medium,0.0
ACC20861,26-01-2023,20:27,Puducherry,Karaikal,11.4678,79.8104,National Highway,Cloudy,Night,31,Male,Truck,56,No,No,Yes,Pothole/Bad Road,Medium,3.0
ACC20862,10-09-2023,13:01,Karnataka,Mangaluru,14.168,75.3943,City Road,Cloudy,Day,32,Male,Auto,32,No,No,No,Poor Weather Visibility,Low,0.0
ACC20863,13-11-2024,08:27,Karnataka,Mysuru,15.4007,75.5659,Expressway,Foggy,Day,47,Male,Car,80,No,No,No,Poor Weather Visibility,High,2.0
ACC20864,19-12-2024,18:07,Kerala,Thiruvananthapuram,10.9036,75.985,Village Road,Cloudy,Dusk,36,Female,Car,43,No,No,Yes,Signal Jumping,Low,
ACC20865,19-01-2024,19:49,Tamil Nadu,Coimbatore,11.0802,78.4013,National Highway,Overcast,Night,50,Male,Bus,70,No,No,No,Poor Weather Visibility,Medium,5.0
ACC20866,22-01-2024,14:02,Kerala,Thrissur,10.9938,76.4998,National Highway,Overcast,Day,49,Male,Auto,89,Yes,No,No,Over Speeding,High,5.0
ACC20867,09-12-2022,08:14,Puducherry,Karaikal,11.6035,79.684,Village Road,Cloudy,Day,43,Male,Auto,19,No,No,Yes,Signal Jumping,Low,0.0
ACC20868,22-07-2022,22:55,Karnataka,Mangaluru,15.1649,76.371,National Highway,Clear,Night,45,Male,Auto,92,No,Yes,No,Over Speeding,High,7.0
ACC20869,28-01-2024,07:11,Kerala,Ernakulam,10.8546,76.4235,Village Road,Clear,Day,27,Male,Bus,20,Yes,No,No,Drunk Driving,Low,1.0
ACC20870,13-10-2024,16:44,Tamil Nadu,Tiruchirappalli,10.9946,78.2725,Village Road,Clear,Day,47,Male,Bike,49,No,No,No,Poor Weather Visibility,Low,0.0
ACC20871,30-08-2024,19:39,Kerala,Thiruvananthapuram,10.2037,76.5653,City Road,Cloudy,Night,54,Male,Auto,91,Yes,Yes,No,Over Speeding,High,10.0
ACC20872,28-02-2024,19:09,Puducherry,Puducherry,11.3991,79.6611,City Road,Clear,Night,32,Male,Bike,50,Yes,No,No,Drunk Driving,Medium,3.0
ACC20873,29-08-2022,22:04,Kerala,Thiruvananthapuram,10.9389,76.5785,Expressway,Rainy,Night,48,Male,Bike,88,No,No,No,Over Speeding,High,8.0
ACC20874,01-10-2022,21:49,Tamil Nadu,Madurai,11.3622,78.9997,State Highway,Cloudy,Night,29,Male,Bike,72,Yes,Yes,No,Drunk Driving,High,5.0
ACC20875,20-04-2022,15:28,Karnataka,Belagavi,15.664,75.9667,Expressway,Clear,Day,24,Female,Bus,69,No,No,Yes,Pothole/Bad Road,Medium,4.0
ACC20876,20-11-2022,07:09,Andhra Pradesh,Visakhapatnam,15.4595,79.2743,Village Road,Rainy,Day,27,Male,Bike,44,No,No,Yes,Poor Weather Visibility,Medium,5.0
ACC20877,16-11-2024,07:19,Telangana,Khammam,18.6927,78.7929,National Highway,Rainy,Day,41,Male,Bike,75,No,No,No,Poor Weather Visibility,Medium,3.0
ACC20878,13-12-2023,09:05,Karnataka,Bengaluru Urban,14.8353,75.8866,Village Road,Clear,Day,20,Male,Bike,47,No,No,Yes,Pothole/Bad Road,Low,0.0
ACC20879,04-10-2022,18:11,Kerala,Thrissur,9.7486,76.8317,Expressway,Clear,Dusk,34,Male,Bike,101,No,No,No,Over Speeding,High,4.0
ACC20880,05-07-2024,06:14,Telangana,Nizamabad,17.2061,79.2299,National Highway,Clear,Day,51,Male,Auto,64,No,No,No,Signal Jumping,Low,3.0
ACC20881,20-05-2022,17:16,Tamil Nadu,Chennai,11.0087,79.0517,Village Road,Overcast,Dusk,66,Male,Car,23,No,No,Yes,Pothole/Bad Road,Low,1.0
ACC20882,17-04-2023,03:43,Telangana,Khammam,17.8422,78.7777,State Highway,Clear,Night,49,Female,Car,65,No,No,Yes,Signal Jumping,Medium,3.0
ACC20883,11-11-2023,21:20,Kerala,Kollam,10.4715,76.2193,City Road,Cloudy,Night,47,Male,Auto,73,Yes,Yes,Yes,Drunk Driving,High,7.0
ACC20884,12-04-2022,05:08,Karnataka,Mangaluru,15.1452,75.6143,National Highway,Rainy,Dawn,38,Male,Bike,64,No,No,Yes,Poor Weather Visibility,High,7.0
ACC20885,06-02-2022,09:09,Andhra Pradesh,Guntur,16.0621,79.9511,National Highway,Clear,Day,29,Male,Car,62,No,No,No,Signal Jumping,Low,
ACC20886,26-09-2024,23:34,Karnataka,Mangaluru,14.7714,76.1187,Village Road,Cloudy,Night,18,Male,Auto,60,No,Yes,No,Drowsy Driving,High,4.0
ACC20887,06-04-2023,19:59,Tamil Nadu,Madurai,11.4832,78.3556,City Road,Clear,Night,64,Male,Truck,48,No,Yes,Yes,Drowsy Driving,Low,1.0
ACC20888,19-11-2022,07:51,Karnataka,Hubballi,14.5704,75.4538,Expressway,Overcast,Day,21,Male,Car,93,Yes,Yes,No,Over Speeding,High,3.0
ACC20889,26-11-2022,07:44,Andhra Pradesh,Nellore,16.05,79.5811,City Road,Rainy,Day,41,Female,Bike,48,No,No,No,Poor Weather Visibility,Low,2.0
ACC20890,23-12-2022,12:18,Tamil Nadu,Madurai,11.1741,78.4853,National Highway,Clear,Day,18,Male,Car,85,No,No,No,Over Speeding,High,6.0
ACC20891,30-05-2024,09:29,Karnataka,Mysuru,15.8087,76.0646,State Highway,Clear,Day,31,Male,Car,55,No,No,No,Poor Weather Visibility,Low,2.0
ACC20892,20-11-2023,12:42,Tamil Nadu,Madurai,11.446,78.5876,City Road,Clear,Day,28,Female,Bike,59,No,No,No,Signal Jumping,Low,1.0
ACC20893,12-10-2023,14:59,Kerala,Ernakulam,10.312,76.4753,National Highway,Clear,Day,29,Male,Bus,69,No,No,Yes,Pothole/Bad Road,Medium,
ACC20894,27-12-2023,18:43,Tamil Nadu,Madurai,11.3671,78.3852,City Road,Clear,Dusk,46,Male,Car,37,No,No,No,Signal Jumping,Low,
ACC20895,19-02-2023,07:07,Andhra Pradesh,Visakhapatnam,16.0625,79.845,City Road,Cloudy,Day,46,Male,Car,56,No,No,Yes,Pothole/Bad Road,Low,2.0
ACC20896,11-12-2022,21:51,Telangana,Karimnagar,17.6109,79.0436,City Road,Overcast,Night,54,Male,Bike,69,Yes,No,No,Drunk Driving,High,2.0
ACC20897,22-11-2023,06:55,Karnataka,Hubballi,14.9434,76.2426,National Highway,Cloudy,Day,31,Male,Bike,70,Yes,No,Yes,Drunk Driving,High,5.0
ACC20898,15-09-2022,23:21,Karnataka,Hubballi,15.2318,76.3791,City Road,Clear,Night,49,Male,Truck,76,Yes,No,Yes,Drunk Driving,High,10.0
ACC20899,16-03-2022,23:48,Kerala,Thrissur,9.6966,75.7989,National Highway,Cloudy,Night,29,Male,Bike,62,No,No,No,Poor Weather Visibility,Medium,0.0
ACC20900,08-04-2024,10:28,Andhra Pradesh,Kurnool,15.3458,80.2803,City Road,Clear,Day,18,Male,Bike,61,Yes,No,No,Drunk Driving,Medium,2.0
ACC20901,23-07-2024,09:02,Tamil Nadu,Coimbatore,10.4368,78.2254,National Highway,Clear,Day,33,Male,Bike,61,No,No,Yes,Pothole/Bad Road,Low,2.0
ACC20902,13-04-2023,21:36,Andhra Pradesh,Visakhapatnam,16.1496,79.6358,National Highway,Rainy,Night,41,Male,Bike,46,No,No,No,Poor Weather Visibility,Medium,4.0
ACC20903,02-02-2022,10:04,Telangana,Hyderabad,18.47,79.5556,City Road,Clear,Day,24,Male,Auto,58,Yes,No,No,Drunk Driving,Low,
ACC20904,10-07-2022,09:04,Telangana,Hyderabad,17.8491,79.2255,City Road,Clear,Day,20,Male,Bike,28,No,No,No,Signal Jumping,Low,2.0
ACC20905,20-03-2023,20:11,Karnataka,Mangaluru,14.6809,75.7261,State Highway,Cloudy,Night,39,Male,Bus,46,No,Yes,No,Drowsy Driving,Medium,2.0
ACC20906,06-05-2024,05:19,Telangana,Karimnagar,17.9996,79.4305,National Highway,Cloudy,Dawn,22,Male,Car,80,No,No,No,Over Speeding,Medium,2.0
ACC20907,31-10-2023,18:50,Kerala,Thiruvananthapuram,10.4034,77.2273,Village Road,Cloudy,Dusk,32,Female,Car,34,No,No,Yes,Pothole/Bad Road,Low,2.0
ACC20908,09-05-2024,13:11,Tamil Nadu,Coimbatore,10.332,78.3866,City Road,Rainy,Day,27,Male,Car,63,No,Yes,Yes,Poor Weather Visibility,Medium,4.0
ACC20909,23-06-2024,15:31,Karnataka,Bengaluru Urban,15.4283,75.8981,Village Road,Cloudy,Day,31,Male,Truck,62,Yes,No,No,Drunk Driving,High,6.0
ACC20910,28-10-2022,17:23,Kerala,Ernakulam,10.3207,76.9688,National Highway,Clear,Dusk,40,Male,Auto,47,No,No,No,Poor Weather Visibility,Low,0.0
ACC20911,28-04-2024,15:51,Kerala,Thrissur,10.1771,76.1215,Expressway,Overcast,Day,41,Male,Auto,83,No,No,No,Over Speeding,High,1.0
ACC20912,05-06-2022,09:45,Telangana,Warangal,18.6397,78.9687,National Highway,Cloudy,Day,28,Male,Bus,77,No,No,No,Over Speeding,Medium,4.0
ACC20913,09-09-2022,13:46,Andhra Pradesh,Guntur,15.3394,79.5838,State Highway,Clear,Day,18,Male,Car,37,No,Yes,No,Drowsy Driving,Low,1.0
ACC20914,24-06-2022,11:59,Tamil Nadu,Salem,11.1342,78.3433,City Road,Clear,Day,34,Male,Bike,31,No,No,No,Signal Jumping,Low,2.0
ACC20915,30-12-2024,14:32,Karnataka,Bengaluru Urban,14.9944,75.5815,City Road,Clear,Day,18,Male,Bike,42,No,No,No,Signal Jumping,Low,0.0
ACC20916,08-07-2023,22:20,Andhra Pradesh,Kurnool,16.1611,79.7091,State Highway,Clear,Night,27,Male,Bike,70,No,No,No,Over Speeding,Medium,4.0
ACC20917,27-05-2023,11:11,Karnataka,Belagavi,15.2186,75.951,City Road,Overcast,Day,30,Female,Car,48,No,No,No,Poor Weather Visibility,Low,1.0
ACC20918,15-02-2023,06:38,Tamil Nadu,Madurai,10.8433,78.8064,City Road,Cloudy,Day,56,Male,Truck,50,Yes,No,No,Drunk Driving,Low,3.0
ACC20919,26-05-2023,20:59,Telangana,Hyderabad,18.1376,78.2343,National Highway,Rainy,Night,44,Male,Auto,88,Yes,No,No,Over Speeding,High,7.0
ACC20920,09-07-2023,15:58,Karnataka,Belagavi,15.491,75.1623,State Highway,Cloudy,Day,46,Female,Bike,70,No,No,No,Signal Jumping,Medium,1.0
ACC20921,15-05-2022,12:52,Karnataka,Bengaluru Urban,15.3084,75.5259,City Road,Cloudy,Day,49,Male,Auto,58,No,No,No,Poor Weather Visibility,Low,3.0
ACC20922,24-03-2024,15:35,Kerala,Thiruvananthapuram,10.9633,76.0683,National Highway,Clear,Day,25,Male,Truck,58,No,No,No,Poor Weather Visibility,Low,0.0
ACC20923,22-01-2022,14:56,Karnataka,Mangaluru,15.3608,75.9263,State Highway,Clear,Day,36,Male,Bike,73,No,No,No,Over Speeding,Medium,0.0
ACC20924,27-08-2023,12:41,Karnataka,Mangaluru,15.2166,75.4114,City Road,Cloudy,Day,19,Male,Bus,72,No,No,No,Poor Weather Visibility,Medium,4.0
ACC20925,26-01-2023,14:24,Andhra Pradesh,Visakhapatnam,15.5774,79.5694,Village Road,Rainy,Day,49,Female,Auto,63,No,No,No,Poor Weather Visibility,Medium,2.0
ACC20926,13-06-2023,07:00,Telangana,Warangal,17.5715,78.2475,State Highway,Clear,Day,31,Male,Truck,41,No,No,No,Signal Jumping,Low,1.0
ACC20927,27-01-2024,22:27,Karnataka,Hubballi,15.4913,75.5297,City Road,Cloudy,Night,53,Male,Truck,67,Yes,No,No,Drunk Driving,Medium,7.0
ACC20928,31-07-2022,04:31,Tamil Nadu,Chennai,11.5209,78.9426,State Highway,Foggy,Night,32,Male,Bike,63,No,No,No,Poor Weather Visibility,Medium,1.0
ACC20929,30-04-2024,17:43,Kerala,Kollam,10.3187,76.3311,State Highway,Clear,Dusk,38,Male,Bike,72,No,No,No,Over Speeding,Medium,3.0
ACC20930,11-05-2022,13:17,Karnataka,Mysuru,15.6125,76.0565,Village Road,Rainy,Day,40,Male,Car,32,No,No,No,Poor Weather Visibility,Low,0.0
ACC20931,04-07-2024,18:20,Karnataka,Belagavi,15.3951,75.6712,City Road,Clear,Dusk,34,Male,Bike,40,No,No,No,Signal Jumping,Low,0.0
ACC20932,18-03-2023,08:55,Tamil Nadu,Salem,10.8807,79.0287,National Highway,Cloudy,Day,39,Male,Bike,60,No,No,No,Poor Weather Visibility,Medium,6.0
ACC20933,07-08-2022,08:55,Andhra Pradesh,Kurnool,15.8511,79.7163,City Road,Rainy,Day,49,Male,Bike,49,No,No,No,Poor Weather Visibility,Medium,4.0
ACC20934,11-11-2023,18:17,Tamil Nadu,Chennai,10.916,78.5558,City Road,Cloudy,Dusk,27,Male,Car,47,No,No,No,Poor Weather Visibility,Low,2.0
ACC20935,25-10-2024,00:03,Tamil Nadu,Coimbatore,10.6383,78.1619,City Road,Clear,Night,34,Female,Truck,45,No,No,Yes,Pothole/Bad Road,Low,2.0
ACC20936,26-08-2023,19:07,Andhra Pradesh,Guntur,15.8976,79.6306,State Highway,Clear,Night,32,Male,Car,74,No,No,No,Over Speeding,Low,2.0
ACC20937,08-09-2022,15:04,Andhra Pradesh,Guntur,15.8676,79.745,State Highway,Clear,Day,39,Female,Auto,74,No,No,No,Over Speeding,Medium,2.0
ACC20938,19-08-2024,08:20,Tamil Nadu,Tiruchirappalli,11.1536,78.8765,City Road,Overcast,Day,21,Male,Car,45,No,No,Yes,Pothole/Bad Road,Low,4.0
ACC20939,30-05-2023,14:43,Tamil Nadu,Salem,11.1829,78.7391,National Highway,Rainy,Day,55,Male,Car,63,No,No,No,Poor Weather Visibility,Medium,4.0
ACC20940,10-02-2024,13:50,Kerala,Kozhikode,10.1572,76.8163,National Highway,Clear,Day,36,Male,Bike,65,No,No,No,Over Speeding,Medium,4.0
ACC20941,09-02-2023,06:59,Telangana,Khammam,17.1713,78.5836,National Highway,Clear,Day,46,Male,Car,94,No,Yes,No,Over Speeding,High,5.0
ACC20942,29-11-2023,09:17,Karnataka,Belagavi,15.2897,75.4351,Expressway,Rainy,Day,38,Male,Car,74,Yes,No,No,Poor Weather Visibility,High,10.0
ACC20943,24-11-2024,05:14,Kerala,Kozhikode,10.4266,75.8529,City Road,Clear,Dawn,45,Female,Car,41,No,No,No,Poor Weather Visibility,Low,0.0
ACC20944,29-07-2022,13:59,Karnataka,Hubballi,15.4166,75.3166,City Road,Cloudy,Day,26,Female,Bike,40,No,No,No,Poor Weather Visibility,Low,1.0
ACC20945,21-12-2022,19:24,Andhra Pradesh,Guntur,15.8563,79.4498,City Road,Clear,Night,43,Female,Truck,76,Yes,No,No,Drunk Driving,Medium,2.0
ACC20946,08-02-2023,17:57,Kerala,Ernakulam,10.1232,76.2236,National Highway,Overcast,Dusk,22,Male,Car,67,No,No,No,Poor Weather Visibility,Medium,2.0