Accident_ID,Date,Time,State,District,Latitude,Longitude,Road_Type,Weather,Light_Condition,Driver_Age,Driver_Gender,Vehicle_Type,Speed_kmph,Alcohol_Involved,Driver_Drowsy,Pothole_Involved,Cause_of_Accident,Severity,Casualties
ACC20947,20-03-2023,09:20,Karnataka,Mysuru,16.1161,76.1317,Expressway,Clear,Day,30,Female,Bus,70,No,No,No,Over Speeding,Low,1.0
ACC20948,15-11-2023,11:16,Andhra Pradesh,Visakhapatnam,15.0688,79.4403,City Road,Rainy,Day,26,Male,Bike,27,No,No,No,Poor Weather Visibility,Low,1.0
ACC20949,24-11-2023,19:42,Kerala,Kollam,9.6316,75.973,City Road,Clear,Night,42,Male,Bike,25,No,No,No,Poor Weather Visibility,Low,1.0
ACC20950,11-11-2022,19:01,Tamil Nadu,Salem,11.1685,78.7412,National Highway,Clear,Night,28,Male,Bus,64,No,Yes,No,Drowsy Driving,Medium,1.0
ACC20951,30-12-2024,19:52,Karnataka,Mysuru,15.8917,75.8126,State Highway,Cloudy,Night,37,Female,Bike,56,Yes,No,No,Drunk Driving,High,7.0
ACC20952,14-07-2024,08:47,Telangana,Warangal,18.1597,79.2803,Village Road,Rainy,Day,18,Male,Bike,37,No,No,Yes,Poor Weather Visibility,Low,1.0
ACC20953,08-05-2022,11:06,Telangana,Karimnagar,17.8125,79.1383,Expressway,Cloudy,Day,37,Male,Bike,77,No,No,No,Over Speeding,High,10.0
ACC20954,08-01-2023,09:09,Kerala,Thrissur,10.3173,75.8949,National Highway,Overcast,Day,38,Male,Car,66,No,No,No,Poor Weather Visibility,Low,0.0
ACC20955,16-02-2024,00:38,Andhra Pradesh,Vijayawada,15.8978,79.7775,Village Road,Cloudy,Night,28,Male,Bike,60,Yes,No,No,Drunk Driving,High,9.0
ACC20956,26-02-2023,19:14,Tamil Nadu,Chennai,10.2017,78.8868,State Highway,Cloudy,Night,37,Female,Bike,67,No,No,No,Poor Weather Visibility,Medium,1.0
ACC20957,12-11-2023,04:55,Karnataka,Belagavi,15.3941,74.6927,City Road,Clear,Night,60,Female,Auto,63,Yes,Yes,No,Drunk Driving,High,6.0
ACC20958,07-03-2022,12:55,Telangana,Hyderabad,17.1404,78.9364,National Highway,Clear,Day,33,Male,Car,88,No,No,No,Over Speeding,Medium,4.0
ACC20959,11-02-2022,17:44,Tamil Nadu,Madurai,11.9074,78.2599,City Road,Clear,Dusk,25,Male,Bus,48,No,No,No,Poor Weather Visibility,Low,0.0
ACC20960,29-05-2023,22:37,Puducherry,Puducherry,12.0624,79.7755,National Highway,Cloudy,Night,28,Male,Car,80,Yes,No,No,Drunk Driving,High,11.0
ACC20961,20-01-2022,16:10,Telangana,Karimnagar,17.9223,79.2103,Village Road,Overcast,Day,38,Male,Bike,50,No,No,Yes,Pothole/Bad Road,Medium,5.0
ACC20962,16-08-2022,02:35,Andhra Pradesh,Kurnool,15.8577,80.4308,National Highway,Clear,Night,28,Female,Bike,90,Yes,Yes,No,Over Speeding,High,5.0
ACC20963,28-03-2022,09:58,Karnataka,Belagavi,15.8735,75.8286,State Highway,Clear,Day,40,Male,Bike,70,Yes,No,No,Drunk Driving,Medium,0.0
ACC20964,25-01-2024,06:56,Tamil Nadu,Chennai,11.066,79.098,City Road,Clear,Day,32,Male,Truck,59,No,No,No,Signal Jumping,Low,0.0
ACC20965,23-04-2023,15:21,Karnataka,Belagavi,15.7388,76.1711,City Road,Cloudy,Day,22,Male,Bike,65,No,No,No,Poor Weather Visibility,Low,0.0
ACC20966,23-12-2024,12:55,Andhra Pradesh,Visakhapatnam,16.1521,79.7652,Village Road,Clear,Day,18,Female,Car,34,No,No,No,Poor Weather Visibility,Low,2.0
ACC20967,05-02-2023,12:54,Karnataka,Mysuru,14.3567,75.3856,National Highway,Cloudy,Day,20,Male,Bus,77,No,Yes,No,Drowsy Driving,Medium,5.0
ACC20968,20-06-2024,07:45,Telangana,Warangal,18.169,78.4615,City Road,Rainy,Day,56,Male,Bike,48,No,No,No,Poor Weather Visibility,Medium,5.0
ACC20969,30-01-2023,06:09,Tamil Nadu,Chennai,11.6399,78.7497,City Road,Overcast,Day,61,Male,Bike,59,No,Yes,Yes,Drowsy Driving,Medium,5.0
ACC20970,30-03-2023,20:13,Telangana,Khammam,18.1165,79.1626,National Highway,Clear,Night,28,Male,Truck,68,No,Yes,No,Drowsy Driving,Medium,3.0
ACC20971,13-10-2024,09:17,Telangana,Khammam,17.8105,80.081,Village Road,Clear,Day,36,Male,Car,42,No,No,No,Signal Jumping,Low,2.0
ACC20972,29-09-2022,11:01,Andhra Pradesh,Visakhapatnam,15.6624,79.7478,City Road,Cloudy,Day,68,Male,Bike,32,No,No,Yes,Pothole/Bad Road,Low,1.0
ACC20973,05-03-2022,01:40,Tamil Nadu,Salem,11.1786,79.121,City Road,Clear,Night,56,Male,Bike,75,Yes,No,No,Drunk Driving,Medium,5.0
ACC20974,16-05-2023,18:12,Tamil Nadu,Coimbatore,11.4016,77.9262,Expressway,Foggy,Dusk,52,Male,Truck,83,No,No,No,Poor Weather Visibility,High,4.0
ACC20975,28-12-2024,11:52,Tamil Nadu,Madurai,10.235,79.1522,National Highway,Clear,Day,20,Male,Bike,60,No,No,No,Signal Jumping,Low,2.0
ACC20976,04-03-2023,23:40,Tamil Nadu,Chennai,10.8931,78.4764,Village Road,Clear,Night,21,Male,Car,32,Yes,No,No,Drunk Driving,Medium,2.0
ACC20977,28-11-2022,12:08,Andhra Pradesh,Nellore,15.299,80.0552,Village Road,Foggy,Day,41,Female,Bike,32,No,No,Yes,Poor Weather Visibility,Low,1.0
ACC20978,17-05-2024,17:20,Kerala,Thrissur,10.1168,76.595,Expressway,Cloudy,Dusk,18,Male,Bus,96,No,No,No,Over Speeding,High,6.0
ACC20979,12-09-2024,20:01,Andhra Pradesh,Nellore,16.2256,78.889,Village Road,Clear,Night,25,Female,Bus,65,Yes,No,No,Drunk Driving,Medium,3.0
ACC20980,15-08-2024,15:48,Karnataka,Bengaluru Urban,14.783,75.9315,Village Road,Clear,Day,46,Male,Car,64,No,No,Yes,Pothole/Bad Road,Low,1.0
ACC20981,11-08-2024,13:17,Karnataka,Belagavi,16.1597,75.4311,Village Road,Cloudy,Day,43,Male,Truck,38,No,No,No,Poor Weather Visibility,Low,0.0
ACC20982,25-06-2023,16:31,Telangana,Karimnagar,17.5956,78.8077,City Road,Rainy,Day,23,Female,Bus,49,No,No,Yes,Poor Weather Visibility,Medium,2.0
ACC20983,14-07-2022,22:17,Puducherry,Karaikal,11.2249,79.1431,State Highway,Clear,Night,35,Female,Bike,61,Yes,Yes,Yes,Drunk Driving,High,6.0
ACC20984,15-08-2022,10:35,Tamil Nadu,Tiruchirappalli,11.1213,78.8311,State Highway,Overcast,Day,46,Male,Car,48,No,No,No,Poor Weather Visibility,Low,2.0
ACC20985,15-01-2023,06:31,Andhra Pradesh,Vijayawada,16.0261,79.4982,Village Road,Rainy,Day,20,Male,Bike,42,No,No,No,Poor Weather Visibility,Medium,1.0
ACC20986,05-08-2023,13:26,Kerala,Kozhikode,10.6647,76.1231,State Highway,Cloudy,Day,34,Male,Car,60,No,No,No,Signal Jumping,Low,0.0
ACC20987,13-06-2022,10:25,Tamil Nadu,Tiruchirappalli,11.3819,78.6418,National Highway,Clear,Day,18,Male,Car,93,No,No,No,Over Speeding,Medium,7.0
ACC20988,18-12-2022,16:45,Kerala,Kozhikode,10.3169,76.252,National Highway,Clear,Day,30,Male,Bike,78,No,No,No,Over Speeding,Low,0.0
ACC20989,11-04-2022,09:55,Karnataka,Bengaluru Urban,15.2863,75.7103,Village Road,Rainy,Day,28,Female,Bike,27,No,No,Yes,Poor Weather Visibility,Low,0.0
ACC20990,06-10-2023,13:18,Karnataka,Hubballi,15.2837,75.3121,National Highway,Cloudy,Day,33,Male,Car,70,No,No,No,Poor Weather Visibility,Medium,1.0
ACC20991,11-06-2023,14:22,Puducherry,Karaikal,12.4226,80.026,National Highway,Clear,Day,35,Female,Bus,50,No,No,No,Poor Weather Visibility,Low,2.0
ACC20992,31-05-2023,18:03,Andhra Pradesh,Nellore,16.1832,79.9931,State Highway,Cloudy,Dusk,18,Male,Truck,57,No,No,No,Poor Weather Visibility,Low,2.0
ACC20993,15-07-2022,14:01,Tamil Nadu,Madurai,11.3948,79.0945,City Road,Overcast,Day,33,Female,Car,46,No,No,Yes,Pothole/Bad Road,Low,0.0
ACC20994,20-01-2023,07:04,Andhra Pradesh,Vijayawada,16.2854,79.4442,State Highway,Clear,Day,44,Male,Bike,57,No,No,No,Poor Weather Visibility,Low,0.0
ACC20995,17-02-2022,11:51,Tamil Nadu,Tiruchirappalli,11.1949,78.4675,National Highway,Rainy,Day,40,Female,Auto,61,No,No,No,Poor Weather Visibility,High,5.0
ACC20996,17-11-2022,13:45,Telangana,Nizamabad,18.288,79.2264,National Highway,Clear,Day,40,Male,Car,74,Yes,No,No,Drunk Driving,Medium,5.0
ACC20997,16-09-2022,11:25,Kerala,Thiruvananthapuram,10.4931,76.3943,City Road,Clear,Day,25,Female,Auto,58,No,No,No,Poor Weather Visibility,Low,1.0
ACC20998,29-01-2023,07:09,Andhra Pradesh,Guntur,15.8028,79.3147,City Road,Clear,Day,67,Male,Auto,44,No,No,No,Signal Jumping,Low,
ACC20999,06-11-2024,21:45,Tamil Nadu,Salem,11.3335,79.3923,National Highway,Clear,Night,55,Male,Truck,66,No,Yes,No,Drowsy Driving,Medium,4.0
ACC21000,08-02-2023,23:03,Tamil Nadu,Salem,10.9843,78.7653,City Road,Cloudy,Night,58,Male,Car,48,Yes,No,Yes,Drunk Driving,Medium,7.0
ACC21001,26-03-2022,22:28,Kerala,Ernakulam,9.4139,76.5115,National Highway,Cloudy,Night,59,Female,Auto,86,Yes,No,Yes,Over Speeding,High,6.0
ACC21002,15-04-2022,09:36,Karnataka,Belagavi,14.7766,75.6943,City Road,Clear,Day,35,Male,Bike,36,No,No,No,Signal Jumping,Low,1.0
ACC21003,04-03-2022,03:34,Telangana,Khammam,17.6146,79.0983,City Road,Rainy,Night,28,Male,Auto,24,Yes,No,No,Poor Weather Visibility,Low,2.0
ACC21004,13-04-2023,08:21,Karnataka,Hubballi,16.1505,75.7838,City Road,Foggy,Day,40,Male,Bus,43,No,No,Yes,Poor Weather Visibility,Medium,3.0
ACC21005,06-06-2024,16:39,Karnataka,Bengaluru Urban,15.2285,76.2393,Expressway,Clear,Day,64,Male,Truck,61,No,No,No,Signal Jumping,Low,1.0
ACC21006,22-09-2022,20:29,Tamil Nadu,Tiruchirappalli,11.0415,77.6407,National Highway,Cloudy,Night,38,Female,Truck,65,Yes,No,No,Drunk Driving,Medium,1.0
ACC21007,17-03-2023,12:17,Kerala,Ernakulam,10.1193,75.707,National Highway,Clear,Day,23,Male,Car,61,No,No,No,Signal Jumping,Low,0.0
ACC21008,23-01-2023,16:56,Telangana,Hyderabad,18.2132,79.1138,Village Road,Rainy,Day,49,Female,Car,46,No,No,No,Poor Weather Visibility,Medium,3.0
ACC21009,22-11-2023,20:41,Karnataka,Belagavi,14.6751,75.2194,City Road,Clear,Night,41,Male,Car,57,No,No,Yes,Pothole/Bad Road,Low,0.0
ACC21010,20-07-2023,16:53,Telangana,Karimnagar,18.18,78.9072,Village Road,Foggy,Day,35,Male,Auto,47,No,No,Yes,Poor Weather Visibility,Medium,3.0
ACC21011,20-04-2024,10:11,Tamil Nadu,Salem,11.4914,78.7938,City Road,Cloudy,Day,18,Male,Car,33,No,No,No,Poor Weather Visibility,Low,0.0
ACC21012,17-11-2024,17:12,Telangana,Khammam,17.6905,78.9832,City Road,Overcast,Dusk,39,Male,Auto,55,No,No,No,Poor Weather Visibility,Medium,5.0
ACC21013,26-05-2023,16:26,Kerala,Kozhikode,9.804,76.2054,City Road,Cloudy,Day,25,Male,Truck,34,No,No,Yes,Pothole/Bad Road,Low,1.0
ACC21014,08-09-2024,21:13,Tamil Nadu,Coimbatore,10.9056,78.3998,Village Road,Clear,Night,20,Male,Car,48,Yes,No,No,Drunk Driving,Medium,3.0
ACC21015,20-03-2023,11:21,Telangana,Karimnagar,17.524,79.9807,State Highway,Cloudy,Day,50,Female,Bike,58,No,No,No,Poor Weather Visibility,Low,0.0
ACC21016,01-07-2022,19:29,Telangana,Hyderabad,17.6489,78.389,Expressway,Foggy,Night,45,Male,Bike,78,No,No,No,Poor Weather Visibility,High,9.0
ACC21017,09-01-2023,07:38,Tamil Nadu,Tiruchirappalli,10.6611,78.5086,Expressway,Clear,Day,42,Male,Bike,73,No,Yes,No,Drowsy Driving,High,7.0
ACC21018,26-07-2024,17:10,Tamil Nadu,Salem,11.0954,78.5136,City Road,Clear,Dusk,31,Male,Bike,43,No,No,No,Signal Jumping,Low,1.0
ACC21019,12-10-2024,18:51,Karnataka,Belagavi,15.5489,76.1567,City Road,Clear,Dusk,25,Male,Auto,51,No,No,Yes,Pothole/Bad Road,Low,1.0
ACC21020,20-02-2023,17:40,Kerala,Kollam,10.6324,76.4131,National Highway,Cloudy,Dusk,18,Male,Bike,86,Yes,No,No,Over Speeding,High,6.0
ACC21021,16-03-2024,16:43,Telangana,Warangal,17.7607,79.4485,Village Road,Clear,Day,18,Male,Bike,40,No,No,No,Signal Jumping,Low,0.0
ACC21022,29-03-2023,11:47,Telangana,Khammam,18.2308,79.3644,City Road,Rainy,Day,56,Male,Car,31,No,No,No,Poor Weather Visibility,Low,0.0
ACC21023,29-08-2024,19:24,Karnataka,Hubballi,15.4559,76.1698,Village Road,Cloudy,Night,32,Female,Bike,44,No,Yes,Yes,Drowsy Driving,Medium,0.0
ACC21024,13-10-2022,18:36,Tamil Nadu,Coimbatore,11.0287,78.529,Village Road,Rainy,Dusk,19,Male,Auto,55,No,No,Yes,Poor Weather Visibility,Medium,3.0
ACC21025,01-03-2023,20:09,Kerala,Thrissur,9.6881,76.0985,National Highway,Clear,Night,63,Male,Bike,86,No,Yes,No,Over Speeding,High,11.0
ACC21026,17-03-2022,17:48,Kerala,Thrissur,9.7611,76.7606,National Highway,Clear,Dusk,18,Male,Auto,73,No,No,No,Signal Jumping,Medium,4.0
ACC21027,20-06-2023,12:59,Karnataka,Belagavi,15.0935,75.4538,Village Road,Cloudy,Day,53,Male,Bus,40,No,No,No,Poor Weather Visibility,Low,2.0
ACC21028,05-05-2023,15:56,Kerala,Thiruvananthapuram,10.4502,76.6115,National Highway,Cloudy,Day,28,Male,Auto,61,No,No,No,Poor Weather Visibility,Low,2.0
ACC21029,25-11-2022,10:56,Puducherry,Puducherry,12.1189,79.9799,City Road,Rainy,Day,35,Male,Bike,48,No,No,Yes,Poor Weather Visibility,Medium,2.0
ACC21030,05-01-2022,18:02,Tamil Nadu,Chennai,10.7705,79.1132,State Highway,Rainy,Dusk,19,Male,Bike,66,No,No,Yes,Poor Weather Visibility,High,0.0
ACC21031,17-07-2024,20:28,Karnataka,Hubballi,15.0385,75.8336,City Road,Rainy,Night,18,Female,Bike,37,No,No,No,Poor Weather Visibility,Medium,2.0
ACC21032,22-01-2023,12:57,Telangana,Nizamabad,18.3129,78.7678,Village Road,Clear,Day,35,Female,Auto,28,No,No,No,Signal Jumping,Low,1.0
ACC21033,10-07-2022,00:21,Tamil Nadu,Coimbatore,11.5136,78.0966,Village Road,Clear,Night,42,Male,Auto,48,No,No,No,Poor Weather Visibility,Low,0.0
ACC21034,19-11-2023,10:01,Tamil Nadu,Tiruchirappalli,11.9859,78.9441,National Highway,Clear,Day,34,Female,Car,80,No,No,Yes,Over Speeding,Medium,1.0
ACC21035,31-10-2022,15:42,Tamil Nadu,Coimbatore,11.502,78.4261,National Highway,Clear,Day,42,Male,Truck,54,No,No,No,Signal Jumping,Low,1.0
ACC21036,25-07-2024,08:24,Andhra Pradesh,Visakhapatnam,16.3144,79.6113,National Highway,Rainy,Day,31,Male,Car,75,No,Yes,No,Poor Weather Visibility,High,3.0
ACC21037,25-05-2022,01:30,Tamil Nadu,Chennai,10.5661,78.4422,State Highway,Clear,Night,50,Male,Bike,100,Yes,No,No,Over Speeding,High,6.0
ACC21038,02-12-2023,16:02,Tamil Nadu,Tiruchirappalli,10.7324,78.6842,City Road,Cloudy,Day,33,Male,Bus,48,Yes,Yes,No,Drunk Driving,Low,2.0
ACC21039,18-12-2022,14:50,Andhra Pradesh,Kurnool,16.5266,78.9389,Expressway,Rainy,Day,39,Male,Auto,71,Yes,No,Yes,Poor Weather Visibility,High,3.0
ACC21040,29-12-2024,05:55,Andhra Pradesh,Guntur,15.1407,78.689,City Road,Clear,Dawn,23,Female,Bus,57,No,No,No,Signal Jumping,Low,2.0
ACC21041,15-01-2024,20:47,Andhra Pradesh,Nellore,16.0632,79.3749,National Highway,Rainy,Night,20,Female,Bus,58,No,No,No,Poor Weather Visibility,Medium,4.0
ACC21042,18-10-2023,13:16,Karnataka,Belagavi,15.2233,75.6139,Village Road,Clear,Day,32,Female,Bike,31,No,Yes,No,Drowsy Driving,Low,0.0
ACC21043,29-01-2023,09:07,Telangana,Khammam,17.6756,78.8729,City Road,Rainy,Day,42,Male,Bus,48,No,No,No,Poor Weather Visibility,Low,2.0
ACC21044,26-04-2022,17:38,Tamil Nadu,Coimbatore,11.9085,78.72,Village Road,Clear,Dusk,38,Female,Bike,42,No,No,No,Poor Weather Visibility,Low,1.0
ACC21045,02-07-2023,07:00,Karnataka,Belagavi,15.1137,76.726,National Highway,Clear,Day,44,Male,Bus,67,No,No,Yes,Pothole/Bad Road,Low,1.0
ACC21046,26-04-2022,01:27,Karnataka,Bengaluru Urban,15.741,76.2262,State Highway,Overcast,Night,37,Male,Bike,59,Yes,Yes,No,Drunk Driving,High,8.0
ACC21047,18-02-2024,21:00,Kerala,Ernakulam,10.029,76.7068,City Road,Clear,Night,49,Male,Bike,57,No,No,No,Signal Jumping,Low,0.0
ACC21048,27-02-2024,17:19,Tamil Nadu,Salem,11.2994,78.4186,State Highway,Clear,Dusk,34,Male,Car,39,No,No,No,Signal Jumping,Low,1.0
ACC21049,08-08-2022,21:42,Tamil Nadu,Madurai,11.1849,79.1077,National Highway,Cloudy,Night,18,Male,Bike,57,No,No,No,Poor Weather Visibility,Medium,1.0
ACC21050,12-11-2022,06:18,Puducherry,Puducherry,12.3881,80.6105,National Highway,Cloudy,Day,48,Male,Bike,86,Yes,No,No,Over Speeding,High,
ACC21051,17-01-2022,17:28,Karnataka,Bengaluru Urban,14.8732,76.3932,State Highway,Clear,Dusk,45,Male,Bike,67,No,No,No,Over Speeding,Medium,1.0
ACC21052,27-06-2022,16:00,Kerala,Ernakulam,9.9116,75.9643,National Highway,Clear,Day,43,Female,Car,46,No,No,No,Signal Jumping,Low,0.0
ACC21053,06-08-2024,12:38,Telangana,Nizamabad,18.2753,79.4669,Village Road,Clear,Day,18,Female,Auto,54,No,No,No,Poor Weather Visibility,Medium,5.0
ACC21054,10-03-2022,15:15,Karnataka,Bengaluru Urban,15.9242,75.9115,State Highway,Cloudy,Day,40,Male,Bike,47,No,No,No,Poor Weather Visibility,Low,0.0
ACC21055,22-05-2024,22:05,Karnataka,Hubballi,15.961,75.5972,Village Road,Clear,Night,18,Female,Car,45,No,No,Yes,Pothole/Bad Road,Medium,1.0
ACC21056,01-11-2022,18:34,Kerala,Kollam,9.9038,75.9894,State Highway,Clear,Dusk,18,Male,Bike,68,No,No,No,Over Speeding,High,6.0
ACC21057,27-02-2024,14:11,Tamil Nadu,Madurai,10.5609,78.3851,State Highway,Clear,Day,29,Male,Car,66,No,No,No,Signal Jumping,Medium,3.0
ACC21058,29-06-2022,20:50,Tamil Nadu,Salem,11.2048,78.9148,National Highway,Rainy,Night,28,Female,Car,54,No,No,Yes,Poor Weather Visibility,Low,1.0
ACC21059,19-08-2024,19:35,Andhra Pradesh,Guntur,15.7249,80.0,Expressway,Clear,Night,18,Male,Car,83,No,Yes,No,Over Speeding,High,7.0
ACC21060,18-10-2024,15:55,Karnataka,Mangaluru,15.3419,74.6892,City Road,Cloudy,Day,36,Male,Car,38,No,No,No,Poor Weather Visibility,Low,1.0
ACC21061,26-07-2022,12:03,Tamil Nadu,Coimbatore,11.6558,78.2774,National Highway,Clear,Day,47,Male,Bike,75,No,No,No,Over Speeding,Medium,0.0
ACC21062,08-01-2022,21:19,Karnataka,Belagavi,14.8537,76.3647,National Highway,Clear,Night,42,Male,Bike,66,No,No,No,Signal Jumping,Medium,3.0
ACC21063,06-08-2023,22:31,Andhra Pradesh,Visakhapatnam,16.3269,79.7023,City Road,Overcast,Night,29,Male,Bike,61,No,Yes,No,Drowsy Driving,Medium,4.0
ACC21064,23-08-2022,10:54,Andhra Pradesh,Visakhapatnam,16.8159,79.6773,Expressway,Rainy,Day,53,Male,Bus,72,No,Yes,No,Poor Weather Visibility,Medium,2.0
ACC21065,27-02-2023,01:26,Kerala,Kozhikode,10.2372,76.1502,Village Road,Rainy,Night,29,Male,Bike,50,No,No,No,Poor Weather Visibility,Medium,2.0
ACC21066,29-06-2023,21:31,Tamil Nadu,Tiruchirappalli,11.3889,78.8535,City Road,Cloudy,Night,44,Male,Bike,35,No,No,No,Poor Weather Visibility,Low,1.0
ACC21067,29-01-2022,00:03,Telangana,Karimnagar,17.597,78.3145,National Highway,Rainy,Night,31,Male,Car,76,Yes,No,Yes,Poor Weather Visibility,High,6.0
ACC21068,28-02-2023,09:35,Tamil Nadu,Madurai,10.7835,78.6491,National Highway,Cloudy,Day,37,Male,Car,74,No,No,No,Over Speeding,Medium,4.0
ACC21069,07-08-2022,03:12,Andhra Pradesh,Guntur,16.1496,79.1025,Expressway,Clear,Night,18,Male,Car,105,Yes,No,No,Over Speeding,High,4.0
ACC21070,11-09-2022,21:34,Tamil Nadu,Chennai,9.9495,79.1318,Village Road,Clear,Night,22,Male,Bus,38,No,No,No,Poor Weather Visibility,Low,0.0
ACC21071,16-09-2024,02:30,Telangana,Hyderabad,18.3503,78.4833,City Road,Overcast,Night,52,Male,Auto,43,No,No,No,Poor Weather Visibility,Low,0.0
ACC21072,19-03-2022,07:54,Andhra Pradesh,Guntur,15.5291,80.5191,City Road,Clear,Day,20,Female,Bus,44,No,Yes,No,Drowsy Driving,Low,0.0
ACC21073,24-07-2022,11:04,Kerala,Thiruvananthapuram,10.1901,75.8775,National Highway,Cloudy,Day,54,Male,Bike,72,No,No,No,Poor Weather Visibility,Medium,2.0
ACC21074,28-08-2022,07:04,Karnataka,Belagavi,15.3291,75.9654,City Road,Clear,Day,50,Female,Bike,70,No,No,Yes,Pothole/Bad Road,Medium,1.0
ACC21075,20-08-2023,18:30,Kerala,Thiruvananthapuram,10.3325,76.2581,City Road,Overcast,Dusk,30,Male,Car,57,No,No,No,Poor Weather Visibility,Low,
ACC21076,06-06-2024,13:34,Andhra Pradesh,Nellore,16.1456,79.9307,State Highway,Clear,Day,41,Male,Car,57,No,No,Yes,Pothole/Bad Road,Low,1.0
ACC21077,20-12-2022,08:24,Kerala,Ernakulam,9.8475,76.207,Village Road,Clear,Day,34,Male,Truck,43,No,No,No,Signal Jumping,Low,0.0
ACC21078,23-06-2024,15:18,Andhra Pradesh,Guntur,15.4166,80.0968,City Road,Rainy,Day,32,Male,Bike,40,No,No,No,Poor Weather Visibility,Low,2.0
ACC21079,22-10-2024,21:37,Tamil Nadu,Salem,11.6505,78.6283,City Road,Rainy,Night,42,Female,Car,55,Yes,No,No,Poor Weather Visibility,Medium,7.0
ACC21080,13-06-2024,04:47,Karnataka,Belagavi,15.5757,75.2479,City Road,Clear,Night,26,Male,Bike,46,Yes,Yes,No,Drunk Driving,Medium,1.0
ACC21081,21-05-2024,21:53,Andhra Pradesh,Visakhapatnam,15.07,80.0423,State Highway,Cloudy,Night,26,Female,Car,71,No,No,No,Poor Weather Visibility,Medium,3.0
ACC21082,17-02-2022,19:53,Karnataka,Belagavi,15.0443,75.8822,City Road,Clear,Night,26,Male,Bike,49,Yes,No,No,Drunk Driving,Low,2.0
ACC21083,10-12-2024,11:57,Puducherry,Karaikal,11.5461,79.7831,National Highway,Cloudy,Day,75,Male,Auto,91,No,No,No,Over Speeding,High,6.0
ACC21084,26-10-2022,21:46,Kerala,Kozhikode,10.7433,76.5376,Village Road,Rainy,Night,55,Male,Truck,56,No,Yes,No,Poor Weather Visibility,High,4.0
ACC21085,08-04-2024,05:02,Karnataka,Bengaluru Urban,15.4154,75.3109,Village Road,Clear,Dawn,32,Male,Car,43,No,No,Yes,Pothole/Bad Road,Low,1.0
ACC21086,02-06-2022,17:28,Telangana,Karimnagar,17.9872,78.3438,Expressway,Cloudy,Dusk,18,Male,Auto,72,Yes,Yes,No,Drunk Driving,High,6.0
ACC21087,26-10-2022,01:36,Karnataka,Belagavi,15.3049,75.6535,City Road,Foggy,Night,28,Male,Bike,57,Yes,No,No,Poor Weather Visibility,High,8.0
ACC21088,28-05-2024,13:30,Kerala,Ernakulam,10.1331,76.5626,Expressway,Clear,Day,30,Male,Car,74,No,No,No,Over Speeding,Low,0.0
ACC21089,03-02-2022,00:02,Andhra Pradesh,Vijayawada,14.9688,79.6335,City Road,Clear,Night,29,Female,Truck,48,No,Yes,No,Drowsy Driving,Low,0.0
ACC21090,01-09-2024,05:47,Telangana,Nizamabad,18.1953,78.8346,State Highway,Clear,Dawn,34,Male,Auto,65,No,No,Yes,Pothole/Bad Road,Medium,3.0
ACC21091,15-09-2023,17:18,Tamil Nadu,Chennai,11.6873,79.0279,City Road,Overcast,Dusk,38,Male,Car,69,Yes,No,No,Drunk Driving,Medium,2.0
ACC21092,14-11-2022,13:54,Telangana,Khammam,17.6133,79.6506,Expressway,Rainy,Day,33,Male,Auto,79,No,No,No,Poor Weather Visibility,Medium,3.0
ACC21093,14-06-2024,07:03,Kerala,Kozhikode,10.4423,76.623,City Road,Overcast,Day,26,Female,Truck,45,No,No,No,Poor Weather Visibility,Low,0.0
ACC21094,18-10-2022,14:23,Karnataka,Mysuru,15.3161,75.8745,Village Road,Cloudy,Day,42,Male,Bike,36,No,No,Yes,Pothole/Bad Road,Medium,4.0
ACC21095,03-09-2023,21:56,Karnataka,Hubballi,14.7725,76.0833,City Road,Cloudy,Night,21,Male,Car,30,No,No,No,Signal Jumping,Low,3.0
ACC21096,04-09-2022,10:39,Puducherry,Karaikal,12.2996,79.8939,City Road,Rainy,Day,38,Male,Truck,42,No,No,No,Poor Weather Visibility,Low,0.0
ACC21097,16-06-2022,15:16,Telangana,Khammam,17.8547,78.9806,City Road,Rainy,Day,26,Male,Car,50,No,No,No,Poor Weather Visibility,Low,2.0
ACC21098,19-12-2022,17:11,Kerala,Thiruvananthapuram,10.3279,76.2598,City Road,Clear,Dusk,23,Male,Bus,32,No,No,No,Signal Jumping,Low,1.0
ACC21099,12-10-2023,16:11,Karnataka,Bengaluru Urban,15.3424,75.5934,Expressway,Clear,Day,32,Male,Truck,67,No,No,No,Signal Jumping,Medium,2.0
ACC21100,14-07-2023,19:57,Puducherry,Karaikal,12.0238,79.1008,City Road,Clear,Night,45,Male,Car,42,No,No,No,Signal Jumping,Low,0.0
ACC21101,20-05-2024,08:30,Tamil Nadu,Coimbatore,11.6462,78.0405,Village Road,Rainy,Day,44,Female,Bike,50,No,No,Yes,Poor Weather Visibility,Medium,2.0
ACC21102,05-06-2023,16:33,Tamil Nadu,Tiruchirappalli,10.6248,79.2843,National Highway,Cloudy,Day,18,Female,Bike,70,Yes,No,No,Drunk Driving,High,5.0
ACC21103,27-11-2022,22:48,Kerala,Thrissur,10.1171,76.3077,City Road,Clear,Night,39,Male,Car,34,No,No,No,Poor Weather Visibility,Low,0.0