Accident_ID,Date,Time,State,District,Latitude,Longitude,Road_Type,Weather,Light_Condition,Driver_Age,Driver_Gender,Vehicle_Type,Speed_kmph,Alcohol_Involved,Driver_Drowsy,Pothole_Involved,Cause_of_Accident,Severity,Casualties
ACC21104,27-04-2023,09:23,Kerala,Kozhikode,10.5007,75.8983,State Highway,Cloudy,Day,28,Male,Bike,81,Yes,No,Yes,Drunk Driving,High,4.0
ACC21105,06-04-2024,18:06,Tamil Nadu,Madurai,11.2332,79.0803,Expressway,Clear,Dusk,27,Male,Bike,68,No,No,No,Over Speeding,High,8.0
ACC21106,22-02-2022,09:52,Tamil Nadu,Salem,11.2949,79.2285,National Highway,Rainy,Day,53,Male,Car,59,No,No,No,Poor Weather Visibility,Medium,2.0
ACC21107,06-03-2024,10:04,Tamil Nadu,Coimbatore,10.7097,78.1525,City Road,Clear,Day,26,Male,Car,27,No,No,Yes,Pothole/Bad Road,Low,2.0
ACC21108,09-03-2022,13:46,Karnataka,Mangaluru,15.0591,75.7774,Expressway,Overcast,Day,31,Male,Truck,70,Yes,No,Yes,Drunk Driving,High,6.0
ACC21109,03-11-2023,14:02,Tamil Nadu,Madurai,11.4502,78.5684,State Highway,Clear,Day,32,Male,Car,71,No,No,No,Over Speeding,Low,0.0
ACC21110,09-10-2022,17:22,Tamil Nadu,Salem,11.2447,78.1525,City Road,Overcast,Dusk,19,Male,Auto,42,No,No,No,Poor Weather Visibility,Low,0.0
ACC21111,20-06-2022,15:17,Tamil Nadu,Salem,11.8569,78.4804,City Road,Clear,Day,66,Male,Bus,65,No,No,No,Signal Jumping,Low,0.0
ACC21112,14-05-2024,15:28,Karnataka,Bengaluru Urban,15.3488,75.2148,Village Road,Rainy,Day,37,Male,Bike,25,No,No,No,Poor Weather Visibility,Low,1.0
ACC21113,25-09-2024,08:19,Tamil Nadu,Salem,10.5688,78.6261,National Highway,Clear,Day,58,Male,Car,55,No,No,No,Poor Weather Visibility,Low,3.0
ACC21114,19-07-2023,17:54,Andhra Pradesh,Nellore,15.7456,79.5988,State Highway,Clear,Dusk,32,Male,Auto,54,No,No,No,Signal Jumping,Low,0.0
ACC21115,27-02-2024,11:09,Karnataka,Mangaluru,14.8224,75.1892,Expressway,Clear,Day,22,Male,Auto,89,No,No,No,Over Speeding,Medium,6.0
ACC21116,25-04-2022,16:50,Tamil Nadu,Madurai,10.46,78.2054,Village Road,Rainy,Day,72,Male,Bike,41,Yes,No,Yes,Poor Weather Visibility,Medium,
ACC21117,25-11-2022,09:43,Andhra Pradesh,Kurnool,15.6693,80.0483,National Highway,Clear,Day,33,Male,Bike,77,No,No,No,Over Speeding,Medium,2.0
ACC21118,07-07-2022,13:24,Telangana,Karimnagar,17.1069,78.6177,City Road,Cloudy,Day,41,Male,Car,45,No,No,No,Poor Weather Visibility,Low,1.0
ACC21119,28-11-2023,18:56,Karnataka,Belagavi,15.3615,75.225,National Highway,Clear,Dusk,42,Male,Bike,86,Yes,No,Yes,Over Speeding,High,4.0
ACC21120,14-02-2023,03:41,Tamil Nadu,Salem,10.9989,79.4605,City Road,Cloudy,Night,32,Male,Bike,52,No,No,Yes,Signal Jumping,Low,0.0
ACC21121,27-05-2022,09:03,Andhra Pradesh,Vijayawada,16.0832,79.5885,Village Road,Cloudy,Day,18,Male,Car,68,No,No,Yes,Pothole/Bad Road,Medium,4.0
ACC21122,29-10-2023,22:03,Andhra Pradesh,Vijayawada,15.9689,79.3042,Village Road,Clear,Night,48,Male,Car,45,No,No,No,Signal Jumping,Low,1.0
ACC21123,06-08-2024,10:14,Telangana,Hyderabad,18.1046,78.4074,State Highway,Foggy,Day,29,Male,Bike,62,No,No,No,Poor Weather Visibility,Medium,3.0
ACC21124,01-04-2024,18:02,Andhra Pradesh,Nellore,16.2063,79.4114,City Road,Overcast,Dusk,34,Male,Bike,52,No,No,Yes,Pothole/Bad Road,Medium,4.0
ACC21125,09-09-2022,15:50,Kerala,Ernakulam,10.3882,76.5733,State Highway,Clear,Day,36,Female,Car,52,No,No,Yes,Pothole/Bad Road,Low,0.0
ACC21126,29-04-2022,06:06,Karnataka,Belagavi,15.639,75.6146,City Road,Rainy,Day,38,Female,Car,45,No,No,No,Poor Weather Visibility,Low,0.0
ACC21127,12-09-2023,05:28,Karnataka,Mysuru,14.6761,76.7589,State Highway,Cloudy,Dawn,52,Male,Truck,49,No,No,No,Poor Weather Visibility,Low,0.0
ACC21128,23-02-2024,22:45,Tamil Nadu,Tiruchirappalli,11.5076,79.0342,Expressway,Clear,Night,41,Male,Bike,97,No,Yes,No,Over Speeding,High,7.0
ACC21129,19-03-2024,21:42,Telangana,Khammam,18.1715,79.2866,State Highway,Cloudy,Night,31,Male,Car,72,No,Yes,No,Drowsy Driving,Medium,2.0
ACC21130,20-11-2022,16:39,Kerala,Thiruvananthapuram,9.6711,76.7156,Village Road,Clear,Day,43,Male,Car,15,No,No,No,Signal Jumping,Low,2.0
ACC21131,21-05-2024,19:57,Karnataka,Mangaluru,15.1447,76.1008,Expressway,Clear,Night,34,Male,Bike,100,Yes,Yes,No,Over Speeding,High,7.0
ACC21132,14-08-2024,17:50,Tamil Nadu,Tiruchirappalli,11.6685,78.5628,Expressway,Overcast,Dusk,50,Male,Car,78,No,No,No,Over Speeding,Medium,2.0
ACC21133,17-04-2023,16:07,Karnataka,Mysuru,14.9235,76.0996,State Highway,Cloudy,Day,18,Female,Auto,62,No,No,No,Poor Weather Visibility,Medium,2.0
ACC21134,22-08-2024,18:46,Andhra Pradesh,Guntur,15.536,79.1104,Expressway,Cloudy,Dusk,48,Female,Bike,76,No,No,No,Over Speeding,Medium,1.0
ACC21135,10-07-2022,12:34,Tamil Nadu,Tiruchirappalli,11.0318,79.3911,State Highway,Clear,Day,30,Male,Truck,48,No,No,No,Signal Jumping,Low,
ACC21136,15-02-2023,07:18,Tamil Nadu,Madurai,10.7695,79.1475,Expressway,Clear,Day,19,Male,Bike,68,No,No,No,Signal Jumping,Low,2.0
ACC21137,16-03-2022,02:07,Karnataka,Mangaluru,14.8299,74.4345,Expressway,Rainy,Night,20,Female,Truck,102,Yes,No,No,Over Speeding,High,6.0
ACC21138,21-04-2024,07:38,Karnataka,Mysuru,15.298,75.3881,Village Road,Clear,Day,23,Male,Bike,49,No,Yes,Yes,Drowsy Driving,Medium,1.0
ACC21139,09-01-2023,19:27,Andhra Pradesh,Visakhapatnam,15.7561,79.9122,National Highway,Clear,Night,48,Male,Bike,82,No,No,No,Over Speeding,High,6.0
ACC21140,10-07-2024,08:56,Kerala,Thiruvananthapuram,10.3145,75.4789,Village Road,Rainy,Day,18,Male,Auto,50,No,No,Yes,Poor Weather Visibility,Low,2.0
ACC21141,05-12-2022,03:10,Kerala,Kozhikode,10.3369,76.7288,City Road,Clear,Night,23,Female,Bike,48,Yes,No,No,Drunk Driving,Medium,3.0
ACC21142,27-06-2022,19:51,Puducherry,Puducherry,11.7986,79.8362,City Road,Rainy,Night,21,Male,Car,59,No,No,No,Poor Weather Visibility,Medium,4.0
ACC21143,01-12-2023,12:29,Telangana,Khammam,18.4436,78.839,National Highway,Cloudy,Day,34,Male,Car,91,Yes,No,No,Over Speeding,High,2.0
ACC21144,28-03-2023,12:53,Tamil Nadu,Salem,10.2843,79.1416,City Road,Rainy,Day,43,Female,Bus,49,No,No,No,Poor Weather Visibility,Low,0.0
ACC21145,04-07-2022,18:42,Karnataka,Bengaluru Urban,15.8239,76.1378,National Highway,Clear,Dusk,58,Male,Bike,55,No,No,Yes,Pothole/Bad Road,Medium,5.0
ACC21146,20-05-2024,20:10,Karnataka,Bengaluru Urban,14.4356,75.1157,State Highway,Clear,Night,30,Female,Bike,80,Yes,Yes,No,Drunk Driving,High,8.0
ACC21147,26-01-2023,03:03,Tamil Nadu,Tiruchirappalli,10.8877,78.2323,National Highway,Clear,Night,54,Male,Truck,69,No,No,No,Over Speeding,Medium,3.0
ACC21148,13-03-2023,20:58,Andhra Pradesh,Visakhapatnam,16.6724,79.221,Village Road,Clear,Night,35,Female,Car,44,No,No,Yes,Pothole/Bad Road,Low,1.0
ACC21149,20-07-2024,20:47,Andhra Pradesh,Visakhapatnam,14.6821,79.0974,Village Road,Clear,Night,18,Male,Car,34,No,No,No,Poor Weather Visibility,Low,1.0
ACC21150,19-07-2024,15:37,Karnataka,Mysuru,15.3202,75.5532,City Road,Cloudy,Day,28,Male,Car,66,Yes,No,No,Drunk Driving,Medium,2.0
ACC21151,05-03-2024,17:48,Telangana,Khammam,17.5061,78.6406,City Road,Rainy,Dusk,18,Male,Car,61,No,Yes,No,Poor Weather Visibility,Medium,3.0
ACC21152,23-04-2024,21:04,Kerala,Kozhikode,9.7826,76.402,National Highway,Rainy,Night,32,Male,Bike,85,No,No,No,Poor Weather Visibility,High,10.0
ACC21153,20-10-2024,18:33,Tamil Nadu,Madurai,11.1769,77.8303,City Road,Clear,Dusk,57,Male,Bike,42,No,No,No,Poor Weather Visibility,Low,0.0
ACC21154,15-01-2023,02:56,Andhra Pradesh,Guntur,16.2237,80.1721,City Road,Clear,Night,45,Female,Bike,49,No,No,Yes,Pothole/Bad Road,Low,2.0
ACC21155,02-07-2022,00:29,Andhra Pradesh,Nellore,16.3801,80.521,National Highway,Clear,Night,46,Male,Bus,67,No,No,No,Over Speeding,Medium,1.0
ACC21156,05-05-2023,14:24,Andhra Pradesh,Nellore,15.6826,79.9304,Village Road,Cloudy,Day,28,Male,Car,28,No,No,No,Poor Weather Visibility,Low,0.0
ACC21157,12-12-2024,17:54,Puducherry,Puducherry,11.6049,79.1801,Village Road,Cloudy,Dusk,47,Male,Bike,42,No,No,No,Poor Weather Visibility,Low,0.0
ACC21158,20-03-2023,16:39,Telangana,Karimnagar,17.455,78.7069,City Road,Cloudy,Day,26,Female,Bike,47,No,No,No,Poor Weather Visibility,Low,1.0
ACC21159,09-09-2022,12:52,Karnataka,Hubballi,15.7924,75.554,City Road,Cloudy,Day,44,Male,Auto,61,No,Yes,No,Drowsy Driving,Medium,1.0
ACC21160,04-06-2022,08:41,Karnataka,Belagavi,15.0352,75.7045,National Highway,Rainy,Day,45,Male,Auto,82,No,No,Yes,Poor Weather Visibility,High,7.0
ACC21161,20-09-2024,07:33,Tamil Nadu,Salem,11.2395,78.7531,City Road,Clear,Day,54,Male,Bike,46,No,No,No,Signal Jumping,Low,3.0
ACC21162,21-09-2024,18:37,Karnataka,Bengaluru Urban,15.1658,75.2988,Village Road,Clear,Dusk,36,Male,Car,42,No,No,No,Poor Weather Visibility,Low,0.0
ACC21163,05-09-2023,14:28,Tamil Nadu,Coimbatore,11.7315,78.7909,City Road,Clear,Day,39,Male,Bus,38,No,No,No,Signal Jumping,Low,1.0
ACC21164,20-08-2024,19:51,Tamil Nadu,Coimbatore,11.7305,78.667,State Highway,Cloudy,Night,30,Male,Auto,71,No,Yes,No,Drowsy Driving,High,6.0
ACC21165,23-12-2024,18:18,Telangana,Khammam,17.0286,79.6556,City Road,Clear,Dusk,43,Female,Auto,56,No,No,No,Signal Jumping,Low,0.0
ACC21166,21-09-2023,11:27,Tamil Nadu,Madurai,10.9959,78.6352,National Highway,Clear,Day,49,Female,Auto,80,No,No,No,Signal Jumping,High,3.0
ACC21167,15-03-2022,11:58,Tamil Nadu,Salem,11.3277,79.0057,National Highway,Foggy,Day,31,Male,Bike,79,No,No,No,Poor Weather Visibility,High,4.0
ACC21168,31-12-2022,18:24,Andhra Pradesh,Guntur,15.7141,79.5023,State Highway,Cloudy,Dusk,30,Male,Bike,63,No,No,Yes,Pothole/Bad Road,Medium,0.0
ACC21169,24-03-2024,18:55,Kerala,Thiruvananthapuram,10.6561,75.9085,City Road,Overcast,Dusk,31,Male,Bike,60,Yes,No,No,Drunk Driving,Medium,7.0
ACC21170,16-02-2022,06:55,Karnataka,Mangaluru,14.7953,75.8045,Expressway,Rainy,Day,43,Male,Car,77,No,No,No,Poor Weather Visibility,Medium,3.0
ACC21171,25-10-2022,14:13,Telangana,Karimnagar,17.8636,78.7664,National Highway,Cloudy,Day,45,Male,Bike,74,No,No,No,Signal Jumping,Low,2.0
ACC21172,20-10-2023,08:56,Tamil Nadu,Chennai,11.2741,78.493,City Road,Rainy,Day,18,Male,Auto,69,Yes,No,No,Poor Weather Visibility,High,6.0
ACC21173,25-08-2023,00:22,Tamil Nadu,Coimbatore,11.0811,77.8206,Village Road,Clear,Night,25,Male,Truck,49,No,No,No,Signal Jumping,Low,0.0
ACC21174,10-07-2022,08:59,Kerala,Ernakulam,10.8483,76.1052,State Highway,Overcast,Day,38,Male,Car,72,Yes,Yes,Yes,Drunk Driving,High,10.0
ACC21175,30-04-2024,16:51,Tamil Nadu,Chennai,10.7476,78.2885,State Highway,Clear,Day,47,Male,Auto,62,No,No,No,Over Speeding,Low,3.0
ACC21176,06-12-2022,10:55,Andhra Pradesh,Visakhapatnam,15.5942,79.614,City Road,Clear,Day,30,Male,Bike,53,No,Yes,No,Drowsy Driving,Medium,2.0
ACC21177,18-02-2022,08:17,Telangana,Warangal,17.8632,79.4557,Expressway,Rainy,Day,18,Male,Bike,78,No,No,No,Poor Weather Visibility,High,3.0
ACC21178,12-02-2022,17:34,Telangana,Karimnagar,18.0201,79.4193,City Road,Cloudy,Dusk,42,Male,Truck,46,No,No,No,Poor Weather Visibility,Low,1.0
ACC21179,19-11-2022,21:16,Telangana,Khammam,19.1326,77.8494,National Highway,Clear,Night,45,Male,Bike,66,No,No,Yes,Pothole/Bad Road,Medium,1.0
ACC21180,23-11-2024,05:10,Tamil Nadu,Coimbatore,10.75,78.3646,Expressway,Clear,Dawn,63,Female,Auto,77,No,No,No,Over Speeding,Medium,4.0
ACC21181,30-07-2024,07:09,Karnataka,Mysuru,14.9945,75.861,National Highway,Cloudy,Day,25,Female,Truck,63,No,No,No,Poor Weather Visibility,Medium,4.0
ACC21182,27-10-2024,12:49,Telangana,Karimnagar,18.7974,78.5567,State Highway,Cloudy,Day,54,Male,Truck,41,No,No,No,Poor Weather Visibility,Low,0.0
ACC21183,17-04-2023,20:54,Telangana,Karimnagar,17.9313,78.9918,National Highway,Clear,Night,24,Male,Car,73,Yes,No,No,Drunk Driving,High,3.0
ACC21184,07-04-2023,06:26,Kerala,Thrissur,10.3756,76.9452,City Road,Cloudy,Day,47,Male,Bike,30,No,No,No,Poor Weather Visibility,Low,1.0
ACC21185,30-12-2023,01:29,Andhra Pradesh,Visakhapatnam,15.6118,79.5636,Village Road,Clear,Night,48,Female,Bike,50,No,No,No,Poor Weather Visibility,Medium,2.0
ACC21186,04-01-2022,19:07,Karnataka,Bengaluru Urban,15.0352,75.1177,National Highway,Cloudy,Night,32,Male,Bus,69,No,No,Yes,Pothole/Bad Road,Medium,2.0
ACC21187,12-04-2024,18:42,Karnataka,Mysuru,15.9044,75.3669,City Road,Overcast,Dusk,51,Male,Auto,51,No,No,No,Poor Weather Visibility,Low,0.0
ACC21188,13-05-2023,07:54,Tamil Nadu,Madurai,11.5949,78.0255,City Road,Clear,Day,44,Male,Truck,55,No,No,No,Signal Jumping,Low,2.0
ACC21189,10-06-2024,08:25,Telangana,Karimnagar,19.0841,78.9739,State Highway,Clear,Day,44,Male,Auto,64,No,No,No,Over Speeding,Low,2.0
ACC21190,22-04-2023,23:40,Karnataka,Mysuru,15.3935,75.5809,Expressway,Clear,Night,59,Female,Car,79,No,No,No,Over Speeding,Low,0.0
ACC21191,11-03-2024,20:49,Puducherry,Puducherry,12.3122,80.6654,City Road,Overcast,Night,19,Male,Car,30,No,No,Yes,Pothole/Bad Road,Low,5.0
ACC21192,28-09-2024,07:11,Tamil Nadu,Coimbatore,11.118,79.125,Village Road,Clear,Day,49,Male,Truck,45,No,No,Yes,Pothole/Bad Road,Low,0.0
ACC21193,16-09-2024,19:57,Telangana,Khammam,18.0189,79.3761,National Highway,Overcast,Night,45,Male,Bike,72,Yes,No,No,Drunk Driving,High,2.0
ACC21194,29-07-2023,12:11,Kerala,Kollam,9.759,76.1751,Village Road,Clear,Day,33,Male,Auto,30,No,No,No,Poor Weather Visibility,Low,0.0
ACC21195,08-08-2024,18:22,Tamil Nadu,Tiruchirappalli,10.8083,78.4299,National Highway,Rainy,Dusk,18,Male,Bike,79,No,No,Yes,Poor Weather Visibility,High,11.0
ACC21196,21-07-2022,22:57,Andhra Pradesh,Visakhapatnam,14.9992,79.8963,Expressway,Cloudy,Night,37,Male,Car,84,No,No,No,Signal Jumping,Medium,4.0
ACC21197,15-08-2023,17:18,Andhra Pradesh,Nellore,15.5406,79.5851,City Road,Rainy,Dusk,21,Male,Bike,52,Yes,Yes,No,Poor Weather Visibility,High,6.0
ACC21198,30-06-2023,12:54,Andhra Pradesh,Visakhapatnam,15.5272,79.9349,Village Road,Foggy,Day,34,Male,Truck,42,No,No,Yes,Poor Weather Visibility,Medium,2.0
ACC21199,23-08-2023,16:27,Andhra Pradesh,Guntur,15.179,80.0685,State Highway,Clear,Day,36,Female,Car,56,No,No,No,Poor Weather Visibility,Low,1.0
ACC21200,29-05-2024,14:31,Andhra Pradesh,Vijayawada,14.7339,79.5882,Village Road,Cloudy,Day,25,Male,Bus,54,No,No,No,Poor Weather Visibility,Low,1.0
ACC21201,19-01-2022,19:47,Andhra Pradesh,Visakhapatnam,16.0819,79.9542,City Road,Cloudy,Night,33,Male,Bike,54,No,No,Yes,Pothole/Bad Road,Medium,1.0
ACC21202,18-02-2023,20:39,Karnataka,Belagavi,14.6723,74.7699,National Highway,Rainy,Night,57,Male,Bike,92,No,No,No,Over Speeding,High,8.0
ACC21203,30-01-2023,04:06,Telangana,Khammam,18.236,78.5926,Village Road,Clear,Night,39,Female,Bus,42,No,Yes,No,Drowsy Driving,Low,1.0
ACC21204,20-09-2023,15:36,Kerala,Thiruvananthapuram,10.4308,76.1165,Expressway,Overcast,Day,55,Male,Bike,67,No,Yes,Yes,Drowsy Driving,High,8.0
ACC21205,31-10-2024,00:52,Karnataka,Hubballi,15.3247,75.1314,Village Road,Clear,Night,45,Male,Car,65,Yes,No,Yes,Drunk Driving,High,9.0
ACC21206,16-08-2022,19:34,Puducherry,Karaikal,12.2568,80.0429,City Road,Rainy,Night,41,Male,Car,72,Yes,No,No,Poor Weather Visibility,High,9.0
ACC21207,09-01-2024,14:31,Karnataka,Bengaluru Urban,14.9617,75.3803,State Highway,Cloudy,Day,30,Female,Car,58,No,No,No,Signal Jumping,Low,0.0
ACC21208,08-02-2024,16:26,Karnataka,Hubballi,14.8082,75.7676,National Highway,Clear,Day,50,Female,Truck,52,No,No,No,Signal Jumping,Low,0.0
ACC21209,13-06-2023,17:14,Andhra Pradesh,Visakhapatnam,16.1168,79.537,City Road,Clear,Dusk,36,Male,Bus,43,No,No,No,Signal Jumping,Low,0.0
ACC21210,23-12-2023,14:21,Telangana,Karimnagar,17.8061,79.1203,State Highway,Clear,Day,41,Male,Bus,74,No,No,No,Over Speeding,Low,0.0
ACC21211,07-02-2022,08:01,Karnataka,Mangaluru,14.8768,76.0588,City Road,Cloudy,Day,51,Male,Car,69,Yes,No,No,Drunk Driving,Medium,4.0
ACC21212,11-06-2022,18:54,Tamil Nadu,Chennai,10.6108,79.5335,Expressway,Clear,Dusk,23,Male,Car,68,No,No,No,Over Speeding,Medium,
ACC21213,10-01-2022,21:56,Kerala,Kollam,10.3182,76.1591,Village Road,Overcast,Night,28,Male,Bike,43,No,Yes,Yes,Drowsy Driving,Medium,2.0
ACC21214,12-02-2022,22:44,Kerala,Kollam,10.7122,75.7273,Village Road,Foggy,Night,20,Female,Auto,45,No,No,No,Poor Weather Visibility,Medium,
ACC21215,19-07-2024,10:47,Andhra Pradesh,Visakhapatnam,16.3064,80.1493,City Road,Rainy,Day,50,Female,Auto,55,No,No,Yes,Poor Weather Visibility,Medium,3.0
ACC21216,26-06-2022,09:36,Karnataka,Mangaluru,15.4,75.951,State Highway,Clear,Day,30,Male,Bike,87,Yes,No,No,Over Speeding,High,2.0
ACC21217,15-11-2022,10:01,Telangana,Warangal,17.3315,78.5873,City Road,Rainy,Day,44,Female,Bike,52,No,No,No,Poor Weather Visibility,Low,0.0
ACC21218,08-08-2022,17:12,Andhra Pradesh,Kurnool,15.4718,79.9675,Expressway,Cloudy,Dusk,47,Male,Auto,78,No,No,No,Over Speeding,Medium,2.0
ACC21219,02-08-2024,00:07,Telangana,Warangal,18.8066,79.4257,Expressway,Clear,Night,47,Female,Auto,81,No,No,No,Over Speeding,High,8.0
ACC21220,05-08-2023,07:58,Andhra Pradesh,Nellore,15.7719,79.6308,State Highway,Foggy,Day,22,Male,Bike,64,Yes,No,No,Poor Weather Visibility,High,3.0
ACC21221,17-02-2023,18:07,Andhra Pradesh,Nellore,15.753,79.3374,State Highway,Cloudy,Dusk,24,Male,Bike,71,No,No,No,Poor Weather Visibility,Low,2.0
ACC21222,12-09-2022,20:26,Kerala,Thiruvananthapuram,11.1249,76.0375,City Road,Rainy,Night,36,Female,Car,45,No,Yes,No,Poor Weather Visibility,Low,1.0
ACC21223,14-04-2023,08:44,Telangana,Warangal,18.3263,79.2286,National Highway,Rainy,Day,45,Male,Car,75,Yes,No,Yes,Poor Weather Visibility,High,5.0
ACC21224,30-01-2024,14:32,Tamil Nadu,Madurai,10.926,79.0102,Village Road,Rainy,Day,43,Male,Bike,37,No,No,No,Poor Weather Visibility,Low,0.0
ACC21225,02-04-2022,13:39,Andhra Pradesh,Visakhapatnam,16.5415,80.1816,Village Road,Rainy,Day,38,Female,Truck,15,No,No,No,Poor Weather Visibility,Low,0.0
ACC21226,28-09-2023,21:46,Telangana,Nizamabad,17.9942,79.6169,Village Road,Foggy,Night,39,Female,Bike,59,No,No,Yes,Poor Weather Visibility,High,2.0
ACC21227,30-11-2022,12:48,Andhra Pradesh,Vijayawada,16.2412,79.5916,Expressway,Clear,Day,38,Male,Car,80,No,No,No,Over Speeding,Medium,5.0
ACC21228,29-01-2022,21:44,Tamil Nadu,Tiruchirappalli,10.9664,78.1642,City Road,Clear,Night,37,Male,Car,26,No,No,No,Signal Jumping,Low,1.0
ACC21229,06-08-2024,20:55,Karnataka,Hubballi,14.9052,75.1445,City Road,Rainy,Night,37,Male,Auto,37,No,No,No,Poor Weather Visibility,Low,0.0
ACC21230,29-05-2022,05:47,Telangana,Khammam,17.6152,78.9493,National Highway,Clear,Dawn,53,Male,Bike,57,No,No,No,Poor Weather Visibility,Low,1.0
ACC21231,01-07-2023,19:15,Andhra Pradesh,Nellore,15.9246,79.1887,Village Road,Clear,Night,22,Male,Bike,66,Yes,No,Yes,Drunk Driving,Medium,5.0
ACC21232,08-02-2022,16:18,Tamil Nadu,Salem,11.2535,78.6309,City Road,Rainy,Day,42,Male,Car,49,No,No,No,Poor Weather Visibility,Medium,2.0
ACC21233,05-11-2022,20:55,Kerala,Thrissur,11.2831,76.7029,National Highway,Clear,Night,35,Male,Bike,62,No,No,No,Signal Jumping,Medium,0.0
ACC21234,05-02-2024,22:18,Telangana,Karimnagar,18.1162,79.0111,City Road,Clear,Night,37,Male,Bike,50,No,Yes,No,Drowsy Driving,Low,1.0
ACC21235,11-03-2022,13:50,Telangana,Karimnagar,18.7832,78.7114,City Road,Clear,Day,43,Male,Bike,54,No,No,Yes,Pothole/Bad Road,Medium,3.0
ACC21236,19-03-2022,15:23,Kerala,Ernakulam,10.0054,76.6945,National Highway,Clear,Day,18,Female,Truck,89,No,No,No,Over Speeding,Medium,4.0
ACC21237,21-06-2024,20:49,Tamil Nadu,Chennai,10.9115,78.683,National Highway,Overcast,Night,60,Female,Car,58,No,No,No,Poor Weather Visibility,Low,0.0
ACC21238,24-06-2023,15:38,Tamil Nadu,Chennai,11.0335,78.7129,City Road,Overcast,Day,38,Female,Auto,41,No,No,No,Poor Weather Visibility,Low,0.0
ACC21239,01-01-2022,14:09,Tamil Nadu,Madurai,11.1123,79.0898,Expressway,Clear,Day,44,Male,Bus,99,No,Yes,No,Over Speeding,High,2.0
ACC21240,28-07-2024,01:33,Tamil Nadu,Chennai,11.1716,78.6881,Village Road,Cloudy,Night,57,Male,Bike,38,No,Yes,Yes,Drowsy Driving,Medium,4.0
ACC21241,22-05-2023,18:56,Tamil Nadu,Chennai,12.0086,78.794,State Highway,Foggy,Dusk,35,Male,Bus,54,No,Yes,No,Poor Weather Visibility,Medium,3.0
ACC21242,11-01-2023,06:43,Andhra Pradesh,Visakhapatnam,16.0771,80.4494,Village Road,Clear,Day,21,Male,Car,56,No,No,No,Poor Weather Visibility,Low,0.0
ACC21243,04-07-2024,21:24,Andhra Pradesh,Guntur,15.3009,79.931,Village Road,Rainy,Night,48,Male,Car,50,No,Yes,No,Poor Weather Visibility,Low,2.0
ACC21244,31-01-2024,12:14,Karnataka,Belagavi,14.9883,75.9984,City Road,Foggy,Day,46,Female,Truck,33,No,No,No,Poor Weather Visibility,Low,0.0
ACC21245,11-07-2024,17:45,Telangana,Nizamabad,17.4605,78.6064,National Highway,Clear,Dusk,61,Male,Bike,61,No,No,No,Signal Jumping,Medium,3.0
ACC21246,23-07-2024,07:14,Tamil Nadu,Madurai,11.1037,78.4902,National Highway,Clear,Day,18,Male,Car,66,No,No,No,Signal Jumping,Low,2.0
ACC21247,09-10-2022,06:29,Tamil Nadu,Tiruchirappalli,10.3942,78.0469,National Highway,Overcast,Day,29,Male,Bike,66,No,No,No,Signal Jumping,Medium,3.0
ACC21248,09-05-2022,14:55,Kerala,Kozhikode,9.9647,76.3529,Expressway,Clear,Day,40,Male,Bike,95,Yes,No,No,Over Speeding,High,6.0
ACC21249,29-11-2024,05:33,Kerala,Thrissur,10.4657,75.816,City Road,Clear,Dawn,46,Male,Bike,58,Yes,No,Yes,Drunk Driving,Medium,4.0
ACC21250,16-11-2022,13:19,Tamil Nadu,Coimbatore,11.3534,78.3055,National Highway,Rainy,Day,44,Male,Bike,75,No,No,No,Poor Weather Visibility,Medium,1.0
ACC21251,27-10-2023,17:55,Telangana,Warangal,18.0058,79.4101,City Road,Clear,Dusk,38,Male,Bike,52,Yes,No,No,Drunk Driving,Low,1.0
ACC21252,31-07-2024,05:59,Andhra Pradesh,Guntur,15.5343,79.585,State Highway,Rainy,Dawn,65,Male,Truck,68,No,No,No,Poor Weather Visibility,Medium,3.0
ACC21253,30-09-2024,09:33,Kerala,Kozhikode,10.7668,76.3833,City Road,Cloudy,Day,72,Male,Bus,50,No,Yes,No,Drowsy Driving,Low,0.0
ACC21254,03-08-2023,21:15,Karnataka,Mysuru,14.8884,75.3661,Village Road,Rainy,Night,38,Male,Bus,45,Yes,Yes,Yes,Poor Weather Visibility,High,6.0
ACC21255,10-06-2024,16:02,Kerala,Kozhikode,10.0248,77.035,Village Road,Clear,Day,45,Male,Auto,41,No,Yes,Yes,Drowsy Driving,Low,0.0
ACC21256,22-05-2023,01:13,Tamil Nadu,Chennai,10.8067,77.7205,State Highway,Rainy,Night,38,Male,Bike,80,Yes,No,No,Poor Weather Visibility,High,7.0
ACC21257,03-08-2024,20:02,Karnataka,Hubballi,14.7743,76.03,State Highway,Overcast,Night,41,Male,Car,42,No,No,No,Poor Weather Visibility,Low,0.0
ACC21258,12-10-2022,10:09,Andhra Pradesh,Vijayawada,15.9934,79.9881,City Road,Cloudy,Day,46,Male,Bus,50,No,No,Yes,Pothole/Bad Road,Low,1.0
ACC21259,21-04-2023,12:14,Kerala,Kozhikode,11.5645,76.0465,City Road,Clear,Day,29,Male,Car,35,No,No,No,Signal Jumping,Low,0.0
ACC21260,28-12-2024,02:03,Kerala,Kollam,9.8426,76.2886,National Highway,Overcast,Night,18,Male,Bike,88,Yes,No,No,Over Speeding,High,7.0