Accident_ID,Date,Time,State,District,Latitude,Longitude,Road_Type,Weather,Light_Condition,Driver_Age,Driver_Gender,Vehicle_Type,Speed_kmph,Alcohol_Involved,Driver_Drowsy,Pothole_Involved,Cause_of_Accident,Severity,Casualties
ACC21261,04-07-2023,18:19,Tamil Nadu,Salem,10.9213,78.2157,State Highway,Rainy,Dusk,38,Male,Truck,49,No,No,No,Poor Weather Visibility,Low,0.0
ACC21262,18-03-2022,08:45,Karnataka,Belagavi,15.1599,75.2131,Village Road,Rainy,Day,31,Female,Bike,31,No,No,Yes,Poor Weather Visibility,Low,0.0
ACC21263,22-02-2023,05:32,Puducherry,Karaikal,12.2334,79.3159,National Highway,Clear,Dawn,32,Female,Truck,81,No,No,No,Over Speeding,Medium,0.0
ACC21264,16-03-2024,20:00,Telangana,Nizamabad,17.9201,79.4303,Village Road,Foggy,Night,28,Male,Bus,38,Yes,No,No,Poor Weather Visibility,Medium,3.0
ACC21265,14-04-2023,15:06,Telangana,Karimnagar,17.7929,78.3365,National Highway,Cloudy,Day,45,Male,Bus,75,No,Yes,No,Drowsy Driving,Medium,3.0
ACC21266,27-01-2023,08:46,Tamil Nadu,Madurai,11.4241,78.1578,Expressway,Clear,Day,53,Male,Bus,88,No,Yes,No,Over Speeding,High,1.0
ACC21267,18-11-2023,13:13,Tamil Nadu,Chennai,10.7885,77.8372,National Highway,Clear,Day,41,Male,Bike,66,No,No,No,Over Speeding,Medium,5.0
ACC21268,24-09-2024,19:39,Tamil Nadu,Coimbatore,10.9296,78.2674,Expressway,Clear,Night,44,Male,Car,74,Yes,No,No,Drunk Driving,Medium,3.0
ACC21269,08-03-2022,12:13,Telangana,Khammam,18.0811,78.704,National Highway,Rainy,Day,37,Male,Truck,68,No,No,No,Poor Weather Visibility,Medium,3.0
ACC21270,07-09-2023,08:29,Tamil Nadu,Madurai,10.8452,78.2811,National Highway,Clear,Day,18,Male,Bike,67,No,No,No,Signal Jumping,Medium,1.0
ACC21271,05-01-2023,18:35,Tamil Nadu,Tiruchirappalli,11.1225,77.9656,City Road,Rainy,Dusk,36,Female,Bike,59,No,No,No,Poor Weather Visibility,Medium,2.0
ACC21272,02-05-2022,09:08,Karnataka,Mangaluru,14.9597,76.4583,City Road,Clear,Day,42,Female,Bus,56,No,No,No,Signal Jumping,Low,0.0
ACC21273,16-07-2024,16:49,Andhra Pradesh,Nellore,16.0459,80.1002,National Highway,Clear,Day,18,Male,Bus,65,No,No,No,Signal Jumping,Medium,1.0
ACC21274,24-10-2023,07:50,Kerala,Kollam,10.8718,75.9322,City Road,Overcast,Day,51,Male,Bike,48,No,No,No,Poor Weather Visibility,Low,1.0
ACC21275,18-06-2022,13:44,Telangana,Khammam,17.837,79.0315,State Highway,Rainy,Day,22,Male,Car,57,No,No,Yes,Poor Weather Visibility,Medium,6.0
ACC21276,02-10-2024,08:50,Tamil Nadu,Coimbatore,10.4466,78.4415,Village Road,Clear,Day,44,Female,Auto,50,No,No,No,Signal Jumping,Low,1.0
ACC21277,22-07-2023,08:01,Tamil Nadu,Madurai,10.1483,79.0201,Expressway,Cloudy,Day,22,Male,Bike,78,No,No,Yes,Over Speeding,High,4.0
ACC21278,05-07-2023,11:26,Telangana,Karimnagar,17.5995,78.2453,National Highway,Overcast,Day,59,Male,Bike,61,No,No,No,Poor Weather Visibility,Medium,1.0
ACC21279,09-03-2024,19:06,Tamil Nadu,Chennai,11.6883,78.3973,Village Road,Rainy,Night,33,Male,Bike,53,No,No,Yes,Poor Weather Visibility,Medium,2.0
ACC21280,12-05-2023,17:17,Andhra Pradesh,Guntur,15.6982,79.3206,Village Road,Overcast,Dusk,18,Male,Car,41,No,No,No,Poor Weather Visibility,Low,0.0
ACC21281,30-06-2023,19:51,Kerala,Ernakulam,9.8872,76.2281,State Highway,Rainy,Night,21,Female,Auto,55,No,No,Yes,Poor Weather Visibility,Medium,3.0
ACC21282,12-12-2022,15:56,Tamil Nadu,Madurai,11.8657,78.7619,Village Road,Clear,Day,36,Male,Bike,53,No,No,No,Signal Jumping,Low,0.0
ACC21283,12-08-2024,08:55,Karnataka,Bengaluru Urban,15.2812,75.5294,State Highway,Overcast,Day,21,Male,Car,63,No,No,Yes,Pothole/Bad Road,Medium,2.0
ACC21284,13-04-2024,05:44,Andhra Pradesh,Vijayawada,16.1256,80.5593,State Highway,Cloudy,Dawn,33,Male,Car,47,No,No,No,Poor Weather Visibility,Low,2.0
ACC21285,24-04-2023,19:42,Tamil Nadu,Coimbatore,11.1705,78.9369,National Highway,Clear,Night,21,Male,Bus,76,No,No,No,Over Speeding,High,
ACC21286,08-08-2023,16:00,Telangana,Khammam,18.456,79.0015,Expressway,Clear,Day,25,Male,Auto,107,Yes,No,No,Over Speeding,High,2.0
ACC21287,20-04-2024,13:02,Tamil Nadu,Tiruchirappalli,11.4543,79.1429,State Highway,Rainy,Day,47,Male,Bike,27,No,No,Yes,Poor Weather Visibility,Low,
ACC21288,14-09-2022,22:31,Tamil Nadu,Salem,10.6982,78.955,Village Road,Foggy,Night,33,Male,Bus,52,No,Yes,No,Poor Weather Visibility,Medium,5.0
ACC21289,03-11-2023,06:58,Andhra Pradesh,Nellore,16.4518,79.4577,City Road,Clear,Day,33,Male,Car,30,No,No,No,Signal Jumping,Low,0.0
ACC21290,05-10-2022,12:49,Tamil Nadu,Madurai,10.5031,79.1763,Village Road,Clear,Day,61,Male,Car,52,No,No,No,Poor Weather Visibility,Low,2.0
ACC21291,24-11-2024,14:22,Puducherry,Puducherry,12.38,80.1086,Village Road,Rainy,Day,75,Male,Bike,21,No,No,No,Poor Weather Visibility,Low,0.0
ACC21292,25-08-2023,08:32,Karnataka,Bengaluru Urban,15.3553,76.0448,National Highway,Rainy,Day,38,Male,Bike,68,No,Yes,No,Poor Weather Visibility,High,4.0
ACC21293,28-04-2022,23:13,Tamil Nadu,Salem,11.083,78.8398,State Highway,Clear,Night,43,Male,Auto,69,No,No,No,Over Speeding,Low,0.0
ACC21294,20-10-2022,12:55,Tamil Nadu,Tiruchirappalli,10.1785,78.5171,City Road,Rainy,Day,28,Male,Truck,25,No,No,No,Poor Weather Visibility,Low,1.0
ACC21295,21-11-2023,06:00,Kerala,Kollam,10.9845,76.7927,Expressway,Clear,Day,60,Male,Car,53,No,No,No,Poor Weather Visibility,Low,0.0
ACC21296,27-03-2022,07:55,Telangana,Karimnagar,17.6145,79.3668,City Road,Clear,Day,21,Male,Bike,45,Yes,No,Yes,Drunk Driving,Medium,1.0
ACC21297,13-02-2023,04:12,Karnataka,Bengaluru Urban,15.3159,75.0128,City Road,Clear,Night,22,Male,Bike,66,Yes,No,No,Drunk Driving,High,5.0
ACC21298,01-01-2022,18:38,Karnataka,Bengaluru Urban,14.9571,75.5302,City Road,Overcast,Dusk,41,Male,Car,62,No,Yes,No,Drowsy Driving,Medium,1.0
ACC21299,25-09-2024,15:39,Kerala,Ernakulam,9.7404,76.5203,National Highway,Clear,Day,27,Male,Car,80,No,No,No,Over Speeding,Medium,5.0
ACC21300,11-06-2023,19:40,Andhra Pradesh,Nellore,15.8763,79.4401,Village Road,Rainy,Night,36,Male,Bus,39,No,No,No,Poor Weather Visibility,Low,1.0
ACC21301,03-09-2024,17:58,Andhra Pradesh,Kurnool,16.3032,80.0954,State Highway,Rainy,Dusk,32,Male,Bike,52,No,No,No,Poor Weather Visibility,Medium,1.0
ACC21302,03-06-2024,07:58,Karnataka,Hubballi,14.4786,75.8657,National Highway,Rainy,Day,31,Male,Bike,48,No,No,No,Poor Weather Visibility,Medium,4.0
ACC21303,13-01-2023,14:43,Karnataka,Mangaluru,14.9596,75.5187,Village Road,Cloudy,Day,25,Male,Bike,45,No,No,No,Poor Weather Visibility,Low,3.0
ACC21304,20-10-2023,13:35,Telangana,Warangal,19.057,79.0917,Expressway,Clear,Day,22,Male,Bike,72,Yes,No,No,Drunk Driving,High,4.0
ACC21305,20-12-2024,18:09,Telangana,Warangal,18.1711,79.5977,Expressway,Foggy,Dusk,61,Male,Car,86,No,No,No,Poor Weather Visibility,High,9.0
ACC21306,24-02-2022,18:05,Karnataka,Hubballi,15.9301,75.7569,Expressway,Cloudy,Dusk,38,Male,Bus,89,No,No,No,Over Speeding,High,8.0
ACC21307,30-12-2022,06:21,Puducherry,Puducherry,11.2908,79.4283,City Road,Cloudy,Day,29,Female,Bus,54,No,No,No,Signal Jumping,Low,1.0
ACC21308,17-11-2022,14:18,Tamil Nadu,Madurai,11.3586,79.0743,National Highway,Overcast,Day,49,Female,Bike,61,No,No,No,Poor Weather Visibility,Medium,5.0
ACC21309,09-11-2024,17:07,Telangana,Khammam,17.7612,79.8125,State Highway,Clear,Dusk,37,Female,Car,78,Yes,No,No,Drunk Driving,High,10.0
ACC21310,11-01-2022,09:30,Telangana,Warangal,17.4732,78.3527,State Highway,Clear,Day,26,Male,Bike,75,No,No,No,Over Speeding,Medium,8.0
ACC21311,23-07-2024,18:53,Kerala,Kozhikode,10.6336,76.8094,City Road,Clear,Dusk,42,Male,Truck,44,No,Yes,No,Drowsy Driving,Low,0.0
ACC21312,16-01-2024,13:36,Andhra Pradesh,Guntur,15.3652,79.6497,National Highway,Clear,Day,18,Male,Truck,92,No,No,No,Over Speeding,Medium,2.0
ACC21313,13-02-2022,12:14,Tamil Nadu,Madurai,10.9808,78.5361,Village Road,Clear,Day,27,Male,Bike,60,Yes,No,No,Drunk Driving,Medium,3.0
ACC21314,16-07-2022,21:38,Telangana,Khammam,18.3744,78.4645,State Highway,Rainy,Night,59,Male,Auto,90,Yes,Yes,No,Over Speeding,High,2.0
ACC21315,08-11-2024,19:40,Andhra Pradesh,Vijayawada,16.4277,79.6524,Expressway,Cloudy,Night,18,Male,Car,82,Yes,No,No,Drunk Driving,High,5.0
ACC21316,13-05-2024,12:45,Kerala,Thrissur,10.8594,76.0339,National Highway,Clear,Day,49,Female,Bike,75,Yes,No,No,Drunk Driving,High,6.0
ACC21317,19-08-2022,16:54,Kerala,Ernakulam,9.947,76.4708,Village Road,Cloudy,Day,47,Male,Bus,47,No,No,No,Poor Weather Visibility,Low,2.0
ACC21318,17-11-2024,17:06,Tamil Nadu,Coimbatore,10.575,78.8899,City Road,Overcast,Dusk,33,Male,Car,37,No,No,No,Signal Jumping,Low,0.0
ACC21319,17-10-2022,22:44,Telangana,Warangal,18.012,79.1348,Village Road,Rainy,Night,21,Male,Bike,46,No,No,No,Poor Weather Visibility,Medium,1.0
ACC21320,31-05-2022,18:18,Kerala,Kollam,10.749,77.1142,National Highway,Clear,Dusk,45,Female,Car,86,No,Yes,No,Over Speeding,Medium,6.0
ACC21321,27-09-2023,18:52,Kerala,Kollam,10.1352,76.8178,National Highway,Rainy,Dusk,18,Male,Bike,60,No,No,No,Poor Weather Visibility,High,
ACC21322,25-10-2023,06:09,Tamil Nadu,Salem,10.6407,77.9288,State Highway,Cloudy,Day,57,Male,Bike,65,No,No,Yes,Pothole/Bad Road,Medium,4.0
ACC21323,02-07-2024,06:28,Andhra Pradesh,Visakhapatnam,15.9962,79.4104,Village Road,Cloudy,Day,18,Male,Car,54,Yes,Yes,Yes,Drunk Driving,High,8.0
ACC21324,18-11-2022,04:51,Tamil Nadu,Salem,11.2075,78.7068,Village Road,Rainy,Night,29,Male,Auto,38,Yes,No,Yes,Poor Weather Visibility,Medium,3.0
ACC21325,07-06-2024,13:39,Andhra Pradesh,Nellore,15.8462,79.5518,City Road,Clear,Day,63,Female,Auto,68,Yes,No,No,Drunk Driving,Medium,3.0
ACC21326,18-11-2022,07:05,Tamil Nadu,Chennai,10.9565,78.2367,City Road,Rainy,Day,52,Male,Bike,43,No,No,No,Poor Weather Visibility,Low,0.0
ACC21327,24-04-2022,10:57,Tamil Nadu,Madurai,10.9905,78.3095,Expressway,Clear,Day,51,Male,Bus,70,No,No,Yes,Signal Jumping,Medium,0.0
ACC21328,09-05-2024,12:37,Tamil Nadu,Salem,10.8416,78.1565,Expressway,Clear,Day,34,Male,Truck,74,No,No,No,Over Speeding,Medium,0.0
ACC21329,05-02-2023,10:23,Karnataka,Hubballi,14.9875,76.0903,City Road,Clear,Day,48,Male,Bike,59,No,No,No,Signal Jumping,Low,0.0
ACC21330,06-01-2024,17:23,Telangana,Hyderabad,17.3178,78.9216,Village Road,Clear,Dusk,41,Male,Bus,52,Yes,No,No,Drunk Driving,Medium,0.0
ACC21331,03-03-2023,23:04,Tamil Nadu,Madurai,10.6204,77.7957,City Road,Clear,Night,48,Male,Bus,47,Yes,No,No,Drunk Driving,Low,0.0
ACC21332,22-04-2022,17:31,Kerala,Thiruvananthapuram,9.9151,76.3033,National Highway,Clear,Dusk,50,Female,Car,72,No,No,Yes,Signal Jumping,High,1.0
ACC21333,29-12-2024,07:14,Tamil Nadu,Madurai,11.8182,79.2967,State Highway,Cloudy,Day,40,Female,Car,56,No,No,No,Poor Weather Visibility,Low,0.0
ACC21334,07-01-2023,02:25,Karnataka,Bengaluru Urban,14.9032,75.7261,National Highway,Rainy,Night,39,Female,Car,76,No,Yes,No,Poor Weather Visibility,High,4.0
ACC21335,23-08-2023,08:39,Karnataka,Belagavi,15.2278,76.495,City Road,Clear,Day,46,Male,Bike,30,No,No,No,Signal Jumping,Low,0.0
ACC21336,03-05-2022,23:36,Tamil Nadu,Tiruchirappalli,11.0469,78.0659,State Highway,Overcast,Night,45,Male,Car,58,No,No,No,Poor Weather Visibility,Medium,2.0
ACC21337,14-12-2023,22:45,Kerala,Thrissur,10.2312,76.8783,National Highway,Clear,Night,55,Male,Bike,47,No,No,No,Poor Weather Visibility,Low,1.0
ACC21338,15-06-2022,09:18,Karnataka,Hubballi,15.1201,76.1342,City Road,Clear,Day,56,Male,Truck,64,No,No,No,Over Speeding,Low,1.0
ACC21339,21-08-2024,16:37,Karnataka,Belagavi,15.3513,75.0237,State Highway,Cloudy,Day,27,Female,Bus,65,No,No,Yes,Pothole/Bad Road,Medium,2.0
ACC21340,18-11-2022,11:52,Kerala,Thrissur,10.8966,76.6263,State Highway,Clear,Day,31,Male,Bike,54,No,No,Yes,Pothole/Bad Road,Low,1.0
ACC21341,14-12-2023,12:01,Karnataka,Hubballi,15.6725,75.8954,Expressway,Clear,Day,18,Female,Car,82,No,No,No,Over Speeding,Low,1.0
ACC21342,19-03-2023,13:19,Puducherry,Puducherry,11.9691,79.6859,Village Road,Overcast,Day,33,Male,Auto,60,No,Yes,Yes,Drowsy Driving,High,5.0
ACC21343,29-12-2024,10:04,Karnataka,Mysuru,16.1732,75.4887,Village Road,Clear,Day,36,Female,Truck,48,No,No,Yes,Pothole/Bad Road,Low,1.0
ACC21344,15-06-2024,18:06,Puducherry,Puducherry,12.5586,80.301,National Highway,Overcast,Dusk,47,Female,Bike,67,No,No,No,Poor Weather Visibility,Medium,1.0
ACC21345,16-07-2022,16:29,Tamil Nadu,Tiruchirappalli,11.2958,78.9828,City Road,Clear,Day,23,Male,Bike,63,No,Yes,No,Drowsy Driving,Low,1.0
ACC21346,20-05-2023,00:22,Telangana,Nizamabad,17.7173,79.1813,State Highway,Overcast,Night,42,Male,Bike,51,No,No,No,Poor Weather Visibility,Low,0.0
ACC21347,27-12-2024,22:46,Tamil Nadu,Coimbatore,10.8469,78.1899,City Road,Rainy,Night,18,Male,Car,69,Yes,No,No,Poor Weather Visibility,High,8.0
ACC21348,21-11-2024,18:48,Tamil Nadu,Coimbatore,11.3974,78.0705,Expressway,Rainy,Dusk,28,Male,Auto,84,No,No,No,Poor Weather Visibility,High,3.0
ACC21349,12-08-2024,23:40,Tamil Nadu,Chennai,11.6028,78.7741,City Road,Clear,Night,33,Male,Car,60,No,No,No,Over Speeding,Low,2.0
ACC21350,26-03-2023,09:36,Andhra Pradesh,Visakhapatnam,16.2869,79.7135,National Highway,Cloudy,Day,26,Female,Car,72,No,No,No,Poor Weather Visibility,Medium,2.0
ACC21351,23-02-2022,07:31,Tamil Nadu,Chennai,10.4229,78.3355,National Highway,Clear,Day,39,Male,Bike,46,No,No,No,Signal Jumping,Low,1.0
ACC21352,29-03-2024,15:37,Karnataka,Belagavi,15.3436,76.031,National Highway,Clear,Day,51,Male,Car,75,No,No,No,Over Speeding,Medium,0.0
ACC21353,27-06-2024,17:09,Andhra Pradesh,Visakhapatnam,16.3196,79.3277,City Road,Clear,Dusk,21,Male,Car,38,No,No,Yes,Signal Jumping,Low,1.0
ACC21354,11-07-2024,16:52,Tamil Nadu,Coimbatore,11.1122,78.8979,City Road,Rainy,Day,30,Male,Bike,31,No,No,No,Poor Weather Visibility,Low,0.0
ACC21355,31-03-2024,23:00,Kerala,Kollam,9.9304,76.35,National Highway,Clear,Night,27,Male,Car,75,Yes,Yes,No,Drunk Driving,High,5.0
ACC21356,30-12-2022,18:59,Karnataka,Hubballi,15.7181,75.2716,Village Road,Foggy,Dusk,60,Male,Auto,28,No,No,No,Poor Weather Visibility,Low,0.0
ACC21357,05-02-2023,22:16,Tamil Nadu,Salem,11.3698,78.3845,State Highway,Clear,Night,59,Male,Bus,52,No,No,No,Signal Jumping,Low,1.0
ACC21358,05-11-2022,09:12,Telangana,Warangal,17.6606,79.0027,Village Road,Clear,Day,25,Male,Bike,33,No,No,Yes,Pothole/Bad Road,Low,
ACC21359,26-06-2023,05:37,Karnataka,Bengaluru Urban,15.6151,74.8969,Expressway,Clear,Dawn,23,Male,Auto,82,No,No,No,Over Speeding,Medium,1.0
ACC21360,29-05-2022,06:45,Karnataka,Mangaluru,15.4483,76.0066,Village Road,Clear,Day,54,Male,Car,24,Yes,No,Yes,Drunk Driving,Low,1.0
ACC21361,23-11-2024,09:00,Andhra Pradesh,Vijayawada,15.2341,79.5177,City Road,Clear,Day,28,Male,Truck,45,No,No,No,Signal Jumping,Low,0.0
ACC21362,24-01-2024,16:34,Telangana,Karimnagar,17.7167,79.6318,City Road,Rainy,Day,20,Male,Truck,49,No,No,Yes,Poor Weather Visibility,Low,0.0
ACC21363,05-06-2022,17:14,Tamil Nadu,Salem,10.614,78.6207,Village Road,Clear,Dusk,24,Female,Auto,72,Yes,No,Yes,Drunk Driving,Medium,3.0
ACC21364,05-01-2024,04:33,Tamil Nadu,Tiruchirappalli,12.1686,79.5736,State Highway,Cloudy,Night,23,Male,Truck,92,No,Yes,No,Over Speeding,High,2.0
ACC21365,11-11-2024,07:34,Puducherry,Karaikal,12.156,79.7247,Village Road,Rainy,Day,42,Male,Auto,30,No,No,No,Poor Weather Visibility,Medium,1.0
ACC21366,05-09-2022,13:57,Karnataka,Hubballi,14.4573,76.0713,City Road,Foggy,Day,53,Male,Car,39,No,No,No,Poor Weather Visibility,Low,
ACC21367,20-02-2022,15:44,Kerala,Kozhikode,10.49,76.5259,National Highway,Rainy,Day,66,Male,Car,73,No,No,Yes,Poor Weather Visibility,High,7.0
ACC21368,17-01-2023,07:37,Karnataka,Belagavi,15.2612,74.9027,City Road,Clear,Day,39,Female,Truck,42,No,Yes,Yes,Drowsy Driving,Low,0.0
ACC21369,19-06-2022,13:01,Telangana,Hyderabad,17.384,78.3016,Village Road,Clear,Day,38,Male,Car,55,Yes,No,No,Drunk Driving,Low,1.0
ACC21370,31-03-2023,19:49,Karnataka,Mangaluru,15.021,76.2479,Village Road,Clear,Night,36,Male,Car,41,Yes,No,No,Drunk Driving,Low,1.0
ACC21371,24-06-2023,21:18,Andhra Pradesh,Nellore,15.5499,80.0723,City Road,Foggy,Night,25,Male,Auto,57,No,Yes,No,Poor Weather Visibility,Medium,4.0
ACC21372,15-11-2023,20:28,Kerala,Ernakulam,10.5393,77.3132,Village Road,Clear,Night,43,Female,Bike,48,No,Yes,Yes,Drowsy Driving,Medium,5.0
ACC21373,18-08-2024,09:20,Tamil Nadu,Madurai,11.1627,78.6589,City Road,Rainy,Day,29,Male,Bike,69,Yes,No,No,Poor Weather Visibility,High,5.0
ACC21374,18-12-2022,12:07,Kerala,Kozhikode,10.524,76.6969,Village Road,Overcast,Day,25,Male,Car,29,No,No,Yes,Pothole/Bad Road,Low,1.0
ACC21375,11-04-2024,01:56,Telangana,Hyderabad,17.7588,78.6234,Expressway,Rainy,Night,36,Male,Bike,84,Yes,No,Yes,Poor Weather Visibility,High,7.0
ACC21376,05-02-2023,10:16,Kerala,Thiruvananthapuram,10.825,75.8531,State Highway,Rainy,Day,60,Male,Auto,76,No,No,Yes,Poor Weather Visibility,High,4.0
ACC21377,03-02-2023,06:09,Karnataka,Bengaluru Urban,15.3851,75.5267,City Road,Clear,Day,38,Male,Car,49,No,Yes,Yes,Drowsy Driving,Low,1.0
ACC21378,11-01-2023,22:32,Tamil Nadu,Coimbatore,11.3791,77.8397,City Road,Clear,Night,18,Male,Bike,34,No,No,Yes,Pothole/Bad Road,Low,1.0
ACC21379,22-12-2023,21:58,Andhra Pradesh,Kurnool,16.5303,79.3539,City Road,Cloudy,Night,33,Male,Auto,45,Yes,No,No,Drunk Driving,Medium,3.0
ACC21380,17-08-2023,22:05,Karnataka,Mysuru,15.9703,75.1956,Village Road,Clear,Night,48,Male,Car,50,No,No,No,Signal Jumping,Medium,4.0
ACC21381,09-06-2023,09:36,Karnataka,Hubballi,15.7576,74.9874,National Highway,Clear,Day,75,Female,Truck,69,No,No,No,Over Speeding,Medium,2.0
ACC21382,18-02-2023,06:52,Karnataka,Belagavi,15.5666,75.6101,City Road,Foggy,Day,39,Male,Bus,53,No,No,No,Poor Weather Visibility,Low,1.0
ACC21383,16-05-2024,12:25,Karnataka,Mangaluru,15.0155,75.6388,City Road,Cloudy,Day,39,Male,Auto,45,No,No,No,Poor Weather Visibility,Low,0.0
ACC21384,01-07-2023,08:26,Karnataka,Bengaluru Urban,14.8458,75.3795,Village Road,Clear,Day,52,Male,Auto,20,No,No,Yes,Pothole/Bad Road,Low,0.0
ACC21385,27-07-2023,15:37,Karnataka,Belagavi,15.1689,75.332,National Highway,Clear,Day,48,Male,Truck,59,No,No,No,Over Speeding,Low,1.0
ACC21386,23-05-2022,00:39,Kerala,Kollam,10.73,76.428,City Road,Clear,Night,19,Male,Bike,61,Yes,No,No,Drunk Driving,Medium,3.0
ACC21387,12-07-2024,11:06,Tamil Nadu,Madurai,11.5934,78.927,Village Road,Rainy,Day,18,Male,Bus,51,Yes,No,Yes,Poor Weather Visibility,High,1.0
ACC21388,29-03-2024,19:58,Tamil Nadu,Chennai,10.9064,79.2006,City Road,Foggy,Night,42,Male,Bus,74,Yes,No,No,Poor Weather Visibility,High,11.0
ACC21389,03-11-2024,22:42,Karnataka,Hubballi,15.4001,75.5843,City Road,Overcast,Night,49,Male,Car,40,No,Yes,No,Drowsy Driving,Low,1.0
ACC21390,26-05-2023,12:12,Telangana,Warangal,17.9324,79.4452,National Highway,Clear,Day,75,Male,Bike,66,No,No,No,Signal Jumping,Low,1.0
ACC21391,19-10-2022,19:53,Karnataka,Belagavi,15.1668,75.0142,City Road,Cloudy,Night,36,Female,Truck,53,No,No,No,Poor Weather Visibility,Low,0.0
ACC21392,21-04-2022,20:38,Kerala,Kozhikode,11.2,76.5978,National Highway,Clear,Night,26,Male,Car,96,No,Yes,No,Over Speeding,High,9.0
ACC21393,03-03-2024,16:14,Telangana,Karimnagar,18.7892,79.4174,State Highway,Clear,Day,18,Male,Auto,72,No,No,No,Over Speeding,Medium,1.0
ACC21394,26-11-2023,08:15,Telangana,Khammam,17.4407,78.8316,Village Road,Clear,Day,27,Male,Bike,36,No,No,No,Signal Jumping,Low,0.0
ACC21395,17-06-2024,13:47,Andhra Pradesh,Guntur,15.6529,79.225,State Highway,Clear,Day,41,Female,Car,71,No,Yes,No,Drowsy Driving,Low,1.0
ACC21396,07-02-2023,21:34,Kerala,Thiruvananthapuram,11.6709,76.3654,State Highway,Clear,Night,19,Male,Car,80,Yes,No,No,Drunk Driving,High,8.0
ACC21397,26-02-2024,21:41,Kerala,Ernakulam,9.5752,76.2284,City Road,Clear,Night,24,Male,Bus,61,No,No,No,Over Speeding,Low,2.0
ACC21398,14-10-2023,15:02,Tamil Nadu,Chennai,10.6576,78.68,National Highway,Clear,Day,34,Male,Bike,89,Yes,No,Yes,Over Speeding,High,3.0
ACC21399,09-01-2023,18:11,Tamil Nadu,Tiruchirappalli,11.8277,79.8263,Village Road,Cloudy,Dusk,46,Male,Car,54,No,Yes,No,Drowsy Driving,Low,3.0
ACC21400,01-04-2023,20:39,Tamil Nadu,Tiruchirappalli,10.7342,78.7766,Village Road,Cloudy,Night,39,Female,Car,59,Yes,Yes,No,Drunk Driving,High,10.0
ACC21401,15-02-2024,22:03,Tamil Nadu,Coimbatore,12.035,78.3274,City Road,Clear,Night,24,Male,Bike,82,Yes,No,No,Drunk Driving,Medium,5.0
ACC21402,20-07-2023,16:37,Kerala,Kozhikode,10.2434,76.3547,Village Road,Clear,Day,42,Female,Car,29,No,No,No,Signal Jumping,Low,0.0
ACC21403,02-11-2023,18:29,Kerala,Ernakulam,10.6074,76.8594,Expressway,Overcast,Dusk,37,Female,Auto,93,No,No,No,Over Speeding,High,8.0
ACC21404,03-04-2022,18:03,Tamil Nadu,Tiruchirappalli,11.2853,79.1567,State Highway,Overcast,Dusk,35,Female,Bike,48,No,No,No,Poor Weather Visibility,Medium,1.0
ACC21405,24-12-2024,10:56,Telangana,Nizamabad,17.9008,78.6204,State Highway,Clear,Day,18,Female,Car,79,No,No,Yes,Over Speeding,Medium,4.0
ACC21406,26-08-2023,14:43,Karnataka,Mysuru,15.7139,76.4085,City Road,Clear,Day,26,Male,Bike,77,Yes,No,No,Drunk Driving,High,5.0
ACC21407,14-10-2023,18:28,Kerala,Thiruvananthapuram,10.4859,75.6087,City Road,Clear,Dusk,30,Male,Auto,33,No,No,No,Poor Weather Visibility,Low,2.0
ACC21408,16-05-2023,12:44,Tamil Nadu,Chennai,11.5667,78.6202,State Highway,Rainy,Day,47,Female,Auto,76,No,No,Yes,Poor Weather Visibility,Medium,3.0
ACC21409,19-12-2024,16:44,Telangana,Karimnagar,17.4487,79.5577,City Road,Clear,Day,31,Male,Bike,43,No,No,No,Signal Jumping,Low,3.0
ACC21410,16-01-2022,06:02,Tamil Nadu,Coimbatore,10.8782,77.6239,State Highway,Clear,Day,48,Male,Truck,69,No,Yes,No,Drowsy Driving,Medium,6.0
ACC21411,03-06-2023,09:35,Tamil Nadu,Chennai,11.238,78.5762,State Highway,Clear,Day,37,Male,Car,61,No,No,No,Over Speeding,Low,0.0
ACC21412,12-12-2022,17:47,Kerala,Thrissur,10.4369,76.5395,National Highway,Clear,Dusk,36,Male,Car,68,No,Yes,No,Drowsy Driving,Medium,6.0
ACC21413,20-10-2022,09:46,Kerala,Ernakulam,9.6982,76.6406,Village Road,Clear,Day,32,Male,Car,36,No,No,No,Signal Jumping,Low,1.0
ACC21414,25-02-2023,09:37,Kerala,Thiruvananthapuram,10.1915,76.1175,City Road,Overcast,Day,42,Male,Bike,61,No,No,No,Signal Jumping,Low,0.0
ACC21415,06-10-2024,13:47,Telangana,Nizamabad,17.7871,79.4185,State Highway,Cloudy,Day,21,Female,Auto,59,No,No,No,Poor Weather Visibility,Low,2.0
ACC21416,18-07-2023,05:20,Tamil Nadu,Salem,11.0633,78.0774,State Highway,Rainy,Dawn,18,Male,Bike,51,No,No,No,Poor Weather Visibility,Low,1.0
ACC21417,08-05-2024,19:45,Andhra Pradesh,Kurnool,15.7014,79.9942,City Road,Rainy,Night,41,Male,Bus,52,No,Yes,Yes,Poor Weather Visibility,Medium,
ACC21418,27-05-2023,13:40,Karnataka,Mangaluru,15.2509,75.5752,City Road,Cloudy,Day,54,Male,Auto,79,Yes,No,Yes,Drunk Driving,High,7.0