Accident_ID,Date,Time,State,District,Latitude,Longitude,Road_Type,Weather,Light_Condition,Driver_Age,Driver_Gender,Vehicle_Type,Speed_kmph,Alcohol_Involved,Driver_Drowsy,Pothole_Involved,Cause_of_Accident,Severity,Casualties
ACC21419,14-06-2023,18:55,Telangana,Warangal,17.9575,79.5974,City Road,Rainy,Dusk,28,Female,Bike,59,No,No,No,Poor Weather Visibility,Low,2.0
ACC21420,13-11-2022,11:38,Andhra Pradesh,Vijayawada,15.7049,79.8696,Village Road,Overcast,Day,41,Male,Car,29,No,No,No,Poor Weather Visibility,Low,0.0
ACC21421,15-03-2024,08:21,Telangana,Karimnagar,17.5856,79.252,State Highway,Clear,Day,46,Male,Car,62,No,No,No,Over Speeding,Low,1.0
ACC21422,21-06-2022,10:23,Telangana,Nizamabad,18.3205,79.1848,City Road,Overcast,Day,35,Male,Bike,35,No,No,No,Poor Weather Visibility,Low,1.0
ACC21423,29-10-2023,07:03,Telangana,Khammam,18.5796,78.4344,City Road,Cloudy,Day,35,Female,Bike,56,No,No,No,Poor Weather Visibility,Low,0.0
ACC21424,23-01-2024,04:23,Tamil Nadu,Madurai,10.9234,78.8695,National Highway,Clear,Night,26,Male,Bus,59,No,No,No,Signal Jumping,Low,1.0
ACC21425,07-12-2022,19:00,Kerala,Kollam,9.9416,76.3458,State Highway,Clear,Night,46,Male,Car,83,Yes,No,No,Drunk Driving,High,8.0
ACC21426,16-01-2022,13:51,Andhra Pradesh,Visakhapatnam,15.736,79.5411,City Road,Rainy,Day,19,Male,Car,37,No,No,No,Poor Weather Visibility,Low,3.0
ACC21427,09-11-2023,01:10,Andhra Pradesh,Guntur,15.8055,79.1509,City Road,Clear,Night,33,Male,Bike,68,Yes,No,No,Drunk Driving,High,3.0
ACC21428,14-05-2022,08:49,Telangana,Khammam,18.0467,78.6212,Village Road,Rainy,Day,35,Female,Truck,44,No,No,Yes,Poor Weather Visibility,Medium,4.0
ACC21429,15-05-2023,07:10,Karnataka,Hubballi,15.047,75.3599,Village Road,Clear,Day,26,Male,Bus,38,No,No,No,Signal Jumping,Low,1.0
ACC21430,07-11-2024,18:08,Tamil Nadu,Coimbatore,10.706,78.0863,National Highway,Clear,Dusk,35,Male,Bike,54,No,No,No,Poor Weather Visibility,Medium,2.0
ACC21431,13-09-2022,02:19,Andhra Pradesh,Vijayawada,15.9859,79.9015,Expressway,Clear,Night,33,Male,Bike,71,No,No,Yes,Pothole/Bad Road,Medium,1.0
ACC21432,28-06-2024,12:47,Karnataka,Mangaluru,15.215,76.6624,State Highway,Overcast,Day,47,Male,Bike,54,No,No,No,Signal Jumping,Low,0.0
ACC21433,27-11-2023,17:35,Andhra Pradesh,Kurnool,15.9291,79.175,National Highway,Cloudy,Dusk,35,Male,Car,65,Yes,No,No,Drunk Driving,Medium,2.0
ACC21434,11-04-2024,16:18,Tamil Nadu,Salem,11.124,78.6059,City Road,Clear,Day,49,Male,Auto,24,No,No,No,Signal Jumping,Low,0.0
ACC21435,06-04-2022,23:15,Karnataka,Hubballi,15.314,75.3077,Village Road,Rainy,Night,51,Male,Car,60,Yes,No,Yes,Poor Weather Visibility,High,2.0
ACC21436,30-06-2022,10:45,Andhra Pradesh,Vijayawada,16.2747,80.0655,Village Road,Clear,Day,18,Female,Car,79,Yes,No,No,Drunk Driving,High,12.0
ACC21437,01-08-2022,00:27,Tamil Nadu,Tiruchirappalli,10.6261,78.9082,Expressway,Cloudy,Night,43,Male,Auto,79,No,No,No,Over Speeding,High,4.0
ACC21438,04-06-2022,07:48,Karnataka,Hubballi,15.9212,76.0396,Village Road,Cloudy,Day,45,Male,Bike,42,No,No,Yes,Pothole/Bad Road,Low,0.0
ACC21439,28-07-2022,08:17,Tamil Nadu,Salem,11.5824,78.1556,City Road,Clear,Day,47,Male,Car,40,No,No,No,Signal Jumping,Low,1.0
ACC21440,01-04-2023,07:59,Telangana,Karimnagar,18.241,79.2108,National Highway,Clear,Day,53,Male,Car,58,No,No,No,Signal Jumping,Low,1.0
ACC21441,17-06-2023,16:36,Andhra Pradesh,Visakhapatnam,16.2294,79.5951,Village Road,Rainy,Day,33,Male,Car,31,No,No,No,Poor Weather Visibility,Low,2.0
ACC21442,24-02-2024,19:53,Andhra Pradesh,Guntur,15.9399,79.8803,National Highway,Cloudy,Night,52,Male,Auto,49,No,No,No,Poor Weather Visibility,Low,
ACC21443,23-07-2022,06:24,Kerala,Thiruvananthapuram,10.6433,76.9494,City Road,Clear,Day,30,Male,Truck,50,No,No,No,Signal Jumping,Low,1.0
ACC21444,21-03-2022,19:33,Puducherry,Puducherry,11.5258,79.574,Village Road,Clear,Night,23,Male,Bus,49,No,Yes,No,Drowsy Driving,Medium,4.0
ACC21445,20-03-2022,12:10,Karnataka,Bengaluru Urban,14.9616,75.4493,Village Road,Rainy,Day,45,Male,Bike,39,No,No,No,Poor Weather Visibility,Low,1.0
ACC21446,26-08-2024,13:55,Andhra Pradesh,Vijayawada,16.2545,79.763,City Road,Overcast,Day,18,Male,Car,59,No,No,No,Poor Weather Visibility,Medium,4.0
ACC21447,12-10-2023,19:13,Tamil Nadu,Tiruchirappalli,10.8167,79.3867,City Road,Cloudy,Night,18,Male,Truck,75,No,No,No,Over Speeding,Medium,2.0
ACC21448,06-07-2022,02:56,Andhra Pradesh,Kurnool,15.3596,78.9555,National Highway,Rainy,Night,34,Male,Bus,52,No,No,No,Poor Weather Visibility,Medium,0.0
ACC21449,15-11-2023,22:03,Tamil Nadu,Tiruchirappalli,11.0125,78.4622,Village Road,Clear,Night,18,Male,Car,60,Yes,No,No,Drunk Driving,Medium,2.0
ACC21450,23-05-2024,19:01,Tamil Nadu,Coimbatore,11.4225,78.1738,City Road,Clear,Night,25,Male,Bike,65,Yes,Yes,No,Drunk Driving,High,5.0
ACC21451,28-05-2023,14:22,Telangana,Karimnagar,18.2195,79.4832,City Road,Cloudy,Day,29,Male,Bus,64,No,No,No,Poor Weather Visibility,Low,0.0
ACC21452,06-12-2022,18:56,Karnataka,Bengaluru Urban,15.547,76.0489,National Highway,Clear,Dusk,26,Male,Bike,92,Yes,No,No,Over Speeding,High,7.0
ACC21453,03-03-2023,12:18,Puducherry,Puducherry,12.3898,79.6205,State Highway,Clear,Day,43,Male,Bike,35,No,No,Yes,Pothole/Bad Road,Low,0.0
ACC21454,05-01-2023,13:42,Andhra Pradesh,Vijayawada,16.0844,79.2461,State Highway,Overcast,Day,37,Female,Bus,70,Yes,No,No,Drunk Driving,Medium,1.0
ACC21455,29-09-2023,19:11,Andhra Pradesh,Kurnool,15.5119,79.5258,City Road,Foggy,Night,44,Male,Auto,61,No,Yes,Yes,Poor Weather Visibility,High,6.0
ACC21456,29-01-2022,09:31,Andhra Pradesh,Kurnool,15.4701,79.2309,City Road,Clear,Day,34,Male,Bike,52,No,No,No,Signal Jumping,Low,0.0
ACC21457,08-12-2022,05:53,Puducherry,Puducherry,12.5226,79.8238,Village Road,Cloudy,Dawn,35,Male,Car,39,No,No,No,Poor Weather Visibility,Low,
ACC21458,19-04-2022,17:05,Tamil Nadu,Coimbatore,10.9536,78.6119,Village Road,Overcast,Dusk,32,Female,Car,28,No,No,No,Poor Weather Visibility,Low,2.0
ACC21459,28-08-2023,20:29,Puducherry,Karaikal,11.7506,79.3754,State Highway,Overcast,Night,54,Male,Car,67,Yes,No,No,Drunk Driving,Medium,2.0
ACC21460,13-06-2022,00:09,Karnataka,Hubballi,15.1185,75.7858,City Road,Cloudy,Night,57,Male,Bike,54,No,Yes,No,Drowsy Driving,Medium,2.0
ACC21461,18-03-2024,13:19,Tamil Nadu,Tiruchirappalli,11.4187,78.6135,State Highway,Clear,Day,18,Male,Bike,74,No,No,No,Over Speeding,Medium,3.0
ACC21462,01-08-2023,06:26,Telangana,Khammam,17.6537,78.8269,National Highway,Rainy,Day,38,Female,Bus,87,No,No,No,Poor Weather Visibility,High,6.0
ACC21463,20-09-2024,04:35,Tamil Nadu,Madurai,11.2253,78.1974,City Road,Cloudy,Night,33,Male,Bike,39,No,No,No,Poor Weather Visibility,Low,2.0
ACC21464,20-08-2024,23:57,Kerala,Ernakulam,10.2282,76.4453,Village Road,Clear,Night,35,Male,Auto,65,Yes,No,Yes,Drunk Driving,High,4.0
ACC21465,04-07-2024,15:22,Telangana,Khammam,18.3731,79.3278,City Road,Clear,Day,32,Female,Car,44,No,No,No,Signal Jumping,Low,0.0
ACC21466,20-05-2023,16:37,Karnataka,Mysuru,15.2139,75.9468,Village Road,Clear,Day,67,Male,Auto,39,No,No,No,Signal Jumping,Low,0.0
ACC21467,25-02-2022,11:14,Andhra Pradesh,Nellore,15.5136,79.0349,State Highway,Rainy,Day,19,Male,Car,54,No,No,Yes,Poor Weather Visibility,Medium,2.0
ACC21468,20-07-2023,14:10,Andhra Pradesh,Kurnool,15.6933,79.5686,City Road,Cloudy,Day,40,Male,Car,66,No,Yes,No,Drowsy Driving,Medium,1.0
ACC21469,19-02-2022,15:28,Andhra Pradesh,Kurnool,16.2415,79.8983,State Highway,Clear,Day,41,Male,Truck,52,No,Yes,Yes,Drowsy Driving,Medium,5.0
ACC21470,27-10-2024,19:16,Tamil Nadu,Coimbatore,10.828,78.6011,State Highway,Overcast,Night,25,Male,Car,80,Yes,No,No,Drunk Driving,High,4.0
ACC21471,24-09-2022,15:10,Andhra Pradesh,Visakhapatnam,15.3991,79.6278,State Highway,Clear,Day,34,Female,Car,64,No,No,No,Signal Jumping,Low,0.0
ACC21472,01-09-2022,08:52,Telangana,Warangal,17.2425,79.0924,State Highway,Foggy,Day,21,Male,Car,63,Yes,Yes,No,Poor Weather Visibility,High,8.0
ACC21473,10-01-2024,17:03,Tamil Nadu,Coimbatore,11.2444,78.4308,National Highway,Cloudy,Dusk,20,Male,Truck,72,No,No,No,Poor Weather Visibility,Medium,4.0
ACC21474,26-01-2024,10:19,Puducherry,Karaikal,12.2866,79.3035,City Road,Clear,Day,18,Male,Car,42,No,Yes,No,Drowsy Driving,Low,1.0
ACC21475,15-02-2022,21:04,Telangana,Nizamabad,17.8082,78.6637,Village Road,Rainy,Night,49,Female,Car,52,Yes,No,Yes,Poor Weather Visibility,High,12.0
ACC21476,31-05-2023,08:57,Karnataka,Mysuru,14.6811,76.7677,State Highway,Clear,Day,19,Male,Car,45,No,No,No,Signal Jumping,Low,0.0
ACC21477,16-11-2023,08:36,Telangana,Hyderabad,17.753,79.0226,State Highway,Clear,Day,49,Male,Bus,57,No,No,No,Signal Jumping,Low,0.0
ACC21478,19-02-2022,06:54,Telangana,Khammam,18.1169,79.4772,State Highway,Rainy,Day,33,Male,Bike,74,No,No,No,Poor Weather Visibility,Medium,8.0
ACC21479,11-11-2022,03:37,Tamil Nadu,Tiruchirappalli,11.2764,78.8116,City Road,Rainy,Night,45,Male,Bike,30,No,No,Yes,Poor Weather Visibility,Medium,4.0
ACC21480,08-02-2024,14:43,Andhra Pradesh,Nellore,15.5968,79.3358,State Highway,Cloudy,Day,18,Female,Truck,92,Yes,Yes,Yes,Over Speeding,High,8.0
ACC21481,04-11-2023,16:57,Puducherry,Puducherry,11.2062,80.2281,State Highway,Clear,Day,26,Male,Car,77,No,No,No,Over Speeding,Low,1.0
ACC21482,29-08-2024,15:21,Telangana,Warangal,17.5621,78.9929,National Highway,Clear,Day,38,Male,Auto,70,No,No,No,Signal Jumping,Medium,2.0
ACC21483,06-05-2023,16:04,Tamil Nadu,Coimbatore,10.9841,79.3922,Expressway,Cloudy,Day,49,Male,Truck,66,No,No,No,Poor Weather Visibility,Medium,6.0
ACC21484,22-05-2022,10:18,Karnataka,Belagavi,15.0231,76.3237,Expressway,Rainy,Day,46,Female,Car,95,No,No,No,Over Speeding,High,7.0
ACC21485,21-12-2023,12:35,Kerala,Kollam,9.697,76.3302,National Highway,Rainy,Day,49,Male,Bike,76,No,Yes,Yes,Poor Weather Visibility,High,9.0
ACC21486,13-12-2024,21:00,Karnataka,Bengaluru Urban,14.7718,75.2723,City Road,Cloudy,Night,30,Male,Auto,49,Yes,No,No,Drunk Driving,Medium,5.0
ACC21487,27-08-2023,18:50,Karnataka,Belagavi,15.4285,76.3929,National Highway,Clear,Dusk,18,Male,Truck,73,No,No,No,Signal Jumping,Medium,2.0
ACC21488,24-05-2024,23:55,Tamil Nadu,Chennai,11.4532,79.0108,City Road,Clear,Night,41,Male,Car,46,No,No,No,Poor Weather Visibility,Low,
ACC21489,24-01-2022,18:32,Tamil Nadu,Salem,11.7629,78.8663,Village Road,Cloudy,Dusk,47,Male,Truck,49,Yes,No,Yes,Drunk Driving,Medium,2.0
ACC21490,16-10-2023,08:01,Karnataka,Bengaluru Urban,14.8741,75.5338,City Road,Overcast,Day,37,Female,Car,50,No,No,No,Poor Weather Visibility,Low,1.0
ACC21491,24-03-2024,09:39,Karnataka,Mysuru,15.3318,75.6301,Expressway,Clear,Day,23,Male,Truck,77,No,No,No,Over Speeding,Medium,0.0
ACC21492,01-02-2022,07:34,Kerala,Kollam,10.1089,76.3763,Expressway,Foggy,Day,23,Male,Bike,76,No,No,No,Poor Weather Visibility,High,8.0
ACC21493,02-03-2024,19:02,Telangana,Karimnagar,17.6797,79.4234,City Road,Cloudy,Night,65,Male,Car,46,Yes,No,No,Drunk Driving,Medium,1.0
ACC21494,05-07-2024,18:54,Tamil Nadu,Madurai,11.0386,78.5694,National Highway,Clear,Dusk,22,Male,Bike,64,No,No,No,Over Speeding,High,5.0
ACC21495,29-07-2024,18:29,Karnataka,Mangaluru,15.5756,75.5046,Village Road,Cloudy,Dusk,33,Male,Bike,57,No,No,Yes,Pothole/Bad Road,Medium,2.0
ACC21496,13-02-2024,00:18,Telangana,Warangal,18.1112,78.9904,City Road,Rainy,Night,42,Male,Car,58,Yes,No,No,Poor Weather Visibility,Medium,4.0
ACC21497,08-03-2023,13:16,Telangana,Hyderabad,17.1444,79.0612,National Highway,Rainy,Day,24,Male,Bus,71,No,No,No,Poor Weather Visibility,Medium,1.0
ACC21498,03-04-2024,21:35,Tamil Nadu,Chennai,11.8801,78.6952,State Highway,Clear,Night,25,Male,Car,69,No,No,No,Over Speeding,Medium,3.0
ACC21499,28-04-2023,06:58,Andhra Pradesh,Kurnool,16.2554,79.9326,National Highway,Clear,Day,38,Female,Bike,81,No,No,No,Over Speeding,Medium,3.0
ACC21500,18-09-2023,18:49,Tamil Nadu,Salem,10.5455,78.0577,National Highway,Clear,Dusk,24,Male,Bike,86,No,No,No,Over Speeding,High,1.0
ACC21501,25-04-2023,14:09,Telangana,Karimnagar,17.7045,78.7713,Expressway,Cloudy,Day,19,Male,Truck,94,No,Yes,No,Over Speeding,High,5.0
ACC21502,04-07-2022,20:06,Karnataka,Mysuru,15.6485,75.2819,Expressway,Clear,Night,49,Female,Car,78,No,No,No,Over Speeding,Medium,0.0
ACC21503,08-11-2022,17:01,Kerala,Thiruvananthapuram,9.9648,75.8998,Village Road,Clear,Dusk,48,Male,Auto,44,No,No,No,Signal Jumping,Low,1.0
ACC21504,27-05-2023,17:29,Kerala,Kozhikode,10.6685,76.1563,National Highway,Cloudy,Dusk,45,Male,Truck,84,No,No,No,Over Speeding,Low,1.0
ACC21505,29-12-2024,08:06,Kerala,Ernakulam,10.1738,76.4667,State Highway,Clear,Day,50,Female,Bike,64,No,No,No,Over Speeding,Low,0.0
ACC21506,24-06-2022,15:51,Tamil Nadu,Salem,11.1647,79.0485,State Highway,Rainy,Day,28,Male,Bike,79,No,No,No,Poor Weather Visibility,Medium,4.0
ACC21507,06-03-2022,15:52,Karnataka,Belagavi,15.028,75.4534,State Highway,Rainy,Day,52,Male,Auto,65,Yes,No,No,Poor Weather Visibility,High,2.0
ACC21508,21-08-2022,23:20,Karnataka,Bengaluru Urban,15.0484,74.8422,Village Road,Cloudy,Night,39,Male,Bike,35,No,No,No,Poor Weather Visibility,Low,1.0
ACC21509,03-12-2022,14:54,Kerala,Thiruvananthapuram,10.3027,76.2616,City Road,Clear,Day,29,Male,Bike,58,No,No,No,Signal Jumping,Low,1.0
ACC21510,10-04-2022,14:30,Karnataka,Mysuru,15.0931,75.9433,Village Road,Rainy,Day,29,Female,Auto,49,No,No,No,Poor Weather Visibility,Medium,3.0
ACC21511,28-10-2024,19:23,Kerala,Kozhikode,10.7295,76.917,City Road,Cloudy,Night,31,Male,Bus,86,Yes,Yes,No,Over Speeding,High,3.0
ACC21512,28-10-2024,23:49,Kerala,Kozhikode,10.2769,76.5052,City Road,Clear,Night,40,Female,Truck,53,No,No,Yes,Pothole/Bad Road,Low,1.0
ACC21513,29-05-2022,19:59,Andhra Pradesh,Nellore,15.7292,80.0268,State Highway,Clear,Night,18,Male,Car,76,Yes,No,No,Drunk Driving,Medium,3.0
ACC21514,25-07-2024,09:12,Puducherry,Puducherry,12.3875,80.1348,City Road,Rainy,Day,59,Male,Car,38,No,No,No,Poor Weather Visibility,Low,0.0
ACC21515,23-03-2022,10:15,Kerala,Kozhikode,10.3123,76.6273,National Highway,Clear,Day,43,Male,Auto,67,No,No,No,Signal Jumping,Medium,6.0
ACC21516,20-05-2023,16:24,Kerala,Kozhikode,10.0684,75.9241,State Highway,Foggy,Day,21,Female,Bus,58,Yes,No,No,Poor Weather Visibility,Medium,4.0
ACC21517,12-04-2023,10:13,Kerala,Kozhikode,10.3337,76.3915,City Road,Clear,Day,46,Female,Truck,44,No,No,No,Signal Jumping,Low,0.0
ACC21518,09-12-2024,19:48,Kerala,Kozhikode,10.6456,76.6948,State Highway,Rainy,Night,61,Male,Bus,86,Yes,No,Yes,Poor Weather Visibility,High,4.0
ACC21519,30-11-2022,13:18,Karnataka,Bengaluru Urban,14.7329,75.3914,State Highway,Cloudy,Day,33,Male,Bike,58,No,No,No,Poor Weather Visibility,Low,1.0
ACC21520,24-02-2023,21:40,Karnataka,Mysuru,15.2698,74.5796,National Highway,Cloudy,Night,46,Male,Bike,74,No,No,No,Over Speeding,High,7.0
ACC21521,01-02-2022,18:07,Kerala,Thiruvananthapuram,10.4908,76.55,State Highway,Rainy,Dusk,48,Male,Car,61,No,No,No,Poor Weather Visibility,Medium,5.0
ACC21522,08-09-2024,07:29,Karnataka,Mysuru,15.4128,75.6886,National Highway,Cloudy,Day,43,Male,Bike,57,No,No,No,Poor Weather Visibility,Low,2.0
ACC21523,24-10-2024,08:02,Andhra Pradesh,Kurnool,15.9578,78.8042,City Road,Cloudy,Day,34,Female,Bike,39,No,No,No,Poor Weather Visibility,Low,0.0
ACC21524,21-12-2024,08:19,Telangana,Nizamabad,18.1769,78.5115,City Road,Clear,Day,24,Male,Car,43,No,Yes,No,Drowsy Driving,Low,1.0
ACC21525,10-08-2022,14:10,Telangana,Karimnagar,18.3937,78.3437,City Road,Clear,Day,36,Male,Bus,64,Yes,No,No,Drunk Driving,Medium,5.0
ACC21526,03-06-2023,19:21,Telangana,Karimnagar,17.9786,78.8316,Village Road,Cloudy,Night,51,Male,Car,53,Yes,No,No,Drunk Driving,Medium,2.0
ACC21527,30-06-2023,07:00,Tamil Nadu,Chennai,11.23,78.2403,Village Road,Overcast,Day,18,Male,Bus,38,No,No,No,Poor Weather Visibility,Low,0.0
ACC21528,14-07-2024,09:41,Tamil Nadu,Salem,11.1693,78.764,City Road,Rainy,Day,63,Female,Bike,46,No,No,Yes,Poor Weather Visibility,Low,1.0
ACC21529,06-07-2023,12:25,Tamil Nadu,Coimbatore,10.645,78.7983,National Highway,Rainy,Day,27,Male,Bus,84,No,No,No,Poor Weather Visibility,High,5.0
ACC21530,15-08-2023,07:37,Kerala,Thrissur,10.0022,75.7961,National Highway,Overcast,Day,45,Male,Car,52,No,No,No,Poor Weather Visibility,Low,3.0
ACC21531,28-09-2022,06:02,Tamil Nadu,Madurai,11.0058,78.634,National Highway,Clear,Day,49,Male,Auto,71,No,No,No,Over Speeding,High,4.0
ACC21532,18-02-2024,13:25,Tamil Nadu,Coimbatore,11.3511,78.5074,Expressway,Foggy,Day,47,Male,Bike,78,No,No,No,Poor Weather Visibility,Medium,4.0
ACC21533,18-08-2023,19:12,Puducherry,Karaikal,12.3837,79.4385,State Highway,Clear,Night,69,Male,Bus,74,No,No,No,Over Speeding,Medium,3.0
ACC21534,08-07-2024,12:22,Karnataka,Belagavi,15.298,75.3573,Expressway,Clear,Day,30,Male,Auto,85,No,No,No,Over Speeding,Medium,0.0
ACC21535,17-01-2023,21:44,Tamil Nadu,Madurai,10.162,78.3597,State Highway,Rainy,Night,39,Male,Car,57,No,No,No,Poor Weather Visibility,Low,0.0
ACC21536,09-08-2023,19:25,Kerala,Ernakulam,10.6876,76.8846,State Highway,Overcast,Night,41,Male,Bike,61,No,No,No,Poor Weather Visibility,High,
ACC21537,07-01-2022,08:05,Andhra Pradesh,Guntur,16.0373,79.7792,Village Road,Cloudy,Day,40,Male,Auto,42,No,No,No,Signal Jumping,Low,2.0
ACC21538,05-06-2024,13:16,Kerala,Kozhikode,10.0482,76.4369,State Highway,Cloudy,Day,27,Male,Bike,82,No,No,Yes,Over Speeding,High,6.0
ACC21539,23-12-2024,17:54,Tamil Nadu,Madurai,11.2432,78.3398,National Highway,Clear,Dusk,39,Female,Car,59,No,No,No,Signal Jumping,Low,1.0
ACC21540,22-10-2024,21:19,Kerala,Thiruvananthapuram,10.4247,76.1185,State Highway,Rainy,Night,39,Female,Truck,60,No,No,No,Poor Weather Visibility,Medium,0.0
ACC21541,30-11-2023,07:40,Tamil Nadu,Chennai,11.5419,78.6129,Village Road,Rainy,Day,27,Male,Bike,23,No,No,No,Poor Weather Visibility,Low,0.0
ACC21542,13-08-2022,16:34,Andhra Pradesh,Nellore,15.3263,80.2627,National Highway,Rainy,Day,42,Female,Bike,54,No,No,No,Poor Weather Visibility,Medium,4.0
ACC21543,23-04-2023,11:27,Telangana,Hyderabad,18.3241,78.7727,Village Road,Overcast,Day,27,Male,Bike,55,No,No,Yes,Pothole/Bad Road,Medium,0.0
ACC21544,15-05-2022,13:02,Tamil Nadu,Madurai,10.384,79.3315,Village Road,Rainy,Day,18,Male,Auto,21,No,No,Yes,Poor Weather Visibility,Low,0.0
ACC21545,18-09-2024,18:11,Kerala,Thiruvananthapuram,10.2642,76.5536,City Road,Cloudy,Dusk,18,Female,Bus,60,Yes,No,No,Drunk Driving,Medium,6.0
ACC21546,14-06-2022,08:37,Telangana,Karimnagar,18.3703,78.4006,City Road,Rainy,Day,39,Male,Bus,44,No,No,Yes,Poor Weather Visibility,Low,1.0
ACC21547,06-01-2022,13:25,Andhra Pradesh,Kurnool,15.8402,80.1513,National Highway,Clear,Day,34,Male,Auto,80,No,No,No,Over Speeding,Medium,1.0
ACC21548,16-05-2024,07:24,Tamil Nadu,Chennai,10.5772,78.11,State Highway,Clear,Day,18,Male,Auto,62,No,No,No,Signal Jumping,Low,1.0
ACC21549,28-05-2023,21:41,Tamil Nadu,Tiruchirappalli,10.6102,78.3782,State Highway,Clear,Night,18,Female,Truck,62,No,Yes,No,Drowsy Driving,High,5.0
ACC21550,05-12-2023,21:38,Karnataka,Mysuru,15.0692,75.616,State Highway,Cloudy,Night,42,Male,Bike,54,No,No,No,Poor Weather Visibility,Low,1.0
ACC21551,26-11-2022,19:47,Tamil Nadu,Salem,11.4735,78.3152,Village Road,Clear,Night,19,Male,Car,58,Yes,No,Yes,Drunk Driving,Medium,1.0
ACC21552,23-05-2023,08:03,Telangana,Khammam,17.3293,79.8203,City Road,Clear,Day,18,Male,Auto,45,No,No,No,Signal Jumping,Low,0.0
ACC21553,05-05-2022,20:33,Kerala,Kozhikode,10.4338,76.0518,National Highway,Clear,Night,49,Female,Bike,69,No,No,No,Over Speeding,High,6.0
ACC21554,10-06-2024,04:10,Karnataka,Hubballi,15.7778,75.8741,Village Road,Cloudy,Night,43,Male,Bike,36,No,No,No,Poor Weather Visibility,Low,1.0
ACC21555,27-11-2023,19:09,Andhra Pradesh,Vijayawada,15.7195,79.4861,Village Road,Cloudy,Night,20,Male,Auto,55,Yes,Yes,Yes,Drunk Driving,High,6.0
ACC21556,12-03-2024,08:43,Tamil Nadu,Tiruchirappalli,11.3073,79.0043,State Highway,Cloudy,Day,38,Male,Auto,77,No,No,Yes,Over Speeding,Medium,6.0
ACC21557,02-05-2022,03:10,Kerala,Thiruvananthapuram,10.0631,76.0561,Village Road,Foggy,Night,59,Male,Bike,48,No,No,No,Poor Weather Visibility,Medium,
ACC21558,20-03-2023,06:23,Kerala,Thrissur,9.3419,76.6794,National Highway,Overcast,Day,46,Male,Auto,79,No,No,No,Over Speeding,High,6.0
ACC21559,30-11-2023,04:06,Tamil Nadu,Chennai,10.9628,78.6779,Village Road,Clear,Night,18,Female,Car,31,No,No,No,Signal Jumping,Low,0.0
ACC21560,31-03-2022,05:29,Telangana,Khammam,17.9401,78.8684,National Highway,Foggy,Dawn,35,Male,Bus,70,No,No,No,Poor Weather Visibility,Medium,5.0
ACC21561,09-05-2023,13:35,Andhra Pradesh,Nellore,16.2723,79.8192,Village Road,Clear,Day,33,Male,Bike,33,No,No,No,Signal Jumping,Low,0.0
ACC21562,29-12-2024,09:21,Tamil Nadu,Madurai,11.296,79.1784,City Road,Clear,Day,29,Male,Car,50,No,No,No,Signal Jumping,Low,1.0
ACC21563,03-06-2022,17:26,Karnataka,Bengaluru Urban,15.1437,75.7164,City Road,Cloudy,Dusk,25,Male,Bike,50,No,No,No,Poor Weather Visibility,Low,1.0
ACC21564,03-01-2023,08:46,Karnataka,Mangaluru,14.951,75.3845,Village Road,Cloudy,Day,38,Male,Bike,15,No,No,Yes,Signal Jumping,Low,0.0
ACC21565,06-01-2024,11:13,Telangana,Warangal,18.4825,79.3868,Village Road,Rainy,Day,18,Male,Car,50,No,No,No,Poor Weather Visibility,Low,0.0
ACC21566,10-04-2023,18:36,Andhra Pradesh,Guntur,15.3511,79.8515,City Road,Clear,Dusk,48,Male,Car,39,No,No,No,Poor Weather Visibility,Low,1.0
ACC21567,14-02-2024,17:50,Telangana,Karimnagar,17.9236,79.1323,Village Road,Clear,Dusk,37,Female,Auto,64,Yes,No,Yes,Drunk Driving,High,11.0
ACC21568,20-07-2022,02:09,Andhra Pradesh,Vijayawada,16.3308,79.5832,Expressway,Foggy,Night,48,Male,Bike,88,Yes,No,No,Poor Weather Visibility,High,6.0
ACC21569,16-11-2023,11:16,Telangana,Hyderabad,17.5306,79.3027,Expressway,Rainy,Day,27,Male,Car,89,No,No,No,Over Speeding,High,4.0
ACC21570,08-07-2022,21:23,Karnataka,Belagavi,14.9968,74.9579,State Highway,Overcast,Night,55,Male,Truck,76,No,Yes,No,Drowsy Driving,Medium,3.0
ACC21571,17-05-2022,06:44,Telangana,Karimnagar,17.2984,79.3775,State Highway,Overcast,Day,44,Female,Bike,34,No,No,No,Poor Weather Visibility,Low,0.0
ACC21572,09-07-2024,20:17,Karnataka,Mangaluru,14.9994,74.7832,National Highway,Clear,Night,42,Male,Auto,50,No,No,No,Poor Weather Visibility,Medium,4.0
ACC21573,12-11-2023,11:04,Telangana,Khammam,17.4751,78.816,State Highway,Rainy,Day,40,Male,Car,62,No,No,No,Poor Weather Visibility,Medium,3.0
ACC21574,30-03-2023,19:55,Andhra Pradesh,Visakhapatnam,15.1787,79.6542,City Road,Clear,Night,40,Female,Bike,48,No,No,Yes,Pothole/Bad Road,Medium,2.0
ACC21575,25-11-2023,01:01,Kerala,Kozhikode,10.233,76.2241,State Highway,Overcast,Night,47,Male,Car,67,Yes,Yes,No,Drunk Driving,High,5.0