Accident_ID,Date,Time,State,District,Latitude,Longitude,Road_Type,Weather,Light_Condition,Driver_Age,Driver_Gender,Vehicle_Type,Speed_kmph,Alcohol_Involved,Driver_Drowsy,Pothole_Involved,Cause_of_Accident,Severity,Casualties
ACC21576,05-02-2024,07:39,Tamil Nadu,Salem,10.663,78.8484,State Highway,Rainy,Day,24,Male,Car,45,No,No,No,Poor Weather Visibility,Low,2.0
ACC21577,21-07-2022,20:43,Kerala,Kollam,10.3202,77.1024,Village Road,Clear,Night,54,Male,Truck,37,No,No,Yes,Pothole/Bad Road,Low,1.0
ACC21578,21-07-2024,20:52,Andhra Pradesh,Nellore,14.7871,79.8906,National Highway,Clear,Night,32,Male,Auto,89,Yes,Yes,No,Over Speeding,High,10.0
ACC21579,17-02-2022,14:09,Andhra Pradesh,Nellore,15.8629,79.41,Village Road,Cloudy,Day,49,Male,Auto,34,No,No,Yes,Pothole/Bad Road,Low,1.0
ACC21580,08-01-2024,23:48,Tamil Nadu,Tiruchirappalli,10.8818,78.4761,City Road,Clear,Night,38,Male,Auto,49,No,No,Yes,Pothole/Bad Road,Low,0.0
ACC21581,29-12-2024,14:01,Karnataka,Mysuru,15.1881,75.2751,State Highway,Rainy,Day,40,Male,Bike,70,No,No,Yes,Poor Weather Visibility,High,9.0
ACC21582,07-01-2024,09:31,Kerala,Ernakulam,10.9443,75.908,National Highway,Rainy,Day,18,Female,Bike,78,No,No,No,Poor Weather Visibility,High,7.0
ACC21583,16-06-2024,19:47,Telangana,Warangal,17.9241,79.046,National Highway,Overcast,Night,36,Male,Car,69,No,Yes,No,Drowsy Driving,High,6.0
ACC21584,17-06-2024,11:21,Tamil Nadu,Tiruchirappalli,10.7748,78.2337,National Highway,Clear,Day,35,Female,Car,84,No,No,No,Over Speeding,Medium,7.0
ACC21585,04-11-2024,14:53,Telangana,Warangal,18.2194,78.6911,Village Road,Rainy,Day,34,Male,Truck,27,No,No,Yes,Poor Weather Visibility,Low,0.0
ACC21586,01-09-2024,19:15,Puducherry,Puducherry,12.5298,79.0168,City Road,Clear,Night,29,Female,Bike,56,Yes,No,Yes,Drunk Driving,High,5.0
ACC21587,27-11-2024,23:13,Tamil Nadu,Chennai,10.7749,78.5829,City Road,Rainy,Night,34,Male,Car,43,No,No,Yes,Poor Weather Visibility,Low,1.0
ACC21588,26-06-2022,17:06,Andhra Pradesh,Guntur,15.5399,79.7172,National Highway,Overcast,Dusk,33,Male,Bike,59,No,No,No,Poor Weather Visibility,Medium,6.0
ACC21589,03-12-2022,06:59,Karnataka,Hubballi,15.8159,75.523,Village Road,Clear,Day,47,Male,Car,53,No,Yes,No,Drowsy Driving,Low,1.0
ACC21590,10-10-2023,19:44,Tamil Nadu,Chennai,11.7994,78.6459,National Highway,Clear,Night,53,Male,Truck,70,No,No,No,Over Speeding,Medium,2.0
ACC21591,10-03-2022,12:03,Tamil Nadu,Salem,10.9986,78.9694,National Highway,Clear,Day,27,Male,Bike,65,No,No,No,Over Speeding,Medium,3.0
ACC21592,24-04-2024,00:29,Karnataka,Mysuru,15.4767,75.8285,City Road,Clear,Night,19,Male,Car,70,Yes,No,No,Drunk Driving,Medium,5.0
ACC21593,12-12-2022,11:47,Tamil Nadu,Chennai,10.7218,78.9382,City Road,Rainy,Day,27,Male,Auto,68,Yes,No,No,Poor Weather Visibility,Medium,2.0
ACC21594,12-10-2023,23:48,Andhra Pradesh,Nellore,16.4702,79.8699,State Highway,Rainy,Night,27,Male,Bike,82,No,No,Yes,Poor Weather Visibility,High,9.0
ACC21595,05-03-2024,11:27,Karnataka,Mangaluru,15.4456,75.3854,City Road,Clear,Day,42,Female,Bus,52,No,Yes,Yes,Drowsy Driving,Low,0.0
ACC21596,05-09-2023,15:01,Karnataka,Mysuru,15.6778,75.9385,State Highway,Clear,Day,56,Female,Bike,75,Yes,No,Yes,Drunk Driving,High,5.0
ACC21597,15-09-2023,16:47,Telangana,Khammam,17.3826,78.4947,State Highway,Clear,Day,25,Male,Car,62,No,No,No,Over Speeding,Low,0.0
ACC21598,30-08-2024,19:59,Puducherry,Karaikal,11.7015,79.4819,Expressway,Clear,Night,18,Male,Auto,84,Yes,No,No,Drunk Driving,High,7.0
ACC21599,22-12-2022,14:30,Karnataka,Hubballi,16.0488,76.1236,State Highway,Rainy,Day,24,Male,Bus,70,No,No,No,Poor Weather Visibility,Medium,2.0
ACC21600,23-10-2022,09:45,Karnataka,Mysuru,15.5833,75.3206,City Road,Rainy,Day,37,Female,Truck,44,No,No,No,Poor Weather Visibility,Low,1.0
ACC21601,04-06-2022,16:24,Kerala,Thiruvananthapuram,10.002,76.738,City Road,Clear,Day,23,Male,Car,42,No,No,Yes,Pothole/Bad Road,Low,1.0
ACC21602,28-07-2024,12:49,Karnataka,Hubballi,15.3633,75.7307,State Highway,Cloudy,Day,38,Male,Car,59,No,No,No,Poor Weather Visibility,Low,0.0
ACC21603,17-03-2022,19:31,Telangana,Warangal,17.6983,78.1482,Expressway,Clear,Night,28,Male,Truck,76,Yes,Yes,No,Drunk Driving,High,6.0
ACC21604,26-11-2022,17:53,Karnataka,Belagavi,15.6512,76.6087,City Road,Clear,Dusk,25,Male,Auto,30,No,No,No,Poor Weather Visibility,Low,0.0
ACC21605,21-05-2023,10:54,Tamil Nadu,Salem,11.3632,78.8658,Expressway,Rainy,Day,32,Male,Bike,84,No,No,No,Poor Weather Visibility,High,6.0
ACC21606,17-09-2022,23:56,Tamil Nadu,Chennai,9.8996,78.9363,Village Road,Overcast,Night,31,Female,Car,53,No,Yes,Yes,Drowsy Driving,Medium,1.0
ACC21607,12-08-2023,05:54,Tamil Nadu,Madurai,10.8911,79.1727,Village Road,Cloudy,Dawn,26,Male,Bike,32,No,No,No,Poor Weather Visibility,Low,1.0
ACC21608,29-02-2024,08:41,Tamil Nadu,Salem,11.2267,77.7554,State Highway,Cloudy,Day,18,Male,Bus,47,No,Yes,No,Drowsy Driving,Medium,0.0
ACC21609,03-09-2022,18:41,Telangana,Khammam,18.0292,79.9895,Expressway,Clear,Dusk,38,Male,Truck,80,No,No,No,Over Speeding,Medium,0.0
ACC21610,12-11-2023,15:06,Andhra Pradesh,Kurnool,15.3994,80.3918,Village Road,Cloudy,Day,30,Male,Truck,29,No,No,No,Poor Weather Visibility,Low,2.0
ACC21611,20-09-2024,14:08,Kerala,Ernakulam,10.5366,75.4782,Expressway,Clear,Day,43,Male,Car,65,No,No,Yes,Pothole/Bad Road,Medium,4.0
ACC21612,26-03-2024,05:07,Telangana,Karimnagar,17.4961,78.592,State Highway,Clear,Dawn,33,Female,Bike,71,No,No,No,Over Speeding,Low,1.0
ACC21613,15-05-2024,21:22,Kerala,Ernakulam,9.9282,75.8303,National Highway,Clear,Night,60,Male,Bike,79,Yes,Yes,No,Drunk Driving,High,6.0
ACC21614,22-06-2023,06:49,Andhra Pradesh,Visakhapatnam,16.1051,79.4281,City Road,Cloudy,Day,46,Male,Bus,62,No,Yes,Yes,Drowsy Driving,Medium,1.0
ACC21615,19-05-2024,20:40,Tamil Nadu,Chennai,10.6221,78.2103,Expressway,Clear,Night,44,Male,Bus,70,No,No,No,Over Speeding,Medium,4.0
ACC21616,31-07-2022,19:45,Karnataka,Bengaluru Urban,15.5415,75.4282,National Highway,Clear,Night,40,Male,Truck,67,No,No,No,Over Speeding,Low,0.0
ACC21617,25-12-2023,16:33,Kerala,Ernakulam,9.9986,76.3619,Expressway,Clear,Day,20,Female,Truck,99,Yes,No,Yes,Over Speeding,High,10.0
ACC21618,26-12-2024,10:17,Telangana,Khammam,17.7984,79.2002,City Road,Overcast,Day,48,Female,Bike,72,Yes,No,No,Drunk Driving,High,5.0
ACC21619,11-08-2024,18:58,Karnataka,Belagavi,15.7012,75.4592,City Road,Foggy,Dusk,31,Male,Bus,57,No,No,No,Poor Weather Visibility,Low,0.0
ACC21620,21-11-2024,13:38,Karnataka,Hubballi,15.6267,76.1085,National Highway,Rainy,Day,24,Male,Auto,87,No,Yes,No,Poor Weather Visibility,High,5.0
ACC21621,19-09-2022,07:32,Karnataka,Hubballi,14.7632,75.5638,Village Road,Clear,Day,18,Male,Car,40,No,No,No,Signal Jumping,Low,0.0
ACC21622,01-04-2022,18:39,Karnataka,Mysuru,15.9008,75.957,National Highway,Cloudy,Dusk,36,Male,Auto,55,No,No,Yes,Pothole/Bad Road,Medium,3.0
ACC21623,03-04-2023,21:08,Kerala,Thiruvananthapuram,10.4968,75.8533,City Road,Rainy,Night,32,Female,Bike,41,No,No,No,Poor Weather Visibility,Low,0.0
ACC21624,11-07-2023,08:52,Telangana,Nizamabad,17.9078,78.9765,Village Road,Rainy,Day,18,Male,Auto,29,No,No,No,Poor Weather Visibility,Low,0.0
ACC21625,24-05-2024,17:41,Puducherry,Puducherry,12.1381,79.1388,State Highway,Clear,Dusk,45,Female,Car,61,No,No,No,Over Speeding,Low,0.0
ACC21626,25-10-2024,15:51,Kerala,Ernakulam,10.897,77.158,Expressway,Rainy,Day,32,Male,Car,94,No,No,No,Over Speeding,High,8.0
ACC21627,25-07-2022,20:51,Tamil Nadu,Salem,10.5071,78.7009,Village Road,Cloudy,Night,27,Male,Bike,27,No,No,No,Signal Jumping,Low,1.0
ACC21628,19-03-2023,21:19,Karnataka,Mangaluru,15.7246,76.8511,National Highway,Cloudy,Night,46,Female,Car,63,No,No,No,Poor Weather Visibility,Medium,1.0
ACC21629,07-04-2022,15:24,Andhra Pradesh,Vijayawada,15.8861,79.5155,State Highway,Foggy,Day,18,Female,Bike,61,No,No,No,Poor Weather Visibility,Medium,3.0
ACC21630,01-07-2022,13:32,Telangana,Karimnagar,18.2685,78.951,City Road,Cloudy,Day,46,Male,Truck,43,No,No,Yes,Pothole/Bad Road,Low,2.0
ACC21631,05-02-2024,08:12,Tamil Nadu,Madurai,11.3754,78.4916,City Road,Foggy,Day,39,Male,Auto,50,No,No,No,Poor Weather Visibility,Low,3.0
ACC21632,15-05-2023,06:02,Telangana,Khammam,18.4559,79.78,State Highway,Clear,Day,25,Male,Bike,57,Yes,No,No,Drunk Driving,Low,1.0
ACC21633,01-01-2024,07:41,Telangana,Khammam,17.8159,78.8338,City Road,Clear,Day,40,Male,Bike,43,No,No,No,Signal Jumping,Low,0.0
ACC21634,15-02-2023,13:43,Tamil Nadu,Madurai,11.3716,78.6045,Expressway,Cloudy,Day,30,Male,Truck,110,No,Yes,No,Over Speeding,High,8.0
ACC21635,09-11-2022,14:42,Telangana,Warangal,17.5277,78.7288,Expressway,Clear,Day,40,Male,Auto,79,No,No,No,Over Speeding,Medium,3.0
ACC21636,25-01-2024,08:42,Kerala,Thiruvananthapuram,10.1987,76.4039,Village Road,Cloudy,Day,36,Female,Truck,47,No,No,Yes,Pothole/Bad Road,Low,1.0
ACC21637,18-11-2023,19:36,Telangana,Warangal,18.7252,78.8476,State Highway,Overcast,Night,35,Male,Bike,77,No,No,No,Over Speeding,Medium,1.0
ACC21638,07-02-2023,14:23,Andhra Pradesh,Nellore,16.3778,79.9383,City Road,Rainy,Day,18,Male,Bike,45,No,No,No,Poor Weather Visibility,Low,
ACC21639,16-03-2024,21:43,Andhra Pradesh,Vijayawada,15.8268,79.7924,State Highway,Overcast,Night,34,Female,Bike,80,No,No,No,Over Speeding,High,4.0
ACC21640,27-12-2023,21:07,Telangana,Karimnagar,17.6362,79.0865,National Highway,Clear,Night,48,Male,Car,60,No,No,No,Signal Jumping,Low,1.0
ACC21641,23-02-2024,17:42,Andhra Pradesh,Kurnool,15.6031,79.5761,State Highway,Clear,Dusk,55,Male,Bike,59,No,No,No,Signal Jumping,Low,2.0
ACC21642,06-01-2024,14:37,Karnataka,Belagavi,15.3514,76.3977,National Highway,Cloudy,Day,39,Female,Truck,65,No,No,No,Poor Weather Visibility,Low,
ACC21643,19-12-2023,11:28,Karnataka,Hubballi,14.7132,74.779,City Road,Clear,Day,24,Male,Bike,41,No,No,No,Poor Weather Visibility,Low,0.0
ACC21644,29-05-2023,16:45,Puducherry,Puducherry,11.6732,79.6153,Expressway,Cloudy,Day,23,Male,Bus,88,No,No,No,Over Speeding,High,2.0
ACC21645,11-02-2023,00:30,Karnataka,Mangaluru,15.7459,75.8841,National Highway,Clear,Night,38,Male,Bike,71,No,No,No,Over Speeding,Low,2.0
ACC21646,19-05-2024,20:51,Karnataka,Belagavi,14.5753,75.8814,City Road,Rainy,Night,39,Male,Bus,52,No,No,Yes,Poor Weather Visibility,Low,3.0
ACC21647,23-03-2022,07:27,Tamil Nadu,Madurai,10.8996,78.6034,Village Road,Rainy,Day,42,Female,Car,24,No,No,No,Poor Weather Visibility,Low,0.0
ACC21648,09-09-2022,22:21,Karnataka,Mangaluru,14.9111,75.622,National Highway,Clear,Night,43,Male,Bus,77,No,Yes,No,Drowsy Driving,Medium,3.0
ACC21649,21-05-2024,19:51,Kerala,Thrissur,10.3994,76.5124,Village Road,Clear,Night,42,Female,Bike,45,Yes,No,Yes,Drunk Driving,Medium,1.0
ACC21650,11-02-2022,05:45,Tamil Nadu,Madurai,11.2972,78.6801,National Highway,Cloudy,Dawn,18,Male,Car,65,No,No,No,Poor Weather Visibility,Low,0.0
ACC21651,07-10-2022,05:00,Karnataka,Hubballi,15.5462,75.7769,Village Road,Clear,Dawn,39,Male,Bike,22,No,No,No,Signal Jumping,Low,0.0
ACC21652,28-05-2023,19:55,Kerala,Thiruvananthapuram,10.1816,76.8181,City Road,Clear,Night,36,Male,Bike,38,No,No,Yes,Pothole/Bad Road,Low,0.0
ACC21653,05-01-2022,06:17,Karnataka,Mysuru,14.3777,75.8337,National Highway,Clear,Day,57,Male,Bike,61,No,No,No,Over Speeding,Low,1.0
ACC21654,28-10-2024,18:24,Andhra Pradesh,Guntur,15.2671,79.7368,National Highway,Clear,Dusk,26,Male,Car,44,No,No,No,Poor Weather Visibility,Low,2.0
ACC21655,13-05-2024,09:43,Kerala,Thiruvananthapuram,10.0941,76.6113,Expressway,Clear,Day,18,Male,Car,77,No,No,No,Over Speeding,Medium,3.0
ACC21656,03-12-2023,19:25,Karnataka,Belagavi,15.019,76.2423,City Road,Rainy,Night,40,Male,Bike,51,No,Yes,No,Poor Weather Visibility,Low,
ACC21657,27-06-2022,11:30,Andhra Pradesh,Visakhapatnam,15.9887,79.885,Village Road,Overcast,Day,57,Male,Bus,28,No,No,No,Poor Weather Visibility,Low,1.0
ACC21658,18-04-2023,16:30,Kerala,Thrissur,10.2498,76.0386,City Road,Cloudy,Day,37,Male,Bus,55,No,No,Yes,Pothole/Bad Road,Medium,4.0
ACC21659,04-01-2022,06:26,Karnataka,Mangaluru,15.7069,76.1966,Village Road,Clear,Day,18,Male,Bike,49,No,Yes,Yes,Drowsy Driving,Medium,4.0
ACC21660,17-07-2024,02:04,Tamil Nadu,Salem,11.5612,78.7492,State Highway,Cloudy,Night,20,Male,Bus,72,No,No,Yes,Pothole/Bad Road,Medium,3.0
ACC21661,02-01-2023,18:02,Puducherry,Puducherry,12.1406,79.8996,City Road,Overcast,Dusk,39,Male,Car,53,No,No,No,Poor Weather Visibility,Low,0.0
ACC21662,04-05-2023,14:32,Tamil Nadu,Madurai,10.435,78.4585,City Road,Rainy,Day,18,Female,Bike,50,No,No,No,Poor Weather Visibility,Medium,1.0
ACC21663,25-09-2024,07:52,Karnataka,Mangaluru,15.852,75.7157,City Road,Overcast,Day,30,Male,Bus,39,No,No,No,Signal Jumping,Low,1.0
ACC21664,12-02-2024,21:21,Kerala,Kozhikode,9.8675,76.6764,State Highway,Clear,Night,42,Male,Car,73,No,No,No,Over Speeding,Medium,5.0
ACC21665,03-08-2022,14:44,Telangana,Karimnagar,17.8755,78.8041,City Road,Cloudy,Day,44,Male,Bike,27,No,No,No,Poor Weather Visibility,Low,1.0
ACC21666,02-08-2022,08:33,Karnataka,Mysuru,14.962,75.8757,State Highway,Clear,Day,35,Female,Car,72,No,No,No,Over Speeding,Low,1.0
ACC21667,25-05-2023,14:02,Tamil Nadu,Tiruchirappalli,11.1794,78.9252,Village Road,Cloudy,Day,21,Female,Bike,65,Yes,No,Yes,Drunk Driving,High,2.0
ACC21668,06-02-2024,13:09,Andhra Pradesh,Visakhapatnam,16.4586,79.5418,Village Road,Rainy,Day,29,Female,Auto,45,No,No,No,Poor Weather Visibility,Low,2.0
ACC21669,13-07-2023,22:20,Telangana,Nizamabad,17.288,78.8512,State Highway,Rainy,Night,18,Female,Bus,76,No,No,No,Poor Weather Visibility,Medium,4.0
ACC21670,04-12-2022,18:11,Karnataka,Mangaluru,15.4558,75.2445,Village Road,Clear,Dusk,18,Male,Car,32,No,No,No,Poor Weather Visibility,Low,1.0
ACC21671,19-10-2024,21:47,Puducherry,Karaikal,11.4204,80.2782,National Highway,Clear,Night,41,Male,Car,76,No,Yes,No,Drowsy Driving,High,3.0
ACC21672,25-01-2023,13:34,Karnataka,Hubballi,14.9494,75.4649,Village Road,Cloudy,Day,27,Male,Car,52,Yes,No,Yes,Drunk Driving,Medium,2.0
ACC21673,29-08-2024,13:27,Telangana,Nizamabad,18.0477,78.9477,City Road,Foggy,Day,39,Male,Car,71,No,No,No,Poor Weather Visibility,Medium,4.0
ACC21674,31-05-2023,07:01,Tamil Nadu,Tiruchirappalli,11.1235,78.165,National Highway,Rainy,Day,26,Male,Bike,100,Yes,No,No,Over Speeding,High,4.0
ACC21675,22-03-2023,20:07,Andhra Pradesh,Visakhapatnam,15.7745,79.9397,City Road,Clear,Night,33,Male,Bus,62,No,No,No,Signal Jumping,Low,0.0
ACC21676,26-07-2024,15:01,Telangana,Karimnagar,18.0452,79.7937,State Highway,Rainy,Day,75,Male,Car,62,No,No,No,Poor Weather Visibility,Low,2.0
ACC21677,14-03-2022,08:44,Karnataka,Mysuru,15.6207,75.6136,State Highway,Cloudy,Day,38,Male,Bike,63,No,No,No,Poor Weather Visibility,Medium,3.0
ACC21678,14-12-2024,07:25,Telangana,Khammam,17.8462,78.7976,National Highway,Cloudy,Day,47,Male,Car,44,No,No,No,Poor Weather Visibility,Low,
ACC21679,21-04-2023,14:03,Kerala,Kozhikode,9.7398,76.0646,Village Road,Cloudy,Day,51,Male,Bike,46,No,No,No,Poor Weather Visibility,Low,0.0
ACC21680,09-06-2022,19:19,Karnataka,Mangaluru,15.4333,75.483,City Road,Clear,Night,31,Male,Car,61,Yes,Yes,Yes,Drunk Driving,High,5.0
ACC21681,03-05-2024,19:44,Tamil Nadu,Salem,10.9855,78.6259,Expressway,Clear,Night,29,Male,Car,120,Yes,No,Yes,Over Speeding,High,6.0
ACC21682,28-04-2023,08:42,Andhra Pradesh,Vijayawada,15.6574,79.8724,National Highway,Clear,Day,57,Male,Bike,69,No,No,Yes,Pothole/Bad Road,Medium,0.0
ACC21683,21-07-2024,09:53,Karnataka,Mangaluru,15.3452,75.6907,Village Road,Cloudy,Day,45,Male,Car,48,No,Yes,Yes,Drowsy Driving,Low,0.0
ACC21684,16-09-2023,07:51,Kerala,Ernakulam,10.7781,75.8072,Expressway,Rainy,Day,53,Male,Bike,63,No,No,No,Poor Weather Visibility,Medium,1.0
ACC21685,12-09-2024,12:09,Tamil Nadu,Madurai,10.8974,78.928,State Highway,Foggy,Day,18,Male,Auto,49,No,No,Yes,Poor Weather Visibility,Medium,1.0
ACC21686,05-04-2024,12:03,Tamil Nadu,Salem,10.6132,78.1726,State Highway,Clear,Day,50,Male,Car,44,No,No,Yes,Pothole/Bad Road,Low,0.0
ACC21687,08-08-2023,16:42,Tamil Nadu,Madurai,11.2078,79.0854,City Road,Clear,Day,18,Male,Bike,41,No,No,No,Signal Jumping,Low,0.0
ACC21688,28-10-2024,18:34,Andhra Pradesh,Guntur,15.8246,80.8417,State Highway,Overcast,Dusk,64,Female,Truck,73,Yes,Yes,No,Drunk Driving,High,6.0
ACC21689,27-12-2024,23:35,Tamil Nadu,Chennai,12.0257,78.276,City Road,Clear,Night,56,Female,Car,48,Yes,No,No,Drunk Driving,Low,1.0
ACC21690,17-05-2022,16:43,Karnataka,Bengaluru Urban,15.6267,76.0722,State Highway,Clear,Day,33,Male,Auto,57,No,No,No,Signal Jumping,Low,0.0
ACC21691,24-05-2024,00:38,Kerala,Ernakulam,9.9791,76.4024,National Highway,Cloudy,Night,50,Female,Bike,72,No,No,No,Poor Weather Visibility,High,4.0
ACC21692,17-03-2023,01:00,Karnataka,Belagavi,15.3325,75.9317,Expressway,Clear,Night,34,Male,Auto,72,No,No,No,Over Speeding,Medium,3.0
ACC21693,23-02-2022,14:59,Kerala,Ernakulam,10.2551,76.0123,City Road,Clear,Day,18,Male,Car,57,No,No,Yes,Pothole/Bad Road,Low,1.0
ACC21694,21-09-2022,16:53,Karnataka,Belagavi,15.7503,75.3801,Village Road,Clear,Day,49,Male,Bike,33,No,No,No,Poor Weather Visibility,Low,0.0
ACC21695,22-10-2023,17:48,Andhra Pradesh,Kurnool,16.2261,80.5062,Expressway,Rainy,Dusk,72,Male,Bike,102,No,Yes,No,Over Speeding,High,8.0
ACC21696,10-11-2023,01:19,Karnataka,Mangaluru,15.0585,75.1853,City Road,Clear,Night,33,Female,Bike,61,Yes,No,No,Drunk Driving,Medium,1.0
ACC21697,04-12-2022,17:49,Karnataka,Mysuru,15.2031,75.6095,City Road,Clear,Dusk,57,Female,Truck,41,No,No,No,Poor Weather Visibility,Low,1.0
ACC21698,06-01-2023,13:54,Puducherry,Puducherry,11.4668,79.5868,Expressway,Clear,Day,36,Male,Bike,121,Yes,No,No,Over Speeding,High,3.0
ACC21699,18-09-2022,16:14,Tamil Nadu,Tiruchirappalli,11.1229,77.9025,City Road,Rainy,Day,41,Male,Bike,56,No,No,No,Poor Weather Visibility,Low,1.0
ACC21700,29-09-2022,07:18,Andhra Pradesh,Nellore,16.1164,79.7672,National Highway,Clear,Day,27,Male,Bus,81,No,Yes,No,Over Speeding,Medium,2.0
ACC21701,24-01-2022,13:54,Andhra Pradesh,Kurnool,15.676,79.5834,City Road,Clear,Day,49,Male,Bike,33,No,Yes,No,Drowsy Driving,Low,1.0
ACC21702,25-05-2022,06:28,Karnataka,Belagavi,15.2578,75.3417,State Highway,Clear,Day,28,Male,Bus,59,No,No,Yes,Signal Jumping,Low,1.0
ACC21703,27-03-2024,22:13,Andhra Pradesh,Guntur,15.6411,79.5991,State Highway,Cloudy,Night,20,Male,Bus,47,No,Yes,No,Drowsy Driving,Low,0.0
ACC21704,05-09-2022,18:55,Andhra Pradesh,Kurnool,15.2329,79.3118,City Road,Overcast,Dusk,18,Female,Truck,46,No,No,No,Poor Weather Visibility,Low,0.0
ACC21705,20-11-2023,17:22,Kerala,Thiruvananthapuram,9.6944,76.0864,National Highway,Overcast,Dusk,30,Male,Bike,72,No,No,No,Poor Weather Visibility,Medium,2.0
ACC21706,22-02-2024,15:13,Karnataka,Mysuru,15.4225,75.8201,State Highway,Rainy,Day,39,Male,Bike,47,No,No,No,Poor Weather Visibility,Low,2.0
ACC21707,30-05-2022,14:40,Tamil Nadu,Coimbatore,11.6253,77.9895,National Highway,Clear,Day,36,Male,Bike,63,No,No,No,Over Speeding,Low,1.0
ACC21708,19-12-2022,19:04,Telangana,Warangal,18.1306,78.9545,Village Road,Foggy,Night,31,Male,Bike,35,No,No,Yes,Poor Weather Visibility,Medium,2.0
ACC21709,21-07-2022,14:57,Puducherry,Karaikal,11.6693,80.2424,State Highway,Clear,Day,44,Male,Car,40,No,No,Yes,Pothole/Bad Road,Low,0.0
ACC21710,06-05-2024,07:53,Karnataka,Mysuru,15.3979,76.0072,City Road,Clear,Day,53,Female,Bike,55,No,No,No,Poor Weather Visibility,Low,1.0
ACC21711,02-01-2024,09:54,Karnataka,Belagavi,15.1989,75.3529,City Road,Overcast,Day,56,Male,Car,43,No,No,No,Poor Weather Visibility,Low,2.0
ACC21712,02-02-2022,07:03,Andhra Pradesh,Visakhapatnam,15.9113,79.9945,National Highway,Rainy,Day,25,Male,Car,71,No,No,No,Poor Weather Visibility,Medium,3.0
ACC21713,08-10-2022,23:35,Andhra Pradesh,Guntur,16.137,79.9684,State Highway,Rainy,Night,29,Male,Bus,64,No,Yes,Yes,Poor Weather Visibility,High,4.0
ACC21714,26-04-2023,10:09,Telangana,Hyderabad,17.5987,78.9302,State Highway,Clear,Day,47,Female,Bike,77,No,No,No,Over Speeding,Medium,1.0
ACC21715,23-03-2024,10:41,Andhra Pradesh,Nellore,15.4862,79.8196,Expressway,Overcast,Day,18,Male,Bike,68,No,No,No,Poor Weather Visibility,Medium,1.0
ACC21716,29-01-2022,10:53,Andhra Pradesh,Guntur,15.1915,79.6555,Village Road,Clear,Day,37,Male,Car,50,No,No,No,Poor Weather Visibility,Low,1.0
ACC21717,15-07-2022,13:17,Andhra Pradesh,Nellore,16.5188,79.3407,Village Road,Cloudy,Day,25,Female,Car,82,Yes,No,No,Drunk Driving,High,4.0
ACC21718,17-08-2024,18:54,Tamil Nadu,Tiruchirappalli,10.9029,78.6273,Village Road,Cloudy,Dusk,44,Male,Car,34,No,No,No,Poor Weather Visibility,Low,0.0
ACC21719,01-11-2022,05:12,Kerala,Ernakulam,10.547,76.1541,State Highway,Overcast,Dawn,18,Male,Car,60,No,No,No,Signal Jumping,Medium,3.0
ACC21720,17-07-2024,12:10,Andhra Pradesh,Guntur,15.4302,79.7184,Village Road,Cloudy,Day,35,Female,Truck,54,No,No,No,Poor Weather Visibility,Low,1.0
ACC21721,22-10-2023,08:06,Karnataka,Mangaluru,15.218,75.8769,State Highway,Cloudy,Day,28,Female,Car,56,No,No,No,Poor Weather Visibility,Low,
ACC21722,26-05-2024,10:16,Karnataka,Hubballi,15.9065,75.211,National Highway,Overcast,Day,53,Male,Car,61,No,No,No,Poor Weather Visibility,Low,2.0
ACC21723,04-09-2022,09:47,Karnataka,Belagavi,15.2429,75.9646,National Highway,Clear,Day,49,Male,Auto,58,No,No,No,Poor Weather Visibility,Medium,1.0
ACC21724,30-06-2022,01:12,Kerala,Thrissur,10.5466,76.0059,National Highway,Cloudy,Night,52,Male,Auto,61,No,No,No,Poor Weather Visibility,Medium,0.0
ACC21725,18-04-2022,10:14,Tamil Nadu,Chennai,11.3705,78.575,State Highway,Cloudy,Day,19,Male,Bike,64,No,No,No,Poor Weather Visibility,Low,0.0
ACC21726,19-12-2024,22:45,Andhra Pradesh,Kurnool,16.2113,79.3404,State Highway,Cloudy,Night,57,Female,Bike,66,No,No,Yes,Pothole/Bad Road,High,5.0
ACC21727,31-12-2023,20:26,Andhra Pradesh,Nellore,15.602,78.9822,National Highway,Foggy,Night,18,Male,Bike,60,No,No,No,Poor Weather Visibility,High,6.0
ACC21728,09-07-2023,20:37,Tamil Nadu,Chennai,10.5225,78.8913,City Road,Overcast,Night,31,Male,Car,56,Yes,No,Yes,Drunk Driving,Medium,3.0
ACC21729,19-10-2023,15:18,Karnataka,Mangaluru,14.9932,75.3246,City Road,Clear,Day,49,Male,Bike,59,Yes,No,No,Drunk Driving,Low,2.0
ACC21730,10-08-2023,00:39,Tamil Nadu,Madurai,11.2346,78.8744,Village Road,Clear,Night,47,Male,Auto,59,Yes,Yes,No,Drunk Driving,High,
ACC21731,31-08-2022,04:39,Karnataka,Belagavi,15.1531,75.9364,National Highway,Foggy,Night,31,Male,Auto,86,Yes,No,Yes,Poor Weather Visibility,High,6.0
ACC21732,03-11-2022,06:44,Telangana,Karimnagar,17.2708,78.5112,State Highway,Clear,Day,18,Male,Bike,63,No,No,Yes,Pothole/Bad Road,Medium,3.0