Accident_ID,Date,Time,State,District,Latitude,Longitude,Road_Type,Weather,Light_Condition,Driver_Age,Driver_Gender,Vehicle_Type,Speed_kmph,Alcohol_Involved,Driver_Drowsy,Pothole_Involved,Cause_of_Accident,Severity,Casualties
ACC21733,28-08-2024,17:48,Karnataka,Mangaluru,14.9443,75.783,Village Road,Cloudy,Dusk,43,Male,Bike,46,No,Yes,Yes,Drowsy Driving,Medium,1.0
ACC21734,23-12-2023,10:38,Telangana,Warangal,18.0952,78.9735,City Road,Foggy,Day,41,Male,Car,45,No,No,Yes,Poor Weather Visibility,Low,0.0
ACC21735,01-10-2022,15:03,Tamil Nadu,Chennai,11.3418,78.6755,City Road,Clear,Day,40,Male,Bike,60,No,No,Yes,Pothole/Bad Road,Medium,1.0
ACC21736,09-05-2023,06:53,Tamil Nadu,Tiruchirappalli,11.3391,78.3654,Village Road,Clear,Day,34,Female,Car,58,No,No,No,Signal Jumping,Low,0.0
ACC21737,13-09-2023,06:04,Kerala,Kozhikode,10.3483,75.8738,City Road,Overcast,Day,60,Male,Bike,43,No,No,Yes,Signal Jumping,Low,0.0
ACC21738,12-10-2024,09:26,Tamil Nadu,Salem,11.0957,78.2535,Village Road,Rainy,Day,25,Male,Car,18,No,No,Yes,Poor Weather Visibility,Low,0.0
ACC21739,09-04-2023,13:46,Tamil Nadu,Salem,10.5379,77.5836,City Road,Clear,Day,20,Male,Bike,52,Yes,No,No,Drunk Driving,Medium,3.0
ACC21740,04-08-2023,14:06,Andhra Pradesh,Vijayawada,15.9824,78.9251,City Road,Rainy,Day,26,Male,Bike,33,No,No,Yes,Poor Weather Visibility,Low,0.0
ACC21741,29-12-2023,13:02,Karnataka,Hubballi,14.5121,75.8072,City Road,Cloudy,Day,52,Male,Truck,58,No,Yes,No,Drowsy Driving,Low,0.0
ACC21742,19-08-2022,09:49,Andhra Pradesh,Guntur,16.1436,80.1343,City Road,Rainy,Day,50,Male,Bike,75,Yes,No,Yes,Poor Weather Visibility,High,7.0
ACC21743,22-07-2023,17:09,Tamil Nadu,Madurai,11.0332,78.7758,Village Road,Clear,Dusk,39,Male,Bus,23,No,No,No,Signal Jumping,Low,0.0
ACC21744,30-10-2024,18:12,Karnataka,Belagavi,15.114,75.7814,Village Road,Clear,Dusk,45,Male,Car,36,No,No,No,Signal Jumping,Low,0.0
ACC21745,13-05-2022,16:03,Telangana,Hyderabad,18.7508,78.7823,National Highway,Foggy,Day,21,Male,Bike,60,No,No,No,Poor Weather Visibility,Medium,1.0
ACC21746,19-06-2023,15:28,Kerala,Thrissur,10.2713,75.966,National Highway,Rainy,Day,56,Male,Car,79,No,No,No,Poor Weather Visibility,Low,1.0
ACC21747,27-10-2024,19:06,Tamil Nadu,Madurai,11.0437,78.2195,Expressway,Cloudy,Night,18,Male,Bus,112,Yes,Yes,No,Over Speeding,High,7.0
ACC21748,14-12-2024,17:15,Karnataka,Bengaluru Urban,15.2958,75.2833,National Highway,Rainy,Dusk,32,Male,Truck,78,No,Yes,No,Poor Weather Visibility,High,5.0
ACC21749,08-06-2022,00:15,Tamil Nadu,Tiruchirappalli,11.0024,78.5056,Village Road,Rainy,Night,41,Female,Bike,58,Yes,Yes,Yes,Poor Weather Visibility,High,5.0
ACC21750,06-12-2024,19:41,Tamil Nadu,Coimbatore,10.7742,78.6575,Village Road,Clear,Night,39,Male,Bike,50,Yes,No,No,Drunk Driving,Medium,2.0
ACC21751,30-11-2022,09:15,Kerala,Thiruvananthapuram,10.9224,76.0172,National Highway,Overcast,Day,37,Female,Bike,78,No,No,No,Over Speeding,High,
ACC21752,04-07-2024,14:08,Tamil Nadu,Salem,11.3139,78.092,City Road,Clear,Day,48,Female,Bike,48,No,No,No,Signal Jumping,Low,0.0
ACC21753,02-08-2024,17:22,Tamil Nadu,Tiruchirappalli,11.0959,78.9044,Village Road,Clear,Dusk,18,Male,Bike,27,No,No,No,Poor Weather Visibility,Low,1.0
ACC21754,03-05-2024,16:03,Tamil Nadu,Coimbatore,10.9967,78.6851,National Highway,Cloudy,Day,36,Male,Bike,70,No,No,No,Poor Weather Visibility,Medium,1.0
ACC21755,04-05-2024,12:06,Tamil Nadu,Chennai,11.2144,78.8583,National Highway,Clear,Day,25,Male,Bike,68,No,No,No,Over Speeding,Medium,3.0
ACC21756,01-08-2022,17:37,Karnataka,Mangaluru,15.5297,75.2957,State Highway,Clear,Dusk,47,Male,Car,49,No,No,No,Signal Jumping,Low,0.0
ACC21757,21-03-2022,00:47,Tamil Nadu,Tiruchirappalli,10.9662,77.915,City Road,Clear,Night,40,Male,Auto,44,No,No,No,Poor Weather Visibility,Medium,0.0
ACC21758,26-03-2022,19:07,Karnataka,Mangaluru,14.9555,76.3346,State Highway,Clear,Night,45,Male,Bus,73,Yes,Yes,No,Drunk Driving,High,12.0
ACC21759,28-12-2022,14:12,Karnataka,Mysuru,14.8407,76.1929,Village Road,Rainy,Day,49,Male,Car,60,No,No,Yes,Poor Weather Visibility,Medium,0.0
ACC21760,19-07-2024,13:06,Tamil Nadu,Salem,11.3818,78.8435,Village Road,Clear,Day,18,Male,Bike,35,No,No,No,Signal Jumping,Low,
ACC21761,31-05-2023,21:14,Tamil Nadu,Madurai,11.253,78.2822,Village Road,Clear,Night,23,Male,Bike,59,No,Yes,No,Drowsy Driving,Medium,5.0
ACC21762,21-07-2022,10:24,Tamil Nadu,Madurai,10.8083,79.0181,State Highway,Clear,Day,48,Male,Car,67,No,No,No,Over Speeding,Low,3.0
ACC21763,02-02-2023,03:29,Telangana,Hyderabad,18.3947,79.1789,City Road,Clear,Night,22,Male,Auto,44,No,No,No,Signal Jumping,Low,1.0
ACC21764,07-06-2022,18:37,Karnataka,Belagavi,15.349,75.6092,City Road,Rainy,Dusk,41,Female,Truck,36,No,No,Yes,Poor Weather Visibility,Low,0.0
ACC21765,11-10-2024,18:53,Karnataka,Bengaluru Urban,15.1913,75.4997,City Road,Cloudy,Dusk,22,Male,Bike,29,No,No,No,Poor Weather Visibility,Low,0.0
ACC21766,08-01-2023,07:29,Andhra Pradesh,Visakhapatnam,15.5152,79.6916,City Road,Clear,Day,42,Male,Auto,51,No,No,No,Signal Jumping,Low,0.0
ACC21767,01-07-2022,23:28,Telangana,Khammam,17.7783,78.7788,State Highway,Clear,Night,30,Male,Car,58,No,No,No,Poor Weather Visibility,Low,0.0
ACC21768,18-11-2022,08:52,Andhra Pradesh,Visakhapatnam,16.3825,79.5551,Village Road,Clear,Day,28,Male,Bus,41,Yes,No,No,Drunk Driving,Low,
ACC21769,30-01-2024,18:25,Telangana,Khammam,17.2896,78.7665,City Road,Cloudy,Dusk,38,Male,Truck,61,No,No,No,Poor Weather Visibility,Low,0.0
ACC21770,14-08-2022,21:35,Kerala,Kollam,10.5256,76.4725,City Road,Clear,Night,42,Male,Bike,52,No,No,No,Signal Jumping,Medium,5.0
ACC21771,16-05-2024,03:30,Tamil Nadu,Salem,10.6572,78.4603,City Road,Foggy,Night,44,Male,Bike,47,No,No,No,Poor Weather Visibility,Medium,3.0
ACC21772,25-09-2024,00:09,Kerala,Kozhikode,10.2377,76.8621,National Highway,Clear,Night,67,Female,Car,85,Yes,No,No,Drunk Driving,Medium,1.0
ACC21773,17-07-2024,09:59,Karnataka,Bengaluru Urban,14.4239,75.5541,Village Road,Cloudy,Day,18,Male,Car,27,No,No,No,Poor Weather Visibility,Low,0.0
ACC21774,07-08-2024,08:03,Telangana,Nizamabad,17.8459,79.1547,City Road,Cloudy,Day,30,Male,Truck,38,No,Yes,No,Drowsy Driving,Low,2.0
ACC21775,31-12-2022,20:59,Karnataka,Hubballi,15.4227,75.8271,City Road,Cloudy,Night,27,Male,Car,64,No,Yes,No,Drowsy Driving,Medium,2.0
ACC21776,15-11-2023,09:01,Andhra Pradesh,Vijayawada,15.2779,80.0093,Village Road,Clear,Day,30,Male,Auto,15,No,No,No,Signal Jumping,Low,0.0
ACC21777,13-11-2024,18:08,Tamil Nadu,Salem,10.5763,78.1303,Village Road,Rainy,Dusk,36,Male,Truck,28,No,No,Yes,Poor Weather Visibility,Low,0.0
ACC21778,23-03-2024,02:11,Karnataka,Belagavi,14.6662,75.4085,Village Road,Rainy,Night,28,Male,Bus,31,No,No,No,Poor Weather Visibility,Low,0.0
ACC21779,29-11-2024,16:03,Karnataka,Belagavi,14.2247,75.6325,City Road,Clear,Day,43,Female,Truck,52,No,Yes,No,Drowsy Driving,Low,3.0
ACC21780,25-02-2024,10:55,Tamil Nadu,Salem,10.7209,78.6451,State Highway,Rainy,Day,35,Male,Truck,60,No,No,No,Poor Weather Visibility,Low,1.0
ACC21781,21-09-2024,20:22,Telangana,Nizamabad,17.7427,79.4189,National Highway,Cloudy,Night,39,Male,Truck,97,No,Yes,No,Over Speeding,High,4.0
ACC21782,17-03-2023,17:14,Telangana,Nizamabad,18.3621,78.6987,Expressway,Cloudy,Dusk,46,Female,Car,99,No,No,No,Over Speeding,High,5.0
ACC21783,26-02-2023,07:29,Karnataka,Belagavi,15.0883,75.8462,State Highway,Clear,Day,55,Male,Auto,56,No,No,No,Signal Jumping,Low,1.0
ACC21784,11-01-2022,21:16,Andhra Pradesh,Nellore,15.4641,79.4371,National Highway,Rainy,Night,53,Male,Bike,62,No,Yes,Yes,Poor Weather Visibility,High,11.0
ACC21785,16-06-2024,03:54,Telangana,Khammam,18.3322,78.7965,City Road,Clear,Night,37,Male,Bike,60,No,No,No,Over Speeding,Low,1.0
ACC21786,29-09-2022,14:45,Kerala,Ernakulam,10.4281,76.6701,National Highway,Rainy,Day,27,Male,Bike,78,No,No,No,Poor Weather Visibility,Medium,
ACC21787,14-04-2024,12:54,Karnataka,Mysuru,15.6977,75.6135,Village Road,Clear,Day,18,Female,Bike,65,Yes,Yes,No,Drunk Driving,Medium,3.0
ACC21788,04-02-2024,02:37,Andhra Pradesh,Guntur,15.8606,79.0905,State Highway,Clear,Night,71,Female,Bike,51,No,Yes,No,Drowsy Driving,Low,1.0
ACC21789,10-05-2023,21:28,Karnataka,Hubballi,15.2128,75.9216,Village Road,Foggy,Night,32,Male,Car,54,No,No,No,Poor Weather Visibility,Medium,3.0
ACC21790,06-12-2022,19:41,Kerala,Ernakulam,10.2564,76.0548,Expressway,Overcast,Night,18,Male,Car,78,No,No,No,Over Speeding,Medium,2.0
ACC21791,15-09-2023,09:21,Andhra Pradesh,Vijayawada,15.7125,79.8471,Village Road,Clear,Day,31,Male,Bike,36,No,No,Yes,Pothole/Bad Road,Low,1.0
ACC21792,30-10-2023,08:57,Karnataka,Mysuru,15.5239,75.8255,City Road,Clear,Day,23,Male,Bike,60,No,Yes,No,Drowsy Driving,Medium,0.0
ACC21793,10-04-2024,15:52,Andhra Pradesh,Vijayawada,15.5176,80.1703,City Road,Overcast,Day,44,Male,Bike,51,No,No,Yes,Pothole/Bad Road,Medium,5.0
ACC21794,26-04-2022,12:24,Kerala,Thiruvananthapuram,10.3665,77.0699,City Road,Clear,Day,18,Male,Bike,56,No,No,No,Signal Jumping,Low,1.0
ACC21795,10-11-2023,18:57,Kerala,Thiruvananthapuram,10.1433,76.6664,National Highway,Cloudy,Dusk,21,Male,Auto,71,No,No,No,Poor Weather Visibility,Medium,7.0
ACC21796,07-08-2024,20:26,Karnataka,Hubballi,14.5574,76.2037,City Road,Clear,Night,18,Male,Bike,60,No,No,No,Signal Jumping,Medium,0.0
ACC21797,11-12-2024,08:53,Andhra Pradesh,Kurnool,16.0601,79.9065,Village Road,Clear,Day,50,Male,Auto,46,No,Yes,Yes,Drowsy Driving,Low,2.0
ACC21798,29-07-2022,14:12,Tamil Nadu,Coimbatore,10.9001,78.2143,City Road,Clear,Day,45,Male,Auto,35,No,No,No,Poor Weather Visibility,Low,4.0
ACC21799,29-12-2022,15:07,Kerala,Kozhikode,10.1965,76.0432,City Road,Clear,Day,27,Male,Auto,44,No,No,No,Signal Jumping,Low,0.0
ACC21800,10-05-2022,15:26,Kerala,Kozhikode,10.9099,76.0849,State Highway,Clear,Day,41,Male,Car,54,No,No,Yes,Pothole/Bad Road,Low,1.0
ACC21801,07-04-2024,04:51,Tamil Nadu,Chennai,11.1196,78.8954,State Highway,Rainy,Night,36,Male,Bike,67,No,No,No,Poor Weather Visibility,Medium,2.0
ACC21802,04-02-2024,10:07,Telangana,Khammam,17.2534,79.3679,State Highway,Clear,Day,36,Female,Car,71,No,No,Yes,Pothole/Bad Road,Medium,3.0
ACC21803,23-04-2024,10:17,Kerala,Thrissur,10.0669,77.0822,Village Road,Foggy,Day,58,Male,Car,38,No,Yes,Yes,Poor Weather Visibility,Medium,3.0
ACC21804,27-11-2022,13:12,Tamil Nadu,Tiruchirappalli,11.9298,79.0177,National Highway,Cloudy,Day,35,Male,Car,55,No,No,No,Signal Jumping,Low,1.0
ACC21805,09-04-2024,09:22,Telangana,Hyderabad,17.8077,79.7744,City Road,Cloudy,Day,46,Male,Car,49,No,No,No,Poor Weather Visibility,Low,1.0
ACC21806,16-07-2022,21:25,Andhra Pradesh,Kurnool,15.8321,79.7466,Village Road,Clear,Night,30,Female,Bike,62,Yes,No,Yes,Drunk Driving,High,12.0
ACC21807,01-12-2024,09:40,Telangana,Warangal,18.3362,78.8898,National Highway,Clear,Day,29,Female,Auto,83,Yes,No,No,Drunk Driving,High,7.0
ACC21808,15-06-2023,20:05,Andhra Pradesh,Nellore,15.6345,79.4096,State Highway,Clear,Night,23,Male,Truck,82,Yes,No,No,Drunk Driving,High,2.0
ACC21809,04-12-2023,16:13,Kerala,Kollam,10.3321,76.1818,Village Road,Cloudy,Day,33,Male,Bus,36,No,No,No,Poor Weather Visibility,Low,0.0
ACC21810,18-09-2024,21:09,Telangana,Nizamabad,18.2351,79.0805,State Highway,Clear,Night,30,Male,Bus,73,Yes,Yes,No,Drunk Driving,High,3.0
ACC21811,28-09-2022,10:45,Karnataka,Bengaluru Urban,15.2612,76.5008,National Highway,Cloudy,Day,29,Female,Bike,70,No,No,No,Poor Weather Visibility,Medium,3.0
ACC21812,20-08-2022,19:15,Karnataka,Belagavi,14.4336,75.2495,State Highway,Cloudy,Night,40,Male,Bike,60,No,No,No,Signal Jumping,Medium,3.0
ACC21813,03-08-2024,00:23,Karnataka,Mangaluru,15.3336,75.5689,State Highway,Clear,Night,32,Male,Bike,63,No,No,No,Over Speeding,Medium,4.0
ACC21814,23-09-2024,17:48,Karnataka,Bengaluru Urban,15.0222,75.4885,Village Road,Rainy,Dusk,23,Female,Auto,24,No,No,No,Poor Weather Visibility,Low,0.0
ACC21815,20-08-2023,11:06,Telangana,Hyderabad,17.7301,78.8695,State Highway,Clear,Day,18,Male,Bike,74,No,No,No,Over Speeding,Medium,3.0
ACC21816,02-08-2023,09:37,Kerala,Kollam,10.0569,76.1294,City Road,Clear,Day,75,Female,Car,67,No,Yes,No,Drowsy Driving,Medium,2.0
ACC21817,22-10-2022,16:36,Kerala,Thiruvananthapuram,10.3788,76.4512,City Road,Clear,Day,31,Male,Car,48,No,No,No,Poor Weather Visibility,Low,1.0
ACC21818,11-12-2022,15:43,Karnataka,Belagavi,15.8696,75.9191,Village Road,Clear,Day,18,Male,Bike,49,No,No,Yes,Pothole/Bad Road,Low,0.0
ACC21819,06-05-2024,06:21,Karnataka,Belagavi,15.2394,75.1551,National Highway,Clear,Day,49,Male,Car,83,No,Yes,No,Over Speeding,Medium,2.0
ACC21820,09-10-2024,01:28,Tamil Nadu,Coimbatore,11.3534,77.731,National Highway,Rainy,Night,47,Female,Car,79,Yes,No,No,Poor Weather Visibility,High,6.0
ACC21821,12-09-2022,18:58,Telangana,Warangal,18.1981,79.2322,Village Road,Foggy,Dusk,24,Male,Bike,48,Yes,No,No,Poor Weather Visibility,High,2.0
ACC21822,19-02-2022,10:39,Andhra Pradesh,Nellore,15.6455,79.853,State Highway,Rainy,Day,37,Male,Auto,57,No,No,No,Poor Weather Visibility,Low,0.0
ACC21823,15-12-2024,00:20,Kerala,Thrissur,10.1108,76.2737,City Road,Rainy,Night,18,Male,Bus,53,Yes,Yes,Yes,Poor Weather Visibility,High,8.0
ACC21824,09-08-2023,18:46,Kerala,Thrissur,11.1711,76.1809,City Road,Clear,Dusk,34,Male,Truck,44,No,No,No,Signal Jumping,Low,2.0
ACC21825,03-10-2023,17:48,Telangana,Nizamabad,18.2227,79.1011,Expressway,Clear,Dusk,18,Male,Bike,85,No,No,No,Over Speeding,High,
ACC21826,10-06-2023,02:12,Karnataka,Hubballi,15.3243,76.2749,Village Road,Overcast,Night,30,Male,Car,60,No,Yes,No,Drowsy Driving,High,7.0
ACC21827,19-03-2023,15:32,Karnataka,Bengaluru Urban,14.6209,75.4751,Expressway,Rainy,Day,18,Male,Car,82,Yes,No,No,Poor Weather Visibility,High,7.0
ACC21828,07-12-2024,20:24,Kerala,Thrissur,10.1214,75.8059,City Road,Rainy,Night,35,Female,Bike,66,Yes,No,No,Poor Weather Visibility,High,6.0
ACC21829,09-08-2022,10:03,Kerala,Kozhikode,10.8576,75.8817,Village Road,Rainy,Day,56,Male,Car,33,No,No,No,Poor Weather Visibility,Low,1.0
ACC21830,25-01-2024,17:05,Telangana,Hyderabad,18.2435,78.341,City Road,Rainy,Dusk,33,Male,Bus,61,No,No,No,Poor Weather Visibility,Medium,1.0
ACC21831,12-05-2024,17:45,Telangana,Nizamabad,17.8783,79.0012,Village Road,Rainy,Dusk,21,Male,Bike,43,No,No,Yes,Poor Weather Visibility,High,6.0
ACC21832,24-11-2024,17:55,Telangana,Nizamabad,17.9109,78.7299,State Highway,Clear,Dusk,46,Female,Bus,61,No,Yes,Yes,Drowsy Driving,Medium,5.0
ACC21833,13-06-2024,15:33,Andhra Pradesh,Guntur,15.1473,79.2343,Expressway,Clear,Day,30,Male,Bike,76,No,No,No,Signal Jumping,Medium,7.0
ACC21834,09-06-2024,08:44,Kerala,Kozhikode,10.2549,76.2815,Village Road,Clear,Day,49,Male,Bike,29,No,No,No,Poor Weather Visibility,Low,1.0
ACC21835,01-04-2022,14:15,Tamil Nadu,Coimbatore,11.5722,79.049,City Road,Cloudy,Day,27,Male,Bike,39,No,No,Yes,Pothole/Bad Road,Low,0.0
ACC21836,28-10-2024,22:44,Telangana,Hyderabad,18.2257,79.0528,Village Road,Overcast,Night,49,Male,Car,52,No,Yes,No,Drowsy Driving,Medium,4.0
ACC21837,02-05-2023,19:09,Telangana,Nizamabad,18.2382,78.7913,Village Road,Clear,Night,27,Male,Bike,43,No,No,Yes,Pothole/Bad Road,Low,4.0
ACC21838,02-03-2024,16:21,Kerala,Kozhikode,10.5514,75.9302,National Highway,Clear,Day,35,Female,Bike,76,No,No,No,Over Speeding,Low,0.0
ACC21839,19-11-2023,10:15,Andhra Pradesh,Visakhapatnam,16.0798,80.027,City Road,Clear,Day,33,Male,Bike,70,Yes,No,No,Drunk Driving,High,7.0
ACC21840,11-06-2023,16:56,Telangana,Hyderabad,17.8779,78.2196,State Highway,Rainy,Day,35,Female,Car,70,No,No,No,Poor Weather Visibility,Medium,0.0
ACC21841,16-10-2023,22:58,Karnataka,Bengaluru Urban,14.1968,75.4666,City Road,Clear,Night,45,Male,Auto,71,Yes,No,Yes,Drunk Driving,High,5.0
ACC21842,25-10-2023,03:08,Kerala,Thrissur,9.8991,76.01,Village Road,Foggy,Night,20,Male,Bus,18,No,Yes,No,Poor Weather Visibility,Low,0.0
ACC21843,19-12-2022,10:54,Telangana,Karimnagar,18.2994,79.212,Village Road,Clear,Day,31,Male,Car,31,No,No,No,Signal Jumping,Low,1.0
ACC21844,15-10-2022,12:00,Tamil Nadu,Salem,10.8461,78.8926,Village Road,Clear,Day,23,Male,Bike,39,No,No,No,Signal Jumping,Low,1.0
ACC21845,22-11-2023,09:01,Tamil Nadu,Madurai,10.9688,78.3036,Village Road,Clear,Day,32,Female,Car,38,No,No,Yes,Pothole/Bad Road,Low,0.0
ACC21846,04-10-2022,16:57,Telangana,Karimnagar,18.4717,79.336,City Road,Clear,Day,36,Male,Auto,49,No,No,No,Signal Jumping,Low,1.0
ACC21847,15-02-2024,20:55,Telangana,Warangal,17.642,79.051,National Highway,Cloudy,Night,36,Male,Bike,82,Yes,No,No,Drunk Driving,High,2.0
ACC21848,25-05-2022,19:43,Tamil Nadu,Chennai,11.3152,78.6934,Village Road,Rainy,Night,40,Male,Auto,45,Yes,Yes,Yes,Poor Weather Visibility,High,5.0
ACC21849,10-02-2023,08:36,Kerala,Thiruvananthapuram,10.0309,76.4531,State Highway,Clear,Day,28,Female,Auto,52,No,No,No,Signal Jumping,Low,0.0
ACC21850,10-01-2022,18:24,Andhra Pradesh,Vijayawada,15.6801,80.3252,Expressway,Cloudy,Dusk,32,Male,Bike,59,No,No,No,Poor Weather Visibility,Medium,5.0
ACC21851,01-04-2022,18:08,Andhra Pradesh,Kurnool,15.7863,79.1938,Expressway,Cloudy,Dusk,19,Male,Truck,85,No,No,No,Over Speeding,Medium,3.0
ACC21852,26-11-2023,23:23,Kerala,Kollam,9.9378,76.4435,Village Road,Clear,Night,37,Male,Bike,53,No,Yes,No,Drowsy Driving,Medium,5.0
ACC21853,19-10-2024,15:09,Kerala,Thrissur,10.0469,76.6674,National Highway,Rainy,Day,39,Male,Bike,82,No,No,No,Poor Weather Visibility,High,7.0
ACC21854,08-10-2022,17:31,Kerala,Kollam,10.111,76.0428,Village Road,Clear,Dusk,49,Male,Car,69,No,No,Yes,Pothole/Bad Road,Medium,3.0
ACC21855,14-11-2022,20:25,Kerala,Thrissur,10.7935,76.5458,Village Road,Rainy,Night,42,Male,Car,54,No,No,No,Poor Weather Visibility,Medium,4.0
ACC21856,14-07-2024,16:05,Tamil Nadu,Coimbatore,10.8232,78.1827,City Road,Clear,Day,35,Male,Car,40,Yes,Yes,No,Drunk Driving,Low,2.0
ACC21857,24-02-2022,17:32,Tamil Nadu,Salem,10.7276,78.6043,National Highway,Rainy,Dusk,45,Male,Bike,47,No,No,No,Poor Weather Visibility,Low,1.0
ACC21858,28-07-2023,16:56,Karnataka,Bengaluru Urban,15.7116,75.5752,Expressway,Clear,Day,20,Male,Bike,91,No,No,No,Over Speeding,High,6.0
ACC21859,09-04-2022,21:48,Telangana,Nizamabad,17.6809,78.862,National Highway,Clear,Night,27,Male,Auto,70,No,No,No,Over Speeding,Medium,5.0
ACC21860,06-02-2023,09:16,Kerala,Kozhikode,10.5711,76.6077,National Highway,Clear,Day,37,Male,Bus,62,No,Yes,No,Drowsy Driving,High,4.0
ACC21861,28-10-2024,20:51,Kerala,Kollam,9.8528,75.9292,State Highway,Cloudy,Night,23,Male,Truck,52,No,Yes,No,Drowsy Driving,Medium,2.0
ACC21862,09-01-2024,15:03,Puducherry,Puducherry,11.5191,79.8326,National Highway,Clear,Day,23,Female,Car,57,No,No,No,Signal Jumping,Low,1.0
ACC21863,22-01-2023,09:09,Tamil Nadu,Tiruchirappalli,11.4417,79.0864,State Highway,Cloudy,Day,30,Male,Bike,54,No,No,No,Poor Weather Visibility,Low,1.0
ACC21864,04-04-2022,08:19,Tamil Nadu,Madurai,10.6013,78.5789,National Highway,Foggy,Day,24,Male,Truck,89,No,No,No,Poor Weather Visibility,High,3.0
ACC21865,07-12-2022,14:25,Karnataka,Mangaluru,15.649,75.2658,City Road,Overcast,Day,64,Male,Bus,56,No,No,No,Poor Weather Visibility,Medium,4.0
ACC21866,03-05-2024,08:40,Telangana,Nizamabad,17.8251,78.7041,Village Road,Rainy,Day,34,Male,Bike,54,No,No,No,Poor Weather Visibility,Medium,2.0
ACC21867,28-09-2022,16:10,Andhra Pradesh,Visakhapatnam,16.1721,79.5072,National Highway,Clear,Day,51,Male,Bike,59,No,No,No,Signal Jumping,Medium,3.0
ACC21868,27-11-2024,10:48,Tamil Nadu,Coimbatore,11.6234,78.2167,State Highway,Rainy,Day,48,Male,Car,40,No,No,No,Poor Weather Visibility,Low,2.0
ACC21869,21-08-2024,01:54,Tamil Nadu,Chennai,10.2609,78.1771,Village Road,Clear,Night,38,Male,Bus,66,Yes,No,No,Drunk Driving,Medium,3.0
ACC21870,30-10-2023,07:36,Tamil Nadu,Salem,11.2859,78.862,State Highway,Rainy,Day,60,Male,Car,48,No,No,No,Poor Weather Visibility,Low,2.0
ACC21871,30-12-2022,09:39,Telangana,Hyderabad,17.5019,78.7803,Village Road,Clear,Day,57,Male,Bike,37,No,No,No,Poor Weather Visibility,Low,2.0
ACC21872,13-01-2024,18:55,Karnataka,Mangaluru,15.5544,75.4587,Village Road,Overcast,Dusk,44,Female,Bike,44,No,No,No,Poor Weather Visibility,Low,2.0
ACC21873,03-01-2024,20:18,Telangana,Khammam,17.69,79.3403,Expressway,Rainy,Night,48,Male,Truck,104,Yes,No,No,Over Speeding,High,6.0
ACC21874,13-04-2023,15:48,Telangana,Hyderabad,17.3777,79.1728,Village Road,Clear,Day,18,Male,Bike,42,No,No,Yes,Signal Jumping,Low,1.0
ACC21875,25-01-2023,04:28,Puducherry,Puducherry,11.7629,80.3654,State Highway,Rainy,Night,43,Male,Car,44,No,No,Yes,Poor Weather Visibility,Low,2.0
ACC21876,19-11-2023,09:52,Kerala,Kozhikode,10.1114,76.2096,City Road,Rainy,Day,66,Male,Car,43,No,No,No,Poor Weather Visibility,Low,1.0
ACC21877,28-07-2023,08:59,Karnataka,Bengaluru Urban,15.2002,75.0202,National Highway,Clear,Day,28,Female,Car,77,No,No,No,Over Speeding,Medium,0.0
ACC21878,13-02-2024,13:31,Kerala,Thiruvananthapuram,10.2709,76.598,National Highway,Overcast,Day,27,Male,Car,88,Yes,No,No,Over Speeding,High,4.0
ACC21879,24-11-2024,05:04,Telangana,Nizamabad,17.5833,79.7207,City Road,Clear,Dawn,58,Male,Car,40,No,No,No,Signal Jumping,Low,0.0
ACC21880,24-11-2023,17:46,Telangana,Khammam,17.8817,78.7506,Expressway,Overcast,Dusk,22,Female,Bus,72,No,No,No,Poor Weather Visibility,Medium,3.0
ACC21881,24-03-2023,18:50,Karnataka,Mysuru,14.5134,75.8856,State Highway,Clear,Dusk,18,Male,Bike,37,No,No,No,Signal Jumping,Low,2.0
ACC21882,20-12-2023,20:08,Kerala,Kozhikode,10.3407,76.87,Village Road,Rainy,Night,22,Male,Car,46,No,No,Yes,Poor Weather Visibility,Low,1.0
ACC21883,22-01-2022,00:07,Telangana,Warangal,17.9542,78.7316,City Road,Clear,Night,42,Male,Bike,46,No,No,No,Poor Weather Visibility,Medium,1.0
ACC21884,26-11-2024,07:25,Karnataka,Mangaluru,15.1893,75.472,State Highway,Cloudy,Day,44,Male,Bike,62,No,No,No,Poor Weather Visibility,Medium,2.0
ACC21885,05-07-2024,12:55,Tamil Nadu,Salem,11.0072,78.4728,City Road,Clear,Day,19,Male,Bike,60,No,Yes,No,Drowsy Driving,Medium,4.0
ACC21886,22-02-2022,18:55,Karnataka,Bengaluru Urban,15.4475,76.0803,National Highway,Clear,Dusk,45,Male,Auto,88,No,Yes,No,Over Speeding,High,6.0
ACC21887,07-06-2024,12:20,Kerala,Ernakulam,9.9419,76.1518,City Road,Clear,Day,18,Male,Car,46,No,No,Yes,Pothole/Bad Road,Low,0.0
ACC21888,23-02-2024,16:18,Tamil Nadu,Salem,11.5586,78.7166,National Highway,Clear,Day,37,Male,Bike,77,No,No,No,Over Speeding,Medium,4.0
ACC21889,17-11-2024,07:05,Andhra Pradesh,Kurnool,15.3264,79.5717,City Road,Rainy,Day,60,Male,Auto,57,No,No,No,Poor Weather Visibility,Low,0.0
ACC21890,13-07-2024,21:34,Andhra Pradesh,Kurnool,15.4088,79.9565,National Highway,Clear,Night,30,Male,Car,52,No,Yes,No,Drowsy Driving,Medium,3.0