Accident_ID,Date,Time,State,District,Latitude,Longitude,Road_Type,Weather,Light_Condition,Driver_Age,Driver_Gender,Vehicle_Type,Speed_kmph,Alcohol_Involved,Driver_Drowsy,Pothole_Involved,Cause_of_Accident,Severity,Casualties
ACC21891,24-03-2024,16:07,Telangana,Khammam,17.8186,79.027,Village Road,Cloudy,Day,44,Male,Bus,62,No,No,No,Poor Weather Visibility,Low,0.0
ACC21892,24-06-2023,17:16,Andhra Pradesh,Nellore,16.0317,80.4551,State Highway,Cloudy,Dusk,49,Male,Bus,66,No,No,No,Poor Weather Visibility,Medium,1.0
ACC21893,22-09-2022,22:14,Karnataka,Hubballi,14.9007,76.038,Village Road,Rainy,Night,37,Male,Auto,43,No,No,No,Poor Weather Visibility,Medium,2.0
ACC21894,24-09-2022,18:06,Tamil Nadu,Madurai,10.9546,78.7107,City Road,Cloudy,Dusk,22,Female,Auto,56,Yes,No,No,Drunk Driving,Medium,
ACC21895,22-06-2023,08:44,Tamil Nadu,Madurai,11.2837,78.808,City Road,Rainy,Day,47,Male,Car,42,No,No,No,Poor Weather Visibility,Low,0.0
ACC21896,12-11-2024,12:00,Telangana,Warangal,18.362,78.9269,Village Road,Clear,Day,24,Male,Truck,57,No,No,Yes,Pothole/Bad Road,Medium,2.0
ACC21897,22-02-2022,23:19,Andhra Pradesh,Kurnool,15.8076,79.8484,State Highway,Cloudy,Night,24,Male,Bus,64,No,No,No,Poor Weather Visibility,Medium,3.0
ACC21898,13-08-2023,01:45,Tamil Nadu,Salem,10.6321,79.1724,City Road,Rainy,Night,35,Male,Truck,30,No,No,No,Poor Weather Visibility,Low,1.0
ACC21899,06-06-2022,19:38,Kerala,Ernakulam,10.1335,76.7101,City Road,Clear,Night,30,Male,Car,45,No,No,No,Poor Weather Visibility,Low,
ACC21900,18-04-2023,16:16,Andhra Pradesh,Visakhapatnam,15.8616,79.645,City Road,Clear,Day,18,Male,Car,35,Yes,No,No,Drunk Driving,Low,0.0
ACC21901,07-07-2022,17:03,Telangana,Khammam,17.8306,78.4363,State Highway,Foggy,Dusk,27,Male,Car,59,No,Yes,No,Poor Weather Visibility,Medium,2.0
ACC21902,01-08-2024,19:15,Telangana,Nizamabad,17.9379,79.1913,National Highway,Rainy,Night,18,Male,Car,79,No,No,Yes,Poor Weather Visibility,High,8.0
ACC21903,23-10-2023,06:03,Telangana,Hyderabad,17.8392,78.8886,Village Road,Rainy,Day,54,Female,Car,30,No,No,Yes,Poor Weather Visibility,Low,0.0
ACC21904,20-10-2023,08:57,Kerala,Ernakulam,9.5036,76.3421,City Road,Foggy,Day,18,Male,Car,46,No,No,No,Poor Weather Visibility,Low,
ACC21905,26-11-2024,08:55,Andhra Pradesh,Kurnool,16.2604,79.8007,State Highway,Clear,Day,37,Male,Car,55,No,No,No,Signal Jumping,Low,1.0
ACC21906,17-10-2023,11:38,Tamil Nadu,Madurai,10.9958,77.9806,City Road,Rainy,Day,25,Female,Car,57,No,No,No,Poor Weather Visibility,Low,0.0
ACC21907,22-11-2022,17:40,Andhra Pradesh,Nellore,15.3179,80.7314,Village Road,Rainy,Dusk,38,Male,Bus,50,No,Yes,No,Poor Weather Visibility,Medium,1.0
ACC21908,10-02-2024,09:36,Kerala,Kollam,10.1539,76.6245,National Highway,Clear,Day,39,Male,Bus,81,No,No,No,Over Speeding,Medium,3.0
ACC21909,02-10-2023,10:21,Tamil Nadu,Salem,10.4118,77.7967,City Road,Clear,Day,39,Male,Car,33,No,No,Yes,Pothole/Bad Road,Low,0.0
ACC21910,21-03-2024,10:30,Karnataka,Mangaluru,15.1874,75.0369,Village Road,Clear,Day,36,Male,Truck,37,No,No,No,Poor Weather Visibility,Low,0.0
ACC21911,29-11-2023,10:07,Andhra Pradesh,Visakhapatnam,15.7744,79.7008,Village Road,Overcast,Day,29,Female,Bike,38,No,No,No,Poor Weather Visibility,Low,2.0
ACC21912,06-11-2022,06:28,Tamil Nadu,Chennai,10.8451,77.89,State Highway,Overcast,Day,57,Male,Truck,63,No,No,No,Poor Weather Visibility,Medium,3.0
ACC21913,20-04-2023,17:09,Karnataka,Mangaluru,15.5357,76.1039,State Highway,Clear,Dusk,23,Male,Car,66,No,No,No,Over Speeding,Low,2.0
ACC21914,14-08-2022,20:56,Karnataka,Belagavi,16.016,75.9509,State Highway,Cloudy,Night,33,Male,Car,79,Yes,Yes,No,Drunk Driving,High,8.0
ACC21915,14-06-2022,15:12,Andhra Pradesh,Visakhapatnam,16.3062,80.1339,Expressway,Clear,Day,23,Male,Truck,107,Yes,No,No,Over Speeding,High,9.0
ACC21916,10-06-2022,18:15,Tamil Nadu,Salem,11.2381,78.2325,City Road,Rainy,Dusk,32,Male,Bike,33,No,No,No,Poor Weather Visibility,Low,1.0
ACC21917,06-12-2023,04:56,Tamil Nadu,Chennai,11.5839,78.3479,National Highway,Clear,Night,25,Male,Car,78,Yes,No,No,Drunk Driving,High,8.0
ACC21918,26-06-2022,08:23,Tamil Nadu,Madurai,10.6993,78.2275,National Highway,Rainy,Day,66,Male,Bike,75,No,No,No,Poor Weather Visibility,Medium,5.0
ACC21919,05-02-2023,19:26,Andhra Pradesh,Vijayawada,16.5263,79.8101,City Road,Overcast,Night,30,Male,Bus,45,No,No,No,Poor Weather Visibility,Low,0.0
ACC21920,12-07-2023,12:43,Tamil Nadu,Tiruchirappalli,10.9063,77.9554,City Road,Cloudy,Day,47,Female,Car,47,No,No,No,Poor Weather Visibility,Low,0.0
ACC21921,02-03-2022,20:22,Kerala,Thrissur,10.1264,76.0278,State Highway,Cloudy,Night,33,Male,Car,67,Yes,Yes,Yes,Drunk Driving,High,10.0
ACC21922,17-07-2023,23:10,Kerala,Thrissur,10.7508,75.7521,State Highway,Clear,Night,56,Male,Bike,43,No,No,No,Poor Weather Visibility,Low,0.0
ACC21923,26-11-2024,20:47,Karnataka,Hubballi,15.7269,75.5989,Expressway,Cloudy,Night,53,Male,Car,95,No,No,No,Over Speeding,High,4.0
ACC21924,12-04-2023,14:29,Karnataka,Hubballi,15.5533,75.455,State Highway,Clear,Day,41,Male,Bike,61,No,Yes,No,Drowsy Driving,Low,1.0
ACC21925,19-01-2023,17:19,Kerala,Thiruvananthapuram,10.5109,76.8416,City Road,Overcast,Dusk,18,Male,Bike,53,Yes,No,No,Drunk Driving,Medium,1.0
ACC21926,14-04-2023,12:48,Tamil Nadu,Madurai,11.0606,78.0004,City Road,Rainy,Day,42,Male,Truck,53,No,No,No,Poor Weather Visibility,Low,1.0
ACC21927,30-12-2022,11:01,Karnataka,Mysuru,15.1517,75.4102,National Highway,Clear,Day,18,Male,Bus,61,No,No,No,Over Speeding,Medium,3.0
ACC21928,06-11-2022,20:36,Karnataka,Mangaluru,14.7743,75.8372,National Highway,Foggy,Night,32,Male,Auto,90,No,Yes,No,Poor Weather Visibility,High,7.0
ACC21929,26-04-2022,13:13,Tamil Nadu,Madurai,12.1117,78.1869,State Highway,Clear,Day,24,Male,Car,51,No,No,No,Signal Jumping,Low,3.0
ACC21930,14-12-2024,17:17,Kerala,Thiruvananthapuram,10.2883,76.631,City Road,Clear,Dusk,63,Male,Bike,42,Yes,No,No,Drunk Driving,Low,0.0
ACC21931,11-12-2022,21:38,Karnataka,Hubballi,14.5523,75.6334,City Road,Overcast,Night,34,Male,Auto,55,No,Yes,Yes,Drowsy Driving,Medium,4.0
ACC21932,18-08-2023,17:49,Tamil Nadu,Salem,10.6872,78.639,Village Road,Overcast,Dusk,30,Male,Bus,46,No,No,Yes,Pothole/Bad Road,Medium,5.0
ACC21933,29-10-2024,07:55,Tamil Nadu,Coimbatore,9.8711,78.2524,National Highway,Cloudy,Day,18,Male,Bus,60,No,Yes,No,Drowsy Driving,Medium,5.0
ACC21934,26-03-2023,11:24,Karnataka,Mangaluru,15.1296,75.1005,State Highway,Overcast,Day,44,Male,Bike,46,No,No,No,Poor Weather Visibility,Low,1.0
ACC21935,18-05-2024,06:33,Andhra Pradesh,Guntur,16.0002,79.6118,National Highway,Clear,Day,35,Male,Bike,78,No,No,No,Signal Jumping,Medium,3.0
ACC21936,22-02-2022,12:02,Telangana,Karimnagar,17.0883,78.6026,Village Road,Cloudy,Day,47,Male,Car,27,No,No,No,Poor Weather Visibility,Low,3.0
ACC21937,28-06-2022,16:44,Kerala,Kollam,10.4206,76.5708,State Highway,Clear,Day,43,Male,Bike,50,No,No,No,Signal Jumping,Low,1.0
ACC21938,14-09-2022,22:35,Tamil Nadu,Tiruchirappalli,11.015,78.6144,City Road,Cloudy,Night,33,Male,Auto,54,Yes,No,No,Drunk Driving,Medium,3.0
ACC21939,01-05-2024,08:04,Kerala,Kozhikode,10.3402,76.8034,Expressway,Cloudy,Day,41,Male,Bike,86,No,No,No,Over Speeding,High,7.0
ACC21940,09-09-2023,11:47,Telangana,Khammam,18.155,79.5899,State Highway,Overcast,Day,18,Male,Car,63,No,Yes,No,Drowsy Driving,Medium,2.0
ACC21941,25-07-2023,00:01,Tamil Nadu,Salem,11.8427,78.3749,National Highway,Clear,Night,38,Female,Auto,61,No,No,No,Signal Jumping,Medium,0.0
ACC21942,30-06-2023,07:57,Karnataka,Mysuru,15.1783,75.4562,City Road,Overcast,Day,39,Male,Bike,53,No,No,No,Poor Weather Visibility,Low,0.0
ACC21943,11-09-2024,09:30,Tamil Nadu,Coimbatore,10.8943,79.0162,City Road,Clear,Day,41,Male,Bike,57,No,No,No,Signal Jumping,Low,2.0
ACC21944,20-10-2024,22:38,Kerala,Kozhikode,10.5616,77.1578,National Highway,Clear,Night,55,Male,Truck,76,No,No,No,Over Speeding,High,9.0
ACC21945,26-02-2022,05:39,Tamil Nadu,Madurai,11.219,78.8729,Expressway,Cloudy,Dawn,48,Female,Bike,66,No,No,No,Poor Weather Visibility,Low,1.0
ACC21946,06-02-2023,17:30,Telangana,Warangal,18.8297,78.8051,City Road,Foggy,Dusk,36,Female,Auto,34,No,No,Yes,Poor Weather Visibility,Low,
ACC21947,07-06-2022,18:08,Karnataka,Hubballi,15.3919,75.2606,State Highway,Cloudy,Dusk,32,Male,Car,50,No,No,Yes,Pothole/Bad Road,Medium,4.0
ACC21948,14-05-2024,20:37,Andhra Pradesh,Kurnool,15.626,80.1714,City Road,Clear,Night,33,Female,Auto,58,No,No,No,Poor Weather Visibility,Low,0.0
ACC21949,17-01-2023,07:58,Karnataka,Hubballi,15.278,76.1297,Expressway,Overcast,Day,18,Female,Car,80,No,No,No,Over Speeding,High,5.0
ACC21950,18-01-2023,08:42,Karnataka,Mysuru,15.8091,75.3249,Village Road,Clear,Day,47,Female,Auto,41,No,No,No,Poor Weather Visibility,Low,0.0
ACC21951,02-07-2023,10:03,Tamil Nadu,Tiruchirappalli,11.2714,78.7141,State Highway,Clear,Day,31,Male,Bike,66,No,No,No,Over Speeding,Medium,0.0
ACC21952,18-02-2022,13:20,Telangana,Hyderabad,18.4843,78.7527,National Highway,Clear,Day,55,Male,Car,80,No,No,No,Over Speeding,Medium,2.0
ACC21953,24-11-2022,16:42,Karnataka,Mangaluru,15.027,76.3611,City Road,Cloudy,Day,41,Male,Car,42,No,No,No,Poor Weather Visibility,Low,1.0
ACC21954,31-03-2022,06:44,Karnataka,Hubballi,15.6562,75.5949,City Road,Clear,Day,37,Female,Bike,67,No,No,Yes,Pothole/Bad Road,Medium,4.0
ACC21955,09-07-2023,19:10,Karnataka,Mangaluru,15.4045,75.8555,City Road,Clear,Night,41,Male,Bus,76,Yes,No,Yes,Drunk Driving,High,4.0
ACC21956,21-03-2022,20:03,Tamil Nadu,Chennai,10.358,78.5087,Village Road,Overcast,Night,49,Male,Bike,38,Yes,No,Yes,Drunk Driving,Medium,3.0
ACC21957,17-02-2023,17:35,Karnataka,Belagavi,15.6465,75.6683,City Road,Clear,Dusk,40,Male,Car,51,No,No,No,Poor Weather Visibility,Low,1.0
ACC21958,13-10-2022,07:05,Karnataka,Mysuru,14.9465,75.3424,Village Road,Cloudy,Day,24,Female,Bike,57,No,No,No,Poor Weather Visibility,Medium,2.0
ACC21959,10-11-2023,08:16,Puducherry,Puducherry,12.4961,79.4048,Village Road,Clear,Day,51,Male,Bus,51,No,Yes,Yes,Drowsy Driving,Medium,1.0
ACC21960,24-12-2024,14:04,Telangana,Khammam,17.9645,78.4455,Village Road,Clear,Day,44,Male,Car,31,No,No,Yes,Pothole/Bad Road,Low,2.0
ACC21961,12-02-2022,16:29,Karnataka,Hubballi,15.6908,75.4384,State Highway,Rainy,Day,42,Male,Truck,57,No,No,No,Poor Weather Visibility,Low,3.0
ACC21962,28-10-2024,12:16,Telangana,Warangal,17.3666,79.1065,City Road,Cloudy,Day,45,Male,Car,47,No,No,Yes,Pothole/Bad Road,Low,1.0
ACC21963,11-08-2022,06:38,Tamil Nadu,Madurai,10.7253,78.7104,City Road,Cloudy,Day,40,Male,Car,40,No,No,No,Poor Weather Visibility,Low,0.0
ACC21964,06-11-2024,17:47,Kerala,Thrissur,10.3252,76.234,City Road,Cloudy,Dusk,18,Female,Bus,39,No,No,No,Poor Weather Visibility,Low,0.0
ACC21965,06-09-2024,08:41,Telangana,Khammam,17.0754,79.2243,State Highway,Foggy,Day,31,Male,Bike,42,No,No,No,Poor Weather Visibility,Low,0.0
ACC21966,27-02-2024,13:08,Tamil Nadu,Madurai,11.1277,77.9152,National Highway,Cloudy,Day,33,Male,Auto,78,Yes,No,No,Drunk Driving,High,5.0
ACC21967,01-07-2024,14:31,Tamil Nadu,Coimbatore,10.5078,78.4198,Expressway,Clear,Day,36,Male,Bike,89,No,No,No,Over Speeding,High,3.0
ACC21968,19-07-2024,08:00,Telangana,Khammam,18.0894,79.6506,National Highway,Clear,Day,27,Male,Car,53,No,No,No,Signal Jumping,Low,1.0
ACC21969,27-09-2022,15:17,Andhra Pradesh,Vijayawada,16.449,78.7476,State Highway,Clear,Day,54,Male,Bike,46,Yes,No,No,Drunk Driving,Low,0.0
ACC21970,21-06-2024,17:20,Puducherry,Karaikal,12.3695,79.6835,City Road,Overcast,Dusk,32,Male,Bike,56,No,No,No,Poor Weather Visibility,Low,0.0
ACC21971,17-05-2024,16:48,Tamil Nadu,Chennai,11.5572,79.1135,Village Road,Cloudy,Day,38,Male,Bike,35,No,No,Yes,Signal Jumping,Low,0.0
ACC21972,02-01-2024,15:36,Tamil Nadu,Chennai,11.2253,78.0589,Village Road,Cloudy,Day,64,Male,Bus,28,No,No,No,Poor Weather Visibility,Low,1.0
ACC21973,14-07-2024,06:08,Tamil Nadu,Madurai,11.3688,78.139,National Highway,Clear,Day,51,Male,Bike,55,No,No,No,Signal Jumping,Low,1.0
ACC21974,23-08-2023,21:29,Karnataka,Hubballi,15.1675,75.2684,National Highway,Clear,Night,43,Male,Auto,73,No,No,Yes,Pothole/Bad Road,High,4.0
ACC21975,24-11-2022,08:04,Tamil Nadu,Madurai,10.8833,78.5757,National Highway,Rainy,Day,32,Male,Car,68,No,No,No,Poor Weather Visibility,Medium,3.0
ACC21976,07-08-2023,00:40,Kerala,Ernakulam,10.0585,76.1499,National Highway,Clear,Night,53,Male,Car,66,Yes,No,No,Drunk Driving,Medium,3.0
ACC21977,07-12-2022,17:42,Tamil Nadu,Madurai,11.7303,78.7681,State Highway,Clear,Dusk,53,Female,Bus,58,No,No,Yes,Pothole/Bad Road,Low,3.0
ACC21978,20-08-2023,19:46,Karnataka,Mysuru,15.5011,75.5096,City Road,Rainy,Night,31,Male,Bike,63,No,No,No,Poor Weather Visibility,Medium,4.0
ACC21979,10-09-2024,12:37,Kerala,Ernakulam,10.3376,75.8307,State Highway,Rainy,Day,18,Male,Auto,67,No,No,No,Poor Weather Visibility,Medium,2.0
ACC21980,21-05-2023,07:18,Tamil Nadu,Coimbatore,10.6142,78.949,City Road,Clear,Day,48,Male,Auto,66,No,No,No,Over Speeding,Medium,4.0
ACC21981,02-06-2022,18:22,Andhra Pradesh,Guntur,16.0585,80.2946,Village Road,Clear,Dusk,37,Male,Bus,38,No,No,Yes,Pothole/Bad Road,Low,2.0
ACC21982,23-08-2022,07:04,Puducherry,Puducherry,11.8831,79.6695,National Highway,Rainy,Day,43,Male,Bike,78,No,No,No,Poor Weather Visibility,Medium,3.0
ACC21983,30-05-2024,15:39,Karnataka,Hubballi,15.7794,75.7785,State Highway,Rainy,Day,44,Male,Car,54,No,No,Yes,Poor Weather Visibility,Low,2.0
ACC21984,24-06-2022,01:40,Kerala,Kollam,10.7181,75.8562,City Road,Cloudy,Night,39,Male,Bike,40,Yes,No,Yes,Drunk Driving,Medium,1.0
ACC21985,21-03-2023,23:19,Karnataka,Mangaluru,16.0257,75.1696,Expressway,Rainy,Night,32,Male,Car,85,Yes,No,No,Poor Weather Visibility,High,7.0
ACC21986,23-03-2024,17:04,Puducherry,Puducherry,11.8056,79.7169,National Highway,Rainy,Dusk,35,Male,Truck,78,Yes,No,No,Poor Weather Visibility,High,4.0
ACC21987,13-12-2023,11:37,Telangana,Warangal,17.8468,79.9201,National Highway,Clear,Day,53,Male,Bike,56,No,No,No,Signal Jumping,Low,1.0
ACC21988,07-03-2023,17:57,Puducherry,Karaikal,11.9436,79.8142,National Highway,Cloudy,Dusk,39,Male,Car,92,Yes,No,No,Over Speeding,High,6.0
ACC21989,06-05-2024,09:39,Karnataka,Bengaluru Urban,15.6875,75.2623,Expressway,Clear,Day,51,Male,Car,48,No,No,No,Signal Jumping,Low,
ACC21990,25-08-2024,17:53,Karnataka,Mysuru,15.5886,75.2412,Expressway,Overcast,Dusk,35,Female,Auto,86,No,No,No,Over Speeding,Medium,2.0
ACC21991,20-01-2024,11:05,Tamil Nadu,Salem,10.919,79.1003,City Road,Clear,Day,65,Male,Bike,64,No,No,Yes,Pothole/Bad Road,Low,1.0
ACC21992,14-12-2024,23:57,Tamil Nadu,Salem,11.2101,78.0052,City Road,Clear,Night,40,Male,Car,101,Yes,Yes,No,Over Speeding,High,8.0
ACC21993,13-03-2024,12:23,Telangana,Nizamabad,18.4306,79.2592,City Road,Clear,Day,31,Male,Truck,31,No,Yes,No,Drowsy Driving,Low,0.0
ACC21994,20-04-2024,10:19,Kerala,Thrissur,10.3797,76.1638,City Road,Clear,Day,44,Male,Car,56,No,No,No,Poor Weather Visibility,Low,0.0
ACC21995,21-03-2023,13:34,Karnataka,Mangaluru,15.3405,76.0072,City Road,Cloudy,Day,39,Male,Truck,34,No,Yes,No,Drowsy Driving,Low,0.0
ACC21996,25-01-2024,03:53,Tamil Nadu,Tiruchirappalli,10.9984,78.4874,Village Road,Clear,Night,22,Male,Truck,20,No,No,No,Signal Jumping,Low,2.0
ACC21997,23-03-2023,13:04,Telangana,Hyderabad,17.7657,78.3043,Village Road,Clear,Day,69,Male,Car,46,No,No,No,Signal Jumping,Low,0.0
ACC21998,20-12-2023,11:18,Tamil Nadu,Chennai,10.7248,78.3268,Village Road,Clear,Day,24,Female,Car,53,No,No,No,Poor Weather Visibility,Low,1.0
ACC21999,10-03-2023,07:24,Andhra Pradesh,Visakhapatnam,16.2373,79.757,Village Road,Clear,Day,26,Female,Bike,69,No,Yes,No,Drowsy Driving,Low,1.0
ACC22000,20-06-2024,19:22,Kerala,Thiruvananthapuram,10.4375,76.8099,National Highway,Cloudy,Night,57,Male,Bike,90,No,Yes,No,Over Speeding,High,8.0
ACC22001,14-12-2022,15:28,Andhra Pradesh,Nellore,15.5158,79.6007,Village Road,Cloudy,Day,61,Male,Bus,53,No,Yes,Yes,Drowsy Driving,Medium,3.0
ACC22002,11-08-2022,19:55,Andhra Pradesh,Guntur,16.1384,79.8733,City Road,Clear,Night,45,Female,Car,65,No,No,No,Over Speeding,Medium,6.0
ACC22003,20-06-2022,20:50,Andhra Pradesh,Kurnool,15.6732,80.0025,National Highway,Clear,Night,27,Male,Bus,55,No,No,No,Poor Weather Visibility,Low,3.0
ACC22004,26-09-2023,23:21,Kerala,Kozhikode,9.7142,76.6908,National Highway,Clear,Night,40,Male,Bike,48,No,No,No,Signal Jumping,Medium,2.0
ACC22005,11-07-2024,15:34,Karnataka,Bengaluru Urban,15.3994,75.6018,City Road,Rainy,Day,35,Male,Bike,44,No,No,No,Poor Weather Visibility,Low,
ACC22006,07-11-2023,14:59,Telangana,Nizamabad,17.3335,79.1874,Village Road,Rainy,Day,35,Male,Auto,34,No,No,No,Poor Weather Visibility,Low,0.0
ACC22007,30-12-2024,01:22,Tamil Nadu,Madurai,11.2962,78.2719,City Road,Cloudy,Night,26,Male,Bike,61,No,No,No,Poor Weather Visibility,Medium,5.0
ACC22008,15-11-2023,20:13,Karnataka,Bengaluru Urban,16.0639,76.2919,State Highway,Rainy,Night,28,Male,Bus,78,Yes,Yes,Yes,Poor Weather Visibility,High,10.0
ACC22009,13-08-2023,22:03,Telangana,Khammam,18.0386,78.8074,Village Road,Clear,Night,24,Male,Bike,35,No,No,No,Poor Weather Visibility,Low,0.0
ACC22010,11-03-2022,16:58,Telangana,Hyderabad,17.5339,78.9338,National Highway,Clear,Day,73,Female,Auto,64,No,No,No,Signal Jumping,Medium,6.0
ACC22011,23-08-2024,08:31,Andhra Pradesh,Visakhapatnam,16.2311,79.7914,Village Road,Cloudy,Day,27,Male,Bus,44,No,No,No,Poor Weather Visibility,Low,1.0
ACC22012,25-01-2023,21:03,Tamil Nadu,Coimbatore,12.1878,78.1511,National Highway,Clear,Night,42,Female,Bike,59,No,No,No,Over Speeding,Low,1.0
ACC22013,10-02-2022,23:36,Telangana,Karimnagar,17.5852,78.621,Expressway,Clear,Night,34,Male,Bike,83,No,No,No,Over Speeding,Medium,1.0
ACC22014,06-05-2023,22:46,Puducherry,Karaikal,12.2355,79.8728,City Road,Clear,Night,20,Male,Car,46,No,No,No,Signal Jumping,Low,1.0
ACC22015,10-03-2023,22:17,Kerala,Thiruvananthapuram,10.443,76.2938,City Road,Rainy,Night,44,Male,Car,64,Yes,Yes,No,Poor Weather Visibility,High,6.0
ACC22016,04-04-2022,17:38,Karnataka,Bengaluru Urban,15.1553,75.1457,Village Road,Clear,Dusk,20,Male,Truck,73,No,No,No,Over Speeding,Low,2.0
ACC22017,24-07-2023,22:48,Karnataka,Belagavi,14.9505,76.2441,State Highway,Clear,Night,39,Female,Bike,53,No,No,No,Poor Weather Visibility,Low,1.0
ACC22018,30-12-2024,21:21,Kerala,Kollam,10.602,75.8777,Expressway,Clear,Night,44,Male,Truck,93,No,Yes,No,Over Speeding,High,
ACC22019,21-01-2022,15:24,Tamil Nadu,Madurai,10.406,78.5574,Expressway,Cloudy,Day,39,Male,Car,75,No,No,No,Over Speeding,Medium,2.0
ACC22020,06-06-2022,10:00,Tamil Nadu,Salem,10.6339,78.3601,Village Road,Clear,Day,47,Female,Bus,27,No,No,Yes,Pothole/Bad Road,Low,0.0
ACC22021,20-04-2022,01:29,Puducherry,Puducherry,11.377,79.9543,Village Road,Rainy,Night,39,Female,Car,56,Yes,No,No,Poor Weather Visibility,Medium,4.0
ACC22022,21-12-2022,04:47,Kerala,Ernakulam,10.3201,75.8641,City Road,Overcast,Night,31,Male,Bike,64,No,No,Yes,Pothole/Bad Road,High,4.0
ACC22023,28-01-2023,00:20,Kerala,Thiruvananthapuram,10.6161,76.2049,City Road,Cloudy,Night,40,Male,Truck,44,No,No,No,Poor Weather Visibility,Low,0.0
ACC22024,01-07-2024,02:14,Karnataka,Mysuru,14.9017,75.6365,City Road,Clear,Night,39,Male,Bike,39,No,No,Yes,Pothole/Bad Road,Low,0.0
ACC22025,23-02-2023,13:46,Tamil Nadu,Madurai,10.6474,79.0193,State Highway,Overcast,Day,43,Male,Car,56,No,No,No,Poor Weather Visibility,Low,1.0
ACC22026,10-07-2022,23:22,Tamil Nadu,Coimbatore,10.5305,78.101,Expressway,Clear,Night,52,Male,Car,61,No,No,No,Signal Jumping,Medium,5.0
ACC22027,18-02-2023,08:09,Tamil Nadu,Madurai,10.6247,78.7521,City Road,Cloudy,Day,45,Male,Bike,45,No,No,No,Poor Weather Visibility,Low,2.0
ACC22028,25-11-2022,12:21,Andhra Pradesh,Visakhapatnam,16.8259,79.6363,Village Road,Clear,Day,18,Male,Bike,41,No,No,No,Signal Jumping,Low,1.0
ACC22029,11-05-2022,01:11,Andhra Pradesh,Visakhapatnam,16.3394,79.6053,City Road,Clear,Night,51,Male,Bus,67,No,Yes,No,Drowsy Driving,Medium,2.0
ACC22030,06-07-2022,08:26,Telangana,Karimnagar,18.3894,78.7712,City Road,Rainy,Day,18,Female,Car,51,Yes,No,No,Poor Weather Visibility,Medium,2.0
ACC22031,12-01-2023,13:56,Puducherry,Karaikal,12.5695,79.655,Village Road,Clear,Day,46,Male,Bike,24,No,Yes,No,Drowsy Driving,Low,1.0
ACC22032,12-03-2024,22:36,Tamil Nadu,Coimbatore,12.0139,78.6455,Expressway,Cloudy,Night,59,Male,Bike,95,No,No,No,Over Speeding,High,5.0
ACC22033,31-05-2022,18:41,Tamil Nadu,Salem,11.2136,78.8031,Village Road,Cloudy,Dusk,38,Female,Bike,53,No,No,Yes,Pothole/Bad Road,Medium,4.0
ACC22034,17-09-2024,16:37,Andhra Pradesh,Visakhapatnam,15.2902,78.6677,City Road,Clear,Day,40,Male,Car,36,No,No,No,Signal Jumping,Low,0.0
ACC22035,05-09-2023,16:35,Karnataka,Mysuru,15.3129,75.6445,City Road,Rainy,Day,28,Male,Bike,35,No,No,Yes,Poor Weather Visibility,Low,1.0
ACC22036,27-05-2024,20:13,Telangana,Khammam,17.5014,79.3413,Village Road,Rainy,Night,20,Female,Bike,33,No,No,No,Poor Weather Visibility,Medium,3.0
ACC22037,03-11-2023,16:50,Kerala,Thrissur,10.1672,76.2777,City Road,Overcast,Day,38,Male,Bike,56,No,Yes,No,Drowsy Driving,Low,0.0
ACC22038,17-11-2022,20:24,Karnataka,Belagavi,15.0367,75.2218,State Highway,Clear,Night,28,Female,Bus,70,Yes,No,Yes,Drunk Driving,High,4.0
ACC22039,26-08-2024,04:33,Karnataka,Belagavi,15.2558,74.4916,City Road,Cloudy,Night,63,Male,Bike,61,Yes,No,Yes,Drunk Driving,High,7.0
ACC22040,25-04-2024,10:50,Karnataka,Mangaluru,14.9862,75.1563,City Road,Clear,Day,21,Male,Bus,24,No,No,Yes,Pothole/Bad Road,Low,1.0
ACC22041,29-11-2023,15:49,Kerala,Thiruvananthapuram,10.165,75.762,State Highway,Rainy,Day,18,Male,Bus,41,No,No,No,Poor Weather Visibility,Low,4.0
ACC22042,02-09-2023,14:21,Tamil Nadu,Chennai,10.9543,77.6856,Village Road,Cloudy,Day,19,Male,Bike,43,No,No,No,Poor Weather Visibility,Low,0.0
ACC22043,20-02-2022,21:20,Puducherry,Puducherry,11.5007,79.8826,Expressway,Clear,Night,30,Female,Car,85,No,No,No,Over Speeding,Medium,
ACC22044,04-04-2022,18:14,Telangana,Nizamabad,18.0327,78.5112,City Road,Clear,Dusk,21,Male,Car,49,No,No,No,Poor Weather Visibility,Low,2.0
ACC22045,13-05-2024,06:32,Telangana,Karimnagar,17.6805,79.4629,City Road,Clear,Day,22,Male,Bike,46,No,No,No,Signal Jumping,Low,0.0
ACC22046,17-02-2022,11:07,Telangana,Hyderabad,18.4902,78.9528,City Road,Clear,Day,31,Male,Bike,30,No,No,No,Signal Jumping,Low,2.0
ACC22047,04-08-2022,14:17,Andhra Pradesh,Guntur,16.5016,79.7744,National Highway,Rainy,Day,46,Male,Auto,58,No,No,No,Poor Weather Visibility,Low,0.0
ACC22048,18-06-2024,20:14,Telangana,Warangal,17.7222,79.4137,National Highway,Clear,Night,57,Male,Car,70,No,Yes,No,Drowsy Driving,High,6.0