Accident_ID,Date,Time,State,District,Latitude,Longitude,Road_Type,Weather,Light_Condition,Driver_Age,Driver_Gender,Vehicle_Type,Speed_kmph,Alcohol_Involved,Driver_Drowsy,Pothole_Involved,Cause_of_Accident,Severity,Casualties
ACC22049,10-05-2024,12:07,Andhra Pradesh,Visakhapatnam,15.8402,79.8626,Expressway,Cloudy,Day,44,Male,Truck,60,No,No,No,Poor Weather Visibility,Low,0.0
ACC22050,28-12-2024,23:14,Kerala,Kozhikode,11.2938,75.996,State Highway,Overcast,Night,46,Male,Auto,55,Yes,No,No,Drunk Driving,Medium,3.0
ACC22051,09-04-2024,07:26,Tamil Nadu,Chennai,11.6495,78.4931,State Highway,Clear,Day,36,Male,Bike,56,No,No,No,Signal Jumping,Low,2.0
ACC22052,27-03-2023,01:10,Kerala,Thiruvananthapuram,10.5486,76.4875,City Road,Clear,Night,24,Female,Truck,58,Yes,No,No,Drunk Driving,Medium,2.0
ACC22053,23-11-2024,04:02,Kerala,Kozhikode,10.9752,75.8098,Village Road,Clear,Night,34,Male,Car,15,No,No,Yes,Pothole/Bad Road,Low,2.0
ACC22054,03-10-2022,22:38,Andhra Pradesh,Vijayawada,15.9905,80.3637,City Road,Cloudy,Night,44,Male,Truck,53,No,No,No,Poor Weather Visibility,Low,2.0
ACC22055,10-06-2022,07:47,Telangana,Khammam,17.4334,78.1767,City Road,Clear,Day,18,Male,Bike,43,No,No,Yes,Pothole/Bad Road,Low,2.0
ACC22056,08-01-2024,03:09,Andhra Pradesh,Guntur,15.1476,79.7436,City Road,Cloudy,Night,33,Male,Truck,64,No,Yes,No,Drowsy Driving,Low,2.0
ACC22057,14-06-2023,06:43,Tamil Nadu,Tiruchirappalli,10.4841,78.5926,City Road,Overcast,Day,36,Male,Auto,57,No,No,No,Poor Weather Visibility,Medium,
ACC22058,02-12-2023,20:11,Tamil Nadu,Tiruchirappalli,10.834,78.3978,State Highway,Rainy,Night,19,Male,Truck,63,No,Yes,No,Poor Weather Visibility,Medium,7.0
ACC22059,19-10-2022,01:49,Telangana,Karimnagar,17.9673,78.5248,State Highway,Rainy,Night,44,Male,Bike,34,No,No,Yes,Poor Weather Visibility,Low,2.0
ACC22060,28-02-2023,15:45,Telangana,Khammam,18.3563,79.0696,National Highway,Rainy,Day,31,Male,Car,72,No,No,No,Poor Weather Visibility,Medium,3.0
ACC22061,09-08-2023,19:32,Karnataka,Hubballi,16.379,76.0721,City Road,Overcast,Night,35,Male,Bike,39,No,No,Yes,Pothole/Bad Road,Low,1.0
ACC22062,12-05-2023,18:58,Tamil Nadu,Coimbatore,11.7949,79.0335,Expressway,Overcast,Dusk,38,Female,Car,101,Yes,Yes,No,Over Speeding,High,12.0
ACC22063,15-10-2024,08:26,Tamil Nadu,Tiruchirappalli,11.1807,79.0712,Village Road,Clear,Day,36,Male,Truck,29,No,No,No,Signal Jumping,Low,0.0
ACC22064,29-02-2024,22:10,Tamil Nadu,Salem,10.175,78.4086,National Highway,Cloudy,Night,26,Male,Auto,73,No,No,No,Over Speeding,Medium,2.0
ACC22065,27-11-2023,05:57,Telangana,Karimnagar,18.0858,78.9446,National Highway,Clear,Dawn,41,Male,Bike,66,No,No,No,Signal Jumping,Medium,5.0
ACC22066,14-11-2024,19:04,Karnataka,Belagavi,15.7595,75.8891,Expressway,Rainy,Night,45,Male,Car,87,No,No,No,Poor Weather Visibility,High,5.0
ACC22067,25-01-2024,13:35,Kerala,Kozhikode,10.0362,75.4322,Village Road,Rainy,Day,49,Male,Bike,52,No,No,No,Poor Weather Visibility,Medium,4.0
ACC22068,21-05-2024,19:03,Telangana,Khammam,17.8237,78.0788,National Highway,Cloudy,Night,26,Male,Bus,82,No,No,No,Over Speeding,High,4.0
ACC22069,15-08-2024,09:03,Karnataka,Belagavi,15.0329,75.9732,National Highway,Rainy,Day,34,Male,Bike,69,No,No,No,Poor Weather Visibility,Medium,2.0
ACC22070,26-04-2022,22:14,Kerala,Kozhikode,10.6304,75.8073,State Highway,Clear,Night,31,Male,Car,74,No,No,No,Over Speeding,Medium,4.0
ACC22071,10-09-2022,00:21,Kerala,Thiruvananthapuram,10.2577,76.3405,Village Road,Clear,Night,48,Male,Auto,35,No,No,Yes,Pothole/Bad Road,Low,1.0
ACC22072,08-06-2024,09:47,Karnataka,Mangaluru,15.2574,75.9446,City Road,Cloudy,Day,18,Male,Auto,62,Yes,No,Yes,Drunk Driving,High,6.0
ACC22073,21-04-2023,20:05,Tamil Nadu,Madurai,10.9988,78.7594,State Highway,Rainy,Night,23,Male,Bike,84,Yes,No,Yes,Poor Weather Visibility,High,6.0
ACC22074,08-10-2024,19:14,Karnataka,Bengaluru Urban,15.6805,75.6561,National Highway,Cloudy,Night,28,Male,Truck,79,Yes,Yes,No,Drunk Driving,High,2.0
ACC22075,22-09-2024,00:29,Tamil Nadu,Madurai,11.4684,78.2039,City Road,Clear,Night,52,Male,Car,48,No,No,Yes,Pothole/Bad Road,Low,0.0
ACC22076,07-08-2022,10:40,Karnataka,Mangaluru,15.7525,76.3198,Village Road,Clear,Day,41,Male,Bike,43,No,No,No,Poor Weather Visibility,Low,0.0
ACC22077,25-07-2023,11:39,Karnataka,Belagavi,15.0841,75.7228,State Highway,Cloudy,Day,40,Female,Bike,71,Yes,No,No,Drunk Driving,High,8.0
ACC22078,31-08-2022,15:55,Tamil Nadu,Chennai,11.3105,78.659,City Road,Cloudy,Day,18,Male,Bus,43,No,No,Yes,Pothole/Bad Road,Low,0.0
ACC22079,09-08-2024,19:27,Puducherry,Puducherry,11.6222,80.1826,State Highway,Clear,Night,60,Male,Bike,89,Yes,Yes,No,Over Speeding,High,8.0
ACC22080,01-09-2024,05:54,Andhra Pradesh,Kurnool,15.2584,79.5903,Village Road,Cloudy,Dawn,53,Male,Bike,57,No,No,Yes,Pothole/Bad Road,Medium,0.0
ACC22081,26-03-2024,11:13,Telangana,Nizamabad,18.3583,78.379,State Highway,Overcast,Day,19,Male,Truck,65,No,No,No,Poor Weather Visibility,Medium,3.0
ACC22082,15-11-2022,03:19,Telangana,Hyderabad,17.7264,79.0888,City Road,Clear,Night,34,Male,Bike,35,No,Yes,No,Drowsy Driving,Low,1.0
ACC22083,16-01-2022,05:49,Karnataka,Bengaluru Urban,15.1408,76.386,City Road,Overcast,Dawn,41,Female,Car,59,No,Yes,Yes,Drowsy Driving,Medium,1.0
ACC22084,02-08-2022,21:53,Tamil Nadu,Madurai,10.9137,79.6751,Village Road,Clear,Night,43,Male,Bus,42,No,No,No,Signal Jumping,Low,0.0
ACC22085,16-08-2024,09:49,Puducherry,Karaikal,11.6719,79.6669,State Highway,Clear,Day,23,Male,Bike,49,No,No,No,Signal Jumping,Low,0.0
ACC22086,27-06-2022,19:53,Kerala,Kollam,10.3877,76.3632,City Road,Clear,Night,57,Male,Auto,55,No,No,No,Signal Jumping,Low,0.0
ACC22087,12-02-2022,07:29,Andhra Pradesh,Kurnool,15.6634,79.6094,National Highway,Cloudy,Day,43,Male,Car,59,No,No,No,Poor Weather Visibility,Medium,4.0
ACC22088,05-10-2023,02:55,Telangana,Khammam,17.9984,78.652,Village Road,Clear,Night,32,Male,Bike,51,No,Yes,Yes,Drowsy Driving,Medium,2.0
ACC22089,15-02-2024,07:28,Karnataka,Mysuru,15.1704,75.1333,City Road,Clear,Day,46,Female,Auto,37,No,No,No,Poor Weather Visibility,Low,0.0
ACC22090,02-05-2023,15:18,Kerala,Kollam,10.7111,76.409,City Road,Cloudy,Day,21,Male,Truck,64,No,Yes,No,Drowsy Driving,Medium,0.0
ACC22091,26-04-2024,13:16,Karnataka,Mangaluru,14.6625,75.7312,Village Road,Clear,Day,18,Female,Truck,25,No,No,No,Signal Jumping,Low,1.0
ACC22092,26-03-2024,02:32,Tamil Nadu,Madurai,11.3386,78.9324,City Road,Clear,Night,38,Female,Bus,43,No,Yes,No,Drowsy Driving,Low,2.0
ACC22093,21-10-2023,19:44,Tamil Nadu,Madurai,10.4227,78.4552,Village Road,Clear,Night,25,Male,Car,36,No,No,Yes,Pothole/Bad Road,Medium,2.0
ACC22094,16-03-2024,08:16,Tamil Nadu,Coimbatore,10.8056,79.0039,Expressway,Overcast,Day,59,Male,Bike,79,No,No,No,Over Speeding,Medium,4.0
ACC22095,29-03-2024,07:51,Karnataka,Mysuru,14.7082,75.6756,City Road,Clear,Day,24,Male,Bus,70,Yes,No,No,Drunk Driving,Medium,1.0
ACC22096,09-08-2024,02:45,Andhra Pradesh,Visakhapatnam,15.2805,79.338,Village Road,Clear,Night,59,Male,Auto,32,No,No,No,Poor Weather Visibility,Low,0.0
ACC22097,11-11-2022,14:56,Kerala,Thiruvananthapuram,10.4434,75.9178,State Highway,Clear,Day,33,Male,Bike,54,No,No,No,Signal Jumping,Low,1.0
ACC22098,02-02-2022,07:49,Andhra Pradesh,Visakhapatnam,15.6562,80.1267,Expressway,Clear,Day,42,Male,Car,74,No,No,No,Over Speeding,Low,1.0
ACC22099,06-02-2023,16:10,Karnataka,Bengaluru Urban,15.2523,75.2995,National Highway,Clear,Day,42,Male,Bike,58,No,No,No,Signal Jumping,Low,1.0
ACC22100,15-03-2022,12:27,Tamil Nadu,Chennai,11.3399,78.1967,Village Road,Clear,Day,24,Female,Car,49,No,No,No,Poor Weather Visibility,Low,5.0
ACC22101,18-05-2024,21:53,Kerala,Ernakulam,10.8693,76.4468,City Road,Foggy,Night,23,Male,Auto,55,Yes,Yes,No,Poor Weather Visibility,High,
ACC22102,17-05-2023,20:33,Karnataka,Mysuru,15.4904,76.2563,Expressway,Clear,Night,41,Female,Bike,74,Yes,Yes,No,Drunk Driving,High,2.0
ACC22103,22-05-2023,00:19,Andhra Pradesh,Guntur,16.3184,79.7714,Village Road,Cloudy,Night,35,Male,Bike,38,No,No,Yes,Pothole/Bad Road,Medium,2.0
ACC22104,27-11-2024,18:42,Karnataka,Bengaluru Urban,15.487,75.9462,City Road,Clear,Dusk,18,Male,Auto,65,Yes,No,No,Drunk Driving,Medium,4.0
ACC22105,30-10-2024,12:22,Karnataka,Hubballi,15.5945,74.5197,Village Road,Cloudy,Day,35,Female,Bus,66,No,No,No,Poor Weather Visibility,Medium,5.0
ACC22106,05-07-2024,08:59,Andhra Pradesh,Nellore,15.8065,80.0782,Village Road,Cloudy,Day,38,Male,Bike,34,No,No,Yes,Pothole/Bad Road,Low,0.0
ACC22107,23-08-2024,09:24,Tamil Nadu,Salem,11.4315,79.4069,City Road,Cloudy,Day,41,Male,Auto,43,No,No,No,Poor Weather Visibility,Low,1.0
ACC22108,12-09-2022,13:43,Andhra Pradesh,Visakhapatnam,16.2364,80.4587,City Road,Clear,Day,38,Female,Car,55,No,No,No,Poor Weather Visibility,Low,0.0
ACC22109,09-07-2022,07:35,Karnataka,Mysuru,14.905,76.0497,National Highway,Cloudy,Day,28,Male,Auto,70,No,No,No,Poor Weather Visibility,Medium,3.0
ACC22110,04-08-2023,05:15,Tamil Nadu,Tiruchirappalli,11.6378,78.146,Expressway,Overcast,Dawn,33,Male,Bike,67,No,No,No,Poor Weather Visibility,Medium,1.0
ACC22111,08-05-2023,21:45,Andhra Pradesh,Guntur,16.2214,78.9794,National Highway,Clear,Night,57,Male,Truck,74,No,Yes,Yes,Signal Jumping,High,4.0
ACC22112,02-12-2024,14:02,Kerala,Kollam,10.1027,76.3171,State Highway,Clear,Day,48,Male,Bike,69,No,No,No,Over Speeding,Low,1.0
ACC22113,27-12-2024,03:17,Tamil Nadu,Madurai,10.731,78.389,National Highway,Clear,Night,18,Male,Auto,64,No,No,Yes,Pothole/Bad Road,Medium,2.0
ACC22114,05-08-2023,14:15,Kerala,Thiruvananthapuram,9.6353,76.8209,State Highway,Clear,Day,52,Female,Car,61,No,Yes,No,Drowsy Driving,Medium,
ACC22115,20-02-2023,08:47,Kerala,Thrissur,10.6144,76.8231,National Highway,Clear,Day,21,Male,Truck,57,No,No,No,Signal Jumping,Low,0.0
ACC22116,03-08-2022,08:54,Andhra Pradesh,Guntur,16.1838,79.9296,Village Road,Clear,Day,38,Male,Car,27,No,No,No,Signal Jumping,Low,2.0
ACC22117,18-02-2024,18:33,Tamil Nadu,Chennai,10.4501,78.5036,City Road,Cloudy,Dusk,50,Female,Bus,47,Yes,No,No,Drunk Driving,Low,1.0
ACC22118,20-12-2022,13:17,Kerala,Kozhikode,10.2214,75.9059,Village Road,Cloudy,Day,62,Male,Bike,28,No,No,Yes,Pothole/Bad Road,Low,0.0
ACC22119,02-07-2022,11:24,Puducherry,Puducherry,12.6808,79.3645,State Highway,Rainy,Day,57,Male,Truck,73,Yes,No,No,Poor Weather Visibility,Medium,1.0
ACC22120,28-04-2022,19:17,Tamil Nadu,Chennai,10.5482,78.7603,National Highway,Clear,Night,43,Male,Auto,89,Yes,No,No,Over Speeding,High,6.0
ACC22121,14-05-2022,16:16,Andhra Pradesh,Kurnool,16.1683,79.4942,City Road,Cloudy,Day,58,Male,Car,54,No,No,Yes,Pothole/Bad Road,Low,1.0
ACC22122,05-08-2024,18:15,Karnataka,Belagavi,15.3719,75.5341,National Highway,Clear,Dusk,18,Female,Auto,69,No,No,No,Over Speeding,Medium,1.0
ACC22123,08-09-2022,08:38,Kerala,Thrissur,10.02,75.4885,Village Road,Cloudy,Day,18,Male,Bike,29,No,No,Yes,Pothole/Bad Road,Low,1.0
ACC22124,17-03-2022,21:47,Karnataka,Mangaluru,15.6989,75.2667,State Highway,Overcast,Night,36,Male,Bike,68,No,No,No,Poor Weather Visibility,Medium,2.0
ACC22125,23-07-2022,14:30,Kerala,Ernakulam,10.3059,76.8091,State Highway,Clear,Day,39,Male,Bus,59,No,No,No,Over Speeding,Low,3.0
ACC22126,05-12-2022,13:22,Kerala,Kozhikode,9.9828,75.7472,Village Road,Cloudy,Day,23,Male,Auto,44,Yes,No,Yes,Drunk Driving,Medium,2.0
ACC22127,06-01-2022,22:27,Telangana,Hyderabad,17.8013,78.4902,City Road,Rainy,Night,35,Male,Car,28,No,No,No,Poor Weather Visibility,Low,1.0
ACC22128,06-10-2022,10:05,Telangana,Hyderabad,18.293,79.2867,Expressway,Clear,Day,28,Male,Car,92,No,No,No,Over Speeding,Medium,2.0
ACC22129,12-11-2023,18:36,Telangana,Karimnagar,17.767,78.7944,Village Road,Rainy,Dusk,18,Male,Bike,34,No,No,Yes,Poor Weather Visibility,Low,3.0
ACC22130,19-11-2024,12:42,Puducherry,Karaikal,12.4355,80.0967,City Road,Cloudy,Day,29,Male,Truck,46,No,No,Yes,Pothole/Bad Road,Medium,
ACC22131,12-02-2024,11:18,Karnataka,Bengaluru Urban,16.0607,75.657,State Highway,Cloudy,Day,27,Male,Car,46,No,Yes,Yes,Drowsy Driving,Low,3.0
ACC22132,26-08-2024,17:22,Telangana,Warangal,17.8856,79.1154,State Highway,Clear,Dusk,52,Male,Auto,66,No,No,No,Over Speeding,Medium,2.0
ACC22133,07-03-2023,18:35,Telangana,Nizamabad,18.1111,79.0226,National Highway,Cloudy,Dusk,48,Male,Car,67,No,No,No,Signal Jumping,Medium,3.0
ACC22134,17-01-2022,07:48,Tamil Nadu,Chennai,10.6663,78.8564,Village Road,Rainy,Day,51,Male,Car,44,No,No,No,Poor Weather Visibility,Low,1.0
ACC22135,28-04-2024,03:57,Andhra Pradesh,Visakhapatnam,16.3172,79.5756,Village Road,Overcast,Night,53,Male,Car,34,Yes,No,No,Drunk Driving,Low,2.0
ACC22136,27-02-2024,12:17,Kerala,Thrissur,10.1969,77.172,Expressway,Cloudy,Day,35,Male,Car,74,No,No,No,Over Speeding,Medium,2.0
ACC22137,24-03-2024,12:16,Tamil Nadu,Chennai,11.7663,78.9306,State Highway,Clear,Day,42,Female,Car,57,No,No,No,Signal Jumping,Low,0.0
ACC22138,20-10-2022,12:04,Andhra Pradesh,Visakhapatnam,15.2801,79.3819,Expressway,Rainy,Day,30,Male,Bus,84,No,Yes,No,Poor Weather Visibility,High,6.0
ACC22139,21-04-2024,17:38,Andhra Pradesh,Nellore,15.6346,79.3916,Village Road,Overcast,Dusk,36,Male,Car,34,No,No,Yes,Pothole/Bad Road,Low,0.0
ACC22140,21-10-2023,13:09,Andhra Pradesh,Guntur,15.5988,79.4354,City Road,Clear,Day,61,Male,Auto,55,No,Yes,No,Drowsy Driving,Low,1.0
ACC22141,26-03-2023,19:35,Tamil Nadu,Coimbatore,11.212,79.0335,State Highway,Clear,Night,34,Male,Bike,67,Yes,Yes,No,Drunk Driving,High,5.0
ACC22142,15-08-2022,20:56,Telangana,Hyderabad,17.9315,79.1461,National Highway,Rainy,Night,31,Male,Bus,84,Yes,Yes,No,Poor Weather Visibility,High,8.0
ACC22143,12-07-2024,19:53,Karnataka,Bengaluru Urban,15.1303,75.6835,Village Road,Clear,Night,41,Male,Bike,44,No,No,No,Poor Weather Visibility,Low,2.0
ACC22144,27-07-2023,15:41,Telangana,Warangal,17.712,79.7217,City Road,Rainy,Day,18,Male,Car,45,No,No,Yes,Poor Weather Visibility,Low,2.0
ACC22145,06-10-2023,05:43,Tamil Nadu,Tiruchirappalli,11.1735,78.7859,National Highway,Clear,Dawn,41,Male,Car,100,Yes,No,No,Over Speeding,High,6.0
ACC22146,17-08-2022,17:51,Kerala,Ernakulam,9.7166,76.2023,Expressway,Clear,Dusk,47,Male,Bike,56,No,No,No,Signal Jumping,Low,1.0
ACC22147,25-04-2024,18:57,Tamil Nadu,Salem,11.1743,78.6931,Expressway,Clear,Dusk,41,Male,Auto,77,No,No,No,Over Speeding,Medium,2.0
ACC22148,24-06-2023,14:24,Kerala,Thiruvananthapuram,10.1031,76.4394,National Highway,Clear,Day,32,Female,Auto,60,No,No,No,Signal Jumping,Low,3.0
ACC22149,16-03-2023,01:23,Andhra Pradesh,Kurnool,15.665,79.9417,State Highway,Clear,Night,30,Female,Bike,66,No,No,No,Signal Jumping,Medium,3.0
ACC22150,01-09-2023,23:13,Karnataka,Bengaluru Urban,15.114,75.6262,National Highway,Overcast,Night,45,Male,Truck,83,Yes,No,No,Drunk Driving,High,
ACC22151,13-03-2022,19:32,Andhra Pradesh,Visakhapatnam,16.0243,79.7542,City Road,Cloudy,Night,41,Female,Bike,33,No,No,No,Signal Jumping,Low,2.0
ACC22152,14-02-2023,18:56,Kerala,Kollam,10.9315,76.1041,City Road,Cloudy,Dusk,27,Male,Bike,26,No,No,No,Poor Weather Visibility,Low,1.0
ACC22153,26-02-2023,19:17,Tamil Nadu,Salem,11.2677,78.7665,Village Road,Cloudy,Night,28,Male,Auto,29,No,No,No,Poor Weather Visibility,Low,0.0
ACC22154,19-12-2023,14:12,Tamil Nadu,Madurai,11.5753,78.5342,City Road,Rainy,Day,33,Male,Bike,40,No,No,No,Poor Weather Visibility,Low,0.0
ACC22155,28-03-2023,14:14,Tamil Nadu,Salem,10.9641,79.173,National Highway,Rainy,Day,48,Male,Car,80,No,No,Yes,Poor Weather Visibility,High,3.0
ACC22156,23-11-2023,08:48,Karnataka,Mangaluru,15.0696,75.8711,Village Road,Cloudy,Day,23,Male,Car,27,No,Yes,No,Drowsy Driving,Low,0.0
ACC22157,29-09-2024,21:17,Telangana,Nizamabad,17.3551,79.5347,City Road,Overcast,Night,39,Male,Auto,50,No,No,No,Poor Weather Visibility,Low,1.0
ACC22158,23-01-2024,18:18,Karnataka,Bengaluru Urban,15.7107,76.3142,Village Road,Rainy,Dusk,30,Male,Truck,21,No,No,Yes,Poor Weather Visibility,Low,
ACC22159,09-01-2024,21:18,Telangana,Karimnagar,17.9715,78.1612,State Highway,Clear,Night,33,Male,Car,49,No,Yes,No,Drowsy Driving,Low,0.0
ACC22160,20-08-2022,00:43,Andhra Pradesh,Nellore,16.8927,79.7628,Expressway,Cloudy,Night,56,Female,Car,81,No,No,No,Over Speeding,Medium,3.0
ACC22161,06-03-2022,01:21,Andhra Pradesh,Kurnool,16.989,79.4082,City Road,Clear,Night,29,Male,Auto,42,No,Yes,No,Drowsy Driving,Low,0.0
ACC22162,05-02-2022,08:50,Andhra Pradesh,Guntur,16.3067,79.6131,Village Road,Rainy,Day,38,Male,Car,32,No,No,No,Poor Weather Visibility,Low,1.0
ACC22163,25-05-2023,19:51,Tamil Nadu,Tiruchirappalli,11.3917,78.9125,Village Road,Foggy,Night,22,Male,Bike,32,No,No,No,Poor Weather Visibility,Medium,3.0
ACC22164,19-05-2022,09:34,Telangana,Hyderabad,17.9725,78.2797,City Road,Clear,Day,58,Male,Bike,56,No,No,No,Signal Jumping,Low,1.0
ACC22165,24-11-2024,06:29,Karnataka,Bengaluru Urban,15.3411,75.8536,Village Road,Clear,Day,39,Male,Bike,26,No,No,Yes,Pothole/Bad Road,Low,0.0
ACC22166,23-01-2022,12:24,Telangana,Khammam,17.7276,78.8329,State Highway,Clear,Day,30,Male,Auto,59,Yes,No,No,Drunk Driving,Medium,3.0
ACC22167,08-12-2023,14:22,Tamil Nadu,Coimbatore,11.0181,77.8263,National Highway,Rainy,Day,28,Female,Car,78,No,No,No,Poor Weather Visibility,Medium,1.0
ACC22168,27-12-2024,19:01,Tamil Nadu,Coimbatore,10.9098,78.859,City Road,Overcast,Night,36,Male,Bike,58,Yes,No,Yes,Drunk Driving,High,2.0
ACC22169,05-04-2022,17:15,Tamil Nadu,Tiruchirappalli,11.4342,79.0097,State Highway,Cloudy,Dusk,18,Female,Bike,76,No,No,No,Over Speeding,Medium,3.0
ACC22170,23-05-2022,05:27,Andhra Pradesh,Kurnool,15.7876,79.84,City Road,Rainy,Dawn,49,Male,Bike,44,No,No,No,Poor Weather Visibility,Low,1.0
ACC22171,31-03-2023,19:56,Tamil Nadu,Salem,11.0953,78.1877,City Road,Overcast,Night,18,Male,Car,63,Yes,No,No,Drunk Driving,Medium,4.0
ACC22172,25-09-2023,18:44,Karnataka,Mangaluru,15.2686,75.3699,State Highway,Rainy,Dusk,75,Male,Truck,74,No,No,No,Poor Weather Visibility,Medium,3.0
ACC22173,03-09-2023,03:18,Kerala,Thrissur,9.7072,76.6731,State Highway,Rainy,Night,33,Male,Bike,66,Yes,No,No,Poor Weather Visibility,High,4.0
ACC22174,13-11-2022,02:09,Kerala,Thrissur,10.3807,76.0112,State Highway,Cloudy,Night,18,Male,Car,85,Yes,Yes,No,Drunk Driving,High,3.0
ACC22175,28-07-2023,13:43,Karnataka,Hubballi,15.6699,75.8472,National Highway,Clear,Day,53,Male,Car,74,No,Yes,No,Drowsy Driving,Medium,2.0
ACC22176,24-12-2022,07:43,Telangana,Hyderabad,17.7631,78.9092,City Road,Clear,Day,44,Female,Bike,50,No,No,No,Poor Weather Visibility,Low,0.0
ACC22177,07-11-2023,13:39,Karnataka,Mysuru,15.753,76.0811,City Road,Clear,Day,33,Male,Bike,53,No,No,No,Signal Jumping,Low,0.0
ACC22178,14-07-2023,00:47,Tamil Nadu,Salem,11.1572,79.0028,State Highway,Clear,Night,22,Male,Bus,73,Yes,No,No,Drunk Driving,High,1.0
ACC22179,08-05-2024,17:46,Kerala,Thiruvananthapuram,10.7895,76.2882,National Highway,Clear,Dusk,22,Female,Auto,58,No,No,No,Poor Weather Visibility,Medium,3.0
ACC22180,14-02-2024,07:14,Tamil Nadu,Tiruchirappalli,11.4389,78.371,City Road,Cloudy,Day,18,Male,Car,36,No,No,No,Poor Weather Visibility,Low,1.0
ACC22181,01-07-2023,01:38,Andhra Pradesh,Nellore,15.7823,79.607,City Road,Rainy,Night,31,Male,Bike,29,No,No,No,Poor Weather Visibility,Low,0.0
ACC22182,07-04-2024,21:39,Tamil Nadu,Coimbatore,11.1103,79.2991,State Highway,Clear,Night,33,Female,Auto,67,No,No,No,Signal Jumping,Medium,5.0
ACC22183,19-01-2024,06:40,Telangana,Karimnagar,17.5984,78.6869,City Road,Overcast,Day,32,Male,Car,40,Yes,No,No,Drunk Driving,Low,2.0
ACC22184,25-02-2023,20:19,Tamil Nadu,Tiruchirappalli,10.7605,78.8226,State Highway,Clear,Night,43,Male,Auto,56,No,No,No,Signal Jumping,Low,1.0
ACC22185,07-10-2022,01:15,Karnataka,Mangaluru,15.1346,75.8607,National Highway,Cloudy,Night,20,Male,Auto,77,No,No,Yes,Signal Jumping,High,2.0
ACC22186,18-04-2022,06:51,Tamil Nadu,Tiruchirappalli,10.7873,78.6919,Village Road,Cloudy,Day,25,Male,Car,40,No,No,Yes,Pothole/Bad Road,Low,0.0
ACC22187,08-10-2024,14:22,Kerala,Kollam,10.864,76.2515,City Road,Overcast,Day,65,Male,Bike,35,No,No,No,Poor Weather Visibility,Low,0.0
ACC22188,31-05-2023,00:35,Karnataka,Belagavi,15.6226,75.316,State Highway,Clear,Night,28,Male,Bike,60,Yes,Yes,No,Drunk Driving,Medium,4.0
ACC22189,03-04-2023,20:42,Karnataka,Belagavi,15.6024,75.4039,Village Road,Rainy,Night,37,Male,Car,72,No,Yes,Yes,Poor Weather Visibility,High,7.0
ACC22190,07-11-2023,09:03,Karnataka,Hubballi,15.7267,75.8677,Village Road,Clear,Day,41,Male,Car,45,No,No,No,Poor Weather Visibility,Low,0.0
ACC22191,02-04-2024,19:40,Kerala,Kollam,10.1572,76.6888,Village Road,Clear,Night,35,Male,Bike,25,No,No,No,Signal Jumping,Low,1.0
ACC22192,30-01-2022,17:10,Karnataka,Mysuru,15.3604,76.0053,National Highway,Cloudy,Dusk,51,Female,Car,65,No,No,No,Poor Weather Visibility,Medium,2.0
ACC22193,25-02-2024,03:43,Karnataka,Bengaluru Urban,15.3209,75.5599,City Road,Rainy,Night,40,Male,Bike,49,Yes,Yes,No,Poor Weather Visibility,High,5.0
ACC22194,05-03-2023,16:21,Karnataka,Mysuru,15.2408,75.3122,National Highway,Clear,Day,31,Male,Car,57,No,No,No,Signal Jumping,Medium,4.0
ACC22195,10-07-2024,23:47,Tamil Nadu,Tiruchirappalli,11.308,79.2523,State Highway,Rainy,Night,53,Male,Auto,58,No,Yes,No,Poor Weather Visibility,High,6.0
ACC22196,23-01-2022,17:35,Andhra Pradesh,Vijayawada,16.5603,79.4066,City Road,Clear,Dusk,28,Male,Truck,57,No,No,No,Poor Weather Visibility,Low,1.0
ACC22197,23-09-2022,13:29,Telangana,Karimnagar,17.6371,79.3617,State Highway,Clear,Day,18,Male,Bike,47,No,No,No,Signal Jumping,Low,1.0
ACC22198,14-09-2022,21:36,Telangana,Hyderabad,18.0601,79.1111,National Highway,Cloudy,Night,36,Male,Bike,60,No,Yes,No,Drowsy Driving,Medium,5.0
ACC22199,13-05-2024,08:53,Puducherry,Karaikal,11.9666,80.1885,National Highway,Clear,Day,60,Male,Bus,60,No,No,No,Over Speeding,Low,0.0
ACC22200,07-09-2024,20:40,Tamil Nadu,Chennai,11.2675,78.3397,Village Road,Clear,Night,49,Female,Bike,64,No,Yes,No,Drowsy Driving,Medium,3.0
ACC22201,15-05-2024,04:56,Andhra Pradesh,Kurnool,16.7847,79.7925,National Highway,Overcast,Night,36,Male,Bike,71,No,No,No,Poor Weather Visibility,Medium,2.0
ACC22202,29-07-2023,15:10,Tamil Nadu,Madurai,11.2878,78.7354,City Road,Rainy,Day,27,Male,Auto,18,No,No,No,Poor Weather Visibility,Low,3.0
ACC22203,30-11-2023,16:16,Telangana,Khammam,18.0746,79.2892,Village Road,Rainy,Day,23,Female,Car,41,No,No,Yes,Poor Weather Visibility,Low,2.0
ACC22204,08-11-2024,09:31,Telangana,Khammam,18.3659,80.2291,Village Road,Cloudy,Day,44,Male,Bike,51,No,No,No,Poor Weather Visibility,Low,3.0
ACC22205,23-08-2022,12:54,Kerala,Ernakulam,10.9639,76.8685,Village Road,Cloudy,Day,37,Female,Auto,31,No,Yes,No,Drowsy Driving,Low,1.0