Accident_ID,Date,Time,State,District,Latitude,Longitude,Road_Type,Weather,Light_Condition,Driver_Age,Driver_Gender,Vehicle_Type,Speed_kmph,Alcohol_Involved,Driver_Drowsy,Pothole_Involved,Cause_of_Accident,Severity,Casualties
ACC22206,03-12-2024,16:03,Puducherry,Karaikal,11.7331,79.6725,National Highway,Rainy,Day,37,Male,Auto,64,No,No,No,Poor Weather Visibility,Medium,2.0
ACC22207,16-02-2024,12:25,Kerala,Kollam,9.8567,76.6652,City Road,Foggy,Day,18,Male,Bike,27,No,No,No,Poor Weather Visibility,Low,1.0
ACC22208,21-08-2023,14:36,Kerala,Ernakulam,10.7732,76.8265,City Road,Clear,Day,42,Male,Bike,54,Yes,No,No,Drunk Driving,Low,1.0
ACC22209,31-10-2022,21:05,Karnataka,Hubballi,15.5309,75.8503,City Road,Cloudy,Night,38,Male,Bike,70,Yes,Yes,Yes,Drunk Driving,High,9.0
ACC22210,15-02-2023,15:35,Telangana,Karimnagar,17.8142,79.2633,Village Road,Cloudy,Day,36,Female,Car,32,No,No,No,Poor Weather Visibility,Low,0.0
ACC22211,02-05-2024,21:14,Kerala,Kollam,9.8719,76.2303,City Road,Clear,Night,36,Female,Bike,44,No,No,Yes,Pothole/Bad Road,Medium,8.0
ACC22212,21-12-2024,09:16,Kerala,Thrissur,10.4227,76.816,City Road,Rainy,Day,38,Male,Car,35,No,No,No,Poor Weather Visibility,Low,3.0
ACC22213,10-05-2024,17:18,Karnataka,Mysuru,14.6285,74.7523,Expressway,Overcast,Dusk,37,Male,Truck,86,No,No,No,Over Speeding,High,7.0
ACC22214,28-11-2022,15:28,Andhra Pradesh,Visakhapatnam,15.9376,79.5654,City Road,Rainy,Day,29,Male,Bike,54,No,No,Yes,Poor Weather Visibility,Medium,2.0
ACC22215,01-09-2022,07:26,Tamil Nadu,Tiruchirappalli,11.2078,78.1561,Village Road,Clear,Day,45,Male,Bike,37,No,No,No,Signal Jumping,Low,1.0
ACC22216,09-11-2022,15:33,Andhra Pradesh,Guntur,15.252,79.7159,City Road,Clear,Day,40,Male,Bus,39,No,No,No,Signal Jumping,Low,1.0
ACC22217,24-07-2024,21:24,Tamil Nadu,Chennai,12.1781,78.2256,State Highway,Clear,Night,31,Male,Bus,67,Yes,No,No,Drunk Driving,Medium,2.0
ACC22218,06-01-2022,09:40,Tamil Nadu,Chennai,11.3151,77.799,Village Road,Clear,Day,28,Male,Bus,54,No,Yes,No,Drowsy Driving,Medium,2.0
ACC22219,17-10-2023,19:43,Tamil Nadu,Madurai,10.8429,78.8905,City Road,Clear,Night,28,Male,Bus,46,No,No,No,Signal Jumping,Low,0.0
ACC22220,23-08-2022,15:27,Kerala,Kozhikode,10.4007,76.4383,Village Road,Clear,Day,33,Male,Car,44,No,No,No,Signal Jumping,Low,0.0
ACC22221,25-11-2023,06:32,Telangana,Karimnagar,17.8924,78.7899,City Road,Rainy,Day,25,Female,Car,62,No,No,No,Poor Weather Visibility,Low,1.0
ACC22222,18-02-2022,03:05,Tamil Nadu,Tiruchirappalli,11.5199,77.3115,City Road,Foggy,Night,30,Male,Bike,60,No,No,No,Poor Weather Visibility,Medium,3.0
ACC22223,06-08-2022,11:10,Tamil Nadu,Coimbatore,11.2588,78.2134,State Highway,Rainy,Day,42,Male,Car,63,No,No,No,Poor Weather Visibility,Medium,4.0
ACC22224,13-11-2022,18:19,Kerala,Kozhikode,10.4416,76.1831,Village Road,Foggy,Dusk,24,Male,Auto,36,No,No,No,Poor Weather Visibility,Low,0.0
ACC22225,13-05-2023,04:43,Tamil Nadu,Madurai,10.3945,78.4986,National Highway,Clear,Night,33,Male,Car,70,No,No,No,Over Speeding,Low,1.0
ACC22226,21-01-2024,10:20,Karnataka,Belagavi,14.7345,75.5067,National Highway,Rainy,Day,28,Male,Bike,79,No,No,No,Poor Weather Visibility,High,7.0
ACC22227,28-07-2023,07:08,Karnataka,Bengaluru Urban,15.054,75.7261,State Highway,Clear,Day,21,Male,Bike,51,No,No,No,Signal Jumping,Low,0.0
ACC22228,01-06-2022,12:50,Tamil Nadu,Madurai,10.9281,78.3013,Village Road,Cloudy,Day,18,Male,Auto,52,No,No,Yes,Pothole/Bad Road,Medium,3.0
ACC22229,06-04-2024,16:38,Telangana,Khammam,17.4069,78.9186,Village Road,Clear,Day,28,Female,Car,60,Yes,No,Yes,Drunk Driving,High,3.0
ACC22230,08-04-2023,08:11,Karnataka,Bengaluru Urban,15.4466,75.75,National Highway,Clear,Day,50,Male,Bike,57,No,No,No,Signal Jumping,Low,3.0
ACC22231,28-01-2024,12:03,Kerala,Thiruvananthapuram,10.2064,76.7914,City Road,Foggy,Day,28,Male,Auto,53,No,No,No,Poor Weather Visibility,Low,2.0
ACC22232,30-11-2022,08:01,Tamil Nadu,Salem,10.882,78.9347,National Highway,Clear,Day,49,Male,Bike,77,No,No,No,Over Speeding,Medium,3.0
ACC22233,26-12-2024,20:47,Puducherry,Karaikal,11.9709,79.4077,National Highway,Clear,Night,31,Male,Bus,87,No,Yes,No,Over Speeding,High,6.0
ACC22234,24-08-2024,00:47,Tamil Nadu,Coimbatore,10.9913,78.4654,State Highway,Overcast,Night,44,Male,Bike,51,No,No,No,Poor Weather Visibility,Medium,3.0
ACC22235,24-03-2022,19:24,Kerala,Thrissur,9.142,76.3362,National Highway,Cloudy,Night,30,Male,Bike,76,No,Yes,No,Drowsy Driving,High,3.0
ACC22236,15-01-2022,19:13,Tamil Nadu,Salem,10.3364,78.7781,National Highway,Cloudy,Night,42,Male,Truck,85,Yes,Yes,No,Drunk Driving,High,9.0
ACC22237,23-03-2023,17:13,Tamil Nadu,Salem,11.3006,78.5607,Expressway,Clear,Dusk,48,Female,Bike,72,No,No,No,Over Speeding,Medium,2.0
ACC22238,21-07-2022,16:16,Tamil Nadu,Madurai,10.6434,78.9403,National Highway,Clear,Day,47,Male,Car,74,No,No,Yes,Pothole/Bad Road,High,5.0
ACC22239,19-05-2024,18:46,Karnataka,Mysuru,15.3465,75.8547,National Highway,Clear,Dusk,24,Male,Bike,50,No,No,No,Signal Jumping,Low,1.0
ACC22240,11-05-2024,19:10,Tamil Nadu,Salem,11.0542,78.2945,City Road,Clear,Night,30,Male,Truck,59,Yes,No,No,Drunk Driving,Medium,2.0
ACC22241,15-07-2024,17:06,Kerala,Thiruvananthapuram,9.8545,76.4002,Village Road,Cloudy,Dusk,53,Female,Bike,35,No,No,No,Poor Weather Visibility,Low,0.0
ACC22242,14-06-2023,20:33,Kerala,Ernakulam,10.5402,75.8096,Village Road,Cloudy,Night,56,Male,Truck,52,Yes,Yes,No,Drunk Driving,Medium,5.0
ACC22243,02-01-2024,00:34,Tamil Nadu,Chennai,11.1045,79.6135,Village Road,Clear,Night,31,Male,Bike,47,Yes,Yes,No,Drunk Driving,Medium,4.0
ACC22244,27-06-2022,19:36,Andhra Pradesh,Guntur,16.4923,79.9771,State Highway,Clear,Night,28,Male,Bus,67,No,No,No,Over Speeding,Medium,3.0
ACC22245,30-04-2024,20:52,Tamil Nadu,Salem,11.2505,78.916,State Highway,Overcast,Night,29,Male,Truck,51,No,No,Yes,Pothole/Bad Road,Low,0.0
ACC22246,13-03-2023,18:31,Kerala,Kozhikode,10.2329,76.4242,Expressway,Foggy,Dusk,33,Male,Car,78,No,No,No,Poor Weather Visibility,High,5.0
ACC22247,17-10-2023,05:57,Telangana,Khammam,18.0969,79.2534,City Road,Rainy,Dawn,46,Female,Bus,46,No,Yes,No,Poor Weather Visibility,Low,0.0
ACC22248,03-07-2023,22:42,Kerala,Kollam,10.7826,76.5277,Village Road,Rainy,Night,28,Female,Bike,36,Yes,No,Yes,Poor Weather Visibility,Medium,5.0
ACC22249,25-02-2022,08:11,Tamil Nadu,Coimbatore,10.9737,78.9278,Village Road,Clear,Day,33,Male,Car,24,No,No,No,Signal Jumping,Low,0.0
ACC22250,05-07-2023,15:02,Tamil Nadu,Tiruchirappalli,10.7958,78.4692,Expressway,Rainy,Day,41,Male,Bike,54,No,No,No,Poor Weather Visibility,Medium,0.0
ACC22251,01-07-2023,09:38,Tamil Nadu,Salem,11.1809,78.8477,State Highway,Rainy,Day,41,Male,Bus,64,No,No,No,Poor Weather Visibility,Low,1.0
ACC22252,30-03-2024,22:44,Tamil Nadu,Tiruchirappalli,11.1911,78.6748,City Road,Rainy,Night,20,Male,Auto,48,No,No,No,Poor Weather Visibility,Low,0.0
ACC22253,21-05-2023,18:16,Kerala,Kollam,10.3968,76.1378,Village Road,Cloudy,Dusk,35,Male,Bike,43,No,No,No,Poor Weather Visibility,Medium,3.0
ACC22254,22-10-2022,13:07,Telangana,Nizamabad,17.4579,78.8246,Village Road,Cloudy,Day,34,Male,Bike,61,No,No,No,Signal Jumping,Medium,3.0
ACC22255,21-04-2022,11:29,Karnataka,Mangaluru,15.054,75.7268,Village Road,Cloudy,Day,34,Male,Bike,37,No,No,Yes,Pothole/Bad Road,Medium,4.0
ACC22256,25-06-2024,05:06,Telangana,Hyderabad,18.213,79.7138,City Road,Cloudy,Dawn,55,Female,Bike,29,No,No,No,Poor Weather Visibility,Low,0.0
ACC22257,28-05-2024,21:44,Karnataka,Mysuru,14.7512,75.6169,Expressway,Cloudy,Night,50,Female,Car,86,No,No,Yes,Over Speeding,High,2.0
ACC22258,22-01-2022,15:33,Puducherry,Karaikal,11.7575,80.3626,Expressway,Cloudy,Day,29,Male,Bus,93,No,Yes,No,Over Speeding,High,0.0
ACC22259,28-02-2024,18:04,Karnataka,Bengaluru Urban,15.2868,75.8015,State Highway,Rainy,Dusk,43,Male,Car,94,Yes,No,No,Over Speeding,High,7.0
ACC22260,06-02-2024,00:12,Tamil Nadu,Salem,10.8205,78.134,National Highway,Rainy,Night,18,Female,Truck,74,No,Yes,Yes,Poor Weather Visibility,High,8.0
ACC22261,08-04-2023,17:54,Tamil Nadu,Coimbatore,11.3573,78.655,Village Road,Rainy,Dusk,59,Male,Bike,63,No,No,No,Poor Weather Visibility,Medium,1.0
ACC22262,17-03-2024,04:26,Tamil Nadu,Madurai,11.444,78.5503,National Highway,Cloudy,Night,49,Male,Car,82,No,Yes,No,Over Speeding,High,6.0
ACC22263,02-10-2024,19:37,Tamil Nadu,Coimbatore,10.6753,78.5461,Expressway,Rainy,Night,36,Male,Bike,87,No,No,No,Poor Weather Visibility,High,3.0
ACC22264,27-03-2022,10:59,Telangana,Warangal,17.7867,79.7054,State Highway,Clear,Day,28,Male,Bike,56,No,No,No,Poor Weather Visibility,Low,1.0
ACC22265,30-09-2023,01:37,Andhra Pradesh,Nellore,16.1373,80.0015,City Road,Rainy,Night,34,Male,Truck,45,No,No,No,Poor Weather Visibility,Medium,3.0
ACC22266,01-09-2022,22:30,Tamil Nadu,Salem,11.2009,78.509,National Highway,Clear,Night,60,Male,Truck,88,No,Yes,No,Over Speeding,High,5.0
ACC22267,12-05-2024,06:09,Kerala,Kozhikode,10.5365,75.6947,National Highway,Rainy,Day,25,Male,Bike,84,No,No,No,Poor Weather Visibility,High,2.0
ACC22268,27-08-2023,08:49,Kerala,Kollam,10.695,75.9622,National Highway,Clear,Day,32,Female,Bike,57,No,No,No,Signal Jumping,Low,0.0
ACC22269,07-07-2023,17:41,Tamil Nadu,Tiruchirappalli,11.3674,78.5097,City Road,Clear,Dusk,40,Male,Auto,41,No,No,No,Poor Weather Visibility,Low,1.0
ACC22270,20-10-2022,06:36,Puducherry,Puducherry,12.5731,79.4894,Expressway,Clear,Day,45,Male,Bike,48,No,No,No,Poor Weather Visibility,Low,1.0
ACC22271,16-02-2023,13:21,Tamil Nadu,Coimbatore,10.6688,79.792,National Highway,Clear,Day,49,Male,Bike,47,No,No,No,Poor Weather Visibility,Low,1.0
ACC22272,28-09-2022,17:49,Kerala,Kozhikode,10.5496,76.2628,National Highway,Cloudy,Dusk,61,Male,Bike,59,No,No,No,Poor Weather Visibility,Medium,4.0
ACC22273,25-10-2024,01:21,Karnataka,Mangaluru,15.3806,76.3731,City Road,Foggy,Night,44,Female,Bike,66,No,Yes,No,Poor Weather Visibility,High,12.0
ACC22274,23-07-2022,14:15,Kerala,Kozhikode,10.2792,75.74,National Highway,Rainy,Day,43,Female,Bike,85,No,No,No,Poor Weather Visibility,High,5.0
ACC22275,27-01-2023,14:11,Puducherry,Puducherry,12.0092,79.65,State Highway,Clear,Day,31,Female,Bike,70,No,No,No,Over Speeding,Low,2.0
ACC22276,26-12-2023,14:17,Andhra Pradesh,Guntur,16.8018,79.8129,National Highway,Clear,Day,40,Male,Bike,57,No,No,No,Signal Jumping,Medium,2.0
ACC22277,30-01-2024,08:03,Tamil Nadu,Madurai,10.8867,79.1396,City Road,Overcast,Day,29,Female,Car,66,No,No,No,Poor Weather Visibility,Low,1.0
ACC22278,27-10-2022,20:15,Andhra Pradesh,Guntur,15.7417,79.8176,Expressway,Cloudy,Night,41,Male,Bike,90,No,Yes,No,Over Speeding,High,9.0
ACC22279,20-05-2022,17:13,Kerala,Thrissur,10.7264,77.2432,City Road,Clear,Dusk,48,Female,Truck,57,No,No,No,Poor Weather Visibility,Low,1.0
ACC22280,17-06-2023,12:46,Tamil Nadu,Chennai,10.4547,77.922,Expressway,Clear,Day,32,Female,Bike,81,No,No,No,Over Speeding,Low,0.0
ACC22281,19-09-2024,13:40,Kerala,Kollam,10.0435,76.8649,Village Road,Clear,Day,35,Female,Bike,45,No,No,No,Poor Weather Visibility,Low,5.0
ACC22282,06-09-2024,19:49,Tamil Nadu,Coimbatore,11.5754,78.2184,Expressway,Foggy,Night,41,Male,Bus,118,Yes,Yes,No,Over Speeding,High,4.0
ACC22283,08-03-2024,09:28,Telangana,Karimnagar,17.8563,79.1089,National Highway,Rainy,Day,41,Male,Auto,58,No,Yes,Yes,Poor Weather Visibility,High,4.0
ACC22284,21-12-2024,13:40,Karnataka,Belagavi,16.0899,75.9101,National Highway,Clear,Day,26,Male,Bike,68,No,No,Yes,Pothole/Bad Road,Medium,2.0
ACC22285,03-12-2023,06:50,Tamil Nadu,Coimbatore,11.3986,78.373,National Highway,Clear,Day,45,Female,Bike,48,No,No,No,Poor Weather Visibility,Low,2.0
ACC22286,23-03-2022,16:43,Telangana,Hyderabad,17.6902,78.9034,National Highway,Clear,Day,53,Female,Bike,46,No,No,No,Signal Jumping,Low,0.0
ACC22287,25-04-2023,20:08,Tamil Nadu,Salem,11.3637,79.0215,City Road,Rainy,Night,33,Female,Car,42,No,No,Yes,Poor Weather Visibility,Medium,4.0
ACC22288,07-10-2022,19:24,Andhra Pradesh,Kurnool,16.0872,79.8447,City Road,Clear,Night,50,Female,Bike,50,No,No,No,Poor Weather Visibility,Medium,1.0
ACC22289,20-12-2023,13:04,Telangana,Karimnagar,17.8179,79.1344,Village Road,Cloudy,Day,33,Female,Bike,40,No,No,No,Poor Weather Visibility,Low,0.0
ACC22290,28-03-2024,07:58,Andhra Pradesh,Vijayawada,15.2948,79.9933,State Highway,Cloudy,Day,22,Male,Truck,55,Yes,No,No,Drunk Driving,Low,2.0
ACC22291,15-07-2022,16:03,Telangana,Karimnagar,18.2832,78.8262,National Highway,Cloudy,Day,32,Male,Car,59,No,No,No,Poor Weather Visibility,Medium,5.0
ACC22292,27-05-2023,21:08,Karnataka,Mangaluru,14.8712,75.5717,State Highway,Cloudy,Night,45,Male,Car,53,No,No,No,Poor Weather Visibility,Medium,
ACC22293,23-11-2024,22:31,Karnataka,Hubballi,15.1392,75.7908,National Highway,Foggy,Night,39,Male,Car,74,Yes,No,No,Poor Weather Visibility,High,7.0
ACC22294,25-12-2023,17:53,Andhra Pradesh,Kurnool,16.2743,79.8059,Village Road,Cloudy,Dusk,63,Male,Car,43,No,No,No,Poor Weather Visibility,Low,0.0
ACC22295,16-03-2024,09:05,Tamil Nadu,Madurai,11.1435,78.1707,City Road,Cloudy,Day,19,Male,Bike,35,No,No,No,Poor Weather Visibility,Low,0.0
ACC22296,05-02-2022,20:32,Puducherry,Karaikal,11.815,79.1737,Village Road,Clear,Night,54,Male,Bus,59,Yes,No,Yes,Drunk Driving,Medium,3.0
ACC22297,06-06-2024,22:09,Andhra Pradesh,Nellore,15.8338,79.3003,City Road,Cloudy,Night,20,Male,Car,63,No,No,No,Poor Weather Visibility,Medium,6.0
ACC22298,01-09-2022,17:35,Andhra Pradesh,Vijayawada,15.7613,79.303,State Highway,Cloudy,Dusk,26,Male,Auto,69,Yes,No,No,Drunk Driving,High,5.0
ACC22299,02-08-2024,18:37,Kerala,Ernakulam,10.7359,76.3389,State Highway,Clear,Dusk,26,Female,Car,68,No,No,No,Over Speeding,Low,1.0
ACC22300,03-01-2022,20:17,Kerala,Thrissur,9.9255,76.6664,National Highway,Rainy,Night,18,Male,Bike,64,No,Yes,No,Poor Weather Visibility,High,4.0
ACC22301,17-04-2023,21:47,Tamil Nadu,Chennai,11.1063,77.5089,State Highway,Clear,Night,45,Male,Car,62,No,No,Yes,Pothole/Bad Road,Low,
ACC22302,16-03-2022,20:58,Tamil Nadu,Salem,11.3378,78.6636,National Highway,Cloudy,Night,18,Female,Auto,75,Yes,No,No,Drunk Driving,High,8.0
ACC22303,08-09-2022,17:42,Karnataka,Bengaluru Urban,15.3069,75.6014,National Highway,Clear,Dusk,53,Male,Auto,70,No,No,No,Over Speeding,Medium,4.0
ACC22304,17-09-2022,15:34,Tamil Nadu,Tiruchirappalli,11.5807,78.284,City Road,Clear,Day,29,Male,Auto,51,No,Yes,No,Signal Jumping,Low,4.0
ACC22305,21-02-2023,13:51,Andhra Pradesh,Guntur,16.4738,79.5239,National Highway,Clear,Day,25,Male,Car,92,No,No,No,Over Speeding,Medium,0.0
ACC22306,25-07-2022,03:45,Tamil Nadu,Tiruchirappalli,11.544,78.8888,State Highway,Overcast,Night,39,Male,Auto,45,No,No,No,Poor Weather Visibility,Low,0.0
ACC22307,18-05-2023,11:39,Telangana,Warangal,17.7147,79.4662,City Road,Overcast,Day,42,Female,Auto,36,No,No,No,Poor Weather Visibility,Low,
ACC22308,20-08-2024,17:34,Tamil Nadu,Chennai,11.5962,78.7883,National Highway,Rainy,Dusk,65,Male,Bike,70,No,No,Yes,Poor Weather Visibility,Medium,4.0
ACC22309,22-09-2024,09:18,Karnataka,Hubballi,15.5441,75.9187,City Road,Clear,Day,28,Female,Bike,41,No,No,Yes,Pothole/Bad Road,Low,1.0
ACC22310,07-11-2024,06:24,Telangana,Khammam,17.7896,79.1808,State Highway,Clear,Day,47,Male,Auto,83,Yes,No,No,Drunk Driving,Medium,3.0
ACC22311,07-10-2023,22:10,Andhra Pradesh,Guntur,15.9918,79.5531,National Highway,Cloudy,Night,18,Male,Bike,61,No,No,Yes,Pothole/Bad Road,High,6.0
ACC22312,22-03-2023,13:52,Karnataka,Belagavi,15.6398,76.2505,National Highway,Rainy,Day,52,Male,Car,57,No,No,Yes,Poor Weather Visibility,Medium,5.0
ACC22313,27-02-2022,09:07,Andhra Pradesh,Kurnool,16.0175,79.6084,City Road,Clear,Day,42,Male,Bike,51,No,No,No,Signal Jumping,Low,1.0
ACC22314,22-03-2024,08:07,Karnataka,Belagavi,15.6415,76.5675,National Highway,Clear,Day,24,Female,Bike,81,No,No,No,Over Speeding,Medium,5.0
ACC22315,08-01-2024,16:32,Tamil Nadu,Coimbatore,11.3636,77.949,State Highway,Foggy,Day,18,Male,Car,77,No,No,No,Poor Weather Visibility,High,6.0
ACC22316,21-02-2023,22:27,Puducherry,Karaikal,12.2753,79.7239,Expressway,Cloudy,Night,67,Male,Car,68,No,No,No,Poor Weather Visibility,Medium,2.0
ACC22317,21-01-2023,18:20,Telangana,Khammam,17.8255,79.3187,Expressway,Cloudy,Dusk,36,Female,Car,95,No,No,No,Over Speeding,High,5.0
ACC22318,16-09-2022,15:18,Andhra Pradesh,Nellore,15.9009,79.7843,City Road,Clear,Day,35,Male,Bike,56,No,No,No,Poor Weather Visibility,Low,0.0
ACC22319,02-06-2023,15:35,Karnataka,Hubballi,15.2683,75.6073,State Highway,Overcast,Day,40,Female,Bike,60,No,No,No,Poor Weather Visibility,Medium,3.0
ACC22320,20-12-2024,15:26,Kerala,Thrissur,10.1148,76.3912,Expressway,Clear,Day,18,Male,Bike,75,No,No,No,Over Speeding,Medium,1.0
ACC22321,21-07-2022,13:19,Tamil Nadu,Chennai,11.0141,79.1915,Village Road,Clear,Day,25,Male,Car,57,No,No,No,Signal Jumping,Low,0.0
ACC22322,27-02-2022,14:07,Tamil Nadu,Tiruchirappalli,11.1594,78.5458,National Highway,Clear,Day,29,Male,Car,68,No,No,No,Over Speeding,Medium,3.0
ACC22323,14-01-2022,12:47,Telangana,Warangal,17.4635,79.4135,City Road,Clear,Day,27,Male,Car,34,No,No,No,Signal Jumping,Low,0.0
ACC22324,10-11-2023,20:09,Karnataka,Belagavi,14.5655,75.516,City Road,Cloudy,Night,36,Female,Bus,36,No,No,No,Poor Weather Visibility,Low,1.0
ACC22325,16-05-2022,18:26,Tamil Nadu,Madurai,11.4251,78.8227,City Road,Clear,Dusk,28,Male,Truck,34,No,No,Yes,Pothole/Bad Road,Low,1.0
ACC22326,03-07-2024,17:44,Telangana,Hyderabad,18.2246,78.3135,City Road,Cloudy,Dusk,46,Female,Car,42,No,No,No,Poor Weather Visibility,Low,3.0
ACC22327,16-09-2024,07:55,Kerala,Ernakulam,10.081,76.7095,Village Road,Overcast,Day,26,Male,Car,58,No,No,Yes,Signal Jumping,Medium,5.0
ACC22328,21-12-2022,21:25,Andhra Pradesh,Vijayawada,15.8332,79.2287,Village Road,Clear,Night,45,Male,Bike,65,Yes,No,Yes,Drunk Driving,High,7.0
ACC22329,09-07-2022,13:31,Tamil Nadu,Salem,11.1459,78.8285,City Road,Clear,Day,24,Male,Auto,63,No,No,No,Over Speeding,Low,2.0
ACC22330,10-04-2022,18:06,Karnataka,Belagavi,15.6451,75.2598,Village Road,Rainy,Dusk,41,Male,Bus,57,Yes,Yes,Yes,Poor Weather Visibility,High,7.0
ACC22331,13-07-2024,20:38,Karnataka,Bengaluru Urban,16.2025,76.1368,City Road,Cloudy,Night,18,Male,Truck,64,No,No,No,Signal Jumping,Medium,4.0
ACC22332,30-09-2024,19:48,Karnataka,Bengaluru Urban,15.1642,75.96,National Highway,Cloudy,Night,50,Male,Bike,73,No,No,No,Over Speeding,High,4.0
ACC22333,25-05-2022,18:36,Tamil Nadu,Madurai,10.7804,79.0544,Village Road,Cloudy,Dusk,28,Female,Bike,38,No,No,Yes,Pothole/Bad Road,Low,3.0
ACC22334,19-06-2023,15:32,Telangana,Hyderabad,17.8811,78.8196,City Road,Cloudy,Day,47,Male,Auto,49,Yes,No,Yes,Drunk Driving,Medium,1.0
ACC22335,20-05-2023,20:23,Andhra Pradesh,Guntur,15.6744,79.6495,City Road,Clear,Night,43,Male,Auto,46,No,No,No,Poor Weather Visibility,Low,0.0
ACC22336,24-02-2023,17:45,Kerala,Ernakulam,10.7704,76.0316,Village Road,Cloudy,Dusk,40,Male,Car,31,No,No,Yes,Pothole/Bad Road,Low,1.0
ACC22337,06-04-2024,17:29,Karnataka,Mysuru,16.4898,76.2298,Village Road,Cloudy,Dusk,25,Female,Car,62,Yes,No,No,Drunk Driving,High,2.0
ACC22338,26-12-2023,14:24,Andhra Pradesh,Vijayawada,15.8603,79.6025,Village Road,Foggy,Day,22,Male,Bike,50,Yes,Yes,No,Poor Weather Visibility,High,1.0
ACC22339,03-01-2023,16:47,Karnataka,Mangaluru,14.8574,75.4833,City Road,Foggy,Day,35,Male,Bike,55,No,Yes,No,Poor Weather Visibility,Medium,3.0
ACC22340,10-08-2023,14:24,Tamil Nadu,Madurai,10.8842,78.7511,Expressway,Clear,Day,41,Female,Bike,77,No,No,No,Over Speeding,Medium,3.0
ACC22341,25-04-2022,06:38,Andhra Pradesh,Kurnool,16.208,80.0876,State Highway,Cloudy,Day,60,Female,Car,47,No,No,No,Poor Weather Visibility,Low,0.0
ACC22342,12-05-2022,13:22,Andhra Pradesh,Visakhapatnam,16.682,79.7655,National Highway,Rainy,Day,40,Male,Bike,69,No,No,No,Poor Weather Visibility,Medium,3.0
ACC22343,13-03-2024,08:31,Puducherry,Karaikal,11.706,79.3073,National Highway,Cloudy,Day,27,Male,Bus,86,No,No,No,Over Speeding,Medium,1.0
ACC22344,18-09-2023,20:30,Telangana,Khammam,17.9912,79.1811,City Road,Clear,Night,32,Female,Car,50,No,No,No,Signal Jumping,Low,0.0
ACC22345,28-06-2022,13:15,Tamil Nadu,Chennai,11.2946,78.4214,National Highway,Foggy,Day,55,Female,Car,50,No,No,No,Poor Weather Visibility,Low,0.0
ACC22346,04-11-2023,19:00,Karnataka,Hubballi,15.5214,75.7832,Village Road,Cloudy,Night,18,Male,Car,43,No,No,No,Poor Weather Visibility,Low,2.0
ACC22347,06-10-2023,23:45,Tamil Nadu,Tiruchirappalli,10.7728,78.2371,Village Road,Rainy,Night,38,Male,Car,55,Yes,No,No,Poor Weather Visibility,Medium,3.0
ACC22348,28-07-2022,07:46,Tamil Nadu,Salem,11.2741,79.1208,City Road,Clear,Day,25,Male,Bus,65,Yes,Yes,Yes,Drunk Driving,Medium,1.0
ACC22349,30-11-2022,06:14,Kerala,Thrissur,10.6071,76.4414,Village Road,Clear,Day,35,Male,Bike,47,No,No,No,Signal Jumping,Low,3.0
ACC22350,08-04-2022,19:06,Tamil Nadu,Chennai,11.58,78.3067,City Road,Clear,Night,18,Male,Bus,36,No,No,No,Poor Weather Visibility,Low,1.0
ACC22351,03-03-2024,15:49,Tamil Nadu,Coimbatore,10.9056,78.142,State Highway,Clear,Day,44,Male,Bike,60,No,No,No,Signal Jumping,Medium,3.0
ACC22352,02-08-2022,15:47,Andhra Pradesh,Visakhapatnam,15.6616,79.355,National Highway,Rainy,Day,54,Female,Truck,72,No,Yes,No,Poor Weather Visibility,High,3.0
ACC22353,30-11-2023,09:42,Telangana,Warangal,18.1743,79.2228,State Highway,Clear,Day,18,Male,Bike,88,Yes,No,No,Over Speeding,Medium,3.0
ACC22354,21-06-2023,12:02,Telangana,Karimnagar,17.9731,79.1611,National Highway,Clear,Day,47,Female,Car,86,No,No,No,Over Speeding,Medium,3.0
ACC22355,11-12-2024,15:18,Tamil Nadu,Chennai,11.3703,78.2993,City Road,Rainy,Day,55,Female,Bike,59,Yes,No,No,Poor Weather Visibility,Medium,4.0
ACC22356,30-08-2022,19:46,Karnataka,Mysuru,15.245,75.8689,State Highway,Clear,Night,38,Male,Bike,52,Yes,Yes,No,Drunk Driving,Medium,3.0
ACC22357,03-01-2024,04:58,Tamil Nadu,Madurai,11.1119,78.6299,National Highway,Clear,Night,25,Male,Bus,77,Yes,No,No,Drunk Driving,High,7.0
ACC22358,29-03-2024,11:33,Karnataka,Mysuru,15.7453,75.8563,City Road,Rainy,Day,27,Male,Truck,37,No,No,No,Poor Weather Visibility,Low,1.0
ACC22359,18-06-2023,18:56,Telangana,Karimnagar,17.3361,78.4136,State Highway,Clear,Dusk,37,Female,Bike,58,No,No,No,Signal Jumping,Low,0.0
ACC22360,27-04-2024,23:36,Tamil Nadu,Coimbatore,11.1275,78.7912,City Road,Cloudy,Night,18,Male,Auto,51,No,No,No,Poor Weather Visibility,Low,0.0
ACC22361,15-09-2024,06:38,Andhra Pradesh,Guntur,16.1493,80.0643,City Road,Foggy,Day,31,Female,Auto,40,No,No,No,Poor Weather Visibility,Low,2.0
ACC22362,20-11-2022,00:11,Kerala,Kozhikode,10.5811,76.3795,City Road,Rainy,Night,32,Male,Auto,46,No,No,No,Poor Weather Visibility,Low,0.0