Accident_ID,Date,Time,State,District,Latitude,Longitude,Road_Type,Weather,Light_Condition,Driver_Age,Driver_Gender,Vehicle_Type,Speed_kmph,Alcohol_Involved,Driver_Drowsy,Pothole_Involved,Cause_of_Accident,Severity,Casualties
ACC22363,30-06-2024,18:52,Kerala,Thiruvananthapuram,9.8929,76.0385,State Highway,Clear,Dusk,66,Male,Bus,53,No,No,Yes,Pothole/Bad Road,Low,0.0
ACC22364,11-06-2024,15:48,Telangana,Khammam,18.6253,78.184,Village Road,Clear,Day,40,Male,Car,20,No,No,No,Signal Jumping,Low,0.0
ACC22365,01-12-2024,17:27,Karnataka,Mangaluru,15.171,75.3985,Village Road,Overcast,Dusk,63,Male,Bike,63,No,No,No,Poor Weather Visibility,Medium,3.0
ACC22366,14-01-2022,19:38,Karnataka,Mysuru,15.5834,76.3265,Village Road,Foggy,Night,22,Male,Bike,17,No,No,No,Poor Weather Visibility,Low,1.0
ACC22367,08-10-2022,11:46,Andhra Pradesh,Guntur,14.9303,79.4519,Expressway,Rainy,Day,18,Male,Auto,64,No,No,No,Poor Weather Visibility,Medium,3.0
ACC22368,09-11-2022,18:55,Tamil Nadu,Salem,11.0335,78.6941,National Highway,Cloudy,Dusk,18,Female,Auto,87,No,No,No,Over Speeding,High,2.0
ACC22369,28-04-2023,18:01,Tamil Nadu,Coimbatore,10.1523,78.5277,Village Road,Cloudy,Dusk,39,Male,Bike,45,No,No,No,Poor Weather Visibility,Low,0.0
ACC22370,15-01-2023,06:01,Karnataka,Mysuru,14.5937,75.5323,City Road,Clear,Day,18,Male,Bike,26,No,No,No,Signal Jumping,Low,1.0
ACC22371,02-12-2022,21:18,Karnataka,Bengaluru Urban,15.6175,75.08,State Highway,Overcast,Night,46,Female,Bike,63,No,No,No,Poor Weather Visibility,Medium,6.0
ACC22372,08-02-2023,08:53,Karnataka,Hubballi,15.4434,75.4596,City Road,Clear,Day,57,Male,Bike,46,No,No,No,Signal Jumping,Low,2.0
ACC22373,01-01-2022,12:30,Karnataka,Belagavi,15.0606,75.6727,National Highway,Clear,Day,29,Male,Truck,73,No,No,No,Over Speeding,Low,1.0
ACC22374,26-08-2022,17:17,Telangana,Warangal,18.1324,78.8999,State Highway,Rainy,Dusk,34,Male,Auto,67,No,No,Yes,Poor Weather Visibility,Medium,3.0
ACC22375,14-02-2024,21:43,Karnataka,Mangaluru,14.8171,75.3032,National Highway,Rainy,Night,32,Female,Bike,50,No,No,No,Poor Weather Visibility,High,3.0
ACC22376,25-10-2023,08:57,Karnataka,Belagavi,15.2749,75.7029,National Highway,Rainy,Day,35,Male,Car,82,No,No,No,Poor Weather Visibility,High,5.0
ACC22377,02-10-2022,19:21,Telangana,Hyderabad,17.6414,78.8824,National Highway,Rainy,Night,30,Female,Bike,97,Yes,Yes,No,Over Speeding,High,12.0
ACC22378,08-05-2024,13:34,Telangana,Nizamabad,17.2395,79.5167,State Highway,Cloudy,Day,22,Male,Bike,49,No,No,No,Signal Jumping,Medium,
ACC22379,09-09-2023,14:49,Andhra Pradesh,Nellore,15.1936,78.8623,National Highway,Rainy,Day,33,Male,Auto,65,No,No,No,Poor Weather Visibility,Medium,3.0
ACC22380,09-04-2024,10:01,Puducherry,Puducherry,12.287,79.8548,City Road,Clear,Day,60,Male,Car,68,Yes,No,No,Drunk Driving,Medium,0.0
ACC22381,18-05-2023,12:04,Tamil Nadu,Coimbatore,11.3842,79.0175,National Highway,Clear,Day,56,Male,Auto,74,No,No,No,Signal Jumping,Medium,2.0
ACC22382,23-02-2022,16:25,Karnataka,Bengaluru Urban,14.8473,75.12,State Highway,Foggy,Day,22,Female,Car,49,No,No,No,Poor Weather Visibility,Medium,0.0
ACC22383,11-06-2023,17:55,Telangana,Hyderabad,17.0855,78.6573,National Highway,Overcast,Dusk,27,Male,Truck,81,No,Yes,No,Over Speeding,High,10.0
ACC22384,12-06-2023,08:55,Puducherry,Karaikal,11.8717,79.4536,Village Road,Clear,Day,50,Female,Car,61,No,No,Yes,Pothole/Bad Road,Low,1.0
ACC22385,27-11-2022,17:47,Tamil Nadu,Coimbatore,11.3951,78.4548,City Road,Clear,Dusk,52,Male,Bike,48,No,No,No,Signal Jumping,Low,0.0
ACC22386,05-02-2024,19:56,Andhra Pradesh,Visakhapatnam,15.9331,79.5349,National Highway,Rainy,Night,56,Male,Bike,86,Yes,No,No,Poor Weather Visibility,High,3.0
ACC22387,28-04-2023,17:37,Tamil Nadu,Chennai,10.517,79.1012,Village Road,Overcast,Dusk,52,Male,Car,54,No,No,Yes,Pothole/Bad Road,Medium,4.0
ACC22388,10-11-2023,08:16,Karnataka,Hubballi,14.8752,74.8823,Expressway,Clear,Day,51,Male,Car,73,No,No,No,Over Speeding,Medium,0.0
ACC22389,14-12-2024,20:25,Andhra Pradesh,Kurnool,15.6478,79.0542,State Highway,Clear,Night,46,Male,Bus,53,No,No,No,Signal Jumping,Low,1.0
ACC22390,21-12-2022,16:32,Andhra Pradesh,Guntur,15.351,80.1066,State Highway,Cloudy,Day,31,Male,Truck,66,No,No,No,Poor Weather Visibility,Low,3.0
ACC22391,20-11-2024,16:27,Tamil Nadu,Coimbatore,11.2659,78.8147,National Highway,Rainy,Day,34,Male,Car,93,No,No,No,Over Speeding,High,5.0
ACC22392,01-02-2024,19:51,Karnataka,Mangaluru,15.913,75.8066,State Highway,Clear,Night,21,Male,Auto,70,Yes,Yes,Yes,Drunk Driving,High,11.0
ACC22393,01-06-2023,13:34,Puducherry,Karaikal,11.8299,79.9223,National Highway,Foggy,Day,62,Male,Bike,88,Yes,No,Yes,Poor Weather Visibility,High,6.0
ACC22394,20-03-2023,07:49,Kerala,Kozhikode,10.3877,76.242,Village Road,Rainy,Day,31,Male,Bike,48,No,No,Yes,Poor Weather Visibility,Low,0.0
ACC22395,27-05-2023,14:03,Kerala,Thrissur,10.1469,76.5074,City Road,Rainy,Day,18,Male,Auto,53,No,Yes,Yes,Poor Weather Visibility,High,2.0
ACC22396,15-12-2022,12:22,Karnataka,Belagavi,15.5246,75.0251,National Highway,Rainy,Day,26,Female,Truck,63,No,No,No,Poor Weather Visibility,Low,0.0
ACC22397,08-06-2022,23:38,Karnataka,Bengaluru Urban,15.6617,75.6141,State Highway,Rainy,Night,24,Male,Car,59,No,No,No,Poor Weather Visibility,Medium,3.0
ACC22398,04-04-2024,13:31,Karnataka,Belagavi,15.7367,75.6742,State Highway,Clear,Day,18,Male,Car,62,No,No,No,Signal Jumping,Low,3.0
ACC22399,10-07-2023,05:58,Tamil Nadu,Chennai,11.2577,78.9834,Village Road,Overcast,Dawn,51,Male,Car,47,No,No,No,Poor Weather Visibility,Low,
ACC22400,30-08-2023,09:08,Karnataka,Belagavi,15.0717,75.9525,Village Road,Cloudy,Day,24,Male,Bus,40,No,Yes,No,Drowsy Driving,Low,0.0
ACC22401,21-12-2023,14:35,Kerala,Thrissur,10.9451,76.0868,City Road,Foggy,Day,39,Male,Car,43,No,No,No,Poor Weather Visibility,Low,0.0
ACC22402,10-03-2024,19:39,Kerala,Thiruvananthapuram,10.1082,75.3318,City Road,Rainy,Night,32,Female,Car,66,No,Yes,Yes,Poor Weather Visibility,High,6.0
ACC22403,03-08-2024,08:09,Kerala,Thrissur,9.8334,76.843,City Road,Rainy,Day,42,Male,Auto,57,No,No,Yes,Poor Weather Visibility,Medium,1.0
ACC22404,09-08-2023,10:54,Karnataka,Mysuru,15.4198,75.4559,Village Road,Clear,Day,37,Male,Car,23,No,No,Yes,Pothole/Bad Road,Low,0.0
ACC22405,26-01-2022,18:54,Karnataka,Belagavi,15.5839,76.0799,National Highway,Clear,Dusk,52,Male,Truck,72,No,No,No,Signal Jumping,Medium,0.0
ACC22406,17-09-2022,21:04,Telangana,Hyderabad,17.8488,79.309,Expressway,Clear,Night,32,Male,Truck,101,Yes,No,Yes,Over Speeding,High,4.0
ACC22407,07-05-2023,13:28,Telangana,Khammam,17.2004,79.341,Village Road,Cloudy,Day,23,Male,Auto,17,No,No,Yes,Pothole/Bad Road,Low,1.0
ACC22408,26-11-2023,17:08,Telangana,Warangal,17.8662,79.3687,City Road,Clear,Dusk,44,Male,Truck,60,Yes,No,Yes,Drunk Driving,Medium,3.0
ACC22409,13-06-2024,14:38,Tamil Nadu,Chennai,10.9006,79.3202,Village Road,Clear,Day,36,Male,Car,38,No,No,No,Poor Weather Visibility,Low,2.0
ACC22410,07-09-2024,19:23,Andhra Pradesh,Visakhapatnam,15.6448,80.1453,City Road,Rainy,Night,44,Male,Car,67,Yes,Yes,No,Poor Weather Visibility,High,8.0
ACC22411,01-04-2024,18:40,Andhra Pradesh,Nellore,16.0875,80.292,Village Road,Clear,Dusk,53,Male,Car,32,No,No,Yes,Pothole/Bad Road,Medium,0.0
ACC22412,08-03-2024,16:59,Karnataka,Mangaluru,13.8637,75.2092,Village Road,Clear,Day,42,Female,Bike,31,No,No,No,Poor Weather Visibility,Low,1.0
ACC22413,01-04-2023,10:41,Kerala,Ernakulam,10.3069,76.2633,City Road,Clear,Day,54,Male,Bike,33,No,No,Yes,Pothole/Bad Road,Low,0.0
ACC22414,19-07-2023,09:13,Telangana,Khammam,17.3766,79.2384,Village Road,Clear,Day,25,Male,Auto,38,Yes,No,No,Drunk Driving,Low,0.0
ACC22415,28-10-2022,11:48,Andhra Pradesh,Guntur,16.5569,79.9807,City Road,Cloudy,Day,47,Male,Car,46,No,Yes,Yes,Drowsy Driving,Medium,1.0
ACC22416,09-04-2022,17:23,Andhra Pradesh,Nellore,16.3312,79.5032,National Highway,Rainy,Dusk,38,Male,Truck,60,No,Yes,No,Poor Weather Visibility,Medium,2.0
ACC22417,07-02-2022,21:12,Tamil Nadu,Coimbatore,10.9482,79.0701,City Road,Clear,Night,22,Male,Car,34,No,No,Yes,Pothole/Bad Road,Low,4.0
ACC22418,22-08-2022,21:38,Tamil Nadu,Madurai,10.7218,78.5143,State Highway,Cloudy,Night,39,Male,Auto,80,Yes,Yes,No,Drunk Driving,High,8.0
ACC22419,16-02-2022,08:34,Andhra Pradesh,Vijayawada,15.7936,79.9082,City Road,Clear,Day,30,Male,Bike,68,Yes,No,No,Drunk Driving,Medium,1.0
ACC22420,30-12-2022,19:23,Kerala,Thiruvananthapuram,10.8615,75.9848,National Highway,Clear,Night,27,Male,Bus,92,Yes,Yes,No,Over Speeding,High,7.0
ACC22421,21-08-2022,00:43,Tamil Nadu,Chennai,11.0265,79.2364,State Highway,Foggy,Night,61,Male,Bike,64,No,No,No,Poor Weather Visibility,High,5.0
ACC22422,08-06-2022,19:12,Tamil Nadu,Madurai,11.3884,78.4293,Village Road,Clear,Night,73,Male,Car,38,No,No,Yes,Pothole/Bad Road,Low,0.0
ACC22423,08-06-2023,23:15,Tamil Nadu,Chennai,10.5592,78.7201,Expressway,Cloudy,Night,42,Female,Truck,90,No,No,No,Over Speeding,High,3.0
ACC22424,10-07-2022,11:37,Andhra Pradesh,Guntur,15.5507,79.3286,State Highway,Cloudy,Day,35,Male,Auto,75,No,Yes,Yes,Drowsy Driving,Medium,3.0
ACC22425,01-04-2022,21:19,Karnataka,Bengaluru Urban,15.1609,76.7452,State Highway,Clear,Night,48,Male,Bike,89,Yes,No,No,Over Speeding,High,9.0
ACC22426,30-03-2023,12:10,Andhra Pradesh,Guntur,15.8086,79.9648,State Highway,Rainy,Day,37,Male,Bike,65,No,No,No,Poor Weather Visibility,Medium,3.0
ACC22427,09-02-2023,13:07,Tamil Nadu,Coimbatore,11.2914,77.359,City Road,Clear,Day,28,Male,Bike,40,No,No,No,Poor Weather Visibility,Low,0.0
ACC22428,14-08-2022,10:53,Andhra Pradesh,Visakhapatnam,15.7351,79.1616,National Highway,Clear,Day,35,Male,Car,67,No,No,Yes,Pothole/Bad Road,Medium,5.0
ACC22429,17-01-2024,16:26,Tamil Nadu,Tiruchirappalli,10.9717,78.4268,National Highway,Overcast,Day,29,Female,Bus,63,No,No,No,Signal Jumping,Medium,4.0
ACC22430,19-05-2024,10:09,Telangana,Hyderabad,17.8093,78.2804,City Road,Cloudy,Day,60,Male,Car,50,No,No,No,Poor Weather Visibility,Low,1.0
ACC22431,10-08-2023,14:40,Karnataka,Mangaluru,15.4354,75.4289,State Highway,Clear,Day,59,Male,Car,41,No,No,No,Poor Weather Visibility,Low,2.0
ACC22432,06-07-2023,16:00,Tamil Nadu,Madurai,11.5678,78.1268,National Highway,Clear,Day,18,Male,Bike,43,No,No,No,Signal Jumping,Medium,2.0
ACC22433,13-03-2023,18:13,Telangana,Khammam,17.6868,77.8201,State Highway,Rainy,Dusk,36,Male,Bike,43,No,No,Yes,Poor Weather Visibility,Low,2.0
ACC22434,10-05-2023,07:39,Karnataka,Hubballi,14.7939,75.302,City Road,Rainy,Day,18,Male,Bike,55,No,No,No,Poor Weather Visibility,Medium,2.0
ACC22435,22-04-2022,21:52,Karnataka,Bengaluru Urban,15.0837,75.4531,National Highway,Clear,Night,64,Male,Auto,95,Yes,No,No,Over Speeding,High,5.0
ACC22436,22-04-2024,09:32,Tamil Nadu,Madurai,10.7183,79.1831,National Highway,Rainy,Day,25,Male,Bike,78,No,No,No,Poor Weather Visibility,Medium,4.0
ACC22437,05-03-2023,21:34,Tamil Nadu,Salem,11.2149,78.1193,National Highway,Cloudy,Night,61,Male,Auto,94,Yes,No,No,Over Speeding,High,7.0
ACC22438,19-07-2024,07:55,Karnataka,Mysuru,14.9248,76.2222,City Road,Cloudy,Day,47,Male,Bike,39,No,No,Yes,Pothole/Bad Road,Low,0.0
ACC22439,20-08-2024,17:14,Karnataka,Bengaluru Urban,16.0797,75.7193,National Highway,Clear,Dusk,34,Male,Truck,63,Yes,No,No,Drunk Driving,Medium,
ACC22440,31-12-2023,06:57,Kerala,Thrissur,10.0229,76.2156,National Highway,Clear,Day,53,Male,Bike,68,No,No,Yes,Pothole/Bad Road,Medium,4.0
ACC22441,07-01-2023,09:56,Karnataka,Hubballi,15.3246,75.1368,City Road,Clear,Day,50,Male,Car,45,No,No,No,Signal Jumping,Low,0.0
ACC22442,29-04-2022,10:08,Karnataka,Mysuru,15.1817,76.0424,City Road,Clear,Day,24,Male,Bike,62,Yes,No,No,Drunk Driving,Medium,3.0
ACC22443,17-10-2022,12:59,Tamil Nadu,Madurai,11.3067,78.753,Village Road,Overcast,Day,33,Male,Car,37,No,No,No,Poor Weather Visibility,Low,1.0
ACC22444,16-06-2024,20:16,Kerala,Ernakulam,10.3277,76.0832,Village Road,Rainy,Night,39,Male,Bus,54,No,No,Yes,Poor Weather Visibility,High,5.0
ACC22445,03-03-2023,18:58,Kerala,Thiruvananthapuram,10.6012,75.7716,State Highway,Overcast,Dusk,25,Male,Bike,71,No,No,No,Poor Weather Visibility,Medium,4.0
ACC22446,25-02-2024,12:22,Telangana,Warangal,18.0375,79.4707,Expressway,Rainy,Day,47,Male,Truck,76,No,No,No,Poor Weather Visibility,Low,3.0
ACC22447,18-10-2024,19:22,Andhra Pradesh,Kurnool,15.402,79.6328,Village Road,Rainy,Night,40,Female,Bike,50,Yes,No,Yes,Poor Weather Visibility,High,3.0
ACC22448,27-05-2022,03:26,Tamil Nadu,Tiruchirappalli,10.8565,78.4077,National Highway,Cloudy,Night,39,Male,Bike,73,No,No,Yes,Pothole/Bad Road,High,4.0
ACC22449,13-09-2023,15:34,Karnataka,Hubballi,14.8521,76.0443,National Highway,Cloudy,Day,38,Male,Bike,50,No,No,No,Poor Weather Visibility,Low,1.0
ACC22450,06-03-2022,16:06,Andhra Pradesh,Nellore,15.5652,80.2445,City Road,Cloudy,Day,34,Male,Car,43,No,No,No,Poor Weather Visibility,Low,0.0
ACC22451,14-06-2022,08:47,Andhra Pradesh,Visakhapatnam,15.9102,79.7134,Village Road,Clear,Day,23,Male,Car,53,No,No,Yes,Pothole/Bad Road,Low,0.0
ACC22452,01-08-2023,16:54,Tamil Nadu,Chennai,11.4294,78.5769,State Highway,Cloudy,Day,49,Male,Bus,72,No,No,Yes,Pothole/Bad Road,Low,2.0
ACC22453,25-08-2022,08:02,Tamil Nadu,Madurai,10.9201,78.3524,Village Road,Overcast,Day,24,Male,Bike,39,No,No,No,Poor Weather Visibility,Low,1.0
ACC22454,11-10-2024,12:11,Kerala,Thrissur,10.3291,76.52,National Highway,Clear,Day,49,Male,Car,66,No,No,No,Over Speeding,Low,
ACC22455,01-02-2023,18:27,Karnataka,Belagavi,15.0302,75.745,Village Road,Rainy,Dusk,36,Male,Bus,47,Yes,No,No,Poor Weather Visibility,Medium,3.0
ACC22456,25-11-2023,08:40,Tamil Nadu,Tiruchirappalli,11.2311,78.6795,National Highway,Clear,Day,51,Male,Bike,57,No,No,No,Signal Jumping,Low,1.0
ACC22457,15-04-2024,18:30,Karnataka,Bengaluru Urban,14.9343,75.251,City Road,Cloudy,Dusk,47,Male,Car,38,No,No,Yes,Pothole/Bad Road,Low,1.0
ACC22458,06-10-2022,17:24,Karnataka,Hubballi,15.5195,75.8125,City Road,Clear,Dusk,52,Male,Bus,30,No,No,No,Signal Jumping,Low,0.0
ACC22459,24-05-2023,12:03,Telangana,Hyderabad,18.3211,78.7699,Village Road,Overcast,Day,52,Female,Auto,15,No,No,No,Poor Weather Visibility,Low,0.0
ACC22460,02-11-2024,12:12,Karnataka,Mangaluru,15.7503,75.391,Expressway,Rainy,Day,34,Male,Bike,90,Yes,No,No,Over Speeding,High,7.0
ACC22461,07-12-2022,19:58,Telangana,Karimnagar,17.5715,79.0739,State Highway,Cloudy,Night,46,Male,Bike,75,No,No,No,Over Speeding,High,8.0
ACC22462,13-08-2022,17:45,Telangana,Karimnagar,18.1801,79.3014,Village Road,Cloudy,Dusk,44,Male,Bus,29,No,No,No,Poor Weather Visibility,Low,2.0
ACC22463,05-10-2022,09:31,Karnataka,Belagavi,14.8579,75.4085,State Highway,Rainy,Day,43,Female,Bike,58,No,No,No,Poor Weather Visibility,Medium,2.0
ACC22464,03-01-2023,10:50,Telangana,Hyderabad,17.6907,79.6827,Village Road,Cloudy,Day,18,Male,Bus,38,Yes,No,No,Drunk Driving,Low,1.0
ACC22465,02-03-2023,21:06,Tamil Nadu,Coimbatore,11.5246,78.9832,City Road,Cloudy,Night,37,Male,Car,71,Yes,No,No,Drunk Driving,Medium,3.0
ACC22466,17-05-2022,16:57,Karnataka,Belagavi,14.7942,75.0313,National Highway,Clear,Day,37,Male,Auto,76,No,No,No,Signal Jumping,Medium,3.0
ACC22467,08-12-2023,15:51,Tamil Nadu,Coimbatore,10.9406,78.3047,Village Road,Rainy,Day,37,Male,Bus,34,No,No,Yes,Poor Weather Visibility,Low,0.0
ACC22468,02-03-2022,07:47,Karnataka,Mysuru,15.5652,75.0232,Village Road,Clear,Day,21,Male,Bike,42,No,No,No,Poor Weather Visibility,Low,1.0
ACC22469,25-09-2023,23:17,Karnataka,Belagavi,14.2507,75.804,Village Road,Overcast,Night,31,Female,Car,49,Yes,Yes,Yes,Drunk Driving,High,7.0
ACC22470,04-03-2023,07:26,Andhra Pradesh,Guntur,16.4544,80.3012,City Road,Rainy,Day,49,Male,Auto,33,No,No,No,Poor Weather Visibility,Low,0.0
ACC22471,09-05-2024,21:18,Telangana,Hyderabad,17.9031,78.8153,City Road,Clear,Night,31,Female,Car,49,No,No,No,Poor Weather Visibility,Low,0.0
ACC22472,02-02-2022,21:19,Karnataka,Bengaluru Urban,14.5727,75.8831,Village Road,Clear,Night,67,Female,Auto,40,No,No,No,Signal Jumping,Low,1.0
ACC22473,24-06-2024,23:19,Karnataka,Bengaluru Urban,15.0546,75.9704,State Highway,Cloudy,Night,36,Male,Auto,70,No,Yes,No,Drowsy Driving,Medium,5.0
ACC22474,22-01-2024,03:16,Puducherry,Karaikal,11.2949,79.7594,Village Road,Rainy,Night,18,Male,Auto,49,Yes,Yes,Yes,Poor Weather Visibility,High,6.0
ACC22475,29-07-2022,11:43,Tamil Nadu,Madurai,11.3085,78.6743,State Highway,Clear,Day,32,Male,Bike,56,No,No,No,Poor Weather Visibility,Low,0.0
ACC22476,18-06-2023,10:32,Kerala,Kozhikode,10.4356,76.1881,Expressway,Clear,Day,45,Male,Bike,75,No,No,No,Over Speeding,Medium,2.0
ACC22477,30-10-2024,18:53,Kerala,Thiruvananthapuram,10.3101,76.6029,Village Road,Clear,Dusk,57,Male,Auto,40,No,No,Yes,Pothole/Bad Road,Low,1.0
ACC22478,19-12-2023,20:07,Andhra Pradesh,Kurnool,15.4875,79.0503,Village Road,Clear,Night,43,Male,Bike,32,No,No,Yes,Signal Jumping,Low,0.0
ACC22479,09-06-2023,07:29,Tamil Nadu,Madurai,10.6343,78.1643,National Highway,Clear,Day,36,Female,Car,87,No,No,No,Over Speeding,Medium,0.0
ACC22480,23-11-2022,19:52,Karnataka,Hubballi,14.9232,75.3051,Expressway,Foggy,Night,27,Male,Truck,80,No,Yes,No,Poor Weather Visibility,Medium,4.0
ACC22481,13-11-2023,09:29,Tamil Nadu,Madurai,11.6609,78.8481,City Road,Clear,Day,32,Male,Car,22,No,No,No,Signal Jumping,Low,1.0
ACC22482,11-07-2023,14:10,Andhra Pradesh,Visakhapatnam,15.5269,79.6955,City Road,Cloudy,Day,18,Male,Bus,45,No,No,Yes,Pothole/Bad Road,Low,1.0
ACC22483,16-03-2024,14:19,Andhra Pradesh,Guntur,16.0573,79.7406,National Highway,Cloudy,Day,39,Female,Car,73,No,No,No,Over Speeding,Medium,4.0
ACC22484,26-08-2023,17:19,Telangana,Karimnagar,18.3663,79.0858,Village Road,Rainy,Dusk,30,Male,Car,54,No,No,Yes,Poor Weather Visibility,Low,0.0
ACC22485,18-11-2024,12:50,Karnataka,Mysuru,15.4232,75.0353,National Highway,Overcast,Day,37,Male,Truck,79,No,No,No,Over Speeding,Medium,0.0
ACC22486,15-11-2023,15:03,Tamil Nadu,Salem,10.9291,78.8139,National Highway,Overcast,Day,23,Male,Auto,70,No,No,No,Poor Weather Visibility,Low,
ACC22487,21-01-2022,11:00,Telangana,Warangal,17.521,79.0417,City Road,Clear,Day,21,Male,Bike,61,Yes,No,No,Drunk Driving,Medium,1.0
ACC22488,29-09-2023,17:27,Tamil Nadu,Madurai,10.826,78.7327,National Highway,Cloudy,Dusk,35,Male,Auto,76,Yes,No,No,Drunk Driving,High,4.0
ACC22489,20-02-2023,17:43,Tamil Nadu,Madurai,10.7629,78.2391,City Road,Cloudy,Dusk,19,Male,Car,79,Yes,No,No,Drunk Driving,High,3.0
ACC22490,02-10-2024,14:12,Tamil Nadu,Madurai,11.1144,78.3208,Village Road,Rainy,Day,45,Male,Truck,43,No,Yes,Yes,Poor Weather Visibility,Medium,2.0
ACC22491,09-09-2022,15:57,Karnataka,Mysuru,15.0423,75.9732,City Road,Clear,Day,18,Male,Bike,35,No,No,No,Signal Jumping,Low,1.0
ACC22492,12-04-2023,17:07,Andhra Pradesh,Guntur,16.0262,79.3703,Village Road,Rainy,Dusk,46,Male,Bike,41,No,No,Yes,Poor Weather Visibility,Low,0.0
ACC22493,14-02-2023,06:59,Telangana,Karimnagar,17.8412,79.2528,City Road,Foggy,Day,35,Female,Bus,55,No,Yes,No,Poor Weather Visibility,Medium,4.0
ACC22494,27-10-2024,08:21,Kerala,Thrissur,10.2171,76.1931,Village Road,Overcast,Day,47,Male,Bike,55,No,No,Yes,Pothole/Bad Road,Medium,
ACC22495,16-06-2024,23:24,Tamil Nadu,Salem,11.3132,78.6391,City Road,Cloudy,Night,26,Male,Car,34,No,No,No,Poor Weather Visibility,Low,1.0
ACC22496,25-01-2024,19:41,Telangana,Warangal,18.3671,78.51,State Highway,Cloudy,Night,46,Male,Car,74,No,Yes,No,Drowsy Driving,High,3.0
ACC22497,04-09-2023,17:14,Tamil Nadu,Salem,10.7855,78.5943,Village Road,Rainy,Dusk,26,Male,Bike,39,No,No,Yes,Poor Weather Visibility,Medium,4.0
ACC22498,20-09-2024,17:29,Tamil Nadu,Chennai,11.2872,78.6483,State Highway,Overcast,Dusk,40,Male,Truck,50,No,No,Yes,Pothole/Bad Road,Low,1.0
ACC22499,06-11-2022,10:48,Tamil Nadu,Salem,10.9009,77.8434,City Road,Overcast,Day,18,Male,Car,40,No,Yes,No,Drowsy Driving,Low,2.0
ACC22500,02-04-2024,20:01,Telangana,Warangal,17.8875,78.9969,National Highway,Clear,Night,19,Male,Bus,57,No,No,No,Signal Jumping,Medium,1.0
ACC22501,25-01-2022,07:31,Karnataka,Bengaluru Urban,14.7404,76.262,City Road,Clear,Day,27,Male,Bike,32,No,No,No,Signal Jumping,Low,2.0
ACC22502,19-02-2024,10:35,Telangana,Hyderabad,18.0621,79.3114,Village Road,Clear,Day,23,Male,Bus,16,No,No,No,Poor Weather Visibility,Low,0.0
ACC22503,30-10-2022,16:45,Kerala,Thrissur,10.5806,76.0032,State Highway,Clear,Day,39,Male,Bike,56,No,No,No,Poor Weather Visibility,Medium,1.0
ACC22504,15-12-2024,16:13,Kerala,Kozhikode,10.2948,76.4899,State Highway,Rainy,Day,35,Male,Bike,72,No,No,No,Poor Weather Visibility,Medium,1.0
ACC22505,11-04-2022,17:52,Telangana,Hyderabad,17.2077,78.7865,City Road,Cloudy,Dusk,29,Male,Car,44,No,No,No,Signal Jumping,Low,0.0
ACC22506,09-09-2024,08:13,Tamil Nadu,Chennai,10.5021,78.7644,State Highway,Cloudy,Day,42,Male,Truck,53,No,No,No,Poor Weather Visibility,Low,1.0
ACC22507,08-06-2023,23:58,Karnataka,Mysuru,15.9447,75.1906,State Highway,Cloudy,Night,63,Male,Car,71,No,No,Yes,Pothole/Bad Road,Medium,3.0
ACC22508,05-02-2023,18:32,Telangana,Khammam,17.4732,79.1495,National Highway,Rainy,Dusk,29,Male,Car,96,Yes,No,No,Over Speeding,High,
ACC22509,02-11-2022,21:10,Kerala,Kollam,10.0512,76.6325,City Road,Clear,Night,30,Male,Car,39,No,No,No,Signal Jumping,Low,1.0
ACC22510,14-06-2022,05:52,Karnataka,Hubballi,14.9502,76.0528,City Road,Foggy,Dawn,34,Male,Car,52,No,No,No,Poor Weather Visibility,Medium,1.0
ACC22511,17-02-2022,12:25,Andhra Pradesh,Nellore,15.7594,79.7723,State Highway,Rainy,Day,39,Male,Auto,82,Yes,No,No,Poor Weather Visibility,High,2.0
ACC22512,30-01-2022,20:21,Andhra Pradesh,Guntur,16.232,79.6707,Village Road,Cloudy,Night,46,Male,Truck,57,No,Yes,Yes,Drowsy Driving,High,6.0
ACC22513,08-09-2024,07:41,Andhra Pradesh,Nellore,16.0063,79.3957,National Highway,Rainy,Day,54,Male,Car,79,No,No,No,Poor Weather Visibility,High,7.0
ACC22514,19-05-2024,18:08,Kerala,Thiruvananthapuram,10.1757,75.9015,State Highway,Clear,Dusk,33,Male,Bus,57,No,No,Yes,Pothole/Bad Road,Low,0.0
ACC22515,18-09-2023,17:05,Andhra Pradesh,Vijayawada,16.3761,79.3831,National Highway,Rainy,Dusk,30,Male,Bike,74,No,No,No,Poor Weather Visibility,High,4.0
ACC22516,24-01-2022,22:21,Tamil Nadu,Salem,10.7449,78.5787,City Road,Cloudy,Night,41,Female,Bike,39,No,No,No,Poor Weather Visibility,Low,2.0
ACC22517,11-06-2022,15:17,Kerala,Thrissur,10.7347,76.0304,Expressway,Clear,Day,37,Male,Bike,95,No,No,No,Over Speeding,High,10.0
ACC22518,26-08-2024,08:30,Telangana,Karimnagar,18.0075,79.4324,State Highway,Clear,Day,33,Female,Bike,69,No,No,No,Over Speeding,Medium,3.0
ACC22519,01-09-2022,02:56,Telangana,Karimnagar,17.3986,79.1452,City Road,Rainy,Night,42,Male,Auto,67,Yes,Yes,Yes,Poor Weather Visibility,High,9.0