Accident_ID,Date,Time,State,District,Latitude,Longitude,Road_Type,Weather,Light_Condition,Driver_Age,Driver_Gender,Vehicle_Type,Speed_kmph,Alcohol_Involved,Driver_Drowsy,Pothole_Involved,Cause_of_Accident,Severity,Casualties
ACC22520,21-11-2023,00:28,Tamil Nadu,Madurai,10.9836,78.5793,Village Road,Clear,Night,72,Male,Bike,58,Yes,No,Yes,Drunk Driving,Medium,1.0
ACC22521,02-08-2023,16:29,Karnataka,Mangaluru,15.1341,75.4274,State Highway,Cloudy,Day,33,Female,Bike,48,No,No,No,Poor Weather Visibility,Low,1.0
ACC22522,12-08-2023,21:49,Karnataka,Hubballi,15.1761,75.4759,State Highway,Rainy,Night,44,Male,Bike,68,No,No,No,Poor Weather Visibility,Medium,0.0
ACC22523,21-12-2023,16:48,Karnataka,Mysuru,15.1107,75.2626,City Road,Cloudy,Day,49,Male,Truck,46,No,No,No,Poor Weather Visibility,Low,1.0
ACC22524,16-03-2024,05:28,Karnataka,Belagavi,14.9922,75.9006,Village Road,Clear,Dawn,47,Male,Truck,66,No,Yes,No,Drowsy Driving,Medium,5.0
ACC22525,16-01-2022,10:31,Karnataka,Belagavi,15.5394,75.9109,City Road,Clear,Day,39,Female,Bike,36,No,No,No,Signal Jumping,Low,0.0
ACC22526,30-04-2023,16:33,Kerala,Thiruvananthapuram,10.1029,76.7219,National Highway,Rainy,Day,42,Male,Car,68,No,No,No,Poor Weather Visibility,Medium,2.0
ACC22527,04-09-2024,08:54,Karnataka,Mysuru,15.3711,76.146,City Road,Cloudy,Day,37,Male,Car,38,No,No,No,Poor Weather Visibility,Low,0.0
ACC22528,23-11-2022,15:15,Andhra Pradesh,Nellore,16.8104,80.1293,Expressway,Cloudy,Day,18,Male,Bike,80,No,No,No,Over Speeding,High,9.0
ACC22529,11-08-2022,19:46,Tamil Nadu,Salem,10.6383,78.9243,Expressway,Clear,Night,22,Male,Car,112,Yes,Yes,No,Over Speeding,High,6.0
ACC22530,03-10-2024,08:25,Puducherry,Karaikal,12.5837,79.3512,National Highway,Clear,Day,38,Male,Truck,82,No,No,No,Over Speeding,Medium,2.0
ACC22531,04-02-2023,08:29,Tamil Nadu,Coimbatore,10.6605,78.7181,National Highway,Clear,Day,35,Male,Bike,66,No,No,No,Signal Jumping,Medium,1.0
ACC22532,14-06-2023,20:12,Telangana,Nizamabad,18.7074,79.4299,National Highway,Rainy,Night,41,Male,Truck,72,No,Yes,No,Poor Weather Visibility,Medium,6.0
ACC22533,14-11-2024,11:11,Andhra Pradesh,Guntur,15.6807,79.7909,City Road,Clear,Day,56,Male,Car,50,No,No,No,Poor Weather Visibility,Low,0.0
ACC22534,06-03-2023,21:45,Telangana,Nizamabad,17.8422,79.9008,City Road,Clear,Night,60,Male,Bike,51,No,No,No,Signal Jumping,Medium,1.0
ACC22535,18-09-2024,09:45,Karnataka,Belagavi,15.6055,76.2397,City Road,Foggy,Day,52,Male,Bike,23,No,No,No,Poor Weather Visibility,Low,1.0
ACC22536,12-02-2024,16:31,Karnataka,Mysuru,14.5789,75.8886,City Road,Cloudy,Day,23,Male,Truck,50,No,Yes,No,Drowsy Driving,Low,0.0
ACC22537,21-11-2024,09:30,Kerala,Thiruvananthapuram,9.4659,75.6256,National Highway,Cloudy,Day,48,Female,Car,72,No,No,No,Poor Weather Visibility,Medium,6.0
ACC22538,18-11-2024,19:27,Tamil Nadu,Chennai,11.2254,78.2162,City Road,Rainy,Night,54,Male,Auto,48,Yes,No,Yes,Poor Weather Visibility,Medium,3.0
ACC22539,18-10-2023,06:18,Karnataka,Belagavi,14.6243,75.5173,City Road,Clear,Day,45,Male,Bike,45,No,No,No,Signal Jumping,Low,0.0
ACC22540,26-01-2024,03:05,Kerala,Kollam,10.1423,76.0691,City Road,Cloudy,Night,39,Male,Bike,46,No,No,No,Poor Weather Visibility,Low,
ACC22541,18-02-2023,15:37,Tamil Nadu,Madurai,11.1986,79.3881,Expressway,Clear,Day,29,Female,Car,97,No,No,No,Over Speeding,High,6.0
ACC22542,08-06-2022,06:21,Telangana,Karimnagar,18.3372,79.1629,National Highway,Clear,Day,35,Male,Bus,75,No,No,No,Over Speeding,Medium,3.0
ACC22543,14-02-2023,18:06,Karnataka,Mysuru,14.6852,75.5874,National Highway,Clear,Dusk,34,Male,Car,75,Yes,No,No,Drunk Driving,High,6.0
ACC22544,17-02-2024,13:36,Kerala,Thiruvananthapuram,10.0562,76.3684,City Road,Rainy,Day,28,Male,Auto,32,No,No,No,Poor Weather Visibility,Low,0.0
ACC22545,28-11-2023,22:54,Andhra Pradesh,Vijayawada,16.526,79.3858,City Road,Clear,Night,30,Male,Auto,53,No,No,No,Signal Jumping,Low,0.0
ACC22546,25-12-2022,18:31,Telangana,Hyderabad,17.6792,78.3909,State Highway,Clear,Dusk,46,Male,Truck,63,No,Yes,No,Drowsy Driving,Medium,1.0
ACC22547,07-11-2024,13:07,Tamil Nadu,Coimbatore,11.5258,78.6889,National Highway,Rainy,Day,61,Female,Auto,67,No,No,No,Poor Weather Visibility,Medium,3.0
ACC22548,27-06-2023,20:16,Tamil Nadu,Madurai,11.7787,78.8947,Expressway,Rainy,Night,52,Male,Bike,65,No,No,No,Poor Weather Visibility,Medium,2.0
ACC22549,24-05-2023,22:50,Tamil Nadu,Chennai,12.0787,78.3852,State Highway,Clear,Night,39,Male,Car,63,No,No,No,Over Speeding,Low,1.0
ACC22550,02-11-2024,19:56,Puducherry,Puducherry,11.5284,80.2153,State Highway,Cloudy,Night,46,Male,Auto,59,No,No,Yes,Pothole/Bad Road,Medium,5.0
ACC22551,25-03-2022,03:27,Karnataka,Mysuru,15.914,75.6053,National Highway,Overcast,Night,58,Male,Bus,69,No,No,Yes,Pothole/Bad Road,Medium,6.0
ACC22552,10-10-2024,05:19,Andhra Pradesh,Guntur,15.7675,79.6641,City Road,Clear,Dawn,41,Male,Bike,62,No,No,No,Over Speeding,Low,0.0
ACC22553,21-11-2022,12:25,Tamil Nadu,Salem,11.7787,78.7367,National Highway,Clear,Day,44,Female,Bike,74,No,No,No,Over Speeding,Medium,1.0
ACC22554,03-02-2023,17:31,Telangana,Hyderabad,16.9881,79.1024,City Road,Clear,Dusk,18,Male,Car,48,No,No,No,Signal Jumping,Low,1.0
ACC22555,01-04-2023,11:52,Tamil Nadu,Tiruchirappalli,10.8494,78.5289,Village Road,Cloudy,Day,26,Male,Car,51,No,No,Yes,Pothole/Bad Road,Low,1.0
ACC22556,22-10-2024,19:50,Andhra Pradesh,Kurnool,16.4867,80.2421,City Road,Rainy,Night,56,Male,Bike,46,Yes,No,No,Poor Weather Visibility,High,6.0
ACC22557,23-07-2023,20:59,Tamil Nadu,Tiruchirappalli,11.3653,78.1518,City Road,Clear,Night,37,Male,Car,54,No,Yes,No,Drowsy Driving,Low,1.0
ACC22558,28-01-2023,08:44,Telangana,Karimnagar,16.9147,78.7122,National Highway,Overcast,Day,75,Male,Bike,73,No,No,No,Over Speeding,Medium,1.0
ACC22559,16-01-2023,06:09,Karnataka,Bengaluru Urban,15.7983,75.6012,City Road,Rainy,Day,18,Female,Car,67,Yes,No,No,Poor Weather Visibility,Medium,1.0
ACC22560,02-04-2022,09:32,Andhra Pradesh,Guntur,15.8331,78.8669,National Highway,Rainy,Day,41,Female,Bike,82,No,No,No,Poor Weather Visibility,High,8.0
ACC22561,18-01-2022,07:47,Kerala,Thrissur,10.9691,76.3825,City Road,Clear,Day,22,Male,Bus,55,No,No,No,Signal Jumping,Medium,3.0
ACC22562,09-02-2024,11:08,Tamil Nadu,Tiruchirappalli,10.8748,79.3711,Village Road,Clear,Day,37,Male,Truck,60,Yes,No,No,Drunk Driving,Medium,3.0
ACC22563,12-03-2024,17:21,Karnataka,Mysuru,15.3857,76.0216,Expressway,Clear,Dusk,48,Female,Car,81,No,Yes,No,Over Speeding,High,6.0
ACC22564,26-05-2023,20:03,Tamil Nadu,Salem,11.2711,78.4959,National Highway,Rainy,Night,29,Male,Bike,59,No,No,No,Poor Weather Visibility,Medium,3.0
ACC22565,08-09-2022,06:52,Telangana,Hyderabad,17.9725,79.1057,City Road,Overcast,Day,39,Male,Auto,54,Yes,No,No,Drunk Driving,Low,3.0
ACC22566,16-10-2023,06:34,Karnataka,Belagavi,15.9006,75.9512,Expressway,Cloudy,Day,31,Male,Car,89,No,No,No,Over Speeding,High,11.0
ACC22567,28-02-2022,18:52,Karnataka,Mysuru,15.716,76.0675,State Highway,Cloudy,Dusk,28,Female,Bike,61,No,No,No,Poor Weather Visibility,Medium,1.0
ACC22568,04-06-2024,12:08,Karnataka,Belagavi,15.7244,75.573,Village Road,Overcast,Day,40,Male,Car,38,No,No,No,Signal Jumping,Low,2.0
ACC22569,18-10-2022,15:39,Karnataka,Belagavi,14.7537,75.6878,National Highway,Foggy,Day,22,Female,Bike,81,Yes,No,No,Poor Weather Visibility,High,3.0
ACC22570,24-09-2022,11:58,Tamil Nadu,Madurai,10.681,78.5447,Village Road,Clear,Day,40,Male,Bike,19,No,No,Yes,Pothole/Bad Road,Low,2.0
ACC22571,19-09-2023,12:01,Karnataka,Bengaluru Urban,15.1433,76.0368,City Road,Cloudy,Day,40,Male,Bike,54,No,No,Yes,Signal Jumping,Low,1.0
ACC22572,10-06-2022,07:19,Andhra Pradesh,Guntur,15.1385,79.905,National Highway,Cloudy,Day,48,Male,Car,70,No,No,Yes,Signal Jumping,Medium,1.0
ACC22573,04-06-2023,14:54,Kerala,Kollam,11.034,76.098,Village Road,Cloudy,Day,28,Male,Truck,54,Yes,No,No,Drunk Driving,Medium,1.0
ACC22574,18-09-2024,07:18,Puducherry,Karaikal,12.9074,79.7427,City Road,Clear,Day,28,Male,Bike,55,No,No,Yes,Pothole/Bad Road,Medium,3.0
ACC22575,04-01-2024,14:33,Andhra Pradesh,Guntur,15.8931,80.3419,City Road,Clear,Day,29,Male,Bus,62,No,Yes,No,Drowsy Driving,Low,1.0
ACC22576,19-08-2022,19:51,Telangana,Nizamabad,18.0909,79.4182,Expressway,Overcast,Night,45,Female,Auto,89,Yes,No,No,Over Speeding,High,7.0
ACC22577,25-08-2024,19:27,Tamil Nadu,Salem,11.119,78.525,City Road,Rainy,Night,41,Male,Car,49,No,No,Yes,Poor Weather Visibility,Low,1.0
ACC22578,03-10-2023,22:42,Kerala,Thrissur,10.1359,77.3187,State Highway,Clear,Night,25,Male,Bike,57,No,No,No,Poor Weather Visibility,Low,0.0
ACC22579,05-09-2023,07:39,Karnataka,Mangaluru,15.5416,75.7246,Village Road,Overcast,Day,37,Male,Bike,36,No,No,No,Poor Weather Visibility,Low,2.0
ACC22580,06-10-2022,08:21,Tamil Nadu,Coimbatore,11.0138,78.9732,Village Road,Rainy,Day,48,Male,Bike,35,No,No,No,Poor Weather Visibility,Low,1.0
ACC22581,11-04-2022,17:03,Karnataka,Mysuru,15.4682,75.2492,City Road,Overcast,Dusk,75,Male,Bus,47,No,No,No,Poor Weather Visibility,Low,1.0
ACC22582,24-07-2024,10:10,Kerala,Kozhikode,10.6881,76.6813,Expressway,Cloudy,Day,39,Female,Bus,79,No,Yes,No,Drowsy Driving,High,9.0
ACC22583,27-08-2022,14:03,Karnataka,Mysuru,15.5624,76.2371,Expressway,Clear,Day,53,Male,Auto,88,No,No,No,Over Speeding,High,8.0
ACC22584,09-11-2022,10:19,Karnataka,Mangaluru,15.1494,76.1576,Expressway,Rainy,Day,18,Male,Auto,88,No,No,Yes,Over Speeding,High,6.0
ACC22585,21-11-2024,08:43,Karnataka,Hubballi,14.712,75.8611,Village Road,Cloudy,Day,50,Male,Truck,21,No,No,Yes,Pothole/Bad Road,Low,
ACC22586,03-02-2024,06:42,Puducherry,Puducherry,11.0831,79.6021,State Highway,Clear,Day,35,Male,Auto,83,No,No,No,Over Speeding,High,6.0
ACC22587,23-07-2022,16:03,Karnataka,Belagavi,15.155,76.2455,Village Road,Clear,Day,29,Male,Auto,43,Yes,No,No,Drunk Driving,Low,1.0
ACC22588,07-03-2023,12:24,Telangana,Khammam,18.1275,78.827,City Road,Cloudy,Day,48,Male,Auto,53,No,No,No,Poor Weather Visibility,Medium,1.0
ACC22589,18-12-2023,18:39,Puducherry,Karaikal,12.293,80.1216,City Road,Rainy,Dusk,49,Male,Car,65,No,No,No,Poor Weather Visibility,Medium,3.0
ACC22590,09-08-2023,15:03,Andhra Pradesh,Guntur,16.1394,80.1082,State Highway,Clear,Day,38,Female,Bike,55,No,No,No,Poor Weather Visibility,Low,0.0
ACC22591,27-03-2022,07:32,Puducherry,Karaikal,11.821,79.444,National Highway,Clear,Day,29,Male,Auto,96,No,No,No,Over Speeding,High,3.0
ACC22592,11-09-2022,21:15,Puducherry,Puducherry,12.0777,79.9879,State Highway,Rainy,Night,60,Male,Truck,55,No,No,Yes,Poor Weather Visibility,Medium,1.0
ACC22593,03-11-2022,11:10,Telangana,Karimnagar,17.7395,78.9879,State Highway,Clear,Day,18,Male,Bike,68,No,No,No,Over Speeding,Medium,4.0
ACC22594,10-03-2022,18:04,Andhra Pradesh,Kurnool,15.5132,79.9318,State Highway,Cloudy,Dusk,50,Male,Car,62,No,No,No,Poor Weather Visibility,Medium,7.0
ACC22595,17-04-2022,19:11,Tamil Nadu,Tiruchirappalli,11.0804,79.042,City Road,Clear,Night,42,Female,Bus,60,No,Yes,No,Drowsy Driving,Medium,2.0
ACC22596,26-02-2022,06:30,Tamil Nadu,Salem,11.0087,77.9975,Village Road,Clear,Day,34,Male,Bus,44,No,No,No,Signal Jumping,Low,1.0
ACC22597,31-07-2024,07:20,Tamil Nadu,Madurai,11.7756,78.6709,National Highway,Overcast,Day,18,Male,Bike,63,No,No,Yes,Pothole/Bad Road,Medium,5.0
ACC22598,15-03-2024,07:30,Tamil Nadu,Coimbatore,10.8384,78.7227,National Highway,Cloudy,Day,18,Male,Bus,72,No,Yes,No,Drowsy Driving,High,
ACC22599,29-04-2023,09:14,Kerala,Kollam,11.6765,76.3481,City Road,Overcast,Day,23,Male,Bike,71,Yes,No,Yes,Drunk Driving,High,7.0
ACC22600,02-01-2024,17:25,Karnataka,Mysuru,15.1215,75.9674,Village Road,Clear,Dusk,44,Female,Bike,56,Yes,No,Yes,Drunk Driving,High,4.0
ACC22601,05-11-2024,15:57,Andhra Pradesh,Visakhapatnam,16.3193,78.7611,Expressway,Rainy,Day,25,Male,Bike,75,No,No,No,Poor Weather Visibility,Medium,3.0
ACC22602,14-08-2024,03:49,Karnataka,Bengaluru Urban,15.0564,76.0164,State Highway,Overcast,Night,45,Male,Truck,63,No,Yes,No,Drowsy Driving,Medium,1.0
ACC22603,07-01-2022,07:09,Andhra Pradesh,Guntur,16.4671,79.4863,State Highway,Clear,Day,44,Male,Bike,61,No,No,No,Over Speeding,Medium,1.0
ACC22604,04-02-2022,06:32,Karnataka,Mysuru,15.3891,75.3018,City Road,Cloudy,Day,38,Male,Car,46,No,Yes,No,Drowsy Driving,Low,2.0
ACC22605,28-09-2022,19:40,Tamil Nadu,Tiruchirappalli,10.9085,78.119,State Highway,Clear,Night,45,Male,Car,59,No,No,No,Signal Jumping,Medium,3.0
ACC22606,03-11-2023,23:55,Andhra Pradesh,Visakhapatnam,15.9257,79.4325,National Highway,Cloudy,Night,42,Male,Truck,70,No,Yes,No,Drowsy Driving,Medium,1.0
ACC22607,19-12-2023,06:31,Karnataka,Belagavi,15.456,75.9396,National Highway,Rainy,Day,30,Male,Car,55,No,No,No,Poor Weather Visibility,Low,0.0
ACC22608,02-11-2024,07:00,Kerala,Kollam,9.8712,76.441,City Road,Rainy,Day,42,Male,Bus,66,No,Yes,No,Poor Weather Visibility,Medium,4.0
ACC22609,15-04-2023,21:20,Karnataka,Hubballi,15.495,76.5725,National Highway,Rainy,Night,29,Male,Bike,96,No,Yes,No,Over Speeding,High,6.0
ACC22610,24-01-2022,09:21,Andhra Pradesh,Guntur,16.2876,79.6766,National Highway,Clear,Day,45,Female,Car,91,Yes,No,No,Over Speeding,High,6.0
ACC22611,25-08-2022,08:39,Tamil Nadu,Chennai,10.5124,77.8298,City Road,Rainy,Day,27,Male,Auto,58,No,No,No,Poor Weather Visibility,Low,0.0
ACC22612,02-01-2024,12:03,Tamil Nadu,Salem,10.6139,78.3482,City Road,Foggy,Day,37,Female,Bike,57,No,No,Yes,Poor Weather Visibility,Medium,5.0
ACC22613,03-09-2023,15:19,Andhra Pradesh,Kurnool,16.3728,79.6192,State Highway,Cloudy,Day,56,Male,Bike,72,No,No,No,Poor Weather Visibility,Medium,2.0
ACC22614,22-04-2022,20:16,Kerala,Kollam,10.2649,75.4661,Village Road,Rainy,Night,32,Male,Bike,38,No,No,Yes,Poor Weather Visibility,Low,0.0
ACC22615,06-02-2022,13:21,Andhra Pradesh,Visakhapatnam,15.6523,79.1483,State Highway,Foggy,Day,18,Male,Bike,51,No,No,No,Poor Weather Visibility,Medium,0.0
ACC22616,08-09-2022,20:09,Tamil Nadu,Coimbatore,10.4411,78.0317,City Road,Rainy,Night,36,Male,Auto,33,No,No,No,Poor Weather Visibility,Low,0.0
ACC22617,23-02-2024,14:08,Andhra Pradesh,Kurnool,16.0133,79.8376,Village Road,Cloudy,Day,39,Male,Truck,30,No,No,No,Poor Weather Visibility,Low,1.0
ACC22618,09-05-2023,17:52,Tamil Nadu,Chennai,11.4254,79.4359,Expressway,Clear,Dusk,32,Male,Auto,86,No,Yes,No,Over Speeding,High,7.0
ACC22619,09-01-2024,07:24,Telangana,Hyderabad,18.0676,78.6878,City Road,Clear,Day,26,Male,Bike,52,No,Yes,No,Drowsy Driving,Low,2.0
ACC22620,04-10-2023,08:06,Telangana,Karimnagar,18.5119,78.9214,Expressway,Clear,Day,21,Male,Car,89,No,No,No,Over Speeding,Medium,3.0
ACC22621,01-02-2022,19:21,Telangana,Warangal,18.6325,78.853,Village Road,Cloudy,Night,19,Male,Bike,54,Yes,No,No,Drunk Driving,Medium,3.0
ACC22622,14-02-2024,07:40,Karnataka,Bengaluru Urban,14.8146,75.6229,City Road,Clear,Day,25,Male,Bike,37,No,No,Yes,Signal Jumping,Low,1.0
ACC22623,25-10-2024,08:13,Andhra Pradesh,Visakhapatnam,15.0613,79.9792,State Highway,Rainy,Day,35,Female,Bike,64,No,No,No,Poor Weather Visibility,Low,0.0
ACC22624,21-05-2023,11:41,Puducherry,Karaikal,11.5297,79.5979,Village Road,Clear,Day,24,Male,Auto,74,Yes,No,No,Drunk Driving,High,
ACC22625,20-08-2024,17:49,Andhra Pradesh,Vijayawada,16.7241,79.334,National Highway,Foggy,Dusk,18,Male,Bike,79,No,No,No,Poor Weather Visibility,Medium,4.0
ACC22626,31-03-2022,11:35,Andhra Pradesh,Guntur,16.2141,79.219,State Highway,Clear,Day,43,Male,Bus,64,No,Yes,No,Drowsy Driving,Medium,0.0
ACC22627,12-01-2024,09:14,Tamil Nadu,Coimbatore,11.0525,77.9237,City Road,Clear,Day,18,Male,Auto,48,No,No,No,Poor Weather Visibility,Low,1.0
ACC22628,20-02-2022,05:58,Tamil Nadu,Tiruchirappalli,11.5469,78.319,State Highway,Overcast,Dawn,23,Female,Truck,73,No,No,No,Over Speeding,Medium,2.0
ACC22629,20-10-2023,18:03,Andhra Pradesh,Nellore,15.1708,80.0902,City Road,Clear,Dusk,27,Female,Bike,81,Yes,No,No,Drunk Driving,High,11.0
ACC22630,23-12-2022,09:58,Kerala,Thrissur,10.471,75.4344,City Road,Foggy,Day,38,Male,Auto,56,No,No,Yes,Poor Weather Visibility,Medium,3.0
ACC22631,25-04-2024,07:10,Kerala,Kollam,9.8007,76.3461,City Road,Rainy,Day,38,Male,Bike,34,No,No,No,Poor Weather Visibility,Low,0.0
ACC22632,20-10-2022,07:08,Tamil Nadu,Coimbatore,10.7219,78.8149,National Highway,Rainy,Day,46,Male,Car,73,No,No,Yes,Poor Weather Visibility,Medium,3.0
ACC22633,14-09-2022,09:27,Karnataka,Belagavi,15.8106,75.4168,Village Road,Cloudy,Day,30,Female,Bike,76,Yes,Yes,No,Drunk Driving,High,4.0
ACC22634,30-10-2023,16:26,Telangana,Karimnagar,18.122,78.3563,City Road,Clear,Day,26,Female,Car,73,Yes,No,No,Drunk Driving,Medium,0.0
ACC22635,03-12-2023,06:09,Karnataka,Mysuru,15.6654,76.0125,City Road,Rainy,Day,31,Female,Car,48,No,No,No,Poor Weather Visibility,Low,1.0
ACC22636,04-02-2022,08:26,Puducherry,Puducherry,11.729,79.7224,State Highway,Cloudy,Day,25,Female,Bike,54,No,No,Yes,Pothole/Bad Road,Low,1.0
ACC22637,08-07-2022,08:22,Tamil Nadu,Coimbatore,11.3577,78.4876,Expressway,Rainy,Day,33,Male,Car,62,No,No,Yes,Poor Weather Visibility,High,5.0
ACC22638,13-10-2024,05:13,Kerala,Thrissur,10.8616,76.513,Expressway,Clear,Dawn,30,Male,Truck,94,No,No,No,Over Speeding,Medium,2.0
ACC22639,11-08-2022,17:46,Andhra Pradesh,Vijayawada,15.2026,80.4694,City Road,Clear,Dusk,18,Male,Car,42,No,No,No,Poor Weather Visibility,Low,3.0
ACC22640,12-11-2022,16:25,Andhra Pradesh,Vijayawada,16.0511,80.3094,City Road,Rainy,Day,31,Male,Bike,43,No,No,No,Poor Weather Visibility,Low,0.0
ACC22641,25-05-2022,13:45,Telangana,Khammam,18.1428,79.0938,City Road,Cloudy,Day,41,Male,Bus,48,No,Yes,No,Drowsy Driving,Low,
ACC22642,17-02-2024,16:35,Andhra Pradesh,Nellore,15.8585,79.2844,City Road,Clear,Day,35,Female,Bike,70,No,No,No,Over Speeding,Medium,4.0
ACC22643,12-02-2022,20:02,Telangana,Warangal,17.4034,78.1397,Village Road,Overcast,Night,22,Male,Car,44,No,Yes,No,Drowsy Driving,Medium,1.0
ACC22644,18-01-2023,16:29,Tamil Nadu,Madurai,11.4102,78.7166,Expressway,Clear,Day,19,Male,Bike,71,No,No,Yes,Pothole/Bad Road,High,3.0
ACC22645,31-03-2024,14:24,Tamil Nadu,Coimbatore,11.3284,78.7785,Village Road,Rainy,Day,37,Male,Car,42,No,No,No,Poor Weather Visibility,Low,0.0
ACC22646,23-06-2023,09:25,Tamil Nadu,Coimbatore,11.1245,79.07,City Road,Cloudy,Day,25,Male,Truck,69,Yes,No,Yes,Drunk Driving,High,5.0
ACC22647,25-12-2022,16:24,Tamil Nadu,Coimbatore,9.9772,78.6836,Village Road,Clear,Day,37,Female,Bike,40,Yes,No,Yes,Drunk Driving,Low,0.0
ACC22648,15-07-2023,19:47,Andhra Pradesh,Visakhapatnam,16.1884,79.1992,National Highway,Overcast,Night,50,Male,Car,60,No,No,No,Signal Jumping,Medium,3.0
ACC22649,02-02-2023,14:16,Kerala,Thiruvananthapuram,10.1185,75.8746,Village Road,Rainy,Day,25,Male,Car,47,No,No,Yes,Poor Weather Visibility,Medium,2.0
ACC22650,14-04-2022,12:24,Andhra Pradesh,Vijayawada,15.0591,80.1129,State Highway,Cloudy,Day,45,Male,Bike,46,No,No,No,Poor Weather Visibility,Low,0.0
ACC22651,19-01-2022,16:49,Kerala,Kozhikode,9.9207,76.9174,City Road,Clear,Day,28,Female,Bike,42,No,No,No,Signal Jumping,Low,1.0
ACC22652,27-05-2024,14:50,Kerala,Ernakulam,10.376,75.888,City Road,Clear,Day,30,Male,Truck,34,No,No,No,Poor Weather Visibility,Low,0.0
ACC22653,15-06-2023,12:58,Tamil Nadu,Coimbatore,11.1994,78.0354,National Highway,Cloudy,Day,19,Male,Auto,82,No,Yes,No,Over Speeding,High,8.0
ACC22654,02-06-2023,22:34,Telangana,Hyderabad,17.682,79.0703,National Highway,Clear,Night,28,Male,Auto,98,Yes,Yes,No,Over Speeding,High,8.0
ACC22655,02-05-2023,03:58,Andhra Pradesh,Kurnool,16.0564,79.9837,State Highway,Rainy,Night,30,Female,Bike,75,No,Yes,No,Poor Weather Visibility,High,4.0
ACC22656,01-01-2023,21:51,Andhra Pradesh,Kurnool,15.4988,79.8182,National Highway,Clear,Night,20,Male,Car,93,Yes,No,No,Over Speeding,High,10.0
ACC22657,07-12-2022,20:02,Telangana,Warangal,18.1552,79.0152,Village Road,Cloudy,Night,36,Male,Auto,17,No,No,No,Poor Weather Visibility,Low,2.0
ACC22658,25-06-2023,19:55,Karnataka,Hubballi,15.2798,75.2095,City Road,Clear,Night,45,Male,Bike,56,Yes,No,Yes,Drunk Driving,Medium,1.0
ACC22659,10-05-2024,20:16,Karnataka,Belagavi,14.9113,75.6907,State Highway,Overcast,Night,25,Male,Auto,71,No,No,No,Poor Weather Visibility,High,3.0
ACC22660,30-09-2023,17:53,Kerala,Kollam,10.0281,76.4395,State Highway,Rainy,Dusk,21,Male,Bike,58,No,No,No,Poor Weather Visibility,Medium,4.0
ACC22661,08-11-2024,18:08,Karnataka,Belagavi,14.9021,76.1118,Expressway,Clear,Dusk,36,Male,Car,91,No,No,No,Over Speeding,Medium,1.0
ACC22662,18-12-2023,07:14,Kerala,Kollam,10.2449,75.8866,State Highway,Clear,Day,35,Male,Bike,61,No,No,No,Signal Jumping,Low,1.0
ACC22663,12-03-2022,13:39,Andhra Pradesh,Visakhapatnam,16.3779,79.5363,Village Road,Cloudy,Day,29,Male,Bus,20,No,No,No,Poor Weather Visibility,Low,1.0
ACC22664,29-07-2023,11:13,Kerala,Kozhikode,11.1989,76.459,State Highway,Overcast,Day,46,Female,Bike,75,No,Yes,No,Drowsy Driving,Medium,4.0
ACC22665,10-03-2023,06:12,Tamil Nadu,Coimbatore,11.7136,78.9816,Village Road,Clear,Day,18,Male,Bike,45,No,No,No,Signal Jumping,Low,0.0
ACC22666,06-10-2023,17:28,Andhra Pradesh,Nellore,15.5117,79.5797,City Road,Rainy,Dusk,31,Male,Bike,64,Yes,No,No,Poor Weather Visibility,High,6.0
ACC22667,08-11-2023,09:47,Tamil Nadu,Coimbatore,10.609,78.642,National Highway,Clear,Day,35,Male,Auto,45,No,No,No,Signal Jumping,Low,2.0
ACC22668,23-08-2023,07:39,Tamil Nadu,Salem,11.1606,79.7104,National Highway,Clear,Day,30,Male,Bike,80,No,Yes,No,Drowsy Driving,High,6.0
ACC22669,06-09-2024,06:56,Karnataka,Mangaluru,14.7209,75.2732,City Road,Clear,Day,18,Male,Car,17,No,No,Yes,Pothole/Bad Road,Low,1.0
ACC22670,27-09-2023,06:26,Telangana,Warangal,17.8129,78.4721,Village Road,Clear,Day,22,Female,Bike,35,No,No,Yes,Pothole/Bad Road,Low,0.0
ACC22671,06-01-2024,19:20,Karnataka,Mangaluru,15.5599,75.6424,National Highway,Clear,Night,59,Male,Car,75,Yes,No,No,Drunk Driving,High,5.0
ACC22672,27-01-2022,12:10,Telangana,Hyderabad,17.3239,79.1942,National Highway,Overcast,Day,44,Female,Auto,74,No,No,No,Over Speeding,Medium,3.0
ACC22673,24-06-2023,17:06,Kerala,Ernakulam,9.7849,76.3079,Village Road,Rainy,Dusk,19,Female,Bike,52,No,No,No,Poor Weather Visibility,Medium,0.0
ACC22674,05-09-2023,21:05,Andhra Pradesh,Kurnool,15.1568,79.5966,National Highway,Rainy,Night,36,Male,Car,79,Yes,Yes,No,Poor Weather Visibility,High,5.0
ACC22675,09-11-2023,19:28,Karnataka,Bengaluru Urban,15.5611,75.4936,Village Road,Cloudy,Night,21,Male,Car,48,No,No,Yes,Pothole/Bad Road,Medium,0.0
ACC22676,25-06-2024,11:03,Puducherry,Karaikal,12.3684,80.2304,National Highway,Rainy,Day,46,Male,Auto,55,No,No,No,Poor Weather Visibility,Low,1.0
ACC22677,23-03-2024,23:26,Andhra Pradesh,Guntur,16.2541,79.6722,State Highway,Clear,Night,33,Male,Bus,60,No,No,No,Signal Jumping,Low,0.0