Accident_ID,Date,Time,State,District,Latitude,Longitude,Road_Type,Weather,Light_Condition,Driver_Age,Driver_Gender,Vehicle_Type,Speed_kmph,Alcohol_Involved,Driver_Drowsy,Pothole_Involved,Cause_of_Accident,Severity,Casualties
ACC22678,14-08-2023,22:45,Tamil Nadu,Coimbatore,10.8152,79.1344,City Road,Overcast,Night,44,Male,Auto,68,No,No,No,Signal Jumping,Medium,2.0
ACC22679,07-06-2022,21:00,Telangana,Hyderabad,17.5674,79.1914,Expressway,Rainy,Night,49,Male,Bike,87,No,No,No,Poor Weather Visibility,High,4.0
ACC22680,30-05-2023,21:12,Kerala,Kozhikode,9.8799,76.6803,State Highway,Clear,Night,33,Male,Bus,64,No,Yes,No,Drowsy Driving,Low,2.0
ACC22681,20-03-2024,15:22,Telangana,Nizamabad,17.7377,78.8294,City Road,Clear,Day,34,Male,Bike,31,No,No,No,Signal Jumping,Low,1.0
ACC22682,04-06-2022,09:43,Andhra Pradesh,Nellore,15.5614,79.0449,Expressway,Cloudy,Day,57,Female,Bike,83,Yes,No,No,Drunk Driving,High,5.0
ACC22683,06-04-2024,13:26,Puducherry,Puducherry,11.7059,80.2231,City Road,Cloudy,Day,34,Male,Auto,51,Yes,No,No,Drunk Driving,Medium,1.0
ACC22684,21-04-2022,09:39,Telangana,Hyderabad,17.5151,78.2325,City Road,Clear,Day,32,Female,Truck,47,No,No,No,Poor Weather Visibility,Low,0.0
ACC22685,16-08-2022,17:27,Andhra Pradesh,Guntur,16.0218,79.7259,Village Road,Clear,Dusk,37,Male,Bike,45,No,No,No,Signal Jumping,Low,2.0
ACC22686,23-12-2022,14:38,Andhra Pradesh,Kurnool,15.4453,79.6073,State Highway,Clear,Day,31,Female,Car,51,No,Yes,No,Drowsy Driving,Low,1.0
ACC22687,03-10-2024,21:52,Tamil Nadu,Madurai,10.5291,78.5386,National Highway,Rainy,Night,27,Male,Bike,53,No,No,No,Poor Weather Visibility,Medium,4.0
ACC22688,25-10-2024,21:55,Telangana,Warangal,17.7919,79.4312,Expressway,Cloudy,Night,38,Male,Auto,67,No,Yes,No,Drowsy Driving,High,9.0
ACC22689,26-12-2022,16:32,Andhra Pradesh,Nellore,15.1784,80.3783,National Highway,Overcast,Day,61,Male,Car,64,No,No,No,Poor Weather Visibility,Medium,4.0
ACC22690,30-11-2023,12:02,Telangana,Warangal,17.6862,79.17,Expressway,Clear,Day,56,Male,Bike,81,No,No,No,Over Speeding,Medium,4.0
ACC22691,21-01-2024,17:29,Andhra Pradesh,Kurnool,16.3374,79.1536,National Highway,Clear,Dusk,29,Male,Truck,70,No,No,No,Over Speeding,Medium,1.0
ACC22692,18-07-2023,18:47,Kerala,Ernakulam,10.6075,76.3454,Village Road,Cloudy,Dusk,67,Female,Bike,39,No,No,Yes,Pothole/Bad Road,Medium,5.0
ACC22693,15-06-2023,20:55,Andhra Pradesh,Vijayawada,15.7073,79.9923,City Road,Cloudy,Night,49,Female,Bike,47,No,No,No,Poor Weather Visibility,Low,1.0
ACC22694,11-11-2022,18:05,Kerala,Kollam,9.9784,75.6809,State Highway,Rainy,Dusk,21,Female,Bike,67,No,No,No,Poor Weather Visibility,Medium,4.0
ACC22695,28-11-2024,13:38,Kerala,Thrissur,10.3203,76.0452,Village Road,Foggy,Day,23,Male,Car,36,No,No,Yes,Poor Weather Visibility,Low,1.0
ACC22696,25-02-2022,00:21,Puducherry,Puducherry,11.561,79.2307,City Road,Clear,Night,38,Male,Bike,52,No,No,No,Signal Jumping,Low,1.0
ACC22697,16-09-2024,07:02,Kerala,Kozhikode,10.4597,76.6011,National Highway,Clear,Day,24,Male,Car,75,No,No,No,Over Speeding,Low,1.0
ACC22698,01-06-2024,13:12,Tamil Nadu,Tiruchirappalli,11.1786,78.4594,City Road,Clear,Day,43,Male,Bike,34,No,No,Yes,Pothole/Bad Road,Low,2.0
ACC22699,23-12-2023,05:06,Tamil Nadu,Salem,10.6899,79.3515,National Highway,Clear,Dawn,46,Male,Car,63,No,Yes,No,Drowsy Driving,Medium,2.0
ACC22700,06-09-2023,13:09,Karnataka,Bengaluru Urban,15.5253,75.1928,State Highway,Clear,Day,29,Male,Bus,53,No,No,No,Signal Jumping,Low,1.0
ACC22701,23-10-2023,06:46,Karnataka,Belagavi,15.3951,75.0592,City Road,Clear,Day,34,Male,Car,49,Yes,No,No,Signal Jumping,Low,1.0
ACC22702,28-08-2023,22:51,Kerala,Kollam,10.6267,76.2255,State Highway,Clear,Night,18,Male,Truck,60,Yes,No,No,Drunk Driving,Medium,
ACC22703,17-02-2023,10:33,Tamil Nadu,Tiruchirappalli,10.6108,78.3215,National Highway,Clear,Day,19,Male,Car,74,Yes,No,No,Drunk Driving,High,
ACC22704,25-05-2022,15:27,Kerala,Thiruvananthapuram,9.4983,76.1749,Village Road,Overcast,Day,43,Male,Bus,46,No,No,No,Poor Weather Visibility,Low,0.0
ACC22705,03-05-2022,15:32,Telangana,Hyderabad,17.705,78.9811,Expressway,Clear,Day,40,Male,Bus,71,No,No,No,Signal Jumping,Low,0.0
ACC22706,04-08-2024,00:14,Andhra Pradesh,Kurnool,15.8523,79.1437,City Road,Rainy,Night,39,Male,Bike,48,No,No,Yes,Poor Weather Visibility,Low,0.0
ACC22707,20-12-2022,06:32,Andhra Pradesh,Kurnool,16.1391,79.6398,State Highway,Cloudy,Day,43,Male,Car,58,Yes,No,No,Drunk Driving,Low,0.0
ACC22708,24-10-2023,14:02,Kerala,Thrissur,10.1638,75.65,National Highway,Cloudy,Day,58,Male,Bike,93,No,No,No,Over Speeding,High,2.0
ACC22709,02-10-2022,00:10,Telangana,Khammam,18.4387,79.1271,Expressway,Clear,Night,47,Male,Car,95,Yes,No,No,Over Speeding,High,2.0
ACC22710,10-09-2024,08:31,Tamil Nadu,Salem,10.5522,78.4446,National Highway,Cloudy,Day,62,Female,Car,75,No,No,No,Over Speeding,Medium,1.0
ACC22711,10-07-2023,19:49,Andhra Pradesh,Vijayawada,15.5868,79.2397,State Highway,Cloudy,Night,44,Female,Auto,60,No,No,No,Poor Weather Visibility,Medium,3.0
ACC22712,17-03-2024,17:00,Andhra Pradesh,Visakhapatnam,15.3634,80.5612,City Road,Clear,Dusk,18,Male,Bike,64,Yes,No,No,Drunk Driving,Medium,4.0
ACC22713,27-07-2024,19:39,Karnataka,Bengaluru Urban,15.2822,75.3598,City Road,Rainy,Night,39,Female,Auto,68,Yes,No,No,Poor Weather Visibility,High,5.0
ACC22714,21-11-2024,10:17,Kerala,Thiruvananthapuram,9.6957,76.5519,National Highway,Cloudy,Day,36,Male,Bike,75,Yes,No,No,Drunk Driving,High,8.0
ACC22715,31-08-2023,21:04,Tamil Nadu,Coimbatore,10.6309,78.2537,State Highway,Cloudy,Night,53,Male,Bus,72,Yes,Yes,No,Drunk Driving,High,3.0
ACC22716,10-08-2024,09:20,Tamil Nadu,Tiruchirappalli,11.6587,79.0795,Expressway,Cloudy,Day,30,Male,Auto,95,Yes,No,No,Over Speeding,High,2.0
ACC22717,01-02-2023,12:29,Karnataka,Bengaluru Urban,15.3067,75.4299,State Highway,Clear,Day,28,Male,Car,65,No,No,No,Over Speeding,Medium,3.0
ACC22718,13-03-2023,18:08,Karnataka,Hubballi,15.4154,76.0142,State Highway,Cloudy,Dusk,42,Male,Bike,54,No,No,Yes,Pothole/Bad Road,Medium,0.0
ACC22719,01-08-2024,18:28,Kerala,Thiruvananthapuram,9.8263,76.1164,National Highway,Clear,Dusk,28,Male,Car,62,No,No,No,Over Speeding,Low,1.0
ACC22720,26-08-2022,14:18,Karnataka,Belagavi,15.2142,75.7071,City Road,Clear,Day,37,Male,Bike,54,No,No,Yes,Pothole/Bad Road,Low,0.0
ACC22721,08-03-2022,13:40,Telangana,Hyderabad,17.5313,79.4347,Village Road,Cloudy,Day,45,Male,Auto,74,Yes,No,Yes,Drunk Driving,High,6.0
ACC22722,28-12-2024,18:16,Tamil Nadu,Coimbatore,11.0369,78.1789,State Highway,Foggy,Dusk,54,Male,Bike,76,No,No,No,Poor Weather Visibility,Medium,1.0
ACC22723,20-11-2022,21:32,Telangana,Nizamabad,17.6941,79.5261,City Road,Cloudy,Night,39,Male,Car,53,No,Yes,No,Drowsy Driving,Medium,2.0
ACC22724,07-08-2023,07:56,Kerala,Thiruvananthapuram,9.697,76.0881,Village Road,Cloudy,Day,42,Male,Bike,32,No,No,No,Poor Weather Visibility,Low,0.0
ACC22725,31-07-2022,17:37,Tamil Nadu,Madurai,10.7333,78.5373,National Highway,Clear,Dusk,39,Male,Truck,55,No,No,No,Poor Weather Visibility,Low,0.0
ACC22726,04-01-2022,15:19,Telangana,Nizamabad,17.8958,78.6582,City Road,Clear,Day,50,Female,Bike,57,No,No,No,Poor Weather Visibility,Low,1.0
ACC22727,09-06-2022,05:27,Kerala,Ernakulam,10.7648,76.1532,Village Road,Cloudy,Dawn,34,Male,Car,33,No,No,Yes,Pothole/Bad Road,Low,1.0
ACC22728,26-11-2024,08:30,Tamil Nadu,Salem,10.606,78.2265,Expressway,Rainy,Day,40,Male,Bus,72,No,No,No,Poor Weather Visibility,High,7.0
ACC22729,04-02-2022,08:01,Telangana,Nizamabad,18.4066,79.1244,State Highway,Cloudy,Day,18,Male,Auto,68,No,No,Yes,Pothole/Bad Road,Medium,4.0
ACC22730,12-09-2024,15:25,Karnataka,Mangaluru,15.274,75.1885,Expressway,Clear,Day,21,Male,Car,76,No,Yes,No,Drowsy Driving,Medium,4.0
ACC22731,07-02-2024,00:58,Kerala,Ernakulam,9.7478,76.4379,City Road,Foggy,Night,65,Male,Bus,40,No,No,No,Poor Weather Visibility,Low,0.0
ACC22732,27-11-2024,16:26,Andhra Pradesh,Kurnool,16.4997,80.5194,Village Road,Cloudy,Day,36,Male,Car,46,No,No,No,Signal Jumping,Low,0.0
ACC22733,14-02-2024,07:39,Andhra Pradesh,Nellore,16.0948,80.0368,City Road,Cloudy,Day,52,Male,Bus,47,No,No,No,Poor Weather Visibility,Low,1.0
ACC22734,10-09-2022,06:13,Andhra Pradesh,Visakhapatnam,15.8126,79.4913,National Highway,Rainy,Day,43,Male,Bus,85,No,No,No,Poor Weather Visibility,High,5.0
ACC22735,05-05-2023,06:25,Telangana,Hyderabad,18.3191,78.8651,National Highway,Rainy,Day,41,Female,Car,64,No,No,Yes,Poor Weather Visibility,Medium,4.0
ACC22736,08-07-2024,08:03,Andhra Pradesh,Guntur,15.5065,79.7144,Expressway,Clear,Day,47,Male,Truck,79,No,Yes,No,Drowsy Driving,Medium,4.0
ACC22737,30-11-2024,20:22,Tamil Nadu,Chennai,11.25,78.6234,Village Road,Clear,Night,18,Male,Truck,61,No,Yes,No,Drowsy Driving,Medium,3.0
ACC22738,12-09-2022,21:11,Kerala,Ernakulam,10.5661,76.441,State Highway,Cloudy,Night,24,Male,Auto,41,No,No,Yes,Pothole/Bad Road,Medium,4.0
ACC22739,06-08-2024,18:59,Kerala,Thrissur,10.2779,76.4976,National Highway,Clear,Dusk,29,Male,Car,80,No,No,No,Over Speeding,Medium,3.0
ACC22740,22-07-2022,06:21,Tamil Nadu,Tiruchirappalli,11.2833,78.4567,National Highway,Clear,Day,48,Male,Car,62,Yes,No,No,Drunk Driving,Low,4.0
ACC22741,17-06-2023,09:04,Karnataka,Mangaluru,16.1982,75.0934,Expressway,Clear,Day,65,Male,Car,75,No,Yes,No,Drowsy Driving,Medium,3.0
ACC22742,01-06-2024,07:40,Andhra Pradesh,Visakhapatnam,15.3553,79.4941,City Road,Cloudy,Day,39,Female,Bike,43,No,No,Yes,Pothole/Bad Road,Low,1.0
ACC22743,02-07-2022,09:20,Karnataka,Hubballi,15.3461,75.403,Village Road,Rainy,Day,26,Male,Bike,35,No,Yes,Yes,Poor Weather Visibility,Medium,6.0
ACC22744,05-08-2024,19:55,Karnataka,Mangaluru,15.1542,75.5302,Village Road,Clear,Night,24,Male,Bike,61,Yes,Yes,No,Drunk Driving,High,3.0
ACC22745,24-12-2023,00:43,Kerala,Kollam,10.9583,77.0141,National Highway,Overcast,Night,27,Male,Car,47,No,No,No,Poor Weather Visibility,Low,0.0
ACC22746,04-05-2022,10:12,Kerala,Thiruvananthapuram,10.2861,75.822,Village Road,Clear,Day,41,Male,Car,51,No,No,Yes,Pothole/Bad Road,Medium,1.0
ACC22747,15-10-2022,22:39,Andhra Pradesh,Guntur,16.0408,78.8503,State Highway,Cloudy,Night,32,Male,Car,53,No,No,No,Poor Weather Visibility,Low,
ACC22748,16-04-2024,11:32,Telangana,Hyderabad,17.8989,78.8223,Village Road,Rainy,Day,40,Male,Car,41,No,No,Yes,Poor Weather Visibility,Low,0.0
ACC22749,01-06-2024,17:06,Karnataka,Belagavi,15.5493,76.2191,Village Road,Cloudy,Dusk,43,Male,Car,36,No,No,No,Poor Weather Visibility,Low,1.0
ACC22750,06-05-2024,17:03,Karnataka,Hubballi,15.024,75.5643,State Highway,Clear,Dusk,37,Male,Truck,55,No,No,No,Poor Weather Visibility,Low,0.0
ACC22751,10-02-2022,15:07,Karnataka,Hubballi,15.248,75.3223,Village Road,Clear,Day,40,Male,Bike,40,No,No,No,Signal Jumping,Low,0.0
ACC22752,10-02-2024,19:00,Telangana,Nizamabad,17.7986,79.0929,Village Road,Clear,Night,26,Male,Car,45,No,No,No,Poor Weather Visibility,Low,2.0
ACC22753,30-11-2024,12:43,Telangana,Nizamabad,18.2241,78.8723,Village Road,Clear,Day,39,Male,Truck,48,No,Yes,No,Drowsy Driving,Medium,
ACC22754,05-08-2024,14:36,Karnataka,Belagavi,15.0187,75.7223,National Highway,Rainy,Day,36,Male,Car,54,No,No,Yes,Poor Weather Visibility,Low,4.0
ACC22755,15-11-2024,03:06,Telangana,Nizamabad,17.616,79.0947,City Road,Clear,Night,45,Male,Truck,49,No,Yes,No,Drowsy Driving,Medium,3.0
ACC22756,10-12-2024,14:16,Kerala,Kozhikode,10.6493,76.7525,City Road,Cloudy,Day,46,Female,Truck,25,No,No,No,Poor Weather Visibility,Low,1.0
ACC22757,15-09-2022,08:19,Telangana,Nizamabad,17.8143,78.5564,City Road,Rainy,Day,35,Male,Bus,51,No,No,No,Poor Weather Visibility,Low,2.0
ACC22758,09-01-2023,09:13,Kerala,Kozhikode,10.6989,76.8185,City Road,Clear,Day,37,Female,Bike,64,No,Yes,No,Drowsy Driving,Low,0.0
ACC22759,12-03-2023,08:07,Telangana,Karimnagar,17.8449,78.601,Expressway,Cloudy,Day,19,Male,Car,105,Yes,No,No,Over Speeding,High,8.0
ACC22760,15-11-2022,03:28,Kerala,Thiruvananthapuram,10.8502,76.5348,National Highway,Cloudy,Night,34,Male,Bike,80,Yes,No,No,Drunk Driving,High,6.0
ACC22761,13-03-2024,17:53,Karnataka,Bengaluru Urban,14.9957,75.7269,City Road,Overcast,Dusk,20,Female,Bus,52,No,Yes,No,Drowsy Driving,Low,1.0
ACC22762,30-12-2024,14:31,Telangana,Khammam,18.2996,78.262,City Road,Clear,Day,28,Male,Bike,57,No,No,No,Signal Jumping,Low,0.0
ACC22763,12-08-2024,13:50,Karnataka,Mangaluru,16.0836,76.0049,National Highway,Foggy,Day,34,Male,Bus,98,Yes,Yes,No,Poor Weather Visibility,High,4.0
ACC22764,08-04-2024,19:53,Telangana,Karimnagar,18.395,79.23,City Road,Clear,Night,19,Male,Bus,42,No,No,No,Poor Weather Visibility,Low,1.0
ACC22765,14-01-2023,20:52,Kerala,Kollam,10.6063,76.546,State Highway,Clear,Night,35,Male,Bus,60,No,No,No,Signal Jumping,Medium,3.0
ACC22766,26-01-2022,22:56,Karnataka,Bengaluru Urban,15.1055,75.3602,Village Road,Clear,Night,18,Male,Bike,55,Yes,No,No,Drunk Driving,Medium,2.0
ACC22767,29-01-2022,12:53,Kerala,Thiruvananthapuram,9.7925,76.223,State Highway,Cloudy,Day,59,Male,Bus,47,No,No,Yes,Pothole/Bad Road,Medium,3.0
ACC22768,22-07-2023,17:38,Telangana,Nizamabad,18.052,78.959,State Highway,Rainy,Dusk,32,Female,Bike,57,No,No,No,Poor Weather Visibility,Medium,5.0
ACC22769,03-02-2022,11:32,Karnataka,Belagavi,14.9596,76.2743,State Highway,Rainy,Day,33,Male,Bike,62,No,No,Yes,Poor Weather Visibility,Low,4.0
ACC22770,19-04-2024,01:40,Tamil Nadu,Tiruchirappalli,11.1443,78.752,Expressway,Clear,Night,29,Male,Bike,94,Yes,No,No,Over Speeding,High,6.0
ACC22771,25-11-2022,14:29,Telangana,Nizamabad,18.9046,79.4397,National Highway,Rainy,Day,37,Male,Auto,68,Yes,No,No,Poor Weather Visibility,High,12.0
ACC22772,17-04-2024,06:35,Tamil Nadu,Tiruchirappalli,10.8639,78.9913,National Highway,Rainy,Day,43,Male,Bike,60,No,No,No,Poor Weather Visibility,Medium,4.0
ACC22773,22-02-2023,10:06,Tamil Nadu,Tiruchirappalli,11.38,79.5009,City Road,Foggy,Day,29,Male,Car,37,No,No,No,Poor Weather Visibility,Low,0.0
ACC22774,04-05-2023,15:34,Kerala,Kollam,10.1986,76.0752,State Highway,Clear,Day,33,Male,Bike,47,No,No,No,Signal Jumping,Low,1.0
ACC22775,26-02-2022,17:50,Andhra Pradesh,Nellore,16.7268,79.5321,State Highway,Rainy,Dusk,32,Male,Bike,59,No,No,Yes,Poor Weather Visibility,Medium,3.0
ACC22776,17-10-2023,10:48,Puducherry,Karaikal,11.6951,79.5643,Village Road,Cloudy,Day,18,Male,Bike,37,No,No,No,Poor Weather Visibility,Low,1.0
ACC22777,03-01-2023,12:26,Tamil Nadu,Tiruchirappalli,11.181,79.1597,Expressway,Cloudy,Day,35,Male,Bus,73,No,Yes,No,Drowsy Driving,Medium,2.0
ACC22778,05-06-2022,12:26,Tamil Nadu,Madurai,11.7604,79.2969,State Highway,Clear,Day,45,Male,Bus,62,No,No,Yes,Pothole/Bad Road,Low,1.0
ACC22779,04-07-2024,05:19,Puducherry,Karaikal,11.5912,79.8909,State Highway,Clear,Dawn,58,Male,Bike,76,No,No,No,Over Speeding,Low,0.0
ACC22780,10-01-2023,15:27,Kerala,Kozhikode,9.7139,77.0764,City Road,Clear,Day,45,Female,Truck,50,No,No,No,Signal Jumping,Low,0.0
ACC22781,19-06-2024,13:11,Telangana,Warangal,17.288,78.9537,Village Road,Rainy,Day,40,Female,Car,57,No,No,Yes,Poor Weather Visibility,Medium,3.0
ACC22782,19-02-2022,12:37,Karnataka,Mangaluru,15.6566,75.8232,Village Road,Rainy,Day,22,Female,Bike,39,No,No,No,Poor Weather Visibility,Low,2.0
ACC22783,24-05-2022,10:14,Karnataka,Mangaluru,15.6734,76.0398,State Highway,Rainy,Day,31,Male,Bike,53,No,No,Yes,Poor Weather Visibility,Medium,4.0
ACC22784,30-07-2022,02:32,Telangana,Warangal,17.455,79.3056,City Road,Clear,Night,49,Female,Auto,60,No,No,No,Over Speeding,Medium,1.0
ACC22785,01-02-2023,01:38,Tamil Nadu,Salem,12.0352,79.0742,National Highway,Cloudy,Night,49,Male,Car,66,No,No,No,Poor Weather Visibility,Medium,4.0
ACC22786,21-02-2024,18:03,Karnataka,Hubballi,15.0864,74.9377,City Road,Rainy,Dusk,18,Male,Car,51,No,Yes,No,Poor Weather Visibility,Low,1.0
ACC22787,03-07-2024,10:40,Karnataka,Mysuru,14.0448,76.1224,Expressway,Clear,Day,58,Female,Bus,93,No,No,No,Over Speeding,Medium,2.0
ACC22788,28-08-2024,21:18,Karnataka,Belagavi,15.3634,75.6731,State Highway,Clear,Night,18,Male,Car,86,Yes,No,Yes,Over Speeding,High,7.0
ACC22789,08-07-2024,20:26,Tamil Nadu,Madurai,11.3018,79.0956,City Road,Rainy,Night,18,Male,Car,27,No,Yes,Yes,Poor Weather Visibility,Medium,2.0
ACC22790,01-08-2024,20:34,Karnataka,Mysuru,14.9986,75.6399,Expressway,Rainy,Night,39,Female,Bike,92,No,Yes,No,Over Speeding,High,5.0
ACC22791,24-10-2023,21:34,Tamil Nadu,Madurai,11.1976,78.8044,City Road,Rainy,Night,31,Male,Auto,42,No,Yes,No,Poor Weather Visibility,Medium,1.0
ACC22792,17-07-2022,02:23,Kerala,Kollam,10.2921,75.592,City Road,Clear,Night,27,Male,Truck,44,Yes,No,No,Drunk Driving,Medium,1.0
ACC22793,05-03-2023,22:02,Andhra Pradesh,Visakhapatnam,15.7986,79.6648,State Highway,Cloudy,Night,42,Female,Bike,76,No,No,No,Over Speeding,Medium,4.0
ACC22794,23-06-2024,12:54,Kerala,Thiruvananthapuram,10.3786,76.4259,Expressway,Cloudy,Day,56,Male,Truck,71,No,No,No,Poor Weather Visibility,Medium,4.0
ACC22795,09-07-2024,01:15,Tamil Nadu,Coimbatore,11.1158,78.0734,City Road,Clear,Night,18,Male,Truck,48,No,No,No,Signal Jumping,Low,0.0
ACC22796,06-04-2022,15:09,Kerala,Kollam,10.4405,76.591,State Highway,Clear,Day,35,Female,Bus,52,No,No,Yes,Pothole/Bad Road,Low,0.0
ACC22797,23-03-2022,05:02,Andhra Pradesh,Kurnool,15.6727,79.8451,State Highway,Overcast,Dawn,18,Female,Bus,61,No,Yes,No,Drowsy Driving,Medium,2.0
ACC22798,09-11-2023,12:28,Tamil Nadu,Madurai,11.584,78.4934,State Highway,Rainy,Day,27,Male,Bus,72,Yes,No,No,Poor Weather Visibility,High,4.0
ACC22799,03-09-2023,11:34,Kerala,Kollam,10.6487,76.5917,National Highway,Clear,Day,35,Female,Auto,69,No,No,No,Over Speeding,Medium,2.0
ACC22800,06-07-2024,11:16,Puducherry,Puducherry,12.3571,78.9773,State Highway,Clear,Day,29,Male,Bus,63,No,Yes,No,Drowsy Driving,Medium,2.0
ACC22801,20-05-2024,17:58,Telangana,Warangal,17.2569,79.1418,State Highway,Clear,Dusk,25,Male,Truck,31,No,No,No,Signal Jumping,Low,1.0
ACC22802,02-12-2024,16:55,Karnataka,Bengaluru Urban,15.9929,76.1367,City Road,Clear,Day,27,Female,Bike,42,No,No,No,Signal Jumping,Low,2.0
ACC22803,29-05-2023,17:55,Karnataka,Mysuru,15.7551,75.6002,State Highway,Rainy,Dusk,18,Male,Bike,59,No,No,No,Poor Weather Visibility,Medium,1.0
ACC22804,25-12-2022,19:03,Tamil Nadu,Salem,10.8859,78.9415,Village Road,Clear,Night,18,Male,Car,46,No,No,No,Poor Weather Visibility,Low,1.0
ACC22805,09-05-2023,11:38,Tamil Nadu,Coimbatore,11.1448,78.861,National Highway,Foggy,Day,30,Male,Car,83,Yes,No,No,Poor Weather Visibility,High,3.0
ACC22806,13-01-2022,16:15,Tamil Nadu,Chennai,11.3077,78.6448,Expressway,Cloudy,Day,58,Male,Car,99,No,No,No,Over Speeding,High,9.0
ACC22807,03-09-2023,07:36,Kerala,Ernakulam,10.5135,77.412,Village Road,Cloudy,Day,58,Female,Auto,38,Yes,No,Yes,Drunk Driving,Medium,1.0
ACC22808,30-12-2024,15:19,Kerala,Kozhikode,10.2733,76.8804,National Highway,Rainy,Day,41,Male,Car,80,No,No,Yes,Poor Weather Visibility,High,5.0
ACC22809,05-01-2024,15:45,Tamil Nadu,Tiruchirappalli,11.236,78.4314,State Highway,Cloudy,Day,29,Male,Truck,61,No,No,No,Poor Weather Visibility,Medium,2.0
ACC22810,07-12-2022,15:14,Karnataka,Mangaluru,15.8408,75.5491,Village Road,Rainy,Day,34,Male,Car,25,No,No,Yes,Poor Weather Visibility,Low,0.0
ACC22811,08-02-2024,09:42,Karnataka,Mangaluru,15.3203,76.2567,State Highway,Overcast,Day,26,Female,Auto,61,No,No,No,Poor Weather Visibility,Low,0.0
ACC22812,25-10-2023,14:43,Telangana,Khammam,17.7766,79.1121,City Road,Clear,Day,43,Male,Auto,59,No,No,No,Signal Jumping,Low,3.0
ACC22813,12-02-2023,14:28,Telangana,Hyderabad,18.4327,79.109,City Road,Overcast,Day,41,Male,Auto,66,No,No,No,Poor Weather Visibility,Medium,2.0
ACC22814,04-06-2022,18:15,Telangana,Karimnagar,17.5344,79.5087,Village Road,Clear,Dusk,27,Male,Car,25,No,No,Yes,Pothole/Bad Road,Low,0.0
ACC22815,20-07-2022,14:17,Kerala,Ernakulam,10.3303,76.4331,Village Road,Clear,Day,50,Male,Auto,35,No,No,Yes,Pothole/Bad Road,Low,0.0
ACC22816,29-09-2024,20:28,Telangana,Nizamabad,17.8139,78.9562,National Highway,Rainy,Night,45,Male,Bus,49,No,No,No,Poor Weather Visibility,Low,1.0
ACC22817,01-02-2024,20:20,Andhra Pradesh,Nellore,15.6556,80.1534,City Road,Cloudy,Night,20,Male,Bus,52,Yes,Yes,No,Drunk Driving,High,5.0
ACC22818,21-10-2023,19:07,Tamil Nadu,Coimbatore,11.52,78.6188,City Road,Cloudy,Night,38,Male,Car,64,Yes,No,Yes,Drunk Driving,High,4.0
ACC22819,30-11-2022,00:04,Tamil Nadu,Tiruchirappalli,11.3045,79.0517,City Road,Clear,Night,34,Male,Bike,56,No,Yes,No,Drowsy Driving,Medium,1.0
ACC22820,18-08-2022,16:00,Kerala,Kollam,10.7167,76.1359,Village Road,Clear,Day,18,Male,Bus,22,No,No,No,Poor Weather Visibility,Low,1.0
ACC22821,21-10-2023,12:16,Andhra Pradesh,Vijayawada,16.1484,78.9767,Village Road,Rainy,Day,43,Male,Auto,57,Yes,No,No,Poor Weather Visibility,High,5.0
ACC22822,09-07-2022,12:04,Andhra Pradesh,Visakhapatnam,15.9066,79.9447,City Road,Rainy,Day,40,Female,Bus,65,No,Yes,No,Poor Weather Visibility,Medium,4.0
ACC22823,08-07-2023,09:20,Kerala,Thiruvananthapuram,9.8476,76.7406,City Road,Rainy,Day,49,Male,Car,43,No,No,No,Poor Weather Visibility,Medium,1.0
ACC22824,03-10-2022,03:14,Kerala,Kozhikode,10.4055,76.4054,National Highway,Cloudy,Night,33,Female,Car,84,No,No,No,Over Speeding,Medium,4.0
ACC22825,17-11-2024,10:35,Andhra Pradesh,Guntur,16.0306,79.8305,Village Road,Cloudy,Day,33,Male,Truck,39,No,Yes,Yes,Drowsy Driving,Medium,0.0
ACC22826,26-11-2024,08:25,Andhra Pradesh,Kurnool,15.7278,80.0324,Village Road,Rainy,Day,27,Male,Bike,35,No,No,Yes,Poor Weather Visibility,Low,0.0
ACC22827,27-06-2024,00:25,Tamil Nadu,Salem,11.3574,78.4365,Expressway,Clear,Night,28,Male,Car,95,Yes,No,No,Over Speeding,High,5.0
ACC22828,20-02-2023,13:57,Kerala,Ernakulam,10.2592,76.1944,Expressway,Clear,Day,18,Male,Bus,70,No,No,No,Over Speeding,Medium,0.0
ACC22829,24-03-2024,13:56,Karnataka,Mysuru,15.4633,76.6534,National Highway,Clear,Day,27,Male,Truck,68,No,No,No,Signal Jumping,Low,1.0
ACC22830,15-08-2024,20:03,Kerala,Thiruvananthapuram,9.865,76.2718,City Road,Cloudy,Night,28,Male,Car,51,Yes,No,Yes,Drunk Driving,Medium,1.0
ACC22831,25-01-2023,00:39,Karnataka,Mangaluru,15.561,76.0593,City Road,Rainy,Night,36,Male,Bus,50,No,Yes,Yes,Poor Weather Visibility,Low,1.0
ACC22832,25-05-2023,08:01,Tamil Nadu,Coimbatore,11.1132,78.3578,State Highway,Clear,Day,29,Male,Car,68,No,Yes,Yes,Drowsy Driving,Medium,1.0
ACC22833,25-10-2022,21:29,Telangana,Hyderabad,17.4249,78.9393,City Road,Rainy,Night,23,Male,Bike,54,No,No,Yes,Poor Weather Visibility,High,6.0
ACC22834,27-11-2023,11:47,Kerala,Kozhikode,10.1948,76.4744,Village Road,Cloudy,Day,33,Female,Bus,52,No,No,Yes,Pothole/Bad Road,Medium,4.0