Accident_ID,Date,Time,State,District,Latitude,Longitude,Road_Type,Weather,Light_Condition,Driver_Age,Driver_Gender,Vehicle_Type,Speed_kmph,Alcohol_Involved,Driver_Drowsy,Pothole_Involved,Cause_of_Accident,Severity,Casualties
ACC22835,30-05-2022,09:17,Telangana,Warangal,18.2295,79.9216,National Highway,Clear,Day,27,Male,Bike,64,No,No,No,Over Speeding,Low,3.0
ACC22836,26-03-2024,10:05,Tamil Nadu,Chennai,10.5703,78.57,National Highway,Rainy,Day,29,Male,Truck,57,No,No,No,Poor Weather Visibility,Medium,3.0
ACC22837,25-06-2024,14:55,Tamil Nadu,Madurai,10.2781,78.5823,National Highway,Clear,Day,41,Female,Auto,78,No,No,Yes,Over Speeding,High,3.0
ACC22838,29-08-2022,20:39,Tamil Nadu,Tiruchirappalli,10.6481,78.0714,State Highway,Rainy,Night,20,Female,Car,49,No,No,No,Poor Weather Visibility,Low,0.0
ACC22839,31-03-2024,22:25,Telangana,Hyderabad,17.8794,79.747,City Road,Rainy,Night,48,Male,Bus,51,No,No,No,Poor Weather Visibility,Medium,3.0
ACC22840,20-11-2023,21:07,Kerala,Thiruvananthapuram,10.4746,77.3374,City Road,Rainy,Night,30,Female,Truck,42,No,Yes,No,Poor Weather Visibility,High,4.0
ACC22841,11-11-2023,18:26,Andhra Pradesh,Nellore,15.699,79.5195,National Highway,Rainy,Dusk,30,Male,Bike,77,No,Yes,Yes,Poor Weather Visibility,High,4.0
ACC22842,29-01-2022,13:08,Tamil Nadu,Salem,10.2519,78.6692,City Road,Overcast,Day,50,Male,Bike,47,No,No,No,Signal Jumping,Medium,4.0
ACC22843,13-02-2022,09:34,Andhra Pradesh,Kurnool,15.9705,79.4966,National Highway,Overcast,Day,28,Female,Car,64,No,No,No,Poor Weather Visibility,Medium,3.0
ACC22844,14-12-2023,15:35,Tamil Nadu,Chennai,11.0589,77.9142,City Road,Cloudy,Day,39,Female,Truck,57,No,No,Yes,Pothole/Bad Road,Medium,0.0
ACC22845,12-10-2022,00:18,Telangana,Hyderabad,17.8451,79.1374,Expressway,Overcast,Night,46,Male,Auto,81,No,No,No,Over Speeding,High,4.0
ACC22846,27-08-2022,09:25,Kerala,Kozhikode,9.9783,76.7177,Village Road,Rainy,Day,18,Male,Car,38,No,No,No,Poor Weather Visibility,Low,0.0
ACC22847,25-02-2023,08:42,Telangana,Khammam,18.3736,78.8978,Expressway,Rainy,Day,29,Male,Car,85,No,Yes,No,Poor Weather Visibility,High,3.0
ACC22848,25-01-2023,07:18,Andhra Pradesh,Kurnool,15.9811,79.6936,City Road,Clear,Day,30,Male,Truck,40,No,No,No,Signal Jumping,Low,0.0
ACC22849,31-05-2023,03:36,Kerala,Thrissur,10.0803,75.8718,National Highway,Cloudy,Night,42,Male,Auto,51,No,No,No,Poor Weather Visibility,Medium,3.0
ACC22850,20-04-2024,12:02,Tamil Nadu,Tiruchirappalli,10.6569,77.9923,State Highway,Cloudy,Day,35,Male,Bus,60,No,No,No,Poor Weather Visibility,Low,1.0
ACC22851,26-09-2023,18:02,Andhra Pradesh,Vijayawada,15.9398,79.4297,Village Road,Cloudy,Dusk,43,Male,Car,46,No,No,Yes,Pothole/Bad Road,Low,1.0
ACC22852,12-04-2024,17:50,Andhra Pradesh,Guntur,16.6027,79.5806,City Road,Cloudy,Dusk,61,Male,Truck,40,No,Yes,No,Drowsy Driving,Low,1.0
ACC22853,02-11-2024,19:37,Kerala,Thrissur,10.7616,76.1997,State Highway,Clear,Night,22,Male,Car,45,No,No,No,Poor Weather Visibility,Low,0.0
ACC22854,23-03-2022,08:41,Andhra Pradesh,Nellore,16.3557,79.4024,State Highway,Cloudy,Day,39,Male,Car,59,No,No,No,Poor Weather Visibility,Low,0.0
ACC22855,26-03-2023,19:50,Telangana,Nizamabad,17.6262,78.9464,State Highway,Rainy,Night,35,Male,Truck,87,Yes,No,No,Poor Weather Visibility,High,10.0
ACC22856,11-09-2024,13:42,Andhra Pradesh,Visakhapatnam,16.3181,80.0745,National Highway,Clear,Day,30,Male,Bike,69,Yes,No,No,Drunk Driving,Medium,7.0
ACC22857,17-01-2022,13:20,Andhra Pradesh,Guntur,16.3454,79.9628,National Highway,Overcast,Day,40,Male,Car,106,No,No,No,Over Speeding,High,6.0
ACC22858,09-05-2024,18:10,Kerala,Kollam,9.7389,76.5263,City Road,Rainy,Dusk,25,Male,Car,41,No,No,Yes,Poor Weather Visibility,Low,0.0
ACC22859,15-08-2022,20:44,Karnataka,Bengaluru Urban,15.4623,75.1931,National Highway,Cloudy,Night,28,Male,Car,61,No,No,No,Poor Weather Visibility,Low,3.0
ACC22860,13-01-2023,17:24,Andhra Pradesh,Kurnool,16.0809,79.7464,State Highway,Rainy,Dusk,30,Female,Bike,62,No,No,No,Poor Weather Visibility,Medium,1.0
ACC22861,17-09-2024,12:51,Telangana,Khammam,17.3038,79.0664,State Highway,Clear,Day,42,Female,Car,73,No,No,No,Over Speeding,Low,2.0
ACC22862,05-12-2022,10:42,Andhra Pradesh,Kurnool,16.3575,80.0093,City Road,Clear,Day,26,Male,Bike,38,No,No,No,Poor Weather Visibility,Low,1.0
ACC22863,03-05-2022,12:28,Tamil Nadu,Tiruchirappalli,11.583,79.0123,Village Road,Rainy,Day,18,Male,Bike,28,No,No,Yes,Poor Weather Visibility,Low,1.0
ACC22864,26-02-2024,09:07,Karnataka,Belagavi,14.3495,75.5984,City Road,Clear,Day,49,Male,Car,76,No,Yes,No,Drowsy Driving,Medium,0.0
ACC22865,25-01-2022,22:53,Kerala,Thiruvananthapuram,10.5827,76.0768,Village Road,Cloudy,Night,33,Female,Bike,55,Yes,No,Yes,Drunk Driving,Medium,4.0
ACC22866,12-03-2022,06:59,Kerala,Ernakulam,10.0197,76.4116,City Road,Clear,Day,37,Male,Bike,50,No,No,No,Signal Jumping,Low,0.0
ACC22867,19-02-2022,06:08,Telangana,Nizamabad,17.5585,78.5349,Expressway,Clear,Day,31,Female,Bike,97,No,No,No,Over Speeding,High,5.0
ACC22868,08-05-2022,00:51,Puducherry,Puducherry,11.8418,79.898,National Highway,Rainy,Night,23,Male,Bike,84,Yes,No,No,Poor Weather Visibility,High,7.0
ACC22869,06-05-2024,16:21,Telangana,Nizamabad,17.7211,79.1013,City Road,Clear,Day,42,Male,Bike,51,Yes,No,No,Drunk Driving,Medium,2.0
ACC22870,15-03-2023,08:51,Kerala,Thiruvananthapuram,10.8087,76.4359,State Highway,Rainy,Day,28,Male,Bike,71,No,No,No,Poor Weather Visibility,High,3.0
ACC22871,02-02-2024,20:57,Andhra Pradesh,Nellore,16.4141,79.9542,City Road,Clear,Night,31,Male,Auto,35,No,Yes,No,Drowsy Driving,Low,0.0
ACC22872,25-04-2024,12:42,Telangana,Khammam,18.0847,80.409,City Road,Rainy,Day,60,Male,Bike,33,No,No,No,Poor Weather Visibility,Low,0.0
ACC22873,31-08-2023,09:34,Tamil Nadu,Tiruchirappalli,11.6999,78.0927,City Road,Clear,Day,60,Male,Car,42,No,No,No,Signal Jumping,Low,0.0
ACC22874,14-06-2023,21:54,Karnataka,Hubballi,15.7445,75.1696,City Road,Clear,Night,27,Female,Bike,48,No,No,No,Signal Jumping,Low,1.0
ACC22875,06-09-2023,15:41,Tamil Nadu,Madurai,11.2943,78.7083,National Highway,Clear,Day,53,Male,Truck,56,No,No,No,Poor Weather Visibility,Low,0.0
ACC22876,19-02-2023,17:03,Andhra Pradesh,Guntur,14.8674,79.6124,Village Road,Clear,Dusk,42,Male,Car,28,No,No,No,Poor Weather Visibility,Low,1.0
ACC22877,28-03-2024,13:45,Telangana,Nizamabad,17.8106,79.8355,Village Road,Cloudy,Day,25,Female,Bike,49,Yes,No,No,Drunk Driving,Medium,1.0
ACC22878,24-04-2022,17:52,Tamil Nadu,Madurai,11.1306,78.0973,City Road,Clear,Dusk,48,Male,Bus,33,No,No,No,Signal Jumping,Low,2.0
ACC22879,16-09-2023,15:13,Tamil Nadu,Coimbatore,10.6416,78.6854,City Road,Foggy,Day,34,Male,Bike,38,No,No,No,Poor Weather Visibility,Low,0.0
ACC22880,30-11-2023,03:21,Tamil Nadu,Tiruchirappalli,11.1577,79.3086,Expressway,Cloudy,Night,41,Male,Truck,84,No,Yes,No,Over Speeding,High,6.0
ACC22881,14-04-2024,16:21,Andhra Pradesh,Guntur,15.9608,80.0057,National Highway,Clear,Day,37,Male,Car,82,No,No,No,Over Speeding,Medium,3.0
ACC22882,30-01-2022,09:26,Karnataka,Belagavi,15.3462,75.4899,City Road,Clear,Day,34,Female,Car,49,No,No,No,Poor Weather Visibility,Low,0.0
ACC22883,08-12-2023,19:12,Tamil Nadu,Salem,11.488,77.7489,City Road,Clear,Night,41,Male,Car,50,No,No,Yes,Pothole/Bad Road,Low,1.0
ACC22884,05-07-2024,11:29,Karnataka,Mangaluru,15.6123,74.8538,State Highway,Rainy,Day,37,Male,Bike,60,No,No,Yes,Poor Weather Visibility,Medium,3.0
ACC22885,23-02-2024,21:21,Karnataka,Bengaluru Urban,15.2411,75.0354,National Highway,Clear,Night,18,Male,Car,65,No,No,No,Over Speeding,Low,0.0
ACC22886,15-05-2024,07:38,Karnataka,Hubballi,15.4372,75.8971,Village Road,Rainy,Day,31,Male,Bike,40,No,No,No,Poor Weather Visibility,Medium,3.0
ACC22887,22-10-2023,07:36,Kerala,Kollam,9.577,76.2975,Village Road,Overcast,Day,43,Male,Bike,39,No,No,Yes,Pothole/Bad Road,Low,0.0
ACC22888,12-12-2022,16:25,Andhra Pradesh,Kurnool,16.1025,79.7855,City Road,Rainy,Day,19,Male,Bike,51,No,No,No,Poor Weather Visibility,Low,0.0
ACC22889,05-08-2024,14:40,Karnataka,Bengaluru Urban,15.9908,75.415,National Highway,Clear,Day,31,Male,Auto,74,No,No,No,Over Speeding,Medium,3.0
ACC22890,04-09-2024,18:02,Kerala,Thrissur,10.509,75.8039,City Road,Overcast,Dusk,18,Male,Car,53,No,No,No,Poor Weather Visibility,Low,1.0
ACC22891,23-12-2023,08:45,Tamil Nadu,Chennai,11.5626,78.8983,Expressway,Cloudy,Day,43,Female,Car,55,No,Yes,No,Drowsy Driving,Medium,1.0
ACC22892,06-03-2024,10:22,Puducherry,Karaikal,12.2733,79.6235,Village Road,Clear,Day,31,Male,Auto,37,No,No,Yes,Pothole/Bad Road,Low,0.0
ACC22893,06-05-2022,22:48,Tamil Nadu,Madurai,10.8917,77.6902,Village Road,Clear,Night,24,Male,Truck,56,No,Yes,No,Drowsy Driving,Medium,1.0
ACC22894,08-06-2023,18:36,Kerala,Thrissur,10.0621,76.5,State Highway,Clear,Dusk,51,Male,Bus,68,No,Yes,No,Drowsy Driving,Medium,4.0
ACC22895,23-01-2022,07:05,Puducherry,Puducherry,11.9639,79.5622,City Road,Clear,Day,29,Male,Auto,57,No,No,No,Signal Jumping,Medium,4.0
ACC22896,21-01-2024,07:35,Karnataka,Mysuru,14.958,76.1188,National Highway,Cloudy,Day,28,Male,Bike,78,No,No,No,Over Speeding,Medium,3.0
ACC22897,12-02-2023,07:29,Karnataka,Bengaluru Urban,14.5903,76.3337,City Road,Rainy,Day,38,Male,Car,76,Yes,No,No,Poor Weather Visibility,High,9.0
ACC22898,13-11-2024,02:45,Andhra Pradesh,Vijayawada,15.9977,78.9545,City Road,Clear,Night,18,Male,Bike,45,No,No,No,Poor Weather Visibility,Low,2.0
ACC22899,01-12-2024,17:11,Kerala,Thiruvananthapuram,10.3061,77.4288,City Road,Clear,Dusk,54,Female,Truck,45,No,Yes,No,Drowsy Driving,Low,1.0
ACC22900,01-03-2022,13:08,Karnataka,Hubballi,15.2332,75.5212,Expressway,Overcast,Day,22,Female,Truck,83,No,No,Yes,Over Speeding,Medium,5.0
ACC22901,13-08-2022,21:16,Kerala,Ernakulam,9.8294,76.68,Expressway,Overcast,Night,41,Male,Bus,97,No,No,No,Over Speeding,High,6.0
ACC22902,18-01-2024,14:45,Telangana,Karimnagar,17.4976,78.7486,City Road,Rainy,Day,48,Male,Bike,61,No,No,No,Poor Weather Visibility,Medium,4.0
ACC22903,15-09-2023,19:53,Andhra Pradesh,Visakhapatnam,15.9966,78.9494,City Road,Cloudy,Night,47,Female,Truck,24,No,No,Yes,Pothole/Bad Road,Low,2.0
ACC22904,10-06-2022,10:27,Karnataka,Mysuru,15.4668,76.1992,Village Road,Cloudy,Day,63,Male,Car,18,No,No,No,Poor Weather Visibility,Low,1.0
ACC22905,05-11-2022,15:39,Andhra Pradesh,Guntur,16.3988,79.7348,Expressway,Clear,Day,37,Male,Auto,86,No,No,No,Over Speeding,Medium,2.0
ACC22906,26-04-2024,09:36,Telangana,Warangal,18.4248,79.2123,City Road,Clear,Day,54,Male,Bike,54,No,No,No,Signal Jumping,Low,1.0
ACC22907,18-04-2023,16:41,Tamil Nadu,Salem,11.1441,78.383,Village Road,Cloudy,Day,45,Male,Bike,30,No,No,No,Signal Jumping,Low,1.0
ACC22908,20-04-2023,07:56,Andhra Pradesh,Kurnool,16.2882,80.015,Village Road,Cloudy,Day,38,Male,Bike,56,No,No,No,Poor Weather Visibility,Low,0.0
ACC22909,11-01-2022,15:09,Kerala,Kollam,10.1565,76.213,State Highway,Clear,Day,44,Male,Auto,55,No,No,No,Signal Jumping,Low,1.0
ACC22910,06-07-2024,09:01,Andhra Pradesh,Guntur,15.8147,79.2317,National Highway,Rainy,Day,47,Male,Bike,85,No,No,Yes,Poor Weather Visibility,High,4.0
ACC22911,05-03-2023,15:47,Tamil Nadu,Madurai,11.7109,78.0498,Village Road,Overcast,Day,35,Male,Bike,31,No,No,No,Signal Jumping,Low,0.0
ACC22912,30-05-2023,18:30,Tamil Nadu,Tiruchirappalli,10.8774,78.9158,City Road,Foggy,Dusk,44,Male,Car,65,No,No,No,Poor Weather Visibility,Medium,2.0
ACC22913,15-05-2024,19:38,Karnataka,Mysuru,15.4926,75.6153,State Highway,Clear,Night,18,Male,Bus,68,No,Yes,Yes,Drowsy Driving,Medium,0.0
ACC22914,07-07-2022,09:36,Telangana,Karimnagar,17.6037,78.4643,City Road,Clear,Day,18,Male,Bike,50,No,No,Yes,Pothole/Bad Road,Low,0.0
ACC22915,27-06-2024,06:25,Karnataka,Mangaluru,15.0479,75.7915,City Road,Clear,Day,43,Male,Car,64,Yes,No,No,Drunk Driving,Low,3.0
ACC22916,22-12-2024,14:30,Karnataka,Bengaluru Urban,16.2777,76.2547,City Road,Foggy,Day,55,Male,Auto,50,No,No,No,Poor Weather Visibility,Low,
ACC22917,10-08-2024,19:55,Andhra Pradesh,Kurnool,15.2794,79.7671,City Road,Clear,Night,26,Male,Bus,48,No,No,Yes,Pothole/Bad Road,Low,2.0
ACC22918,21-02-2024,15:35,Tamil Nadu,Madurai,11.3818,78.4826,State Highway,Cloudy,Day,18,Male,Car,50,No,No,No,Poor Weather Visibility,Low,1.0
ACC22919,13-10-2024,16:54,Karnataka,Hubballi,14.9746,75.8524,City Road,Cloudy,Day,46,Male,Car,41,No,No,No,Poor Weather Visibility,Low,1.0
ACC22920,29-12-2024,12:05,Kerala,Kollam,10.3343,75.5718,Village Road,Rainy,Day,39,Male,Car,55,No,No,Yes,Poor Weather Visibility,Low,0.0
ACC22921,24-09-2023,21:44,Karnataka,Hubballi,15.0182,76.3441,State Highway,Rainy,Night,18,Male,Car,54,No,No,Yes,Poor Weather Visibility,Medium,1.0
ACC22922,15-03-2023,01:22,Kerala,Thrissur,10.9669,75.7483,Village Road,Cloudy,Night,54,Male,Car,27,No,No,Yes,Pothole/Bad Road,Low,0.0
ACC22923,28-10-2024,07:51,Kerala,Thiruvananthapuram,9.4421,76.9894,Expressway,Clear,Day,29,Male,Auto,72,No,No,No,Over Speeding,Low,0.0
ACC22924,21-10-2023,15:14,Tamil Nadu,Salem,11.1121,78.3118,Village Road,Clear,Day,29,Male,Bus,41,No,No,No,Signal Jumping,Low,1.0
ACC22925,06-01-2024,10:28,Tamil Nadu,Chennai,11.1685,78.3937,City Road,Rainy,Day,30,Female,Bus,39,No,No,No,Poor Weather Visibility,Low,2.0
ACC22926,25-07-2023,04:55,Telangana,Nizamabad,17.4868,79.2415,State Highway,Rainy,Night,42,Male,Auto,56,No,No,No,Poor Weather Visibility,Medium,6.0
ACC22927,27-11-2024,06:45,Karnataka,Belagavi,15.6365,74.8409,City Road,Rainy,Day,44,Female,Bike,48,No,No,No,Poor Weather Visibility,Medium,0.0
ACC22928,08-08-2023,09:22,Tamil Nadu,Salem,11.402,78.8498,State Highway,Rainy,Day,31,Male,Auto,68,No,No,Yes,Poor Weather Visibility,Medium,3.0
ACC22929,03-10-2023,21:01,Tamil Nadu,Chennai,10.9165,78.559,National Highway,Clear,Night,32,Male,Car,56,No,No,No,Signal Jumping,Low,0.0
ACC22930,25-10-2022,10:45,Karnataka,Mysuru,16.1127,75.8964,Expressway,Rainy,Day,63,Female,Bus,81,No,No,No,Poor Weather Visibility,High,6.0
ACC22931,18-11-2024,14:13,Telangana,Karimnagar,17.8594,78.9802,National Highway,Clear,Day,39,Female,Car,70,No,No,No,Over Speeding,Low,1.0
ACC22932,21-09-2023,16:34,Tamil Nadu,Chennai,10.8532,79.1397,City Road,Clear,Day,20,Male,Auto,52,No,Yes,No,Drowsy Driving,Low,1.0
ACC22933,29-06-2023,16:53,Puducherry,Puducherry,11.341,79.9472,State Highway,Foggy,Day,45,Male,Car,48,No,Yes,Yes,Poor Weather Visibility,Medium,4.0
ACC22934,19-06-2023,16:56,Tamil Nadu,Salem,10.651,77.9399,Village Road,Clear,Day,54,Male,Bike,35,No,No,No,Poor Weather Visibility,Low,2.0
ACC22935,18-11-2024,13:21,Kerala,Kozhikode,10.1813,75.2097,National Highway,Cloudy,Day,34,Male,Truck,69,No,No,No,Poor Weather Visibility,Medium,1.0
ACC22936,25-04-2024,17:23,Andhra Pradesh,Vijayawada,16.3839,79.9545,Village Road,Rainy,Dusk,27,Male,Bike,19,No,No,Yes,Poor Weather Visibility,Low,2.0
ACC22937,26-01-2024,08:05,Kerala,Kollam,9.5936,76.3062,City Road,Cloudy,Day,18,Male,Bus,58,No,Yes,No,Signal Jumping,Medium,2.0
ACC22938,02-03-2024,16:27,Karnataka,Bengaluru Urban,15.2015,75.6843,City Road,Rainy,Day,39,Male,Bus,73,Yes,Yes,No,Poor Weather Visibility,High,7.0
ACC22939,27-02-2023,20:10,Karnataka,Mangaluru,14.6518,75.2079,City Road,Clear,Night,55,Female,Car,30,No,No,Yes,Pothole/Bad Road,Low,1.0
ACC22940,10-05-2023,16:08,Kerala,Kollam,10.6914,76.2702,City Road,Rainy,Day,45,Female,Auto,50,No,No,No,Poor Weather Visibility,Medium,1.0
ACC22941,06-03-2023,19:56,Telangana,Karimnagar,17.7018,79.1249,State Highway,Clear,Night,36,Male,Car,61,Yes,Yes,No,Drunk Driving,Medium,1.0
ACC22942,19-01-2023,16:03,Karnataka,Mysuru,14.8784,76.3088,Village Road,Clear,Day,40,Male,Car,43,No,No,No,Signal Jumping,Low,1.0
ACC22943,01-11-2022,09:57,Karnataka,Hubballi,15.4462,75.4099,Village Road,Overcast,Day,44,Female,Bike,51,No,No,No,Poor Weather Visibility,Low,3.0
ACC22944,17-07-2024,14:37,Karnataka,Belagavi,14.8022,74.9412,City Road,Foggy,Day,30,Male,Bike,60,Yes,No,Yes,Poor Weather Visibility,High,5.0
ACC22945,21-12-2023,11:42,Puducherry,Puducherry,11.7719,79.7477,State Highway,Cloudy,Day,18,Male,Bike,62,No,Yes,No,Drowsy Driving,Medium,4.0
ACC22946,27-04-2022,17:18,Karnataka,Hubballi,15.1262,75.5511,City Road,Clear,Dusk,43,Male,Bike,35,No,No,No,Poor Weather Visibility,Low,1.0
ACC22947,23-05-2022,11:42,Tamil Nadu,Coimbatore,11.9618,78.2735,Village Road,Clear,Day,31,Male,Car,51,Yes,No,Yes,Drunk Driving,Medium,2.0
ACC22948,01-08-2022,16:31,Telangana,Karimnagar,18.3928,79.0346,National Highway,Rainy,Day,40,Male,Bike,68,No,No,No,Poor Weather Visibility,Medium,3.0
ACC22949,26-10-2023,12:18,Tamil Nadu,Salem,11.7419,79.0303,State Highway,Clear,Day,46,Male,Bike,88,Yes,Yes,No,Over Speeding,High,8.0
ACC22950,20-07-2023,07:09,Telangana,Karimnagar,18.5735,77.9569,State Highway,Cloudy,Day,21,Female,Bike,37,No,No,No,Poor Weather Visibility,Low,0.0
ACC22951,03-08-2022,22:48,Andhra Pradesh,Vijayawada,16.0677,79.7485,State Highway,Clear,Night,40,Male,Bus,53,No,No,No,Signal Jumping,Low,1.0
ACC22952,19-07-2024,17:21,Telangana,Nizamabad,18.4169,79.318,National Highway,Cloudy,Dusk,18,Male,Auto,76,Yes,No,No,Drunk Driving,High,5.0
ACC22953,21-06-2024,12:30,Karnataka,Bengaluru Urban,15.5905,75.7892,City Road,Cloudy,Day,34,Male,Car,24,No,No,No,Poor Weather Visibility,Low,0.0
ACC22954,24-07-2023,00:09,Telangana,Hyderabad,18.2334,79.3598,City Road,Cloudy,Night,61,Male,Bike,55,No,No,No,Signal Jumping,Medium,6.0
ACC22955,15-08-2022,09:51,Tamil Nadu,Salem,10.8861,78.3607,City Road,Clear,Day,25,Female,Bike,53,No,No,No,Signal Jumping,Medium,4.0
ACC22956,25-09-2024,16:10,Telangana,Hyderabad,17.083,79.1265,National Highway,Foggy,Day,40,Female,Truck,66,No,No,No,Poor Weather Visibility,Medium,2.0
ACC22957,09-10-2023,21:25,Karnataka,Mangaluru,15.7383,75.6614,State Highway,Overcast,Night,21,Male,Car,56,No,No,No,Signal Jumping,Medium,2.0
ACC22958,12-05-2023,11:27,Kerala,Thiruvananthapuram,10.4912,76.6261,Expressway,Foggy,Day,43,Male,Car,82,No,No,No,Poor Weather Visibility,High,
ACC22959,17-07-2023,20:11,Telangana,Nizamabad,17.74,79.332,City Road,Clear,Night,33,Male,Bike,58,Yes,No,No,Drunk Driving,Medium,1.0
ACC22960,08-03-2023,20:05,Andhra Pradesh,Nellore,15.4413,79.2075,Expressway,Cloudy,Night,21,Male,Car,67,No,No,No,Poor Weather Visibility,Medium,
ACC22961,19-05-2024,05:48,Karnataka,Bengaluru Urban,15.7302,75.5461,National Highway,Clear,Dawn,18,Female,Car,87,Yes,No,No,Over Speeding,High,4.0
ACC22962,28-06-2024,16:37,Karnataka,Hubballi,15.6521,75.4909,Expressway,Clear,Day,45,Male,Car,84,No,No,No,Over Speeding,Medium,3.0
ACC22963,25-12-2022,10:45,Andhra Pradesh,Visakhapatnam,15.6503,79.5517,State Highway,Clear,Day,37,Male,Bike,54,No,No,Yes,Pothole/Bad Road,Low,0.0
ACC22964,15-04-2022,14:26,Kerala,Ernakulam,10.1098,76.1132,Village Road,Rainy,Day,33,Male,Car,32,No,No,No,Poor Weather Visibility,Low,1.0
ACC22965,15-05-2023,11:01,Karnataka,Hubballi,14.7807,75.2037,City Road,Rainy,Day,29,Female,Car,41,No,No,No,Poor Weather Visibility,Low,3.0
ACC22966,22-12-2024,09:19,Karnataka,Belagavi,15.3286,75.3222,City Road,Foggy,Day,33,Male,Bike,66,No,No,No,Poor Weather Visibility,Medium,1.0
ACC22967,28-08-2023,23:20,Telangana,Warangal,17.6657,78.9438,Expressway,Cloudy,Night,32,Male,Auto,66,No,No,No,Poor Weather Visibility,Medium,6.0
ACC22968,13-06-2022,03:38,Tamil Nadu,Salem,10.4668,79.1965,City Road,Rainy,Night,18,Male,Truck,48,No,No,Yes,Poor Weather Visibility,Medium,3.0
ACC22969,08-09-2022,15:54,Karnataka,Bengaluru Urban,15.6815,75.9952,Village Road,Clear,Day,39,Male,Bike,42,Yes,No,Yes,Drunk Driving,Medium,5.0
ACC22970,29-08-2022,20:32,Andhra Pradesh,Visakhapatnam,15.2269,79.7375,Expressway,Cloudy,Night,27,Male,Truck,71,No,No,No,Poor Weather Visibility,Medium,3.0
ACC22971,20-03-2024,07:13,Kerala,Kozhikode,9.2423,76.261,City Road,Clear,Day,59,Male,Auto,35,No,No,Yes,Pothole/Bad Road,Low,0.0
ACC22972,04-11-2022,21:26,Karnataka,Mysuru,14.7121,75.3986,Village Road,Clear,Night,40,Male,Car,56,No,No,No,Signal Jumping,Medium,1.0
ACC22973,01-01-2023,11:12,Tamil Nadu,Salem,11.2221,78.926,Village Road,Cloudy,Day,23,Male,Car,56,Yes,No,No,Drunk Driving,Medium,4.0
ACC22974,03-08-2022,18:10,Tamil Nadu,Salem,10.8696,79.1774,City Road,Rainy,Dusk,37,Male,Bike,72,No,No,No,Poor Weather Visibility,High,1.0
ACC22975,27-05-2022,09:52,Karnataka,Mysuru,15.1843,75.1822,Village Road,Clear,Day,43,Male,Bike,32,No,No,No,Poor Weather Visibility,Low,0.0
ACC22976,13-04-2023,07:57,Andhra Pradesh,Visakhapatnam,15.8949,79.925,Village Road,Clear,Day,34,Male,Bus,47,No,No,Yes,Pothole/Bad Road,Low,0.0
ACC22977,24-06-2022,22:44,Karnataka,Belagavi,15.5415,75.6821,State Highway,Clear,Night,24,Male,Bike,59,Yes,No,No,Drunk Driving,Medium,2.0
ACC22978,29-04-2023,13:12,Telangana,Warangal,17.5965,78.7107,National Highway,Rainy,Day,39,Male,Car,76,No,No,No,Poor Weather Visibility,Medium,2.0
ACC22979,11-04-2022,20:28,Kerala,Ernakulam,10.3266,75.8271,State Highway,Rainy,Night,62,Male,Bike,50,No,No,Yes,Poor Weather Visibility,Medium,6.0
ACC22980,18-12-2023,21:25,Karnataka,Mangaluru,16.2596,75.7781,Expressway,Clear,Night,33,Male,Bike,92,Yes,No,No,Over Speeding,High,5.0
ACC22981,02-03-2024,12:04,Andhra Pradesh,Guntur,16.4494,80.1985,National Highway,Cloudy,Day,26,Male,Bike,70,No,No,No,Signal Jumping,Medium,2.0
ACC22982,23-09-2022,13:37,Karnataka,Mysuru,15.5042,75.565,State Highway,Rainy,Day,25,Male,Auto,77,No,Yes,No,Poor Weather Visibility,High,3.0
ACC22983,17-02-2023,09:55,Telangana,Hyderabad,18.5948,79.188,State Highway,Rainy,Day,41,Male,Truck,85,No,No,No,Poor Weather Visibility,High,4.0
ACC22984,06-03-2024,16:40,Karnataka,Hubballi,15.1855,75.6331,Expressway,Clear,Day,53,Female,Car,79,No,No,No,Over Speeding,Medium,
ACC22985,19-01-2022,21:02,Tamil Nadu,Madurai,11.4736,78.5766,State Highway,Clear,Night,45,Male,Truck,65,No,No,Yes,Pothole/Bad Road,Medium,3.0
ACC22986,22-10-2023,14:57,Puducherry,Puducherry,12.2187,79.3232,City Road,Rainy,Day,18,Male,Car,49,No,No,Yes,Poor Weather Visibility,Medium,4.0
ACC22987,25-06-2023,17:33,Kerala,Ernakulam,10.683,76.63,Village Road,Clear,Dusk,18,Male,Bike,46,No,Yes,No,Drowsy Driving,Medium,4.0
ACC22988,15-10-2024,21:13,Telangana,Khammam,17.6624,79.4801,National Highway,Foggy,Night,46,Male,Auto,59,No,No,No,Poor Weather Visibility,High,10.0
ACC22989,22-04-2022,21:42,Tamil Nadu,Coimbatore,11.129,78.8007,City Road,Rainy,Night,33,Female,Bike,59,Yes,No,No,Poor Weather Visibility,High,8.0
ACC22990,05-06-2023,20:35,Tamil Nadu,Coimbatore,10.3042,78.8817,City Road,Clear,Night,21,Male,Truck,62,No,Yes,No,Drowsy Driving,Low,0.0
ACC22991,07-09-2024,22:16,Kerala,Ernakulam,10.1746,76.7786,City Road,Cloudy,Night,75,Female,Car,63,No,No,No,Poor Weather Visibility,Medium,2.0