Accident_ID,Date,Time,State,District,Latitude,Longitude,Road_Type,Weather,Light_Condition,Driver_Age,Driver_Gender,Vehicle_Type,Speed_kmph,Alcohol_Involved,Driver_Drowsy,Pothole_Involved,Cause_of_Accident,Severity,Casualties
ACC22992,19-04-2022,17:06,Telangana,Karimnagar,17.9564,78.6223,Expressway,Clear,Dusk,23,Male,Bike,75,No,No,No,Over Speeding,Medium,5.0
ACC22993,04-01-2022,15:08,Tamil Nadu,Chennai,10.6164,79.0195,State Highway,Clear,Day,37,Female,Auto,47,No,No,No,Signal Jumping,Low,2.0
ACC22994,04-07-2024,15:12,Kerala,Thiruvananthapuram,9.9006,76.0357,State Highway,Cloudy,Day,41,Male,Bike,51,No,No,No,Poor Weather Visibility,Medium,3.0
ACC22995,12-07-2024,18:53,Andhra Pradesh,Kurnool,16.4781,80.671,State Highway,Foggy,Dusk,33,Male,Bike,78,No,No,No,Poor Weather Visibility,Medium,5.0
ACC22996,12-12-2022,00:47,Karnataka,Mysuru,14.8122,75.8847,State Highway,Clear,Night,53,Male,Auto,83,Yes,No,Yes,Drunk Driving,High,4.0
ACC22997,02-09-2024,21:45,Karnataka,Bengaluru Urban,15.366,76.2521,Village Road,Rainy,Night,29,Male,Bus,42,No,Yes,No,Poor Weather Visibility,Medium,2.0
ACC22998,17-08-2023,07:29,Telangana,Hyderabad,18.1016,79.0708,Expressway,Overcast,Day,32,Male,Car,70,No,No,No,Poor Weather Visibility,Medium,3.0
ACC22999,12-03-2024,10:28,Kerala,Kozhikode,10.2863,76.997,State Highway,Cloudy,Day,20,Male,Car,60,No,No,No,Poor Weather Visibility,Low,1.0
ACC23000,01-01-2022,16:38,Andhra Pradesh,Vijayawada,15.5425,80.2604,State Highway,Rainy,Day,39,Female,Truck,85,No,No,No,Poor Weather Visibility,Low,2.0
ACC23001,19-04-2022,18:18,Andhra Pradesh,Vijayawada,15.2911,79.7545,Village Road,Overcast,Dusk,38,Female,Bike,60,No,No,Yes,Pothole/Bad Road,Medium,1.0
ACC23002,22-04-2023,06:26,Telangana,Warangal,18.0249,78.9617,State Highway,Clear,Day,26,Male,Truck,69,No,No,Yes,Pothole/Bad Road,Low,0.0
ACC23003,13-05-2023,00:52,Karnataka,Belagavi,14.9742,75.7611,City Road,Rainy,Night,18,Male,Bike,40,Yes,Yes,No,Poor Weather Visibility,Medium,
ACC23004,14-08-2022,18:25,Kerala,Thrissur,10.4812,75.9278,Village Road,Overcast,Dusk,53,Male,Bike,28,No,Yes,No,Drowsy Driving,Low,0.0
ACC23005,02-09-2024,13:03,Tamil Nadu,Coimbatore,10.4265,78.6615,State Highway,Rainy,Day,20,Female,Bike,75,No,No,No,Poor Weather Visibility,Medium,4.0
ACC23006,07-07-2022,17:47,Karnataka,Mangaluru,14.8985,75.4967,Expressway,Cloudy,Dusk,18,Male,Car,67,No,No,No,Poor Weather Visibility,Low,3.0
ACC23007,15-05-2023,08:30,Telangana,Warangal,18.092,78.9895,State Highway,Clear,Day,48,Male,Car,71,No,No,No,Over Speeding,Low,1.0
ACC23008,03-03-2022,14:03,Puducherry,Puducherry,11.1268,79.337,City Road,Overcast,Day,27,Female,Auto,57,Yes,No,Yes,Drunk Driving,Medium,4.0
ACC23009,23-06-2022,16:50,Karnataka,Belagavi,15.3546,75.664,State Highway,Rainy,Day,40,Male,Car,59,No,No,Yes,Poor Weather Visibility,Medium,1.0
ACC23010,09-12-2024,15:44,Andhra Pradesh,Kurnool,16.0952,79.7724,National Highway,Clear,Day,39,Male,Truck,62,No,No,No,Over Speeding,Medium,3.0
ACC23011,13-04-2024,09:40,Kerala,Kollam,10.7362,76.6074,City Road,Cloudy,Day,44,Male,Car,33,No,No,No,Poor Weather Visibility,Low,1.0
ACC23012,23-11-2024,13:19,Andhra Pradesh,Nellore,15.5614,79.6782,City Road,Cloudy,Day,18,Female,Car,35,No,No,No,Poor Weather Visibility,Low,2.0
ACC23013,26-01-2022,11:13,Karnataka,Bengaluru Urban,15.1919,74.8726,Village Road,Clear,Day,39,Male,Truck,15,No,No,No,Signal Jumping,Low,2.0
ACC23014,22-12-2023,18:46,Karnataka,Belagavi,14.9975,75.8471,Village Road,Rainy,Dusk,22,Male,Auto,51,No,No,No,Poor Weather Visibility,Medium,3.0
ACC23015,09-08-2022,02:22,Tamil Nadu,Salem,11.3087,77.89,City Road,Clear,Night,38,Male,Bike,43,No,No,No,Signal Jumping,Low,0.0
ACC23016,26-06-2022,12:16,Kerala,Ernakulam,10.1646,76.2038,Village Road,Rainy,Day,56,Male,Auto,34,No,No,No,Poor Weather Visibility,Low,0.0
ACC23017,08-10-2023,05:04,Tamil Nadu,Coimbatore,10.6122,79.2548,Village Road,Rainy,Dawn,44,Male,Bike,49,No,No,No,Poor Weather Visibility,Medium,3.0
ACC23018,02-02-2023,10:46,Telangana,Hyderabad,18.1493,79.5093,Expressway,Clear,Day,53,Female,Bike,71,No,No,No,Over Speeding,Low,0.0
ACC23019,03-04-2022,17:00,Karnataka,Mysuru,16.0569,76.2079,State Highway,Overcast,Dusk,24,Male,Bike,83,Yes,No,No,Drunk Driving,High,1.0
ACC23020,01-01-2022,12:44,Andhra Pradesh,Guntur,16.7286,79.068,State Highway,Clear,Day,32,Male,Auto,63,No,No,No,Signal Jumping,Low,2.0
ACC23021,30-12-2024,16:49,Kerala,Thrissur,10.0069,75.5296,City Road,Cloudy,Day,42,Male,Bus,38,No,No,No,Poor Weather Visibility,Low,0.0
ACC23022,24-01-2023,16:01,Karnataka,Belagavi,14.8631,75.446,Village Road,Clear,Day,43,Male,Bike,34,No,No,No,Signal Jumping,Low,
ACC23023,12-02-2024,21:14,Telangana,Khammam,18.3089,79.7491,City Road,Clear,Night,43,Male,Bus,53,No,No,No,Signal Jumping,Low,1.0
ACC23024,31-01-2022,12:14,Telangana,Nizamabad,17.8899,79.1893,City Road,Clear,Day,26,Male,Auto,74,Yes,No,Yes,Drunk Driving,High,5.0
ACC23025,16-12-2022,15:35,Andhra Pradesh,Visakhapatnam,15.7209,79.8857,State Highway,Overcast,Day,28,Female,Car,103,Yes,No,No,Over Speeding,High,10.0
ACC23026,21-01-2023,11:00,Tamil Nadu,Salem,10.9022,78.4105,Village Road,Clear,Day,65,Male,Auto,43,No,No,Yes,Pothole/Bad Road,Low,1.0
ACC23027,16-12-2023,03:27,Kerala,Ernakulam,9.0954,76.3319,Village Road,Rainy,Night,43,Male,Bus,49,No,No,No,Poor Weather Visibility,Low,0.0
ACC23028,24-10-2022,21:59,Andhra Pradesh,Guntur,15.4507,80.3212,City Road,Rainy,Night,45,Female,Bike,49,No,No,No,Poor Weather Visibility,Medium,2.0
ACC23029,01-03-2024,23:06,Tamil Nadu,Salem,10.9228,78.6319,National Highway,Clear,Night,19,Male,Auto,75,No,Yes,No,Drowsy Driving,High,5.0
ACC23030,12-08-2023,07:53,Andhra Pradesh,Visakhapatnam,16.3711,79.8506,State Highway,Cloudy,Day,25,Male,Bike,60,Yes,No,Yes,Drunk Driving,High,8.0
ACC23031,06-12-2024,15:19,Telangana,Hyderabad,17.5904,79.1933,State Highway,Cloudy,Day,19,Female,Bus,48,No,Yes,No,Drowsy Driving,Low,0.0
ACC23032,13-02-2023,18:31,Telangana,Khammam,18.1787,78.8786,Village Road,Overcast,Dusk,51,Female,Bike,62,Yes,No,Yes,Drunk Driving,High,9.0
ACC23033,18-11-2022,09:58,Kerala,Kozhikode,10.3404,75.6267,Expressway,Clear,Day,42,Male,Bike,104,No,No,No,Over Speeding,High,
ACC23034,20-02-2023,12:27,Tamil Nadu,Madurai,11.1597,78.0112,State Highway,Cloudy,Day,54,Male,Auto,54,No,No,No,Poor Weather Visibility,Low,1.0
ACC23035,22-10-2022,18:34,Tamil Nadu,Salem,10.8001,78.7427,Expressway,Clear,Dusk,33,Male,Car,95,Yes,Yes,Yes,Over Speeding,High,8.0
ACC23036,04-03-2024,22:37,Telangana,Karimnagar,17.7077,79.0659,City Road,Clear,Night,40,Female,Car,48,Yes,No,No,Drunk Driving,Low,0.0
ACC23037,07-08-2022,19:22,Tamil Nadu,Salem,10.8605,78.0911,State Highway,Clear,Night,43,Male,Truck,92,Yes,Yes,No,Over Speeding,High,6.0
ACC23038,22-09-2023,17:06,Andhra Pradesh,Guntur,16.2362,79.8972,State Highway,Clear,Dusk,18,Male,Car,53,No,No,No,Signal Jumping,Low,0.0
ACC23039,05-05-2022,13:52,Andhra Pradesh,Guntur,15.8927,78.9855,City Road,Cloudy,Day,27,Male,Bike,58,Yes,No,Yes,Drunk Driving,Medium,4.0
ACC23040,13-10-2023,11:05,Karnataka,Mysuru,15.5245,75.712,Village Road,Clear,Day,18,Male,Bike,56,Yes,No,No,Drunk Driving,Medium,1.0
ACC23041,23-10-2023,17:37,Telangana,Khammam,18.0076,78.2122,National Highway,Overcast,Dusk,29,Male,Truck,89,Yes,Yes,No,Over Speeding,High,8.0
ACC23042,21-10-2023,21:51,Tamil Nadu,Chennai,10.8108,78.6221,Village Road,Cloudy,Night,47,Male,Bus,33,No,No,No,Poor Weather Visibility,Low,2.0
ACC23043,24-06-2022,08:17,Andhra Pradesh,Nellore,15.7757,79.8167,City Road,Clear,Day,44,Male,Bike,15,No,No,No,Signal Jumping,Low,1.0
ACC23044,05-12-2023,06:40,Karnataka,Mysuru,16.2295,75.5382,National Highway,Rainy,Day,33,Male,Auto,88,No,No,No,Over Speeding,High,8.0
ACC23045,15-04-2023,14:11,Telangana,Hyderabad,18.4205,79.0758,Village Road,Cloudy,Day,55,Female,Car,31,No,No,No,Poor Weather Visibility,Low,1.0
ACC23046,31-08-2023,13:46,Karnataka,Bengaluru Urban,14.8814,75.6917,National Highway,Clear,Day,31,Male,Bike,75,No,Yes,Yes,Drowsy Driving,High,3.0
ACC23047,22-04-2023,18:19,Tamil Nadu,Salem,11.12,79.184,City Road,Clear,Dusk,44,Male,Car,49,No,No,Yes,Pothole/Bad Road,Low,2.0
ACC23048,25-02-2024,22:03,Karnataka,Belagavi,15.183,75.3434,National Highway,Overcast,Night,58,Male,Bike,89,Yes,No,No,Over Speeding,High,8.0
ACC23049,23-01-2023,12:03,Kerala,Ernakulam,10.1583,75.603,State Highway,Rainy,Day,46,Male,Auto,56,No,No,No,Poor Weather Visibility,Low,0.0
ACC23050,16-11-2024,07:47,Tamil Nadu,Chennai,11.0894,78.1575,Village Road,Rainy,Day,48,Male,Bike,45,No,No,No,Poor Weather Visibility,Medium,0.0
ACC23051,04-03-2024,20:56,Telangana,Nizamabad,17.7761,79.3964,National Highway,Clear,Night,27,Male,Bus,101,Yes,Yes,No,Over Speeding,High,10.0
ACC23052,09-08-2023,22:44,Andhra Pradesh,Vijayawada,15.5026,80.2214,State Highway,Rainy,Night,46,Female,Auto,64,No,Yes,No,Poor Weather Visibility,High,6.0
ACC23053,28-02-2024,07:32,Karnataka,Hubballi,15.2365,75.7079,State Highway,Rainy,Day,21,Male,Bike,66,No,No,No,Poor Weather Visibility,Medium,0.0
ACC23054,19-09-2024,08:21,Kerala,Thiruvananthapuram,9.3947,76.4963,National Highway,Clear,Day,24,Female,Bike,80,No,Yes,No,Drowsy Driving,High,6.0
ACC23055,11-07-2024,06:53,Puducherry,Puducherry,11.9388,80.4719,Expressway,Cloudy,Day,47,Male,Bike,73,No,No,No,Over Speeding,High,6.0
ACC23056,25-03-2023,19:48,Kerala,Ernakulam,10.3861,75.5819,City Road,Clear,Night,39,Female,Bike,42,No,No,Yes,Pothole/Bad Road,Low,1.0
ACC23057,07-07-2024,13:56,Karnataka,Bengaluru Urban,15.912,75.9394,City Road,Clear,Day,54,Male,Bike,53,No,No,No,Poor Weather Visibility,Low,1.0
ACC23058,18-07-2022,07:02,Andhra Pradesh,Kurnool,16.1185,80.3053,State Highway,Rainy,Day,44,Male,Bike,66,No,No,No,Poor Weather Visibility,Medium,0.0
ACC23059,26-03-2023,02:54,Andhra Pradesh,Kurnool,16.0437,79.165,National Highway,Overcast,Night,39,Female,Bike,74,Yes,No,No,Drunk Driving,High,2.0
ACC23060,14-09-2024,18:02,Andhra Pradesh,Kurnool,16.2824,79.7581,Village Road,Clear,Dusk,50,Male,Bike,53,No,No,No,Signal Jumping,Low,2.0
ACC23061,21-08-2024,12:57,Tamil Nadu,Tiruchirappalli,10.2956,78.3075,Village Road,Clear,Day,28,Female,Auto,39,No,No,No,Signal Jumping,Low,2.0
ACC23062,15-05-2023,04:07,Tamil Nadu,Madurai,10.9618,78.4011,City Road,Clear,Night,25,Male,Bike,46,No,Yes,No,Drowsy Driving,Low,2.0
ACC23063,12-08-2022,07:18,Karnataka,Hubballi,15.6324,75.8699,State Highway,Rainy,Day,64,Male,Auto,60,No,Yes,Yes,Poor Weather Visibility,Medium,3.0
ACC23064,29-08-2022,00:08,Karnataka,Bengaluru Urban,16.137,75.052,Expressway,Rainy,Night,50,Female,Bike,98,Yes,No,No,Over Speeding,High,5.0
ACC23065,03-01-2023,08:21,Telangana,Khammam,17.7243,79.5372,City Road,Rainy,Day,27,Male,Auto,39,No,No,No,Poor Weather Visibility,Low,1.0
ACC23066,24-10-2024,02:36,Tamil Nadu,Tiruchirappalli,11.0923,78.5826,State Highway,Rainy,Night,41,Male,Auto,47,No,No,No,Poor Weather Visibility,Low,2.0
ACC23067,15-03-2023,13:00,Telangana,Hyderabad,18.5241,78.9939,Village Road,Cloudy,Day,24,Male,Auto,37,No,No,No,Poor Weather Visibility,Low,1.0
ACC23068,30-03-2022,11:17,Tamil Nadu,Chennai,10.8638,78.6714,Expressway,Cloudy,Day,47,Male,Bus,71,No,No,No,Poor Weather Visibility,Medium,3.0
ACC23069,19-09-2022,02:45,Karnataka,Belagavi,14.9619,75.9655,State Highway,Overcast,Night,40,Male,Bike,39,No,No,No,Poor Weather Visibility,Low,2.0
ACC23070,19-05-2023,09:01,Karnataka,Mangaluru,14.9644,76.337,State Highway,Rainy,Day,18,Male,Bike,76,No,No,No,Poor Weather Visibility,High,8.0
ACC23071,15-10-2024,12:28,Telangana,Warangal,18.2051,78.4063,State Highway,Overcast,Day,50,Male,Bike,55,No,No,No,Poor Weather Visibility,Low,1.0
ACC23072,07-06-2024,09:58,Telangana,Warangal,17.777,78.8029,City Road,Clear,Day,44,Male,Car,61,Yes,No,No,Drunk Driving,Low,1.0
ACC23073,14-10-2023,20:05,Tamil Nadu,Tiruchirappalli,11.001,78.5412,City Road,Rainy,Night,33,Male,Auto,34,No,No,No,Poor Weather Visibility,Low,0.0
ACC23074,07-04-2022,10:33,Tamil Nadu,Coimbatore,11.0148,78.5618,National Highway,Clear,Day,40,Male,Bike,71,No,No,No,Over Speeding,Medium,7.0
ACC23075,20-05-2022,07:00,Karnataka,Bengaluru Urban,14.703,75.2269,City Road,Clear,Day,40,Male,Auto,55,Yes,No,No,Drunk Driving,Medium,3.0
ACC23076,06-12-2022,04:11,Karnataka,Hubballi,15.4709,75.5439,Village Road,Cloudy,Night,29,Female,Car,44,No,No,No,Poor Weather Visibility,Low,2.0
ACC23077,22-09-2024,19:38,Telangana,Warangal,17.2708,78.7555,Expressway,Foggy,Night,52,Male,Auto,69,No,No,No,Poor Weather Visibility,Medium,2.0
ACC23078,12-07-2022,07:16,Kerala,Thiruvananthapuram,9.4573,76.9048,National Highway,Clear,Day,40,Female,Auto,59,No,No,No,Signal Jumping,Medium,3.0
ACC23079,28-10-2022,14:15,Karnataka,Mysuru,15.347,75.5601,City Road,Clear,Day,35,Male,Car,57,No,Yes,No,Drowsy Driving,Medium,2.0
ACC23080,29-10-2022,10:04,Kerala,Kozhikode,10.9077,75.8513,Village Road,Clear,Day,36,Male,Bus,50,No,No,No,Signal Jumping,Low,0.0
ACC23081,01-10-2024,07:56,Andhra Pradesh,Visakhapatnam,15.623,79.0473,Expressway,Clear,Day,25,Male,Bike,90,No,No,Yes,Over Speeding,Medium,
ACC23082,20-01-2022,19:43,Telangana,Khammam,17.3186,79.1054,National Highway,Overcast,Night,38,Male,Bike,83,No,No,No,Over Speeding,Medium,
ACC23083,01-11-2022,07:37,Telangana,Nizamabad,17.8843,79.6433,Village Road,Foggy,Day,47,Male,Bike,50,No,No,No,Poor Weather Visibility,Medium,1.0
ACC23084,10-06-2023,19:45,Karnataka,Hubballi,14.9565,75.0432,National Highway,Overcast,Night,35,Male,Car,67,No,No,No,Poor Weather Visibility,Medium,3.0
ACC23085,24-09-2023,19:42,Andhra Pradesh,Kurnool,16.1798,79.202,National Highway,Foggy,Night,49,Male,Car,75,Yes,No,Yes,Poor Weather Visibility,High,8.0
ACC23086,10-03-2023,06:44,Puducherry,Karaikal,11.9071,79.5097,City Road,Clear,Day,18,Female,Auto,41,No,No,No,Poor Weather Visibility,Low,1.0
ACC23087,23-08-2023,07:40,Kerala,Thrissur,10.5945,76.1543,National Highway,Clear,Day,38,Male,Bike,86,No,No,No,Over Speeding,Medium,0.0
ACC23088,26-11-2023,21:03,Andhra Pradesh,Guntur,15.5295,79.7476,Village Road,Cloudy,Night,25,Female,Auto,39,No,No,Yes,Pothole/Bad Road,Low,1.0
ACC23089,14-09-2022,07:00,Kerala,Kozhikode,10.8771,76.3145,City Road,Clear,Day,34,Male,Bike,43,No,No,No,Signal Jumping,Low,0.0
ACC23090,30-01-2024,11:00,Karnataka,Hubballi,15.2769,74.8699,Village Road,Clear,Day,39,Male,Bike,32,No,No,Yes,Pothole/Bad Road,Low,0.0
ACC23091,16-11-2023,19:57,Tamil Nadu,Salem,11.263,78.7965,State Highway,Overcast,Night,21,Male,Car,51,No,No,Yes,Signal Jumping,Medium,1.0
ACC23092,28-07-2022,00:34,Tamil Nadu,Chennai,11.2237,78.5674,Village Road,Overcast,Night,32,Male,Bus,49,Yes,No,No,Drunk Driving,Medium,0.0
ACC23093,17-07-2022,07:52,Karnataka,Hubballi,14.4387,75.5964,City Road,Clear,Day,39,Male,Truck,39,No,No,Yes,Signal Jumping,Low,1.0
ACC23094,24-11-2022,15:28,Karnataka,Belagavi,15.7869,76.4279,State Highway,Foggy,Day,28,Male,Car,62,No,No,No,Poor Weather Visibility,Medium,1.0
ACC23095,08-10-2023,01:47,Kerala,Kozhikode,10.2552,77.3483,Village Road,Clear,Night,52,Male,Bike,53,No,No,No,Signal Jumping,Medium,3.0
ACC23096,04-03-2023,13:28,Andhra Pradesh,Guntur,15.6059,80.2873,Village Road,Clear,Day,18,Female,Truck,41,No,No,Yes,Pothole/Bad Road,Low,1.0
ACC23097,04-12-2024,11:55,Andhra Pradesh,Vijayawada,16.1919,80.2006,National Highway,Clear,Day,18,Male,Auto,92,No,Yes,No,Over Speeding,High,4.0
ACC23098,25-06-2022,03:50,Andhra Pradesh,Vijayawada,16.0747,79.2801,City Road,Clear,Night,40,Male,Bus,55,Yes,Yes,No,Drunk Driving,Medium,2.0
ACC23099,31-07-2024,10:42,Kerala,Ernakulam,10.4346,76.3277,Expressway,Clear,Day,41,Male,Bike,96,No,No,No,Over Speeding,High,2.0
ACC23100,29-01-2023,07:35,Kerala,Kozhikode,10.5291,76.1178,Village Road,Cloudy,Day,26,Male,Bike,55,No,No,No,Signal Jumping,Low,2.0
ACC23101,19-03-2024,20:54,Kerala,Kollam,10.7085,76.0027,City Road,Overcast,Night,46,Male,Auto,59,No,Yes,No,Drowsy Driving,High,4.0
ACC23102,26-06-2024,12:07,Andhra Pradesh,Vijayawada,16.0918,80.0194,City Road,Overcast,Day,43,Male,Bike,60,Yes,No,No,Drunk Driving,Medium,0.0
ACC23103,04-06-2024,00:08,Telangana,Warangal,17.7297,78.826,Village Road,Clear,Night,30,Female,Bus,35,No,No,No,Signal Jumping,Low,1.0
ACC23104,02-01-2024,07:58,Karnataka,Mangaluru,15.2882,74.8962,State Highway,Rainy,Day,30,Male,Car,63,No,No,Yes,Poor Weather Visibility,Low,0.0
ACC23105,08-01-2023,18:31,Telangana,Khammam,18.4711,79.1726,City Road,Clear,Dusk,37,Male,Car,53,No,No,No,Poor Weather Visibility,Low,
ACC23106,05-09-2023,13:28,Tamil Nadu,Chennai,11.3543,77.8168,National Highway,Clear,Day,30,Male,Bike,78,No,No,No,Over Speeding,Medium,1.0
ACC23107,23-10-2023,20:25,Tamil Nadu,Tiruchirappalli,11.3395,77.9293,Village Road,Foggy,Night,48,Female,Auto,72,Yes,Yes,Yes,Poor Weather Visibility,High,9.0
ACC23108,27-09-2022,01:01,Telangana,Hyderabad,17.728,79.6231,State Highway,Cloudy,Night,59,Male,Bike,69,No,Yes,Yes,Drowsy Driving,Medium,4.0
ACC23109,26-04-2022,18:20,Tamil Nadu,Tiruchirappalli,11.8217,79.0932,Village Road,Clear,Dusk,36,Female,Auto,30,No,Yes,No,Drowsy Driving,Low,1.0
ACC23110,19-05-2022,14:59,Telangana,Nizamabad,17.4385,78.5848,Village Road,Clear,Day,50,Female,Bike,52,No,No,No,Signal Jumping,Low,1.0
ACC23111,30-04-2024,00:36,Karnataka,Mangaluru,15.4541,76.171,City Road,Cloudy,Night,50,Male,Auto,51,Yes,No,No,Drunk Driving,High,8.0
ACC23112,05-03-2023,00:25,Karnataka,Mangaluru,14.9264,76.4724,City Road,Cloudy,Night,24,Male,Truck,75,Yes,No,Yes,Drunk Driving,High,7.0
ACC23113,28-08-2022,18:18,Telangana,Hyderabad,18.0103,78.6645,National Highway,Overcast,Dusk,28,Male,Auto,77,No,No,No,Over Speeding,High,8.0
ACC23114,18-07-2023,17:25,Andhra Pradesh,Nellore,15.6885,79.4978,National Highway,Overcast,Dusk,46,Male,Car,68,No,No,No,Poor Weather Visibility,Medium,2.0
ACC23115,06-02-2022,16:50,Tamil Nadu,Chennai,11.5436,78.7486,National Highway,Clear,Day,42,Male,Car,70,No,No,No,Over Speeding,Medium,3.0
ACC23116,13-11-2024,11:05,Telangana,Hyderabad,18.2616,79.1307,State Highway,Rainy,Day,42,Male,Auto,54,No,No,Yes,Poor Weather Visibility,Medium,5.0
ACC23117,15-05-2022,14:27,Tamil Nadu,Coimbatore,11.5972,78.7262,Village Road,Clear,Day,18,Male,Car,28,No,No,No,Signal Jumping,Low,0.0
ACC23118,29-12-2024,05:58,Andhra Pradesh,Nellore,15.496,79.6901,National Highway,Cloudy,Dawn,57,Male,Bike,85,No,No,No,Over Speeding,Medium,3.0
ACC23119,03-09-2022,16:50,Telangana,Nizamabad,17.8548,78.7168,State Highway,Foggy,Day,63,Male,Car,64,Yes,No,No,Poor Weather Visibility,High,10.0
ACC23120,14-04-2023,19:14,Telangana,Khammam,18.1764,78.8311,Village Road,Rainy,Night,35,Male,Car,50,No,No,Yes,Poor Weather Visibility,Medium,3.0
ACC23121,07-07-2022,00:53,Kerala,Thrissur,10.1289,75.545,State Highway,Overcast,Night,35,Male,Bike,72,Yes,No,No,Drunk Driving,High,7.0
ACC23122,12-09-2022,09:00,Telangana,Khammam,18.0652,79.4928,City Road,Clear,Day,34,Male,Bike,55,Yes,Yes,No,Drunk Driving,Medium,2.0
ACC23123,05-11-2024,16:20,Andhra Pradesh,Nellore,16.4856,79.6653,City Road,Cloudy,Day,42,Female,Car,52,No,No,No,Poor Weather Visibility,Low,1.0
ACC23124,03-11-2023,01:12,Karnataka,Hubballi,15.8425,75.582,City Road,Overcast,Night,32,Male,Bike,25,No,No,No,Poor Weather Visibility,Low,0.0
ACC23125,18-07-2023,22:06,Puducherry,Puducherry,12.3139,80.0057,Expressway,Clear,Night,24,Male,Bus,93,Yes,No,No,Over Speeding,High,5.0
ACC23126,22-12-2023,21:53,Kerala,Thiruvananthapuram,10.6395,75.9754,State Highway,Rainy,Night,36,Male,Car,60,Yes,Yes,No,Poor Weather Visibility,High,4.0
ACC23127,16-03-2022,09:53,Karnataka,Hubballi,15.4446,75.4116,City Road,Cloudy,Day,21,Male,Bike,46,No,No,Yes,Pothole/Bad Road,Medium,5.0
ACC23128,02-03-2022,18:26,Karnataka,Bengaluru Urban,15.3859,74.7261,State Highway,Cloudy,Dusk,35,Male,Bike,87,Yes,No,No,Over Speeding,High,
ACC23129,25-05-2023,20:56,Tamil Nadu,Chennai,12.2166,77.6167,City Road,Cloudy,Night,32,Male,Car,43,No,Yes,No,Drowsy Driving,Low,1.0
ACC23130,05-10-2022,12:06,Kerala,Kollam,9.5775,76.3911,National Highway,Clear,Day,37,Male,Bus,58,No,No,No,Poor Weather Visibility,Low,2.0
ACC23131,24-04-2023,17:42,Kerala,Kozhikode,10.0906,76.6376,National Highway,Clear,Dusk,36,Male,Car,47,No,No,Yes,Pothole/Bad Road,Low,1.0
ACC23132,14-10-2024,17:04,Tamil Nadu,Chennai,11.2309,78.9217,National Highway,Clear,Dusk,38,Male,Car,65,No,No,No,Over Speeding,Medium,0.0
ACC23133,03-12-2022,09:57,Karnataka,Bengaluru Urban,15.3106,75.912,Village Road,Rainy,Day,33,Male,Car,46,No,No,No,Poor Weather Visibility,Low,0.0
ACC23134,28-07-2022,10:12,Karnataka,Mysuru,15.2577,75.6382,Village Road,Cloudy,Day,50,Male,Car,43,No,No,Yes,Pothole/Bad Road,Low,1.0
ACC23135,25-08-2024,11:05,Telangana,Warangal,18.3789,78.7849,Expressway,Clear,Day,40,Male,Bike,57,No,No,No,Poor Weather Visibility,Low,2.0
ACC23136,26-10-2022,12:12,Tamil Nadu,Tiruchirappalli,11.0223,78.7147,City Road,Clear,Day,41,Male,Car,59,No,No,No,Signal Jumping,Low,1.0
ACC23137,29-09-2024,03:39,Kerala,Thiruvananthapuram,10.1586,76.4251,Expressway,Clear,Night,21,Male,Car,82,No,No,No,Over Speeding,Medium,2.0
ACC23138,18-03-2024,06:57,Andhra Pradesh,Nellore,16.052,80.6527,City Road,Clear,Day,36,Male,Bike,48,No,No,No,Signal Jumping,Low,0.0
ACC23139,08-01-2022,10:18,Kerala,Thiruvananthapuram,9.4841,75.4174,Expressway,Clear,Day,31,Male,Bus,72,No,No,No,Over Speeding,Medium,4.0
ACC23140,10-11-2022,05:51,Karnataka,Mysuru,14.8483,75.5744,National Highway,Clear,Dawn,20,Male,Bus,68,No,Yes,No,Drowsy Driving,Medium,2.0
ACC23141,13-03-2022,08:05,Karnataka,Mysuru,14.8145,76.775,Village Road,Clear,Day,18,Female,Car,50,No,Yes,No,Drowsy Driving,Medium,4.0
ACC23142,03-07-2024,08:17,Tamil Nadu,Coimbatore,11.1879,78.9155,City Road,Clear,Day,30,Male,Car,47,No,No,No,Poor Weather Visibility,Low,0.0
ACC23143,12-04-2023,21:21,Tamil Nadu,Tiruchirappalli,11.4136,78.4747,State Highway,Cloudy,Night,40,Male,Bike,73,No,No,No,Signal Jumping,Medium,2.0
ACC23144,13-10-2024,13:56,Telangana,Hyderabad,18.0394,78.6898,Village Road,Clear,Day,50,Male,Bike,47,No,No,No,Signal Jumping,Low,0.0
ACC23145,26-08-2022,17:30,Karnataka,Belagavi,15.4506,76.2497,City Road,Rainy,Dusk,47,Male,Car,45,No,No,No,Poor Weather Visibility,Low,1.0
ACC23146,14-06-2022,00:09,Kerala,Kollam,10.5728,75.6987,Village Road,Foggy,Night,47,Male,Auto,41,No,No,No,Poor Weather Visibility,Medium,1.0
ACC23147,10-08-2023,00:15,Karnataka,Mysuru,15.6681,75.8042,National Highway,Overcast,Night,29,Female,Truck,96,Yes,No,No,Over Speeding,High,9.0
ACC23148,20-09-2022,16:07,Tamil Nadu,Tiruchirappalli,11.3059,78.1215,State Highway,Overcast,Day,37,Male,Bike,68,No,No,Yes,Pothole/Bad Road,Medium,1.0
ACC23149,04-07-2023,22:50,Karnataka,Mangaluru,15.4173,75.6477,City Road,Overcast,Night,24,Male,Bike,42,No,No,No,Poor Weather Visibility,Low,2.0