Accident_ID,Date,Time,State,District,Latitude,Longitude,Road_Type,Weather,Light_Condition,Driver_Age,Driver_Gender,Vehicle_Type,Speed_kmph,Alcohol_Involved,Driver_Drowsy,Pothole_Involved,Cause_of_Accident,Severity,Casualties
ACC23150,17-10-2024,21:11,Puducherry,Puducherry,12.1639,79.6683,National Highway,Cloudy,Night,33,Male,Bike,74,No,No,No,Over Speeding,High,9.0
ACC23151,10-09-2023,10:01,Karnataka,Hubballi,15.111,76.0933,Expressway,Clear,Day,44,Male,Car,78,No,No,No,Over Speeding,Medium,1.0
ACC23152,26-11-2024,18:06,Karnataka,Bengaluru Urban,15.4925,75.0489,City Road,Rainy,Dusk,18,Female,Car,41,No,No,No,Poor Weather Visibility,Medium,3.0
ACC23153,18-10-2023,11:17,Kerala,Kozhikode,10.2896,76.4712,City Road,Cloudy,Day,42,Male,Car,65,No,No,No,Poor Weather Visibility,Low,1.0
ACC23154,27-08-2023,19:56,Karnataka,Mangaluru,15.9285,76.116,National Highway,Cloudy,Night,47,Male,Auto,75,No,No,No,Over Speeding,High,4.0
ACC23155,28-11-2022,17:01,Tamil Nadu,Tiruchirappalli,11.3649,79.132,City Road,Cloudy,Dusk,41,Male,Bike,55,No,No,No,Poor Weather Visibility,Medium,2.0
ACC23156,20-02-2023,12:17,Karnataka,Hubballi,15.7227,76.372,National Highway,Rainy,Day,26,Female,Car,83,Yes,No,No,Poor Weather Visibility,High,8.0
ACC23157,12-05-2022,07:05,Telangana,Nizamabad,18.7311,79.5639,Expressway,Clear,Day,25,Male,Bike,69,No,No,No,Over Speeding,Medium,3.0
ACC23158,07-05-2023,10:49,Tamil Nadu,Salem,10.7453,78.8084,National Highway,Cloudy,Day,51,Male,Bike,77,No,No,No,Over Speeding,Medium,6.0
ACC23159,23-07-2023,08:18,Tamil Nadu,Madurai,12.2899,78.8852,City Road,Rainy,Day,32,Male,Car,53,No,No,No,Poor Weather Visibility,Low,2.0
ACC23160,23-11-2024,08:19,Andhra Pradesh,Kurnool,16.4518,78.936,Village Road,Cloudy,Day,40,Male,Bike,41,No,No,No,Poor Weather Visibility,Low,1.0
ACC23161,02-04-2024,18:47,Tamil Nadu,Salem,10.8615,78.094,National Highway,Cloudy,Dusk,68,Male,Auto,71,No,No,No,Poor Weather Visibility,Medium,3.0
ACC23162,13-03-2024,11:02,Tamil Nadu,Madurai,11.3305,78.5477,State Highway,Clear,Day,49,Male,Car,56,No,No,No,Signal Jumping,Low,2.0
ACC23163,02-04-2024,20:14,Karnataka,Belagavi,14.9135,75.9427,State Highway,Rainy,Night,43,Female,Bus,77,No,Yes,Yes,Poor Weather Visibility,High,9.0
ACC23164,26-04-2022,15:07,Telangana,Hyderabad,17.4912,79.139,Village Road,Cloudy,Day,53,Female,Bike,47,No,No,Yes,Pothole/Bad Road,Low,1.0
ACC23165,12-03-2024,10:35,Telangana,Khammam,17.8708,79.0601,National Highway,Cloudy,Day,35,Male,Car,55,No,No,No,Poor Weather Visibility,Low,0.0
ACC23166,27-06-2022,08:04,Telangana,Nizamabad,18.6377,79.095,State Highway,Cloudy,Day,73,Male,Car,80,No,No,No,Over Speeding,Medium,2.0
ACC23167,09-10-2023,09:28,Karnataka,Hubballi,15.6923,75.0752,National Highway,Cloudy,Day,31,Male,Bike,64,No,No,No,Poor Weather Visibility,Medium,7.0
ACC23168,14-11-2023,06:49,Telangana,Khammam,17.6919,78.8601,Village Road,Clear,Day,47,Female,Car,44,No,Yes,No,Drowsy Driving,Low,1.0
ACC23169,17-04-2022,20:30,Tamil Nadu,Tiruchirappalli,11.5878,79.0839,National Highway,Overcast,Night,44,Female,Auto,85,No,No,No,Over Speeding,High,8.0
ACC23170,04-09-2023,20:04,Kerala,Kozhikode,10.4399,76.8599,State Highway,Cloudy,Night,26,Male,Car,68,Yes,Yes,No,Drunk Driving,Medium,4.0
ACC23171,15-01-2024,14:42,Kerala,Thiruvananthapuram,10.2649,76.4948,National Highway,Cloudy,Day,37,Male,Bike,60,No,No,No,Poor Weather Visibility,Low,0.0
ACC23172,12-10-2024,13:54,Karnataka,Bengaluru Urban,15.8196,75.5244,National Highway,Rainy,Day,50,Female,Bike,59,No,No,No,Poor Weather Visibility,Low,1.0
ACC23173,27-03-2023,14:04,Puducherry,Karaikal,11.8387,80.6795,Village Road,Foggy,Day,32,Male,Bus,43,No,Yes,No,Poor Weather Visibility,Low,3.0
ACC23174,18-01-2022,15:41,Andhra Pradesh,Kurnool,15.1621,80.2965,City Road,Clear,Day,48,Male,Car,51,No,No,Yes,Pothole/Bad Road,Low,0.0
ACC23175,18-01-2024,16:26,Kerala,Kozhikode,9.9955,76.42,State Highway,Rainy,Day,44,Male,Truck,47,No,No,No,Poor Weather Visibility,Low,1.0
ACC23176,14-03-2022,08:26,Andhra Pradesh,Kurnool,15.645,80.5255,State Highway,Cloudy,Day,19,Male,Car,62,No,No,No,Poor Weather Visibility,Low,1.0
ACC23177,17-12-2023,16:54,Andhra Pradesh,Nellore,16.0128,79.9698,City Road,Foggy,Day,27,Male,Car,50,No,No,No,Poor Weather Visibility,Medium,6.0
ACC23178,04-02-2023,06:30,Tamil Nadu,Tiruchirappalli,11.2247,77.658,State Highway,Cloudy,Day,46,Male,Auto,68,No,No,No,Signal Jumping,Medium,2.0
ACC23179,01-06-2024,16:36,Karnataka,Belagavi,14.7975,75.6228,State Highway,Clear,Day,40,Female,Auto,67,Yes,No,No,Drunk Driving,Medium,3.0
ACC23180,02-12-2022,00:55,Karnataka,Mangaluru,14.3794,75.789,State Highway,Cloudy,Night,53,Male,Bus,57,No,No,Yes,Pothole/Bad Road,Medium,4.0
ACC23181,31-10-2023,18:01,Telangana,Warangal,18.248,78.6265,Village Road,Overcast,Dusk,18,Male,Truck,23,No,No,Yes,Pothole/Bad Road,Low,0.0
ACC23182,06-01-2023,19:25,Telangana,Nizamabad,17.2346,79.4604,City Road,Clear,Night,50,Male,Bus,45,Yes,No,Yes,Drunk Driving,Low,1.0
ACC23183,19-05-2023,17:09,Karnataka,Mangaluru,15.218,75.3177,City Road,Clear,Dusk,21,Male,Bike,38,No,No,No,Poor Weather Visibility,Low,2.0
ACC23184,23-12-2023,09:01,Puducherry,Puducherry,11.7848,80.0436,Village Road,Rainy,Day,19,Female,Auto,44,No,No,Yes,Poor Weather Visibility,Low,0.0
ACC23185,20-10-2024,15:50,Tamil Nadu,Chennai,11.0671,78.1233,State Highway,Rainy,Day,42,Male,Car,65,No,No,No,Poor Weather Visibility,Medium,1.0
ACC23186,13-01-2023,20:51,Karnataka,Belagavi,15.4757,76.1871,State Highway,Rainy,Night,40,Male,Auto,63,Yes,No,Yes,Poor Weather Visibility,High,7.0
ACC23187,11-08-2023,20:40,Tamil Nadu,Tiruchirappalli,10.8275,78.7013,National Highway,Clear,Night,48,Male,Bike,89,Yes,No,No,Over Speeding,High,3.0
ACC23188,24-10-2023,15:50,Kerala,Thrissur,10.2873,76.0072,Village Road,Clear,Day,29,Male,Auto,57,Yes,No,No,Drunk Driving,Medium,3.0
ACC23189,19-11-2024,20:43,Telangana,Warangal,17.9347,78.8585,City Road,Clear,Night,47,Male,Truck,39,Yes,No,No,Drunk Driving,Low,1.0
ACC23190,03-10-2024,18:21,Telangana,Nizamabad,17.9687,79.5704,Village Road,Clear,Dusk,38,Male,Car,55,No,No,No,Signal Jumping,Medium,3.0
ACC23191,17-10-2023,13:07,Tamil Nadu,Salem,11.617,79.3064,State Highway,Clear,Day,31,Male,Bus,59,No,No,No,Signal Jumping,Low,1.0
ACC23192,29-07-2022,15:11,Karnataka,Hubballi,15.5889,76.4261,City Road,Rainy,Day,27,Male,Bike,48,No,No,No,Poor Weather Visibility,Low,2.0
ACC23193,04-03-2023,15:59,Andhra Pradesh,Vijayawada,16.0093,79.216,National Highway,Cloudy,Day,23,Male,Car,70,No,No,No,Poor Weather Visibility,Medium,4.0
ACC23194,07-10-2024,09:29,Karnataka,Mysuru,15.6803,75.9156,City Road,Clear,Day,18,Male,Bike,15,No,No,No,Poor Weather Visibility,Low,1.0
ACC23195,16-08-2022,21:12,Telangana,Warangal,18.3066,78.8778,Expressway,Cloudy,Night,50,Male,Car,116,Yes,No,No,Over Speeding,High,7.0
ACC23196,31-03-2022,01:13,Andhra Pradesh,Vijayawada,16.0364,79.6952,Expressway,Rainy,Night,47,Male,Truck,101,Yes,No,No,Over Speeding,High,4.0
ACC23197,23-03-2022,13:03,Andhra Pradesh,Visakhapatnam,15.3764,79.7507,City Road,Cloudy,Day,36,Male,Bus,57,No,Yes,No,Drowsy Driving,Medium,
ACC23198,11-04-2024,08:51,Andhra Pradesh,Vijayawada,16.1388,79.7421,City Road,Clear,Day,33,Male,Bike,52,No,No,No,Poor Weather Visibility,Low,
ACC23199,09-12-2022,10:56,Kerala,Kozhikode,9.9089,75.7844,City Road,Clear,Day,37,Male,Bike,70,Yes,No,No,Drunk Driving,Medium,1.0
ACC23200,01-10-2024,17:42,Tamil Nadu,Madurai,11.159,79.2766,City Road,Clear,Dusk,22,Female,Auto,41,No,No,No,Signal Jumping,Low,0.0
ACC23201,03-12-2024,01:15,Telangana,Khammam,17.6685,79.1768,National Highway,Clear,Night,53,Female,Bike,77,No,No,No,Over Speeding,Medium,6.0
ACC23202,15-08-2022,20:40,Kerala,Thiruvananthapuram,10.3395,76.7088,Village Road,Clear,Night,48,Male,Auto,44,Yes,No,No,Drunk Driving,Medium,2.0
ACC23203,04-09-2023,21:21,Andhra Pradesh,Vijayawada,15.9533,79.997,City Road,Clear,Night,75,Female,Car,47,No,No,No,Signal Jumping,Low,2.0
ACC23204,07-04-2023,02:13,Tamil Nadu,Chennai,10.9247,78.983,City Road,Overcast,Night,38,Male,Bike,59,No,No,No,Poor Weather Visibility,Low,2.0
ACC23205,12-04-2024,10:42,Tamil Nadu,Chennai,10.5926,78.5551,Village Road,Clear,Day,44,Male,Car,40,No,No,No,Signal Jumping,Low,1.0
ACC23206,17-01-2022,16:44,Kerala,Thrissur,11.4693,76.0303,National Highway,Rainy,Day,52,Male,Car,64,No,No,No,Poor Weather Visibility,High,6.0
ACC23207,26-11-2022,18:33,Telangana,Hyderabad,18.4236,79.1355,State Highway,Clear,Dusk,52,Male,Auto,56,No,No,No,Signal Jumping,Medium,3.0
ACC23208,02-06-2024,18:17,Karnataka,Mysuru,16.0306,75.4805,City Road,Cloudy,Dusk,33,Male,Bike,47,No,No,No,Poor Weather Visibility,Medium,1.0
ACC23209,27-05-2022,22:12,Andhra Pradesh,Nellore,15.7245,80.3446,City Road,Clear,Night,56,Male,Truck,48,No,No,No,Signal Jumping,Medium,3.0
ACC23210,31-12-2023,13:28,Tamil Nadu,Madurai,11.4956,78.5824,City Road,Rainy,Day,53,Male,Bike,42,No,No,No,Poor Weather Visibility,Low,1.0
ACC23211,12-10-2023,18:07,Tamil Nadu,Salem,11.2734,78.5454,City Road,Clear,Dusk,35,Female,Bike,48,No,No,No,Poor Weather Visibility,Low,0.0
ACC23212,02-11-2024,16:15,Andhra Pradesh,Nellore,16.0614,79.224,Expressway,Rainy,Day,33,Male,Bike,87,No,No,Yes,Poor Weather Visibility,High,8.0
ACC23213,05-02-2024,05:23,Puducherry,Puducherry,12.1836,79.766,National Highway,Rainy,Dawn,26,Male,Bus,79,Yes,No,No,Poor Weather Visibility,High,4.0
ACC23214,31-07-2023,15:09,Karnataka,Mysuru,15.4651,74.9629,National Highway,Clear,Day,26,Male,Car,78,No,No,No,Over Speeding,Medium,2.0
ACC23215,11-06-2022,16:13,Karnataka,Mangaluru,15.3808,75.9211,Village Road,Cloudy,Day,30,Male,Auto,48,No,No,Yes,Pothole/Bad Road,Low,0.0
ACC23216,06-03-2022,19:54,Karnataka,Bengaluru Urban,16.1064,75.3857,Expressway,Clear,Night,29,Male,Car,93,Yes,No,No,Over Speeding,High,3.0
ACC23217,12-08-2023,19:44,Kerala,Thiruvananthapuram,9.4045,75.8642,National Highway,Rainy,Night,41,Male,Truck,67,No,No,No,Poor Weather Visibility,Medium,3.0
ACC23218,04-02-2024,17:53,Karnataka,Hubballi,14.6644,75.3972,State Highway,Clear,Dusk,38,Female,Bike,44,No,No,No,Poor Weather Visibility,Low,1.0
ACC23219,14-12-2022,19:56,Karnataka,Hubballi,15.6352,75.5636,City Road,Cloudy,Night,43,Male,Truck,50,No,No,Yes,Pothole/Bad Road,Low,0.0
ACC23220,28-11-2024,17:18,Andhra Pradesh,Kurnool,16.012,79.2731,National Highway,Overcast,Dusk,21,Male,Auto,68,Yes,No,No,Drunk Driving,High,2.0
ACC23221,16-03-2022,18:19,Tamil Nadu,Tiruchirappalli,10.3832,79.2022,City Road,Cloudy,Dusk,51,Male,Bike,59,No,No,No,Poor Weather Visibility,Medium,4.0
ACC23222,27-07-2022,16:22,Telangana,Warangal,17.4869,78.8426,State Highway,Cloudy,Day,33,Male,Bus,70,No,No,No,Signal Jumping,Medium,2.0
ACC23223,14-02-2023,18:13,Andhra Pradesh,Vijayawada,15.7406,78.8851,National Highway,Clear,Dusk,26,Male,Car,63,No,Yes,No,Drowsy Driving,Medium,4.0
ACC23224,30-04-2024,03:38,Telangana,Warangal,18.2363,78.545,State Highway,Clear,Night,44,Male,Car,67,No,Yes,No,Drowsy Driving,Medium,5.0
ACC23225,11-04-2022,07:23,Telangana,Khammam,17.8395,78.3623,National Highway,Clear,Day,38,Male,Car,75,No,No,No,Over Speeding,Medium,4.0
ACC23226,21-08-2024,08:33,Telangana,Hyderabad,17.2369,79.7006,Village Road,Clear,Day,22,Female,Bike,15,No,No,No,Signal Jumping,Low,1.0
ACC23227,23-08-2022,13:34,Karnataka,Hubballi,15.7208,75.3159,City Road,Cloudy,Day,36,Female,Bike,50,No,No,Yes,Pothole/Bad Road,Low,1.0
ACC23228,27-04-2023,10:10,Telangana,Hyderabad,18.3487,78.3835,City Road,Rainy,Day,50,Male,Bus,55,No,Yes,No,Poor Weather Visibility,Medium,4.0
ACC23229,02-08-2022,08:12,Kerala,Kollam,10.6213,76.67,National Highway,Cloudy,Day,24,Male,Truck,64,No,No,No,Poor Weather Visibility,Medium,4.0
ACC23230,12-07-2023,16:55,Karnataka,Mysuru,15.623,75.6395,Village Road,Rainy,Day,63,Male,Bike,38,No,No,Yes,Poor Weather Visibility,Low,4.0
ACC23231,22-03-2023,16:51,Telangana,Karimnagar,17.7184,79.2042,City Road,Rainy,Day,36,Male,Bike,48,No,No,Yes,Poor Weather Visibility,Medium,4.0
ACC23232,11-02-2022,21:58,Kerala,Kollam,10.2248,75.5918,State Highway,Clear,Night,43,Male,Car,71,No,Yes,No,Drowsy Driving,Medium,
ACC23233,14-06-2023,07:23,Puducherry,Puducherry,11.4123,79.4896,City Road,Overcast,Day,33,Female,Bike,61,Yes,No,Yes,Drunk Driving,Medium,5.0
ACC23234,14-09-2023,17:24,Andhra Pradesh,Nellore,15.8032,79.5151,Village Road,Cloudy,Dusk,55,Male,Auto,59,No,No,No,Poor Weather Visibility,Medium,1.0
ACC23235,15-08-2023,13:09,Telangana,Karimnagar,17.8522,78.8387,State Highway,Clear,Day,46,Male,Auto,68,Yes,No,No,Drunk Driving,Medium,0.0
ACC23236,09-09-2023,16:48,Telangana,Warangal,17.5341,78.9747,Village Road,Overcast,Day,47,Male,Car,43,No,Yes,No,Drowsy Driving,Low,0.0
ACC23237,07-02-2024,18:04,Kerala,Ernakulam,10.3404,76.2486,Expressway,Rainy,Dusk,29,Male,Bike,88,No,No,No,Over Speeding,High,2.0
ACC23238,16-07-2023,14:01,Telangana,Khammam,18.5019,78.9028,National Highway,Foggy,Day,49,Male,Car,69,No,No,No,Poor Weather Visibility,Medium,6.0
ACC23239,04-04-2022,18:34,Kerala,Kollam,10.1009,75.7904,National Highway,Clear,Dusk,44,Male,Bike,80,No,No,No,Over Speeding,Medium,2.0
ACC23240,04-03-2023,18:29,Kerala,Ernakulam,10.3064,76.3783,State Highway,Clear,Dusk,49,Male,Bike,78,Yes,Yes,No,Drunk Driving,High,2.0
ACC23241,14-01-2024,20:16,Puducherry,Karaikal,12.0147,78.7725,National Highway,Cloudy,Night,23,Female,Bike,88,Yes,Yes,No,Over Speeding,High,8.0
ACC23242,18-08-2023,11:00,Andhra Pradesh,Kurnool,15.019,79.5298,Village Road,Cloudy,Day,25,Male,Bus,55,No,Yes,No,Drowsy Driving,Low,0.0
ACC23243,20-07-2024,10:53,Andhra Pradesh,Nellore,15.4794,79.584,Expressway,Cloudy,Day,38,Male,Bike,103,Yes,No,No,Over Speeding,High,6.0
ACC23244,03-11-2022,16:52,Puducherry,Puducherry,11.813,79.0058,Village Road,Clear,Day,51,Male,Car,52,No,No,No,Signal Jumping,Low,1.0
ACC23245,27-05-2024,15:44,Andhra Pradesh,Nellore,15.0468,79.4547,National Highway,Rainy,Day,42,Male,Car,80,No,No,No,Poor Weather Visibility,Medium,3.0
ACC23246,01-01-2024,09:18,Tamil Nadu,Coimbatore,11.3573,78.2855,Village Road,Rainy,Day,42,Male,Car,34,No,No,No,Poor Weather Visibility,Low,0.0
ACC23247,27-10-2023,05:51,Andhra Pradesh,Guntur,15.4394,79.7352,National Highway,Clear,Dawn,26,Female,Car,84,No,No,No,Over Speeding,Medium,2.0
ACC23248,28-06-2022,08:25,Andhra Pradesh,Kurnool,16.0525,79.6347,State Highway,Cloudy,Day,40,Male,Bike,80,No,No,No,Over Speeding,Medium,2.0
ACC23249,03-10-2024,16:48,Andhra Pradesh,Guntur,15.556,79.9056,City Road,Foggy,Day,38,Male,Bike,39,No,No,No,Poor Weather Visibility,Low,0.0
ACC23250,07-09-2022,04:11,Puducherry,Karaikal,11.6136,79.1983,State Highway,Cloudy,Night,30,Female,Car,73,Yes,No,No,Drunk Driving,High,4.0
ACC23251,14-10-2023,06:10,Andhra Pradesh,Visakhapatnam,15.6751,79.4115,National Highway,Overcast,Day,33,Male,Bus,64,No,No,No,Poor Weather Visibility,Low,3.0
ACC23252,22-06-2022,10:09,Puducherry,Karaikal,11.4022,79.2821,National Highway,Clear,Day,29,Male,Bike,55,No,No,No,Poor Weather Visibility,Low,1.0
ACC23253,29-05-2022,17:05,Telangana,Nizamabad,18.6684,79.002,Village Road,Clear,Dusk,60,Male,Car,46,No,No,Yes,Pothole/Bad Road,Low,
ACC23254,10-11-2024,15:42,Puducherry,Karaikal,11.0252,79.7348,City Road,Rainy,Day,24,Male,Bus,27,No,No,No,Poor Weather Visibility,Low,0.0
ACC23255,26-02-2024,07:31,Karnataka,Belagavi,15.2518,75.4928,City Road,Cloudy,Day,56,Male,Bus,39,No,Yes,No,Drowsy Driving,Low,2.0
ACC23256,01-01-2024,17:53,Karnataka,Mangaluru,15.0654,75.967,City Road,Rainy,Dusk,45,Male,Car,50,No,No,No,Poor Weather Visibility,Low,1.0
ACC23257,24-12-2022,20:11,Kerala,Thiruvananthapuram,10.6604,75.7255,Expressway,Cloudy,Night,18,Female,Bike,98,Yes,No,No,Over Speeding,High,4.0
ACC23258,02-12-2022,12:31,Telangana,Khammam,18.3509,78.8752,National Highway,Clear,Day,24,Female,Bike,69,No,No,No,Over Speeding,Medium,3.0
ACC23259,11-10-2024,20:34,Telangana,Warangal,17.9741,79.8687,City Road,Clear,Night,39,Female,Bike,57,No,Yes,No,Drowsy Driving,Low,2.0
ACC23260,24-05-2024,05:09,Andhra Pradesh,Nellore,16.1634,80.0121,National Highway,Clear,Dawn,39,Male,Bike,67,No,No,No,Over Speeding,Low,0.0
ACC23261,04-11-2023,22:10,Karnataka,Hubballi,15.4933,75.0109,City Road,Clear,Night,38,Female,Car,65,No,Yes,No,Drowsy Driving,Medium,2.0
ACC23262,20-10-2024,12:47,Karnataka,Mangaluru,14.9488,76.2269,Expressway,Clear,Day,55,Male,Auto,67,No,No,Yes,Pothole/Bad Road,Low,3.0
ACC23263,03-05-2022,07:11,Tamil Nadu,Madurai,11.2966,78.9626,State Highway,Clear,Day,57,Female,Truck,51,No,No,No,Signal Jumping,Low,0.0
ACC23264,05-05-2022,20:34,Karnataka,Bengaluru Urban,14.3381,75.6667,City Road,Clear,Night,63,Male,Car,68,Yes,Yes,Yes,Drunk Driving,High,4.0
ACC23265,07-10-2022,14:22,Kerala,Ernakulam,11.1883,76.7211,City Road,Clear,Day,33,Male,Auto,53,No,No,No,Poor Weather Visibility,Low,0.0
ACC23266,02-03-2023,15:59,Puducherry,Puducherry,11.8789,80.3694,State Highway,Rainy,Day,28,Male,Bike,54,No,No,Yes,Poor Weather Visibility,Medium,0.0
ACC23267,03-10-2023,16:00,Kerala,Kollam,10.2741,76.2219,State Highway,Clear,Day,37,Male,Auto,58,Yes,No,No,Drunk Driving,Medium,4.0
ACC23268,10-10-2024,09:48,Kerala,Kollam,10.1077,75.492,State Highway,Clear,Day,21,Male,Bike,50,No,No,Yes,Pothole/Bad Road,Medium,1.0
ACC23269,25-12-2023,01:03,Kerala,Ernakulam,10.4282,76.4414,Village Road,Rainy,Night,35,Male,Truck,23,No,No,Yes,Poor Weather Visibility,Low,0.0
ACC23270,19-06-2024,23:58,Tamil Nadu,Tiruchirappalli,11.1037,79.1933,City Road,Clear,Night,34,Female,Car,58,No,No,No,Poor Weather Visibility,Low,3.0
ACC23271,17-09-2022,01:19,Karnataka,Belagavi,15.3394,75.6563,Village Road,Rainy,Night,52,Male,Car,37,No,No,No,Poor Weather Visibility,Low,0.0
ACC23272,10-09-2023,19:15,Andhra Pradesh,Nellore,15.3575,79.7124,National Highway,Clear,Night,36,Female,Bike,79,No,No,No,Over Speeding,High,6.0
ACC23273,18-09-2022,09:02,Andhra Pradesh,Kurnool,16.555,80.2488,City Road,Cloudy,Day,40,Male,Auto,61,Yes,No,No,Drunk Driving,Medium,2.0
ACC23274,02-09-2022,14:12,Telangana,Hyderabad,17.7189,78.9634,Expressway,Clear,Day,27,Male,Car,93,No,No,Yes,Over Speeding,High,7.0
ACC23275,11-03-2023,07:05,Kerala,Kollam,9.8724,76.9881,City Road,Rainy,Day,56,Male,Bike,31,No,No,No,Poor Weather Visibility,Low,0.0
ACC23276,14-08-2023,14:16,Andhra Pradesh,Vijayawada,15.9737,80.2566,Village Road,Cloudy,Day,51,Male,Car,74,No,No,No,Over Speeding,Medium,1.0
ACC23277,12-06-2022,03:06,Telangana,Warangal,18.2507,79.3892,National Highway,Clear,Night,23,Male,Truck,55,No,No,Yes,Pothole/Bad Road,Medium,2.0
ACC23278,19-08-2022,13:01,Andhra Pradesh,Visakhapatnam,16.5333,79.3843,Expressway,Clear,Day,52,Male,Auto,103,Yes,No,Yes,Over Speeding,High,8.0
ACC23279,21-07-2023,01:49,Tamil Nadu,Tiruchirappalli,11.8367,78.9628,State Highway,Clear,Night,40,Male,Bike,65,Yes,Yes,Yes,Drunk Driving,High,5.0
ACC23280,06-08-2024,08:36,Telangana,Warangal,17.9908,78.761,State Highway,Clear,Day,54,Female,Car,53,No,Yes,No,Drowsy Driving,Low,0.0
ACC23281,02-10-2022,18:50,Andhra Pradesh,Visakhapatnam,15.983,79.4553,National Highway,Rainy,Dusk,45,Female,Car,66,No,No,No,Poor Weather Visibility,Medium,4.0
ACC23282,21-10-2022,00:34,Andhra Pradesh,Guntur,16.2781,80.0538,State Highway,Cloudy,Night,26,Male,Bus,84,No,No,No,Over Speeding,Medium,7.0
ACC23283,21-01-2024,18:27,Tamil Nadu,Coimbatore,11.2242,78.2703,City Road,Rainy,Dusk,43,Male,Car,64,No,No,No,Poor Weather Visibility,Medium,4.0
ACC23284,03-03-2023,21:44,Telangana,Karimnagar,17.8327,79.2737,Village Road,Clear,Night,21,Female,Car,37,No,No,Yes,Pothole/Bad Road,Low,1.0
ACC23285,23-04-2022,17:48,Andhra Pradesh,Vijayawada,15.7078,80.1404,Expressway,Overcast,Dusk,48,Male,Bus,94,No,No,No,Over Speeding,High,5.0
ACC23286,30-12-2022,07:11,Tamil Nadu,Tiruchirappalli,10.8044,78.8998,Village Road,Clear,Day,47,Male,Bus,44,No,No,No,Poor Weather Visibility,Low,1.0
ACC23287,15-01-2023,16:06,Kerala,Kozhikode,10.5582,75.9141,Expressway,Clear,Day,53,Male,Auto,98,Yes,No,No,Over Speeding,High,7.0
ACC23288,05-03-2024,09:51,Tamil Nadu,Coimbatore,10.8027,78.5038,National Highway,Cloudy,Day,40,Female,Bike,58,No,Yes,No,Drowsy Driving,Low,1.0
ACC23289,22-12-2022,08:30,Tamil Nadu,Tiruchirappalli,10.9986,78.8462,State Highway,Clear,Day,41,Male,Car,65,No,No,No,Signal Jumping,Low,0.0
ACC23290,11-09-2023,14:19,Andhra Pradesh,Vijayawada,16.1111,78.9038,Village Road,Overcast,Day,59,Male,Bike,25,No,No,No,Poor Weather Visibility,Low,0.0
ACC23291,21-06-2022,18:36,Andhra Pradesh,Guntur,15.8009,79.2498,City Road,Clear,Dusk,30,Male,Car,63,No,Yes,No,Drowsy Driving,Medium,
ACC23292,28-07-2023,17:08,Kerala,Thiruvananthapuram,10.8985,76.9054,State Highway,Cloudy,Dusk,50,Male,Bike,65,No,No,No,Poor Weather Visibility,Low,0.0
ACC23293,01-03-2023,22:45,Tamil Nadu,Coimbatore,11.1137,78.9552,State Highway,Overcast,Night,54,Male,Bike,53,No,No,No,Poor Weather Visibility,Medium,5.0
ACC23294,27-03-2024,03:19,Karnataka,Bengaluru Urban,15.4774,75.4422,Village Road,Foggy,Night,52,Male,Bike,37,No,Yes,Yes,Poor Weather Visibility,Medium,1.0
ACC23295,17-10-2023,20:29,Tamil Nadu,Chennai,11.2301,78.3943,City Road,Clear,Night,20,Male,Bike,42,No,Yes,No,Drowsy Driving,Medium,2.0
ACC23296,10-05-2023,16:40,Tamil Nadu,Chennai,10.4893,79.1767,State Highway,Cloudy,Day,46,Male,Car,52,No,No,No,Poor Weather Visibility,Low,0.0
ACC23297,14-10-2022,14:53,Tamil Nadu,Chennai,11.186,78.7869,Village Road,Cloudy,Day,31,Female,Bike,80,Yes,No,No,Drunk Driving,Medium,4.0
ACC23298,10-04-2024,10:16,Andhra Pradesh,Guntur,15.2313,80.1575,City Road,Cloudy,Day,40,Male,Bike,50,No,No,No,Poor Weather Visibility,Low,1.0
ACC23299,28-05-2022,19:39,Andhra Pradesh,Guntur,15.4239,80.0358,National Highway,Cloudy,Night,18,Male,Auto,78,Yes,No,No,Drunk Driving,High,4.0
ACC23300,13-09-2023,19:42,Kerala,Kozhikode,9.8835,76.4358,City Road,Rainy,Night,25,Male,Bike,40,Yes,Yes,Yes,Poor Weather Visibility,High,7.0
ACC23301,14-10-2023,09:53,Andhra Pradesh,Nellore,15.8799,79.4914,Village Road,Rainy,Day,58,Male,Auto,38,No,No,No,Poor Weather Visibility,Low,0.0
ACC23302,08-08-2023,08:22,Tamil Nadu,Madurai,11.4804,78.5157,Village Road,Cloudy,Day,31,Male,Bike,31,No,No,Yes,Pothole/Bad Road,Low,0.0
ACC23303,07-09-2024,12:44,Telangana,Warangal,17.78,78.779,City Road,Clear,Day,19,Male,Truck,57,No,No,No,Signal Jumping,Low,0.0
ACC23304,21-08-2024,12:16,Kerala,Kollam,10.7794,75.3952,Village Road,Overcast,Day,33,Male,Bus,49,No,Yes,Yes,Drowsy Driving,Low,0.0
ACC23305,24-05-2022,08:20,Tamil Nadu,Chennai,11.7593,78.5189,City Road,Clear,Day,40,Male,Car,53,No,No,Yes,Pothole/Bad Road,Low,1.0
ACC23306,19-07-2024,11:31,Kerala,Thrissur,10.598,76.3353,Village Road,Cloudy,Day,30,Male,Auto,31,No,No,Yes,Pothole/Bad Road,Low,3.0