Accident_ID,Date,Time,State,District,Latitude,Longitude,Road_Type,Weather,Light_Condition,Driver_Age,Driver_Gender,Vehicle_Type,Speed_kmph,Alcohol_Involved,Driver_Drowsy,Pothole_Involved,Cause_of_Accident,Severity,Casualties
ACC23307,11-09-2024,19:05,Karnataka,Mysuru,15.6007,75.1044,City Road,Clear,Night,48,Male,Car,58,Yes,No,No,Drunk Driving,Medium,1.0
ACC23308,14-12-2022,11:29,Telangana,Karimnagar,17.4767,79.1283,City Road,Overcast,Day,24,Female,Bike,55,Yes,No,Yes,Drunk Driving,Medium,2.0
ACC23309,24-04-2024,09:51,Andhra Pradesh,Guntur,15.4721,80.0989,City Road,Cloudy,Day,33,Male,Auto,32,No,No,No,Poor Weather Visibility,Low,1.0
ACC23310,09-10-2022,10:45,Tamil Nadu,Coimbatore,10.7369,78.4931,City Road,Clear,Day,45,Male,Truck,53,Yes,No,Yes,Drunk Driving,Low,0.0
ACC23311,22-01-2024,16:04,Andhra Pradesh,Vijayawada,16.0854,79.7736,Village Road,Rainy,Day,44,Male,Car,55,Yes,No,No,Poor Weather Visibility,Medium,2.0
ACC23312,08-11-2022,13:42,Tamil Nadu,Tiruchirappalli,11.0691,78.5791,Village Road,Clear,Day,45,Female,Truck,55,No,Yes,No,Drowsy Driving,Medium,2.0
ACC23313,31-08-2024,07:22,Kerala,Kozhikode,10.7708,76.4988,City Road,Clear,Day,34,Male,Truck,46,No,No,No,Signal Jumping,Low,1.0
ACC23314,02-12-2022,17:15,Telangana,Nizamabad,18.1308,79.2583,City Road,Clear,Dusk,33,Male,Bus,57,No,No,No,Poor Weather Visibility,Low,0.0
ACC23315,28-08-2024,12:31,Tamil Nadu,Chennai,10.7322,78.5496,Village Road,Clear,Day,53,Male,Auto,66,No,No,No,Over Speeding,Medium,2.0
ACC23316,07-10-2022,15:23,Andhra Pradesh,Visakhapatnam,15.8421,79.039,National Highway,Foggy,Day,37,Male,Car,50,No,No,No,Poor Weather Visibility,Low,3.0
ACC23317,14-10-2023,07:23,Karnataka,Mysuru,15.8273,75.321,City Road,Foggy,Day,24,Male,Truck,71,No,Yes,No,Poor Weather Visibility,High,3.0
ACC23318,26-05-2024,07:51,Tamil Nadu,Salem,10.7174,78.6947,National Highway,Cloudy,Day,36,Male,Truck,75,No,Yes,No,Drowsy Driving,Medium,2.0
ACC23319,14-02-2023,19:36,Telangana,Khammam,17.6138,78.6572,National Highway,Clear,Night,20,Female,Car,47,No,No,No,Signal Jumping,Low,0.0
ACC23320,09-07-2023,00:45,Andhra Pradesh,Nellore,16.0997,79.1514,City Road,Clear,Night,50,Male,Car,25,No,No,No,Signal Jumping,Low,0.0
ACC23321,12-09-2022,14:18,Karnataka,Mysuru,15.2349,75.7767,National Highway,Cloudy,Day,27,Male,Car,72,Yes,No,No,Drunk Driving,Medium,2.0
ACC23322,31-07-2023,17:13,Tamil Nadu,Madurai,10.8159,77.5165,City Road,Overcast,Dusk,31,Male,Bike,66,No,No,No,Poor Weather Visibility,Medium,
ACC23323,23-08-2023,19:02,Karnataka,Mangaluru,14.8746,75.0639,State Highway,Cloudy,Night,43,Male,Bike,51,Yes,Yes,No,Drunk Driving,High,2.0
ACC23324,23-02-2024,07:00,Andhra Pradesh,Vijayawada,16.348,80.0526,State Highway,Overcast,Day,38,Male,Auto,68,No,No,No,Poor Weather Visibility,Medium,5.0
ACC23325,25-12-2024,12:28,Telangana,Nizamabad,18.2098,79.0213,Expressway,Clear,Day,23,Male,Car,83,No,No,Yes,Over Speeding,High,5.0
ACC23326,01-03-2024,08:00,Kerala,Kollam,10.0228,76.1783,City Road,Rainy,Day,36,Female,Truck,37,No,No,Yes,Poor Weather Visibility,Low,
ACC23327,25-08-2023,07:50,Tamil Nadu,Madurai,11.0836,78.5069,City Road,Overcast,Day,33,Male,Car,46,No,No,Yes,Pothole/Bad Road,Low,1.0
ACC23328,30-05-2024,04:34,Tamil Nadu,Chennai,11.1873,78.7725,State Highway,Cloudy,Night,35,Male,Auto,80,No,No,No,Over Speeding,Medium,1.0
ACC23329,08-11-2024,11:55,Karnataka,Belagavi,14.9476,75.7033,City Road,Cloudy,Day,23,Male,Bike,61,No,No,No,Poor Weather Visibility,Medium,4.0
ACC23330,29-08-2022,23:12,Telangana,Khammam,16.9723,79.1019,Expressway,Cloudy,Night,36,Female,Bike,97,No,No,No,Over Speeding,High,8.0
ACC23331,02-04-2024,19:38,Tamil Nadu,Coimbatore,10.7485,78.6953,City Road,Rainy,Night,40,Male,Bike,61,Yes,No,No,Poor Weather Visibility,Medium,6.0
ACC23332,31-12-2023,08:10,Kerala,Kollam,10.5911,75.8794,City Road,Cloudy,Day,59,Male,Bike,38,No,No,No,Poor Weather Visibility,Low,0.0
ACC23333,25-12-2024,07:47,Tamil Nadu,Salem,10.2024,79.7329,National Highway,Cloudy,Day,64,Male,Car,72,No,No,No,Poor Weather Visibility,Medium,2.0
ACC23334,25-12-2024,08:37,Karnataka,Mangaluru,15.7165,75.5699,City Road,Clear,Day,20,Female,Car,42,Yes,No,Yes,Drunk Driving,Medium,4.0
ACC23335,12-08-2024,18:29,Andhra Pradesh,Nellore,15.2108,79.5493,National Highway,Clear,Dusk,33,Male,Auto,60,No,No,Yes,Pothole/Bad Road,Medium,4.0
ACC23336,28-11-2022,12:09,Andhra Pradesh,Visakhapatnam,15.7591,79.3801,Expressway,Cloudy,Day,37,Male,Bus,58,No,No,No,Poor Weather Visibility,Low,2.0
ACC23337,09-12-2023,10:16,Tamil Nadu,Coimbatore,10.9156,78.1123,National Highway,Cloudy,Day,46,Male,Car,69,No,No,No,Poor Weather Visibility,Medium,
ACC23338,16-09-2023,16:14,Tamil Nadu,Salem,11.4597,79.1015,National Highway,Clear,Day,18,Female,Bike,81,No,No,No,Over Speeding,High,3.0
ACC23339,22-05-2022,19:37,Tamil Nadu,Chennai,11.3992,78.768,Expressway,Cloudy,Night,20,Female,Car,96,Yes,No,No,Over Speeding,High,6.0
ACC23340,27-05-2023,05:51,Karnataka,Mysuru,15.4096,75.1408,Village Road,Rainy,Dawn,32,Male,Truck,40,No,No,Yes,Poor Weather Visibility,Low,0.0
ACC23341,19-11-2023,16:40,Karnataka,Bengaluru Urban,14.9208,74.94,State Highway,Clear,Day,36,Male,Bus,51,No,No,No,Poor Weather Visibility,Low,0.0
ACC23342,09-06-2023,20:26,Telangana,Khammam,17.8046,78.7515,National Highway,Rainy,Night,35,Male,Car,64,No,No,No,Poor Weather Visibility,Medium,3.0
ACC23343,12-12-2022,18:16,Tamil Nadu,Chennai,11.0477,78.0875,State Highway,Clear,Dusk,32,Male,Car,58,No,No,No,Poor Weather Visibility,Medium,2.0
ACC23344,08-12-2023,00:45,Tamil Nadu,Madurai,10.8809,78.3403,City Road,Clear,Night,18,Male,Bike,45,No,No,No,Poor Weather Visibility,Low,3.0
ACC23345,09-08-2023,11:50,Kerala,Thiruvananthapuram,10.0542,76.5299,National Highway,Clear,Day,52,Male,Bus,91,No,No,No,Over Speeding,High,4.0
ACC23346,29-01-2022,06:51,Telangana,Karimnagar,17.8285,78.9929,Expressway,Foggy,Day,48,Male,Bike,64,No,No,No,Poor Weather Visibility,High,4.0
ACC23347,05-06-2023,08:50,Andhra Pradesh,Vijayawada,16.2265,79.9783,City Road,Foggy,Day,28,Female,Auto,66,Yes,No,No,Poor Weather Visibility,High,4.0
ACC23348,16-08-2022,17:45,Tamil Nadu,Tiruchirappalli,11.3295,77.9194,City Road,Cloudy,Dusk,47,Male,Car,59,No,No,Yes,Pothole/Bad Road,Low,1.0
ACC23349,18-09-2024,13:52,Kerala,Thiruvananthapuram,10.4244,76.2806,Village Road,Cloudy,Day,40,Male,Bike,38,No,No,No,Poor Weather Visibility,Low,0.0
ACC23350,19-09-2023,15:37,Andhra Pradesh,Guntur,15.7656,79.2809,National Highway,Overcast,Day,35,Male,Car,55,No,No,No,Signal Jumping,Low,0.0
ACC23351,06-03-2022,12:56,Karnataka,Mangaluru,15.0668,75.6905,Village Road,Rainy,Day,48,Female,Bike,44,No,No,Yes,Poor Weather Visibility,Medium,4.0
ACC23352,20-06-2023,10:26,Telangana,Nizamabad,17.8066,78.6512,Village Road,Clear,Day,21,Male,Car,15,No,No,No,Signal Jumping,Low,
ACC23353,23-04-2023,01:00,Tamil Nadu,Chennai,10.9317,78.6947,State Highway,Cloudy,Night,38,Male,Bike,63,No,No,Yes,Pothole/Bad Road,Medium,4.0
ACC23354,20-04-2023,17:47,Kerala,Thrissur,10.2704,76.7079,State Highway,Rainy,Dusk,39,Male,Bike,58,No,No,No,Poor Weather Visibility,Medium,1.0
ACC23355,19-01-2023,00:12,Andhra Pradesh,Visakhapatnam,15.7438,79.8061,State Highway,Foggy,Night,52,Male,Truck,64,No,Yes,No,Poor Weather Visibility,Medium,0.0
ACC23356,05-02-2022,09:27,Puducherry,Puducherry,11.6394,79.3744,City Road,Clear,Day,42,Female,Auto,50,No,No,No,Poor Weather Visibility,Low,1.0
ACC23357,31-08-2023,22:15,Tamil Nadu,Madurai,12.0986,78.7902,State Highway,Cloudy,Night,27,Male,Auto,52,Yes,No,Yes,Drunk Driving,Medium,0.0
ACC23358,26-04-2022,12:53,Andhra Pradesh,Kurnool,15.8167,79.3968,State Highway,Clear,Day,50,Male,Auto,58,No,No,No,Poor Weather Visibility,Low,2.0
ACC23359,05-09-2024,02:17,Karnataka,Mangaluru,14.2282,75.6347,Expressway,Rainy,Night,34,Female,Bus,87,No,No,No,Poor Weather Visibility,High,6.0
ACC23360,21-07-2024,18:54,Andhra Pradesh,Visakhapatnam,15.6658,79.481,Village Road,Rainy,Dusk,31,Male,Auto,15,No,Yes,No,Poor Weather Visibility,Low,0.0
ACC23361,11-05-2024,18:36,Kerala,Kollam,10.0888,76.8535,National Highway,Foggy,Dusk,19,Male,Auto,69,No,No,No,Poor Weather Visibility,Medium,3.0
ACC23362,25-02-2024,15:42,Telangana,Nizamabad,18.3914,78.8045,Village Road,Clear,Day,39,Male,Bike,17,No,No,No,Signal Jumping,Low,1.0
ACC23363,01-05-2024,19:04,Tamil Nadu,Salem,11.3086,78.7979,National Highway,Rainy,Night,25,Male,Car,95,Yes,Yes,No,Over Speeding,High,8.0
ACC23364,28-08-2024,23:45,Telangana,Hyderabad,18.2128,78.9636,State Highway,Overcast,Night,42,Female,Bike,78,Yes,Yes,No,Drunk Driving,High,
ACC23365,07-08-2024,11:46,Karnataka,Bengaluru Urban,15.0163,76.4757,Expressway,Rainy,Day,65,Female,Auto,65,No,Yes,No,Poor Weather Visibility,High,6.0
ACC23366,03-10-2024,07:06,Telangana,Hyderabad,17.9692,78.9208,Village Road,Clear,Day,49,Male,Bike,33,No,No,No,Signal Jumping,Low,
ACC23367,27-11-2022,08:48,Karnataka,Bengaluru Urban,14.4537,76.1729,State Highway,Rainy,Day,34,Male,Bike,43,No,No,Yes,Poor Weather Visibility,Medium,4.0
ACC23368,21-12-2023,08:51,Tamil Nadu,Chennai,11.028,78.4437,National Highway,Overcast,Day,31,Female,Auto,51,No,No,No,Poor Weather Visibility,Low,2.0
ACC23369,26-12-2022,10:15,Karnataka,Hubballi,14.2484,75.4054,Village Road,Foggy,Day,46,Male,Car,26,No,No,No,Poor Weather Visibility,Low,1.0
ACC23370,22-03-2024,14:08,Andhra Pradesh,Vijayawada,15.4829,79.4676,Village Road,Clear,Day,26,Male,Car,15,No,No,Yes,Pothole/Bad Road,Low,0.0
ACC23371,26-01-2023,07:46,Telangana,Karimnagar,18.204,78.9819,City Road,Cloudy,Day,38,Male,Bike,49,No,No,No,Poor Weather Visibility,Low,1.0
ACC23372,11-04-2024,15:30,Kerala,Kollam,10.0956,76.39,National Highway,Cloudy,Day,21,Male,Auto,75,No,No,Yes,Pothole/Bad Road,High,7.0
ACC23373,13-04-2022,21:55,Karnataka,Hubballi,14.8334,75.5172,Village Road,Cloudy,Night,42,Male,Bike,46,No,Yes,No,Drowsy Driving,Medium,2.0
ACC23374,10-08-2024,06:13,Telangana,Karimnagar,17.9446,79.7075,City Road,Foggy,Day,25,Male,Car,69,No,No,No,Poor Weather Visibility,Medium,1.0
ACC23375,26-12-2022,04:39,Andhra Pradesh,Vijayawada,16.5317,79.2011,Village Road,Clear,Night,20,Male,Bike,53,Yes,No,Yes,Drunk Driving,High,8.0
ACC23376,06-01-2022,19:20,Karnataka,Bengaluru Urban,15.3241,75.6415,City Road,Clear,Night,29,Male,Car,43,No,No,No,Signal Jumping,Low,3.0
ACC23377,13-05-2022,16:23,Andhra Pradesh,Vijayawada,16.1411,79.9586,City Road,Cloudy,Day,41,Male,Bike,58,No,No,No,Poor Weather Visibility,Low,2.0
ACC23378,10-05-2023,18:31,Karnataka,Belagavi,15.2244,76.2054,State Highway,Clear,Dusk,35,Male,Car,47,No,Yes,No,Drowsy Driving,Low,3.0
ACC23379,13-03-2022,18:45,Kerala,Kollam,10.2382,75.3845,City Road,Rainy,Dusk,46,Male,Auto,65,No,No,No,Poor Weather Visibility,Medium,7.0
ACC23380,30-12-2024,17:46,Karnataka,Hubballi,15.3984,75.7864,National Highway,Clear,Dusk,36,Male,Bike,72,No,No,No,Over Speeding,High,5.0
ACC23381,28-08-2023,12:38,Karnataka,Belagavi,15.691,75.793,State Highway,Clear,Day,34,Male,Truck,70,No,Yes,No,Drowsy Driving,High,6.0
ACC23382,07-09-2023,12:19,Tamil Nadu,Salem,10.8252,77.998,City Road,Clear,Day,23,Male,Car,33,No,No,No,Signal Jumping,Low,1.0
ACC23383,27-09-2023,20:28,Tamil Nadu,Coimbatore,10.8761,78.4138,State Highway,Cloudy,Night,37,Male,Bike,71,No,Yes,No,Drowsy Driving,High,5.0
ACC23384,26-04-2022,11:51,Telangana,Karimnagar,18.6173,77.9363,Village Road,Rainy,Day,50,Male,Truck,34,No,No,Yes,Poor Weather Visibility,Low,2.0
ACC23385,31-03-2023,13:25,Andhra Pradesh,Kurnool,16.6468,79.7177,National Highway,Clear,Day,30,Male,Bike,69,No,No,No,Over Speeding,Medium,4.0
ACC23386,30-05-2022,07:05,Karnataka,Belagavi,15.4481,76.0352,State Highway,Clear,Day,18,Male,Bike,64,No,No,No,Signal Jumping,Low,1.0
ACC23387,18-10-2024,22:02,Telangana,Karimnagar,18.0359,78.772,City Road,Foggy,Night,18,Male,Auto,44,No,No,Yes,Poor Weather Visibility,Medium,2.0
ACC23388,02-01-2024,11:10,Tamil Nadu,Tiruchirappalli,10.8929,78.7532,City Road,Clear,Day,50,Male,Bike,68,Yes,No,No,Drunk Driving,Low,0.0
ACC23389,18-04-2024,16:50,Andhra Pradesh,Kurnool,15.5085,79.798,State Highway,Foggy,Day,18,Male,Auto,75,No,No,No,Poor Weather Visibility,High,6.0
ACC23390,21-01-2022,09:50,Andhra Pradesh,Kurnool,15.3807,79.2126,Village Road,Rainy,Day,60,Male,Bike,34,No,No,No,Poor Weather Visibility,Low,0.0
ACC23391,06-11-2023,11:54,Tamil Nadu,Tiruchirappalli,11.1272,77.7971,City Road,Cloudy,Day,31,Male,Car,46,No,No,Yes,Pothole/Bad Road,Low,0.0
ACC23392,15-02-2024,14:17,Telangana,Karimnagar,17.8644,78.596,Village Road,Rainy,Day,18,Male,Car,22,No,No,Yes,Poor Weather Visibility,Low,1.0
ACC23393,29-09-2023,13:37,Andhra Pradesh,Nellore,16.2332,79.2284,National Highway,Clear,Day,49,Male,Truck,74,No,No,No,Over Speeding,Medium,3.0
ACC23394,20-04-2023,22:45,Kerala,Thiruvananthapuram,10.3172,76.6431,State Highway,Cloudy,Night,39,Male,Car,80,Yes,No,No,Drunk Driving,High,6.0
ACC23395,14-11-2023,08:27,Kerala,Kollam,10.6223,76.2038,State Highway,Rainy,Day,45,Male,Bike,41,No,No,Yes,Poor Weather Visibility,Low,0.0
ACC23396,31-08-2022,20:31,Kerala,Kollam,9.4693,76.4265,Village Road,Clear,Night,32,Male,Bike,53,No,No,No,Signal Jumping,Medium,5.0
ACC23397,03-06-2023,11:03,Kerala,Ernakulam,10.8615,76.1628,City Road,Clear,Day,33,Male,Auto,59,No,No,No,Signal Jumping,Low,0.0
ACC23398,08-05-2023,14:30,Tamil Nadu,Madurai,11.9999,78.3543,State Highway,Clear,Day,25,Female,Bike,49,No,No,No,Signal Jumping,Low,0.0
ACC23399,30-06-2023,19:33,Karnataka,Mysuru,16.1636,75.728,Expressway,Clear,Night,42,Female,Truck,96,No,No,No,Over Speeding,High,7.0
ACC23400,29-02-2024,15:57,Telangana,Warangal,17.7874,78.7577,National Highway,Clear,Day,24,Female,Truck,75,No,No,No,Signal Jumping,Medium,
ACC23401,10-06-2022,17:28,Kerala,Kozhikode,10.1302,76.7731,National Highway,Rainy,Dusk,57,Male,Auto,60,No,No,No,Poor Weather Visibility,Medium,1.0
ACC23402,30-10-2022,09:19,Karnataka,Mysuru,14.8349,76.0693,Village Road,Cloudy,Day,47,Male,Bike,52,No,No,Yes,Pothole/Bad Road,Low,2.0
ACC23403,04-07-2022,12:57,Telangana,Warangal,17.3489,78.3183,City Road,Clear,Day,18,Male,Truck,42,No,No,No,Poor Weather Visibility,Low,3.0
ACC23404,14-04-2024,06:41,Karnataka,Bengaluru Urban,15.4318,75.9873,Village Road,Rainy,Day,44,Male,Truck,68,No,No,No,Poor Weather Visibility,Medium,1.0
ACC23405,14-11-2024,09:32,Tamil Nadu,Chennai,11.3009,79.45,City Road,Cloudy,Day,48,Male,Bike,36,Yes,No,No,Drunk Driving,Low,0.0
ACC23406,11-10-2024,02:24,Kerala,Thiruvananthapuram,9.6487,75.7798,Village Road,Cloudy,Night,26,Male,Car,56,Yes,No,No,Drunk Driving,Medium,5.0
ACC23407,16-05-2024,19:55,Tamil Nadu,Coimbatore,10.4184,78.0869,City Road,Overcast,Night,37,Male,Bus,59,No,No,No,Poor Weather Visibility,Medium,1.0
ACC23408,06-08-2023,08:32,Andhra Pradesh,Nellore,16.1572,79.6174,National Highway,Overcast,Day,55,Male,Bike,75,No,No,No,Over Speeding,Medium,0.0
ACC23409,01-09-2023,11:25,Andhra Pradesh,Nellore,15.9526,79.5955,State Highway,Overcast,Day,39,Male,Bike,54,No,No,No,Poor Weather Visibility,Medium,3.0
ACC23410,05-10-2022,23:22,Tamil Nadu,Madurai,11.2386,79.0237,Expressway,Cloudy,Night,40,Male,Bike,81,No,No,No,Over Speeding,Medium,6.0
ACC23411,01-03-2024,23:14,Karnataka,Bengaluru Urban,15.2386,76.3767,City Road,Cloudy,Night,40,Male,Bus,65,Yes,Yes,No,Drunk Driving,High,4.0
ACC23412,13-09-2024,19:42,Kerala,Kollam,9.8441,77.4783,National Highway,Foggy,Night,59,Male,Truck,92,No,Yes,No,Poor Weather Visibility,High,5.0
ACC23413,15-04-2024,07:30,Tamil Nadu,Tiruchirappalli,11.4193,78.7097,State Highway,Foggy,Day,29,Female,Auto,46,No,No,No,Poor Weather Visibility,Low,0.0
ACC23414,10-08-2022,08:50,Telangana,Warangal,18.0554,78.5117,City Road,Clear,Day,36,Male,Bike,63,No,No,Yes,Pothole/Bad Road,Medium,2.0
ACC23415,05-11-2022,00:12,Andhra Pradesh,Vijayawada,16.3626,79.9434,City Road,Clear,Night,25,Male,Bike,51,No,No,Yes,Pothole/Bad Road,Low,2.0
ACC23416,11-08-2024,12:26,Tamil Nadu,Chennai,10.3649,78.7615,National Highway,Clear,Day,40,Male,Car,83,No,No,No,Over Speeding,Medium,2.0
ACC23417,23-07-2022,21:03,Kerala,Thrissur,10.396,76.1614,Village Road,Clear,Night,20,Male,Bike,23,No,Yes,No,Drowsy Driving,Low,1.0
ACC23418,04-04-2022,23:53,Kerala,Thrissur,9.9399,75.7865,National Highway,Rainy,Night,42,Female,Bike,77,No,No,Yes,Poor Weather Visibility,High,7.0
ACC23419,23-08-2024,10:33,Karnataka,Mangaluru,15.1888,75.759,City Road,Clear,Day,42,Male,Car,63,No,No,Yes,Pothole/Bad Road,Low,0.0
ACC23420,03-03-2023,14:39,Andhra Pradesh,Visakhapatnam,15.802,80.318,Village Road,Clear,Day,47,Male,Car,49,No,No,Yes,Pothole/Bad Road,Low,2.0
ACC23421,25-04-2023,15:11,Karnataka,Bengaluru Urban,15.6098,75.501,National Highway,Clear,Day,34,Male,Bike,49,No,No,No,Signal Jumping,Low,1.0
ACC23422,25-10-2022,15:07,Karnataka,Hubballi,15.5571,75.5719,Village Road,Cloudy,Day,48,Male,Bike,42,No,No,No,Poor Weather Visibility,Low,2.0
ACC23423,11-11-2024,21:31,Karnataka,Mysuru,15.0946,75.465,Village Road,Rainy,Night,37,Female,Bike,29,No,No,Yes,Poor Weather Visibility,Medium,1.0
ACC23424,10-09-2024,13:38,Kerala,Ernakulam,10.5005,76.4595,National Highway,Cloudy,Day,36,Female,Bike,67,No,No,Yes,Pothole/Bad Road,Medium,5.0
ACC23425,07-05-2024,09:45,Tamil Nadu,Coimbatore,10.3604,78.7406,State Highway,Foggy,Day,26,Male,Bike,55,No,Yes,No,Poor Weather Visibility,Medium,6.0
ACC23426,25-05-2022,19:54,Kerala,Ernakulam,10.0123,76.2031,State Highway,Clear,Night,22,Male,Bike,41,No,No,No,Poor Weather Visibility,Low,0.0
ACC23427,16-06-2023,01:34,Tamil Nadu,Chennai,11.1692,78.6608,Village Road,Clear,Night,51,Female,Auto,35,No,No,Yes,Pothole/Bad Road,Low,0.0
ACC23428,07-03-2023,11:28,Tamil Nadu,Chennai,11.0598,78.6879,City Road,Cloudy,Day,28,Female,Auto,33,No,No,No,Poor Weather Visibility,Low,0.0
ACC23429,09-01-2023,04:39,Telangana,Nizamabad,18.1787,79.2631,National Highway,Cloudy,Night,44,Female,Auto,88,No,No,No,Over Speeding,High,7.0
ACC23430,16-01-2024,16:44,Tamil Nadu,Chennai,10.911,78.5507,Expressway,Overcast,Day,30,Male,Truck,55,No,No,No,Poor Weather Visibility,Low,
ACC23431,22-02-2023,10:05,Andhra Pradesh,Visakhapatnam,15.4213,79.7689,Village Road,Cloudy,Day,40,Male,Car,38,No,No,Yes,Pothole/Bad Road,Low,2.0
ACC23432,31-01-2023,12:14,Karnataka,Mysuru,15.746,76.2359,National Highway,Rainy,Day,35,Male,Auto,73,No,No,No,Poor Weather Visibility,Medium,0.0
ACC23433,19-05-2023,12:19,Puducherry,Puducherry,12.3987,79.333,Village Road,Overcast,Day,49,Male,Auto,50,No,No,Yes,Pothole/Bad Road,Low,2.0
ACC23434,18-11-2023,13:02,Puducherry,Puducherry,11.8158,79.5068,Village Road,Clear,Day,27,Male,Bike,39,No,No,Yes,Pothole/Bad Road,Low,1.0
ACC23435,23-05-2022,08:20,Karnataka,Belagavi,15.375,76.2222,Village Road,Overcast,Day,33,Male,Auto,33,No,No,No,Signal Jumping,Low,2.0
ACC23436,15-05-2024,18:19,Telangana,Khammam,18.0742,79.083,Expressway,Clear,Dusk,18,Male,Bike,105,Yes,Yes,No,Over Speeding,High,6.0
ACC23437,09-10-2023,09:42,Telangana,Warangal,18.8115,78.8927,State Highway,Cloudy,Day,49,Male,Bike,59,No,No,No,Signal Jumping,Low,1.0
ACC23438,11-06-2024,11:40,Tamil Nadu,Coimbatore,11.4918,78.9413,City Road,Clear,Day,41,Male,Auto,43,No,No,Yes,Pothole/Bad Road,Low,0.0
ACC23439,24-08-2022,20:41,Karnataka,Mangaluru,15.0042,75.5906,State Highway,Cloudy,Night,28,Male,Truck,61,No,No,No,Poor Weather Visibility,Medium,3.0
ACC23440,07-04-2024,08:38,Tamil Nadu,Salem,11.6993,78.7524,Village Road,Clear,Day,18,Female,Bus,51,No,No,No,Signal Jumping,Medium,0.0
ACC23441,10-04-2023,13:06,Tamil Nadu,Coimbatore,11.1431,78.9335,State Highway,Clear,Day,32,Male,Car,66,No,No,No,Over Speeding,Low,1.0
ACC23442,04-10-2023,07:02,Kerala,Kozhikode,10.5376,75.8491,City Road,Cloudy,Day,36,Male,Truck,36,No,Yes,No,Drowsy Driving,Low,1.0
ACC23443,26-12-2023,19:28,Kerala,Kollam,10.6307,75.8352,City Road,Clear,Night,37,Male,Auto,47,No,No,Yes,Pothole/Bad Road,Medium,
ACC23444,13-06-2022,19:39,Karnataka,Belagavi,15.2166,75.9003,City Road,Cloudy,Night,24,Female,Bike,52,Yes,Yes,No,Drunk Driving,Medium,8.0
ACC23445,04-04-2024,07:12,Tamil Nadu,Coimbatore,11.4279,79.0583,State Highway,Rainy,Day,38,Female,Car,70,No,No,Yes,Poor Weather Visibility,Medium,2.0
ACC23446,04-08-2022,15:30,Kerala,Kozhikode,9.6742,76.1733,City Road,Clear,Day,24,Male,Car,55,No,No,No,Signal Jumping,Medium,2.0
ACC23447,13-11-2022,08:21,Telangana,Hyderabad,17.9785,79.2301,State Highway,Rainy,Day,33,Male,Bike,56,No,No,No,Poor Weather Visibility,Medium,4.0
ACC23448,16-07-2024,12:46,Karnataka,Bengaluru Urban,15.5831,76.3943,National Highway,Cloudy,Day,47,Male,Auto,66,No,No,No,Poor Weather Visibility,Low,3.0
ACC23449,12-12-2022,11:39,Andhra Pradesh,Visakhapatnam,16.6233,79.126,National Highway,Clear,Day,30,Male,Bike,63,No,No,No,Over Speeding,Low,1.0
ACC23450,27-01-2024,19:21,Tamil Nadu,Coimbatore,11.0593,79.1265,State Highway,Cloudy,Night,37,Female,Car,56,No,No,No,Poor Weather Visibility,Low,0.0
ACC23451,05-11-2024,00:36,Andhra Pradesh,Kurnool,16.2043,80.0192,Village Road,Clear,Night,48,Male,Car,40,Yes,No,Yes,Drunk Driving,Medium,5.0
ACC23452,13-09-2024,17:56,Kerala,Thiruvananthapuram,10.254,76.7679,State Highway,Rainy,Dusk,36,Male,Bus,50,No,No,No,Poor Weather Visibility,Low,0.0
ACC23453,24-11-2024,08:48,Telangana,Hyderabad,18.2913,78.9532,State Highway,Cloudy,Day,18,Male,Truck,57,No,No,No,Poor Weather Visibility,Low,3.0
ACC23454,10-07-2023,16:53,Tamil Nadu,Madurai,10.7603,78.6882,Village Road,Clear,Day,56,Male,Auto,33,No,No,No,Signal Jumping,Low,2.0
ACC23455,04-04-2023,08:33,Andhra Pradesh,Kurnool,15.5997,80.0434,State Highway,Clear,Day,42,Male,Car,59,No,No,No,Signal Jumping,Low,0.0
ACC23456,15-10-2022,10:51,Karnataka,Bengaluru Urban,15.4578,75.8265,State Highway,Clear,Day,30,Male,Auto,65,No,No,No,Signal Jumping,Low,1.0
ACC23457,15-10-2024,10:57,Karnataka,Belagavi,15.5541,76.2935,Village Road,Clear,Day,27,Male,Bike,44,Yes,No,No,Drunk Driving,Medium,5.0
ACC23458,19-11-2022,20:21,Karnataka,Mysuru,15.7413,75.5936,City Road,Clear,Night,28,Female,Auto,51,Yes,No,No,Drunk Driving,Medium,0.0
ACC23459,13-07-2024,04:38,Telangana,Warangal,17.8925,79.1742,Village Road,Rainy,Night,28,Male,Bike,30,No,No,No,Poor Weather Visibility,Low,
ACC23460,27-12-2024,12:47,Karnataka,Belagavi,14.7316,75.6459,Village Road,Clear,Day,28,Male,Truck,28,No,Yes,Yes,Drowsy Driving,Low,1.0
ACC23461,22-09-2023,14:17,Andhra Pradesh,Vijayawada,16.3802,79.423,City Road,Clear,Day,41,Male,Bus,40,No,No,Yes,Pothole/Bad Road,Low,3.0
ACC23462,24-12-2023,12:57,Tamil Nadu,Salem,10.9267,78.2125,Expressway,Cloudy,Day,50,Female,Car,82,No,No,No,Over Speeding,High,8.0
ACC23463,10-03-2022,15:25,Puducherry,Karaikal,12.3493,80.1629,Village Road,Clear,Day,18,Male,Bus,42,No,Yes,No,Drowsy Driving,Low,3.0