Accident_ID,Date,Time,State,District,Latitude,Longitude,Road_Type,Weather,Light_Condition,Driver_Age,Driver_Gender,Vehicle_Type,Speed_kmph,Alcohol_Involved,Driver_Drowsy,Pothole_Involved,Cause_of_Accident,Severity,Casualties
ACC23464,06-09-2022,12:50,Telangana,Khammam,18.4212,78.7164,State Highway,Cloudy,Day,40,Male,Auto,70,No,Yes,No,Drowsy Driving,Medium,4.0
ACC23465,01-06-2024,08:07,Andhra Pradesh,Guntur,15.8915,79.7291,Village Road,Rainy,Day,41,Male,Auto,43,No,No,No,Poor Weather Visibility,Low,1.0
ACC23466,03-01-2024,23:35,Kerala,Thiruvananthapuram,10.4158,76.8002,Village Road,Cloudy,Night,46,Male,Truck,43,No,No,No,Poor Weather Visibility,Low,1.0
ACC23467,18-02-2023,08:10,Karnataka,Mysuru,15.1988,75.7246,National Highway,Cloudy,Day,37,Male,Bike,66,No,No,No,Poor Weather Visibility,Low,0.0
ACC23468,08-04-2022,22:21,Karnataka,Mangaluru,15.8288,76.1776,City Road,Overcast,Night,18,Female,Car,52,No,No,Yes,Pothole/Bad Road,Medium,4.0
ACC23469,24-01-2023,08:45,Andhra Pradesh,Guntur,16.0854,80.2753,National Highway,Rainy,Day,41,Male,Bus,88,No,No,No,Over Speeding,Medium,4.0
ACC23470,28-06-2023,17:13,Kerala,Ernakulam,9.9318,75.933,National Highway,Clear,Dusk,33,Male,Bike,63,No,No,No,Signal Jumping,Low,0.0
ACC23471,12-06-2022,16:44,Telangana,Hyderabad,18.9515,79.552,National Highway,Cloudy,Day,71,Male,Auto,67,No,No,No,Poor Weather Visibility,Medium,3.0
ACC23472,10-05-2022,19:16,Karnataka,Hubballi,15.0402,75.6239,City Road,Clear,Night,51,Female,Bike,42,Yes,Yes,No,Drunk Driving,Medium,2.0
ACC23473,17-10-2024,09:27,Telangana,Warangal,17.9974,78.6355,National Highway,Cloudy,Day,24,Male,Bike,66,Yes,No,No,Drunk Driving,High,5.0
ACC23474,08-03-2024,19:06,Karnataka,Bengaluru Urban,15.036,76.1554,National Highway,Rainy,Night,39,Male,Auto,95,Yes,No,Yes,Over Speeding,High,6.0
ACC23475,09-07-2022,13:29,Tamil Nadu,Madurai,11.5157,78.7737,National Highway,Cloudy,Day,38,Male,Bike,67,No,No,No,Poor Weather Visibility,Medium,2.0
ACC23476,21-09-2022,00:37,Tamil Nadu,Coimbatore,11.426,78.3393,Village Road,Clear,Night,47,Male,Bike,41,No,Yes,No,Drowsy Driving,Low,1.0
ACC23477,20-09-2022,17:58,Karnataka,Belagavi,14.7622,75.0823,City Road,Rainy,Dusk,42,Male,Bike,49,No,Yes,No,Poor Weather Visibility,High,2.0
ACC23478,28-04-2024,19:08,Telangana,Khammam,18.2233,78.9884,City Road,Clear,Night,49,Male,Car,52,No,Yes,No,Drowsy Driving,Low,0.0
ACC23479,31-12-2023,21:52,Telangana,Nizamabad,18.5677,79.8887,City Road,Overcast,Night,41,Male,Truck,54,No,Yes,Yes,Drowsy Driving,Medium,3.0
ACC23480,17-02-2022,08:13,Andhra Pradesh,Visakhapatnam,15.7638,80.2101,State Highway,Cloudy,Day,22,Female,Truck,52,No,Yes,No,Drowsy Driving,Low,1.0
ACC23481,17-02-2022,23:41,Karnataka,Belagavi,14.9912,74.9537,Village Road,Clear,Night,27,Male,Bus,51,No,No,No,Signal Jumping,Low,0.0
ACC23482,15-02-2022,22:29,Tamil Nadu,Coimbatore,11.0004,78.472,National Highway,Cloudy,Night,68,Male,Car,81,No,No,No,Over Speeding,Medium,
ACC23483,06-06-2023,04:41,Karnataka,Mysuru,15.6145,75.0652,City Road,Clear,Night,29,Male,Bike,53,No,No,No,Signal Jumping,Low,0.0
ACC23484,13-06-2022,19:13,Andhra Pradesh,Kurnool,15.5418,79.6782,National Highway,Clear,Night,38,Male,Bike,75,No,No,No,Over Speeding,Medium,3.0
ACC23485,31-05-2024,15:51,Tamil Nadu,Salem,11.3927,78.2712,State Highway,Rainy,Day,46,Male,Bike,79,No,No,No,Poor Weather Visibility,Medium,3.0
ACC23486,11-10-2024,19:07,Kerala,Thiruvananthapuram,9.7489,75.8879,State Highway,Clear,Night,46,Male,Auto,61,No,Yes,No,Drowsy Driving,Medium,1.0
ACC23487,24-10-2023,17:49,Karnataka,Hubballi,15.1554,74.8636,City Road,Clear,Dusk,37,Male,Car,43,No,No,No,Signal Jumping,Low,1.0
ACC23488,11-04-2024,16:11,Andhra Pradesh,Kurnool,16.2298,79.98,National Highway,Cloudy,Day,44,Male,Bus,68,No,No,No,Poor Weather Visibility,Medium,2.0
ACC23489,20-02-2024,16:53,Andhra Pradesh,Guntur,15.6299,80.6705,State Highway,Clear,Day,34,Male,Car,76,No,No,No,Over Speeding,Medium,5.0
ACC23490,27-07-2024,14:35,Tamil Nadu,Chennai,11.6456,78.6435,National Highway,Overcast,Day,56,Male,Bike,80,No,No,No,Over Speeding,Medium,7.0
ACC23491,28-01-2022,15:07,Karnataka,Belagavi,15.6268,75.1079,State Highway,Clear,Day,33,Male,Truck,40,No,No,No,Signal Jumping,Low,1.0
ACC23492,27-04-2024,17:02,Telangana,Hyderabad,18.2063,78.29,State Highway,Rainy,Dusk,51,Male,Bike,49,No,No,Yes,Poor Weather Visibility,Low,1.0
ACC23493,16-01-2023,00:59,Telangana,Warangal,17.3798,78.8115,National Highway,Overcast,Night,24,Male,Bike,55,No,No,No,Poor Weather Visibility,Medium,5.0
ACC23494,09-06-2024,14:15,Kerala,Ernakulam,10.2159,76.1464,National Highway,Cloudy,Day,18,Female,Truck,69,No,Yes,No,Drowsy Driving,High,7.0
ACC23495,01-03-2024,06:00,Telangana,Hyderabad,17.8097,78.0678,National Highway,Rainy,Day,30,Male,Bike,78,No,No,No,Poor Weather Visibility,Medium,2.0
ACC23496,28-04-2022,00:43,Tamil Nadu,Salem,11.7532,78.5,National Highway,Clear,Night,41,Male,Auto,88,Yes,No,No,Over Speeding,High,12.0
ACC23497,22-11-2023,19:52,Karnataka,Mysuru,14.9003,75.7838,National Highway,Rainy,Night,21,Male,Auto,80,No,No,No,Poor Weather Visibility,High,6.0
ACC23498,29-05-2024,07:04,Andhra Pradesh,Visakhapatnam,15.5,80.4651,National Highway,Clear,Day,35,Male,Car,82,No,No,No,Over Speeding,Medium,2.0
ACC23499,28-04-2024,15:36,Tamil Nadu,Chennai,10.8174,78.9228,Village Road,Clear,Day,37,Male,Car,61,No,Yes,No,Drowsy Driving,Medium,3.0
ACC23500,06-12-2022,06:46,Kerala,Ernakulam,10.8679,76.3753,City Road,Rainy,Day,30,Male,Bus,32,No,No,Yes,Poor Weather Visibility,Low,0.0
ACC23501,16-04-2024,14:56,Telangana,Warangal,17.4438,78.935,Village Road,Rainy,Day,49,Male,Car,51,No,No,No,Poor Weather Visibility,Low,1.0
ACC23502,25-05-2022,09:05,Tamil Nadu,Madurai,10.8201,78.2113,City Road,Cloudy,Day,38,Male,Car,70,Yes,No,No,Drunk Driving,Medium,7.0
ACC23503,12-04-2022,18:22,Tamil Nadu,Salem,10.2252,78.8192,State Highway,Overcast,Dusk,45,Male,Car,44,No,No,Yes,Signal Jumping,Low,5.0
ACC23504,08-08-2023,13:20,Andhra Pradesh,Visakhapatnam,16.1914,79.5748,Expressway,Clear,Day,18,Female,Bus,94,No,No,No,Over Speeding,High,7.0
ACC23505,04-07-2024,17:57,Andhra Pradesh,Kurnool,15.9954,79.4197,National Highway,Clear,Dusk,43,Male,Car,72,No,No,No,Over Speeding,Medium,2.0
ACC23506,07-12-2022,21:14,Karnataka,Mysuru,15.2189,75.7978,Expressway,Foggy,Night,22,Male,Bus,68,Yes,No,Yes,Poor Weather Visibility,High,6.0
ACC23507,10-01-2024,12:40,Karnataka,Mysuru,15.1679,76.5017,Village Road,Clear,Day,50,Male,Bike,32,No,No,No,Signal Jumping,Low,0.0
ACC23508,16-11-2022,20:01,Karnataka,Belagavi,15.4506,75.5986,Village Road,Cloudy,Night,41,Male,Car,59,Yes,Yes,No,Drunk Driving,Medium,0.0
ACC23509,18-06-2024,21:56,Tamil Nadu,Tiruchirappalli,10.8926,78.9361,National Highway,Clear,Night,29,Female,Bike,54,Yes,No,No,Drunk Driving,Medium,2.0
ACC23510,22-04-2023,20:03,Andhra Pradesh,Guntur,15.6794,80.1249,National Highway,Clear,Night,53,Male,Auto,78,No,No,No,Over Speeding,Medium,4.0
ACC23511,24-08-2023,15:25,Tamil Nadu,Tiruchirappalli,11.3436,78.8677,City Road,Overcast,Day,27,Male,Bus,60,No,Yes,No,Drowsy Driving,Medium,3.0
ACC23512,19-12-2023,17:59,Andhra Pradesh,Vijayawada,16.0047,80.1502,City Road,Clear,Dusk,18,Male,Bike,29,No,No,Yes,Pothole/Bad Road,Low,1.0
ACC23513,20-09-2024,18:17,Andhra Pradesh,Guntur,16.1919,79.8806,National Highway,Clear,Dusk,28,Male,Auto,72,No,No,No,Over Speeding,Medium,3.0
ACC23514,09-12-2024,07:05,Tamil Nadu,Madurai,10.8241,78.4377,Expressway,Clear,Day,42,Male,Car,88,No,No,Yes,Over Speeding,Medium,6.0
ACC23515,22-11-2024,02:17,Andhra Pradesh,Kurnool,16.3401,80.4581,City Road,Clear,Night,41,Female,Bike,51,No,No,No,Poor Weather Visibility,Low,0.0
ACC23516,23-10-2023,22:06,Tamil Nadu,Salem,10.9422,78.443,State Highway,Rainy,Night,48,Male,Car,66,No,No,Yes,Poor Weather Visibility,Medium,1.0
ACC23517,20-10-2024,07:37,Andhra Pradesh,Nellore,15.7815,79.3259,State Highway,Clear,Day,36,Male,Bike,83,Yes,No,No,Drunk Driving,High,5.0
ACC23518,13-03-2023,17:13,Tamil Nadu,Salem,11.2464,79.1022,City Road,Clear,Dusk,42,Female,Bike,53,No,No,No,Poor Weather Visibility,Low,0.0
ACC23519,15-04-2024,16:10,Kerala,Thiruvananthapuram,10.8049,76.168,City Road,Clear,Day,36,Male,Bike,69,No,No,Yes,Pothole/Bad Road,Medium,6.0
ACC23520,03-01-2023,15:34,Karnataka,Hubballi,15.3118,75.5546,Village Road,Rainy,Day,48,Female,Bus,33,No,Yes,Yes,Poor Weather Visibility,Low,0.0
ACC23521,04-07-2023,00:56,Kerala,Thiruvananthapuram,10.4905,75.413,National Highway,Clear,Night,24,Female,Bus,65,No,No,No,Over Speeding,High,4.0
ACC23522,14-06-2023,06:16,Andhra Pradesh,Nellore,15.6072,79.7115,City Road,Clear,Day,33,Female,Car,53,No,No,No,Poor Weather Visibility,Low,2.0
ACC23523,24-06-2022,20:34,Andhra Pradesh,Visakhapatnam,15.2134,80.6238,Village Road,Foggy,Night,28,Male,Truck,63,Yes,No,Yes,Poor Weather Visibility,High,8.0
ACC23524,14-09-2022,15:16,Tamil Nadu,Coimbatore,10.5585,79.1843,State Highway,Rainy,Day,26,Female,Auto,67,No,No,No,Poor Weather Visibility,Medium,2.0
ACC23525,19-08-2024,22:57,Tamil Nadu,Tiruchirappalli,10.9459,78.5239,Expressway,Rainy,Night,59,Female,Bike,80,No,No,No,Poor Weather Visibility,High,2.0
ACC23526,09-09-2022,08:10,Puducherry,Karaikal,12.0718,79.8507,State Highway,Clear,Day,21,Male,Truck,81,No,No,No,Over Speeding,Low,0.0
ACC23527,26-10-2023,08:38,Karnataka,Bengaluru Urban,14.7478,75.2732,Village Road,Clear,Day,49,Male,Car,56,No,Yes,Yes,Drowsy Driving,Medium,5.0
ACC23528,24-06-2023,17:17,Telangana,Warangal,17.5819,79.9799,State Highway,Clear,Dusk,30,Female,Auto,70,No,No,Yes,Pothole/Bad Road,Low,1.0
ACC23529,31-03-2023,17:41,Kerala,Ernakulam,10.399,76.3746,National Highway,Clear,Dusk,43,Male,Car,71,No,No,No,Over Speeding,Medium,2.0
ACC23530,21-06-2022,14:13,Andhra Pradesh,Visakhapatnam,16.2978,79.7718,Expressway,Clear,Day,37,Male,Truck,82,No,No,No,Over Speeding,Low,1.0
ACC23531,04-12-2023,19:24,Tamil Nadu,Chennai,10.8853,77.4804,National Highway,Rainy,Night,40,Male,Car,69,No,No,Yes,Poor Weather Visibility,Medium,3.0
ACC23532,09-09-2024,17:30,Kerala,Thiruvananthapuram,10.3197,76.8312,State Highway,Rainy,Dusk,47,Male,Car,72,No,No,No,Poor Weather Visibility,Low,1.0
ACC23533,10-03-2023,13:35,Andhra Pradesh,Guntur,16.1909,79.8811,Village Road,Clear,Day,30,Male,Bus,35,No,Yes,Yes,Drowsy Driving,Medium,4.0
ACC23534,24-11-2022,19:22,Karnataka,Mangaluru,15.777,75.8203,Village Road,Clear,Night,44,Female,Car,45,No,No,Yes,Pothole/Bad Road,Medium,4.0
ACC23535,21-02-2022,18:18,Andhra Pradesh,Guntur,14.9525,80.0087,State Highway,Clear,Dusk,25,Male,Car,69,No,No,No,Signal Jumping,Medium,2.0
ACC23536,20-06-2022,16:13,Telangana,Hyderabad,17.6895,79.5943,National Highway,Rainy,Day,26,Male,Car,81,Yes,No,No,Poor Weather Visibility,High,6.0
ACC23537,28-09-2024,09:32,Telangana,Nizamabad,17.7289,79.2518,Village Road,Cloudy,Day,31,Male,Truck,40,No,No,No,Poor Weather Visibility,Low,0.0
ACC23538,02-06-2022,01:16,Tamil Nadu,Coimbatore,10.9715,78.8103,City Road,Rainy,Night,40,Male,Car,62,No,No,No,Poor Weather Visibility,Low,0.0
ACC23539,04-07-2024,17:09,Telangana,Nizamabad,19.039,78.2866,City Road,Rainy,Dusk,42,Male,Bike,40,No,No,No,Poor Weather Visibility,Low,0.0
ACC23540,09-06-2023,15:24,Kerala,Thrissur,10.7663,76.4318,Village Road,Rainy,Day,50,Male,Car,43,No,No,No,Poor Weather Visibility,Low,1.0
ACC23541,16-05-2023,19:19,Tamil Nadu,Tiruchirappalli,11.1015,79.4949,City Road,Clear,Night,58,Male,Bike,64,Yes,No,No,Drunk Driving,Medium,0.0
ACC23542,16-11-2023,19:53,Telangana,Warangal,18.3636,78.5262,City Road,Rainy,Night,51,Male,Truck,59,Yes,No,Yes,Poor Weather Visibility,High,6.0
ACC23543,23-12-2022,16:48,Karnataka,Belagavi,16.0912,76.0143,Village Road,Cloudy,Day,22,Female,Bike,36,No,No,No,Poor Weather Visibility,Low,2.0
ACC23544,04-03-2023,08:07,Karnataka,Mysuru,15.4063,75.4609,City Road,Clear,Day,54,Female,Car,47,No,No,No,Signal Jumping,Low,1.0
ACC23545,16-12-2023,15:25,Karnataka,Mangaluru,16.0153,75.64,State Highway,Clear,Day,18,Male,Truck,55,No,No,No,Poor Weather Visibility,Low,0.0
ACC23546,10-03-2022,18:53,Kerala,Kollam,10.122,76.3983,State Highway,Rainy,Dusk,18,Female,Car,80,No,No,No,Poor Weather Visibility,Medium,2.0
ACC23547,17-07-2022,20:47,Tamil Nadu,Chennai,11.9158,79.144,City Road,Foggy,Night,59,Male,Bus,53,No,Yes,Yes,Poor Weather Visibility,Medium,1.0
ACC23548,11-06-2023,21:59,Telangana,Warangal,18.2409,78.3269,Village Road,Clear,Night,35,Male,Car,52,Yes,No,No,Drunk Driving,Low,0.0
ACC23549,31-07-2023,13:06,Telangana,Nizamabad,17.6525,78.8764,City Road,Clear,Day,49,Male,Bus,55,No,No,No,Poor Weather Visibility,Low,0.0
ACC23550,09-01-2023,15:51,Karnataka,Belagavi,14.6094,75.0442,City Road,Overcast,Day,65,Male,Bike,46,No,No,No,Poor Weather Visibility,Low,0.0
ACC23551,12-12-2022,18:13,Puducherry,Puducherry,11.7182,80.1788,Village Road,Cloudy,Dusk,44,Male,Bike,48,No,No,Yes,Pothole/Bad Road,Low,0.0
ACC23552,11-01-2022,08:47,Tamil Nadu,Madurai,11.6591,78.405,National Highway,Overcast,Day,43,Male,Auto,49,No,No,No,Poor Weather Visibility,Medium,1.0
ACC23553,16-03-2022,20:41,Tamil Nadu,Madurai,10.3675,78.2558,Village Road,Cloudy,Night,50,Male,Bus,35,No,No,No,Poor Weather Visibility,Low,0.0
ACC23554,15-04-2023,17:15,Andhra Pradesh,Vijayawada,15.9427,79.8532,Expressway,Rainy,Dusk,54,Female,Bus,77,No,Yes,Yes,Poor Weather Visibility,High,7.0
ACC23555,06-03-2023,17:55,Karnataka,Mangaluru,15.9773,76.3611,Expressway,Clear,Dusk,45,Male,Truck,84,No,Yes,No,Over Speeding,High,4.0
ACC23556,08-08-2024,00:48,Tamil Nadu,Tiruchirappalli,11.5266,78.6246,City Road,Clear,Night,34,Male,Bike,39,No,No,No,Poor Weather Visibility,Low,2.0
ACC23557,05-06-2022,22:51,Tamil Nadu,Coimbatore,11.734,78.2902,National Highway,Clear,Night,39,Male,Bike,77,No,No,No,Over Speeding,High,5.0
ACC23558,18-03-2022,08:31,Karnataka,Mangaluru,15.1011,75.8389,State Highway,Clear,Day,45,Female,Car,62,No,No,No,Over Speeding,Medium,0.0
ACC23559,13-03-2023,19:48,Tamil Nadu,Chennai,10.7225,79.0326,Village Road,Cloudy,Night,40,Male,Car,24,No,No,No,Poor Weather Visibility,Low,1.0
ACC23560,18-02-2022,06:58,Andhra Pradesh,Visakhapatnam,16.4024,80.0496,State Highway,Clear,Day,26,Male,Bike,76,Yes,No,No,Drunk Driving,High,12.0
ACC23561,12-03-2023,12:57,Tamil Nadu,Tiruchirappalli,10.9087,77.9033,City Road,Overcast,Day,42,Male,Truck,62,No,Yes,No,Drowsy Driving,Low,0.0
ACC23562,14-09-2024,00:40,Karnataka,Mysuru,15.5045,75.7525,Village Road,Clear,Night,20,Female,Bike,50,Yes,No,No,Drunk Driving,High,5.0
ACC23563,08-06-2023,15:04,Telangana,Warangal,18.484,78.7691,Village Road,Overcast,Day,51,Male,Car,32,No,No,No,Signal Jumping,Low,0.0
ACC23564,22-09-2022,08:09,Kerala,Kollam,10.0264,76.3715,National Highway,Rainy,Day,46,Male,Bus,64,No,Yes,No,Poor Weather Visibility,Medium,4.0
ACC23565,10-06-2022,19:46,Karnataka,Bengaluru Urban,15.1112,76.136,Village Road,Clear,Night,26,Female,Car,42,No,No,Yes,Pothole/Bad Road,Medium,2.0
ACC23566,04-01-2022,09:47,Tamil Nadu,Chennai,11.3068,77.6723,State Highway,Clear,Day,45,Male,Car,58,No,Yes,No,Drowsy Driving,Low,2.0
ACC23567,15-07-2022,18:46,Telangana,Nizamabad,17.4316,78.6153,National Highway,Cloudy,Dusk,41,Male,Bike,81,No,No,No,Over Speeding,Medium,3.0
ACC23568,13-06-2023,19:42,Tamil Nadu,Madurai,11.6097,78.4874,State Highway,Clear,Night,35,Male,Truck,37,No,No,No,Signal Jumping,Low,1.0
ACC23569,24-05-2023,17:57,Kerala,Ernakulam,9.74,76.5601,Village Road,Clear,Dusk,44,Female,Car,57,No,No,No,Signal Jumping,Low,0.0
ACC23570,05-12-2023,23:15,Karnataka,Hubballi,15.5886,75.1109,Expressway,Foggy,Night,59,Male,Bike,80,No,Yes,No,Poor Weather Visibility,High,6.0
ACC23571,28-10-2023,07:09,Andhra Pradesh,Vijayawada,15.758,79.6526,Expressway,Clear,Day,36,Male,Car,96,No,Yes,No,Over Speeding,High,6.0
ACC23572,01-11-2023,18:54,Kerala,Kozhikode,10.2186,76.7789,City Road,Clear,Dusk,37,Male,Car,54,No,No,Yes,Signal Jumping,Low,1.0
ACC23573,29-10-2023,19:00,Telangana,Nizamabad,18.4791,78.9593,City Road,Clear,Night,40,Female,Bike,40,No,No,No,Signal Jumping,Low,0.0
ACC23574,13-04-2023,19:39,Telangana,Nizamabad,17.6795,79.1988,National Highway,Cloudy,Night,43,Female,Car,93,Yes,No,No,Over Speeding,High,7.0
ACC23575,24-09-2022,19:47,Andhra Pradesh,Kurnool,15.9459,79.6288,National Highway,Cloudy,Night,38,Female,Truck,81,No,No,No,Over Speeding,High,6.0
ACC23576,21-10-2023,07:14,Kerala,Ernakulam,10.2577,76.5254,State Highway,Clear,Day,18,Male,Bike,52,No,No,No,Poor Weather Visibility,Low,1.0
ACC23577,24-11-2023,21:59,Kerala,Kozhikode,11.0171,77.1495,City Road,Foggy,Night,43,Male,Bike,37,No,No,No,Poor Weather Visibility,Medium,1.0
ACC23578,13-08-2024,15:24,Telangana,Nizamabad,17.8422,78.8465,National Highway,Rainy,Day,48,Male,Bus,53,No,No,No,Poor Weather Visibility,Low,2.0
ACC23579,25-04-2022,13:42,Andhra Pradesh,Vijayawada,16.5562,79.5991,Village Road,Cloudy,Day,40,Female,Auto,50,No,No,No,Poor Weather Visibility,Medium,2.0
ACC23580,01-08-2022,12:29,Andhra Pradesh,Guntur,16.081,79.5113,Village Road,Clear,Day,34,Male,Car,39,No,No,No,Signal Jumping,Low,2.0
ACC23581,25-02-2024,08:45,Telangana,Nizamabad,18.0403,79.3038,Village Road,Cloudy,Day,37,Male,Bike,44,No,No,No,Signal Jumping,Low,1.0
ACC23582,14-12-2024,23:38,Karnataka,Belagavi,14.7751,75.6772,State Highway,Clear,Night,21,Female,Auto,58,Yes,No,Yes,Drunk Driving,Medium,4.0
ACC23583,15-07-2022,17:14,Telangana,Nizamabad,17.7537,79.2735,State Highway,Foggy,Dusk,48,Male,Bike,50,No,No,No,Poor Weather Visibility,Medium,0.0
ACC23584,10-07-2024,07:33,Andhra Pradesh,Guntur,15.5039,79.3399,State Highway,Clear,Day,18,Male,Bike,74,Yes,No,No,Drunk Driving,Medium,2.0
ACC23585,06-02-2023,17:21,Karnataka,Mysuru,15.4294,75.8712,City Road,Rainy,Dusk,22,Male,Car,54,No,No,Yes,Poor Weather Visibility,Medium,3.0
ACC23586,13-09-2022,13:27,Andhra Pradesh,Nellore,15.6438,79.8447,State Highway,Clear,Day,47,Male,Car,66,No,No,No,Over Speeding,Medium,4.0
ACC23587,08-05-2023,12:22,Tamil Nadu,Coimbatore,11.1527,78.4557,National Highway,Overcast,Day,21,Male,Auto,66,Yes,No,No,Drunk Driving,Medium,2.0
ACC23588,21-07-2022,15:03,Tamil Nadu,Madurai,10.9532,78.5239,National Highway,Rainy,Day,55,Female,Bike,54,No,No,Yes,Poor Weather Visibility,Medium,4.0
ACC23589,02-12-2024,00:22,Telangana,Hyderabad,18.7562,79.2214,City Road,Foggy,Night,41,Male,Bike,57,Yes,No,No,Poor Weather Visibility,High,9.0
ACC23590,12-12-2022,08:46,Puducherry,Puducherry,11.3728,79.4075,National Highway,Overcast,Day,32,Male,Auto,46,No,No,No,Poor Weather Visibility,Low,0.0
ACC23591,19-07-2023,18:10,Karnataka,Hubballi,15.4935,76.2752,State Highway,Rainy,Dusk,28,Female,Car,61,No,No,Yes,Poor Weather Visibility,Medium,2.0
ACC23592,26-06-2023,14:37,Karnataka,Hubballi,15.4983,75.4387,Village Road,Clear,Day,71,Male,Bike,38,No,No,No,Signal Jumping,Low,1.0
ACC23593,17-10-2024,18:22,Tamil Nadu,Madurai,11.067,78.345,Village Road,Rainy,Dusk,27,Male,Bike,38,No,No,No,Poor Weather Visibility,Low,1.0
ACC23594,01-08-2022,08:56,Telangana,Hyderabad,17.6857,79.4881,National Highway,Overcast,Day,37,Female,Bus,64,No,Yes,No,Drowsy Driving,Medium,1.0
ACC23595,25-02-2023,11:58,Karnataka,Bengaluru Urban,14.5915,74.8506,State Highway,Rainy,Day,18,Female,Car,66,No,No,No,Poor Weather Visibility,Medium,0.0
ACC23596,06-09-2024,18:00,Andhra Pradesh,Vijayawada,15.5674,79.0515,Village Road,Rainy,Dusk,18,Male,Auto,53,Yes,No,No,Poor Weather Visibility,Medium,1.0
ACC23597,04-03-2023,16:32,Telangana,Nizamabad,18.744,79.0112,State Highway,Cloudy,Day,46,Male,Car,98,Yes,No,No,Over Speeding,High,8.0
ACC23598,21-05-2022,15:00,Karnataka,Belagavi,15.139,75.0694,National Highway,Overcast,Day,34,Male,Auto,74,No,No,Yes,Pothole/Bad Road,High,2.0
ACC23599,02-02-2022,09:44,Telangana,Nizamabad,18.4429,79.4349,State Highway,Clear,Day,33,Female,Car,73,Yes,No,No,Drunk Driving,Medium,2.0
ACC23600,30-09-2022,05:29,Karnataka,Belagavi,15.1985,75.2081,Village Road,Clear,Dawn,18,Male,Bike,26,No,No,No,Poor Weather Visibility,Low,2.0
ACC23601,19-02-2023,08:18,Andhra Pradesh,Guntur,15.2434,79.0222,Expressway,Clear,Day,46,Female,Truck,80,No,No,No,Over Speeding,Medium,2.0
ACC23602,22-10-2024,17:58,Tamil Nadu,Chennai,11.194,78.5859,City Road,Overcast,Dusk,47,Male,Bike,46,No,No,No,Poor Weather Visibility,Medium,1.0
ACC23603,04-01-2022,10:22,Kerala,Kozhikode,11.0778,75.9909,State Highway,Clear,Day,33,Female,Car,55,No,No,No,Signal Jumping,Low,0.0
ACC23604,16-07-2024,12:03,Andhra Pradesh,Kurnool,16.2229,79.4829,City Road,Clear,Day,21,Male,Bike,45,No,No,No,Signal Jumping,Low,1.0
ACC23605,29-12-2023,18:12,Karnataka,Bengaluru Urban,15.0564,75.5206,Village Road,Clear,Dusk,25,Female,Auto,50,No,No,No,Signal Jumping,Low,0.0
ACC23606,03-05-2024,21:29,Telangana,Khammam,17.5472,79.104,Village Road,Overcast,Night,49,Male,Car,42,No,No,No,Poor Weather Visibility,Low,1.0
ACC23607,21-10-2023,19:33,Telangana,Warangal,17.4912,79.7238,State Highway,Cloudy,Night,25,Female,Bike,47,No,Yes,No,Drowsy Driving,Low,2.0
ACC23608,14-03-2023,13:25,Karnataka,Bengaluru Urban,15.1488,75.6167,National Highway,Clear,Day,36,Male,Car,82,Yes,No,No,Drunk Driving,High,4.0
ACC23609,13-07-2023,07:00,Kerala,Ernakulam,10.4739,76.742,City Road,Clear,Day,29,Male,Car,45,No,No,No,Poor Weather Visibility,Low,0.0
ACC23610,07-05-2023,11:38,Tamil Nadu,Coimbatore,11.7946,78.5521,Expressway,Clear,Day,18,Male,Truck,72,No,No,No,Over Speeding,Low,1.0
ACC23611,18-05-2022,12:57,Karnataka,Hubballi,14.7095,75.4488,Expressway,Rainy,Day,31,Male,Truck,95,No,No,No,Over Speeding,High,4.0
ACC23612,21-07-2024,09:50,Kerala,Kollam,10.6605,76.553,National Highway,Rainy,Day,45,Male,Auto,62,No,No,No,Poor Weather Visibility,Medium,2.0
ACC23613,15-08-2024,23:01,Tamil Nadu,Coimbatore,10.7478,77.965,State Highway,Clear,Night,36,Male,Car,60,No,Yes,No,Drowsy Driving,Low,0.0
ACC23614,28-06-2023,19:37,Puducherry,Puducherry,12.3106,79.7444,City Road,Cloudy,Night,46,Male,Bike,53,No,No,No,Poor Weather Visibility,Medium,3.0
ACC23615,03-08-2023,18:05,Tamil Nadu,Tiruchirappalli,10.4699,78.0444,State Highway,Overcast,Dusk,52,Female,Bike,63,No,No,No,Poor Weather Visibility,Medium,4.0
ACC23616,08-07-2022,12:44,Kerala,Kollam,10.3681,76.3921,Expressway,Cloudy,Day,29,Male,Bike,72,No,No,No,Poor Weather Visibility,Medium,2.0
ACC23617,03-04-2023,18:02,Tamil Nadu,Salem,11.1446,78.7932,City Road,Overcast,Dusk,34,Male,Car,49,No,No,No,Poor Weather Visibility,Low,1.0
ACC23618,24-10-2023,20:39,Karnataka,Bengaluru Urban,15.8104,75.5309,City Road,Overcast,Night,25,Male,Car,50,No,Yes,No,Drowsy Driving,Medium,2.0
ACC23619,21-12-2024,07:16,Telangana,Hyderabad,17.7521,79.3929,State Highway,Clear,Day,42,Female,Bus,55,No,No,Yes,Pothole/Bad Road,Medium,1.0