Accident_ID,Date,Time,State,District,Latitude,Longitude,Road_Type,Weather,Light_Condition,Driver_Age,Driver_Gender,Vehicle_Type,Speed_kmph,Alcohol_Involved,Driver_Drowsy,Pothole_Involved,Cause_of_Accident,Severity,Casualties
ACC23620,12-10-2023,17:00,Karnataka,Mangaluru,15.4068,75.0795,Village Road,Clear,Dusk,54,Male,Truck,24,No,No,Yes,Pothole/Bad Road,Low,2.0
ACC23621,28-09-2023,20:46,Telangana,Khammam,17.7563,78.8742,Village Road,Clear,Night,18,Male,Bike,43,No,Yes,Yes,Drowsy Driving,Medium,1.0
ACC23622,31-03-2022,08:49,Telangana,Karimnagar,17.7101,78.4149,Expressway,Clear,Day,18,Male,Bike,62,No,No,No,Signal Jumping,Low,2.0
ACC23623,16-10-2022,10:33,Karnataka,Belagavi,15.5386,76.219,Expressway,Rainy,Day,62,Male,Bike,61,No,No,No,Poor Weather Visibility,Medium,0.0
ACC23624,01-12-2023,18:30,Tamil Nadu,Coimbatore,11.0336,78.33,City Road,Clear,Dusk,62,Male,Bus,62,No,Yes,No,Drowsy Driving,Medium,2.0
ACC23625,15-08-2024,20:14,Telangana,Warangal,17.6984,78.6682,National Highway,Clear,Night,24,Male,Auto,76,No,No,No,Over Speeding,Medium,4.0
ACC23626,08-04-2024,08:39,Telangana,Warangal,17.6354,79.0556,Village Road,Rainy,Day,61,Male,Bike,25,No,No,No,Poor Weather Visibility,Low,0.0
ACC23627,31-07-2022,18:07,Karnataka,Hubballi,15.3902,75.3283,City Road,Overcast,Dusk,42,Male,Auto,39,No,No,Yes,Pothole/Bad Road,Low,1.0
ACC23628,02-12-2023,15:41,Tamil Nadu,Salem,11.0999,78.8183,Expressway,Clear,Day,52,Male,Car,97,No,No,No,Over Speeding,High,3.0
ACC23629,22-12-2024,21:32,Telangana,Karimnagar,18.5226,78.5019,City Road,Clear,Night,35,Female,Bike,50,No,Yes,No,Drowsy Driving,Medium,1.0
ACC23630,22-03-2023,14:33,Kerala,Ernakulam,10.3029,76.6544,State Highway,Cloudy,Day,26,Male,Bike,68,No,No,Yes,Pothole/Bad Road,High,7.0
ACC23631,15-12-2022,17:57,Karnataka,Belagavi,14.8647,76.0093,City Road,Foggy,Dusk,37,Male,Bike,28,No,No,Yes,Poor Weather Visibility,Low,2.0
ACC23632,28-02-2022,18:53,Tamil Nadu,Chennai,11.1281,79.7101,State Highway,Clear,Dusk,34,Female,Bus,59,No,No,No,Over Speeding,Low,0.0
ACC23633,09-12-2023,10:22,Kerala,Thiruvananthapuram,10.2956,76.6512,National Highway,Cloudy,Day,33,Male,Car,50,No,No,No,Signal Jumping,Low,0.0
ACC23634,11-10-2024,12:43,Telangana,Warangal,17.8395,79.1723,National Highway,Clear,Day,43,Male,Bike,83,No,No,No,Over Speeding,Medium,2.0
ACC23635,08-01-2023,21:42,Tamil Nadu,Tiruchirappalli,10.993,78.6176,State Highway,Clear,Night,45,Male,Car,50,No,No,No,Poor Weather Visibility,Medium,4.0
ACC23636,04-04-2022,11:43,Andhra Pradesh,Vijayawada,15.6664,79.4055,City Road,Clear,Day,19,Male,Truck,50,No,No,No,Signal Jumping,Low,1.0
ACC23637,02-10-2022,15:30,Karnataka,Hubballi,15.1521,75.3407,City Road,Cloudy,Day,33,Male,Bike,47,No,Yes,No,Drowsy Driving,Low,0.0
ACC23638,18-04-2023,15:52,Kerala,Thrissur,10.1616,75.7826,Expressway,Cloudy,Day,36,Male,Car,84,Yes,No,No,Drunk Driving,Medium,4.0
ACC23639,21-06-2024,20:00,Karnataka,Belagavi,15.1962,75.9954,National Highway,Rainy,Night,23,Male,Bus,71,Yes,No,No,Poor Weather Visibility,High,7.0
ACC23640,28-07-2023,17:28,Kerala,Thiruvananthapuram,10.5211,76.8469,Village Road,Cloudy,Dusk,45,Male,Truck,25,No,No,Yes,Pothole/Bad Road,Low,1.0
ACC23641,10-07-2023,04:35,Tamil Nadu,Tiruchirappalli,11.2522,78.7359,Village Road,Clear,Night,52,Male,Bike,23,No,No,No,Signal Jumping,Low,2.0
ACC23642,14-09-2022,17:07,Telangana,Nizamabad,18.3854,78.8931,National Highway,Clear,Dusk,42,Female,Auto,69,No,No,No,Signal Jumping,Medium,5.0
ACC23643,27-01-2022,07:40,Puducherry,Puducherry,12.5587,79.7991,National Highway,Rainy,Day,32,Male,Car,70,Yes,No,No,Poor Weather Visibility,High,4.0
ACC23644,14-09-2023,16:55,Kerala,Kollam,10.3064,75.9612,Expressway,Cloudy,Day,39,Female,Auto,83,No,No,No,Over Speeding,Medium,2.0
ACC23645,17-06-2024,11:34,Karnataka,Belagavi,15.4845,75.8697,City Road,Overcast,Day,51,Male,Car,51,No,No,No,Poor Weather Visibility,Low,2.0
ACC23646,03-06-2022,12:12,Telangana,Hyderabad,18.0037,78.9294,City Road,Clear,Day,36,Male,Car,54,No,No,No,Poor Weather Visibility,Low,0.0
ACC23647,16-06-2022,21:36,Tamil Nadu,Madurai,11.397,78.0914,Village Road,Rainy,Night,43,Female,Truck,39,No,Yes,No,Poor Weather Visibility,Low,0.0
ACC23648,09-10-2023,17:44,Tamil Nadu,Salem,10.7594,78.4036,City Road,Clear,Dusk,24,Female,Auto,64,Yes,No,No,Drunk Driving,Medium,4.0
ACC23649,18-12-2023,08:54,Andhra Pradesh,Guntur,16.3803,78.9958,City Road,Clear,Day,31,Male,Car,50,No,No,No,Poor Weather Visibility,Low,0.0
ACC23650,05-05-2022,20:46,Kerala,Thiruvananthapuram,10.2441,76.2997,City Road,Clear,Night,30,Female,Car,52,No,No,No,Signal Jumping,Low,1.0
ACC23651,23-03-2023,20:53,Andhra Pradesh,Kurnool,15.5638,80.0598,City Road,Cloudy,Night,39,Female,Bike,39,No,Yes,No,Drowsy Driving,Low,1.0
ACC23652,01-08-2024,16:36,Tamil Nadu,Coimbatore,10.4433,78.6035,National Highway,Clear,Day,42,Male,Bus,58,No,Yes,Yes,Signal Jumping,Medium,2.0
ACC23653,29-06-2022,12:13,Telangana,Khammam,17.3531,78.8983,City Road,Clear,Day,27,Male,Auto,54,Yes,No,No,Drunk Driving,Low,1.0
ACC23654,02-03-2023,15:08,Andhra Pradesh,Visakhapatnam,16.0345,79.3392,National Highway,Rainy,Day,37,Male,Bike,66,No,No,No,Poor Weather Visibility,Medium,3.0
ACC23655,06-06-2022,20:39,Tamil Nadu,Chennai,11.0431,78.2329,City Road,Clear,Night,46,Male,Bike,75,Yes,No,No,Drunk Driving,High,7.0
ACC23656,03-02-2024,21:58,Andhra Pradesh,Nellore,16.3691,80.4123,City Road,Rainy,Night,21,Male,Car,66,No,Yes,Yes,Poor Weather Visibility,Medium,2.0
ACC23657,22-08-2024,22:01,Puducherry,Puducherry,12.2524,79.8438,State Highway,Clear,Night,25,Female,Bike,55,No,No,Yes,Pothole/Bad Road,Medium,3.0
ACC23658,26-07-2024,00:54,Karnataka,Mangaluru,15.5269,76.1446,Village Road,Rainy,Night,46,Male,Auto,47,No,No,Yes,Poor Weather Visibility,Low,1.0
ACC23659,07-04-2024,13:20,Telangana,Warangal,17.572,79.0814,City Road,Cloudy,Day,39,Female,Bus,38,No,No,No,Poor Weather Visibility,Low,0.0
ACC23660,10-06-2022,07:26,Telangana,Nizamabad,17.636,79.0357,State Highway,Cloudy,Day,39,Male,Auto,77,No,Yes,Yes,Signal Jumping,High,5.0
ACC23661,29-01-2022,16:35,Telangana,Karimnagar,18.1762,79.5203,National Highway,Clear,Day,38,Male,Auto,61,No,No,No,Signal Jumping,Low,0.0
ACC23662,30-08-2024,12:58,Kerala,Kozhikode,10.7969,76.4918,City Road,Rainy,Day,38,Male,Bike,42,No,No,No,Poor Weather Visibility,Low,0.0
ACC23663,14-06-2024,23:34,Karnataka,Hubballi,14.8058,75.8077,State Highway,Clear,Night,53,Male,Truck,72,No,Yes,No,Drowsy Driving,Medium,6.0
ACC23664,04-04-2023,10:49,Karnataka,Belagavi,15.9948,74.9254,Expressway,Foggy,Day,33,Male,Bike,76,No,No,No,Poor Weather Visibility,High,4.0
ACC23665,02-07-2022,09:52,Telangana,Nizamabad,17.612,79.4429,City Road,Clear,Day,41,Female,Bike,55,No,No,No,Signal Jumping,Low,3.0
ACC23666,15-10-2024,07:11,Tamil Nadu,Tiruchirappalli,11.3123,78.6039,National Highway,Cloudy,Day,18,Male,Auto,78,No,No,No,Over Speeding,High,4.0
ACC23667,19-01-2022,08:10,Kerala,Thrissur,10.1001,76.2123,National Highway,Rainy,Day,26,Male,Bike,47,No,No,No,Poor Weather Visibility,Medium,3.0
ACC23668,01-09-2024,02:02,Kerala,Thiruvananthapuram,10.9429,76.807,City Road,Clear,Night,30,Female,Bike,79,No,Yes,Yes,Drowsy Driving,High,4.0
ACC23669,08-04-2023,20:34,Telangana,Hyderabad,17.9729,78.6466,State Highway,Clear,Night,44,Male,Truck,61,No,Yes,No,Drowsy Driving,Medium,2.0
ACC23670,14-11-2024,19:12,Telangana,Nizamabad,17.9305,79.1887,City Road,Rainy,Night,42,Male,Auto,44,Yes,No,No,Poor Weather Visibility,Medium,2.0
ACC23671,22-10-2022,13:01,Kerala,Kollam,9.4262,76.1616,State Highway,Overcast,Day,23,Female,Truck,72,No,Yes,No,Signal Jumping,High,5.0
ACC23672,08-03-2024,17:31,Kerala,Kollam,10.3127,76.0402,State Highway,Clear,Dusk,33,Male,Bike,79,No,No,No,Over Speeding,Medium,3.0
ACC23673,18-08-2023,14:50,Andhra Pradesh,Kurnool,15.4086,79.1943,State Highway,Cloudy,Day,52,Male,Bike,64,No,Yes,No,Drowsy Driving,Medium,7.0
ACC23674,18-03-2024,18:47,Kerala,Ernakulam,10.3222,76.1977,National Highway,Cloudy,Dusk,38,Female,Auto,50,No,No,No,Poor Weather Visibility,Low,1.0
ACC23675,23-05-2024,17:54,Karnataka,Belagavi,15.0128,75.5098,City Road,Rainy,Dusk,41,Male,Car,57,No,No,Yes,Poor Weather Visibility,Medium,2.0
ACC23676,01-09-2024,22:17,Tamil Nadu,Salem,11.0196,78.6176,City Road,Clear,Night,54,Male,Bus,64,Yes,Yes,No,Drunk Driving,High,5.0
ACC23677,10-05-2023,07:29,Kerala,Kozhikode,10.5318,75.7944,Village Road,Clear,Day,35,Male,Bike,34,No,No,No,Signal Jumping,Low,1.0
ACC23678,21-10-2022,21:47,Karnataka,Mysuru,14.9986,74.9821,City Road,Rainy,Night,47,Male,Car,47,No,No,No,Poor Weather Visibility,Low,1.0
ACC23679,14-10-2024,08:34,Karnataka,Mysuru,15.0329,75.7691,City Road,Cloudy,Day,20,Female,Bike,46,No,Yes,No,Drowsy Driving,Medium,4.0
ACC23680,23-10-2023,18:42,Karnataka,Mysuru,15.0645,76.1956,State Highway,Rainy,Dusk,31,Male,Truck,60,No,No,No,Poor Weather Visibility,Medium,5.0
ACC23681,11-04-2024,10:26,Tamil Nadu,Tiruchirappalli,10.9323,78.0424,City Road,Clear,Day,46,Male,Car,72,No,No,Yes,Pothole/Bad Road,High,5.0
ACC23682,19-03-2024,18:55,Kerala,Kozhikode,10.2593,75.8928,City Road,Foggy,Dusk,48,Male,Bike,53,No,No,No,Poor Weather Visibility,Medium,0.0
ACC23683,29-11-2022,20:54,Tamil Nadu,Chennai,11.2378,78.7088,Expressway,Clear,Night,50,Male,Truck,77,No,No,No,Over Speeding,Low,1.0
ACC23684,25-11-2022,12:59,Tamil Nadu,Madurai,10.2849,78.448,City Road,Clear,Day,53,Female,Car,34,No,Yes,No,Drowsy Driving,Low,1.0
ACC23685,28-07-2023,03:03,Andhra Pradesh,Vijayawada,16.3513,79.6841,Expressway,Cloudy,Night,47,Male,Truck,78,Yes,No,No,Drunk Driving,High,3.0
ACC23686,24-09-2023,06:26,Tamil Nadu,Salem,11.3852,78.259,Expressway,Cloudy,Day,39,Male,Car,84,No,No,No,Over Speeding,Medium,4.0
ACC23687,01-11-2024,16:05,Andhra Pradesh,Kurnool,16.0845,79.2286,State Highway,Clear,Day,18,Male,Car,75,No,No,No,Over Speeding,Medium,2.0
ACC23688,27-03-2022,18:42,Kerala,Kozhikode,10.5313,76.1796,Village Road,Clear,Dusk,55,Male,Bike,28,No,No,No,Signal Jumping,Low,0.0
ACC23689,01-09-2023,18:12,Karnataka,Mangaluru,15.754,75.2704,City Road,Clear,Dusk,31,Male,Car,32,No,No,No,Signal Jumping,Low,2.0
ACC23690,13-11-2024,19:37,Kerala,Ernakulam,10.6614,77.0493,State Highway,Cloudy,Night,26,Male,Bus,66,No,No,No,Poor Weather Visibility,Medium,2.0
ACC23691,31-05-2024,12:33,Kerala,Thrissur,9.9681,75.1569,City Road,Clear,Day,32,Male,Bike,52,No,No,No,Poor Weather Visibility,Low,2.0
ACC23692,31-10-2022,17:22,Telangana,Nizamabad,18.207,78.8938,National Highway,Rainy,Dusk,35,Male,Car,58,No,No,No,Poor Weather Visibility,Low,1.0
ACC23693,08-04-2022,17:34,Puducherry,Puducherry,11.0208,80.1886,City Road,Rainy,Dusk,58,Female,Bike,56,No,No,No,Poor Weather Visibility,Low,0.0
ACC23694,23-05-2022,17:06,Kerala,Thrissur,10.2134,75.882,State Highway,Rainy,Dusk,31,Male,Car,62,No,No,Yes,Poor Weather Visibility,Medium,5.0
ACC23695,04-09-2023,02:22,Karnataka,Mysuru,15.1417,76.4369,State Highway,Clear,Night,24,Female,Bike,51,No,No,No,Signal Jumping,Low,0.0
ACC23696,06-12-2023,22:03,Kerala,Ernakulam,10.2981,75.7421,City Road,Cloudy,Night,73,Male,Bike,56,No,No,No,Poor Weather Visibility,Medium,8.0
ACC23697,10-06-2022,08:29,Tamil Nadu,Madurai,11.2438,79.1126,City Road,Clear,Day,18,Male,Bike,52,Yes,No,Yes,Drunk Driving,Medium,5.0
ACC23698,26-10-2024,13:02,Kerala,Kollam,10.2434,76.1539,City Road,Clear,Day,44,Male,Car,33,No,No,No,Poor Weather Visibility,Low,2.0
ACC23699,16-01-2023,09:33,Tamil Nadu,Chennai,10.3325,78.4085,Village Road,Clear,Day,44,Female,Car,15,No,No,No,Poor Weather Visibility,Low,1.0
ACC23700,25-01-2023,09:14,Karnataka,Hubballi,15.317,75.4551,City Road,Clear,Day,54,Male,Bike,45,No,No,No,Poor Weather Visibility,Low,0.0
ACC23701,09-03-2023,10:49,Andhra Pradesh,Kurnool,15.3675,80.258,National Highway,Clear,Day,20,Male,Truck,89,No,No,No,Over Speeding,Medium,5.0
ACC23702,21-02-2022,15:56,Andhra Pradesh,Vijayawada,16.117,79.9414,City Road,Cloudy,Day,48,Male,Car,54,No,Yes,No,Drowsy Driving,Low,0.0
ACC23703,01-12-2022,19:43,Kerala,Ernakulam,11.0235,76.4565,Village Road,Rainy,Night,52,Male,Car,56,No,No,Yes,Poor Weather Visibility,Medium,5.0
ACC23704,19-09-2023,05:22,Puducherry,Karaikal,11.467,80.1322,City Road,Clear,Dawn,45,Male,Bike,40,No,No,No,Signal Jumping,Low,2.0
ACC23705,24-04-2022,20:55,Tamil Nadu,Madurai,10.643,78.5249,Village Road,Cloudy,Night,55,Female,Auto,49,No,No,No,Poor Weather Visibility,Low,0.0
ACC23706,02-04-2024,12:22,Karnataka,Mysuru,15.8478,75.1501,National Highway,Rainy,Day,18,Male,Bike,83,Yes,No,No,Poor Weather Visibility,High,12.0
ACC23707,31-07-2022,10:04,Kerala,Thrissur,10.5118,75.7329,National Highway,Clear,Day,38,Female,Bus,74,No,No,No,Over Speeding,Low,2.0
ACC23708,04-01-2023,17:25,Karnataka,Bengaluru Urban,14.9887,76.1481,City Road,Overcast,Dusk,40,Male,Car,62,No,No,No,Signal Jumping,Low,1.0
ACC23709,30-12-2024,09:04,Andhra Pradesh,Kurnool,15.746,79.6292,City Road,Cloudy,Day,39,Male,Car,42,Yes,No,No,Drunk Driving,Low,0.0
ACC23710,27-03-2023,12:40,Tamil Nadu,Salem,11.0416,78.2919,Expressway,Clear,Day,56,Male,Car,81,No,No,No,Over Speeding,Medium,4.0
ACC23711,02-06-2024,19:27,Andhra Pradesh,Vijayawada,16.25,79.401,Expressway,Clear,Night,32,Female,Bike,106,No,Yes,No,Over Speeding,High,4.0
ACC23712,24-04-2022,08:46,Tamil Nadu,Coimbatore,11.9848,78.7378,National Highway,Clear,Day,55,Male,Bus,60,No,Yes,No,Drowsy Driving,Low,1.0
ACC23713,30-05-2024,23:04,Karnataka,Hubballi,16.3837,75.3629,Village Road,Rainy,Night,23,Male,Bike,55,No,No,No,Poor Weather Visibility,High,3.0
ACC23714,20-01-2023,07:50,Tamil Nadu,Tiruchirappalli,12.0127,78.9239,State Highway,Rainy,Day,42,Male,Car,80,Yes,No,No,Poor Weather Visibility,High,10.0
ACC23715,28-01-2023,15:39,Andhra Pradesh,Vijayawada,15.4217,80.3105,City Road,Clear,Day,27,Male,Bike,42,No,No,No,Poor Weather Visibility,Low,0.0
ACC23716,30-07-2022,20:37,Tamil Nadu,Salem,11.33,78.7222,City Road,Foggy,Night,38,Female,Car,60,Yes,Yes,No,Poor Weather Visibility,High,11.0
ACC23717,31-08-2024,18:22,Puducherry,Karaikal,11.4074,79.793,Village Road,Rainy,Dusk,38,Female,Car,35,Yes,No,Yes,Poor Weather Visibility,Medium,2.0
ACC23718,18-02-2023,18:22,Karnataka,Mysuru,14.9904,75.5155,State Highway,Overcast,Dusk,48,Male,Car,50,No,No,No,Poor Weather Visibility,Low,1.0
ACC23719,20-06-2023,14:23,Tamil Nadu,Coimbatore,11.5314,78.5519,City Road,Rainy,Day,39,Male,Auto,46,No,No,No,Poor Weather Visibility,Medium,2.0
ACC23720,06-10-2024,08:42,Karnataka,Bengaluru Urban,15.9734,74.833,Village Road,Overcast,Day,32,Female,Bike,20,No,No,Yes,Pothole/Bad Road,Low,0.0
ACC23721,02-11-2024,12:13,Kerala,Thiruvananthapuram,10.9376,76.4032,Expressway,Overcast,Day,18,Male,Car,86,No,No,No,Over Speeding,Medium,2.0
ACC23722,03-03-2022,03:12,Tamil Nadu,Coimbatore,11.1565,78.512,City Road,Clear,Night,46,Male,Bike,51,No,No,Yes,Pothole/Bad Road,Low,
ACC23723,08-12-2023,10:15,Andhra Pradesh,Guntur,16.2096,79.5433,City Road,Clear,Day,30,Male,Car,51,No,No,No,Poor Weather Visibility,Low,0.0
ACC23724,01-10-2023,13:07,Andhra Pradesh,Nellore,15.9754,80.1849,Expressway,Foggy,Day,18,Female,Truck,86,No,No,No,Poor Weather Visibility,High,4.0
ACC23725,03-09-2023,17:00,Andhra Pradesh,Visakhapatnam,16.1364,79.0971,State Highway,Rainy,Dusk,51,Male,Car,69,No,No,No,Poor Weather Visibility,Medium,1.0
ACC23726,31-07-2022,14:55,Telangana,Hyderabad,18.7983,79.6418,State Highway,Cloudy,Day,54,Male,Bike,51,No,No,Yes,Pothole/Bad Road,Low,
ACC23727,29-09-2023,20:12,Andhra Pradesh,Guntur,15.5321,79.8936,National Highway,Rainy,Night,37,Male,Bike,85,Yes,No,No,Poor Weather Visibility,High,8.0
ACC23728,17-04-2022,11:33,Tamil Nadu,Tiruchirappalli,10.8768,78.413,Village Road,Cloudy,Day,41,Male,Car,36,No,No,Yes,Pothole/Bad Road,Low,0.0
ACC23729,24-06-2022,09:06,Karnataka,Bengaluru Urban,15.1583,75.5297,Expressway,Clear,Day,20,Female,Bus,81,No,No,No,Over Speeding,Medium,3.0
ACC23730,28-09-2022,17:31,Kerala,Ernakulam,9.7538,75.4605,Village Road,Overcast,Dusk,25,Female,Car,31,No,No,Yes,Signal Jumping,Low,3.0
ACC23731,16-03-2024,10:22,Karnataka,Belagavi,15.0804,75.409,Village Road,Cloudy,Day,45,Female,Car,40,No,No,No,Signal Jumping,Low,1.0
ACC23732,18-12-2024,08:59,Karnataka,Hubballi,14.6395,75.7356,National Highway,Foggy,Day,23,Female,Bus,111,Yes,Yes,No,Over Speeding,High,5.0
ACC23733,15-08-2023,19:29,Kerala,Kollam,10.6206,76.3723,State Highway,Clear,Night,28,Male,Car,97,Yes,Yes,No,Over Speeding,High,0.0
ACC23734,22-12-2023,07:28,Telangana,Nizamabad,17.8972,78.7275,City Road,Cloudy,Day,40,Male,Auto,29,No,No,No,Poor Weather Visibility,Low,1.0
ACC23735,17-07-2022,22:56,Kerala,Kollam,10.0817,75.9027,City Road,Rainy,Night,39,Male,Truck,32,No,No,Yes,Poor Weather Visibility,Low,0.0
ACC23736,01-12-2023,16:44,Telangana,Khammam,17.7238,78.9707,National Highway,Clear,Day,49,Male,Auto,72,No,No,No,Signal Jumping,Medium,2.0
ACC23737,05-05-2024,18:18,Kerala,Thrissur,10.2876,75.9818,Expressway,Clear,Dusk,18,Male,Truck,110,Yes,No,No,Over Speeding,High,3.0
ACC23738,31-07-2023,03:34,Tamil Nadu,Madurai,11.5319,78.6706,Village Road,Foggy,Night,33,Male,Truck,52,No,Yes,No,Poor Weather Visibility,High,9.0
ACC23739,03-07-2023,06:16,Puducherry,Puducherry,12.2851,80.2136,Expressway,Cloudy,Day,44,Female,Bike,78,No,No,No,Over Speeding,Medium,4.0
ACC23740,02-02-2023,16:12,Tamil Nadu,Salem,11.0359,78.4459,National Highway,Clear,Day,59,Male,Car,45,No,No,Yes,Pothole/Bad Road,Low,1.0
ACC23741,09-03-2022,23:15,Karnataka,Bengaluru Urban,14.9218,75.3015,City Road,Overcast,Night,27,Male,Bus,54,Yes,No,Yes,Drunk Driving,Low,1.0
ACC23742,25-12-2023,06:17,Tamil Nadu,Coimbatore,11.5134,78.7135,City Road,Clear,Day,25,Male,Car,79,Yes,No,No,Drunk Driving,Medium,3.0
ACC23743,28-05-2024,01:14,Kerala,Kollam,10.7566,76.258,City Road,Cloudy,Night,50,Male,Auto,52,Yes,No,No,Drunk Driving,Medium,4.0
ACC23744,29-10-2023,08:16,Andhra Pradesh,Nellore,16.1879,80.0736,State Highway,Rainy,Day,47,Male,Car,64,No,No,No,Poor Weather Visibility,Low,0.0
ACC23745,31-12-2022,12:22,Karnataka,Mysuru,15.4679,75.7106,Village Road,Clear,Day,40,Male,Car,44,No,No,No,Poor Weather Visibility,Low,1.0
ACC23746,02-01-2023,19:03,Telangana,Nizamabad,17.889,79.5666,National Highway,Cloudy,Night,18,Male,Car,70,No,Yes,No,Drowsy Driving,High,4.0
ACC23747,02-12-2024,21:18,Tamil Nadu,Coimbatore,11.2734,78.759,National Highway,Foggy,Night,29,Male,Bike,67,Yes,No,Yes,Poor Weather Visibility,High,6.0
ACC23748,28-11-2023,16:54,Telangana,Warangal,17.9442,78.9752,State Highway,Clear,Day,32,Male,Bike,50,No,No,No,Poor Weather Visibility,Low,1.0
ACC23749,03-10-2023,06:23,Telangana,Hyderabad,17.7555,79.1671,Village Road,Clear,Day,39,Female,Bike,51,No,No,No,Poor Weather Visibility,Low,1.0
ACC23750,28-09-2023,00:46,Tamil Nadu,Tiruchirappalli,10.7537,79.2621,Village Road,Clear,Night,54,Male,Car,56,Yes,No,No,Drunk Driving,Low,0.0
ACC23751,12-08-2023,20:44,Tamil Nadu,Coimbatore,10.384,77.4251,Village Road,Rainy,Night,26,Male,Bike,32,No,No,No,Poor Weather Visibility,Low,0.0
ACC23752,24-06-2022,07:14,Tamil Nadu,Coimbatore,11.041,79.3284,Village Road,Clear,Day,18,Male,Bike,56,No,No,Yes,Pothole/Bad Road,Medium,2.0
ACC23753,23-01-2023,09:49,Kerala,Thrissur,9.6492,76.4638,City Road,Clear,Day,52,Male,Auto,46,No,No,No,Signal Jumping,Low,0.0
ACC23754,25-12-2024,12:52,Karnataka,Mysuru,15.3208,75.8101,State Highway,Clear,Day,52,Male,Bus,57,No,No,Yes,Pothole/Bad Road,Low,0.0
ACC23755,02-10-2024,05:57,Puducherry,Karaikal,11.8179,79.9902,National Highway,Rainy,Dawn,56,Female,Truck,45,No,No,No,Poor Weather Visibility,Low,1.0
ACC23756,13-09-2024,19:23,Tamil Nadu,Salem,11.1786,78.3909,National Highway,Clear,Night,29,Male,Bike,68,No,No,No,Over Speeding,Medium,4.0
ACC23757,06-08-2023,16:25,Telangana,Karimnagar,17.4737,78.2901,Expressway,Clear,Day,39,Male,Bus,71,No,No,No,Over Speeding,Low,
ACC23758,09-04-2022,07:00,Karnataka,Mangaluru,15.385,76.1478,City Road,Rainy,Day,43,Male,Car,39,No,No,Yes,Poor Weather Visibility,Low,0.0
ACC23759,10-09-2024,12:26,Tamil Nadu,Salem,10.9799,78.6221,Expressway,Cloudy,Day,37,Male,Truck,74,No,No,No,Over Speeding,Medium,6.0
ACC23760,22-09-2023,22:04,Andhra Pradesh,Nellore,15.3965,80.1072,Village Road,Clear,Night,51,Male,Car,45,Yes,No,Yes,Drunk Driving,Medium,1.0
ACC23761,01-06-2022,07:46,Kerala,Ernakulam,9.7595,76.5074,Village Road,Clear,Day,36,Male,Bike,33,No,No,Yes,Pothole/Bad Road,Low,
ACC23762,09-02-2024,14:41,Tamil Nadu,Salem,10.8074,78.3685,Expressway,Clear,Day,25,Female,Car,86,No,No,Yes,Over Speeding,High,8.0
ACC23763,09-07-2023,11:11,Karnataka,Bengaluru Urban,14.6667,75.2724,Village Road,Clear,Day,32,Male,Auto,44,No,No,No,Poor Weather Visibility,Low,
ACC23764,29-06-2024,13:37,Tamil Nadu,Tiruchirappalli,11.2712,78.8088,State Highway,Clear,Day,32,Male,Bike,59,No,No,Yes,Pothole/Bad Road,Low,1.0
ACC23765,03-11-2022,14:23,Tamil Nadu,Madurai,11.1021,78.2286,State Highway,Rainy,Day,48,Female,Bike,51,No,No,No,Poor Weather Visibility,Low,1.0
ACC23766,15-04-2024,19:53,Kerala,Kollam,10.3682,76.0691,City Road,Clear,Night,56,Male,Auto,36,No,No,No,Signal Jumping,Low,2.0
ACC23767,20-11-2022,07:35,Kerala,Thrissur,9.722,76.9199,Village Road,Foggy,Day,18,Male,Car,73,Yes,No,No,Poor Weather Visibility,Medium,4.0
ACC23768,04-02-2022,18:59,Tamil Nadu,Salem,10.8834,79.0858,State Highway,Clear,Dusk,44,Male,Truck,71,No,Yes,No,Drowsy Driving,Medium,2.0
ACC23769,27-08-2022,01:28,Karnataka,Bengaluru Urban,15.1237,75.8444,National Highway,Cloudy,Night,30,Male,Auto,95,No,No,No,Over Speeding,High,5.0
ACC23770,17-09-2022,14:59,Puducherry,Puducherry,12.5878,80.4194,State Highway,Clear,Day,52,Female,Car,49,No,Yes,No,Drowsy Driving,Medium,2.0
ACC23771,31-01-2023,12:39,Karnataka,Bengaluru Urban,15.3994,75.6,Village Road,Clear,Day,48,Male,Bike,50,No,No,No,Signal Jumping,Low,0.0
ACC23772,02-05-2022,03:54,Kerala,Thrissur,10.4246,76.0076,National Highway,Clear,Night,75,Female,Truck,74,No,Yes,Yes,Drowsy Driving,High,6.0
ACC23773,18-05-2024,12:43,Tamil Nadu,Chennai,10.5473,78.8886,City Road,Clear,Day,37,Male,Truck,35,No,No,Yes,Pothole/Bad Road,Low,1.0
ACC23774,19-03-2022,20:39,Tamil Nadu,Salem,11.7517,78.7571,Village Road,Overcast,Night,27,Female,Truck,53,No,Yes,No,Drowsy Driving,Medium,3.0
ACC23775,09-01-2023,13:26,Kerala,Thiruvananthapuram,10.9636,76.4045,Village Road,Clear,Day,40,Male,Bike,54,No,No,Yes,Pothole/Bad Road,Low,2.0
ACC23776,29-04-2023,19:44,Karnataka,Mangaluru,15.2476,74.7705,National Highway,Clear,Night,23,Male,Bike,61,No,No,No,Signal Jumping,High,3.0
ACC23777,19-04-2022,17:37,Andhra Pradesh,Nellore,15.9517,80.5759,State Highway,Clear,Dusk,27,Male,Car,49,No,No,No,Poor Weather Visibility,Low,1.0
ACC23778,09-09-2023,04:57,Tamil Nadu,Chennai,10.6067,79.0307,National Highway,Rainy,Night,42,Female,Car,47,No,No,No,Poor Weather Visibility,Medium,0.0