Accident_ID,Date,Time,State,District,Latitude,Longitude,Road_Type,Weather,Light_Condition,Driver_Age,Driver_Gender,Vehicle_Type,Speed_kmph,Alcohol_Involved,Driver_Drowsy,Pothole_Involved,Cause_of_Accident,Severity,Casualties
ACC23779,06-07-2023,19:49,Karnataka,Hubballi,15.1616,75.3758,National Highway,Clear,Night,41,Male,Car,80,Yes,No,No,Drunk Driving,Medium,1.0
ACC23780,07-12-2024,22:03,Andhra Pradesh,Nellore,16.6175,79.0864,Expressway,Overcast,Night,18,Male,Car,76,No,No,No,Over Speeding,Medium,2.0
ACC23781,21-04-2023,16:02,Andhra Pradesh,Visakhapatnam,15.6706,79.3392,National Highway,Rainy,Day,39,Female,Truck,80,No,Yes,No,Poor Weather Visibility,High,6.0
ACC23782,19-02-2022,22:36,Karnataka,Bengaluru Urban,14.8277,76.3398,National Highway,Clear,Night,34,Male,Bike,81,No,Yes,No,Over Speeding,High,8.0
ACC23783,12-07-2023,16:51,Andhra Pradesh,Nellore,16.4376,79.8939,State Highway,Clear,Day,47,Male,Bus,54,No,No,No,Poor Weather Visibility,Low,1.0
ACC23784,07-09-2023,13:26,Kerala,Kollam,9.7319,76.0756,National Highway,Cloudy,Day,35,Male,Bike,56,No,No,No,Poor Weather Visibility,Low,2.0
ACC23785,21-04-2022,00:49,Telangana,Nizamabad,17.9589,78.9643,National Highway,Clear,Night,40,Male,Car,95,Yes,No,No,Over Speeding,High,4.0
ACC23786,19-04-2024,07:08,Andhra Pradesh,Guntur,16.0051,78.916,State Highway,Cloudy,Day,21,Male,Truck,59,No,No,No,Poor Weather Visibility,Low,1.0
ACC23787,15-11-2022,07:33,Telangana,Warangal,17.6721,78.6207,State Highway,Clear,Day,47,Male,Truck,62,No,No,No,Signal Jumping,Low,
ACC23788,23-01-2023,19:59,Karnataka,Mysuru,15.8152,75.1872,City Road,Overcast,Night,18,Female,Bike,50,No,No,No,Poor Weather Visibility,Medium,3.0
ACC23789,15-03-2024,06:49,Tamil Nadu,Salem,10.1005,78.1925,National Highway,Overcast,Day,53,Male,Bike,61,No,No,No,Poor Weather Visibility,Low,1.0
ACC23790,15-06-2024,17:21,Tamil Nadu,Coimbatore,11.5961,78.3185,City Road,Clear,Dusk,21,Male,Car,51,No,No,No,Signal Jumping,Low,0.0
ACC23791,12-10-2023,19:47,Karnataka,Belagavi,16.1486,75.5156,Village Road,Cloudy,Night,66,Male,Car,49,No,No,Yes,Pothole/Bad Road,Medium,2.0
ACC23792,16-07-2024,01:16,Karnataka,Belagavi,15.2571,75.601,Village Road,Rainy,Night,56,Female,Bike,49,Yes,Yes,Yes,Poor Weather Visibility,High,5.0
ACC23793,22-06-2024,06:03,Karnataka,Mysuru,15.4751,75.9561,Expressway,Clear,Day,34,Male,Bike,85,No,Yes,No,Over Speeding,High,7.0
ACC23794,08-09-2023,19:12,Tamil Nadu,Madurai,10.6873,78.4328,Village Road,Clear,Night,35,Female,Bike,18,No,No,No,Signal Jumping,Low,0.0
ACC23795,25-08-2023,16:03,Karnataka,Hubballi,15.5849,75.1014,City Road,Cloudy,Day,40,Male,Bike,50,No,No,No,Poor Weather Visibility,Medium,2.0
ACC23796,15-06-2024,10:17,Karnataka,Mangaluru,15.5414,75.7776,State Highway,Clear,Day,38,Female,Auto,57,No,No,Yes,Pothole/Bad Road,Medium,1.0
ACC23797,12-09-2023,21:55,Tamil Nadu,Salem,11.1381,78.372,National Highway,Cloudy,Night,72,Male,Auto,73,No,No,No,Over Speeding,High,6.0
ACC23798,27-03-2024,17:39,Telangana,Warangal,17.3574,78.62,State Highway,Rainy,Dusk,25,Male,Car,49,No,No,No,Poor Weather Visibility,Low,0.0
ACC23799,21-04-2022,09:10,Kerala,Kozhikode,10.3173,76.5339,City Road,Rainy,Day,27,Male,Truck,42,No,No,No,Poor Weather Visibility,Low,0.0
ACC23800,11-08-2024,19:36,Tamil Nadu,Tiruchirappalli,11.2153,78.2301,City Road,Cloudy,Night,30,Male,Car,33,No,No,No,Poor Weather Visibility,Low,2.0
ACC23801,03-05-2024,22:23,Karnataka,Mysuru,14.9684,75.8067,National Highway,Clear,Night,57,Male,Bike,87,Yes,No,Yes,Over Speeding,High,6.0
ACC23802,11-10-2024,14:12,Kerala,Thiruvananthapuram,10.153,76.1438,Village Road,Rainy,Day,41,Male,Bike,45,No,Yes,Yes,Poor Weather Visibility,Medium,0.0
ACC23803,07-08-2022,14:31,Tamil Nadu,Coimbatore,10.7118,79.4383,State Highway,Cloudy,Day,48,Female,Bus,47,No,No,Yes,Pothole/Bad Road,Low,0.0
ACC23804,05-03-2024,18:22,Kerala,Kollam,10.4758,76.1801,City Road,Clear,Dusk,18,Male,Bike,64,No,No,No,Over Speeding,Low,1.0
ACC23805,11-09-2022,03:28,Andhra Pradesh,Kurnool,15.671,79.66,National Highway,Rainy,Night,48,Male,Auto,84,Yes,No,No,Poor Weather Visibility,High,9.0
ACC23806,03-03-2024,08:27,Tamil Nadu,Madurai,10.7241,78.2396,City Road,Cloudy,Day,56,Female,Car,53,No,No,No,Poor Weather Visibility,Low,1.0
ACC23807,25-12-2023,08:11,Kerala,Kollam,10.2523,76.3181,State Highway,Rainy,Day,29,Male,Truck,47,No,No,No,Poor Weather Visibility,Low,1.0
ACC23808,03-08-2023,17:26,Telangana,Hyderabad,17.5968,78.7941,City Road,Clear,Dusk,70,Male,Bike,71,Yes,No,No,Drunk Driving,Medium,6.0
ACC23809,15-08-2022,10:45,Andhra Pradesh,Guntur,15.7961,79.8574,National Highway,Clear,Day,18,Male,Bike,66,No,No,No,Signal Jumping,Low,2.0
ACC23810,06-09-2023,09:29,Karnataka,Belagavi,15.3264,75.3683,City Road,Clear,Day,58,Male,Car,50,No,No,No,Signal Jumping,Low,2.0
ACC23811,26-09-2024,21:25,Tamil Nadu,Chennai,11.4132,78.0419,City Road,Cloudy,Night,18,Male,Bike,61,Yes,No,No,Drunk Driving,Medium,2.0
ACC23812,11-07-2023,12:09,Telangana,Karimnagar,17.2988,79.0891,City Road,Rainy,Day,33,Male,Bike,69,No,No,No,Poor Weather Visibility,High,6.0
ACC23813,04-01-2022,07:30,Puducherry,Karaikal,11.5413,79.5929,State Highway,Cloudy,Day,18,Male,Car,53,No,No,No,Signal Jumping,Low,1.0
ACC23814,09-09-2024,05:31,Telangana,Khammam,17.6138,79.3652,State Highway,Cloudy,Dawn,53,Male,Car,64,Yes,No,No,Drunk Driving,Low,1.0
ACC23815,29-08-2022,16:33,Tamil Nadu,Salem,10.3993,78.4712,Expressway,Rainy,Day,32,Male,Truck,80,Yes,Yes,No,Poor Weather Visibility,High,9.0
ACC23816,07-03-2024,16:36,Kerala,Ernakulam,10.0648,76.0874,National Highway,Cloudy,Day,33,Male,Bike,89,No,No,No,Over Speeding,High,3.0
ACC23817,30-09-2024,14:12,Telangana,Warangal,18.4641,79.0551,State Highway,Rainy,Day,18,Male,Car,55,No,Yes,Yes,Poor Weather Visibility,Medium,1.0
ACC23818,28-12-2022,14:23,Kerala,Thiruvananthapuram,10.4828,76.5044,National Highway,Cloudy,Day,40,Male,Car,63,No,No,No,Signal Jumping,Medium,1.0
ACC23819,21-08-2022,09:41,Puducherry,Puducherry,11.8155,79.897,City Road,Overcast,Day,32,Male,Car,38,No,No,No,Poor Weather Visibility,Low,1.0
ACC23820,15-07-2022,12:45,Kerala,Kollam,10.5966,76.3557,Expressway,Clear,Day,38,Male,Bike,72,No,No,No,Over Speeding,Medium,2.0
ACC23821,18-07-2024,05:02,Tamil Nadu,Madurai,11.0566,78.6603,Village Road,Clear,Dawn,18,Male,Car,26,No,No,No,Signal Jumping,Low,1.0
ACC23822,20-12-2024,13:52,Karnataka,Hubballi,15.84,75.9293,Expressway,Clear,Day,46,Female,Bike,62,No,No,No,Signal Jumping,Medium,2.0
ACC23823,16-12-2024,08:27,Puducherry,Puducherry,11.3432,79.6423,National Highway,Clear,Day,39,Male,Bus,61,No,No,No,Signal Jumping,Low,
ACC23824,16-01-2023,17:38,Puducherry,Puducherry,11.7929,80.7071,Village Road,Clear,Dusk,30,Male,Car,42,No,No,No,Poor Weather Visibility,Low,0.0
ACC23825,14-08-2023,11:24,Telangana,Warangal,17.9322,78.7803,City Road,Clear,Day,58,Male,Auto,60,No,No,No,Signal Jumping,Medium,5.0
ACC23826,21-02-2023,09:52,Tamil Nadu,Tiruchirappalli,12.1686,78.5569,City Road,Rainy,Day,34,Male,Car,70,No,Yes,No,Poor Weather Visibility,Medium,4.0
ACC23827,01-09-2024,16:35,Karnataka,Bengaluru Urban,14.9782,76.0052,National Highway,Clear,Day,19,Female,Car,67,No,No,No,Over Speeding,Low,
ACC23828,25-03-2024,11:00,Kerala,Thiruvananthapuram,11.28,76.423,City Road,Overcast,Day,42,Male,Car,54,No,No,No,Poor Weather Visibility,Low,0.0
ACC23829,06-02-2023,18:54,Tamil Nadu,Tiruchirappalli,11.5733,78.247,City Road,Clear,Dusk,56,Female,Car,51,No,No,No,Poor Weather Visibility,Low,2.0
ACC23830,19-11-2022,17:37,Telangana,Warangal,18.6411,79.3485,National Highway,Rainy,Dusk,33,Male,Truck,56,No,No,No,Poor Weather Visibility,Low,0.0
ACC23831,30-10-2024,13:23,Kerala,Thiruvananthapuram,10.5263,75.385,City Road,Rainy,Day,34,Male,Bike,47,No,No,Yes,Poor Weather Visibility,Medium,4.0
ACC23832,20-11-2024,21:45,Andhra Pradesh,Kurnool,16.2716,79.9405,City Road,Clear,Night,21,Male,Car,68,No,No,No,Over Speeding,Medium,3.0
ACC23833,12-11-2023,14:53,Kerala,Kollam,10.7841,76.2019,City Road,Clear,Day,47,Male,Car,43,No,No,No,Poor Weather Visibility,Low,0.0
ACC23834,05-05-2023,14:42,Karnataka,Mangaluru,15.1075,76.475,State Highway,Rainy,Day,57,Male,Bike,66,No,No,No,Poor Weather Visibility,Medium,1.0
ACC23835,26-09-2024,20:00,Telangana,Karimnagar,18.3196,79.1052,City Road,Overcast,Night,19,Male,Car,71,Yes,No,No,Drunk Driving,High,9.0
ACC23836,23-08-2024,20:27,Karnataka,Bengaluru Urban,15.4278,75.2101,National Highway,Clear,Night,59,Male,Car,70,Yes,No,No,Drunk Driving,Medium,2.0
ACC23837,19-01-2024,05:02,Kerala,Thrissur,10.4436,76.1532,Village Road,Cloudy,Dawn,29,Male,Bike,36,No,No,No,Poor Weather Visibility,Low,1.0
ACC23838,04-07-2023,20:39,Karnataka,Mangaluru,15.5048,75.2099,Village Road,Cloudy,Night,36,Male,Bus,40,No,Yes,No,Drowsy Driving,Medium,3.0
ACC23839,16-08-2024,21:12,Andhra Pradesh,Guntur,15.7321,78.8844,Village Road,Clear,Night,45,Male,Bike,36,No,No,No,Signal Jumping,Low,0.0
ACC23840,12-12-2023,19:13,Andhra Pradesh,Guntur,16.2745,80.407,Village Road,Cloudy,Night,40,Male,Auto,64,No,No,No,Poor Weather Visibility,Medium,2.0
ACC23841,09-03-2022,12:10,Karnataka,Belagavi,14.9277,75.0287,City Road,Rainy,Day,43,Male,Car,51,No,No,No,Poor Weather Visibility,Low,1.0
ACC23842,22-01-2022,16:16,Karnataka,Bengaluru Urban,15.4396,75.0029,State Highway,Clear,Day,26,Female,Truck,104,Yes,Yes,No,Over Speeding,High,8.0
ACC23843,22-02-2024,19:18,Tamil Nadu,Coimbatore,10.9442,78.2391,Expressway,Clear,Night,61,Male,Car,98,No,No,Yes,Over Speeding,High,3.0
ACC23844,18-03-2024,19:57,Tamil Nadu,Chennai,10.9884,78.0646,City Road,Rainy,Night,37,Male,Truck,42,No,No,No,Poor Weather Visibility,Low,0.0
ACC23845,03-04-2023,18:27,Karnataka,Belagavi,15.0017,75.9248,Expressway,Cloudy,Dusk,35,Male,Bike,73,No,No,No,Over Speeding,Medium,2.0
ACC23846,24-04-2023,15:33,Tamil Nadu,Tiruchirappalli,11.0059,78.1462,City Road,Rainy,Day,41,Male,Car,45,No,No,No,Poor Weather Visibility,Low,0.0
ACC23847,23-11-2022,18:26,Karnataka,Mysuru,15.4485,75.6291,National Highway,Rainy,Dusk,19,Male,Bike,72,No,No,No,Poor Weather Visibility,High,4.0
ACC23848,10-05-2024,18:15,Puducherry,Karaikal,12.2495,79.7261,Village Road,Rainy,Dusk,18,Female,Bike,42,No,Yes,No,Poor Weather Visibility,Medium,5.0
ACC23849,04-11-2023,15:53,Andhra Pradesh,Guntur,15.6419,79.6444,State Highway,Overcast,Day,39,Male,Auto,86,Yes,No,No,Over Speeding,High,10.0
ACC23850,30-10-2023,17:15,Karnataka,Belagavi,14.9629,75.9515,City Road,Clear,Dusk,42,Male,Auto,32,No,No,No,Poor Weather Visibility,Low,1.0
ACC23851,15-11-2023,13:36,Telangana,Hyderabad,17.6775,79.5148,Village Road,Rainy,Day,20,Female,Bike,34,No,No,Yes,Poor Weather Visibility,Low,2.0
ACC23852,12-05-2022,02:19,Puducherry,Puducherry,11.5916,80.2993,Expressway,Clear,Night,26,Male,Bus,99,Yes,No,No,Over Speeding,High,7.0
ACC23853,07-06-2024,11:40,Andhra Pradesh,Guntur,16.2317,79.1742,City Road,Clear,Day,29,Female,Bike,52,No,No,No,Signal Jumping,Low,0.0
ACC23854,17-12-2024,13:36,Karnataka,Hubballi,15.7251,76.014,Village Road,Clear,Day,37,Male,Car,55,No,No,No,Signal Jumping,Low,1.0
ACC23855,17-02-2024,09:50,Telangana,Khammam,17.4171,79.0069,City Road,Overcast,Day,35,Male,Auto,45,No,No,No,Poor Weather Visibility,Low,0.0
ACC23856,26-01-2022,19:01,Telangana,Karimnagar,17.7766,78.2912,National Highway,Clear,Night,63,Male,Truck,78,No,No,No,Over Speeding,Medium,3.0
ACC23857,01-08-2023,22:01,Andhra Pradesh,Guntur,15.3528,79.6998,National Highway,Cloudy,Night,27,Male,Car,71,Yes,No,No,Drunk Driving,High,9.0
ACC23858,01-06-2023,17:51,Kerala,Ernakulam,10.3595,76.4644,City Road,Cloudy,Dusk,18,Female,Car,62,Yes,No,No,Drunk Driving,Medium,4.0
ACC23859,15-04-2023,12:19,Karnataka,Bengaluru Urban,15.6366,75.4307,Village Road,Clear,Day,30,Male,Truck,58,No,Yes,No,Drowsy Driving,Low,1.0
ACC23860,31-03-2023,04:47,Karnataka,Mysuru,14.7378,76.4516,City Road,Overcast,Night,27,Male,Bike,52,No,No,No,Poor Weather Visibility,Medium,2.0
ACC23861,28-12-2024,08:17,Kerala,Thiruvananthapuram,10.169,76.282,Village Road,Cloudy,Day,41,Female,Car,43,No,No,No,Poor Weather Visibility,Low,2.0
ACC23862,23-05-2023,18:46,Kerala,Ernakulam,9.419,75.9831,National Highway,Cloudy,Dusk,41,Male,Truck,63,No,No,Yes,Pothole/Bad Road,Medium,2.0
ACC23863,18-10-2022,10:30,Karnataka,Hubballi,15.5296,74.8585,National Highway,Clear,Day,18,Male,Bike,73,No,No,No,Over Speeding,Medium,3.0
ACC23864,18-10-2022,17:20,Telangana,Hyderabad,18.4021,79.9611,City Road,Overcast,Dusk,20,Male,Auto,48,No,No,No,Poor Weather Visibility,Medium,2.0
ACC23865,26-07-2022,07:29,Karnataka,Mysuru,15.8256,76.2985,City Road,Rainy,Day,54,Male,Bike,41,No,No,No,Poor Weather Visibility,Low,0.0
ACC23866,01-07-2023,14:10,Tamil Nadu,Coimbatore,11.9709,78.1336,Village Road,Rainy,Day,40,Male,Bus,35,No,No,Yes,Poor Weather Visibility,Low,2.0
ACC23867,23-04-2023,19:40,Tamil Nadu,Madurai,10.9276,78.1977,National Highway,Clear,Night,47,Male,Bike,76,No,No,No,Over Speeding,Medium,2.0
ACC23868,27-05-2024,20:19,Kerala,Kozhikode,10.6806,75.3366,City Road,Overcast,Night,49,Female,Auto,63,Yes,No,Yes,Drunk Driving,High,4.0
ACC23869,23-11-2023,13:32,Tamil Nadu,Chennai,11.481,78.8968,Village Road,Cloudy,Day,46,Male,Bike,59,No,Yes,Yes,Drowsy Driving,Medium,3.0
ACC23870,01-08-2023,10:11,Karnataka,Belagavi,14.8343,75.3222,Village Road,Clear,Day,29,Female,Truck,60,No,No,No,Signal Jumping,Low,2.0
ACC23871,25-03-2022,18:11,Tamil Nadu,Coimbatore,11.2514,78.359,City Road,Rainy,Dusk,18,Female,Truck,32,No,No,Yes,Poor Weather Visibility,Low,2.0
ACC23872,17-06-2024,19:52,Tamil Nadu,Chennai,10.9661,77.835,City Road,Cloudy,Night,55,Male,Truck,28,No,No,No,Poor Weather Visibility,Low,1.0
ACC23873,07-04-2023,17:34,Telangana,Karimnagar,17.9763,78.5016,City Road,Overcast,Dusk,29,Female,Car,68,No,No,No,Poor Weather Visibility,Low,0.0
ACC23874,08-06-2023,21:40,Karnataka,Mysuru,14.6325,75.9857,City Road,Clear,Night,39,Male,Bike,28,No,No,No,Poor Weather Visibility,Low,0.0
ACC23875,04-08-2022,06:19,Telangana,Hyderabad,17.7486,78.6796,City Road,Clear,Day,43,Male,Bus,48,No,Yes,No,Drowsy Driving,Low,3.0
ACC23876,19-05-2023,18:03,Kerala,Kollam,10.4138,76.2647,State Highway,Rainy,Dusk,31,Male,Bike,59,No,Yes,No,Poor Weather Visibility,Medium,2.0
ACC23877,08-04-2023,18:40,Puducherry,Karaikal,11.5113,79.5155,Village Road,Overcast,Dusk,41,Male,Auto,39,No,No,No,Poor Weather Visibility,Low,3.0
ACC23878,19-04-2024,21:44,Tamil Nadu,Madurai,10.8338,79.2636,National Highway,Clear,Night,31,Male,Bike,73,Yes,No,No,Drunk Driving,High,7.0
ACC23879,13-05-2022,08:28,Karnataka,Belagavi,15.1851,75.5318,City Road,Rainy,Day,55,Male,Truck,39,No,No,No,Poor Weather Visibility,Low,2.0
ACC23880,02-07-2023,12:55,Karnataka,Mysuru,15.304,75.8295,Village Road,Clear,Day,24,Male,Bike,77,Yes,No,No,Drunk Driving,High,2.0
ACC23881,23-03-2022,04:50,Andhra Pradesh,Visakhapatnam,16.9409,79.615,National Highway,Rainy,Night,48,Male,Bus,95,No,No,No,Over Speeding,High,5.0
ACC23882,04-02-2024,11:45,Karnataka,Mangaluru,15.8583,75.2057,Village Road,Clear,Day,40,Male,Auto,53,No,No,No,Signal Jumping,Medium,4.0
ACC23883,06-05-2024,18:32,Kerala,Ernakulam,10.1787,76.0955,National Highway,Clear,Dusk,60,Male,Auto,87,Yes,Yes,No,Over Speeding,High,9.0
ACC23884,28-03-2023,08:42,Tamil Nadu,Tiruchirappalli,11.0013,79.0027,City Road,Rainy,Day,35,Male,Truck,42,No,No,No,Poor Weather Visibility,Low,1.0
ACC23885,16-02-2023,08:28,Tamil Nadu,Coimbatore,10.0226,78.2492,National Highway,Cloudy,Day,18,Male,Car,80,No,No,No,Over Speeding,Medium,4.0
ACC23886,18-11-2022,06:49,Telangana,Warangal,18.519,79.8492,State Highway,Clear,Day,41,Male,Bike,51,No,No,No,Signal Jumping,Low,0.0
ACC23887,18-02-2024,15:51,Andhra Pradesh,Visakhapatnam,16.1122,79.639,National Highway,Rainy,Day,29,Male,Bike,75,No,No,No,Poor Weather Visibility,Medium,1.0
ACC23888,26-07-2024,20:22,Telangana,Karimnagar,18.0519,79.005,State Highway,Cloudy,Night,44,Male,Bike,65,No,No,No,Poor Weather Visibility,Medium,3.0
ACC23889,31-01-2024,08:55,Puducherry,Puducherry,11.9206,79.8832,State Highway,Clear,Day,43,Male,Car,49,No,No,No,Poor Weather Visibility,Medium,2.0
ACC23890,12-11-2024,15:58,Telangana,Warangal,17.4789,79.0,City Road,Rainy,Day,27,Male,Car,38,No,No,No,Poor Weather Visibility,Low,1.0
ACC23891,04-10-2023,17:07,Tamil Nadu,Tiruchirappalli,10.7923,78.2034,Village Road,Clear,Dusk,48,Male,Bike,53,Yes,No,Yes,Drunk Driving,High,3.0
ACC23892,10-12-2023,17:15,Karnataka,Mangaluru,15.3182,75.5854,National Highway,Foggy,Dusk,21,Female,Auto,45,No,No,No,Poor Weather Visibility,Medium,
ACC23893,04-09-2022,14:23,Karnataka,Belagavi,15.6363,75.4796,State Highway,Clear,Day,36,Male,Bus,60,No,No,No,Signal Jumping,Low,0.0
ACC23894,06-07-2022,06:22,Telangana,Khammam,17.7852,79.3045,Village Road,Foggy,Day,36,Male,Auto,37,No,No,No,Poor Weather Visibility,Low,1.0
ACC23895,29-05-2023,19:43,Tamil Nadu,Coimbatore,11.4846,77.8577,National Highway,Rainy,Night,44,Male,Car,39,No,No,No,Poor Weather Visibility,Medium,0.0
ACC23896,31-03-2023,06:33,Andhra Pradesh,Visakhapatnam,15.945,79.5621,City Road,Overcast,Day,22,Male,Bus,42,No,No,No,Poor Weather Visibility,Low,2.0
ACC23897,14-07-2024,05:24,Tamil Nadu,Madurai,11.5062,78.9552,Expressway,Cloudy,Dawn,39,Male,Bike,77,No,No,No,Over Speeding,Medium,3.0
ACC23898,25-09-2024,20:01,Tamil Nadu,Tiruchirappalli,11.4827,78.4392,National Highway,Cloudy,Night,35,Male,Bus,65,No,No,No,Poor Weather Visibility,Medium,4.0
ACC23899,08-05-2023,18:50,Karnataka,Hubballi,15.0069,75.6745,City Road,Foggy,Dusk,37,Male,Truck,52,No,No,No,Poor Weather Visibility,Medium,3.0
ACC23900,03-08-2022,20:46,Karnataka,Bengaluru Urban,14.8555,75.3593,Village Road,Clear,Night,35,Female,Bike,49,No,No,No,Signal Jumping,Low,0.0
ACC23901,22-11-2024,08:36,Telangana,Karimnagar,18.1736,79.3277,City Road,Clear,Day,22,Male,Bike,37,No,No,No,Signal Jumping,Low,0.0
ACC23902,03-01-2023,18:40,Telangana,Karimnagar,17.9175,79.1905,State Highway,Rainy,Dusk,33,Male,Car,42,No,No,No,Poor Weather Visibility,Low,0.0
ACC23903,25-05-2023,17:33,Karnataka,Mysuru,15.4096,75.5406,Village Road,Cloudy,Dusk,50,Male,Truck,57,No,Yes,No,Drowsy Driving,Low,1.0
ACC23904,04-10-2023,21:21,Puducherry,Puducherry,12.3661,80.2918,City Road,Foggy,Night,35,Male,Bus,29,No,No,No,Poor Weather Visibility,Low,0.0
ACC23905,16-01-2024,07:06,Tamil Nadu,Salem,11.7924,78.5029,State Highway,Clear,Day,48,Male,Bike,78,No,No,No,Over Speeding,Medium,4.0
ACC23906,29-08-2023,21:38,Tamil Nadu,Salem,11.0815,78.1878,Village Road,Rainy,Night,19,Male,Bike,57,No,No,No,Poor Weather Visibility,High,4.0
ACC23907,19-11-2024,19:10,Kerala,Kozhikode,9.7638,76.0394,State Highway,Rainy,Night,33,Male,Bike,39,No,No,No,Poor Weather Visibility,Medium,2.0
ACC23908,02-02-2024,03:51,Karnataka,Mangaluru,15.0562,75.0839,National Highway,Clear,Night,36,Male,Truck,73,No,No,No,Over Speeding,Medium,2.0
ACC23909,06-04-2023,09:36,Telangana,Warangal,17.6007,79.1787,City Road,Rainy,Day,38,Male,Truck,53,No,No,Yes,Poor Weather Visibility,Low,1.0
ACC23910,21-05-2024,18:53,Tamil Nadu,Madurai,10.253,79.256,City Road,Cloudy,Dusk,44,Male,Car,18,No,No,No,Poor Weather Visibility,Low,
ACC23911,12-06-2024,20:41,Telangana,Warangal,18.2669,78.7235,Village Road,Clear,Night,44,Male,Car,44,No,No,Yes,Pothole/Bad Road,Low,1.0
ACC23912,15-01-2023,10:03,Karnataka,Bengaluru Urban,15.001,76.4342,National Highway,Rainy,Day,44,Male,Car,70,No,No,No,Poor Weather Visibility,Medium,2.0
ACC23913,23-11-2022,20:03,Telangana,Hyderabad,17.5838,78.6697,City Road,Clear,Night,54,Male,Bike,42,Yes,No,Yes,Drunk Driving,Medium,2.0
ACC23914,16-08-2024,15:18,Tamil Nadu,Chennai,11.2001,77.6629,City Road,Rainy,Day,38,Male,Car,28,No,No,No,Poor Weather Visibility,Low,
ACC23915,24-04-2023,06:51,Telangana,Karimnagar,17.7673,78.9116,Expressway,Clear,Day,29,Male,Car,75,No,No,No,Over Speeding,Low,1.0
ACC23916,21-01-2022,15:54,Telangana,Nizamabad,18.1926,79.0231,National Highway,Rainy,Day,47,Male,Car,70,No,No,No,Poor Weather Visibility,Low,1.0
ACC23917,26-10-2024,07:00,Kerala,Thiruvananthapuram,10.4159,76.6236,Expressway,Clear,Day,50,Male,Car,95,No,No,No,Over Speeding,High,2.0
ACC23918,14-11-2022,20:09,Telangana,Khammam,17.5334,79.617,Village Road,Clear,Night,46,Male,Car,61,No,No,Yes,Pothole/Bad Road,Medium,4.0
ACC23919,22-01-2024,07:07,Telangana,Warangal,18.5803,79.9856,State Highway,Rainy,Day,41,Male,Bike,63,No,No,No,Poor Weather Visibility,Medium,2.0
ACC23920,09-11-2023,19:03,Telangana,Karimnagar,17.8156,79.8848,National Highway,Cloudy,Night,38,Male,Bike,78,No,Yes,No,Drowsy Driving,High,7.0
ACC23921,04-07-2023,05:30,Andhra Pradesh,Kurnool,16.0188,80.1115,Expressway,Foggy,Dawn,36,Female,Bus,88,No,Yes,No,Poor Weather Visibility,High,11.0
ACC23922,15-04-2022,18:10,Puducherry,Puducherry,12.1113,79.4313,State Highway,Overcast,Dusk,34,Male,Truck,68,No,No,No,Poor Weather Visibility,Low,1.0
ACC23923,05-05-2022,09:18,Kerala,Thrissur,10.7229,76.3185,City Road,Overcast,Day,41,Male,Bus,59,No,No,No,Signal Jumping,Medium,1.0
ACC23924,26-10-2022,09:42,Andhra Pradesh,Kurnool,16.3416,79.6302,Village Road,Rainy,Day,54,Male,Auto,54,No,No,No,Poor Weather Visibility,Medium,4.0
ACC23925,12-03-2023,09:30,Kerala,Thiruvananthapuram,10.2338,75.7674,Village Road,Cloudy,Day,41,Female,Bike,42,No,No,No,Poor Weather Visibility,Medium,1.0
ACC23926,25-05-2024,07:44,Puducherry,Puducherry,11.7314,79.4841,City Road,Foggy,Day,50,Male,Car,41,No,No,No,Poor Weather Visibility,Low,0.0
ACC23927,12-04-2022,02:50,Tamil Nadu,Madurai,11.8805,78.6459,Expressway,Clear,Night,27,Female,Car,91,No,No,Yes,Over Speeding,High,4.0
ACC23928,15-08-2022,18:01,Andhra Pradesh,Guntur,15.4994,79.7025,Village Road,Rainy,Dusk,26,Male,Bus,58,No,No,No,Poor Weather Visibility,Low,1.0
ACC23929,24-11-2024,05:53,Karnataka,Mangaluru,14.5607,76.663,Village Road,Overcast,Dawn,21,Male,Bus,29,No,No,Yes,Pothole/Bad Road,Low,0.0
ACC23930,12-05-2023,22:42,Andhra Pradesh,Nellore,16.1559,79.5074,State Highway,Clear,Night,47,Male,Bike,63,Yes,No,No,Drunk Driving,Medium,1.0
ACC23931,05-07-2022,21:35,Tamil Nadu,Madurai,10.7003,79.0941,City Road,Clear,Night,21,Male,Car,46,No,No,Yes,Pothole/Bad Road,Low,2.0
ACC23932,05-07-2023,03:35,Karnataka,Hubballi,14.79,74.5261,City Road,Clear,Night,46,Male,Bike,58,No,Yes,No,Drowsy Driving,Medium,4.0
ACC23933,08-01-2022,16:20,Andhra Pradesh,Vijayawada,16.244,80.8154,Village Road,Rainy,Day,52,Male,Bike,45,No,No,No,Poor Weather Visibility,Medium,3.0
ACC23934,02-06-2023,14:25,Karnataka,Bengaluru Urban,15.0173,75.5676,City Road,Rainy,Day,24,Male,Bus,76,Yes,Yes,No,Poor Weather Visibility,High,1.0