Accident_ID,Date,Time,State,District,Latitude,Longitude,Road_Type,Weather,Light_Condition,Driver_Age,Driver_Gender,Vehicle_Type,Speed_kmph,Alcohol_Involved,Driver_Drowsy,Pothole_Involved,Cause_of_Accident,Severity,Casualties
ACC23935,29-11-2022,17:41,Andhra Pradesh,Visakhapatnam,15.9748,79.4006,Village Road,Cloudy,Dusk,41,Female,Bike,49,No,No,Yes,Pothole/Bad Road,Medium,2.0
ACC23936,14-02-2023,15:13,Andhra Pradesh,Guntur,16.2595,79.663,City Road,Clear,Day,41,Male,Car,44,No,No,Yes,Signal Jumping,Low,1.0
ACC23937,23-02-2024,13:46,Tamil Nadu,Tiruchirappalli,11.2839,78.5466,Expressway,Clear,Day,42,Male,Auto,96,No,No,Yes,Over Speeding,High,6.0
ACC23938,25-09-2023,16:13,Andhra Pradesh,Nellore,16.0531,79.8087,Village Road,Rainy,Day,29,Male,Car,49,No,No,Yes,Poor Weather Visibility,Low,2.0
ACC23939,11-02-2024,09:46,Karnataka,Hubballi,15.5339,75.7588,City Road,Rainy,Day,29,Male,Truck,69,Yes,No,No,Poor Weather Visibility,High,6.0
ACC23940,13-07-2022,04:08,Karnataka,Hubballi,15.3558,76.1537,State Highway,Cloudy,Night,43,Male,Bike,75,No,No,No,Over Speeding,Medium,1.0
ACC23941,29-02-2024,06:30,Kerala,Thrissur,10.4009,77.0359,Expressway,Clear,Day,37,Male,Car,76,No,No,No,Over Speeding,Medium,0.0
ACC23942,12-04-2024,07:59,Karnataka,Mangaluru,15.412,75.9684,National Highway,Clear,Day,39,Male,Car,89,No,Yes,No,Over Speeding,High,8.0
ACC23943,26-01-2024,11:59,Karnataka,Mangaluru,15.2396,76.0135,Expressway,Foggy,Day,42,Male,Auto,83,No,No,No,Poor Weather Visibility,High,1.0
ACC23944,05-08-2023,18:57,Tamil Nadu,Coimbatore,10.9706,78.2458,City Road,Clear,Dusk,38,Female,Car,38,No,No,No,Signal Jumping,Low,0.0
ACC23945,29-06-2024,08:09,Andhra Pradesh,Visakhapatnam,15.8769,79.8591,City Road,Rainy,Day,33,Male,Bus,39,No,No,No,Poor Weather Visibility,Low,0.0
ACC23946,06-05-2022,12:59,Andhra Pradesh,Guntur,15.7284,79.6499,City Road,Rainy,Day,18,Male,Car,63,No,No,No,Poor Weather Visibility,Medium,3.0
ACC23947,20-03-2024,16:20,Tamil Nadu,Madurai,10.7418,78.6941,City Road,Clear,Day,18,Male,Bike,45,No,No,No,Poor Weather Visibility,Low,1.0
ACC23948,06-01-2024,17:02,Kerala,Kozhikode,10.0106,75.6559,City Road,Clear,Dusk,39,Male,Car,68,No,No,No,Over Speeding,Low,0.0
ACC23949,03-02-2023,14:47,Tamil Nadu,Chennai,11.6137,79.2254,City Road,Clear,Day,23,Male,Bike,48,No,No,No,Poor Weather Visibility,Low,0.0
ACC23950,18-01-2023,20:46,Andhra Pradesh,Kurnool,15.8053,79.1711,National Highway,Cloudy,Night,40,Female,Bike,88,No,No,No,Over Speeding,High,7.0
ACC23951,13-05-2023,14:29,Karnataka,Bengaluru Urban,15.5899,75.8601,National Highway,Clear,Day,66,Male,Car,94,Yes,No,No,Over Speeding,High,1.0
ACC23952,01-03-2023,20:12,Karnataka,Belagavi,14.5095,75.8942,Village Road,Rainy,Night,18,Male,Truck,44,No,Yes,Yes,Poor Weather Visibility,Medium,4.0
ACC23953,22-11-2024,04:03,Andhra Pradesh,Kurnool,16.2155,79.1711,City Road,Clear,Night,46,Male,Truck,60,Yes,No,No,Drunk Driving,Medium,3.0
ACC23954,01-08-2023,14:42,Kerala,Ernakulam,11.0443,76.5317,Village Road,Clear,Day,33,Male,Bike,54,No,Yes,No,Drowsy Driving,Low,2.0
ACC23955,09-03-2023,18:08,Karnataka,Mangaluru,15.0741,75.7688,Expressway,Clear,Dusk,40,Male,Auto,79,No,No,No,Over Speeding,Medium,
ACC23956,05-11-2023,22:45,Karnataka,Bengaluru Urban,15.4386,75.7181,National Highway,Clear,Night,59,Female,Car,83,No,No,Yes,Over Speeding,High,3.0
ACC23957,21-09-2024,14:55,Telangana,Warangal,18.2931,78.7286,City Road,Cloudy,Day,37,Male,Bike,49,No,No,No,Poor Weather Visibility,Low,2.0
ACC23958,19-12-2023,21:33,Karnataka,Mysuru,14.9256,75.3436,Village Road,Foggy,Night,18,Female,Truck,61,No,No,No,Poor Weather Visibility,High,3.0
ACC23959,24-04-2024,13:15,Andhra Pradesh,Vijayawada,15.8198,79.4182,City Road,Cloudy,Day,42,Male,Bus,36,No,No,No,Poor Weather Visibility,Low,
ACC23960,08-08-2024,15:42,Tamil Nadu,Chennai,11.481,78.1669,City Road,Rainy,Day,37,Male,Car,50,No,No,No,Poor Weather Visibility,Low,2.0
ACC23961,11-08-2024,02:40,Telangana,Karimnagar,17.758,78.9202,City Road,Clear,Night,45,Female,Bike,35,No,No,No,Signal Jumping,Low,0.0
ACC23962,28-12-2023,06:02,Puducherry,Karaikal,12.1489,79.2096,State Highway,Cloudy,Day,48,Male,Auto,52,No,No,No,Poor Weather Visibility,Low,1.0
ACC23963,28-04-2022,09:21,Tamil Nadu,Madurai,11.2146,78.4395,National Highway,Rainy,Day,50,Female,Auto,65,No,Yes,No,Poor Weather Visibility,Medium,2.0
ACC23964,22-11-2024,09:18,Karnataka,Mangaluru,15.497,76.0786,Expressway,Cloudy,Day,49,Male,Bike,105,No,No,No,Over Speeding,High,10.0
ACC23965,18-11-2022,18:29,Tamil Nadu,Salem,11.0761,78.5775,National Highway,Clear,Dusk,34,Male,Bike,62,No,No,No,Over Speeding,Low,2.0
ACC23966,05-02-2022,10:29,Karnataka,Mangaluru,14.9727,75.6363,City Road,Rainy,Day,24,Male,Truck,49,No,No,Yes,Poor Weather Visibility,Medium,2.0
ACC23967,07-01-2024,19:25,Telangana,Warangal,18.3579,79.1956,City Road,Foggy,Night,25,Male,Car,53,No,No,No,Poor Weather Visibility,Medium,3.0
ACC23968,09-12-2023,11:48,Kerala,Kozhikode,10.7828,76.3173,City Road,Rainy,Day,51,Male,Bike,42,No,No,No,Poor Weather Visibility,Low,0.0
ACC23969,25-05-2024,14:55,Tamil Nadu,Chennai,11.0937,78.8989,National Highway,Overcast,Day,43,Male,Car,65,No,No,No,Poor Weather Visibility,Medium,
ACC23970,11-10-2022,17:52,Puducherry,Puducherry,11.4564,79.7271,National Highway,Overcast,Dusk,43,Male,Auto,78,No,No,No,Over Speeding,High,4.0
ACC23971,27-05-2023,21:09,Kerala,Ernakulam,10.5654,76.0689,Expressway,Overcast,Night,59,Male,Car,76,Yes,No,No,Drunk Driving,High,9.0
ACC23972,07-03-2024,23:13,Tamil Nadu,Tiruchirappalli,10.7908,78.2589,City Road,Clear,Night,46,Male,Auto,38,No,No,No,Poor Weather Visibility,Low,0.0
ACC23973,15-12-2024,16:04,Karnataka,Hubballi,15.2965,75.3773,Expressway,Clear,Day,55,Female,Auto,87,No,No,No,Over Speeding,High,3.0
ACC23974,07-07-2023,15:03,Tamil Nadu,Tiruchirappalli,10.7632,79.2974,City Road,Overcast,Day,66,Male,Car,41,No,No,No,Poor Weather Visibility,Low,
ACC23975,09-11-2022,16:07,Telangana,Khammam,17.3651,78.9602,State Highway,Clear,Day,18,Male,Car,73,Yes,No,No,Drunk Driving,Medium,0.0
ACC23976,21-09-2024,14:22,Karnataka,Mysuru,14.6793,75.0736,Village Road,Clear,Day,47,Male,Bike,54,No,No,No,Signal Jumping,Medium,4.0
ACC23977,16-03-2023,09:19,Kerala,Kollam,10.6416,75.8334,State Highway,Rainy,Day,37,Male,Car,69,No,Yes,No,Poor Weather Visibility,Medium,3.0
ACC23978,09-08-2022,20:21,Telangana,Hyderabad,18.4388,78.8984,State Highway,Clear,Night,49,Male,Bike,72,Yes,Yes,No,Drunk Driving,High,4.0
ACC23979,07-08-2022,23:59,Kerala,Kollam,10.2897,75.935,City Road,Overcast,Night,36,Male,Car,50,No,Yes,No,Drowsy Driving,Medium,5.0
ACC23980,16-03-2024,15:02,Tamil Nadu,Salem,10.8758,78.654,National Highway,Cloudy,Day,46,Male,Bike,71,No,No,No,Signal Jumping,Medium,2.0
ACC23981,26-08-2023,14:13,Tamil Nadu,Salem,11.3982,78.9095,Village Road,Clear,Day,18,Male,Auto,53,No,Yes,No,Drowsy Driving,Medium,4.0
ACC23982,02-08-2024,14:20,Tamil Nadu,Chennai,11.3438,78.2938,State Highway,Rainy,Day,31,Male,Bike,78,No,Yes,No,Poor Weather Visibility,High,10.0
ACC23983,14-06-2022,22:36,Andhra Pradesh,Nellore,16.2906,80.0529,City Road,Rainy,Night,25,Male,Bus,36,No,No,No,Poor Weather Visibility,Low,0.0
ACC23984,04-03-2022,18:09,Kerala,Thiruvananthapuram,10.6352,77.3725,State Highway,Cloudy,Dusk,21,Male,Bike,71,No,No,No,Poor Weather Visibility,High,
ACC23985,22-02-2023,21:36,Karnataka,Mysuru,15.1128,74.9956,Village Road,Clear,Night,45,Male,Bike,54,No,No,Yes,Pothole/Bad Road,Medium,7.0
ACC23986,04-05-2022,05:31,Karnataka,Belagavi,15.323,75.709,State Highway,Rainy,Dawn,39,Male,Bike,49,No,No,Yes,Poor Weather Visibility,Low,1.0
ACC23987,01-08-2024,09:31,Tamil Nadu,Coimbatore,11.6881,78.7573,State Highway,Overcast,Day,44,Male,Bike,47,No,No,No,Poor Weather Visibility,Low,2.0
ACC23988,04-12-2023,14:43,Tamil Nadu,Madurai,10.635,78.6585,State Highway,Cloudy,Day,37,Male,Car,67,No,No,Yes,Signal Jumping,Medium,2.0
ACC23989,25-11-2023,15:18,Andhra Pradesh,Guntur,16.116,79.8945,State Highway,Clear,Day,31,Female,Bike,78,No,Yes,No,Drowsy Driving,Medium,2.0
ACC23990,18-12-2023,12:36,Telangana,Khammam,17.8409,79.5365,State Highway,Rainy,Day,25,Male,Car,63,Yes,No,No,Poor Weather Visibility,Medium,2.0
ACC23991,29-12-2023,18:12,Kerala,Kollam,9.1439,76.0347,Village Road,Cloudy,Dusk,44,Male,Bus,27,No,No,No,Poor Weather Visibility,Low,2.0
ACC23992,24-10-2022,14:14,Andhra Pradesh,Vijayawada,15.9723,80.0487,National Highway,Clear,Day,56,Male,Auto,87,No,Yes,No,Over Speeding,High,1.0
ACC23993,04-06-2023,09:17,Karnataka,Mangaluru,15.557,75.8694,State Highway,Clear,Day,57,Female,Car,69,No,No,No,Over Speeding,Low,1.0
ACC23994,11-08-2023,14:35,Tamil Nadu,Madurai,10.6721,78.6331,National Highway,Clear,Day,53,Male,Bus,93,No,No,No,Over Speeding,Medium,3.0
ACC23995,26-07-2024,08:00,Tamil Nadu,Coimbatore,11.1007,78.7989,Village Road,Clear,Day,54,Male,Bike,26,No,No,Yes,Signal Jumping,Low,0.0
ACC23996,16-07-2024,21:27,Telangana,Hyderabad,17.5674,78.7001,City Road,Cloudy,Night,40,Male,Car,46,No,No,No,Poor Weather Visibility,Low,2.0
ACC23997,24-07-2024,22:55,Telangana,Warangal,17.8605,78.5647,Village Road,Cloudy,Night,35,Male,Bike,43,No,No,Yes,Pothole/Bad Road,Medium,1.0
ACC23998,21-11-2022,06:07,Puducherry,Karaikal,11.1529,79.4335,Expressway,Clear,Day,68,Male,Auto,81,No,No,No,Over Speeding,High,5.0
ACC23999,15-08-2022,22:30,Karnataka,Bengaluru Urban,15.4185,76.081,State Highway,Cloudy,Night,22,Male,Auto,63,No,Yes,No,Drowsy Driving,Medium,3.0
ACC24000,08-05-2024,09:13,Andhra Pradesh,Vijayawada,15.8856,79.2019,City Road,Cloudy,Day,40,Male,Bike,54,No,No,No,Poor Weather Visibility,Low,3.0
ACC24001,29-05-2024,01:13,Andhra Pradesh,Visakhapatnam,16.3475,79.3716,City Road,Clear,Night,28,Male,Bus,65,Yes,No,No,Drunk Driving,Medium,6.0
ACC24002,27-08-2024,07:02,Andhra Pradesh,Guntur,15.8843,80.3147,City Road,Clear,Day,18,Male,Truck,29,No,No,No,Signal Jumping,Low,0.0
ACC24003,24-09-2022,14:03,Telangana,Warangal,18.0909,78.8569,City Road,Rainy,Day,31,Male,Bike,44,No,No,No,Poor Weather Visibility,Low,2.0
ACC24004,22-08-2023,07:21,Telangana,Khammam,17.2739,78.84,Village Road,Rainy,Day,54,Male,Car,50,No,No,Yes,Poor Weather Visibility,Medium,2.0
ACC24005,22-02-2023,10:43,Tamil Nadu,Chennai,11.3182,77.9362,State Highway,Rainy,Day,37,Female,Car,48,No,No,No,Poor Weather Visibility,Medium,5.0
ACC24006,03-10-2023,18:14,Andhra Pradesh,Visakhapatnam,15.4436,79.2603,Village Road,Clear,Dusk,39,Male,Auto,30,No,No,No,Poor Weather Visibility,Low,1.0
ACC24007,14-08-2022,16:04,Karnataka,Belagavi,15.1806,75.5631,Village Road,Overcast,Day,48,Male,Bike,55,No,No,Yes,Pothole/Bad Road,Medium,4.0
ACC24008,31-03-2024,21:35,Telangana,Nizamabad,18.0792,78.7334,State Highway,Clear,Night,36,Male,Bike,96,Yes,No,No,Over Speeding,High,7.0
ACC24009,10-11-2023,13:23,Telangana,Karimnagar,17.6096,79.6253,Village Road,Overcast,Day,33,Male,Bus,71,No,No,No,Poor Weather Visibility,Low,1.0
ACC24010,29-06-2024,16:46,Telangana,Hyderabad,18.1167,78.5233,City Road,Clear,Day,39,Male,Truck,51,No,No,Yes,Pothole/Bad Road,Low,0.0
ACC24011,22-06-2024,12:04,Andhra Pradesh,Guntur,15.7269,79.5236,State Highway,Clear,Day,28,Male,Auto,51,No,No,No,Signal Jumping,Low,0.0
ACC24012,10-07-2023,10:16,Telangana,Khammam,17.7379,79.2565,Village Road,Clear,Day,28,Male,Bus,57,No,No,No,Signal Jumping,Low,1.0
ACC24013,16-10-2023,07:41,Tamil Nadu,Madurai,11.0352,78.6502,State Highway,Clear,Day,50,Male,Bike,76,No,Yes,Yes,Drowsy Driving,Medium,4.0
ACC24014,02-02-2022,07:49,Tamil Nadu,Tiruchirappalli,11.0454,79.0489,Village Road,Clear,Day,26,Male,Bus,61,No,No,No,Signal Jumping,Medium,1.0
ACC24015,08-02-2023,09:46,Karnataka,Bengaluru Urban,15.2815,75.5036,Village Road,Rainy,Day,53,Male,Truck,45,No,No,Yes,Poor Weather Visibility,Medium,1.0
ACC24016,25-03-2022,20:45,Andhra Pradesh,Kurnool,16.7588,79.3499,City Road,Rainy,Night,31,Male,Car,51,No,No,Yes,Poor Weather Visibility,Medium,0.0
ACC24017,16-12-2024,19:28,Telangana,Nizamabad,17.3768,79.3806,City Road,Clear,Night,23,Male,Bike,67,No,No,No,Signal Jumping,Medium,3.0
ACC24018,14-07-2024,07:23,Telangana,Khammam,18.1541,78.7036,State Highway,Clear,Day,45,Male,Car,67,No,No,No,Over Speeding,Low,2.0
ACC24019,22-03-2022,05:05,Tamil Nadu,Madurai,11.225,78.8445,National Highway,Clear,Dawn,45,Male,Bus,73,No,Yes,Yes,Drowsy Driving,High,6.0
ACC24020,16-05-2022,19:20,Andhra Pradesh,Vijayawada,15.8407,80.3112,Village Road,Clear,Night,31,Male,Car,22,No,No,No,Poor Weather Visibility,Low,1.0
ACC24021,22-11-2024,21:53,Kerala,Kozhikode,10.5215,76.1579,Expressway,Clear,Night,43,Male,Bike,66,No,No,No,Over Speeding,Medium,1.0
ACC24022,23-11-2023,18:29,Tamil Nadu,Tiruchirappalli,11.7171,78.1015,City Road,Clear,Dusk,35,Male,Car,47,No,No,No,Poor Weather Visibility,Low,
ACC24023,23-03-2023,19:17,Kerala,Thiruvananthapuram,10.6704,75.7694,National Highway,Clear,Night,44,Male,Bike,57,No,No,No,Signal Jumping,Low,2.0
ACC24024,02-01-2023,11:37,Andhra Pradesh,Vijayawada,15.7103,80.0663,City Road,Rainy,Day,42,Male,Bike,38,No,No,No,Poor Weather Visibility,Low,1.0
ACC24025,12-04-2023,17:53,Tamil Nadu,Coimbatore,11.4258,77.8073,City Road,Clear,Dusk,27,Male,Auto,53,No,No,No,Signal Jumping,Low,1.0
ACC24026,01-08-2023,17:29,Telangana,Hyderabad,17.9464,79.3497,Village Road,Clear,Dusk,52,Female,Bike,46,No,No,Yes,Pothole/Bad Road,Medium,2.0
ACC24027,07-06-2024,21:34,Tamil Nadu,Coimbatore,11.5319,78.491,City Road,Cloudy,Night,34,Male,Auto,58,No,Yes,No,Drowsy Driving,Medium,4.0
ACC24028,15-02-2022,23:30,Tamil Nadu,Chennai,11.3414,78.9033,National Highway,Cloudy,Night,41,Male,Bus,84,Yes,Yes,No,Drunk Driving,High,1.0
ACC24029,17-06-2022,09:39,Karnataka,Belagavi,15.0056,75.2791,State Highway,Clear,Day,35,Male,Car,70,No,No,No,Over Speeding,Low,1.0
ACC24030,19-06-2023,12:53,Andhra Pradesh,Visakhapatnam,15.6233,79.4598,Expressway,Cloudy,Day,30,Male,Bike,83,No,No,No,Over Speeding,High,6.0
ACC24031,17-01-2022,14:46,Andhra Pradesh,Visakhapatnam,16.509,79.6649,Village Road,Clear,Day,20,Male,Auto,29,No,No,No,Signal Jumping,Low,1.0
ACC24032,18-08-2022,02:36,Telangana,Karimnagar,17.364,78.139,Village Road,Rainy,Night,51,Female,Auto,59,Yes,No,No,Poor Weather Visibility,Medium,
ACC24033,18-08-2024,21:01,Tamil Nadu,Coimbatore,11.85,78.3753,City Road,Foggy,Night,18,Male,Auto,63,No,No,No,Poor Weather Visibility,High,6.0
ACC24034,08-02-2024,09:17,Tamil Nadu,Chennai,10.3159,79.2219,Village Road,Clear,Day,42,Male,Bike,23,No,No,Yes,Pothole/Bad Road,Low,0.0
ACC24035,29-04-2024,08:22,Tamil Nadu,Coimbatore,11.0324,78.232,National Highway,Rainy,Day,66,Male,Bike,60,No,No,No,Poor Weather Visibility,Medium,4.0
ACC24036,21-03-2024,09:10,Tamil Nadu,Madurai,10.6802,78.6534,State Highway,Clear,Day,25,Female,Bus,47,No,No,No,Poor Weather Visibility,Low,2.0
ACC24037,07-09-2022,17:20,Karnataka,Belagavi,16.0508,76.5028,Expressway,Rainy,Dusk,56,Female,Car,67,No,No,No,Poor Weather Visibility,Medium,3.0
ACC24038,02-11-2022,13:30,Puducherry,Karaikal,12.0802,79.5484,Village Road,Cloudy,Day,24,Female,Bike,77,Yes,Yes,Yes,Drunk Driving,High,3.0
ACC24039,20-01-2024,15:46,Andhra Pradesh,Vijayawada,15.6298,79.9702,City Road,Cloudy,Day,39,Male,Car,29,No,No,Yes,Pothole/Bad Road,Low,1.0
ACC24040,10-08-2023,10:02,Karnataka,Mysuru,14.9339,76.1172,National Highway,Cloudy,Day,33,Female,Auto,76,Yes,Yes,No,Drunk Driving,High,5.0
ACC24041,08-11-2022,18:08,Puducherry,Karaikal,12.5049,79.4758,City Road,Cloudy,Dusk,18,Female,Bike,38,No,No,No,Poor Weather Visibility,Low,1.0
ACC24042,06-12-2022,12:41,Kerala,Kozhikode,10.4299,76.5287,City Road,Clear,Day,45,Female,Bus,75,Yes,No,No,Drunk Driving,Medium,1.0
ACC24043,09-09-2023,12:48,Tamil Nadu,Coimbatore,11.0926,79.079,National Highway,Rainy,Day,38,Male,Bike,51,No,No,No,Poor Weather Visibility,Low,1.0
ACC24044,08-09-2024,14:01,Tamil Nadu,Chennai,11.0836,78.1359,State Highway,Clear,Day,36,Male,Auto,62,No,No,No,Over Speeding,Low,0.0
ACC24045,08-01-2024,05:32,Kerala,Kollam,9.8089,76.4319,National Highway,Cloudy,Dawn,30,Male,Truck,84,No,No,No,Over Speeding,High,5.0
ACC24046,12-05-2023,19:40,Tamil Nadu,Salem,10.5999,78.3833,City Road,Clear,Night,35,Male,Car,38,No,No,No,Signal Jumping,Low,1.0
ACC24047,16-07-2022,04:20,Karnataka,Hubballi,14.8537,75.7406,Expressway,Clear,Night,20,Female,Car,81,No,Yes,No,Over Speeding,High,4.0
ACC24048,31-03-2024,19:48,Karnataka,Belagavi,15.4434,75.4918,Village Road,Cloudy,Night,18,Male,Auto,34,No,No,No,Poor Weather Visibility,Low,0.0
ACC24049,22-08-2022,07:05,Kerala,Thiruvananthapuram,10.4266,77.3555,National Highway,Clear,Day,18,Female,Bike,86,No,No,No,Over Speeding,High,7.0
ACC24050,30-09-2023,14:01,Telangana,Nizamabad,17.0347,78.6079,National Highway,Cloudy,Day,45,Male,Car,60,No,No,No,Poor Weather Visibility,Low,0.0
ACC24051,18-02-2022,16:03,Tamil Nadu,Salem,12.0046,79.2221,State Highway,Clear,Day,35,Male,Bus,76,No,No,No,Over Speeding,Low,3.0
ACC24052,20-10-2022,15:23,Telangana,Khammam,17.8321,79.2092,National Highway,Rainy,Day,34,Female,Bike,64,No,No,No,Poor Weather Visibility,Medium,2.0
ACC24053,20-08-2024,05:57,Karnataka,Mysuru,15.0937,75.9936,Expressway,Rainy,Dawn,18,Female,Bus,95,No,Yes,No,Over Speeding,High,5.0
ACC24054,06-04-2023,18:34,Karnataka,Mysuru,15.1174,76.3385,Village Road,Clear,Dusk,33,Female,Car,50,Yes,No,Yes,Drunk Driving,Low,1.0
ACC24055,25-05-2024,09:09,Karnataka,Mangaluru,15.4352,76.1639,Village Road,Overcast,Day,32,Male,Auto,24,No,No,No,Poor Weather Visibility,Low,0.0
ACC24056,26-10-2022,12:03,Karnataka,Mysuru,15.3552,75.757,City Road,Rainy,Day,36,Male,Bike,49,No,No,No,Poor Weather Visibility,Medium,3.0
ACC24057,26-09-2024,12:20,Karnataka,Hubballi,15.7897,75.3948,National Highway,Clear,Day,33,Female,Bike,76,No,No,No,Over Speeding,Medium,3.0
ACC24058,19-03-2022,17:18,Karnataka,Hubballi,15.3334,75.2858,State Highway,Clear,Dusk,34,Male,Bus,72,No,No,No,Over Speeding,Medium,4.0
ACC24059,21-11-2023,08:34,Telangana,Khammam,18.236,78.8477,National Highway,Overcast,Day,34,Female,Auto,66,No,No,Yes,Pothole/Bad Road,Medium,2.0
ACC24060,13-02-2024,19:27,Karnataka,Belagavi,15.5943,74.9115,State Highway,Clear,Night,39,Male,Truck,77,No,No,Yes,Over Speeding,Medium,1.0
ACC24061,21-04-2024,00:47,Tamil Nadu,Chennai,11.0581,78.3677,City Road,Overcast,Night,40,Male,Car,70,Yes,No,Yes,Drunk Driving,High,5.0
ACC24062,03-05-2022,12:58,Telangana,Khammam,18.2858,78.8998,National Highway,Clear,Day,34,Male,Car,66,No,No,No,Over Speeding,Low,2.0
ACC24063,01-11-2024,09:35,Andhra Pradesh,Visakhapatnam,15.4535,80.0778,City Road,Cloudy,Day,21,Male,Truck,34,No,No,No,Poor Weather Visibility,Low,1.0
ACC24064,21-02-2024,20:15,Tamil Nadu,Madurai,10.892,78.3738,Village Road,Rainy,Night,43,Male,Car,52,No,Yes,Yes,Poor Weather Visibility,Medium,
ACC24065,03-06-2024,00:34,Kerala,Kollam,10.5113,76.4166,National Highway,Clear,Night,21,Male,Car,90,No,No,No,Over Speeding,High,1.0
ACC24066,18-06-2022,18:45,Andhra Pradesh,Vijayawada,15.9987,80.1765,National Highway,Clear,Dusk,18,Male,Car,91,Yes,No,No,Over Speeding,High,11.0
ACC24067,22-06-2023,05:15,Tamil Nadu,Chennai,10.9462,78.8415,City Road,Cloudy,Dawn,18,Female,Auto,62,No,Yes,No,Drowsy Driving,Medium,1.0
ACC24068,24-05-2023,21:09,Karnataka,Belagavi,15.3512,75.9467,Village Road,Clear,Night,56,Male,Car,64,Yes,No,No,Drunk Driving,Medium,4.0
ACC24069,19-11-2023,20:50,Tamil Nadu,Tiruchirappalli,10.7833,78.6161,State Highway,Overcast,Night,26,Male,Bike,61,No,No,No,Poor Weather Visibility,Medium,1.0
ACC24070,22-10-2022,18:30,Tamil Nadu,Coimbatore,10.5378,78.5931,City Road,Cloudy,Dusk,41,Male,Auto,32,No,No,No,Poor Weather Visibility,Low,0.0
ACC24071,13-05-2024,10:54,Kerala,Ernakulam,10.3359,76.7971,City Road,Cloudy,Day,43,Male,Truck,39,No,Yes,No,Drowsy Driving,Low,0.0
ACC24072,28-03-2022,09:42,Tamil Nadu,Salem,10.5041,78.296,Expressway,Clear,Day,29,Male,Bike,80,No,No,No,Over Speeding,Medium,3.0
ACC24073,17-02-2023,18:00,Kerala,Thiruvananthapuram,10.1449,76.3097,Expressway,Rainy,Dusk,46,Male,Bike,90,No,No,No,Over Speeding,High,4.0
ACC24074,27-06-2024,07:56,Kerala,Thiruvananthapuram,10.3845,76.0715,City Road,Cloudy,Day,29,Male,Bike,55,No,No,No,Poor Weather Visibility,Medium,4.0
ACC24075,19-01-2022,11:26,Kerala,Ernakulam,10.5688,76.4994,National Highway,Clear,Day,21,Male,Bike,62,No,No,No,Signal Jumping,Low,1.0
ACC24076,07-05-2024,12:55,Telangana,Warangal,18.5222,78.9721,National Highway,Clear,Day,50,Male,Bus,63,No,No,No,Over Speeding,Low,
ACC24077,20-10-2022,17:42,Tamil Nadu,Chennai,11.3402,78.486,Village Road,Cloudy,Dusk,34,Female,Car,33,No,No,No,Poor Weather Visibility,Low,2.0
ACC24078,25-10-2024,19:54,Tamil Nadu,Chennai,11.0452,78.6334,City Road,Clear,Night,44,Female,Car,33,No,No,No,Poor Weather Visibility,Low,1.0
ACC24079,02-09-2024,17:07,Andhra Pradesh,Kurnool,15.6123,79.3322,City Road,Clear,Dusk,18,Male,Bike,39,No,No,No,Signal Jumping,Low,1.0
ACC24080,02-04-2023,17:29,Karnataka,Mysuru,15.3842,75.789,State Highway,Cloudy,Dusk,37,Male,Bus,72,No,No,No,Poor Weather Visibility,Low,0.0
ACC24081,22-01-2024,14:52,Tamil Nadu,Madurai,11.8637,78.5173,National Highway,Overcast,Day,37,Male,Car,71,No,No,No,Poor Weather Visibility,Medium,2.0
ACC24082,25-10-2022,15:00,Tamil Nadu,Tiruchirappalli,11.7608,78.3055,City Road,Overcast,Day,47,Male,Auto,53,No,No,No,Poor Weather Visibility,Medium,4.0
ACC24083,27-07-2022,02:42,Tamil Nadu,Madurai,10.8519,78.7476,National Highway,Foggy,Night,38,Male,Car,70,No,No,No,Poor Weather Visibility,Medium,2.0
ACC24084,17-07-2022,05:18,Telangana,Warangal,17.6038,79.8109,Village Road,Cloudy,Dawn,18,Male,Bike,51,No,No,No,Signal Jumping,Low,1.0
ACC24085,04-06-2022,05:59,Karnataka,Bengaluru Urban,15.669,75.4281,State Highway,Clear,Dawn,18,Male,Bike,66,Yes,No,No,Drunk Driving,Medium,3.0
ACC24086,05-03-2024,06:08,Kerala,Kollam,9.8012,76.1959,City Road,Cloudy,Day,30,Male,Bike,47,No,No,No,Poor Weather Visibility,Low,1.0
ACC24087,31-07-2024,10:35,Kerala,Thrissur,9.9861,76.2124,National Highway,Rainy,Day,26,Female,Car,66,No,No,No,Poor Weather Visibility,Low,0.0
ACC24088,16-07-2024,07:09,Andhra Pradesh,Nellore,15.3991,79.6594,City Road,Clear,Day,54,Male,Bike,58,No,No,No,Poor Weather Visibility,Low,0.0
ACC24089,23-07-2023,16:47,Kerala,Ernakulam,10.5059,76.773,City Road,Rainy,Day,45,Female,Car,68,No,No,No,Poor Weather Visibility,Medium,2.0
ACC24090,20-07-2023,15:15,Karnataka,Mysuru,15.2666,76.3651,State Highway,Cloudy,Day,40,Male,Bike,61,No,No,No,Signal Jumping,Low,1.0
ACC24091,24-12-2023,10:07,Andhra Pradesh,Visakhapatnam,15.5735,79.6469,City Road,Clear,Day,24,Male,Bike,70,No,No,No,Signal Jumping,Low,0.0
ACC24092,17-02-2022,07:45,Karnataka,Mangaluru,15.1596,75.6987,National Highway,Cloudy,Day,36,Male,Bike,75,No,No,No,Over Speeding,Medium,7.0