Accident_ID,Date,Time,State,District,Latitude,Longitude,Road_Type,Weather,Light_Condition,Driver_Age,Driver_Gender,Vehicle_Type,Speed_kmph,Alcohol_Involved,Driver_Drowsy,Pothole_Involved,Cause_of_Accident,Severity,Casualties
ACC24093,26-05-2022,18:50,Tamil Nadu,Chennai,10.9269,78.2109,City Road,Clear,Dusk,30,Male,Car,63,No,No,No,Signal Jumping,Low,0.0
ACC24094,29-09-2023,09:24,Puducherry,Karaikal,11.7101,79.304,City Road,Clear,Day,29,Male,Bike,45,No,No,No,Poor Weather Visibility,Low,0.0
ACC24095,25-04-2022,21:16,Telangana,Hyderabad,17.6762,79.3508,Expressway,Clear,Night,37,Male,Truck,97,No,No,No,Over Speeding,High,4.0
ACC24096,01-11-2022,11:48,Karnataka,Mangaluru,16.0757,75.888,City Road,Overcast,Day,41,Female,Bike,42,No,No,Yes,Pothole/Bad Road,Low,0.0
ACC24097,23-07-2022,13:08,Andhra Pradesh,Nellore,15.5433,79.6952,National Highway,Cloudy,Day,44,Male,Car,65,No,No,No,Poor Weather Visibility,Low,1.0
ACC24098,14-05-2024,12:11,Telangana,Warangal,17.8822,78.8464,State Highway,Clear,Day,24,Male,Car,55,No,No,No,Poor Weather Visibility,Low,0.0
ACC24099,02-08-2022,13:57,Karnataka,Mysuru,15.3776,76.4883,State Highway,Clear,Day,42,Male,Bike,74,No,No,No,Over Speeding,Medium,5.0
ACC24100,26-12-2022,04:47,Tamil Nadu,Tiruchirappalli,11.6943,78.8052,State Highway,Rainy,Night,39,Male,Bike,56,No,No,No,Poor Weather Visibility,Low,0.0
ACC24101,01-05-2024,19:15,Tamil Nadu,Coimbatore,11.1469,78.1859,City Road,Cloudy,Night,18,Female,Bus,56,No,Yes,No,Drowsy Driving,Medium,3.0
ACC24102,10-08-2023,20:02,Telangana,Hyderabad,18.303,79.3855,State Highway,Clear,Night,42,Female,Bus,67,Yes,Yes,No,Drunk Driving,Medium,5.0
ACC24103,30-07-2022,16:02,Puducherry,Puducherry,11.7382,79.4168,Village Road,Cloudy,Day,55,Female,Auto,76,Yes,No,Yes,Drunk Driving,High,8.0
ACC24104,20-10-2023,17:07,Karnataka,Belagavi,15.1112,75.5979,City Road,Cloudy,Dusk,31,Male,Bike,48,No,No,Yes,Pothole/Bad Road,Low,0.0
ACC24105,16-09-2024,08:00,Puducherry,Karaikal,12.7278,79.676,City Road,Rainy,Day,42,Male,Truck,55,No,No,No,Poor Weather Visibility,Low,1.0
ACC24106,28-03-2022,00:12,Kerala,Kollam,10.3032,76.8802,National Highway,Rainy,Night,27,Male,Car,68,Yes,No,No,Poor Weather Visibility,High,7.0
ACC24107,30-04-2023,18:18,Karnataka,Belagavi,14.4309,74.9994,National Highway,Clear,Dusk,44,Male,Bike,64,No,No,No,Over Speeding,Medium,1.0
ACC24108,22-02-2024,09:06,Karnataka,Mysuru,15.1161,76.0046,Expressway,Rainy,Day,56,Male,Bus,87,Yes,No,Yes,Poor Weather Visibility,High,1.0
ACC24109,08-05-2022,01:20,Kerala,Kollam,10.9682,76.3171,City Road,Overcast,Night,47,Male,Bus,51,No,No,No,Poor Weather Visibility,Low,
ACC24110,04-11-2024,17:40,Karnataka,Mysuru,15.0309,75.5991,City Road,Rainy,Dusk,52,Male,Bus,58,No,No,No,Poor Weather Visibility,Low,1.0
ACC24111,11-06-2023,18:02,Telangana,Khammam,17.7264,78.3807,National Highway,Clear,Dusk,48,Male,Bike,63,No,No,No,Over Speeding,Low,0.0
ACC24112,13-11-2023,18:19,Telangana,Warangal,18.1931,78.9504,City Road,Clear,Dusk,52,Male,Auto,59,No,No,No,Signal Jumping,Medium,2.0
ACC24113,19-12-2022,07:47,Andhra Pradesh,Guntur,16.1151,80.1034,Village Road,Rainy,Day,18,Female,Bus,45,No,No,No,Poor Weather Visibility,Low,2.0
ACC24114,14-08-2024,17:02,Karnataka,Hubballi,15.4765,75.2337,Village Road,Cloudy,Dusk,45,Male,Bike,44,No,No,No,Poor Weather Visibility,Medium,2.0
ACC24115,08-07-2024,18:25,Karnataka,Mangaluru,16.0764,76.2388,City Road,Clear,Dusk,25,Male,Car,69,No,No,Yes,Pothole/Bad Road,Medium,2.0
ACC24116,14-03-2024,16:35,Puducherry,Karaikal,12.0471,79.5486,National Highway,Cloudy,Day,40,Female,Car,78,No,No,No,Over Speeding,Medium,3.0
ACC24117,26-02-2024,07:49,Andhra Pradesh,Guntur,15.824,79.8698,City Road,Clear,Day,44,Male,Auto,41,No,No,No,Signal Jumping,Low,2.0
ACC24118,29-09-2023,18:36,Andhra Pradesh,Nellore,16.4309,79.8931,City Road,Cloudy,Dusk,33,Male,Auto,51,No,No,No,Signal Jumping,Low,1.0
ACC24119,14-02-2022,14:29,Tamil Nadu,Tiruchirappalli,10.959,79.1704,Expressway,Foggy,Day,18,Male,Car,66,No,No,No,Poor Weather Visibility,Medium,3.0
ACC24120,24-11-2023,18:18,Puducherry,Puducherry,12.1663,80.238,Village Road,Overcast,Dusk,18,Male,Bus,33,No,No,No,Poor Weather Visibility,Low,
ACC24121,05-06-2023,09:01,Karnataka,Bengaluru Urban,15.7229,75.4297,City Road,Rainy,Day,26,Female,Car,38,No,No,No,Poor Weather Visibility,Low,0.0
ACC24122,05-11-2023,20:17,Kerala,Ernakulam,10.5031,76.5755,Expressway,Rainy,Night,19,Male,Auto,71,No,No,Yes,Poor Weather Visibility,High,5.0
ACC24123,11-04-2023,18:25,Tamil Nadu,Coimbatore,10.6418,77.6978,National Highway,Rainy,Dusk,34,Male,Car,79,No,No,No,Poor Weather Visibility,High,5.0
ACC24124,12-08-2022,21:55,Puducherry,Puducherry,11.7482,78.5452,City Road,Clear,Night,30,Male,Bike,46,No,No,No,Signal Jumping,Low,1.0
ACC24125,16-08-2022,14:42,Telangana,Hyderabad,18.3549,79.2602,City Road,Cloudy,Day,37,Male,Car,45,No,No,No,Poor Weather Visibility,Low,1.0
ACC24126,02-06-2022,00:23,Karnataka,Belagavi,15.6231,75.9581,City Road,Cloudy,Night,44,Male,Truck,60,Yes,No,No,Drunk Driving,Medium,3.0
ACC24127,28-07-2022,06:40,Telangana,Karimnagar,17.5465,78.8272,National Highway,Clear,Day,34,Male,Auto,84,No,No,No,Over Speeding,Medium,5.0
ACC24128,28-10-2024,08:24,Puducherry,Karaikal,12.3895,78.8649,Village Road,Rainy,Day,33,Male,Auto,52,No,No,No,Poor Weather Visibility,Medium,2.0
ACC24129,18-02-2023,19:22,Telangana,Warangal,18.2953,79.7984,Village Road,Clear,Night,20,Male,Bus,34,No,No,Yes,Pothole/Bad Road,Low,1.0
ACC24130,19-05-2023,03:06,Tamil Nadu,Madurai,11.1493,78.8042,National Highway,Cloudy,Night,36,Male,Car,40,No,No,No,Signal Jumping,Low,
ACC24131,15-10-2023,02:50,Tamil Nadu,Madurai,10.4305,79.4317,Expressway,Cloudy,Night,35,Male,Bus,71,No,No,No,Poor Weather Visibility,High,3.0
ACC24132,09-08-2022,09:23,Karnataka,Hubballi,14.8078,75.9319,City Road,Rainy,Day,46,Male,Car,42,No,No,No,Poor Weather Visibility,Low,1.0
ACC24133,24-03-2023,16:45,Kerala,Thrissur,10.3286,76.9014,State Highway,Clear,Day,42,Male,Bike,70,No,No,No,Over Speeding,Medium,2.0
ACC24134,12-12-2024,17:58,Tamil Nadu,Tiruchirappalli,10.9031,78.7269,City Road,Clear,Dusk,37,Female,Bike,43,No,No,No,Signal Jumping,Low,1.0
ACC24135,31-03-2022,12:33,Tamil Nadu,Salem,11.2184,78.5004,Expressway,Clear,Day,27,Male,Car,65,No,No,No,Over Speeding,Medium,2.0
ACC24136,08-02-2023,08:11,Tamil Nadu,Salem,10.76,78.2477,State Highway,Cloudy,Day,47,Male,Bus,77,No,Yes,No,Drowsy Driving,Medium,2.0
ACC24137,20-07-2023,05:14,Telangana,Hyderabad,17.7631,79.3931,City Road,Rainy,Dawn,27,Male,Bike,59,No,No,Yes,Poor Weather Visibility,Medium,8.0
ACC24138,04-01-2023,08:50,Telangana,Karimnagar,18.1667,79.4447,City Road,Cloudy,Day,19,Male,Bike,70,No,No,No,Poor Weather Visibility,Medium,6.0
ACC24139,15-03-2023,10:53,Tamil Nadu,Salem,11.5748,78.5812,Village Road,Clear,Day,30,Male,Car,35,No,No,No,Signal Jumping,Low,4.0
ACC24140,20-01-2023,12:56,Karnataka,Mangaluru,15.0287,76.2542,City Road,Clear,Day,23,Male,Auto,53,No,No,Yes,Pothole/Bad Road,Medium,0.0
ACC24141,16-04-2024,19:26,Telangana,Karimnagar,18.2319,78.6126,Village Road,Cloudy,Night,18,Male,Bike,58,Yes,No,No,Drunk Driving,Medium,3.0
ACC24142,16-07-2022,05:56,Karnataka,Belagavi,15.794,75.7232,City Road,Rainy,Dawn,39,Male,Car,29,No,No,Yes,Poor Weather Visibility,Low,2.0
ACC24143,20-08-2024,08:54,Kerala,Thiruvananthapuram,10.3295,75.8597,City Road,Rainy,Day,41,Male,Car,48,No,No,No,Poor Weather Visibility,Low,2.0
ACC24144,23-04-2024,14:06,Karnataka,Belagavi,15.4809,75.3734,City Road,Overcast,Day,30,Male,Car,60,No,No,No,Poor Weather Visibility,Low,0.0
ACC24145,12-03-2023,16:57,Telangana,Warangal,18.0817,79.5174,Village Road,Cloudy,Day,43,Female,Bike,39,No,No,No,Poor Weather Visibility,Low,0.0
ACC24146,31-03-2023,17:56,Kerala,Kollam,10.4812,76.3036,City Road,Clear,Dusk,28,Male,Car,37,No,No,No,Signal Jumping,Low,1.0
ACC24147,06-03-2022,16:26,Karnataka,Hubballi,14.8717,75.2149,National Highway,Clear,Day,18,Male,Auto,73,No,No,No,Over Speeding,High,4.0
ACC24148,31-07-2022,17:21,Andhra Pradesh,Kurnool,15.5756,79.9501,Village Road,Rainy,Dusk,49,Male,Car,36,No,No,Yes,Poor Weather Visibility,Low,0.0
ACC24149,17-07-2024,18:00,Tamil Nadu,Madurai,11.1281,78.6919,Village Road,Rainy,Dusk,23,Male,Car,23,No,No,Yes,Poor Weather Visibility,Low,1.0
ACC24150,31-12-2023,17:58,Karnataka,Hubballi,14.8572,75.6421,Village Road,Clear,Dusk,30,Male,Bike,60,No,No,No,Over Speeding,Medium,4.0
ACC24151,15-05-2022,04:19,Telangana,Nizamabad,18.0851,78.278,National Highway,Clear,Night,54,Male,Auto,87,Yes,Yes,No,Over Speeding,High,10.0
ACC24152,05-02-2023,20:53,Telangana,Nizamabad,17.8389,78.4248,City Road,Clear,Night,51,Male,Bike,42,No,No,No,Poor Weather Visibility,Low,1.0
ACC24153,29-09-2022,19:22,Tamil Nadu,Coimbatore,10.7865,78.5637,Village Road,Cloudy,Night,37,Female,Bus,49,No,Yes,Yes,Drowsy Driving,Medium,3.0
ACC24154,17-01-2023,11:26,Tamil Nadu,Chennai,11.0709,78.6932,City Road,Clear,Day,20,Female,Car,26,No,No,No,Signal Jumping,Low,1.0
ACC24155,20-10-2022,08:59,Telangana,Warangal,17.9817,79.2606,Village Road,Rainy,Day,40,Male,Auto,40,Yes,No,No,Poor Weather Visibility,Medium,0.0
ACC24156,10-03-2024,05:57,Karnataka,Bengaluru Urban,14.4978,75.5774,National Highway,Rainy,Dawn,48,Male,Car,96,Yes,No,Yes,Over Speeding,High,8.0
ACC24157,13-07-2022,15:23,Andhra Pradesh,Visakhapatnam,15.0696,80.1067,State Highway,Cloudy,Day,29,Male,Car,55,No,No,No,Poor Weather Visibility,Medium,1.0
ACC24158,02-07-2024,17:27,Karnataka,Hubballi,15.3054,75.4531,State Highway,Cloudy,Dusk,52,Male,Auto,47,No,No,No,Poor Weather Visibility,Low,0.0
ACC24159,02-01-2023,19:58,Tamil Nadu,Tiruchirappalli,10.6418,78.7063,City Road,Rainy,Night,37,Male,Car,56,No,Yes,No,Poor Weather Visibility,Medium,1.0
ACC24160,05-06-2023,22:50,Tamil Nadu,Tiruchirappalli,10.8971,77.9369,National Highway,Clear,Night,38,Female,Car,89,No,Yes,No,Over Speeding,High,6.0
ACC24161,04-11-2022,08:41,Kerala,Kollam,10.5658,76.6489,City Road,Cloudy,Day,39,Male,Bike,46,No,Yes,Yes,Drowsy Driving,Medium,3.0
ACC24162,09-12-2022,08:32,Andhra Pradesh,Vijayawada,15.7302,80.6292,National Highway,Foggy,Day,25,Female,Car,95,Yes,No,No,Poor Weather Visibility,High,6.0
ACC24163,11-12-2024,13:40,Telangana,Karimnagar,17.5563,79.2184,National Highway,Clear,Day,55,Male,Car,68,No,No,No,Over Speeding,Low,0.0
ACC24164,31-01-2022,16:23,Karnataka,Mysuru,15.48,75.238,City Road,Cloudy,Day,51,Female,Truck,56,Yes,Yes,No,Drunk Driving,Medium,3.0
ACC24165,27-11-2022,17:22,Karnataka,Belagavi,15.3367,75.5681,Village Road,Clear,Dusk,26,Male,Bike,34,No,No,Yes,Pothole/Bad Road,Low,0.0
ACC24166,04-06-2024,08:18,Andhra Pradesh,Nellore,15.6967,79.8173,Village Road,Clear,Day,31,Male,Bike,40,No,No,Yes,Pothole/Bad Road,Low,2.0
ACC24167,02-08-2024,20:30,Andhra Pradesh,Vijayawada,16.0594,79.8996,National Highway,Rainy,Night,20,Male,Auto,76,No,No,No,Poor Weather Visibility,High,4.0
ACC24168,22-01-2022,13:23,Telangana,Warangal,17.5323,78.7078,State Highway,Rainy,Day,18,Female,Car,57,No,No,Yes,Poor Weather Visibility,Low,1.0
ACC24169,30-10-2024,06:03,Andhra Pradesh,Guntur,14.8887,79.4752,State Highway,Clear,Day,21,Male,Bike,68,No,No,No,Over Speeding,Low,1.0
ACC24170,13-01-2022,07:09,Kerala,Kozhikode,11.1657,76.374,Expressway,Rainy,Day,41,Female,Car,81,No,No,Yes,Poor Weather Visibility,High,6.0
ACC24171,23-10-2023,12:31,Andhra Pradesh,Kurnool,16.1821,79.8337,State Highway,Cloudy,Day,27,Male,Bike,62,No,No,No,Poor Weather Visibility,Low,1.0
ACC24172,20-02-2023,14:41,Karnataka,Hubballi,15.544,75.8239,City Road,Clear,Day,18,Female,Car,54,No,No,No,Signal Jumping,Low,0.0
ACC24173,16-03-2024,12:19,Telangana,Hyderabad,18.1918,78.793,State Highway,Rainy,Day,45,Female,Auto,57,No,No,No,Poor Weather Visibility,Medium,3.0
ACC24174,11-10-2022,07:44,Kerala,Kozhikode,10.608,76.3313,State Highway,Clear,Day,20,Male,Car,55,No,No,No,Signal Jumping,Low,0.0
ACC24175,10-12-2023,18:50,Tamil Nadu,Chennai,10.7154,78.2483,City Road,Clear,Dusk,36,Female,Car,50,No,No,No,Poor Weather Visibility,Low,0.0
ACC24176,28-11-2023,20:29,Telangana,Hyderabad,17.8431,78.5598,Village Road,Rainy,Night,23,Male,Car,37,No,No,No,Poor Weather Visibility,Low,1.0
ACC24177,01-02-2024,00:50,Tamil Nadu,Coimbatore,10.4808,78.621,Expressway,Rainy,Night,44,Male,Bike,75,No,No,No,Poor Weather Visibility,Medium,3.0
ACC24178,12-07-2024,07:33,Kerala,Thiruvananthapuram,10.5331,76.3924,National Highway,Clear,Day,28,Male,Auto,60,No,No,No,Over Speeding,Low,1.0
ACC24179,20-10-2024,09:45,Andhra Pradesh,Visakhapatnam,16.0214,79.8198,State Highway,Clear,Day,34,Male,Bike,61,Yes,No,No,Drunk Driving,Medium,3.0
ACC24180,13-01-2022,06:10,Andhra Pradesh,Kurnool,16.2204,79.9049,National Highway,Rainy,Day,28,Male,Car,57,No,No,No,Poor Weather Visibility,Medium,1.0
ACC24181,24-11-2024,06:16,Kerala,Kozhikode,10.1863,76.5808,City Road,Clear,Day,42,Female,Bus,61,No,Yes,No,Drowsy Driving,Medium,3.0
ACC24182,31-03-2022,19:51,Puducherry,Puducherry,12.0254,80.7083,City Road,Rainy,Night,43,Male,Car,79,Yes,No,No,Poor Weather Visibility,High,3.0
ACC24183,14-02-2023,06:05,Karnataka,Hubballi,14.9556,75.897,State Highway,Overcast,Day,38,Male,Bike,64,No,No,No,Poor Weather Visibility,Low,0.0
ACC24184,26-09-2024,22:42,Kerala,Thrissur,10.3925,75.8076,Village Road,Foggy,Night,63,Male,Auto,52,Yes,No,No,Poor Weather Visibility,High,8.0
ACC24185,04-02-2023,19:12,Andhra Pradesh,Nellore,16.0074,79.1343,State Highway,Rainy,Night,30,Male,Bus,72,Yes,No,No,Poor Weather Visibility,High,2.0
ACC24186,06-10-2022,16:29,Puducherry,Puducherry,11.999,79.5317,National Highway,Overcast,Day,19,Male,Auto,71,No,No,No,Poor Weather Visibility,Medium,3.0
ACC24187,04-10-2024,19:48,Tamil Nadu,Madurai,11.0435,78.5402,Village Road,Clear,Night,43,Male,Bike,30,No,No,Yes,Pothole/Bad Road,Low,1.0
ACC24188,25-08-2024,11:56,Tamil Nadu,Chennai,10.3235,78.4787,Expressway,Clear,Day,36,Male,Car,87,No,No,No,Over Speeding,Medium,2.0
ACC24189,04-07-2024,10:19,Telangana,Warangal,17.6435,79.6761,State Highway,Clear,Day,37,Male,Car,68,No,No,No,Over Speeding,Low,
ACC24190,09-10-2024,06:54,Andhra Pradesh,Kurnool,16.1474,79.7853,Village Road,Cloudy,Day,40,Male,Car,36,No,No,Yes,Pothole/Bad Road,Low,1.0
ACC24191,10-02-2024,10:11,Karnataka,Hubballi,15.2143,76.2371,Village Road,Cloudy,Day,51,Female,Car,28,No,No,No,Poor Weather Visibility,Low,1.0
ACC24192,24-12-2022,06:49,Telangana,Warangal,18.6723,79.3719,National Highway,Clear,Day,57,Male,Bus,51,No,No,No,Poor Weather Visibility,Low,1.0
ACC24193,19-01-2023,11:54,Puducherry,Puducherry,12.0096,79.8582,National Highway,Clear,Day,30,Male,Car,65,No,No,No,Signal Jumping,Low,1.0
ACC24194,13-09-2024,06:05,Karnataka,Belagavi,15.1547,75.9659,National Highway,Rainy,Day,48,Male,Bike,71,Yes,No,No,Poor Weather Visibility,Medium,2.0
ACC24195,06-09-2023,07:20,Karnataka,Mangaluru,15.0058,76.1023,State Highway,Cloudy,Day,18,Male,Car,76,No,Yes,No,Drowsy Driving,High,7.0
ACC24196,14-07-2023,12:13,Kerala,Kozhikode,9.8447,76.5142,National Highway,Clear,Day,32,Female,Bike,98,Yes,No,No,Over Speeding,High,6.0
ACC24197,10-05-2023,15:35,Karnataka,Bengaluru Urban,15.4992,75.5462,Expressway,Clear,Day,36,Male,Car,98,No,No,No,Over Speeding,Medium,1.0
ACC24198,11-07-2023,23:43,Karnataka,Bengaluru Urban,14.8409,75.3993,City Road,Clear,Night,38,Female,Auto,63,No,No,No,Over Speeding,Medium,1.0
ACC24199,05-01-2024,07:55,Tamil Nadu,Salem,11.4549,78.8451,Expressway,Clear,Day,18,Male,Bike,91,No,No,Yes,Over Speeding,High,6.0
ACC24200,22-12-2022,09:03,Telangana,Nizamabad,18.1383,78.9986,City Road,Clear,Day,39,Female,Truck,40,No,No,Yes,Pothole/Bad Road,Low,2.0
ACC24201,30-05-2023,18:43,Karnataka,Belagavi,15.0295,75.7068,National Highway,Overcast,Dusk,30,Male,Bike,57,No,No,No,Poor Weather Visibility,Medium,6.0
ACC24202,07-07-2023,10:49,Telangana,Khammam,18.4482,78.9323,City Road,Foggy,Day,27,Female,Car,39,Yes,No,No,Poor Weather Visibility,Low,2.0
ACC24203,26-09-2023,12:31,Telangana,Karimnagar,18.1121,78.8264,City Road,Cloudy,Day,42,Male,Bike,62,No,No,No,Poor Weather Visibility,Low,1.0
ACC24204,15-04-2022,20:45,Kerala,Kozhikode,10.1179,76.3624,National Highway,Rainy,Night,33,Male,Car,86,No,No,No,Poor Weather Visibility,High,3.0
ACC24205,26-04-2023,07:53,Tamil Nadu,Coimbatore,11.3883,78.2564,Village Road,Cloudy,Day,44,Male,Car,54,Yes,No,Yes,Drunk Driving,Medium,2.0
ACC24206,16-10-2024,10:20,Tamil Nadu,Salem,11.0135,78.8403,City Road,Clear,Day,18,Male,Bike,30,No,No,No,Poor Weather Visibility,Low,0.0
ACC24207,01-04-2024,17:54,Karnataka,Hubballi,15.28,75.9014,City Road,Clear,Dusk,41,Female,Bike,45,No,No,Yes,Pothole/Bad Road,Low,4.0
ACC24208,22-03-2022,15:23,Telangana,Nizamabad,18.3766,78.7106,City Road,Clear,Day,50,Male,Bike,36,No,No,No,Poor Weather Visibility,Low,0.0
ACC24209,25-01-2024,18:18,Kerala,Ernakulam,11.1244,76.6149,State Highway,Rainy,Dusk,35,Female,Car,61,No,No,No,Poor Weather Visibility,Low,1.0
ACC24210,08-08-2024,18:07,Andhra Pradesh,Visakhapatnam,16.5352,79.1726,Expressway,Clear,Dusk,59,Female,Bike,77,No,Yes,No,Drowsy Driving,Medium,0.0
ACC24211,30-07-2024,14:34,Tamil Nadu,Madurai,11.2195,78.9222,National Highway,Clear,Day,41,Male,Car,73,Yes,No,No,Drunk Driving,Medium,3.0
ACC24212,02-06-2022,17:44,Andhra Pradesh,Visakhapatnam,16.2383,79.917,City Road,Clear,Dusk,36,Male,Auto,46,Yes,No,No,Drunk Driving,Medium,2.0
ACC24213,27-11-2024,21:29,Puducherry,Puducherry,11.1286,80.2792,Village Road,Cloudy,Night,32,Male,Bike,62,Yes,Yes,No,Drunk Driving,High,5.0
ACC24214,24-08-2023,19:23,Tamil Nadu,Madurai,11.1657,79.0673,Expressway,Clear,Night,39,Male,Auto,84,Yes,Yes,No,Drunk Driving,High,6.0
ACC24215,06-09-2022,20:53,Tamil Nadu,Tiruchirappalli,11.3064,78.5186,City Road,Overcast,Night,30,Male,Bike,51,No,No,Yes,Pothole/Bad Road,Medium,1.0
ACC24216,05-07-2022,15:51,Telangana,Karimnagar,17.2066,79.4402,State Highway,Cloudy,Day,39,Male,Bike,54,No,No,No,Poor Weather Visibility,Low,1.0
ACC24217,06-08-2022,15:59,Karnataka,Mangaluru,15.3842,75.6293,City Road,Clear,Day,32,Male,Bike,40,No,No,No,Signal Jumping,Low,1.0
ACC24218,09-10-2022,12:00,Karnataka,Hubballi,14.8154,75.6949,Expressway,Cloudy,Day,40,Female,Bike,72,No,No,No,Poor Weather Visibility,Medium,6.0
ACC24219,03-02-2022,12:37,Telangana,Nizamabad,17.7493,78.9412,National Highway,Clear,Day,40,Female,Auto,73,No,No,No,Signal Jumping,Medium,3.0
ACC24220,22-08-2022,07:43,Telangana,Hyderabad,17.9177,78.9689,City Road,Cloudy,Day,26,Female,Truck,35,No,No,No,Poor Weather Visibility,Low,0.0
ACC24221,26-05-2023,05:12,Puducherry,Karaikal,11.2361,79.3119,City Road,Cloudy,Dawn,36,Male,Bike,32,No,No,No,Poor Weather Visibility,Low,1.0
ACC24222,20-04-2023,12:21,Karnataka,Hubballi,15.2844,75.9497,City Road,Cloudy,Day,35,Male,Bike,59,No,Yes,No,Signal Jumping,Medium,1.0
ACC24223,10-03-2022,16:06,Kerala,Thrissur,10.4616,76.1434,Village Road,Rainy,Day,35,Male,Auto,53,No,No,No,Poor Weather Visibility,Low,0.0
ACC24224,07-07-2023,15:54,Tamil Nadu,Chennai,11.8839,79.4841,Village Road,Clear,Day,29,Male,Truck,27,No,No,No,Signal Jumping,Low,0.0
ACC24225,08-01-2022,16:17,Kerala,Thrissur,9.4638,76.3425,State Highway,Clear,Day,45,Female,Bike,67,No,No,No,Over Speeding,Low,0.0
ACC24226,11-02-2024,14:03,Telangana,Hyderabad,17.874,79.9041,City Road,Cloudy,Day,47,Male,Bike,59,No,No,No,Poor Weather Visibility,Low,2.0
ACC24227,14-08-2022,09:36,Karnataka,Bengaluru Urban,15.1906,75.148,National Highway,Clear,Day,46,Male,Car,75,No,No,No,Over Speeding,High,4.0
ACC24228,28-06-2024,16:52,Kerala,Kozhikode,10.2054,76.298,City Road,Clear,Day,51,Male,Car,49,No,No,No,Signal Jumping,Low,0.0
ACC24229,27-09-2023,10:48,Andhra Pradesh,Visakhapatnam,15.7934,79.448,State Highway,Cloudy,Day,37,Male,Car,58,No,No,No,Poor Weather Visibility,Low,0.0
ACC24230,21-10-2024,11:22,Tamil Nadu,Tiruchirappalli,10.3896,78.5054,City Road,Rainy,Day,39,Male,Bike,45,No,No,No,Poor Weather Visibility,Low,1.0
ACC24231,10-04-2024,09:43,Karnataka,Bengaluru Urban,16.0763,76.3399,State Highway,Rainy,Day,50,Male,Bike,63,No,No,Yes,Poor Weather Visibility,Medium,4.0
ACC24232,16-12-2023,23:34,Karnataka,Bengaluru Urban,14.699,75.985,State Highway,Clear,Night,62,Female,Car,55,No,Yes,Yes,Drowsy Driving,Low,3.0
ACC24233,04-10-2023,12:25,Telangana,Nizamabad,18.2138,78.426,City Road,Overcast,Day,29,Female,Bike,60,No,Yes,No,Drowsy Driving,High,6.0
ACC24234,10-07-2024,09:22,Andhra Pradesh,Vijayawada,16.3398,79.8283,City Road,Cloudy,Day,33,Male,Bike,41,No,No,No,Poor Weather Visibility,Low,2.0
ACC24235,14-09-2022,17:03,Andhra Pradesh,Nellore,15.7209,78.8815,National Highway,Foggy,Dusk,18,Male,Bike,57,No,No,No,Poor Weather Visibility,Medium,2.0
ACC24236,28-07-2024,19:50,Karnataka,Belagavi,15.1486,76.2236,Village Road,Cloudy,Night,42,Male,Auto,51,Yes,Yes,No,Drunk Driving,High,1.0
ACC24237,09-03-2022,18:16,Telangana,Warangal,17.8138,79.303,City Road,Clear,Dusk,33,Male,Bike,77,Yes,No,Yes,Drunk Driving,Medium,2.0
ACC24238,09-11-2023,23:59,Tamil Nadu,Tiruchirappalli,10.5251,79.0295,City Road,Clear,Night,50,Male,Bike,41,No,No,Yes,Pothole/Bad Road,Low,2.0
ACC24239,14-07-2023,19:15,Andhra Pradesh,Kurnool,16.1536,80.0705,City Road,Clear,Night,56,Male,Car,61,Yes,No,No,Drunk Driving,Medium,2.0
ACC24240,22-10-2022,16:44,Karnataka,Hubballi,14.9138,75.9756,National Highway,Clear,Day,18,Male,Bike,78,No,Yes,No,Drowsy Driving,High,6.0
ACC24241,18-09-2022,09:01,Telangana,Hyderabad,17.9504,78.7349,State Highway,Overcast,Day,44,Female,Bike,55,No,No,No,Poor Weather Visibility,Low,0.0
ACC24242,08-06-2022,00:46,Tamil Nadu,Chennai,11.0677,79.0017,City Road,Clear,Night,34,Male,Bike,53,Yes,No,No,Drunk Driving,Medium,2.0
ACC24243,08-09-2024,08:35,Tamil Nadu,Chennai,10.9629,78.502,State Highway,Clear,Day,18,Male,Bike,59,Yes,No,No,Drunk Driving,Medium,1.0
ACC24244,09-05-2023,19:00,Telangana,Karimnagar,17.0099,78.8215,National Highway,Foggy,Night,57,Male,Auto,81,No,Yes,No,Poor Weather Visibility,High,9.0
ACC24245,27-04-2024,12:59,Tamil Nadu,Salem,11.3405,79.0767,Village Road,Cloudy,Day,31,Male,Bike,70,No,No,No,Poor Weather Visibility,Low,2.0
ACC24246,25-04-2024,19:40,Kerala,Kollam,10.5904,76.5182,National Highway,Cloudy,Night,57,Male,Auto,81,No,No,No,Over Speeding,High,2.0
ACC24247,17-07-2022,15:41,Karnataka,Mysuru,15.8701,75.4279,State Highway,Cloudy,Day,18,Male,Bike,64,No,No,No,Poor Weather Visibility,Medium,1.0
ACC24248,16-05-2022,22:37,Kerala,Ernakulam,10.3797,76.6142,Village Road,Clear,Night,24,Male,Bike,59,Yes,No,Yes,Drunk Driving,Medium,
ACC24249,10-03-2024,11:43,Kerala,Kollam,9.9641,75.8439,State Highway,Clear,Day,38,Female,Bike,51,No,No,No,Signal Jumping,Low,0.0
ACC24250,25-07-2024,06:36,Kerala,Ernakulam,9.8399,76.0238,City Road,Clear,Day,19,Male,Bus,32,No,No,No,Signal Jumping,Low,1.0