Accident_ID,Date,Time,State,District,Latitude,Longitude,Road_Type,Weather,Light_Condition,Driver_Age,Driver_Gender,Vehicle_Type,Speed_kmph,Alcohol_Involved,Driver_Drowsy,Pothole_Involved,Cause_of_Accident,Severity,Casualties
ACC24251,03-03-2024,06:10,Kerala,Kollam,10.1276,76.2427,City Road,Cloudy,Day,46,Male,Bike,54,No,No,No,Poor Weather Visibility,Low,1.0
ACC24252,07-08-2024,00:55,Andhra Pradesh,Guntur,15.1378,79.0062,City Road,Overcast,Night,47,Male,Bike,71,Yes,No,No,Drunk Driving,High,9.0
ACC24253,24-08-2024,11:26,Tamil Nadu,Chennai,11.3524,79.0072,Expressway,Clear,Day,24,Male,Bike,80,Yes,No,No,Drunk Driving,High,0.0
ACC24254,20-07-2023,18:39,Andhra Pradesh,Vijayawada,16.1034,80.3886,National Highway,Foggy,Dusk,35,Male,Bike,84,No,No,No,Poor Weather Visibility,High,
ACC24255,08-04-2022,13:31,Tamil Nadu,Salem,11.1422,78.5767,Village Road,Clear,Day,30,Male,Truck,35,No,No,Yes,Pothole/Bad Road,Low,1.0
ACC24256,27-07-2022,06:45,Telangana,Warangal,18.1299,78.6777,Expressway,Clear,Day,32,Male,Bike,77,No,No,No,Over Speeding,Medium,1.0
ACC24257,06-04-2023,20:37,Karnataka,Hubballi,15.2559,76.074,City Road,Overcast,Night,36,Female,Car,51,Yes,No,No,Drunk Driving,Low,0.0
ACC24258,07-03-2022,09:38,Andhra Pradesh,Guntur,16.1892,78.9899,National Highway,Foggy,Day,27,Male,Bike,62,No,No,No,Poor Weather Visibility,High,7.0
ACC24259,28-02-2022,07:41,Tamil Nadu,Salem,11.2752,78.1613,State Highway,Cloudy,Day,37,Male,Car,49,No,No,Yes,Pothole/Bad Road,Low,2.0
ACC24260,26-11-2024,14:03,Puducherry,Karaikal,11.7669,79.735,National Highway,Overcast,Day,38,Male,Car,74,No,No,No,Over Speeding,Medium,5.0
ACC24261,20-11-2024,01:46,Telangana,Khammam,17.8635,79.1573,Expressway,Rainy,Night,36,Male,Car,76,No,No,No,Poor Weather Visibility,High,4.0
ACC24262,18-01-2023,22:29,Telangana,Hyderabad,17.4327,79.2751,Village Road,Rainy,Night,40,Male,Bike,36,Yes,No,Yes,Poor Weather Visibility,Medium,3.0
ACC24263,10-10-2023,20:13,Telangana,Hyderabad,18.323,79.0926,Expressway,Overcast,Night,43,Female,Car,80,No,No,No,Over Speeding,Medium,2.0
ACC24264,24-04-2024,18:57,Andhra Pradesh,Guntur,16.5611,79.7776,Village Road,Overcast,Dusk,40,Male,Truck,45,No,Yes,Yes,Drowsy Driving,Low,3.0
ACC24265,02-11-2022,18:33,Tamil Nadu,Madurai,11.1276,78.0416,State Highway,Clear,Dusk,18,Male,Truck,90,Yes,Yes,Yes,Over Speeding,High,9.0
ACC24266,11-09-2024,09:16,Kerala,Kozhikode,9.9128,76.1169,National Highway,Clear,Day,36,Male,Bike,80,Yes,No,No,Drunk Driving,High,4.0
ACC24267,20-03-2022,16:00,Tamil Nadu,Coimbatore,10.9995,79.0546,City Road,Clear,Day,32,Male,Truck,52,No,Yes,Yes,Drowsy Driving,Low,1.0
ACC24268,06-09-2023,08:01,Tamil Nadu,Madurai,10.8128,78.7218,City Road,Rainy,Day,37,Male,Bike,61,Yes,No,Yes,Poor Weather Visibility,Medium,4.0
ACC24269,14-05-2022,14:03,Andhra Pradesh,Visakhapatnam,15.9477,79.6778,City Road,Clear,Day,47,Male,Car,60,No,Yes,No,Drowsy Driving,Low,2.0
ACC24270,28-01-2023,16:35,Puducherry,Karaikal,12.2629,80.2911,State Highway,Foggy,Day,46,Male,Bike,68,No,Yes,No,Poor Weather Visibility,Medium,2.0
ACC24271,07-09-2024,11:49,Puducherry,Karaikal,11.7688,79.7295,National Highway,Clear,Day,33,Female,Bus,69,No,No,No,Over Speeding,Low,0.0
ACC24272,02-09-2022,21:13,Karnataka,Bengaluru Urban,15.1767,75.3208,City Road,Clear,Night,46,Male,Bike,54,No,Yes,No,Drowsy Driving,Medium,1.0
ACC24273,29-03-2024,00:40,Tamil Nadu,Chennai,11.1058,77.6771,State Highway,Rainy,Night,47,Male,Car,34,No,Yes,No,Poor Weather Visibility,Low,0.0
ACC24274,17-03-2023,13:15,Kerala,Ernakulam,10.6614,76.354,City Road,Clear,Day,35,Male,Car,33,No,No,No,Signal Jumping,Low,2.0
ACC24275,29-12-2022,11:13,Tamil Nadu,Madurai,10.7473,78.2371,Expressway,Clear,Day,29,Male,Bike,86,No,No,No,Over Speeding,Medium,2.0
ACC24276,22-01-2022,00:37,Telangana,Warangal,18.0858,79.4971,City Road,Clear,Night,24,Male,Bike,52,No,Yes,No,Drowsy Driving,Medium,5.0
ACC24277,12-11-2024,13:52,Telangana,Karimnagar,17.9308,78.9673,City Road,Overcast,Day,25,Male,Bike,58,Yes,No,No,Drunk Driving,Medium,1.0
ACC24278,01-12-2023,09:21,Kerala,Kollam,10.4844,76.3548,Village Road,Rainy,Day,38,Female,Bike,47,Yes,No,Yes,Poor Weather Visibility,High,5.0
ACC24279,12-05-2023,23:02,Telangana,Khammam,18.7511,79.054,City Road,Rainy,Night,22,Female,Car,32,No,No,No,Poor Weather Visibility,Medium,3.0
ACC24280,23-06-2023,19:32,Tamil Nadu,Chennai,11.6665,78.6711,City Road,Rainy,Night,59,Male,Car,54,Yes,No,No,Poor Weather Visibility,High,9.0
ACC24281,27-06-2024,20:29,Telangana,Nizamabad,17.9381,78.5509,City Road,Clear,Night,36,Male,Truck,39,No,Yes,No,Drowsy Driving,Low,0.0
ACC24282,02-06-2024,11:15,Karnataka,Hubballi,15.7338,75.9132,National Highway,Clear,Day,47,Male,Bike,52,No,No,No,Signal Jumping,Low,1.0
ACC24283,18-11-2023,10:17,Kerala,Ernakulam,9.8394,76.0573,State Highway,Rainy,Day,49,Male,Auto,56,No,No,No,Poor Weather Visibility,Low,1.0
ACC24284,10-03-2023,06:21,Telangana,Nizamabad,18.4095,78.8256,National Highway,Overcast,Day,29,Male,Bike,59,No,No,No,Poor Weather Visibility,Low,0.0
ACC24285,25-05-2023,12:19,Kerala,Ernakulam,11.0683,75.8046,City Road,Clear,Day,38,Male,Car,60,No,No,No,Signal Jumping,Low,2.0
ACC24286,29-06-2023,11:26,Telangana,Khammam,17.178,79.4131,State Highway,Rainy,Day,44,Male,Bike,53,No,No,Yes,Poor Weather Visibility,Medium,1.0
ACC24287,01-09-2022,22:03,Tamil Nadu,Salem,11.1358,78.4733,Village Road,Clear,Night,44,Male,Truck,43,No,No,No,Signal Jumping,Low,0.0
ACC24288,27-04-2023,08:49,Tamil Nadu,Chennai,11.0657,78.263,City Road,Cloudy,Day,31,Female,Auto,41,No,No,No,Poor Weather Visibility,Low,2.0
ACC24289,07-02-2024,09:14,Telangana,Khammam,18.216,78.7401,Village Road,Clear,Day,40,Male,Truck,39,No,No,Yes,Pothole/Bad Road,Low,
ACC24290,30-10-2023,22:51,Telangana,Khammam,18.2054,78.7067,Expressway,Foggy,Night,46,Male,Bus,92,No,No,No,Poor Weather Visibility,High,7.0
ACC24291,12-10-2022,08:27,Telangana,Nizamabad,17.7785,79.5057,National Highway,Clear,Day,23,Male,Auto,88,Yes,No,No,Over Speeding,High,8.0
ACC24292,24-03-2023,20:33,Kerala,Ernakulam,10.3829,76.7224,State Highway,Cloudy,Night,50,Male,Auto,52,No,No,No,Poor Weather Visibility,Low,1.0
ACC24293,10-12-2023,03:00,Tamil Nadu,Salem,10.8237,79.2632,State Highway,Rainy,Night,28,Male,Car,77,No,Yes,No,Poor Weather Visibility,High,5.0
ACC24294,29-08-2024,12:57,Tamil Nadu,Chennai,11.5835,78.8137,Expressway,Overcast,Day,52,Male,Bike,97,No,No,No,Over Speeding,High,5.0
ACC24295,19-02-2023,21:04,Telangana,Karimnagar,17.8577,78.7051,State Highway,Clear,Night,44,Male,Car,64,No,No,No,Signal Jumping,Medium,
ACC24296,12-11-2024,15:19,Telangana,Hyderabad,18.0653,79.0808,Expressway,Clear,Day,40,Male,Bus,82,No,No,No,Over Speeding,Medium,4.0
ACC24297,18-03-2024,15:04,Karnataka,Belagavi,15.0055,75.1974,Village Road,Clear,Day,26,Male,Car,52,No,Yes,Yes,Drowsy Driving,Medium,5.0
ACC24298,01-08-2022,15:44,Andhra Pradesh,Guntur,15.6763,79.9855,Village Road,Clear,Day,38,Female,Bus,52,No,No,Yes,Pothole/Bad Road,Low,1.0
ACC24299,06-04-2023,11:18,Kerala,Thiruvananthapuram,10.8452,75.7683,National Highway,Clear,Day,45,Male,Bus,76,Yes,No,No,Drunk Driving,High,3.0
ACC24300,06-08-2023,21:08,Kerala,Thrissur,10.4288,76.1358,State Highway,Rainy,Night,46,Male,Car,70,No,No,Yes,Poor Weather Visibility,Medium,4.0
ACC24301,09-03-2022,16:35,Kerala,Ernakulam,9.8264,76.3082,City Road,Clear,Day,56,Male,Car,48,No,No,No,Poor Weather Visibility,Low,0.0
ACC24302,21-03-2023,19:51,Kerala,Ernakulam,10.1207,76.2651,National Highway,Rainy,Night,24,Male,Truck,73,Yes,No,No,Poor Weather Visibility,High,3.0
ACC24303,15-11-2022,10:38,Tamil Nadu,Coimbatore,11.1726,78.2714,State Highway,Cloudy,Day,18,Male,Bus,57,No,No,No,Poor Weather Visibility,Medium,4.0
ACC24304,25-03-2023,18:33,Tamil Nadu,Chennai,11.6707,78.4365,National Highway,Rainy,Dusk,25,Male,Bus,107,Yes,Yes,No,Over Speeding,High,4.0
ACC24305,03-07-2022,21:23,Tamil Nadu,Salem,11.1779,77.7769,Expressway,Cloudy,Night,40,Male,Bike,77,No,No,No,Over Speeding,High,7.0
ACC24306,06-07-2023,15:04,Karnataka,Mangaluru,15.1978,75.914,Village Road,Clear,Day,38,Male,Truck,46,No,Yes,No,Drowsy Driving,Low,0.0
ACC24307,14-03-2023,22:24,Karnataka,Bengaluru Urban,14.8141,76.3604,Village Road,Cloudy,Night,25,Female,Truck,52,No,No,Yes,Pothole/Bad Road,Medium,4.0
ACC24308,29-03-2023,17:59,Puducherry,Karaikal,11.2882,79.5751,State Highway,Foggy,Dusk,32,Female,Car,73,Yes,Yes,No,Poor Weather Visibility,High,6.0
ACC24309,27-06-2024,20:39,Telangana,Karimnagar,17.8369,78.9077,Village Road,Cloudy,Night,27,Female,Bus,58,Yes,No,No,Drunk Driving,Medium,3.0
ACC24310,21-11-2024,15:06,Andhra Pradesh,Vijayawada,16.1089,80.1764,Expressway,Clear,Day,50,Male,Car,90,No,No,No,Over Speeding,Medium,2.0
ACC24311,28-03-2022,20:29,Karnataka,Hubballi,15.4094,75.0238,Village Road,Clear,Night,18,Male,Bike,70,No,Yes,No,Drowsy Driving,High,7.0
ACC24312,13-07-2024,20:17,Kerala,Thrissur,10.3723,76.6265,City Road,Foggy,Night,27,Male,Bike,52,Yes,No,No,Poor Weather Visibility,Medium,2.0
ACC24313,07-09-2022,19:24,Kerala,Thrissur,10.8326,76.9512,City Road,Clear,Night,20,Male,Truck,68,No,Yes,No,Drowsy Driving,Medium,4.0
ACC24314,27-02-2022,18:31,Karnataka,Mysuru,15.4335,75.4477,City Road,Foggy,Dusk,43,Male,Bike,31,No,No,No,Poor Weather Visibility,Low,1.0
ACC24315,03-11-2024,17:03,Telangana,Karimnagar,18.256,79.1893,City Road,Cloudy,Dusk,24,Male,Bike,59,No,No,No,Poor Weather Visibility,Medium,2.0
ACC24316,20-05-2024,19:56,Andhra Pradesh,Visakhapatnam,16.0183,79.9088,Village Road,Overcast,Night,39,Male,Bike,64,No,Yes,No,Drowsy Driving,Medium,3.0
ACC24317,20-06-2022,19:25,Andhra Pradesh,Nellore,16.3544,79.6332,Village Road,Cloudy,Night,23,Female,Bus,46,No,No,No,Poor Weather Visibility,Low,0.0
ACC24318,25-07-2023,07:10,Karnataka,Hubballi,14.9549,75.4415,Village Road,Clear,Day,58,Male,Bike,35,No,No,No,Signal Jumping,Low,0.0
ACC24319,25-07-2022,10:46,Karnataka,Mangaluru,15.2457,75.8601,National Highway,Clear,Day,40,Female,Truck,63,Yes,No,No,Drunk Driving,Medium,1.0
ACC24320,26-11-2022,15:01,Karnataka,Mangaluru,16.0684,75.4432,Village Road,Cloudy,Day,43,Male,Car,51,No,No,No,Poor Weather Visibility,Low,0.0
ACC24321,18-09-2023,06:16,Andhra Pradesh,Nellore,16.5846,79.4455,National Highway,Overcast,Day,53,Male,Bike,61,No,No,No,Poor Weather Visibility,Low,1.0
ACC24322,28-01-2023,15:27,Andhra Pradesh,Kurnool,16.4647,79.675,City Road,Cloudy,Day,37,Male,Bike,36,No,No,No,Poor Weather Visibility,Low,1.0
ACC24323,14-05-2024,11:48,Telangana,Karimnagar,17.3711,79.5123,National Highway,Clear,Day,18,Female,Car,98,Yes,No,No,Over Speeding,High,6.0
ACC24324,31-08-2022,04:07,Kerala,Kozhikode,9.9858,76.2139,State Highway,Cloudy,Night,45,Male,Bike,79,Yes,No,No,Drunk Driving,High,5.0
ACC24325,04-08-2024,18:16,Karnataka,Bengaluru Urban,15.2635,75.7912,Expressway,Cloudy,Dusk,37,Male,Bike,95,Yes,No,No,Over Speeding,High,2.0
ACC24326,18-01-2023,21:32,Telangana,Hyderabad,17.8805,79.4686,City Road,Clear,Night,47,Male,Car,43,No,No,Yes,Pothole/Bad Road,Low,3.0
ACC24327,19-10-2022,17:06,Andhra Pradesh,Guntur,15.8034,79.8271,National Highway,Overcast,Dusk,18,Female,Bike,90,No,No,Yes,Over Speeding,High,12.0
ACC24328,25-09-2023,07:22,Puducherry,Karaikal,11.2573,80.3416,Village Road,Clear,Day,45,Male,Bike,36,No,No,Yes,Pothole/Bad Road,Low,0.0
ACC24329,17-05-2022,15:14,Karnataka,Belagavi,15.1784,76.0122,Expressway,Clear,Day,25,Male,Bike,76,No,No,No,Over Speeding,Low,2.0
ACC24330,26-03-2022,07:56,Tamil Nadu,Chennai,11.3688,78.4021,Village Road,Rainy,Day,19,Female,Auto,46,No,No,No,Poor Weather Visibility,Low,0.0
ACC24331,21-02-2023,01:10,Telangana,Hyderabad,17.5197,79.1924,Village Road,Cloudy,Night,37,Male,Bike,42,No,No,No,Poor Weather Visibility,Low,0.0
ACC24332,16-04-2022,07:54,Tamil Nadu,Salem,11.757,78.9717,State Highway,Cloudy,Day,23,Male,Truck,77,No,Yes,No,Drowsy Driving,Medium,5.0
ACC24333,13-07-2022,07:54,Tamil Nadu,Coimbatore,10.8881,78.6705,State Highway,Clear,Day,48,Female,Auto,83,No,No,No,Over Speeding,Medium,1.0
ACC24334,21-10-2024,10:37,Kerala,Thrissur,10.3238,76.3719,Village Road,Clear,Day,64,Male,Auto,44,Yes,No,No,Drunk Driving,Low,1.0
ACC24335,12-08-2023,14:23,Andhra Pradesh,Visakhapatnam,16.2472,79.8614,City Road,Clear,Day,40,Male,Car,21,No,No,No,Signal Jumping,Low,1.0
ACC24336,29-02-2024,21:59,Karnataka,Mysuru,15.5264,76.2984,National Highway,Clear,Night,28,Female,Auto,75,Yes,No,No,Drunk Driving,High,7.0
ACC24337,24-07-2024,16:49,Tamil Nadu,Salem,11.1014,78.0824,Village Road,Clear,Day,33,Male,Bike,42,No,No,Yes,Pothole/Bad Road,Low,2.0
ACC24338,08-12-2023,13:25,Kerala,Thrissur,10.056,75.874,City Road,Clear,Day,35,Male,Truck,35,No,No,No,Signal Jumping,Low,1.0
ACC24339,09-08-2023,16:06,Andhra Pradesh,Guntur,16.8506,79.514,State Highway,Clear,Day,26,Male,Auto,58,No,No,No,Signal Jumping,Low,1.0
ACC24340,07-05-2022,14:00,Puducherry,Karaikal,11.9773,79.6664,City Road,Clear,Day,47,Female,Bus,58,No,No,No,Signal Jumping,Low,0.0
ACC24341,13-05-2022,18:42,Karnataka,Hubballi,15.4762,76.1384,State Highway,Clear,Dusk,40,Male,Truck,61,No,No,No,Signal Jumping,Low,0.0
ACC24342,19-08-2024,11:42,Karnataka,Belagavi,15.6665,75.3897,State Highway,Cloudy,Day,26,Male,Bus,68,No,No,Yes,Signal Jumping,Medium,3.0
ACC24343,11-05-2022,23:28,Andhra Pradesh,Nellore,16.1638,79.791,National Highway,Cloudy,Night,54,Male,Car,74,No,No,No,Over Speeding,Medium,5.0
ACC24344,03-04-2024,20:52,Telangana,Khammam,17.6452,79.0142,City Road,Clear,Night,42,Male,Car,33,No,No,No,Poor Weather Visibility,Low,1.0
ACC24345,04-08-2022,19:15,Karnataka,Mangaluru,15.6973,76.1869,City Road,Clear,Night,22,Male,Auto,59,No,No,No,Signal Jumping,Medium,2.0
ACC24346,21-12-2022,12:39,Tamil Nadu,Salem,11.6506,78.0962,City Road,Cloudy,Day,35,Male,Truck,59,No,No,No,Poor Weather Visibility,Low,1.0
ACC24347,15-01-2023,17:34,Karnataka,Belagavi,15.4694,75.3477,Expressway,Clear,Dusk,62,Female,Car,62,No,No,No,Over Speeding,Low,0.0
ACC24348,14-04-2023,22:36,Karnataka,Mangaluru,15.6664,76.0797,State Highway,Clear,Night,36,Female,Auto,51,No,No,No,Signal Jumping,Low,0.0
ACC24349,22-02-2022,20:19,Kerala,Ernakulam,10.1242,77.1041,Village Road,Rainy,Night,48,Male,Car,46,Yes,Yes,Yes,Poor Weather Visibility,Medium,0.0
ACC24350,20-06-2022,15:42,Tamil Nadu,Madurai,11.1572,78.5721,City Road,Cloudy,Day,28,Female,Car,50,No,No,Yes,Pothole/Bad Road,Low,1.0
ACC24351,08-11-2024,11:10,Tamil Nadu,Chennai,11.0801,78.5679,National Highway,Clear,Day,46,Male,Bike,85,No,Yes,No,Over Speeding,High,6.0
ACC24352,14-09-2024,00:40,Puducherry,Puducherry,11.622,79.7316,State Highway,Overcast,Night,38,Female,Bike,48,No,No,No,Signal Jumping,Low,0.0
ACC24353,27-09-2024,09:00,Kerala,Thrissur,10.5242,76.8344,Village Road,Clear,Day,27,Female,Car,40,No,No,No,Signal Jumping,Low,0.0
ACC24354,22-10-2022,08:39,Tamil Nadu,Coimbatore,11.1037,78.5848,City Road,Foggy,Day,18,Male,Car,46,No,Yes,No,Poor Weather Visibility,Medium,8.0
ACC24355,14-08-2022,00:12,Andhra Pradesh,Visakhapatnam,16.2199,80.0058,Expressway,Overcast,Night,51,Male,Car,74,No,No,No,Over Speeding,High,5.0
ACC24356,12-12-2023,16:31,Tamil Nadu,Madurai,11.3497,78.4124,National Highway,Cloudy,Day,31,Female,Bus,79,Yes,Yes,No,Drunk Driving,High,5.0
ACC24357,10-12-2024,19:48,Karnataka,Mysuru,15.6554,75.397,Village Road,Rainy,Night,53,Female,Bike,31,No,No,No,Poor Weather Visibility,Low,0.0
ACC24358,31-03-2022,13:40,Kerala,Thiruvananthapuram,9.9477,77.0027,State Highway,Cloudy,Day,72,Male,Auto,80,Yes,No,No,Drunk Driving,High,10.0
ACC24359,25-06-2023,15:44,Andhra Pradesh,Kurnool,16.1681,80.1436,City Road,Rainy,Day,28,Female,Bike,50,No,No,No,Poor Weather Visibility,Low,2.0
ACC24360,16-11-2024,07:04,Puducherry,Puducherry,12.394,79.621,State Highway,Rainy,Day,56,Male,Bike,68,Yes,No,Yes,Poor Weather Visibility,High,9.0
ACC24361,20-03-2023,11:32,Karnataka,Bengaluru Urban,15.1814,75.5083,State Highway,Clear,Day,57,Male,Auto,54,No,No,Yes,Pothole/Bad Road,Low,1.0
ACC24362,22-09-2024,16:49,Tamil Nadu,Coimbatore,10.9967,78.0251,National Highway,Rainy,Day,35,Male,Car,92,Yes,Yes,No,Over Speeding,High,10.0
ACC24363,15-04-2024,20:28,Tamil Nadu,Chennai,11.3885,79.0255,National Highway,Clear,Night,62,Male,Car,75,No,No,No,Over Speeding,Low,2.0
ACC24364,19-09-2024,23:59,Karnataka,Mysuru,15.8579,76.0755,National Highway,Cloudy,Night,33,Female,Bike,81,Yes,No,No,Drunk Driving,High,6.0
ACC24365,05-05-2022,21:37,Tamil Nadu,Coimbatore,11.0391,78.3019,State Highway,Rainy,Night,42,Male,Car,57,No,No,No,Poor Weather Visibility,Medium,5.0
ACC24366,23-01-2024,11:03,Karnataka,Mysuru,15.3542,74.9048,City Road,Overcast,Day,22,Female,Auto,57,No,No,No,Poor Weather Visibility,Low,2.0
ACC24367,17-06-2022,13:49,Karnataka,Mysuru,15.4149,75.8462,State Highway,Clear,Day,44,Female,Bike,82,No,No,No,Over Speeding,Medium,3.0
ACC24368,31-10-2024,18:57,Telangana,Karimnagar,17.9004,79.0298,Village Road,Overcast,Dusk,39,Male,Bike,42,No,No,No,Poor Weather Visibility,Low,1.0
ACC24369,03-11-2022,16:55,Telangana,Khammam,18.6321,79.4654,Expressway,Clear,Day,37,Male,Car,90,No,No,No,Over Speeding,High,1.0
ACC24370,25-11-2024,14:59,Karnataka,Hubballi,15.8023,75.5475,City Road,Cloudy,Day,70,Female,Bike,54,No,No,No,Poor Weather Visibility,Low,4.0
ACC24371,22-08-2024,14:52,Karnataka,Bengaluru Urban,15.5901,75.6603,National Highway,Clear,Day,47,Male,Bus,87,Yes,No,No,Over Speeding,High,4.0
ACC24372,19-08-2022,18:10,Telangana,Warangal,18.5184,78.7759,City Road,Clear,Dusk,39,Male,Bike,34,No,No,No,Signal Jumping,Low,0.0
ACC24373,11-12-2023,14:44,Andhra Pradesh,Visakhapatnam,15.6245,80.6862,State Highway,Rainy,Day,41,Male,Bike,47,No,No,No,Poor Weather Visibility,Low,1.0
ACC24374,14-10-2023,21:05,Telangana,Warangal,17.9241,79.2119,State Highway,Cloudy,Night,39,Male,Bike,69,No,No,No,Poor Weather Visibility,Medium,3.0
ACC24375,07-01-2024,19:15,Karnataka,Belagavi,15.339,76.1576,State Highway,Clear,Night,42,Female,Truck,67,No,Yes,Yes,Drowsy Driving,Medium,2.0
ACC24376,15-02-2022,11:53,Tamil Nadu,Chennai,11.138,78.4251,City Road,Rainy,Day,47,Female,Bike,76,No,No,No,Poor Weather Visibility,Medium,4.0
ACC24377,11-03-2022,12:15,Karnataka,Hubballi,15.2859,76.1143,Village Road,Rainy,Day,33,Male,Truck,31,No,Yes,Yes,Poor Weather Visibility,Low,2.0
ACC24378,18-06-2022,17:14,Tamil Nadu,Salem,11.1436,79.039,State Highway,Cloudy,Dusk,30,Male,Car,62,No,No,No,Poor Weather Visibility,Medium,2.0
ACC24379,25-11-2023,18:16,Andhra Pradesh,Visakhapatnam,16.0889,79.6265,State Highway,Cloudy,Dusk,24,Male,Bus,72,No,No,No,Poor Weather Visibility,Medium,2.0
ACC24380,03-05-2022,17:37,Kerala,Kollam,10.3053,76.4321,Village Road,Cloudy,Dusk,25,Male,Car,37,Yes,No,Yes,Drunk Driving,Low,1.0
ACC24381,06-04-2022,18:38,Tamil Nadu,Coimbatore,10.9831,79.4026,City Road,Foggy,Dusk,22,Female,Car,53,No,No,No,Poor Weather Visibility,Medium,2.0
ACC24382,27-05-2022,07:56,Telangana,Hyderabad,17.7141,79.1308,National Highway,Clear,Day,23,Female,Bike,41,No,No,No,Signal Jumping,Low,0.0
ACC24383,30-08-2023,15:31,Andhra Pradesh,Visakhapatnam,16.3062,79.4507,State Highway,Cloudy,Day,61,Male,Car,59,No,No,Yes,Pothole/Bad Road,Low,0.0
ACC24384,29-10-2024,18:42,Karnataka,Mangaluru,15.7427,75.9789,City Road,Clear,Dusk,48,Male,Car,44,No,Yes,No,Drowsy Driving,Low,2.0
ACC24385,02-02-2024,13:59,Karnataka,Belagavi,15.8731,75.306,National Highway,Rainy,Day,51,Male,Bike,77,No,No,No,Poor Weather Visibility,Medium,0.0
ACC24386,30-05-2022,06:49,Kerala,Thiruvananthapuram,9.9443,76.5555,City Road,Overcast,Day,29,Male,Bike,35,No,No,Yes,Pothole/Bad Road,Low,0.0
ACC24387,23-10-2022,12:38,Andhra Pradesh,Vijayawada,15.8959,79.3399,National Highway,Foggy,Day,37,Male,Car,77,No,No,No,Poor Weather Visibility,Medium,1.0
ACC24388,20-02-2024,05:32,Kerala,Kollam,10.338,76.243,National Highway,Foggy,Dawn,18,Female,Truck,75,No,No,No,Poor Weather Visibility,High,5.0
ACC24389,19-09-2023,15:38,Telangana,Karimnagar,18.4878,79.0098,State Highway,Clear,Day,27,Male,Auto,69,Yes,No,No,Drunk Driving,High,10.0
ACC24390,02-12-2022,16:31,Andhra Pradesh,Vijayawada,15.7331,79.1607,City Road,Rainy,Day,43,Female,Bus,66,No,No,No,Poor Weather Visibility,Medium,2.0
ACC24391,11-03-2024,15:51,Karnataka,Mangaluru,15.4868,75.4097,State Highway,Cloudy,Day,32,Male,Car,79,No,No,No,Over Speeding,Medium,1.0
ACC24392,07-07-2022,16:41,Andhra Pradesh,Kurnool,15.762,80.3781,City Road,Clear,Day,31,Male,Car,62,Yes,Yes,Yes,Drunk Driving,Medium,4.0
ACC24393,22-09-2024,13:01,Kerala,Kollam,9.845,76.2732,City Road,Clear,Day,18,Male,Truck,64,Yes,Yes,No,Drunk Driving,Medium,2.0
ACC24394,19-07-2022,11:53,Tamil Nadu,Chennai,11.6067,78.3332,City Road,Rainy,Day,62,Male,Auto,54,No,No,No,Poor Weather Visibility,Low,0.0
ACC24395,24-07-2024,08:57,Andhra Pradesh,Visakhapatnam,15.109,79.2281,City Road,Rainy,Day,18,Male,Bike,54,No,No,No,Poor Weather Visibility,Medium,3.0
ACC24396,24-04-2022,20:31,Telangana,Karimnagar,17.9241,79.0804,National Highway,Clear,Night,36,Male,Bike,84,No,Yes,No,Over Speeding,High,7.0
ACC24397,08-03-2022,07:37,Kerala,Ernakulam,10.7356,77.164,City Road,Rainy,Day,18,Male,Bike,52,No,No,Yes,Poor Weather Visibility,Medium,2.0
ACC24398,04-12-2024,08:35,Kerala,Thrissur,9.6005,75.6672,State Highway,Rainy,Day,35,Male,Car,49,No,No,No,Poor Weather Visibility,Low,1.0
ACC24399,25-10-2024,19:40,Tamil Nadu,Madurai,10.4651,78.8894,City Road,Clear,Night,39,Male,Truck,43,No,No,No,Signal Jumping,Medium,0.0
ACC24400,26-06-2024,19:06,Tamil Nadu,Salem,11.0385,78.5103,National Highway,Cloudy,Night,29,Female,Bike,80,Yes,No,No,Drunk Driving,High,5.0
ACC24401,03-08-2024,21:49,Karnataka,Hubballi,15.3388,75.8536,City Road,Clear,Night,18,Male,Bike,69,Yes,Yes,No,Drunk Driving,High,10.0
ACC24402,27-01-2024,11:13,Telangana,Karimnagar,18.3007,79.4971,City Road,Clear,Day,18,Female,Auto,47,No,No,Yes,Pothole/Bad Road,Low,0.0
ACC24403,30-11-2024,19:35,Tamil Nadu,Chennai,11.4417,78.4014,Village Road,Cloudy,Night,50,Male,Bike,48,Yes,No,No,Drunk Driving,Medium,5.0
ACC24404,21-01-2023,13:16,Karnataka,Bengaluru Urban,15.7224,75.44,National Highway,Cloudy,Day,52,Male,Car,65,No,No,No,Signal Jumping,Low,1.0
ACC24405,05-04-2022,14:35,Andhra Pradesh,Guntur,16.2495,79.8344,Village Road,Clear,Day,45,Male,Bike,33,No,No,Yes,Pothole/Bad Road,Low,0.0
ACC24406,10-09-2022,15:18,Telangana,Karimnagar,18.3524,78.7045,State Highway,Clear,Day,20,Male,Car,71,Yes,No,No,Drunk Driving,Medium,3.0
ACC24407,29-01-2023,22:28,Telangana,Warangal,18.4852,80.008,Village Road,Clear,Night,42,Female,Car,47,No,No,No,Poor Weather Visibility,Low,0.0
ACC24408,02-10-2024,00:39,Andhra Pradesh,Nellore,15.2992,80.1684,City Road,Clear,Night,50,Female,Bike,50,Yes,No,Yes,Drunk Driving,Medium,1.0