Accident_ID,Date,Time,State,District,Latitude,Longitude,Road_Type,Weather,Light_Condition,Driver_Age,Driver_Gender,Vehicle_Type,Speed_kmph,Alcohol_Involved,Driver_Drowsy,Pothole_Involved,Cause_of_Accident,Severity,Casualties
ACC24409,28-05-2024,10:44,Tamil Nadu,Madurai,11.6832,78.5644,National Highway,Clear,Day,57,Female,Auto,62,No,No,No,Over Speeding,Low,1.0
ACC24410,29-09-2024,07:13,Karnataka,Mysuru,15.145,75.1855,State Highway,Overcast,Day,31,Male,Bus,50,No,No,Yes,Pothole/Bad Road,Low,0.0
ACC24411,26-06-2022,04:36,Telangana,Nizamabad,18.3829,78.6105,City Road,Rainy,Night,29,Male,Bike,68,Yes,No,Yes,Poor Weather Visibility,High,8.0
ACC24412,05-11-2024,08:26,Karnataka,Bengaluru Urban,15.7867,75.9679,City Road,Clear,Day,22,Female,Bike,61,No,No,Yes,Pothole/Bad Road,Medium,2.0
ACC24413,31-10-2024,17:30,Tamil Nadu,Chennai,12.0237,78.5341,National Highway,Clear,Dusk,18,Male,Bike,57,No,No,No,Signal Jumping,Medium,1.0
ACC24414,30-05-2024,12:15,Telangana,Nizamabad,17.6389,79.0416,City Road,Clear,Day,37,Male,Bus,48,No,No,Yes,Pothole/Bad Road,Low,1.0
ACC24415,25-03-2022,18:22,Telangana,Khammam,17.7975,78.8751,State Highway,Clear,Dusk,41,Male,Bike,64,Yes,No,No,Drunk Driving,Medium,6.0
ACC24416,18-04-2022,15:46,Andhra Pradesh,Visakhapatnam,16.6206,79.8475,City Road,Clear,Day,30,Female,Car,44,No,No,No,Poor Weather Visibility,Low,1.0
ACC24417,09-07-2023,22:09,Tamil Nadu,Tiruchirappalli,11.1769,78.5253,State Highway,Clear,Night,30,Male,Auto,44,No,No,No,Signal Jumping,Low,0.0
ACC24418,18-12-2023,17:22,Andhra Pradesh,Guntur,16.5616,79.5823,City Road,Overcast,Dusk,36,Male,Auto,46,No,No,No,Poor Weather Visibility,Low,0.0
ACC24419,26-04-2024,18:45,Tamil Nadu,Salem,11.7318,78.7326,City Road,Foggy,Dusk,19,Male,Bus,56,No,No,No,Poor Weather Visibility,Medium,4.0
ACC24420,04-07-2022,19:06,Karnataka,Mangaluru,15.6041,75.5009,National Highway,Clear,Night,35,Female,Bike,81,Yes,No,No,Drunk Driving,High,9.0
ACC24421,03-12-2022,21:32,Tamil Nadu,Tiruchirappalli,11.8201,79.1756,State Highway,Overcast,Night,49,Female,Bike,85,Yes,Yes,No,Drunk Driving,High,6.0
ACC24422,07-03-2024,10:07,Tamil Nadu,Chennai,10.5073,78.5074,National Highway,Clear,Day,60,Male,Car,83,No,No,No,Over Speeding,High,3.0
ACC24423,05-10-2022,22:07,Telangana,Hyderabad,17.6244,79.0801,Village Road,Clear,Night,32,Male,Car,56,No,Yes,No,Drowsy Driving,Low,1.0
ACC24424,24-05-2024,21:47,Andhra Pradesh,Vijayawada,15.794,79.1747,Expressway,Cloudy,Night,40,Female,Bus,97,Yes,No,No,Over Speeding,High,6.0
ACC24425,25-08-2022,08:13,Andhra Pradesh,Nellore,15.8361,79.3787,Village Road,Rainy,Day,51,Male,Car,44,No,Yes,No,Poor Weather Visibility,Low,2.0
ACC24426,02-11-2022,10:35,Kerala,Ernakulam,10.3654,76.1427,State Highway,Rainy,Day,30,Male,Truck,64,No,No,No,Poor Weather Visibility,Medium,5.0
ACC24427,29-05-2024,13:45,Tamil Nadu,Madurai,11.0713,78.5784,City Road,Clear,Day,42,Male,Bus,69,No,No,No,Signal Jumping,Medium,3.0
ACC24428,06-05-2022,05:49,Tamil Nadu,Chennai,11.4518,78.1115,Village Road,Cloudy,Dawn,23,Male,Car,31,No,No,Yes,Pothole/Bad Road,Low,1.0
ACC24429,08-03-2022,09:48,Karnataka,Hubballi,14.8702,75.8138,State Highway,Overcast,Day,54,Male,Car,70,No,No,No,Poor Weather Visibility,Medium,6.0
ACC24430,26-08-2022,12:34,Telangana,Karimnagar,18.6941,79.0172,National Highway,Clear,Day,45,Male,Bike,69,No,No,No,Over Speeding,Medium,2.0
ACC24431,29-12-2023,15:26,Kerala,Kozhikode,10.1605,76.3515,Village Road,Clear,Day,45,Male,Bike,42,No,Yes,Yes,Drowsy Driving,Low,0.0
ACC24432,03-07-2024,00:13,Tamil Nadu,Salem,11.3321,78.8425,State Highway,Clear,Night,32,Male,Bike,65,Yes,No,No,Drunk Driving,Medium,5.0
ACC24433,05-08-2022,16:56,Karnataka,Bengaluru Urban,15.569,75.6264,City Road,Clear,Day,67,Male,Bike,38,No,No,No,Signal Jumping,Low,0.0
ACC24434,12-09-2022,18:56,Karnataka,Bengaluru Urban,14.3652,75.6966,State Highway,Cloudy,Dusk,39,Male,Car,58,Yes,No,No,Drunk Driving,Low,2.0
ACC24435,06-11-2022,13:37,Tamil Nadu,Coimbatore,10.4478,78.1059,City Road,Overcast,Day,22,Male,Car,30,No,No,No,Signal Jumping,Low,0.0
ACC24436,26-07-2022,15:08,Tamil Nadu,Chennai,11.6386,78.3284,National Highway,Clear,Day,18,Male,Car,58,No,No,Yes,Pothole/Bad Road,Low,0.0
ACC24437,12-08-2022,23:26,Kerala,Ernakulam,10.7024,76.4267,City Road,Clear,Night,49,Male,Car,54,No,Yes,No,Drowsy Driving,Low,1.0
ACC24438,20-02-2023,20:43,Telangana,Karimnagar,17.7218,79.1158,National Highway,Foggy,Night,37,Male,Bike,76,No,No,Yes,Poor Weather Visibility,High,8.0
ACC24439,01-08-2023,14:14,Tamil Nadu,Tiruchirappalli,10.8032,78.9872,National Highway,Rainy,Day,30,Male,Car,54,No,No,No,Poor Weather Visibility,Low,0.0
ACC24440,14-08-2023,02:22,Karnataka,Belagavi,15.8142,75.1372,Expressway,Clear,Night,18,Female,Car,90,No,Yes,No,Over Speeding,High,7.0
ACC24441,29-07-2024,20:08,Telangana,Karimnagar,17.3124,79.3512,National Highway,Clear,Night,35,Female,Bus,93,Yes,No,No,Over Speeding,High,6.0
ACC24442,21-04-2022,13:19,Kerala,Ernakulam,10.1984,76.2608,State Highway,Cloudy,Day,39,Male,Car,71,No,No,No,Poor Weather Visibility,Low,0.0
ACC24443,18-12-2024,20:53,Andhra Pradesh,Vijayawada,15.6913,79.8283,State Highway,Clear,Night,36,Female,Car,77,Yes,No,No,Drunk Driving,High,2.0
ACC24444,02-09-2022,18:48,Andhra Pradesh,Guntur,15.8124,79.4908,City Road,Clear,Dusk,40,Male,Auto,52,Yes,No,No,Drunk Driving,Medium,8.0
ACC24445,26-07-2024,20:08,Telangana,Warangal,18.0958,79.1103,Expressway,Rainy,Night,51,Male,Bus,101,No,Yes,No,Over Speeding,High,5.0
ACC24446,12-11-2023,06:53,Tamil Nadu,Madurai,11.4428,77.9774,Village Road,Rainy,Day,46,Male,Bike,34,No,No,Yes,Poor Weather Visibility,Medium,1.0
ACC24447,16-10-2023,21:01,Kerala,Thiruvananthapuram,10.8489,76.3738,Village Road,Cloudy,Night,44,Male,Car,53,Yes,No,No,Drunk Driving,Medium,3.0
ACC24448,03-11-2022,17:43,Tamil Nadu,Chennai,11.2872,78.98,City Road,Clear,Dusk,30,Female,Auto,43,No,No,No,Poor Weather Visibility,Low,3.0
ACC24449,24-10-2023,16:16,Tamil Nadu,Madurai,11.0806,78.6831,National Highway,Rainy,Day,33,Male,Bike,71,No,No,No,Poor Weather Visibility,High,6.0
ACC24450,26-11-2023,09:34,Tamil Nadu,Chennai,11.9149,78.8028,City Road,Clear,Day,34,Female,Bike,54,No,No,No,Signal Jumping,Low,1.0
ACC24451,16-01-2023,10:10,Tamil Nadu,Coimbatore,11.4858,78.9726,City Road,Cloudy,Day,32,Female,Car,25,No,No,No,Signal Jumping,Low,1.0
ACC24452,09-10-2023,16:19,Telangana,Karimnagar,18.049,78.4514,Expressway,Clear,Day,47,Male,Car,73,No,No,No,Signal Jumping,Medium,4.0
ACC24453,16-06-2024,00:11,Tamil Nadu,Salem,10.5011,78.0015,City Road,Cloudy,Night,27,Female,Car,47,No,No,No,Poor Weather Visibility,Low,0.0
ACC24454,26-02-2023,18:35,Tamil Nadu,Salem,10.862,78.7918,City Road,Rainy,Dusk,42,Male,Car,73,No,No,No,Poor Weather Visibility,High,9.0
ACC24455,28-03-2023,08:51,Karnataka,Belagavi,14.4277,76.7108,City Road,Cloudy,Day,23,Male,Bus,56,Yes,No,No,Drunk Driving,Medium,5.0
ACC24456,12-08-2024,17:33,Andhra Pradesh,Kurnool,16.3433,79.9184,City Road,Clear,Dusk,62,Male,Bike,40,No,No,No,Signal Jumping,Low,1.0
ACC24457,22-12-2022,16:44,Kerala,Thrissur,10.4353,77.1342,National Highway,Clear,Day,22,Male,Bike,74,No,No,No,Over Speeding,Medium,1.0
ACC24458,31-10-2024,00:25,Kerala,Kozhikode,9.8317,76.3453,City Road,Rainy,Night,41,Male,Auto,38,No,Yes,Yes,Poor Weather Visibility,Medium,5.0
ACC24459,06-07-2023,09:36,Andhra Pradesh,Visakhapatnam,15.4549,79.3632,Village Road,Cloudy,Day,28,Male,Bike,70,No,No,Yes,Pothole/Bad Road,High,5.0
ACC24460,19-11-2023,08:03,Karnataka,Mysuru,15.5507,74.6348,State Highway,Rainy,Day,47,Male,Bike,51,No,No,No,Poor Weather Visibility,Low,1.0
ACC24461,15-01-2022,10:58,Telangana,Hyderabad,17.7539,79.2753,State Highway,Foggy,Day,46,Female,Truck,67,No,No,Yes,Poor Weather Visibility,Medium,1.0
ACC24462,21-03-2023,10:44,Kerala,Kozhikode,10.1051,76.7695,Expressway,Clear,Day,54,Male,Bike,83,No,No,No,Over Speeding,Medium,1.0
ACC24463,22-10-2023,18:24,Karnataka,Mysuru,14.7747,75.5877,National Highway,Cloudy,Dusk,18,Male,Bike,71,No,No,Yes,Pothole/Bad Road,High,1.0
ACC24464,27-02-2023,10:52,Karnataka,Bengaluru Urban,14.969,76.6255,City Road,Clear,Day,56,Male,Car,57,Yes,No,Yes,Drunk Driving,Medium,3.0
ACC24465,02-11-2024,18:11,Puducherry,Karaikal,12.1699,79.1835,Expressway,Clear,Dusk,42,Male,Auto,64,No,No,Yes,Pothole/Bad Road,Medium,4.0
ACC24466,08-09-2023,09:50,Telangana,Warangal,17.8862,79.0146,National Highway,Overcast,Day,31,Female,Bus,53,No,Yes,No,Drowsy Driving,Medium,3.0
ACC24467,03-11-2024,23:23,Kerala,Thiruvananthapuram,10.4601,76.7167,National Highway,Rainy,Night,31,Male,Car,82,Yes,No,No,Poor Weather Visibility,High,9.0
ACC24468,10-10-2022,04:56,Kerala,Kollam,10.0905,75.7403,State Highway,Cloudy,Night,49,Male,Bus,81,No,Yes,No,Over Speeding,High,7.0
ACC24469,09-01-2022,21:39,Kerala,Kollam,9.3636,76.4862,City Road,Clear,Night,28,Male,Truck,47,No,No,No,Signal Jumping,Low,3.0
ACC24470,02-01-2024,15:33,Tamil Nadu,Tiruchirappalli,10.8401,78.8905,State Highway,Overcast,Day,38,Male,Car,61,No,Yes,No,Drowsy Driving,Medium,2.0
ACC24471,22-11-2024,12:23,Tamil Nadu,Salem,10.7184,78.9048,National Highway,Overcast,Day,26,Male,Auto,99,Yes,Yes,No,Over Speeding,High,12.0
ACC24472,05-09-2022,21:44,Andhra Pradesh,Vijayawada,15.7668,80.2394,State Highway,Clear,Night,31,Male,Car,64,No,No,No,Over Speeding,Low,
ACC24473,14-10-2024,22:03,Andhra Pradesh,Visakhapatnam,16.538,79.7854,State Highway,Clear,Night,49,Male,Bike,70,No,No,No,Signal Jumping,Medium,7.0
ACC24474,01-08-2023,01:57,Telangana,Khammam,18.6605,78.6085,State Highway,Clear,Night,46,Male,Bus,71,No,No,No,Over Speeding,Low,
ACC24475,08-07-2022,14:49,Kerala,Thiruvananthapuram,10.7858,76.1873,Village Road,Clear,Day,34,Female,Bike,47,Yes,No,No,Drunk Driving,Medium,1.0
ACC24476,14-07-2023,23:04,Andhra Pradesh,Visakhapatnam,15.9763,79.8253,National Highway,Rainy,Night,45,Male,Car,71,Yes,No,Yes,Poor Weather Visibility,High,5.0
ACC24477,19-12-2023,03:15,Kerala,Thiruvananthapuram,10.0949,75.838,City Road,Clear,Night,38,Female,Truck,40,No,No,No,Poor Weather Visibility,Low,2.0
ACC24478,08-01-2024,16:57,Karnataka,Bengaluru Urban,15.3432,75.9017,City Road,Overcast,Day,51,Male,Bike,40,No,No,No,Poor Weather Visibility,Low,2.0
ACC24479,08-12-2022,12:23,Karnataka,Mangaluru,14.6451,74.9754,Village Road,Cloudy,Day,30,Female,Bike,24,No,No,No,Poor Weather Visibility,Low,0.0
ACC24480,12-07-2024,08:39,Telangana,Karimnagar,18.3655,79.1011,State Highway,Rainy,Day,44,Male,Bus,69,No,No,No,Poor Weather Visibility,Medium,1.0
ACC24481,30-04-2022,07:36,Telangana,Nizamabad,18.1557,78.6566,State Highway,Clear,Day,40,Male,Bike,48,No,No,No,Poor Weather Visibility,Low,0.0
ACC24482,24-08-2023,15:00,Telangana,Karimnagar,17.4313,79.7717,National Highway,Rainy,Day,35,Male,Car,52,No,No,No,Poor Weather Visibility,Low,0.0
ACC24483,06-05-2022,18:45,Kerala,Thiruvananthapuram,10.1777,76.6007,City Road,Cloudy,Dusk,50,Male,Bike,40,No,Yes,No,Drowsy Driving,Low,
ACC24484,31-07-2024,23:34,Tamil Nadu,Tiruchirappalli,10.5518,78.5521,City Road,Clear,Night,55,Male,Car,52,Yes,Yes,Yes,Drunk Driving,Medium,5.0
ACC24485,12-09-2022,22:52,Tamil Nadu,Salem,11.1107,78.0635,Village Road,Clear,Night,19,Male,Bike,37,No,No,No,Poor Weather Visibility,Low,1.0
ACC24486,12-01-2024,18:36,Telangana,Hyderabad,17.0453,79.7917,State Highway,Overcast,Dusk,18,Male,Car,72,No,No,No,Poor Weather Visibility,Medium,1.0
ACC24487,29-11-2024,00:42,Tamil Nadu,Tiruchirappalli,11.4944,78.2711,National Highway,Rainy,Night,18,Male,Bike,61,No,No,No,Poor Weather Visibility,Medium,1.0
ACC24488,10-07-2024,16:57,Karnataka,Belagavi,15.1141,75.9911,National Highway,Overcast,Day,49,Male,Car,54,No,No,No,Poor Weather Visibility,Low,0.0
ACC24489,14-03-2024,13:28,Telangana,Nizamabad,18.3011,79.2327,City Road,Cloudy,Day,27,Female,Bike,61,No,No,No,Poor Weather Visibility,Medium,0.0
ACC24490,22-10-2024,15:34,Tamil Nadu,Tiruchirappalli,11.3425,78.3918,National Highway,Clear,Day,27,Female,Bus,76,No,No,No,Over Speeding,Low,3.0
ACC24491,15-09-2022,16:31,Telangana,Khammam,17.7626,79.669,Expressway,Cloudy,Day,24,Male,Bus,75,No,No,No,Over Speeding,Medium,4.0
ACC24492,22-04-2024,10:54,Tamil Nadu,Tiruchirappalli,11.0296,78.2634,City Road,Rainy,Day,42,Female,Auto,65,Yes,No,No,Poor Weather Visibility,High,5.0
ACC24493,26-05-2023,09:08,Telangana,Hyderabad,18.0933,78.3617,State Highway,Clear,Day,48,Male,Bike,52,No,No,No,Poor Weather Visibility,Low,1.0
ACC24494,06-10-2024,16:02,Andhra Pradesh,Nellore,16.2098,80.0364,National Highway,Clear,Day,25,Male,Car,79,No,No,No,Over Speeding,Medium,5.0
ACC24495,26-10-2023,09:04,Karnataka,Mangaluru,15.7939,75.6056,National Highway,Cloudy,Day,34,Male,Bus,91,No,Yes,No,Over Speeding,High,6.0
ACC24496,31-03-2023,12:05,Karnataka,Mangaluru,14.7074,76.407,Village Road,Rainy,Day,39,Male,Car,46,No,No,No,Poor Weather Visibility,Medium,5.0
ACC24497,07-05-2024,19:15,Karnataka,Belagavi,16.1872,75.4926,City Road,Clear,Night,40,Female,Bike,55,No,No,No,Poor Weather Visibility,Low,0.0
ACC24498,12-03-2023,16:04,Kerala,Thrissur,10.7571,76.6971,City Road,Cloudy,Day,18,Male,Car,47,No,No,No,Poor Weather Visibility,Low,3.0
ACC24499,09-01-2023,19:13,Telangana,Nizamabad,17.9273,79.8229,National Highway,Rainy,Night,40,Male,Auto,54,No,No,No,Poor Weather Visibility,Medium,2.0
ACC24500,01-10-2024,23:10,Kerala,Thiruvananthapuram,11.0867,76.7089,National Highway,Cloudy,Night,32,Female,Bike,67,No,No,No,Poor Weather Visibility,Medium,2.0
ACC24501,16-06-2024,06:51,Karnataka,Hubballi,15.6729,75.8566,National Highway,Rainy,Day,49,Male,Bus,94,Yes,No,No,Over Speeding,High,5.0
ACC24502,27-11-2022,07:36,Karnataka,Mysuru,14.9939,76.2352,City Road,Rainy,Day,37,Male,Truck,40,No,No,Yes,Poor Weather Visibility,Low,3.0
ACC24503,19-08-2023,07:31,Tamil Nadu,Tiruchirappalli,11.3444,78.4639,City Road,Cloudy,Day,22,Male,Car,41,No,No,No,Poor Weather Visibility,Low,2.0
ACC24504,09-04-2023,04:54,Andhra Pradesh,Visakhapatnam,15.1968,79.6037,State Highway,Foggy,Night,21,Female,Car,60,No,Yes,No,Poor Weather Visibility,Medium,6.0
ACC24505,26-05-2023,19:57,Kerala,Thiruvananthapuram,9.9862,76.3717,City Road,Foggy,Night,28,Male,Bike,67,Yes,No,Yes,Poor Weather Visibility,High,4.0
ACC24506,29-11-2022,14:31,Telangana,Nizamabad,17.2678,79.6585,National Highway,Cloudy,Day,27,Male,Bike,96,Yes,Yes,No,Over Speeding,High,
ACC24507,12-05-2022,11:02,Kerala,Kollam,10.0811,76.6114,Village Road,Clear,Day,45,Male,Auto,55,No,No,No,Signal Jumping,Low,0.0
ACC24508,13-01-2022,16:36,Telangana,Warangal,17.8402,79.0777,National Highway,Foggy,Day,18,Male,Car,81,No,No,No,Poor Weather Visibility,High,9.0
ACC24509,21-03-2023,20:22,Karnataka,Mangaluru,15.3028,76.5489,City Road,Clear,Night,26,Male,Truck,38,No,No,No,Signal Jumping,Low,1.0
ACC24510,02-04-2023,12:40,Kerala,Ernakulam,10.561,75.8646,City Road,Clear,Day,35,Female,Truck,65,No,No,Yes,Pothole/Bad Road,Medium,2.0
ACC24511,11-12-2022,18:10,Tamil Nadu,Chennai,11.6314,78.7762,City Road,Overcast,Dusk,48,Female,Bus,60,No,Yes,Yes,Drowsy Driving,Medium,3.0
ACC24512,10-08-2022,18:53,Telangana,Khammam,17.8943,79.1036,City Road,Clear,Dusk,18,Female,Bike,73,Yes,No,No,Drunk Driving,Medium,0.0
ACC24513,13-05-2024,06:05,Tamil Nadu,Salem,11.4191,78.7949,City Road,Clear,Day,40,Male,Truck,49,No,No,No,Signal Jumping,Low,0.0
ACC24514,11-07-2023,17:37,Tamil Nadu,Coimbatore,10.9981,79.2135,Village Road,Foggy,Dusk,51,Male,Bike,56,No,No,Yes,Poor Weather Visibility,Medium,2.0
ACC24515,15-08-2024,19:31,Karnataka,Hubballi,15.4397,75.8836,Village Road,Clear,Night,42,Male,Car,50,No,Yes,No,Signal Jumping,Medium,3.0
ACC24516,08-07-2024,00:46,Telangana,Nizamabad,18.1155,78.1464,Village Road,Cloudy,Night,40,Male,Bike,65,Yes,No,No,Drunk Driving,Medium,4.0
ACC24517,22-03-2024,02:51,Kerala,Thrissur,10.5406,75.9881,City Road,Clear,Night,61,Female,Bike,41,No,No,No,Signal Jumping,Medium,1.0
ACC24518,18-01-2022,18:14,Karnataka,Belagavi,14.9633,75.5628,City Road,Clear,Dusk,34,Male,Car,55,No,No,No,Poor Weather Visibility,Low,1.0
ACC24519,31-05-2023,10:48,Telangana,Khammam,17.9684,78.7052,State Highway,Cloudy,Day,36,Male,Bus,80,Yes,No,Yes,Drunk Driving,High,6.0
ACC24520,28-06-2022,12:53,Telangana,Warangal,18.3255,79.1365,Expressway,Clear,Day,36,Male,Auto,82,No,Yes,No,Over Speeding,Medium,3.0
ACC24521,02-08-2023,18:57,Tamil Nadu,Coimbatore,11.1822,78.5564,National Highway,Cloudy,Dusk,36,Male,Bike,65,No,No,No,Signal Jumping,Medium,4.0
ACC24522,11-04-2024,15:26,Karnataka,Hubballi,15.0414,75.8228,State Highway,Overcast,Day,34,Male,Car,62,Yes,No,No,Drunk Driving,Medium,3.0
ACC24523,27-07-2023,14:40,Andhra Pradesh,Vijayawada,16.1173,80.0383,Expressway,Foggy,Day,59,Male,Bus,73,No,Yes,No,Poor Weather Visibility,High,3.0
ACC24524,21-01-2023,14:03,Telangana,Nizamabad,17.4761,79.3893,City Road,Overcast,Day,35,Female,Bike,45,No,No,No,Poor Weather Visibility,Low,0.0
ACC24525,06-05-2024,16:57,Andhra Pradesh,Visakhapatnam,16.5145,79.8761,Village Road,Clear,Day,37,Male,Auto,22,No,No,Yes,Pothole/Bad Road,Low,0.0
ACC24526,06-08-2022,07:45,Telangana,Karimnagar,18.0531,78.4294,National Highway,Rainy,Day,18,Male,Car,68,No,No,No,Poor Weather Visibility,Low,1.0
ACC24527,21-08-2023,18:02,Tamil Nadu,Madurai,10.6981,78.0246,City Road,Clear,Dusk,50,Male,Bus,67,No,Yes,No,Drowsy Driving,Medium,5.0
ACC24528,28-02-2023,09:31,Tamil Nadu,Coimbatore,10.9711,78.4413,Village Road,Clear,Day,51,Male,Bike,34,No,No,No,Signal Jumping,Low,0.0
ACC24529,23-03-2022,20:33,Karnataka,Mangaluru,15.0592,75.8879,City Road,Rainy,Night,39,Male,Car,25,No,No,No,Poor Weather Visibility,Low,0.0
ACC24530,25-04-2024,02:08,Tamil Nadu,Coimbatore,10.1049,78.0992,City Road,Clear,Night,43,Male,Truck,51,Yes,No,No,Drunk Driving,Low,2.0
ACC24531,12-05-2023,19:32,Andhra Pradesh,Guntur,15.7266,79.3765,State Highway,Clear,Night,18,Female,Auto,75,No,No,No,Over Speeding,High,5.0
ACC24532,14-09-2024,07:03,Telangana,Nizamabad,17.035,79.3669,Village Road,Foggy,Day,37,Male,Bike,43,No,No,No,Poor Weather Visibility,Medium,2.0
ACC24533,01-02-2024,01:25,Karnataka,Mysuru,15.4394,75.784,Village Road,Clear,Night,51,Male,Auto,30,No,Yes,No,Drowsy Driving,Low,0.0
ACC24534,16-02-2024,08:37,Kerala,Ernakulam,10.1767,76.6296,City Road,Cloudy,Day,19,Male,Car,51,No,No,No,Signal Jumping,Low,1.0
ACC24535,09-06-2022,11:55,Karnataka,Mangaluru,15.5904,75.9831,City Road,Cloudy,Day,59,Female,Car,63,Yes,No,No,Drunk Driving,Medium,2.0
ACC24536,27-07-2022,15:56,Tamil Nadu,Tiruchirappalli,10.7879,79.0456,State Highway,Cloudy,Day,46,Male,Truck,67,No,No,No,Poor Weather Visibility,Low,1.0
ACC24537,20-11-2022,18:41,Tamil Nadu,Tiruchirappalli,10.7335,78.9728,National Highway,Clear,Dusk,56,Female,Bike,70,No,No,No,Over Speeding,Low,0.0
ACC24538,07-04-2022,15:36,Andhra Pradesh,Vijayawada,15.903,80.1726,National Highway,Clear,Day,45,Male,Auto,65,No,No,No,Over Speeding,Medium,3.0
ACC24539,25-09-2023,06:00,Telangana,Khammam,18.088,78.4804,Expressway,Clear,Day,21,Male,Bus,98,No,Yes,Yes,Over Speeding,High,6.0
ACC24540,05-05-2024,10:17,Karnataka,Hubballi,15.5563,76.2979,State Highway,Cloudy,Day,33,Male,Car,78,Yes,No,No,Drunk Driving,High,9.0
ACC24541,08-02-2024,05:19,Tamil Nadu,Coimbatore,11.7062,79.4146,City Road,Rainy,Dawn,44,Male,Bike,34,No,No,No,Poor Weather Visibility,Low,2.0
ACC24542,09-12-2022,14:32,Telangana,Karimnagar,18.186,78.4093,State Highway,Cloudy,Day,35,Male,Auto,62,No,Yes,No,Drowsy Driving,Medium,0.0
ACC24543,27-02-2022,18:57,Karnataka,Bengaluru Urban,15.6642,76.5224,National Highway,Clear,Dusk,35,Male,Car,68,No,No,No,Over Speeding,Low,1.0
ACC24544,09-02-2024,22:55,Andhra Pradesh,Kurnool,15.1551,79.9139,City Road,Cloudy,Night,49,Male,Car,30,No,Yes,No,Drowsy Driving,Low,2.0
ACC24545,23-07-2024,19:51,Andhra Pradesh,Kurnool,16.8393,80.2444,Village Road,Rainy,Night,44,Male,Auto,37,Yes,No,No,Poor Weather Visibility,Medium,1.0
ACC24546,22-02-2023,06:15,Karnataka,Mysuru,15.503,75.6943,National Highway,Clear,Day,40,Male,Car,66,No,No,No,Over Speeding,Low,0.0
ACC24547,03-07-2024,14:14,Kerala,Kollam,9.7041,76.9089,Village Road,Overcast,Day,34,Female,Car,33,No,No,No,Poor Weather Visibility,Low,2.0
ACC24548,09-06-2024,07:27,Karnataka,Hubballi,15.1443,75.6895,State Highway,Rainy,Day,49,Male,Car,55,No,Yes,No,Poor Weather Visibility,Medium,2.0
ACC24549,15-10-2024,16:09,Tamil Nadu,Tiruchirappalli,10.6402,79.1123,City Road,Rainy,Day,21,Male,Car,45,No,No,No,Poor Weather Visibility,Medium,1.0
ACC24550,20-07-2024,15:50,Tamil Nadu,Coimbatore,11.3314,78.1011,National Highway,Clear,Day,18,Female,Car,69,No,No,No,Signal Jumping,High,5.0
ACC24551,22-02-2023,21:40,Kerala,Ernakulam,10.1159,76.3214,City Road,Rainy,Night,30,Male,Bike,60,Yes,No,No,Poor Weather Visibility,High,5.0
ACC24552,16-09-2023,07:48,Telangana,Khammam,17.4544,78.6491,State Highway,Cloudy,Day,27,Male,Car,69,No,No,Yes,Pothole/Bad Road,Medium,2.0
ACC24553,20-05-2022,20:44,Tamil Nadu,Tiruchirappalli,11.4158,78.4434,State Highway,Rainy,Night,23,Female,Bike,48,No,No,Yes,Poor Weather Visibility,Low,0.0
ACC24554,11-10-2024,22:05,Tamil Nadu,Coimbatore,10.4255,79.3445,State Highway,Rainy,Night,18,Male,Bike,80,No,Yes,No,Poor Weather Visibility,High,5.0
ACC24555,01-05-2022,06:02,Tamil Nadu,Coimbatore,10.8477,78.1711,City Road,Clear,Day,41,Male,Car,40,No,Yes,No,Drowsy Driving,Low,0.0
ACC24556,21-08-2022,00:07,Puducherry,Puducherry,11.7537,79.6233,State Highway,Clear,Night,28,Male,Car,49,No,Yes,No,Drowsy Driving,Low,2.0
ACC24557,21-02-2022,00:51,Tamil Nadu,Tiruchirappalli,11.0499,78.3886,Village Road,Clear,Night,53,Male,Car,39,No,No,No,Signal Jumping,Low,0.0
ACC24558,11-11-2024,09:01,Karnataka,Mangaluru,14.9685,75.3342,State Highway,Clear,Day,29,Male,Bike,70,No,No,No,Over Speeding,Low,
ACC24559,25-04-2023,10:24,Tamil Nadu,Madurai,10.968,78.7149,National Highway,Clear,Day,38,Male,Bus,57,No,No,No,Poor Weather Visibility,Low,0.0
ACC24560,08-07-2024,02:27,Kerala,Thrissur,9.9024,76.0664,National Highway,Cloudy,Night,39,Female,Car,71,No,No,No,Poor Weather Visibility,Medium,2.0
ACC24561,25-03-2022,21:57,Andhra Pradesh,Vijayawada,15.6846,80.7355,City Road,Clear,Night,35,Female,Bike,39,No,No,No,Signal Jumping,Low,1.0
ACC24562,13-12-2024,11:07,Kerala,Ernakulam,10.4928,76.3852,National Highway,Cloudy,Day,50,Male,Bike,65,No,No,No,Poor Weather Visibility,Medium,2.0
ACC24563,25-01-2023,19:42,Andhra Pradesh,Kurnool,15.7521,79.4988,State Highway,Clear,Night,22,Male,Auto,82,Yes,No,No,Drunk Driving,High,4.0
ACC24564,05-05-2023,13:20,Tamil Nadu,Tiruchirappalli,11.3296,79.1336,City Road,Rainy,Day,20,Male,Auto,31,No,No,No,Poor Weather Visibility,Low,0.0
ACC24565,09-05-2022,08:54,Telangana,Khammam,17.7154,78.4291,City Road,Rainy,Day,25,Female,Car,42,No,No,No,Poor Weather Visibility,Low,0.0