Accident_ID,Date,Time,State,District,Latitude,Longitude,Road_Type,Weather,Light_Condition,Driver_Age,Driver_Gender,Vehicle_Type,Speed_kmph,Alcohol_Involved,Driver_Drowsy,Pothole_Involved,Cause_of_Accident,Severity,Casualties
ACC24566,02-04-2023,08:38,Andhra Pradesh,Kurnool,15.4365,79.4671,City Road,Clear,Day,36,Male,Auto,46,No,No,No,Signal Jumping,Low,1.0
ACC24567,09-12-2024,09:15,Tamil Nadu,Madurai,11.272,78.7707,Village Road,Cloudy,Day,23,Male,Bike,43,No,No,No,Poor Weather Visibility,Low,0.0
ACC24568,27-08-2022,04:35,Karnataka,Bengaluru Urban,14.7378,75.1322,National Highway,Cloudy,Night,18,Male,Bike,72,No,No,No,Poor Weather Visibility,High,6.0
ACC24569,07-12-2023,16:50,Tamil Nadu,Tiruchirappalli,11.7957,78.7746,Village Road,Clear,Day,44,Male,Bike,48,No,No,Yes,Pothole/Bad Road,Low,2.0
ACC24570,08-09-2024,08:37,Telangana,Warangal,17.67,78.8578,State Highway,Rainy,Day,27,Male,Bike,47,No,No,No,Poor Weather Visibility,Low,2.0
ACC24571,06-10-2022,08:06,Telangana,Khammam,17.7,79.0695,Village Road,Clear,Day,49,Male,Auto,57,No,No,No,Signal Jumping,Low,2.0
ACC24572,26-05-2024,08:02,Kerala,Kozhikode,10.6317,76.4453,State Highway,Clear,Day,18,Female,Car,50,No,No,No,Signal Jumping,Low,2.0
ACC24573,24-09-2023,15:55,Karnataka,Belagavi,15.2443,76.0264,State Highway,Rainy,Day,22,Male,Car,66,Yes,No,No,Poor Weather Visibility,Medium,4.0
ACC24574,19-07-2023,18:43,Telangana,Khammam,17.7856,78.78,Village Road,Overcast,Dusk,48,Female,Car,15,No,No,Yes,Pothole/Bad Road,Low,0.0
ACC24575,11-02-2024,06:31,Karnataka,Belagavi,14.7024,75.6485,City Road,Clear,Day,35,Female,Bike,55,No,No,Yes,Pothole/Bad Road,Medium,3.0
ACC24576,08-03-2022,20:28,Tamil Nadu,Chennai,10.9668,79.017,City Road,Overcast,Night,44,Male,Bike,49,No,No,Yes,Pothole/Bad Road,Low,
ACC24577,23-05-2022,18:01,Andhra Pradesh,Kurnool,16.2979,79.351,Village Road,Clear,Dusk,18,Male,Car,37,No,No,Yes,Pothole/Bad Road,Low,0.0
ACC24578,16-05-2024,22:51,Karnataka,Bengaluru Urban,15.7068,75.7036,National Highway,Cloudy,Night,56,Male,Bus,52,No,No,No,Poor Weather Visibility,Low,
ACC24579,23-11-2022,09:22,Puducherry,Puducherry,11.0678,80.2318,Village Road,Rainy,Day,39,Male,Bike,51,No,No,No,Poor Weather Visibility,Medium,3.0
ACC24580,11-10-2024,06:04,Kerala,Kollam,11.3987,75.9626,State Highway,Clear,Day,24,Female,Bus,66,No,Yes,No,Drowsy Driving,Medium,1.0
ACC24581,23-08-2022,23:14,Tamil Nadu,Madurai,10.4901,78.2399,National Highway,Clear,Night,39,Male,Truck,80,Yes,Yes,No,Drunk Driving,High,7.0
ACC24582,14-09-2022,19:15,Telangana,Khammam,17.5412,78.5182,City Road,Clear,Night,34,Female,Car,45,No,Yes,Yes,Drowsy Driving,Medium,0.0
ACC24583,29-12-2023,06:57,Telangana,Nizamabad,17.5333,79.496,Village Road,Clear,Day,44,Female,Bike,52,Yes,No,Yes,Drunk Driving,Medium,2.0
ACC24584,27-12-2022,05:53,Tamil Nadu,Salem,10.8414,78.2879,City Road,Clear,Dawn,51,Male,Car,61,No,No,No,Over Speeding,Low,0.0
ACC24585,28-07-2023,15:47,Karnataka,Hubballi,15.1508,76.2475,Village Road,Clear,Day,22,Male,Bike,38,No,No,Yes,Pothole/Bad Road,Low,0.0
ACC24586,22-06-2023,14:19,Kerala,Thiruvananthapuram,10.004,75.8913,State Highway,Clear,Day,51,Male,Bike,55,No,No,No,Signal Jumping,Low,0.0
ACC24587,20-07-2023,20:56,Andhra Pradesh,Guntur,16.2761,79.1904,National Highway,Clear,Night,32,Male,Bike,45,No,No,No,Poor Weather Visibility,Low,3.0
ACC24588,19-06-2022,15:54,Andhra Pradesh,Guntur,15.8936,79.292,National Highway,Clear,Day,44,Male,Bus,76,No,No,No,Over Speeding,Medium,2.0
ACC24589,01-09-2023,21:04,Andhra Pradesh,Kurnool,15.7726,79.4621,City Road,Cloudy,Night,18,Female,Truck,44,No,No,No,Poor Weather Visibility,Low,1.0
ACC24590,14-02-2022,21:54,Telangana,Warangal,17.3347,78.8392,Village Road,Clear,Night,50,Male,Auto,48,No,No,Yes,Pothole/Bad Road,Low,
ACC24591,26-06-2023,12:36,Andhra Pradesh,Guntur,16.4435,79.9833,National Highway,Overcast,Day,38,Male,Car,60,No,No,Yes,Pothole/Bad Road,Medium,3.0
ACC24592,02-10-2022,07:33,Tamil Nadu,Coimbatore,10.6513,78.5021,City Road,Overcast,Day,50,Female,Bike,47,No,No,Yes,Signal Jumping,Low,2.0
ACC24593,17-08-2023,15:30,Puducherry,Puducherry,12.2245,79.8564,Village Road,Rainy,Day,18,Male,Bus,44,No,No,No,Poor Weather Visibility,Low,1.0
ACC24594,25-01-2022,09:13,Telangana,Hyderabad,18.3702,79.1088,City Road,Clear,Day,57,Male,Car,54,No,No,No,Signal Jumping,Low,0.0
ACC24595,04-11-2024,18:49,Andhra Pradesh,Vijayawada,15.6272,79.9855,State Highway,Clear,Dusk,30,Male,Auto,74,No,No,No,Over Speeding,Medium,3.0
ACC24596,27-05-2023,06:36,Telangana,Khammam,18.2362,78.9686,City Road,Clear,Day,51,Male,Bus,31,No,No,No,Signal Jumping,Low,0.0
ACC24597,13-07-2023,10:28,Telangana,Khammam,18.286,79.1545,National Highway,Clear,Day,37,Male,Truck,72,No,No,No,Over Speeding,Medium,2.0
ACC24598,04-06-2023,20:54,Tamil Nadu,Coimbatore,10.6494,77.9794,City Road,Rainy,Night,24,Female,Bike,64,Yes,No,No,Poor Weather Visibility,High,7.0
ACC24599,15-10-2023,19:47,Andhra Pradesh,Guntur,15.7044,79.1551,National Highway,Cloudy,Night,59,Male,Car,55,Yes,No,No,Drunk Driving,Medium,3.0
ACC24600,01-06-2022,19:27,Tamil Nadu,Chennai,10.4369,78.1699,State Highway,Clear,Night,18,Male,Car,61,No,No,No,Over Speeding,Medium,1.0
ACC24601,08-04-2023,20:40,Karnataka,Mangaluru,15.9767,75.6458,Village Road,Clear,Night,43,Female,Auto,40,No,No,No,Signal Jumping,Low,0.0
ACC24602,07-05-2023,11:20,Telangana,Hyderabad,17.9772,78.9793,City Road,Rainy,Day,33,Male,Car,56,No,No,No,Poor Weather Visibility,Low,1.0
ACC24603,26-07-2024,17:41,Kerala,Kollam,10.4162,76.0286,State Highway,Clear,Dusk,32,Male,Car,65,No,No,No,Over Speeding,Low,1.0
ACC24604,26-09-2023,00:24,Karnataka,Hubballi,15.1604,75.0873,Village Road,Clear,Night,41,Male,Car,30,No,No,No,Signal Jumping,Low,1.0
ACC24605,22-10-2023,20:08,Tamil Nadu,Coimbatore,10.4563,78.5147,City Road,Clear,Night,45,Male,Bike,54,Yes,No,No,Drunk Driving,Medium,3.0
ACC24606,30-05-2022,09:49,Kerala,Thiruvananthapuram,10.6363,76.7982,Village Road,Clear,Day,28,Male,Car,32,No,No,Yes,Signal Jumping,Low,
ACC24607,23-08-2023,09:47,Tamil Nadu,Madurai,10.9704,78.5097,State Highway,Rainy,Day,43,Male,Car,60,No,No,No,Poor Weather Visibility,Low,0.0
ACC24608,22-10-2022,09:01,Karnataka,Belagavi,16.0611,76.4472,National Highway,Overcast,Day,18,Female,Bike,61,No,No,No,Poor Weather Visibility,Medium,8.0
ACC24609,06-05-2024,21:44,Telangana,Hyderabad,17.7771,79.5754,City Road,Overcast,Night,47,Male,Bike,46,No,Yes,No,Drowsy Driving,Medium,5.0
ACC24610,10-02-2023,23:09,Karnataka,Belagavi,15.0399,75.4762,State Highway,Clear,Night,35,Male,Bike,69,No,No,No,Signal Jumping,Medium,0.0
ACC24611,03-05-2024,15:23,Kerala,Ernakulam,10.0048,75.5777,National Highway,Clear,Day,21,Male,Bike,71,Yes,No,No,Drunk Driving,Medium,4.0
ACC24612,17-06-2022,10:09,Telangana,Khammam,17.3491,78.9708,City Road,Cloudy,Day,44,Male,Truck,71,Yes,No,No,Drunk Driving,Medium,2.0
ACC24613,06-09-2023,23:15,Karnataka,Mysuru,14.792,75.3357,Village Road,Clear,Night,29,Male,Auto,60,Yes,Yes,No,Drunk Driving,High,2.0
ACC24614,11-08-2022,13:53,Karnataka,Hubballi,15.5118,75.6971,City Road,Cloudy,Day,35,Male,Bike,47,No,No,No,Poor Weather Visibility,Medium,2.0
ACC24615,23-05-2023,08:29,Karnataka,Mysuru,15.8232,75.7757,City Road,Overcast,Day,34,Male,Bike,27,No,No,No,Poor Weather Visibility,Low,
ACC24616,22-04-2022,23:23,Karnataka,Belagavi,15.3977,75.4594,National Highway,Clear,Night,22,Male,Car,65,Yes,No,No,Drunk Driving,High,3.0
ACC24617,03-05-2024,17:53,Puducherry,Puducherry,12.0101,79.7214,National Highway,Cloudy,Dusk,29,Male,Car,54,No,No,No,Signal Jumping,Low,0.0
ACC24618,25-06-2024,20:25,Tamil Nadu,Tiruchirappalli,10.8867,78.9616,State Highway,Clear,Night,26,Female,Auto,66,No,No,No,Over Speeding,Medium,3.0
ACC24619,09-11-2022,01:31,Tamil Nadu,Salem,11.4386,78.4501,City Road,Overcast,Night,23,Male,Bike,48,No,No,No,Poor Weather Visibility,Medium,0.0
ACC24620,06-04-2022,14:43,Telangana,Hyderabad,17.8595,79.1618,City Road,Rainy,Day,22,Male,Truck,50,No,No,Yes,Poor Weather Visibility,Low,0.0
ACC24621,12-01-2023,14:39,Tamil Nadu,Salem,11.4857,78.7903,Village Road,Rainy,Day,32,Female,Car,72,Yes,No,No,Poor Weather Visibility,High,7.0
ACC24622,27-04-2023,19:05,Karnataka,Bengaluru Urban,15.5308,75.139,City Road,Clear,Night,24,Female,Bike,67,Yes,Yes,No,Drunk Driving,High,5.0
ACC24623,28-04-2024,17:29,Andhra Pradesh,Kurnool,15.1448,80.0815,City Road,Clear,Dusk,35,Male,Bike,48,No,No,No,Signal Jumping,Low,0.0
ACC24624,05-01-2024,12:03,Tamil Nadu,Madurai,10.9596,78.6712,City Road,Overcast,Day,49,Female,Car,44,Yes,No,No,Drunk Driving,Low,
ACC24625,30-11-2023,09:48,Karnataka,Belagavi,15.1647,76.0942,State Highway,Rainy,Day,30,Male,Bike,72,No,No,No,Poor Weather Visibility,Medium,3.0
ACC24626,10-07-2024,18:06,Karnataka,Hubballi,14.6478,75.4288,State Highway,Rainy,Dusk,40,Male,Car,71,No,No,Yes,Poor Weather Visibility,Low,1.0
ACC24627,12-09-2023,21:39,Kerala,Ernakulam,10.8642,75.8155,City Road,Rainy,Night,39,Male,Bike,76,Yes,No,Yes,Poor Weather Visibility,High,6.0
ACC24628,10-03-2023,05:34,Andhra Pradesh,Nellore,16.5078,78.9553,National Highway,Clear,Dawn,18,Male,Bike,44,No,No,No,Signal Jumping,Low,1.0
ACC24629,10-08-2024,18:57,Andhra Pradesh,Vijayawada,15.9871,79.7303,City Road,Cloudy,Dusk,45,Female,Car,47,No,No,No,Poor Weather Visibility,Low,0.0
ACC24630,23-01-2022,11:42,Tamil Nadu,Salem,10.5315,78.5042,National Highway,Cloudy,Day,41,Male,Bike,67,No,No,No,Poor Weather Visibility,Medium,1.0
ACC24631,17-01-2023,06:20,Karnataka,Bengaluru Urban,14.8689,75.5777,City Road,Cloudy,Day,24,Female,Bike,49,No,No,No,Poor Weather Visibility,Low,2.0
ACC24632,14-03-2022,18:17,Andhra Pradesh,Kurnool,15.0936,80.1723,Village Road,Clear,Dusk,49,Male,Car,29,No,No,Yes,Pothole/Bad Road,Low,1.0
ACC24633,02-08-2024,23:45,Telangana,Karimnagar,17.8679,78.466,Village Road,Clear,Night,25,Male,Car,36,No,No,Yes,Pothole/Bad Road,Low,0.0
ACC24634,10-02-2024,17:22,Karnataka,Mangaluru,15.1935,76.0519,City Road,Clear,Dusk,41,Male,Bike,36,No,No,No,Signal Jumping,Low,1.0
ACC24635,04-01-2024,16:31,Tamil Nadu,Coimbatore,10.6539,78.7107,State Highway,Clear,Day,24,Male,Bike,87,No,No,Yes,Over Speeding,High,4.0
ACC24636,19-12-2022,11:05,Tamil Nadu,Chennai,11.0299,78.7347,Village Road,Clear,Day,38,Male,Car,53,No,No,No,Signal Jumping,Low,3.0
ACC24637,16-05-2024,08:09,Telangana,Khammam,18.0861,78.786,National Highway,Cloudy,Day,25,Male,Car,70,No,No,Yes,Pothole/Bad Road,Medium,1.0
ACC24638,26-11-2022,17:44,Tamil Nadu,Madurai,10.8689,79.2718,City Road,Clear,Dusk,20,Male,Car,43,No,No,No,Poor Weather Visibility,Low,1.0
ACC24639,16-11-2023,09:02,Tamil Nadu,Tiruchirappalli,11.2402,78.1519,Village Road,Rainy,Day,34,Male,Car,49,No,No,Yes,Poor Weather Visibility,Low,2.0
ACC24640,23-04-2024,14:56,Tamil Nadu,Coimbatore,10.7923,78.7564,National Highway,Clear,Day,30,Female,Bike,65,No,No,No,Over Speeding,Medium,1.0
ACC24641,21-01-2022,19:48,Karnataka,Bengaluru Urban,15.5724,75.5879,City Road,Clear,Night,18,Male,Car,65,Yes,Yes,No,Drunk Driving,Medium,4.0
ACC24642,30-03-2023,14:36,Andhra Pradesh,Visakhapatnam,15.975,79.6814,State Highway,Clear,Day,35,Male,Bike,62,No,No,Yes,Pothole/Bad Road,Low,
ACC24643,29-06-2023,11:42,Tamil Nadu,Tiruchirappalli,11.8214,78.4854,National Highway,Cloudy,Day,18,Male,Bike,67,No,No,No,Poor Weather Visibility,Medium,3.0
ACC24644,18-03-2022,15:56,Kerala,Thiruvananthapuram,10.0261,76.1653,State Highway,Overcast,Day,29,Male,Bike,69,No,No,No,Signal Jumping,Low,2.0
ACC24645,31-12-2023,22:42,Telangana,Nizamabad,17.697,79.1704,City Road,Cloudy,Night,38,Male,Bike,44,No,Yes,No,Drowsy Driving,Medium,1.0
ACC24646,25-05-2022,18:39,Kerala,Kozhikode,10.3762,76.7738,City Road,Clear,Dusk,21,Male,Auto,27,No,No,No,Signal Jumping,Low,2.0
ACC24647,25-11-2023,12:49,Kerala,Thiruvananthapuram,10.153,76.2186,Village Road,Cloudy,Day,22,Female,Bike,28,No,No,No,Poor Weather Visibility,Low,1.0
ACC24648,13-01-2022,07:44,Andhra Pradesh,Kurnool,16.6694,79.2274,Expressway,Clear,Day,46,Male,Bike,87,No,No,No,Over Speeding,Medium,2.0
ACC24649,31-05-2023,17:32,Kerala,Kollam,10.0636,76.783,State Highway,Clear,Dusk,39,Female,Truck,51,No,No,No,Signal Jumping,Low,1.0
ACC24650,03-03-2024,15:38,Karnataka,Mangaluru,15.3309,75.6929,National Highway,Cloudy,Day,18,Female,Bike,83,No,No,No,Over Speeding,High,11.0
ACC24651,27-06-2022,08:27,Telangana,Karimnagar,18.1351,78.5747,National Highway,Rainy,Day,21,Male,Auto,61,No,No,No,Poor Weather Visibility,Medium,3.0
ACC24652,28-01-2023,20:05,Tamil Nadu,Tiruchirappalli,11.2169,79.0683,State Highway,Cloudy,Night,46,Male,Bike,56,No,No,No,Poor Weather Visibility,Low,1.0
ACC24653,29-04-2024,13:41,Tamil Nadu,Salem,11.1477,78.4089,State Highway,Clear,Day,46,Male,Bus,60,No,Yes,No,Drowsy Driving,Low,1.0
ACC24654,19-06-2024,21:23,Puducherry,Puducherry,11.8872,79.557,City Road,Cloudy,Night,71,Male,Car,43,No,Yes,No,Drowsy Driving,Low,2.0
ACC24655,06-04-2022,08:11,Karnataka,Mysuru,15.1031,75.3416,National Highway,Clear,Day,32,Male,Car,59,No,No,No,Over Speeding,Low,2.0
ACC24656,15-11-2023,22:58,Tamil Nadu,Madurai,10.0713,79.0109,City Road,Rainy,Night,43,Male,Bike,59,Yes,No,Yes,Poor Weather Visibility,High,9.0
ACC24657,24-10-2024,12:29,Tamil Nadu,Salem,10.8781,77.8277,Village Road,Clear,Day,70,Male,Bike,47,No,No,Yes,Pothole/Bad Road,Low,3.0
ACC24658,07-08-2022,13:40,Telangana,Nizamabad,18.0585,79.1242,City Road,Clear,Day,46,Male,Bus,42,Yes,No,No,Drunk Driving,Low,3.0
ACC24659,26-10-2022,18:33,Tamil Nadu,Madurai,11.2206,78.83,National Highway,Clear,Dusk,36,Male,Car,56,No,No,No,Signal Jumping,Low,0.0
ACC24660,28-02-2022,05:22,Kerala,Kozhikode,10.1625,75.818,National Highway,Clear,Dawn,29,Male,Auto,51,No,No,No,Poor Weather Visibility,Low,0.0
ACC24661,11-01-2024,17:44,Andhra Pradesh,Visakhapatnam,15.7439,80.0454,Village Road,Cloudy,Dusk,18,Male,Car,60,No,No,No,Poor Weather Visibility,Medium,2.0
ACC24662,20-06-2023,11:41,Tamil Nadu,Madurai,11.4618,78.4951,City Road,Rainy,Day,41,Male,Bus,49,No,No,Yes,Poor Weather Visibility,Low,2.0
ACC24663,08-08-2022,18:22,Karnataka,Bengaluru Urban,16.5892,76.3415,Expressway,Cloudy,Dusk,32,Male,Bus,84,No,No,No,Over Speeding,Medium,5.0
ACC24664,20-04-2024,17:55,Andhra Pradesh,Guntur,15.7324,80.1504,Village Road,Clear,Dusk,34,Male,Auto,49,No,No,No,Signal Jumping,Low,2.0
ACC24665,06-07-2024,19:47,Karnataka,Mysuru,15.5534,75.7317,Village Road,Rainy,Night,60,Female,Truck,56,No,No,Yes,Poor Weather Visibility,Medium,4.0
ACC24666,30-01-2022,16:01,Karnataka,Hubballi,15.2994,75.6358,State Highway,Rainy,Day,18,Female,Car,56,No,No,Yes,Poor Weather Visibility,Medium,6.0
ACC24667,04-09-2023,20:27,Kerala,Thrissur,10.8395,75.9807,State Highway,Rainy,Night,32,Female,Car,66,No,Yes,Yes,Poor Weather Visibility,High,12.0
ACC24668,10-02-2022,15:29,Telangana,Karimnagar,18.1154,78.8261,Village Road,Cloudy,Day,32,Male,Auto,40,No,No,No,Signal Jumping,Low,3.0
ACC24669,11-09-2024,19:43,Karnataka,Mysuru,15.6921,76.5076,Village Road,Rainy,Night,24,Male,Bike,50,No,Yes,No,Poor Weather Visibility,High,5.0
ACC24670,17-11-2022,06:01,Tamil Nadu,Chennai,11.4166,78.0284,Village Road,Cloudy,Day,42,Male,Bike,47,No,No,No,Poor Weather Visibility,Medium,6.0
ACC24671,26-07-2022,07:15,Tamil Nadu,Tiruchirappalli,10.9465,78.4829,City Road,Overcast,Day,66,Male,Bike,41,No,No,Yes,Pothole/Bad Road,Low,3.0
ACC24672,16-11-2023,15:20,Karnataka,Hubballi,15.4232,75.7957,National Highway,Rainy,Day,41,Male,Truck,55,No,No,No,Poor Weather Visibility,Low,1.0
ACC24673,19-11-2023,22:27,Andhra Pradesh,Nellore,15.9706,80.2772,City Road,Clear,Night,18,Female,Auto,44,Yes,No,Yes,Drunk Driving,Medium,
ACC24674,13-12-2022,19:44,Telangana,Warangal,18.2971,79.4981,Expressway,Rainy,Night,38,Male,Truck,92,No,No,No,Over Speeding,High,6.0
ACC24675,26-02-2023,18:21,Kerala,Ernakulam,9.5153,76.2739,Village Road,Clear,Dusk,25,Male,Car,38,No,No,No,Signal Jumping,Low,1.0
ACC24676,21-01-2023,01:34,Tamil Nadu,Madurai,10.7327,78.9932,Village Road,Rainy,Night,33,Male,Bike,20,No,No,Yes,Poor Weather Visibility,Low,
ACC24677,15-03-2022,23:31,Kerala,Thrissur,10.4791,76.1883,Expressway,Clear,Night,55,Male,Bike,133,Yes,Yes,No,Over Speeding,High,10.0
ACC24678,12-06-2022,07:16,Tamil Nadu,Salem,10.5828,78.6583,Expressway,Overcast,Day,39,Female,Car,89,Yes,No,No,Over Speeding,High,10.0
ACC24679,18-11-2022,19:22,Tamil Nadu,Tiruchirappalli,11.0843,78.7648,National Highway,Overcast,Night,24,Male,Auto,60,No,No,No,Poor Weather Visibility,Medium,1.0
ACC24680,27-05-2024,16:10,Tamil Nadu,Salem,11.2726,78.7565,Village Road,Foggy,Day,36,Female,Car,34,No,No,No,Poor Weather Visibility,Low,3.0
ACC24681,23-09-2022,22:24,Telangana,Karimnagar,17.6671,79.0893,Village Road,Clear,Night,21,Male,Bike,59,Yes,No,No,Drunk Driving,High,8.0
ACC24682,01-11-2023,02:48,Kerala,Kozhikode,10.2372,75.8229,Village Road,Clear,Night,25,Male,Bike,73,Yes,No,Yes,Drunk Driving,High,6.0
ACC24683,24-11-2022,13:27,Tamil Nadu,Tiruchirappalli,11.0822,78.2203,City Road,Foggy,Day,67,Male,Bus,58,Yes,No,No,Poor Weather Visibility,Low,0.0
ACC24684,10-06-2024,18:18,Telangana,Karimnagar,18.3187,79.5547,City Road,Clear,Dusk,22,Male,Truck,43,No,No,No,Signal Jumping,Low,0.0
ACC24685,06-02-2022,14:15,Karnataka,Belagavi,16.0652,75.507,City Road,Clear,Day,39,Male,Bike,55,No,No,No,Poor Weather Visibility,Medium,0.0
ACC24686,24-11-2023,16:00,Tamil Nadu,Salem,11.7244,78.9063,Village Road,Cloudy,Day,55,Female,Car,42,No,No,Yes,Signal Jumping,Low,0.0
ACC24687,21-11-2022,11:39,Andhra Pradesh,Nellore,15.9487,79.8032,State Highway,Rainy,Day,52,Male,Bike,67,No,No,Yes,Poor Weather Visibility,Medium,6.0
ACC24688,18-01-2023,14:11,Kerala,Kollam,10.6337,76.2176,National Highway,Rainy,Day,36,Female,Auto,77,No,No,No,Poor Weather Visibility,Medium,4.0
ACC24689,09-08-2024,17:09,Andhra Pradesh,Kurnool,15.9696,79.365,Village Road,Overcast,Dusk,32,Male,Bike,61,Yes,No,Yes,Drunk Driving,Medium,1.0
ACC24690,29-10-2022,22:53,Karnataka,Mangaluru,14.8193,75.6829,National Highway,Clear,Night,26,Male,Bus,98,Yes,No,No,Over Speeding,High,2.0
ACC24691,22-11-2022,19:59,Tamil Nadu,Chennai,10.8729,78.7522,City Road,Rainy,Night,43,Male,Bike,54,No,No,Yes,Poor Weather Visibility,Medium,3.0
ACC24692,20-05-2024,11:12,Tamil Nadu,Chennai,10.502,78.8217,City Road,Clear,Day,32,Male,Bike,51,No,No,No,Signal Jumping,Low,2.0
ACC24693,27-09-2024,08:59,Andhra Pradesh,Visakhapatnam,16.0593,79.309,City Road,Clear,Day,57,Female,Bike,40,No,No,No,Signal Jumping,Low,3.0
ACC24694,22-08-2024,19:55,Kerala,Kozhikode,10.5411,76.6144,City Road,Clear,Night,48,Male,Auto,69,Yes,No,No,Drunk Driving,High,9.0
ACC24695,25-09-2023,19:02,Karnataka,Bengaluru Urban,15.229,75.6252,City Road,Clear,Night,18,Female,Bike,67,Yes,No,Yes,Drunk Driving,High,6.0
ACC24696,14-08-2024,10:58,Kerala,Thrissur,10.6898,76.069,Village Road,Rainy,Day,45,Female,Bike,32,No,No,No,Poor Weather Visibility,Low,1.0
ACC24697,02-02-2024,12:18,Kerala,Ernakulam,9.5174,76.863,City Road,Clear,Day,34,Male,Car,53,No,No,No,Signal Jumping,Low,0.0
ACC24698,26-05-2024,09:55,Telangana,Khammam,17.2914,78.9528,Village Road,Foggy,Day,19,Female,Bus,35,No,No,No,Poor Weather Visibility,Medium,1.0
ACC24699,25-12-2024,14:22,Andhra Pradesh,Vijayawada,16.5107,80.732,Expressway,Cloudy,Day,40,Male,Bike,86,No,No,No,Over Speeding,High,4.0
ACC24700,21-09-2024,08:35,Telangana,Karimnagar,18.0168,78.5719,Village Road,Clear,Day,18,Male,Truck,69,Yes,No,No,Drunk Driving,Medium,4.0
ACC24701,06-05-2023,19:01,Tamil Nadu,Coimbatore,11.1924,78.8945,State Highway,Overcast,Night,37,Male,Car,102,Yes,Yes,No,Over Speeding,High,4.0
ACC24702,02-11-2022,04:28,Andhra Pradesh,Guntur,16.0842,79.5917,National Highway,Overcast,Night,23,Female,Car,68,No,No,No,Poor Weather Visibility,Medium,3.0
ACC24703,25-05-2024,17:31,Telangana,Nizamabad,17.7199,78.9024,City Road,Clear,Dusk,37,Female,Bus,62,No,Yes,No,Drowsy Driving,High,3.0
ACC24704,05-09-2022,01:08,Andhra Pradesh,Nellore,15.3769,78.9469,Village Road,Foggy,Night,34,Male,Car,52,No,Yes,Yes,Poor Weather Visibility,Medium,3.0
ACC24705,22-01-2022,19:24,Karnataka,Belagavi,14.8391,75.6308,State Highway,Rainy,Night,45,Male,Car,69,Yes,No,Yes,Poor Weather Visibility,High,5.0
ACC24706,28-11-2023,16:30,Andhra Pradesh,Nellore,16.187,79.1646,National Highway,Clear,Day,18,Male,Truck,63,No,Yes,No,Drowsy Driving,High,9.0
ACC24707,04-09-2023,09:18,Kerala,Thrissur,10.5651,76.3731,City Road,Clear,Day,33,Male,Bike,40,No,No,No,Poor Weather Visibility,Low,0.0
ACC24708,01-06-2024,04:52,Karnataka,Mangaluru,15.2915,75.3133,City Road,Cloudy,Night,43,Female,Bike,59,No,Yes,No,Drowsy Driving,Medium,4.0
ACC24709,16-09-2023,09:28,Andhra Pradesh,Nellore,15.894,79.3702,Village Road,Foggy,Day,23,Male,Bus,42,No,No,No,Poor Weather Visibility,Low,2.0
ACC24710,16-09-2022,18:11,Tamil Nadu,Salem,11.4079,78.7759,State Highway,Clear,Dusk,42,Male,Truck,61,No,No,No,Signal Jumping,Low,0.0
ACC24711,05-07-2023,13:58,Tamil Nadu,Tiruchirappalli,12.0024,78.4176,National Highway,Clear,Day,38,Female,Bike,72,No,No,No,Signal Jumping,Low,1.0
ACC24712,12-11-2023,18:05,Tamil Nadu,Chennai,11.7957,78.4305,Village Road,Overcast,Dusk,39,Male,Bus,45,No,No,No,Poor Weather Visibility,Low,0.0
ACC24713,20-08-2024,17:48,Tamil Nadu,Chennai,11.3765,78.9327,State Highway,Clear,Dusk,25,Male,Car,66,Yes,No,No,Drunk Driving,Medium,4.0
ACC24714,08-06-2024,22:08,Telangana,Hyderabad,18.1693,78.5084,Village Road,Clear,Night,53,Female,Bus,31,No,Yes,No,Drowsy Driving,Low,1.0
ACC24715,08-12-2022,10:09,Tamil Nadu,Salem,10.8933,79.3088,Village Road,Clear,Day,22,Male,Car,46,Yes,No,No,Drunk Driving,Medium,1.0
ACC24716,07-10-2022,09:48,Puducherry,Puducherry,11.9621,78.8495,Village Road,Rainy,Day,32,Male,Bike,48,No,No,No,Poor Weather Visibility,Low,1.0
ACC24717,17-03-2024,01:51,Tamil Nadu,Salem,10.5424,78.6397,City Road,Clear,Night,37,Female,Auto,60,Yes,No,No,Drunk Driving,Medium,4.0
ACC24718,09-06-2022,16:27,Tamil Nadu,Madurai,10.7211,79.4191,National Highway,Clear,Day,29,Male,Bike,62,No,No,No,Over Speeding,Low,0.0
ACC24719,19-10-2022,12:53,Karnataka,Mysuru,14.9095,75.6084,Village Road,Clear,Day,36,Female,Bus,57,No,No,Yes,Pothole/Bad Road,Low,1.0
ACC24720,15-02-2023,03:29,Andhra Pradesh,Vijayawada,16.3677,80.0512,Expressway,Clear,Night,44,Male,Truck,66,No,No,No,Signal Jumping,Medium,4.0
ACC24721,31-08-2024,10:31,Andhra Pradesh,Nellore,15.4441,79.9537,State Highway,Cloudy,Day,26,Male,Bike,57,No,No,No,Poor Weather Visibility,Low,0.0
ACC24722,06-10-2023,19:33,Tamil Nadu,Tiruchirappalli,11.1955,78.6632,National Highway,Clear,Night,18,Male,Bike,64,No,Yes,No,Drowsy Driving,Medium,1.0