Accident_ID,Date,Time,State,District,Latitude,Longitude,Road_Type,Weather,Light_Condition,Driver_Age,Driver_Gender,Vehicle_Type,Speed_kmph,Alcohol_Involved,Driver_Drowsy,Pothole_Involved,Cause_of_Accident,Severity,Casualties
ACC24723,04-11-2023,12:23,Kerala,Kozhikode,10.11,75.8168,Expressway,Clear,Day,52,Male,Auto,106,Yes,No,No,Over Speeding,High,6.0
ACC24724,22-09-2022,16:28,Tamil Nadu,Salem,11.0995,78.7338,National Highway,Rainy,Day,36,Female,Bus,71,No,No,No,Poor Weather Visibility,Low,3.0
ACC24725,09-02-2022,23:17,Karnataka,Bengaluru Urban,14.934,75.6873,National Highway,Cloudy,Night,20,Male,Bike,99,Yes,No,Yes,Over Speeding,High,3.0
ACC24726,28-10-2023,11:29,Karnataka,Mangaluru,14.9957,75.4983,State Highway,Clear,Day,65,Female,Bus,81,No,Yes,Yes,Over Speeding,Medium,3.0
ACC24727,05-09-2023,20:51,Karnataka,Belagavi,15.0527,76.0868,Village Road,Clear,Night,55,Male,Car,47,No,No,No,Signal Jumping,Low,0.0
ACC24728,31-01-2024,08:28,Telangana,Warangal,18.4331,79.1108,National Highway,Clear,Day,56,Male,Car,60,No,Yes,No,Drowsy Driving,Low,1.0
ACC24729,22-02-2022,10:32,Telangana,Hyderabad,17.8968,79.419,State Highway,Clear,Day,18,Male,Car,68,Yes,No,No,Drunk Driving,Medium,2.0
ACC24730,08-12-2024,23:43,Tamil Nadu,Chennai,11.3326,78.8972,Village Road,Overcast,Night,39,Male,Bike,59,Yes,No,No,Drunk Driving,High,4.0
ACC24731,29-06-2023,14:57,Andhra Pradesh,Nellore,16.7348,80.4895,Village Road,Rainy,Day,37,Male,Car,32,No,No,No,Poor Weather Visibility,Low,2.0
ACC24732,14-12-2023,06:10,Tamil Nadu,Salem,10.429,78.5038,State Highway,Clear,Day,18,Male,Bike,38,No,No,Yes,Pothole/Bad Road,Low,0.0
ACC24733,09-01-2024,20:20,Tamil Nadu,Madurai,11.1255,78.629,Village Road,Rainy,Night,48,Male,Car,33,No,No,No,Poor Weather Visibility,Low,1.0
ACC24734,19-06-2022,21:04,Tamil Nadu,Coimbatore,10.892,77.7404,National Highway,Clear,Night,49,Male,Bus,65,No,Yes,No,Drowsy Driving,Medium,0.0
ACC24735,02-07-2024,09:54,Andhra Pradesh,Nellore,16.0366,80.3875,State Highway,Clear,Day,22,Male,Car,62,Yes,No,No,Drunk Driving,Medium,2.0
ACC24736,10-09-2024,19:48,Andhra Pradesh,Nellore,15.93,79.9703,City Road,Rainy,Night,18,Male,Car,87,Yes,Yes,Yes,Poor Weather Visibility,High,8.0
ACC24737,22-10-2023,11:57,Kerala,Thiruvananthapuram,10.5226,75.3829,City Road,Clear,Day,32,Female,Bus,20,No,No,No,Poor Weather Visibility,Low,1.0
ACC24738,24-11-2024,06:43,Tamil Nadu,Coimbatore,10.6993,78.4236,City Road,Clear,Day,34,Male,Car,44,No,No,No,Signal Jumping,Low,0.0
ACC24739,25-11-2022,16:05,Telangana,Khammam,17.5729,79.5276,Village Road,Rainy,Day,24,Male,Bike,51,No,No,Yes,Poor Weather Visibility,High,6.0
ACC24740,09-08-2022,17:38,Kerala,Ernakulam,9.8303,76.8959,Expressway,Clear,Dusk,37,Male,Auto,79,No,No,No,Over Speeding,Medium,1.0
ACC24741,12-01-2023,20:35,Kerala,Kollam,10.384,76.5206,Expressway,Overcast,Night,63,Male,Bike,79,No,No,No,Over Speeding,High,10.0
ACC24742,15-05-2022,20:47,Telangana,Karimnagar,17.7162,78.9628,City Road,Clear,Night,19,Female,Bus,36,No,No,No,Signal Jumping,Low,0.0
ACC24743,17-12-2023,21:16,Karnataka,Mangaluru,15.2,75.8617,State Highway,Clear,Night,42,Male,Bike,64,No,No,Yes,Pothole/Bad Road,Medium,3.0
ACC24744,07-04-2022,18:01,Karnataka,Mangaluru,15.6648,75.9538,Village Road,Rainy,Dusk,38,Male,Car,40,No,Yes,No,Poor Weather Visibility,Low,1.0
ACC24745,23-11-2024,13:01,Tamil Nadu,Coimbatore,11.5724,78.6479,Expressway,Clear,Day,34,Male,Auto,86,No,No,No,Over Speeding,Medium,
ACC24746,14-03-2024,04:31,Karnataka,Mangaluru,15.1672,75.7748,City Road,Clear,Night,41,Female,Bus,54,No,No,Yes,Pothole/Bad Road,Low,1.0
ACC24747,10-04-2022,22:34,Telangana,Nizamabad,18.0015,78.6448,City Road,Cloudy,Night,44,Male,Bus,54,Yes,Yes,Yes,Drunk Driving,Medium,2.0
ACC24748,23-01-2023,20:00,Andhra Pradesh,Guntur,16.009,80.1004,Village Road,Rainy,Night,41,Female,Bike,47,No,No,No,Poor Weather Visibility,Medium,4.0
ACC24749,10-09-2023,04:39,Karnataka,Bengaluru Urban,14.805,75.539,National Highway,Clear,Night,18,Male,Auto,99,Yes,No,No,Over Speeding,High,3.0
ACC24750,31-03-2024,14:10,Karnataka,Mangaluru,15.0854,76.2791,City Road,Clear,Day,19,Female,Car,56,Yes,No,Yes,Drunk Driving,Low,1.0
ACC24751,09-11-2023,17:35,Andhra Pradesh,Kurnool,15.9535,79.5622,National Highway,Rainy,Dusk,40,Male,Bus,84,No,No,No,Poor Weather Visibility,High,10.0
ACC24752,31-08-2022,12:44,Telangana,Nizamabad,18.5771,79.3173,National Highway,Rainy,Day,55,Male,Bus,51,No,No,No,Poor Weather Visibility,Low,2.0
ACC24753,14-09-2022,16:22,Karnataka,Mangaluru,15.0146,75.6242,National Highway,Cloudy,Day,53,Male,Car,54,No,No,No,Poor Weather Visibility,Low,0.0
ACC24754,27-06-2022,19:48,Tamil Nadu,Tiruchirappalli,11.2442,78.7953,Expressway,Rainy,Night,36,Male,Bus,96,Yes,No,No,Over Speeding,High,2.0
ACC24755,14-11-2024,12:48,Telangana,Karimnagar,17.806,78.9966,Village Road,Clear,Day,34,Female,Bike,41,No,Yes,No,Drowsy Driving,Low,1.0
ACC24756,29-07-2023,01:30,Telangana,Nizamabad,18.0077,79.2238,National Highway,Clear,Night,68,Female,Car,82,No,No,No,Over Speeding,Medium,1.0
ACC24757,24-07-2022,12:19,Andhra Pradesh,Kurnool,15.8705,79.6838,Village Road,Cloudy,Day,24,Female,Car,24,No,No,No,Poor Weather Visibility,Low,2.0
ACC24758,12-05-2024,17:55,Tamil Nadu,Tiruchirappalli,11.19,78.1471,City Road,Clear,Dusk,33,Male,Auto,45,No,No,No,Signal Jumping,Low,3.0
ACC24759,07-08-2023,08:13,Karnataka,Hubballi,15.0459,75.0765,State Highway,Clear,Day,55,Male,Car,74,No,No,No,Over Speeding,Medium,7.0
ACC24760,21-03-2022,16:42,Karnataka,Mangaluru,15.754,75.5484,State Highway,Overcast,Day,49,Male,Car,58,No,No,No,Poor Weather Visibility,Low,2.0
ACC24761,17-06-2022,18:28,Tamil Nadu,Madurai,10.6598,79.1642,State Highway,Rainy,Dusk,43,Male,Car,47,No,No,Yes,Poor Weather Visibility,Medium,2.0
ACC24762,20-03-2023,17:32,Karnataka,Mysuru,15.6206,75.3681,Village Road,Clear,Dusk,30,Female,Bike,53,No,No,Yes,Pothole/Bad Road,Medium,2.0
ACC24763,16-12-2024,17:58,Kerala,Ernakulam,10.5498,76.3255,State Highway,Clear,Dusk,30,Male,Bike,76,No,No,No,Over Speeding,Medium,3.0
ACC24764,30-06-2024,17:15,Kerala,Thiruvananthapuram,10.6015,76.3412,City Road,Clear,Dusk,38,Male,Truck,17,No,No,No,Poor Weather Visibility,Low,0.0
ACC24765,16-01-2023,16:02,Karnataka,Mangaluru,15.2504,75.6187,State Highway,Rainy,Day,32,Female,Auto,69,No,No,Yes,Poor Weather Visibility,Medium,2.0
ACC24766,21-01-2022,09:43,Karnataka,Mysuru,15.3415,75.5676,City Road,Rainy,Day,56,Male,Bike,46,No,No,No,Poor Weather Visibility,Low,0.0
ACC24767,12-01-2023,19:50,Telangana,Hyderabad,17.6979,78.7807,Village Road,Rainy,Night,18,Female,Bus,36,No,No,No,Poor Weather Visibility,Low,0.0
ACC24768,09-11-2023,08:58,Tamil Nadu,Madurai,10.5256,78.4451,Expressway,Cloudy,Day,18,Male,Bike,80,No,No,No,Over Speeding,High,7.0
ACC24769,08-07-2023,10:52,Kerala,Ernakulam,10.2027,75.5993,Expressway,Overcast,Day,26,Male,Car,80,No,No,No,Over Speeding,High,3.0
ACC24770,23-11-2024,09:28,Kerala,Thiruvananthapuram,10.3831,76.2531,Expressway,Rainy,Day,49,Female,Car,88,No,No,No,Over Speeding,High,6.0
ACC24771,30-07-2024,12:24,Tamil Nadu,Coimbatore,11.6216,77.5781,National Highway,Cloudy,Day,38,Male,Car,72,No,No,No,Poor Weather Visibility,Medium,2.0
ACC24772,03-07-2024,18:16,Tamil Nadu,Tiruchirappalli,11.099,78.2873,Village Road,Rainy,Dusk,59,Male,Bike,43,No,No,No,Poor Weather Visibility,Low,3.0
ACC24773,04-03-2023,13:49,Kerala,Thrissur,10.4067,76.8568,Village Road,Clear,Day,41,Male,Bike,40,No,No,No,Signal Jumping,Low,0.0
ACC24774,25-02-2024,20:14,Kerala,Thrissur,9.5172,75.6891,State Highway,Clear,Night,44,Female,Bus,83,Yes,No,No,Drunk Driving,High,7.0
ACC24775,23-12-2023,18:51,Tamil Nadu,Tiruchirappalli,10.9734,78.0312,City Road,Clear,Dusk,26,Male,Bike,39,No,No,No,Signal Jumping,Low,1.0
ACC24776,14-07-2023,16:28,Tamil Nadu,Madurai,10.2312,78.0284,Village Road,Overcast,Day,46,Male,Bike,39,No,No,Yes,Pothole/Bad Road,Low,3.0
ACC24777,08-04-2022,09:42,Kerala,Kollam,9.9372,76.2272,City Road,Clear,Day,35,Male,Car,57,No,No,No,Signal Jumping,Low,0.0
ACC24778,23-10-2022,15:51,Tamil Nadu,Coimbatore,10.674,79.3211,Village Road,Rainy,Day,55,Female,Car,32,No,No,No,Poor Weather Visibility,Low,0.0
ACC24779,23-09-2023,22:10,Karnataka,Hubballi,15.7117,76.005,City Road,Overcast,Night,65,Male,Car,41,No,No,No,Poor Weather Visibility,Low,0.0
ACC24780,28-03-2022,05:53,Andhra Pradesh,Guntur,16.7813,79.9408,Village Road,Clear,Dawn,45,Male,Car,26,No,No,No,Signal Jumping,Low,0.0
ACC24781,23-10-2024,08:30,Telangana,Khammam,18.472,79.8135,City Road,Clear,Day,49,Male,Car,38,No,No,No,Poor Weather Visibility,Low,2.0
ACC24782,02-10-2022,10:29,Kerala,Thrissur,10.6504,76.0209,City Road,Rainy,Day,43,Male,Bike,50,Yes,Yes,No,Poor Weather Visibility,Medium,4.0
ACC24783,12-03-2023,20:56,Kerala,Ernakulam,10.2206,75.8404,State Highway,Rainy,Night,45,Female,Bike,52,No,No,No,Poor Weather Visibility,Medium,0.0
ACC24784,14-11-2023,04:23,Tamil Nadu,Chennai,11.2668,79.0189,National Highway,Clear,Night,21,Female,Bus,112,No,Yes,Yes,Over Speeding,High,6.0
ACC24785,26-11-2023,16:20,Kerala,Thrissur,10.4764,76.1517,Village Road,Rainy,Day,21,Female,Bus,58,No,No,No,Poor Weather Visibility,Medium,2.0
ACC24786,17-06-2023,11:45,Tamil Nadu,Tiruchirappalli,11.7483,78.7533,Village Road,Clear,Day,59,Male,Bike,58,No,No,Yes,Pothole/Bad Road,Medium,5.0
ACC24787,12-08-2024,20:12,Telangana,Warangal,17.853,79.7771,City Road,Clear,Night,49,Male,Bike,69,Yes,Yes,No,Drunk Driving,High,5.0
ACC24788,09-10-2022,18:45,Karnataka,Belagavi,15.7765,76.0431,State Highway,Rainy,Dusk,42,Male,Bike,67,No,Yes,No,Poor Weather Visibility,High,7.0
ACC24789,11-04-2023,20:23,Andhra Pradesh,Guntur,16.4787,79.4461,Village Road,Cloudy,Night,41,Male,Auto,37,No,No,No,Poor Weather Visibility,Medium,2.0
ACC24790,29-09-2022,16:28,Andhra Pradesh,Vijayawada,15.9831,79.8139,State Highway,Clear,Day,19,Male,Bike,65,Yes,No,No,Drunk Driving,Medium,2.0
ACC24791,09-06-2022,06:12,Karnataka,Mangaluru,15.2328,76.1056,City Road,Clear,Day,41,Male,Bike,46,No,No,Yes,Pothole/Bad Road,Low,0.0
ACC24792,05-11-2023,18:50,Telangana,Karimnagar,17.5978,78.7211,City Road,Overcast,Dusk,43,Male,Bike,64,No,No,No,Poor Weather Visibility,Low,
ACC24793,27-07-2023,20:57,Kerala,Kozhikode,9.8997,76.2457,Expressway,Rainy,Night,18,Male,Bike,84,No,No,No,Poor Weather Visibility,High,9.0
ACC24794,31-08-2024,05:08,Karnataka,Hubballi,15.0842,75.2111,Village Road,Overcast,Dawn,56,Male,Truck,53,No,Yes,No,Drowsy Driving,Low,0.0
ACC24795,23-09-2022,19:41,Telangana,Warangal,18.0912,79.1009,Expressway,Rainy,Night,46,Male,Auto,89,No,No,No,Over Speeding,High,6.0
ACC24796,24-08-2022,18:52,Andhra Pradesh,Kurnool,15.9676,80.1563,Expressway,Clear,Dusk,43,Male,Car,78,No,No,No,Over Speeding,Low,1.0
ACC24797,28-03-2023,18:23,Tamil Nadu,Chennai,11.3698,78.62,Village Road,Rainy,Dusk,19,Female,Car,56,No,No,Yes,Poor Weather Visibility,Low,1.0
ACC24798,08-06-2023,17:28,Karnataka,Belagavi,15.5448,75.451,State Highway,Cloudy,Dusk,29,Male,Car,74,No,No,No,Over Speeding,Medium,3.0
ACC24799,24-04-2024,19:58,Andhra Pradesh,Guntur,17.0354,79.7182,State Highway,Cloudy,Night,18,Male,Bike,73,Yes,Yes,No,Drunk Driving,High,2.0
ACC24800,15-12-2024,15:30,Andhra Pradesh,Guntur,16.3603,79.1965,City Road,Clear,Day,35,Male,Bike,48,No,No,No,Signal Jumping,Low,0.0
ACC24801,20-02-2023,22:43,Kerala,Ernakulam,9.9173,76.6462,City Road,Cloudy,Night,18,Male,Car,60,Yes,No,No,Drunk Driving,Medium,3.0
ACC24802,17-06-2023,14:37,Telangana,Karimnagar,17.3968,79.0049,Village Road,Cloudy,Day,43,Male,Bike,33,No,No,No,Signal Jumping,Low,1.0
ACC24803,30-05-2023,22:13,Karnataka,Mangaluru,15.2127,75.5415,National Highway,Clear,Night,47,Male,Bus,100,Yes,Yes,No,Over Speeding,High,7.0
ACC24804,31-12-2022,12:10,Andhra Pradesh,Visakhapatnam,15.6981,80.0523,National Highway,Clear,Day,29,Male,Car,55,No,No,No,Poor Weather Visibility,Low,3.0
ACC24805,14-07-2023,03:45,Karnataka,Hubballi,15.617,75.5537,City Road,Overcast,Night,44,Male,Car,47,No,No,Yes,Pothole/Bad Road,Low,1.0
ACC24806,23-11-2022,12:57,Karnataka,Hubballi,15.3828,76.0051,Village Road,Clear,Day,47,Male,Car,24,No,No,No,Signal Jumping,Low,2.0
ACC24807,10-11-2023,16:47,Tamil Nadu,Salem,11.2766,77.7978,State Highway,Rainy,Day,30,Male,Auto,67,No,No,No,Poor Weather Visibility,Low,1.0
ACC24808,07-12-2022,04:46,Tamil Nadu,Salem,10.9707,78.2562,State Highway,Clear,Night,60,Female,Bike,88,No,Yes,No,Over Speeding,High,9.0
ACC24809,24-01-2023,11:55,Tamil Nadu,Chennai,11.6171,78.4784,State Highway,Foggy,Day,44,Male,Car,66,No,No,Yes,Poor Weather Visibility,High,4.0
ACC24810,22-02-2023,16:12,Tamil Nadu,Chennai,11.7097,78.2266,National Highway,Rainy,Day,22,Male,Car,63,No,No,Yes,Poor Weather Visibility,High,7.0
ACC24811,10-09-2023,07:24,Karnataka,Mysuru,14.8752,76.0508,City Road,Clear,Day,18,Female,Bike,41,No,No,No,Signal Jumping,Low,0.0
ACC24812,02-09-2024,11:05,Telangana,Karimnagar,18.1871,79.2266,State Highway,Clear,Day,56,Male,Auto,64,No,No,No,Over Speeding,Low,2.0
ACC24813,04-12-2023,17:04,Tamil Nadu,Tiruchirappalli,11.366,78.2417,Expressway,Clear,Dusk,61,Male,Bike,74,Yes,No,No,Drunk Driving,Medium,5.0
ACC24814,05-05-2022,17:15,Karnataka,Mysuru,14.1592,75.6869,Expressway,Clear,Dusk,33,Male,Truck,81,No,No,No,Over Speeding,Medium,4.0
ACC24815,09-09-2023,21:48,Tamil Nadu,Salem,11.37,78.48,State Highway,Clear,Night,22,Male,Car,59,Yes,No,No,Drunk Driving,High,8.0
ACC24816,13-07-2023,16:15,Karnataka,Bengaluru Urban,14.851,76.2976,City Road,Cloudy,Day,32,Male,Auto,71,Yes,No,No,Drunk Driving,Medium,1.0
ACC24817,01-04-2022,19:16,Tamil Nadu,Tiruchirappalli,10.7448,78.6057,City Road,Clear,Night,30,Male,Bike,61,No,No,Yes,Pothole/Bad Road,Medium,4.0
ACC24818,15-07-2024,10:50,Karnataka,Bengaluru Urban,15.3839,75.6768,National Highway,Clear,Day,33,Male,Bus,66,No,No,No,Over Speeding,Low,1.0
ACC24819,09-03-2024,06:27,Karnataka,Mangaluru,16.266,76.1562,City Road,Clear,Day,27,Male,Car,47,Yes,No,Yes,Drunk Driving,Low,1.0
ACC24820,27-06-2022,19:41,Kerala,Thiruvananthapuram,10.2089,75.6105,Village Road,Clear,Night,22,Male,Auto,35,Yes,No,Yes,Drunk Driving,Medium,3.0
ACC24821,01-11-2023,19:55,Tamil Nadu,Tiruchirappalli,11.0818,77.94,National Highway,Clear,Night,43,Male,Car,67,No,No,No,Over Speeding,High,6.0
ACC24822,07-06-2023,23:42,Kerala,Kozhikode,10.6605,76.8201,City Road,Cloudy,Night,18,Male,Truck,50,No,Yes,No,Drowsy Driving,Medium,3.0
ACC24823,12-09-2023,15:58,Tamil Nadu,Coimbatore,10.9696,79.5892,Village Road,Clear,Day,25,Female,Bike,42,No,No,Yes,Pothole/Bad Road,Low,1.0
ACC24824,14-03-2023,20:17,Telangana,Nizamabad,18.1559,78.587,National Highway,Clear,Night,50,Male,Bus,55,No,No,No,Signal Jumping,Low,1.0
ACC24825,11-03-2024,09:32,Karnataka,Belagavi,15.4485,75.3369,City Road,Rainy,Day,31,Female,Bike,28,No,No,No,Poor Weather Visibility,Low,1.0
ACC24826,11-11-2024,11:31,Andhra Pradesh,Visakhapatnam,15.8683,79.6618,City Road,Foggy,Day,38,Male,Bike,34,No,No,No,Poor Weather Visibility,Low,0.0
ACC24827,20-08-2022,09:47,Telangana,Hyderabad,17.8697,79.1866,Expressway,Rainy,Day,41,Female,Bike,67,No,No,No,Poor Weather Visibility,Medium,2.0
ACC24828,08-09-2022,20:45,Karnataka,Belagavi,14.5635,76.0887,City Road,Clear,Night,43,Male,Car,83,No,No,Yes,Over Speeding,Medium,2.0
ACC24829,29-03-2024,19:20,Telangana,Hyderabad,17.9793,78.6933,City Road,Rainy,Night,42,Male,Car,55,No,No,No,Poor Weather Visibility,Low,2.0
ACC24830,24-08-2023,14:01,Kerala,Kollam,9.9999,75.589,State Highway,Rainy,Day,58,Male,Car,71,No,No,Yes,Poor Weather Visibility,High,3.0
ACC24831,15-01-2024,16:14,Telangana,Nizamabad,17.8472,78.5781,National Highway,Clear,Day,22,Male,Bike,63,No,No,No,Over Speeding,Medium,1.0
ACC24832,21-11-2024,20:22,Telangana,Hyderabad,18.2273,78.9616,City Road,Rainy,Night,32,Male,Bike,35,Yes,No,No,Poor Weather Visibility,Medium,4.0
ACC24833,02-08-2022,15:38,Tamil Nadu,Coimbatore,11.2364,78.7869,National Highway,Rainy,Day,40,Male,Car,65,No,No,No,Poor Weather Visibility,Medium,2.0
ACC24834,10-05-2024,21:33,Andhra Pradesh,Vijayawada,16.353,79.8174,State Highway,Cloudy,Night,55,Male,Bike,69,No,No,No,Poor Weather Visibility,Medium,4.0
ACC24835,22-06-2022,13:34,Karnataka,Mangaluru,16.1901,76.0678,City Road,Cloudy,Day,37,Female,Car,34,No,No,No,Poor Weather Visibility,Low,0.0
ACC24836,15-08-2024,12:34,Tamil Nadu,Madurai,11.2447,78.5253,City Road,Overcast,Day,47,Male,Auto,44,No,No,No,Poor Weather Visibility,Low,1.0
ACC24837,06-07-2022,22:24,Tamil Nadu,Salem,11.2432,78.1899,Expressway,Cloudy,Night,31,Male,Truck,62,No,No,No,Poor Weather Visibility,Medium,1.0
ACC24838,18-11-2022,16:10,Tamil Nadu,Salem,10.0029,79.1633,City Road,Cloudy,Day,47,Male,Car,25,No,No,No,Poor Weather Visibility,Low,0.0
ACC24839,25-06-2023,12:33,Kerala,Kollam,10.6037,76.0758,National Highway,Clear,Day,54,Male,Truck,51,No,No,No,Signal Jumping,Low,1.0
ACC24840,15-04-2023,17:50,Karnataka,Belagavi,15.2437,75.9289,Expressway,Clear,Dusk,29,Female,Auto,90,No,No,No,Over Speeding,High,4.0
ACC24841,07-06-2022,14:45,Tamil Nadu,Chennai,10.5522,78.1257,Village Road,Overcast,Day,47,Male,Bike,50,Yes,No,No,Drunk Driving,Medium,1.0
ACC24842,04-12-2022,11:15,Telangana,Warangal,17.5143,79.1435,Expressway,Clear,Day,53,Male,Auto,67,Yes,No,No,Drunk Driving,High,3.0
ACC24843,01-01-2022,12:15,Tamil Nadu,Salem,11.1454,78.9525,National Highway,Rainy,Day,46,Female,Bike,75,Yes,No,No,Poor Weather Visibility,High,4.0
ACC24844,06-12-2023,09:06,Andhra Pradesh,Vijayawada,15.461,79.4342,Village Road,Cloudy,Day,49,Male,Truck,29,No,No,Yes,Pothole/Bad Road,Low,1.0
ACC24845,22-06-2022,20:58,Andhra Pradesh,Nellore,16.1956,80.1093,State Highway,Clear,Night,27,Female,Bike,65,Yes,Yes,No,Drunk Driving,High,6.0
ACC24846,20-09-2022,12:09,Tamil Nadu,Tiruchirappalli,10.969,77.9974,National Highway,Clear,Day,50,Male,Car,62,No,No,No,Signal Jumping,Low,1.0
ACC24847,24-08-2023,11:09,Andhra Pradesh,Nellore,16.0664,79.7792,National Highway,Rainy,Day,38,Male,Car,110,Yes,No,No,Over Speeding,High,8.0
ACC24848,26-04-2024,13:44,Andhra Pradesh,Nellore,15.8759,80.1072,Expressway,Rainy,Day,27,Male,Bike,91,Yes,No,No,Over Speeding,High,4.0
ACC24849,28-03-2024,10:23,Andhra Pradesh,Visakhapatnam,15.9876,79.9262,City Road,Overcast,Day,57,Female,Bike,64,No,No,No,Poor Weather Visibility,Medium,2.0
ACC24850,14-04-2024,16:17,Puducherry,Puducherry,12.02,79.4032,National Highway,Rainy,Day,32,Male,Car,80,No,No,No,Poor Weather Visibility,Medium,2.0
ACC24851,23-09-2022,22:19,Telangana,Warangal,17.507,79.5636,City Road,Rainy,Night,23,Male,Car,25,No,No,No,Poor Weather Visibility,Low,1.0
ACC24852,18-07-2022,05:10,Karnataka,Mysuru,15.5549,75.9932,City Road,Cloudy,Dawn,18,Male,Car,45,No,No,No,Poor Weather Visibility,Low,1.0
ACC24853,31-01-2024,12:42,Karnataka,Mangaluru,15.6426,75.3114,State Highway,Clear,Day,33,Male,Bike,72,No,No,Yes,Pothole/Bad Road,Medium,1.0
ACC24854,03-09-2022,12:48,Tamil Nadu,Salem,11.0813,78.6679,National Highway,Clear,Day,34,Male,Car,83,No,No,No,Over Speeding,Medium,1.0
ACC24855,19-07-2024,13:26,Karnataka,Hubballi,15.1961,76.2247,Village Road,Cloudy,Day,32,Female,Bike,49,No,No,Yes,Pothole/Bad Road,Low,0.0
ACC24856,23-01-2023,07:40,Andhra Pradesh,Vijayawada,15.7696,79.9233,City Road,Rainy,Day,46,Female,Car,60,No,No,Yes,Poor Weather Visibility,Medium,5.0
ACC24857,20-07-2023,15:37,Telangana,Warangal,17.92,79.779,City Road,Rainy,Day,27,Female,Car,30,No,No,No,Poor Weather Visibility,Low,1.0
ACC24858,27-10-2024,16:10,Tamil Nadu,Salem,10.501,78.5178,National Highway,Clear,Day,27,Male,Bike,60,No,No,No,Signal Jumping,Low,0.0
ACC24859,26-01-2023,04:24,Kerala,Thrissur,10.1832,76.6625,State Highway,Foggy,Night,50,Male,Car,74,Yes,No,No,Poor Weather Visibility,High,6.0
ACC24860,08-10-2023,21:21,Tamil Nadu,Salem,10.6153,79.3961,State Highway,Clear,Night,40,Female,Car,55,No,No,No,Signal Jumping,Low,0.0
ACC24861,28-10-2023,05:46,Telangana,Khammam,18.1502,78.9439,State Highway,Rainy,Dawn,38,Male,Bus,53,No,No,No,Poor Weather Visibility,Medium,3.0
ACC24862,21-03-2022,18:12,Telangana,Karimnagar,17.6402,79.2101,National Highway,Rainy,Dusk,32,Male,Bike,68,No,No,Yes,Poor Weather Visibility,High,2.0
ACC24863,04-03-2022,07:35,Tamil Nadu,Madurai,11.2218,78.5599,Expressway,Clear,Day,44,Female,Auto,91,No,No,No,Over Speeding,High,
ACC24864,13-02-2024,07:34,Tamil Nadu,Salem,11.3885,79.2732,State Highway,Clear,Day,35,Female,Car,71,Yes,No,No,Drunk Driving,Medium,2.0
ACC24865,05-10-2023,13:28,Telangana,Khammam,17.4285,79.1377,City Road,Clear,Day,39,Male,Car,53,No,No,No,Signal Jumping,Low,0.0
ACC24866,01-03-2024,05:54,Karnataka,Belagavi,15.0797,75.9581,State Highway,Cloudy,Dawn,19,Male,Car,74,Yes,No,No,Drunk Driving,Medium,4.0
ACC24867,29-10-2024,12:58,Karnataka,Mysuru,15.3923,75.7459,National Highway,Rainy,Day,32,Male,Car,49,No,No,Yes,Poor Weather Visibility,Low,2.0
ACC24868,27-12-2023,19:06,Puducherry,Karaikal,12.4585,79.4271,Expressway,Rainy,Night,43,Female,Bike,67,No,No,No,Poor Weather Visibility,Medium,6.0
ACC24869,10-01-2023,04:59,Telangana,Nizamabad,17.9796,78.3475,Village Road,Rainy,Night,38,Male,Bike,19,No,No,Yes,Poor Weather Visibility,Low,4.0
ACC24870,20-06-2023,17:02,Karnataka,Mangaluru,15.4121,75.7298,Expressway,Clear,Dusk,70,Male,Car,94,No,No,No,Over Speeding,High,4.0
ACC24871,21-05-2022,22:43,Karnataka,Mangaluru,15.2683,75.3911,City Road,Clear,Night,18,Male,Bus,54,No,No,No,Signal Jumping,Low,1.0
ACC24872,01-02-2022,16:12,Telangana,Nizamabad,17.717,79.1233,City Road,Cloudy,Day,18,Female,Car,74,Yes,No,No,Drunk Driving,Medium,1.0
ACC24873,25-05-2023,05:03,Telangana,Karimnagar,18.2806,78.7581,National Highway,Cloudy,Dawn,42,Female,Bike,68,No,Yes,No,Drowsy Driving,High,7.0
ACC24874,11-12-2022,18:53,Karnataka,Mysuru,15.0675,75.7385,State Highway,Clear,Dusk,56,Male,Bike,70,No,No,No,Over Speeding,Low,4.0
ACC24875,25-12-2022,21:43,Karnataka,Mysuru,15.078,75.6565,City Road,Overcast,Night,19,Female,Truck,78,No,Yes,No,Drowsy Driving,High,7.0
ACC24876,03-03-2023,18:24,Telangana,Khammam,17.9326,79.1856,State Highway,Rainy,Dusk,42,Male,Bike,67,No,No,No,Poor Weather Visibility,High,7.0
ACC24877,27-09-2023,16:34,Tamil Nadu,Madurai,10.4864,78.5224,State Highway,Rainy,Day,42,Male,Auto,75,No,No,No,Poor Weather Visibility,Medium,3.0
ACC24878,04-01-2024,18:57,Karnataka,Mysuru,15.3183,76.741,State Highway,Clear,Dusk,30,Male,Truck,79,No,No,No,Over Speeding,Medium,1.0
ACC24879,30-06-2022,15:25,Tamil Nadu,Madurai,11.3011,78.5123,City Road,Cloudy,Day,61,Male,Car,59,No,No,No,Poor Weather Visibility,Low,1.0
ACC24880,13-11-2023,14:35,Tamil Nadu,Coimbatore,11.3807,79.6859,Expressway,Clear,Day,18,Male,Car,82,No,No,No,Over Speeding,Medium,3.0
ACC24881,09-06-2024,09:04,Tamil Nadu,Coimbatore,10.8596,78.6084,City Road,Clear,Day,60,Male,Car,42,No,Yes,No,Drowsy Driving,Low,0.0