Accident_ID,Date,Time,State,District,Latitude,Longitude,Road_Type,Weather,Light_Condition,Driver_Age,Driver_Gender,Vehicle_Type,Speed_kmph,Alcohol_Involved,Driver_Drowsy,Pothole_Involved,Cause_of_Accident,Severity,Casualties
ACC24882,28-08-2024,19:30,Karnataka,Hubballi,15.9218,75.2765,City Road,Foggy,Night,53,Female,Bike,46,No,No,No,Poor Weather Visibility,Low,2.0
ACC24883,09-09-2023,06:54,Andhra Pradesh,Guntur,16.9102,79.8965,National Highway,Clear,Day,26,Male,Bike,71,No,No,Yes,Pothole/Bad Road,High,1.0
ACC24884,26-04-2022,10:13,Telangana,Warangal,18.0696,78.4887,State Highway,Clear,Day,41,Male,Truck,78,Yes,Yes,No,Drunk Driving,High,5.0
ACC24885,28-07-2024,11:22,Tamil Nadu,Chennai,11.3813,78.9133,National Highway,Clear,Day,28,Male,Bike,63,Yes,No,No,Drunk Driving,Low,0.0
ACC24886,03-04-2022,22:39,Tamil Nadu,Chennai,11.8847,79.1452,City Road,Clear,Night,35,Male,Car,56,Yes,No,No,Drunk Driving,Low,4.0
ACC24887,16-09-2022,18:57,Kerala,Kozhikode,10.1471,76.2211,Expressway,Clear,Dusk,34,Female,Bike,89,No,No,No,Over Speeding,Medium,6.0
ACC24888,11-09-2022,18:22,Andhra Pradesh,Nellore,15.5202,79.8143,City Road,Cloudy,Dusk,18,Female,Bike,34,No,No,No,Poor Weather Visibility,Low,0.0
ACC24889,04-09-2023,14:06,Andhra Pradesh,Guntur,15.8824,80.044,State Highway,Clear,Day,63,Male,Car,33,No,No,No,Poor Weather Visibility,Low,2.0
ACC24890,08-04-2024,22:58,Kerala,Kollam,10.6784,76.6157,Expressway,Cloudy,Night,32,Male,Bike,73,No,No,No,Signal Jumping,Medium,3.0
ACC24891,11-12-2024,04:23,Telangana,Karimnagar,17.6058,79.1671,Expressway,Cloudy,Night,53,Female,Car,86,No,No,No,Over Speeding,High,3.0
ACC24892,04-12-2024,08:16,Tamil Nadu,Chennai,10.7893,78.4781,Village Road,Clear,Day,33,Female,Truck,33,No,No,Yes,Pothole/Bad Road,Low,1.0
ACC24893,27-06-2024,09:41,Kerala,Thrissur,10.5237,76.2472,Village Road,Clear,Day,47,Female,Truck,50,Yes,No,No,Drunk Driving,Low,0.0
ACC24894,03-09-2024,12:26,Tamil Nadu,Madurai,10.4531,78.7762,Village Road,Clear,Day,37,Male,Car,59,No,No,Yes,Pothole/Bad Road,Low,1.0
ACC24895,12-09-2023,01:36,Puducherry,Karaikal,11.9291,79.649,City Road,Overcast,Night,41,Male,Bike,69,Yes,No,No,Drunk Driving,High,5.0
ACC24896,06-01-2023,12:00,Puducherry,Puducherry,11.5864,80.1598,State Highway,Clear,Day,31,Female,Car,57,No,No,Yes,Pothole/Bad Road,Low,2.0
ACC24897,17-03-2023,20:12,Andhra Pradesh,Kurnool,16.2589,80.1698,City Road,Clear,Night,26,Female,Bike,75,Yes,No,No,Drunk Driving,High,7.0
ACC24898,23-10-2022,16:22,Telangana,Warangal,17.813,79.1181,National Highway,Overcast,Day,30,Male,Truck,78,No,No,No,Over Speeding,Medium,3.0
ACC24899,07-03-2024,18:59,Kerala,Kozhikode,10.5086,76.3015,Village Road,Cloudy,Dusk,43,Female,Bike,43,No,No,No,Poor Weather Visibility,Low,0.0
ACC24900,14-02-2023,05:25,Telangana,Nizamabad,18.2488,79.5291,Village Road,Clear,Dawn,25,Male,Truck,35,No,Yes,Yes,Drowsy Driving,Low,1.0
ACC24901,22-09-2024,21:12,Andhra Pradesh,Visakhapatnam,15.2303,79.3725,State Highway,Cloudy,Night,36,Male,Bike,71,Yes,Yes,No,Drunk Driving,High,3.0
ACC24902,12-10-2023,14:56,Kerala,Kollam,10.3305,75.9868,State Highway,Cloudy,Day,18,Male,Car,77,Yes,No,No,Drunk Driving,Medium,1.0
ACC24903,26-01-2024,00:52,Kerala,Kozhikode,10.4514,76.0513,Village Road,Rainy,Night,41,Male,Car,22,No,No,No,Poor Weather Visibility,Low,1.0
ACC24904,08-07-2023,07:55,Andhra Pradesh,Kurnool,16.0633,79.7232,State Highway,Clear,Day,31,Female,Bike,74,No,No,No,Over Speeding,Medium,0.0
ACC24905,11-08-2023,14:27,Tamil Nadu,Madurai,11.1787,78.2778,National Highway,Cloudy,Day,20,Male,Bike,55,No,No,No,Poor Weather Visibility,Medium,4.0
ACC24906,12-08-2023,23:40,Karnataka,Bengaluru Urban,15.5724,75.7492,National Highway,Foggy,Night,18,Male,Car,81,Yes,No,Yes,Poor Weather Visibility,High,
ACC24907,13-08-2024,22:12,Tamil Nadu,Salem,10.7469,77.7484,State Highway,Clear,Night,39,Male,Car,60,Yes,No,No,Drunk Driving,Medium,3.0
ACC24908,25-04-2024,10:53,Karnataka,Mysuru,15.3134,75.393,City Road,Clear,Day,47,Female,Car,44,No,No,No,Poor Weather Visibility,Low,3.0
ACC24909,01-07-2022,17:38,Telangana,Karimnagar,17.992,79.4428,National Highway,Rainy,Dusk,27,Male,Car,72,Yes,No,No,Poor Weather Visibility,Medium,2.0
ACC24910,24-12-2023,16:01,Kerala,Kozhikode,10.2919,76.1685,State Highway,Clear,Day,26,Male,Bike,77,No,No,No,Over Speeding,Medium,0.0
ACC24911,02-06-2024,07:42,Andhra Pradesh,Vijayawada,16.2534,79.2764,State Highway,Rainy,Day,33,Male,Car,65,No,No,No,Poor Weather Visibility,Medium,3.0
ACC24912,12-11-2023,06:47,Tamil Nadu,Salem,11.341,78.6469,State Highway,Cloudy,Day,39,Female,Auto,40,No,No,No,Signal Jumping,Low,1.0
ACC24913,23-10-2022,21:40,Tamil Nadu,Salem,10.2521,78.3562,State Highway,Cloudy,Night,35,Male,Bike,59,No,No,No,Poor Weather Visibility,Medium,1.0
ACC24914,25-05-2022,12:14,Tamil Nadu,Coimbatore,10.4539,78.4715,Village Road,Cloudy,Day,19,Male,Car,76,Yes,No,No,Drunk Driving,High,8.0
ACC24915,09-08-2022,17:35,Telangana,Hyderabad,18.008,79.2988,National Highway,Clear,Dusk,40,Male,Car,67,No,No,No,Signal Jumping,Low,4.0
ACC24916,26-01-2024,20:27,Tamil Nadu,Salem,11.4174,79.5609,State Highway,Overcast,Night,42,Female,Truck,66,No,Yes,No,Drowsy Driving,Medium,2.0
ACC24917,22-02-2023,14:31,Tamil Nadu,Coimbatore,11.781,78.7799,Village Road,Clear,Day,53,Male,Bike,34,No,No,No,Poor Weather Visibility,Low,0.0
ACC24918,22-01-2024,19:04,Andhra Pradesh,Guntur,16.5288,79.8419,Expressway,Rainy,Night,66,Male,Car,72,No,Yes,No,Poor Weather Visibility,Medium,3.0
ACC24919,27-10-2024,01:50,Kerala,Thrissur,10.4773,76.1947,Expressway,Clear,Night,20,Male,Auto,76,No,No,No,Over Speeding,High,5.0
ACC24920,10-10-2022,18:16,Tamil Nadu,Madurai,11.3831,78.7227,City Road,Clear,Dusk,34,Male,Bike,34,No,No,No,Signal Jumping,Low,1.0
ACC24921,04-01-2024,22:00,Kerala,Kozhikode,10.8666,75.9755,Village Road,Rainy,Night,34,Male,Car,42,Yes,No,Yes,Poor Weather Visibility,Medium,2.0
ACC24922,26-04-2023,14:06,Tamil Nadu,Coimbatore,11.0019,78.4654,State Highway,Clear,Day,50,Male,Bus,68,No,No,No,Signal Jumping,Low,2.0
ACC24923,08-03-2023,15:13,Karnataka,Bengaluru Urban,15.2595,75.3513,National Highway,Clear,Day,41,Male,Car,81,No,No,No,Over Speeding,Medium,3.0
ACC24924,14-12-2023,07:19,Kerala,Kollam,10.4124,76.1759,National Highway,Rainy,Day,43,Female,Bike,74,No,No,Yes,Poor Weather Visibility,High,
ACC24925,26-02-2023,14:33,Puducherry,Karaikal,11.9838,79.7445,National Highway,Cloudy,Day,65,Male,Bike,74,No,No,No,Over Speeding,Medium,1.0
ACC24926,11-05-2024,10:59,Karnataka,Mangaluru,15.3298,75.5644,City Road,Cloudy,Day,56,Male,Bike,57,No,No,No,Poor Weather Visibility,Low,0.0
ACC24927,22-07-2022,19:31,Tamil Nadu,Tiruchirappalli,10.956,78.1441,City Road,Rainy,Night,26,Female,Car,61,No,Yes,Yes,Poor Weather Visibility,High,6.0
ACC24928,13-06-2024,21:25,Andhra Pradesh,Visakhapatnam,16.4121,79.9482,City Road,Clear,Night,30,Male,Bike,37,No,No,No,Poor Weather Visibility,Low,0.0
ACC24929,25-01-2022,07:43,Telangana,Khammam,18.3632,79.6939,Village Road,Clear,Day,18,Male,Bike,40,No,No,Yes,Pothole/Bad Road,Low,0.0
ACC24930,03-04-2022,21:01,Telangana,Khammam,17.7967,79.3594,National Highway,Clear,Night,46,Male,Truck,82,No,Yes,No,Over Speeding,Medium,3.0
ACC24931,16-01-2023,16:42,Karnataka,Hubballi,15.0828,75.4803,State Highway,Clear,Day,43,Male,Auto,35,No,No,Yes,Pothole/Bad Road,Low,1.0
ACC24932,28-04-2022,12:17,Telangana,Karimnagar,17.9985,79.0371,City Road,Rainy,Day,37,Female,Car,53,No,No,No,Poor Weather Visibility,Low,1.0
ACC24933,22-09-2023,17:27,Tamil Nadu,Salem,10.833,78.9111,City Road,Clear,Dusk,33,Male,Bike,54,No,Yes,No,Drowsy Driving,Low,
ACC24934,10-08-2024,04:41,Tamil Nadu,Chennai,10.4888,78.0415,City Road,Clear,Night,37,Male,Auto,62,No,No,Yes,Pothole/Bad Road,Medium,4.0
ACC24935,21-06-2023,17:15,Andhra Pradesh,Nellore,15.6641,79.6253,Village Road,Clear,Dusk,26,Male,Auto,45,No,No,No,Signal Jumping,Low,0.0
ACC24936,01-10-2022,16:18,Andhra Pradesh,Kurnool,15.6284,79.4609,City Road,Clear,Day,44,Male,Car,44,No,No,No,Poor Weather Visibility,Low,2.0
ACC24937,03-10-2023,07:35,Kerala,Ernakulam,10.2161,76.3255,Village Road,Cloudy,Day,33,Female,Car,33,No,No,Yes,Pothole/Bad Road,Low,0.0
ACC24938,04-02-2023,09:59,Andhra Pradesh,Vijayawada,16.2484,79.9736,Village Road,Rainy,Day,28,Female,Bike,42,No,Yes,No,Poor Weather Visibility,Medium,0.0
ACC24939,15-08-2023,14:23,Karnataka,Mangaluru,15.9063,75.7494,National Highway,Rainy,Day,34,Male,Bus,104,No,Yes,No,Over Speeding,High,6.0
ACC24940,12-12-2024,22:27,Telangana,Khammam,17.8178,78.1961,Village Road,Clear,Night,18,Male,Truck,40,Yes,Yes,No,Drunk Driving,Medium,1.0
ACC24941,12-08-2023,17:01,Karnataka,Belagavi,15.115,75.7818,State Highway,Rainy,Dusk,42,Female,Bike,62,No,No,No,Poor Weather Visibility,Medium,4.0
ACC24942,10-03-2024,20:07,Andhra Pradesh,Kurnool,15.7587,79.326,Expressway,Rainy,Night,39,Female,Car,51,No,No,No,Poor Weather Visibility,Low,0.0
ACC24943,09-06-2024,20:00,Telangana,Hyderabad,18.1404,78.2475,National Highway,Rainy,Night,58,Male,Car,49,No,No,Yes,Poor Weather Visibility,Medium,1.0
ACC24944,24-06-2022,16:20,Kerala,Ernakulam,9.3091,76.2531,National Highway,Clear,Day,37,Male,Car,64,No,No,No,Signal Jumping,Low,1.0
ACC24945,10-04-2023,20:03,Tamil Nadu,Salem,10.9956,78.787,State Highway,Clear,Night,34,Male,Bike,71,No,No,No,Over Speeding,Medium,1.0
ACC24946,24-10-2024,00:06,Andhra Pradesh,Visakhapatnam,15.7641,79.8491,Village Road,Cloudy,Night,41,Male,Car,55,Yes,Yes,Yes,Drunk Driving,High,9.0
ACC24947,29-08-2023,20:19,Telangana,Warangal,18.5116,78.8157,National Highway,Clear,Night,52,Male,Bike,88,No,No,No,Over Speeding,High,8.0
ACC24948,02-02-2024,22:31,Tamil Nadu,Coimbatore,11.3532,77.9583,National Highway,Overcast,Night,45,Female,Auto,70,Yes,No,No,Drunk Driving,High,6.0
ACC24949,31-10-2022,02:35,Puducherry,Karaikal,12.8721,80.1455,City Road,Rainy,Night,70,Male,Car,52,Yes,No,No,Poor Weather Visibility,Medium,1.0
ACC24950,14-09-2023,17:32,Tamil Nadu,Tiruchirappalli,11.4921,78.4143,City Road,Clear,Dusk,37,Male,Bus,63,No,Yes,No,Drowsy Driving,Low,0.0
ACC24951,02-04-2022,08:18,Andhra Pradesh,Visakhapatnam,15.586,79.9409,National Highway,Rainy,Day,19,Male,Car,67,No,No,No,Poor Weather Visibility,Medium,1.0
ACC24952,12-03-2022,13:09,Telangana,Hyderabad,18.4208,79.5366,Village Road,Clear,Day,40,Male,Bike,43,No,No,No,Signal Jumping,Low,1.0
ACC24953,18-02-2022,19:12,Telangana,Khammam,17.553,79.0029,State Highway,Cloudy,Night,35,Female,Truck,64,No,No,No,Poor Weather Visibility,Medium,6.0
ACC24954,08-02-2024,15:27,Tamil Nadu,Coimbatore,10.9656,78.9755,City Road,Clear,Day,37,Male,Bus,50,No,Yes,Yes,Drowsy Driving,Low,1.0
ACC24955,24-01-2022,00:19,Telangana,Nizamabad,18.4549,78.9204,City Road,Clear,Night,18,Male,Auto,82,No,Yes,No,Over Speeding,High,6.0
ACC24956,29-03-2022,18:28,Andhra Pradesh,Kurnool,16.344,79.9984,City Road,Rainy,Dusk,31,Female,Car,54,No,No,Yes,Poor Weather Visibility,Low,1.0
ACC24957,02-10-2022,22:20,Telangana,Khammam,17.9543,78.7527,State Highway,Cloudy,Night,29,Male,Bike,75,Yes,No,No,Drunk Driving,High,10.0
ACC24958,22-04-2023,12:51,Kerala,Kollam,9.4583,76.0884,Village Road,Clear,Day,18,Female,Car,47,No,No,No,Signal Jumping,Medium,1.0
ACC24959,15-09-2023,19:29,Tamil Nadu,Coimbatore,10.7616,79.0456,Expressway,Foggy,Night,28,Male,Auto,97,Yes,No,No,Poor Weather Visibility,High,
ACC24960,03-09-2024,10:35,Andhra Pradesh,Visakhapatnam,15.6547,80.1495,Village Road,Rainy,Day,22,Male,Bike,41,No,No,No,Poor Weather Visibility,Low,0.0
ACC24961,22-08-2022,20:52,Andhra Pradesh,Guntur,16.2171,80.0477,City Road,Rainy,Night,38,Female,Bike,46,No,No,No,Poor Weather Visibility,Medium,5.0
ACC24962,24-04-2022,07:57,Karnataka,Hubballi,15.5797,76.3461,City Road,Cloudy,Day,45,Male,Bike,39,No,No,No,Poor Weather Visibility,Low,0.0
ACC24963,01-01-2023,16:42,Kerala,Ernakulam,10.369,75.9715,National Highway,Rainy,Day,42,Male,Bike,58,No,No,No,Poor Weather Visibility,Medium,2.0
ACC24964,16-10-2024,18:13,Telangana,Karimnagar,17.4756,79.8418,City Road,Overcast,Dusk,28,Male,Auto,38,No,No,No,Poor Weather Visibility,Low,0.0
ACC24965,30-11-2023,10:37,Andhra Pradesh,Visakhapatnam,14.7506,80.203,City Road,Rainy,Day,65,Male,Bike,59,No,No,No,Poor Weather Visibility,Medium,2.0
ACC24966,11-10-2024,07:56,Karnataka,Hubballi,15.3901,75.4874,National Highway,Rainy,Day,27,Female,Bike,69,No,No,No,Poor Weather Visibility,Medium,2.0
ACC24967,16-04-2023,20:13,Andhra Pradesh,Vijayawada,15.3221,80.046,City Road,Clear,Night,34,Male,Bike,51,Yes,No,No,Drunk Driving,Low,2.0
ACC24968,26-12-2023,17:28,Telangana,Nizamabad,17.9282,78.8649,National Highway,Clear,Dusk,44,Male,Truck,65,No,No,No,Over Speeding,Medium,
ACC24969,03-05-2022,10:20,Telangana,Hyderabad,18.2709,78.7402,National Highway,Cloudy,Day,50,Male,Auto,68,No,Yes,No,Drowsy Driving,Medium,
ACC24970,30-11-2023,17:57,Tamil Nadu,Chennai,10.4746,78.0884,State Highway,Clear,Dusk,18,Male,Car,47,No,No,No,Poor Weather Visibility,Low,4.0
ACC24971,02-05-2024,17:56,Karnataka,Mangaluru,15.4756,75.9423,State Highway,Clear,Dusk,23,Male,Car,54,No,No,No,Poor Weather Visibility,Low,
ACC24972,07-06-2022,18:07,Karnataka,Belagavi,15.4372,75.9632,City Road,Overcast,Dusk,34,Male,Bike,61,No,No,Yes,Pothole/Bad Road,Medium,0.0
ACC24973,24-10-2024,19:48,Kerala,Thrissur,10.6731,75.7433,City Road,Rainy,Night,18,Male,Bike,77,Yes,No,Yes,Poor Weather Visibility,High,5.0
ACC24974,05-09-2023,20:21,Tamil Nadu,Chennai,11.8834,78.1712,City Road,Clear,Night,18,Male,Auto,64,Yes,No,No,Drunk Driving,High,
ACC24975,15-10-2024,12:55,Tamil Nadu,Tiruchirappalli,11.4568,78.891,Village Road,Rainy,Day,39,Male,Car,58,No,No,No,Poor Weather Visibility,Low,1.0
ACC24976,11-04-2022,18:37,Andhra Pradesh,Nellore,16.3302,79.9008,City Road,Clear,Dusk,30,Female,Truck,54,No,No,Yes,Pothole/Bad Road,Low,0.0
ACC24977,20-02-2023,15:50,Karnataka,Mysuru,14.9264,75.9688,National Highway,Clear,Day,50,Female,Bike,89,No,No,No,Over Speeding,High,3.0
ACC24978,23-10-2023,20:01,Karnataka,Bengaluru Urban,15.9567,75.8059,National Highway,Clear,Night,48,Male,Car,72,No,No,No,Over Speeding,High,7.0
ACC24979,07-02-2022,14:14,Tamil Nadu,Salem,10.995,77.9555,City Road,Clear,Day,25,Male,Truck,50,No,No,No,Signal Jumping,Low,0.0
ACC24980,06-02-2024,10:05,Karnataka,Mysuru,15.1998,76.1224,City Road,Clear,Day,31,Male,Bike,49,No,No,No,Poor Weather Visibility,Low,1.0
ACC24981,28-04-2023,08:58,Telangana,Warangal,18.0268,78.8686,State Highway,Rainy,Day,36,Female,Car,76,No,No,Yes,Poor Weather Visibility,Medium,6.0
ACC24982,17-02-2024,13:27,Kerala,Kollam,9.5518,76.7183,State Highway,Clear,Day,45,Male,Car,62,No,No,No,Over Speeding,Low,1.0
ACC24983,14-06-2022,19:06,Telangana,Nizamabad,18.2633,79.0128,City Road,Cloudy,Night,31,Male,Bike,40,No,Yes,No,Drowsy Driving,Low,0.0
ACC24984,07-11-2024,23:08,Telangana,Khammam,18.3764,79.7127,Village Road,Rainy,Night,29,Male,Car,37,No,No,Yes,Poor Weather Visibility,Low,2.0
ACC24985,18-03-2023,15:34,Puducherry,Puducherry,11.6087,79.8463,State Highway,Rainy,Day,18,Female,Truck,45,No,No,No,Poor Weather Visibility,Low,1.0
ACC24986,14-11-2022,16:29,Tamil Nadu,Tiruchirappalli,11.2763,78.3178,Village Road,Cloudy,Day,50,Male,Car,41,No,No,Yes,Pothole/Bad Road,Low,0.0
ACC24987,13-02-2024,19:33,Andhra Pradesh,Nellore,15.3244,80.1841,City Road,Clear,Night,25,Male,Bike,27,No,No,No,Signal Jumping,Low,1.0
ACC24988,17-06-2024,16:20,Tamil Nadu,Chennai,11.5042,78.6765,State Highway,Rainy,Day,22,Male,Truck,50,No,No,No,Poor Weather Visibility,Medium,0.0
ACC24989,22-08-2023,17:58,Tamil Nadu,Salem,10.9894,78.7064,National Highway,Cloudy,Dusk,57,Male,Car,56,No,No,No,Poor Weather Visibility,Medium,4.0
ACC24990,09-01-2024,18:37,Tamil Nadu,Salem,11.6934,79.1939,City Road,Cloudy,Dusk,42,Male,Bike,40,No,No,No,Poor Weather Visibility,Low,2.0
ACC24991,04-08-2024,06:50,Andhra Pradesh,Kurnool,15.6748,80.2087,City Road,Clear,Day,38,Male,Car,47,No,No,Yes,Signal Jumping,Low,1.0
ACC24992,24-11-2023,01:02,Tamil Nadu,Coimbatore,10.8388,78.4976,Village Road,Clear,Night,35,Male,Auto,45,No,No,No,Poor Weather Visibility,Low,5.0
ACC24993,09-10-2023,05:14,Kerala,Thrissur,10.4344,76.191,State Highway,Rainy,Dawn,26,Male,Bike,49,No,No,No,Poor Weather Visibility,Low,2.0
ACC24994,14-05-2022,15:56,Tamil Nadu,Salem,10.966,78.548,Village Road,Cloudy,Day,18,Female,Car,31,No,No,No,Signal Jumping,Low,0.0
ACC24995,02-11-2023,01:21,Andhra Pradesh,Visakhapatnam,14.9101,79.2386,State Highway,Clear,Night,39,Male,Auto,54,No,Yes,Yes,Drowsy Driving,Low,1.0
ACC24996,30-03-2022,18:01,Karnataka,Belagavi,14.7396,75.7918,Expressway,Cloudy,Dusk,28,Male,Auto,61,No,No,No,Poor Weather Visibility,Medium,10.0
ACC24997,02-02-2023,06:35,Tamil Nadu,Chennai,11.0576,78.59,National Highway,Clear,Day,36,Male,Bus,66,No,No,No,Signal Jumping,Medium,2.0
ACC24998,04-12-2022,07:35,Telangana,Warangal,17.6382,79.481,National Highway,Rainy,Day,43,Male,Car,72,No,No,No,Poor Weather Visibility,Medium,0.0
ACC24999,12-05-2022,11:56,Tamil Nadu,Madurai,10.9224,78.5369,Expressway,Clear,Day,70,Male,Auto,74,No,No,No,Over Speeding,Medium,1.0
ACC25000,22-04-2024,11:02,Karnataka,Mangaluru,15.4163,75.6664,State Highway,Clear,Day,18,Male,Car,68,No,No,No,Over Speeding,Medium,1.0
ACC25001,09-07-2022,09:32,Tamil Nadu,Tiruchirappalli,10.9087,78.4534,State Highway,Cloudy,Day,34,Female,Auto,46,No,No,No,Poor Weather Visibility,Low,1.0
ACC25002,07-05-2022,18:28,Tamil Nadu,Coimbatore,10.5987,78.8007,Village Road,Clear,Dusk,52,Male,Bike,58,No,No,No,Signal Jumping,Low,0.0
ACC25003,06-03-2024,09:18,Karnataka,Bengaluru Urban,14.5859,76.0163,State Highway,Rainy,Day,26,Male,Bus,66,No,No,No,Poor Weather Visibility,Medium,2.0
ACC25004,20-07-2023,15:17,Tamil Nadu,Coimbatore,11.0135,78.2891,National Highway,Clear,Day,29,Male,Bike,78,No,No,No,Over Speeding,Medium,3.0
ACC25005,03-01-2022,13:57,Tamil Nadu,Salem,11.3662,78.9326,State Highway,Clear,Day,18,Male,Bike,48,Yes,No,No,Drunk Driving,Medium,1.0
ACC25006,19-03-2023,14:27,Kerala,Thiruvananthapuram,10.5105,75.9251,State Highway,Overcast,Day,38,Male,Bike,42,No,No,No,Poor Weather Visibility,Low,2.0
ACC25007,22-05-2022,00:28,Karnataka,Hubballi,15.3999,75.7575,City Road,Clear,Night,35,Male,Bike,47,No,No,No,Signal Jumping,Medium,4.0
ACC25008,18-09-2023,09:07,Telangana,Khammam,17.6708,79.0904,City Road,Overcast,Day,57,Male,Bike,43,No,Yes,No,Drowsy Driving,Low,1.0
ACC25009,18-10-2024,00:52,Puducherry,Karaikal,12.8223,80.0768,National Highway,Rainy,Night,40,Female,Bike,79,No,No,Yes,Poor Weather Visibility,High,4.0
ACC25010,19-12-2023,10:37,Tamil Nadu,Coimbatore,10.4234,78.5227,National Highway,Clear,Day,49,Male,Bike,70,No,No,No,Over Speeding,Low,0.0
ACC25011,18-12-2024,18:34,Kerala,Thrissur,10.7577,76.0097,Village Road,Cloudy,Dusk,37,Male,Auto,30,No,Yes,Yes,Drowsy Driving,Low,
ACC25012,08-09-2024,14:18,Karnataka,Hubballi,14.9189,75.177,National Highway,Clear,Day,42,Male,Truck,83,Yes,No,No,Drunk Driving,Medium,2.0
ACC25013,19-01-2022,09:16,Tamil Nadu,Tiruchirappalli,10.5354,78.8983,Village Road,Cloudy,Day,37,Male,Truck,49,No,No,No,Poor Weather Visibility,Low,1.0
ACC25014,08-04-2023,19:07,Andhra Pradesh,Nellore,16.531,79.6646,National Highway,Foggy,Night,36,Male,Bike,91,Yes,No,No,Poor Weather Visibility,High,9.0
ACC25015,23-12-2023,07:40,Karnataka,Belagavi,15.2936,75.4278,City Road,Clear,Day,45,Male,Truck,49,Yes,No,No,Drunk Driving,Low,1.0
ACC25016,17-09-2022,14:12,Karnataka,Bengaluru Urban,15.1095,75.5195,Village Road,Cloudy,Day,37,Male,Bike,30,No,No,Yes,Pothole/Bad Road,Low,1.0
ACC25017,22-04-2023,16:30,Kerala,Kozhikode,10.6072,75.9292,National Highway,Overcast,Day,67,Male,Bike,76,No,No,No,Over Speeding,Low,1.0
ACC25018,02-03-2024,13:00,Tamil Nadu,Tiruchirappalli,10.8796,77.9981,Village Road,Overcast,Day,50,Female,Bike,19,No,No,No,Poor Weather Visibility,Low,3.0
ACC25019,27-10-2023,05:32,Andhra Pradesh,Vijayawada,15.628,79.8683,Village Road,Clear,Dawn,40,Male,Truck,57,Yes,No,No,Drunk Driving,Medium,1.0
ACC25020,13-11-2022,07:55,Karnataka,Hubballi,15.3334,75.7126,State Highway,Clear,Day,53,Male,Bus,34,No,No,No,Signal Jumping,Low,0.0
ACC25021,07-02-2024,10:28,Telangana,Hyderabad,17.7431,78.8552,State Highway,Rainy,Day,27,Female,Bus,78,No,No,No,Poor Weather Visibility,Medium,5.0
ACC25022,24-10-2023,12:56,Kerala,Ernakulam,10.8692,76.2351,Village Road,Rainy,Day,41,Male,Car,31,No,No,No,Poor Weather Visibility,Low,0.0
ACC25023,09-02-2022,11:41,Telangana,Warangal,17.3894,78.9643,Village Road,Overcast,Day,31,Male,Car,40,No,No,No,Poor Weather Visibility,Low,2.0
ACC25024,10-10-2023,14:54,Telangana,Warangal,17.7495,79.2383,Expressway,Cloudy,Day,18,Male,Car,84,No,No,No,Over Speeding,Medium,2.0
ACC25025,23-07-2022,06:40,Tamil Nadu,Tiruchirappalli,11.6189,78.7508,Expressway,Clear,Day,34,Male,Bike,64,No,No,No,Signal Jumping,Medium,5.0
ACC25026,15-12-2022,15:46,Telangana,Hyderabad,17.8948,79.0553,Village Road,Clear,Day,18,Female,Car,33,No,No,No,Signal Jumping,Low,1.0
ACC25027,07-10-2022,15:14,Karnataka,Bengaluru Urban,15.3132,75.6452,City Road,Foggy,Day,57,Male,Car,43,No,No,No,Poor Weather Visibility,Low,2.0
ACC25028,22-08-2023,11:41,Kerala,Thrissur,10.2688,76.4138,City Road,Clear,Day,33,Male,Bike,46,No,No,No,Signal Jumping,Low,2.0
ACC25029,21-09-2024,21:37,Kerala,Thrissur,9.9127,76.1318,Village Road,Rainy,Night,54,Male,Car,40,No,No,Yes,Poor Weather Visibility,Low,2.0
ACC25030,06-12-2023,09:31,Kerala,Ernakulam,10.2562,76.1546,Village Road,Foggy,Day,34,Male,Car,48,Yes,No,No,Poor Weather Visibility,Medium,4.0
ACC25031,05-08-2024,08:19,Telangana,Nizamabad,18.0935,78.6475,City Road,Clear,Day,49,Female,Car,38,No,No,No,Poor Weather Visibility,Low,2.0
ACC25032,07-01-2022,15:25,Tamil Nadu,Chennai,10.5695,78.8166,Village Road,Rainy,Day,18,Male,Auto,28,No,Yes,No,Poor Weather Visibility,Low,1.0
ACC25033,24-09-2023,06:07,Kerala,Ernakulam,10.8562,76.2117,Village Road,Clear,Day,26,Male,Car,53,No,No,Yes,Pothole/Bad Road,Low,1.0
ACC25034,10-01-2022,01:35,Andhra Pradesh,Visakhapatnam,15.685,79.3122,State Highway,Overcast,Night,18,Male,Car,47,No,No,No,Poor Weather Visibility,Low,1.0
ACC25035,15-07-2024,21:42,Karnataka,Mangaluru,15.0267,75.534,City Road,Clear,Night,44,Female,Bike,60,No,No,Yes,Pothole/Bad Road,Medium,8.0
ACC25036,06-05-2022,16:26,Tamil Nadu,Chennai,11.0157,78.6512,National Highway,Rainy,Day,34,Male,Car,61,No,No,Yes,Poor Weather Visibility,Medium,2.0
ACC25037,13-10-2022,12:31,Telangana,Khammam,18.3135,79.3926,Village Road,Rainy,Day,35,Male,Bike,50,No,No,Yes,Poor Weather Visibility,Medium,1.0
ACC25038,17-08-2023,21:05,Tamil Nadu,Madurai,10.8109,78.1882,State Highway,Rainy,Night,45,Male,Car,77,No,Yes,Yes,Poor Weather Visibility,High,3.0