Accident_ID,Date,Time,State,District,Latitude,Longitude,Road_Type,Weather,Light_Condition,Driver_Age,Driver_Gender,Vehicle_Type,Speed_kmph,Alcohol_Involved,Driver_Drowsy,Pothole_Involved,Cause_of_Accident,Severity,Casualties
ACC25039,14-06-2022,22:40,Andhra Pradesh,Kurnool,15.8511,79.8826,City Road,Overcast,Night,32,Male,Bike,66,Yes,No,No,Drunk Driving,Medium,0.0
ACC25040,06-05-2024,07:01,Kerala,Kollam,10.0998,76.3396,Expressway,Overcast,Day,27,Male,Bike,80,No,No,No,Over Speeding,High,9.0
ACC25041,16-07-2024,08:06,Andhra Pradesh,Vijayawada,16.0234,79.3671,National Highway,Foggy,Day,49,Male,Car,81,Yes,No,No,Poor Weather Visibility,High,4.0
ACC25042,14-12-2022,17:30,Telangana,Hyderabad,17.6729,78.4113,Village Road,Clear,Dusk,41,Male,Bus,39,No,No,No,Signal Jumping,Low,2.0
ACC25043,14-05-2022,00:07,Puducherry,Puducherry,11.2702,79.1511,Expressway,Clear,Night,68,Male,Bike,91,No,No,No,Over Speeding,Medium,2.0
ACC25044,02-12-2023,01:58,Tamil Nadu,Salem,10.2649,78.4151,State Highway,Cloudy,Night,48,Female,Bike,75,Yes,No,No,Drunk Driving,High,8.0
ACC25045,30-11-2023,09:38,Andhra Pradesh,Visakhapatnam,15.4467,79.6284,National Highway,Overcast,Day,52,Male,Truck,72,No,No,No,Poor Weather Visibility,Low,0.0
ACC25046,10-01-2023,15:07,Telangana,Nizamabad,18.2762,78.7786,National Highway,Clear,Day,18,Female,Bike,64,No,No,No,Signal Jumping,Low,1.0
ACC25047,24-05-2023,22:50,Kerala,Ernakulam,9.7313,76.1865,City Road,Clear,Night,39,Male,Truck,61,Yes,No,No,Drunk Driving,Medium,2.0
ACC25048,02-07-2023,19:44,Andhra Pradesh,Vijayawada,16.0284,79.5615,National Highway,Clear,Night,32,Female,Car,104,Yes,No,No,Over Speeding,High,10.0
ACC25049,24-04-2023,08:06,Tamil Nadu,Salem,11.4283,78.3416,City Road,Clear,Day,48,Female,Auto,47,No,No,No,Poor Weather Visibility,Low,1.0
ACC25050,20-10-2022,09:29,Karnataka,Mangaluru,15.1187,75.4193,State Highway,Rainy,Day,45,Male,Truck,56,No,No,No,Poor Weather Visibility,Low,1.0
ACC25051,21-03-2024,09:29,Karnataka,Mysuru,15.7276,75.0593,State Highway,Clear,Day,19,Male,Truck,75,No,No,No,Over Speeding,Low,2.0
ACC25052,08-03-2023,19:52,Andhra Pradesh,Vijayawada,16.5834,79.4718,State Highway,Cloudy,Night,27,Male,Bike,76,Yes,No,No,Drunk Driving,High,6.0
ACC25053,29-07-2024,12:02,Karnataka,Bengaluru Urban,15.0741,75.8041,Expressway,Clear,Day,47,Female,Car,80,No,No,No,Over Speeding,Low,0.0
ACC25054,23-06-2022,08:49,Telangana,Khammam,17.4802,79.2669,State Highway,Clear,Day,37,Male,Bike,67,No,No,No,Over Speeding,Medium,6.0
ACC25055,07-10-2022,20:10,Andhra Pradesh,Visakhapatnam,15.5915,79.5145,Village Road,Foggy,Night,22,Male,Car,49,Yes,No,No,Poor Weather Visibility,Medium,3.0
ACC25056,21-01-2022,19:06,Andhra Pradesh,Guntur,15.9282,79.7891,City Road,Rainy,Night,47,Male,Bike,40,Yes,No,No,Signal Jumping,Low,5.0
ACC25057,14-05-2023,17:03,Telangana,Nizamabad,17.535,79.0508,City Road,Overcast,Dusk,39,Female,Bike,47,No,No,No,Poor Weather Visibility,Low,0.0
ACC25058,12-12-2023,20:14,Kerala,Kozhikode,9.6204,76.3172,City Road,Clear,Night,18,Male,Car,69,Yes,No,No,Drunk Driving,Medium,3.0
ACC25059,15-07-2024,16:22,Kerala,Kozhikode,10.0823,75.4098,Expressway,Clear,Day,18,Male,Car,89,No,No,No,Over Speeding,High,5.0
ACC25060,11-06-2022,23:59,Tamil Nadu,Tiruchirappalli,11.214,79.2186,City Road,Clear,Night,40,Male,Car,59,Yes,Yes,No,Drunk Driving,Medium,1.0
ACC25061,09-11-2023,11:28,Tamil Nadu,Tiruchirappalli,10.163,78.3124,National Highway,Clear,Day,36,Male,Truck,76,No,No,No,Over Speeding,Medium,3.0
ACC25062,22-02-2024,09:24,Telangana,Khammam,17.9722,79.537,Village Road,Clear,Day,30,Male,Bike,34,No,No,No,Signal Jumping,Low,0.0
ACC25063,06-01-2024,09:55,Kerala,Thiruvananthapuram,9.7154,76.46,Village Road,Overcast,Day,27,Female,Truck,27,No,Yes,No,Drowsy Driving,Low,1.0
ACC25064,23-11-2022,13:00,Andhra Pradesh,Vijayawada,15.9175,79.4888,Village Road,Cloudy,Day,52,Male,Bike,45,No,No,Yes,Pothole/Bad Road,Medium,2.0
ACC25065,04-03-2022,16:14,Karnataka,Mangaluru,15.7239,75.3801,State Highway,Cloudy,Day,48,Female,Bike,54,No,No,Yes,Pothole/Bad Road,Medium,2.0
ACC25066,25-02-2023,12:56,Tamil Nadu,Coimbatore,10.2456,78.8366,City Road,Cloudy,Day,28,Male,Car,39,No,No,Yes,Signal Jumping,Low,4.0
ACC25067,24-09-2023,17:08,Tamil Nadu,Chennai,11.1023,78.8581,National Highway,Clear,Dusk,46,Male,Auto,61,Yes,No,No,Drunk Driving,Medium,5.0
ACC25068,09-04-2023,11:53,Telangana,Nizamabad,17.6683,78.8712,Expressway,Clear,Day,39,Male,Auto,66,No,No,No,Over Speeding,Low,2.0
ACC25069,24-03-2022,11:16,Andhra Pradesh,Guntur,16.3836,80.6109,City Road,Cloudy,Day,39,Male,Auto,69,Yes,No,No,Drunk Driving,Medium,1.0
ACC25070,12-06-2023,03:57,Tamil Nadu,Coimbatore,10.8657,78.7303,National Highway,Clear,Night,50,Male,Bike,59,No,No,No,Signal Jumping,Medium,1.0
ACC25071,26-12-2023,09:12,Karnataka,Hubballi,14.6113,75.0432,Village Road,Clear,Day,41,Male,Car,39,No,No,Yes,Pothole/Bad Road,Low,0.0
ACC25072,01-12-2023,17:43,Tamil Nadu,Chennai,11.3446,78.5725,Expressway,Cloudy,Dusk,45,Male,Auto,66,No,No,No,Poor Weather Visibility,Medium,3.0
ACC25073,12-05-2023,08:29,Karnataka,Mangaluru,15.4706,75.1782,State Highway,Cloudy,Day,46,Male,Auto,84,Yes,No,No,Drunk Driving,High,6.0
ACC25074,27-11-2024,15:17,Kerala,Kollam,10.6987,76.433,Village Road,Cloudy,Day,19,Male,Auto,30,No,No,No,Signal Jumping,Low,2.0
ACC25075,30-06-2022,12:43,Karnataka,Hubballi,15.0199,75.7914,National Highway,Clear,Day,46,Male,Truck,58,No,Yes,No,Drowsy Driving,Low,1.0
ACC25076,18-08-2023,08:13,Telangana,Karimnagar,18.2138,79.1698,City Road,Clear,Day,60,Male,Car,63,No,No,No,Signal Jumping,Low,3.0
ACC25077,23-07-2024,08:13,Tamil Nadu,Chennai,11.3478,79.0465,State Highway,Clear,Day,41,Male,Car,54,No,No,No,Signal Jumping,Low,0.0
ACC25078,07-03-2022,22:03,Tamil Nadu,Salem,11.0744,78.6284,City Road,Clear,Night,27,Female,Auto,78,Yes,Yes,No,Drunk Driving,High,5.0
ACC25079,25-09-2022,22:42,Telangana,Warangal,18.6648,79.0213,Expressway,Rainy,Night,20,Male,Bike,81,No,No,No,Poor Weather Visibility,High,
ACC25080,10-06-2024,07:12,Telangana,Nizamabad,18.1332,79.3426,Village Road,Clear,Day,34,Male,Bike,34,No,No,Yes,Pothole/Bad Road,Low,3.0
ACC25081,02-04-2024,18:46,Andhra Pradesh,Guntur,15.5718,79.3175,Expressway,Clear,Dusk,31,Male,Car,80,No,No,No,Over Speeding,Medium,1.0
ACC25082,06-08-2023,21:47,Tamil Nadu,Chennai,11.2424,78.1588,Village Road,Clear,Night,29,Female,Car,41,No,No,No,Signal Jumping,Low,2.0
ACC25083,09-07-2024,19:37,Kerala,Kollam,10.7563,75.767,City Road,Rainy,Night,58,Male,Truck,51,No,No,No,Poor Weather Visibility,Low,3.0
ACC25084,19-09-2023,11:54,Tamil Nadu,Salem,11.3855,78.1332,City Road,Clear,Day,36,Male,Auto,62,No,No,No,Over Speeding,Medium,3.0
ACC25085,23-03-2022,18:43,Kerala,Kozhikode,10.8698,76.6548,State Highway,Clear,Dusk,35,Male,Car,60,No,No,Yes,Pothole/Bad Road,Medium,3.0
ACC25086,29-10-2022,20:08,Karnataka,Hubballi,15.3361,75.7238,National Highway,Rainy,Night,24,Female,Bike,69,No,Yes,Yes,Poor Weather Visibility,High,7.0
ACC25087,02-07-2023,18:01,Tamil Nadu,Chennai,11.1223,78.3076,Village Road,Rainy,Dusk,27,Male,Bike,48,Yes,No,Yes,Poor Weather Visibility,High,10.0
ACC25088,26-04-2024,22:48,Andhra Pradesh,Vijayawada,15.8199,79.5485,City Road,Rainy,Night,40,Male,Car,47,No,No,Yes,Poor Weather Visibility,Low,0.0
ACC25089,06-06-2023,19:32,Telangana,Khammam,17.3871,78.5611,National Highway,Overcast,Night,36,Male,Auto,73,Yes,Yes,No,Drunk Driving,High,4.0
ACC25090,17-10-2023,09:52,Tamil Nadu,Madurai,11.3168,79.4165,National Highway,Clear,Day,61,Male,Bike,99,No,No,No,Over Speeding,High,2.0
ACC25091,14-08-2023,07:37,Telangana,Warangal,18.6005,79.0695,City Road,Clear,Day,27,Male,Auto,55,No,No,Yes,Pothole/Bad Road,Low,1.0
ACC25092,17-07-2022,18:35,Tamil Nadu,Coimbatore,11.129,79.2715,Village Road,Clear,Dusk,44,Male,Car,16,No,No,No,Poor Weather Visibility,Low,1.0
ACC25093,11-10-2024,09:03,Andhra Pradesh,Visakhapatnam,15.8576,79.4599,Village Road,Clear,Day,35,Male,Bike,47,No,No,Yes,Pothole/Bad Road,Medium,1.0
ACC25094,28-10-2023,07:48,Telangana,Hyderabad,17.8505,79.8283,Village Road,Rainy,Day,28,Male,Auto,15,No,No,No,Poor Weather Visibility,Low,0.0
ACC25095,24-03-2022,15:04,Kerala,Kollam,10.5592,76.1276,Village Road,Rainy,Day,27,Male,Car,40,Yes,No,Yes,Poor Weather Visibility,Medium,2.0
ACC25096,29-11-2022,18:24,Telangana,Khammam,17.6678,79.6857,Village Road,Rainy,Dusk,43,Female,Car,40,No,Yes,Yes,Poor Weather Visibility,Medium,0.0
ACC25097,08-11-2022,22:14,Telangana,Khammam,18.1563,79.0245,Expressway,Overcast,Night,34,Female,Bike,91,Yes,Yes,No,Over Speeding,High,5.0
ACC25098,06-02-2022,23:43,Kerala,Kollam,10.1141,76.5277,Village Road,Clear,Night,18,Male,Car,53,Yes,No,No,Drunk Driving,Medium,3.0
ACC25099,26-09-2022,14:23,Kerala,Kozhikode,10.7984,76.1478,Expressway,Rainy,Day,35,Male,Bike,81,Yes,No,No,Poor Weather Visibility,High,6.0
ACC25100,26-07-2024,08:03,Telangana,Khammam,17.8285,78.9801,National Highway,Clear,Day,63,Male,Car,74,No,No,No,Over Speeding,Low,2.0
ACC25101,20-05-2023,22:57,Karnataka,Mysuru,15.3154,76.128,National Highway,Clear,Night,31,Male,Car,72,No,Yes,No,Drowsy Driving,Medium,2.0
ACC25102,04-11-2022,01:47,Andhra Pradesh,Kurnool,16.5917,80.5912,National Highway,Clear,Night,37,Male,Truck,66,No,No,Yes,Pothole/Bad Road,Medium,1.0
ACC25103,10-08-2023,19:53,Andhra Pradesh,Visakhapatnam,15.6372,80.4877,City Road,Clear,Night,40,Male,Truck,44,No,No,Yes,Pothole/Bad Road,Low,0.0
ACC25104,14-01-2022,20:29,Andhra Pradesh,Vijayawada,16.1673,79.2408,National Highway,Cloudy,Night,30,Male,Bike,84,Yes,No,Yes,Drunk Driving,High,9.0
ACC25105,13-01-2023,13:49,Andhra Pradesh,Kurnool,15.8136,80.0441,National Highway,Foggy,Day,31,Female,Bike,59,No,No,No,Poor Weather Visibility,Medium,1.0
ACC25106,21-06-2024,14:31,Karnataka,Belagavi,14.7547,75.8303,City Road,Cloudy,Day,29,Male,Car,54,No,No,No,Poor Weather Visibility,Low,1.0
ACC25107,24-09-2024,17:10,Telangana,Nizamabad,17.3282,78.629,City Road,Overcast,Dusk,34,Male,Bike,45,No,No,No,Poor Weather Visibility,Low,1.0
ACC25108,30-03-2023,16:59,Andhra Pradesh,Nellore,15.8448,80.2054,National Highway,Clear,Day,34,Female,Auto,75,No,No,Yes,Pothole/Bad Road,Medium,6.0
ACC25109,16-01-2024,15:51,Karnataka,Hubballi,14.968,76.2207,Village Road,Cloudy,Day,27,Male,Bike,60,No,No,No,Poor Weather Visibility,High,5.0
ACC25110,22-10-2024,13:39,Tamil Nadu,Coimbatore,11.6136,78.8151,Village Road,Rainy,Day,34,Male,Bike,39,No,No,No,Poor Weather Visibility,Low,0.0
ACC25111,02-04-2022,07:08,Andhra Pradesh,Vijayawada,15.7095,79.9842,Expressway,Rainy,Day,34,Male,Bike,89,No,No,No,Over Speeding,High,9.0
ACC25112,31-05-2024,14:34,Tamil Nadu,Coimbatore,11.4792,78.3044,State Highway,Rainy,Day,31,Female,Bike,74,Yes,No,No,Poor Weather Visibility,High,5.0
ACC25113,04-02-2023,12:11,Kerala,Kozhikode,10.6138,77.26,National Highway,Rainy,Day,18,Female,Car,57,No,No,No,Poor Weather Visibility,Low,0.0
ACC25114,29-09-2023,15:52,Tamil Nadu,Chennai,11.3743,78.1387,State Highway,Cloudy,Day,42,Male,Car,73,No,No,No,Over Speeding,Medium,2.0
ACC25115,14-07-2024,23:09,Telangana,Hyderabad,17.1481,78.5141,City Road,Overcast,Night,51,Female,Bike,43,Yes,No,Yes,Drunk Driving,Medium,6.0
ACC25116,18-11-2024,08:33,Andhra Pradesh,Nellore,15.1757,79.8061,National Highway,Clear,Day,46,Male,Bike,65,No,No,No,Over Speeding,Low,0.0
ACC25117,05-07-2024,08:56,Karnataka,Hubballi,15.2121,76.0788,National Highway,Clear,Day,22,Male,Bus,85,Yes,No,No,Drunk Driving,High,4.0
ACC25118,26-01-2024,17:40,Kerala,Thiruvananthapuram,9.3504,76.6459,Expressway,Clear,Dusk,39,Male,Car,74,No,No,No,Over Speeding,Low,1.0
ACC25119,27-10-2022,15:19,Kerala,Thrissur,9.8187,76.5608,Village Road,Clear,Day,34,Male,Car,68,Yes,No,No,Drunk Driving,High,4.0
ACC25120,10-12-2024,21:40,Tamil Nadu,Salem,11.655,78.2887,City Road,Cloudy,Night,35,Female,Car,59,Yes,No,Yes,Drunk Driving,Medium,2.0
ACC25121,01-06-2023,21:25,Karnataka,Hubballi,14.8452,76.1757,Expressway,Clear,Night,29,Male,Bike,95,Yes,No,No,Over Speeding,High,6.0
ACC25122,08-07-2022,21:49,Kerala,Thiruvananthapuram,10.4303,77.1163,City Road,Clear,Night,39,Male,Auto,29,No,No,No,Signal Jumping,Low,1.0
ACC25123,20-08-2024,17:41,Kerala,Kollam,10.5243,76.0606,City Road,Rainy,Dusk,25,Male,Bike,46,Yes,No,Yes,Poor Weather Visibility,Medium,3.0
ACC25124,06-06-2022,00:52,Telangana,Nizamabad,18.0268,78.8527,Village Road,Overcast,Night,45,Male,Car,34,No,No,Yes,Pothole/Bad Road,Low,1.0
ACC25125,04-02-2022,01:19,Karnataka,Bengaluru Urban,14.4912,76.3391,City Road,Clear,Night,33,Male,Truck,51,No,No,No,Poor Weather Visibility,Low,0.0
ACC25126,01-12-2024,10:54,Kerala,Kozhikode,10.2808,76.6122,Village Road,Overcast,Day,34,Male,Bike,38,No,No,No,Poor Weather Visibility,Low,2.0
ACC25127,24-04-2022,07:49,Karnataka,Hubballi,15.6218,75.0554,City Road,Clear,Day,65,Male,Car,46,No,Yes,Yes,Drowsy Driving,Low,1.0
ACC25128,11-05-2022,12:07,Telangana,Karimnagar,18.4954,79.2646,State Highway,Rainy,Day,46,Male,Bus,85,No,No,No,Poor Weather Visibility,High,5.0
ACC25129,14-11-2024,00:32,Telangana,Hyderabad,17.71,78.8754,City Road,Cloudy,Night,48,Male,Bus,69,Yes,No,Yes,Drunk Driving,High,6.0
ACC25130,08-01-2024,22:06,Kerala,Thrissur,10.5216,75.9562,Village Road,Rainy,Night,23,Male,Car,70,Yes,No,Yes,Poor Weather Visibility,High,3.0
ACC25131,11-02-2024,06:47,Tamil Nadu,Coimbatore,11.5915,78.2039,National Highway,Foggy,Day,61,Male,Bike,62,No,No,No,Poor Weather Visibility,Medium,2.0
ACC25132,15-11-2022,19:17,Karnataka,Bengaluru Urban,14.9612,75.3607,State Highway,Foggy,Night,39,Female,Auto,86,Yes,No,Yes,Poor Weather Visibility,High,4.0
ACC25133,24-02-2023,17:58,Telangana,Hyderabad,18.6439,79.047,City Road,Clear,Dusk,18,Male,Auto,48,No,No,No,Signal Jumping,Low,1.0
ACC25134,16-04-2024,16:41,Karnataka,Bengaluru Urban,15.7559,75.6974,City Road,Rainy,Day,36,Male,Bike,32,No,No,Yes,Poor Weather Visibility,Low,1.0
ACC25135,27-06-2024,04:12,Telangana,Khammam,17.2983,79.0053,Village Road,Clear,Night,18,Male,Car,53,No,Yes,No,Drowsy Driving,Low,1.0
ACC25136,15-06-2023,06:15,Telangana,Nizamabad,18.3196,79.166,State Highway,Overcast,Day,56,Male,Bike,51,No,No,Yes,Pothole/Bad Road,Low,2.0
ACC25137,31-10-2023,10:52,Tamil Nadu,Madurai,11.2514,78.8351,Expressway,Clear,Day,55,Male,Car,85,No,No,No,Over Speeding,Medium,2.0
ACC25138,11-06-2023,14:33,Kerala,Kozhikode,10.5086,75.8659,City Road,Clear,Day,32,Male,Bike,51,No,No,Yes,Pothole/Bad Road,Low,0.0
ACC25139,30-06-2022,13:39,Telangana,Hyderabad,17.578,78.8175,State Highway,Clear,Day,37,Male,Bike,54,No,No,No,Signal Jumping,Low,0.0
ACC25140,07-07-2024,17:07,Telangana,Warangal,17.7851,78.7016,State Highway,Clear,Dusk,49,Male,Car,71,No,No,No,Signal Jumping,Low,0.0
ACC25141,10-06-2023,02:07,Tamil Nadu,Chennai,11.2972,78.1637,Expressway,Cloudy,Night,28,Female,Car,72,No,No,No,Poor Weather Visibility,Low,1.0
ACC25142,04-06-2023,15:35,Tamil Nadu,Madurai,10.2106,77.9488,National Highway,Clear,Day,43,Male,Truck,66,No,Yes,No,Drowsy Driving,Medium,4.0
ACC25143,17-01-2024,21:01,Kerala,Thrissur,10.9129,75.7661,City Road,Clear,Night,38,Male,Bike,44,No,No,No,Signal Jumping,Low,0.0
ACC25144,14-03-2023,13:11,Kerala,Kollam,10.5184,75.5116,Village Road,Cloudy,Day,31,Female,Bike,31,No,No,No,Poor Weather Visibility,Low,1.0
ACC25145,15-05-2024,08:35,Karnataka,Bengaluru Urban,15.4338,75.2412,Expressway,Clear,Day,18,Female,Car,87,No,No,No,Over Speeding,Medium,3.0
ACC25146,01-03-2022,15:06,Telangana,Hyderabad,18.8725,78.7688,Village Road,Rainy,Day,67,Male,Truck,54,No,No,No,Poor Weather Visibility,Low,1.0
ACC25147,23-12-2023,13:38,Tamil Nadu,Chennai,10.9463,78.8101,City Road,Clear,Day,41,Male,Bike,40,No,No,No,Poor Weather Visibility,Low,1.0
ACC25148,25-04-2023,19:02,Andhra Pradesh,Visakhapatnam,14.874,79.4622,Village Road,Overcast,Night,49,Male,Car,45,No,No,Yes,Pothole/Bad Road,Medium,4.0
ACC25149,03-04-2023,18:44,Andhra Pradesh,Visakhapatnam,15.9439,79.5873,Village Road,Clear,Dusk,36,Female,Car,57,No,Yes,No,Drowsy Driving,Medium,5.0
ACC25150,16-06-2022,05:19,Tamil Nadu,Madurai,11.5289,78.6545,City Road,Foggy,Dawn,43,Female,Bike,39,No,No,No,Poor Weather Visibility,Medium,1.0
ACC25151,15-06-2024,02:25,Tamil Nadu,Salem,10.8908,79.549,State Highway,Clear,Night,25,Male,Car,78,No,Yes,No,Drowsy Driving,Medium,4.0
ACC25152,14-08-2023,20:21,Kerala,Thrissur,9.6708,76.6672,National Highway,Overcast,Night,40,Male,Car,73,No,No,No,Over Speeding,Medium,4.0
ACC25153,16-10-2023,00:33,Tamil Nadu,Tiruchirappalli,10.8408,79.3369,City Road,Rainy,Night,23,Male,Bike,56,Yes,No,No,Poor Weather Visibility,High,5.0
ACC25154,09-09-2022,13:27,Tamil Nadu,Madurai,11.053,78.3279,National Highway,Rainy,Day,18,Female,Bike,67,No,No,No,Poor Weather Visibility,Medium,1.0
ACC25155,16-10-2022,22:48,Telangana,Khammam,17.1559,78.9861,Village Road,Clear,Night,43,Male,Bike,51,No,Yes,Yes,Drowsy Driving,Medium,2.0
ACC25156,02-12-2023,11:16,Karnataka,Bengaluru Urban,15.2562,75.7316,State Highway,Clear,Day,31,Female,Car,47,No,No,Yes,Pothole/Bad Road,Low,
ACC25157,18-03-2023,16:05,Karnataka,Mangaluru,14.7334,75.8009,State Highway,Cloudy,Day,34,Male,Car,45,No,No,No,Poor Weather Visibility,Low,0.0
ACC25158,19-08-2022,19:21,Telangana,Warangal,17.289,78.5892,National Highway,Clear,Night,30,Female,Truck,85,No,No,No,Over Speeding,Medium,6.0
ACC25159,27-04-2024,13:19,Karnataka,Hubballi,14.8444,75.6272,City Road,Clear,Day,46,Female,Bike,43,No,No,No,Signal Jumping,Low,0.0
ACC25160,17-01-2024,08:42,Tamil Nadu,Salem,11.1383,78.9249,National Highway,Clear,Day,32,Male,Auto,58,No,No,Yes,Pothole/Bad Road,Low,1.0
ACC25161,17-01-2022,14:54,Karnataka,Hubballi,15.8735,76.3706,Village Road,Clear,Day,37,Male,Bike,50,Yes,No,Yes,Drunk Driving,Low,0.0
ACC25162,09-02-2023,13:30,Kerala,Kollam,9.9546,76.9621,State Highway,Clear,Day,54,Female,Bus,67,No,No,No,Over Speeding,Medium,2.0
ACC25163,16-06-2022,10:27,Telangana,Hyderabad,17.4702,79.9508,State Highway,Clear,Day,47,Female,Car,73,No,No,No,Over Speeding,Low,1.0
ACC25164,18-10-2022,17:29,Telangana,Hyderabad,18.4536,79.1263,City Road,Cloudy,Dusk,18,Male,Auto,42,No,No,Yes,Pothole/Bad Road,Low,0.0
ACC25165,14-08-2022,23:52,Tamil Nadu,Madurai,10.5722,78.4674,City Road,Overcast,Night,56,Female,Bike,48,Yes,No,Yes,Drunk Driving,Medium,1.0
ACC25166,11-01-2023,13:43,Karnataka,Hubballi,15.4178,75.4777,State Highway,Overcast,Day,26,Male,Bike,46,Yes,No,No,Drunk Driving,Medium,2.0
ACC25167,05-01-2023,13:22,Telangana,Warangal,18.0578,79.3714,State Highway,Clear,Day,20,Female,Bike,62,No,No,No,Over Speeding,Low,2.0
ACC25168,01-03-2023,12:06,Tamil Nadu,Coimbatore,11.2419,78.1876,City Road,Clear,Day,27,Male,Auto,49,Yes,No,No,Drunk Driving,Low,1.0
ACC25169,25-01-2023,06:44,Tamil Nadu,Coimbatore,11.2899,78.2739,National Highway,Clear,Day,53,Female,Car,81,No,No,No,Over Speeding,Medium,0.0
ACC25170,26-01-2024,20:54,Karnataka,Mysuru,15.3777,75.5999,Expressway,Clear,Night,44,Male,Car,86,No,No,No,Over Speeding,Medium,1.0
ACC25171,26-10-2024,06:13,Telangana,Nizamabad,17.4619,78.4814,National Highway,Rainy,Day,43,Male,Car,73,No,No,No,Poor Weather Visibility,Medium,2.0
ACC25172,12-12-2024,17:21,Karnataka,Hubballi,15.5912,75.5628,Village Road,Cloudy,Dusk,39,Female,Car,52,No,No,No,Signal Jumping,Low,0.0
ACC25173,09-11-2023,16:00,Kerala,Kollam,10.3263,76.6305,State Highway,Clear,Day,47,Male,Car,77,No,Yes,No,Drowsy Driving,Medium,3.0
ACC25174,09-10-2022,02:30,Tamil Nadu,Salem,12.0385,78.3603,State Highway,Cloudy,Night,26,Male,Truck,63,Yes,No,No,Drunk Driving,High,5.0
ACC25175,04-05-2024,08:36,Tamil Nadu,Chennai,10.9389,78.3217,City Road,Clear,Day,41,Male,Bike,64,No,No,No,Signal Jumping,Low,3.0
ACC25176,20-05-2022,00:59,Karnataka,Bengaluru Urban,14.4885,75.8939,State Highway,Cloudy,Night,55,Male,Bike,34,No,No,Yes,Pothole/Bad Road,Low,0.0
ACC25177,05-10-2023,11:09,Karnataka,Bengaluru Urban,15.4455,75.9435,National Highway,Clear,Day,41,Male,Bike,79,No,No,No,Over Speeding,Medium,2.0
ACC25178,19-03-2023,02:12,Andhra Pradesh,Vijayawada,16.1138,79.8551,Village Road,Clear,Night,43,Male,Car,41,No,No,No,Signal Jumping,Low,0.0
ACC25179,17-07-2024,12:20,Karnataka,Hubballi,14.3935,75.6654,City Road,Overcast,Day,28,Male,Bike,41,No,No,No,Poor Weather Visibility,Low,0.0
ACC25180,07-12-2024,14:43,Telangana,Khammam,17.8003,79.0419,State Highway,Cloudy,Day,38,Male,Car,48,No,No,No,Poor Weather Visibility,Low,2.0
ACC25181,11-04-2024,06:28,Telangana,Nizamabad,18.523,78.9345,State Highway,Clear,Day,50,Male,Car,66,Yes,No,Yes,Drunk Driving,High,5.0
ACC25182,18-10-2024,11:05,Tamil Nadu,Salem,11.2378,78.8456,National Highway,Foggy,Day,46,Male,Bike,98,No,No,No,Poor Weather Visibility,High,7.0
ACC25183,04-07-2024,18:02,Andhra Pradesh,Guntur,16.396,80.1586,Village Road,Clear,Dusk,45,Female,Bus,47,No,No,No,Poor Weather Visibility,Low,0.0
ACC25184,08-09-2024,02:41,Karnataka,Hubballi,14.8969,75.8433,National Highway,Clear,Night,54,Male,Bike,84,Yes,No,No,Drunk Driving,High,9.0
ACC25185,30-12-2023,07:33,Karnataka,Mangaluru,15.531,75.5558,Village Road,Clear,Day,21,Male,Car,39,No,No,No,Signal Jumping,Low,1.0
ACC25186,09-09-2023,08:54,Tamil Nadu,Coimbatore,11.3552,79.2924,Village Road,Rainy,Day,34,Male,Auto,35,No,No,Yes,Poor Weather Visibility,Low,1.0
ACC25187,13-10-2023,13:26,Kerala,Thiruvananthapuram,10.9029,76.3256,National Highway,Clear,Day,37,Male,Car,41,No,No,No,Poor Weather Visibility,Low,3.0
ACC25188,30-08-2022,22:56,Telangana,Karimnagar,17.4787,78.8325,National Highway,Cloudy,Night,48,Female,Bike,85,No,Yes,No,Over Speeding,High,2.0
ACC25189,28-09-2023,08:15,Karnataka,Bengaluru Urban,15.2572,75.9717,City Road,Clear,Day,26,Male,Car,30,No,No,Yes,Pothole/Bad Road,Low,0.0
ACC25190,15-07-2024,21:48,Andhra Pradesh,Kurnool,15.5504,79.8138,Village Road,Cloudy,Night,24,Male,Car,63,Yes,No,Yes,Drunk Driving,High,7.0
ACC25191,05-07-2022,13:26,Telangana,Karimnagar,17.2077,79.5457,State Highway,Rainy,Day,53,Male,Car,60,No,No,No,Poor Weather Visibility,Low,0.0
ACC25192,01-08-2024,17:45,Karnataka,Belagavi,15.2817,75.5061,Expressway,Rainy,Dusk,42,Male,Car,58,No,No,No,Poor Weather Visibility,Medium,1.0
ACC25193,24-10-2023,10:31,Karnataka,Belagavi,15.9245,76.3824,National Highway,Clear,Day,28,Male,Car,67,No,No,No,Over Speeding,Low,1.0
ACC25194,30-05-2024,04:10,Tamil Nadu,Salem,11.4361,78.4239,National Highway,Rainy,Night,27,Male,Truck,75,Yes,Yes,No,Poor Weather Visibility,High,4.0
ACC25195,15-09-2022,13:57,Telangana,Karimnagar,17.6489,79.3632,National Highway,Clear,Day,37,Male,Bus,64,No,Yes,No,Drowsy Driving,Medium,2.0
ACC25196,22-07-2024,13:42,Karnataka,Mysuru,14.7547,76.8432,National Highway,Rainy,Day,39,Male,Bus,64,No,Yes,No,Poor Weather Visibility,Medium,1.0