Accident_ID,Date,Time,State,District,Latitude,Longitude,Road_Type,Weather,Light_Condition,Driver_Age,Driver_Gender,Vehicle_Type,Speed_kmph,Alcohol_Involved,Driver_Drowsy,Pothole_Involved,Cause_of_Accident,Severity,Casualties
ACC25197,27-05-2023,23:37,Andhra Pradesh,Guntur,15.8594,78.7372,National Highway,Rainy,Night,50,Male,Car,84,No,No,No,Poor Weather Visibility,High,5.0
ACC25198,25-09-2024,16:33,Kerala,Thrissur,11.3321,76.5747,Expressway,Rainy,Day,51,Male,Car,96,No,Yes,No,Over Speeding,High,3.0
ACC25199,23-09-2024,15:40,Telangana,Hyderabad,17.4643,78.8944,Village Road,Overcast,Day,44,Male,Car,45,No,No,No,Poor Weather Visibility,Low,2.0
ACC25200,31-12-2022,16:29,Karnataka,Bengaluru Urban,16.0513,75.8098,City Road,Clear,Day,18,Female,Car,47,No,Yes,No,Drowsy Driving,Low,1.0
ACC25201,12-10-2023,18:24,Telangana,Hyderabad,17.5031,79.0657,City Road,Foggy,Dusk,40,Male,Auto,40,No,No,Yes,Poor Weather Visibility,Medium,6.0
ACC25202,28-10-2023,17:24,Telangana,Warangal,18.5202,78.6789,Village Road,Clear,Dusk,32,Male,Bus,23,No,No,Yes,Pothole/Bad Road,Low,0.0
ACC25203,06-08-2024,12:12,Telangana,Nizamabad,17.3453,79.1153,State Highway,Clear,Day,37,Male,Bike,83,No,No,No,Over Speeding,High,5.0
ACC25204,07-10-2023,17:45,Karnataka,Belagavi,15.4107,75.0962,Village Road,Clear,Dusk,28,Female,Bus,37,No,Yes,No,Drowsy Driving,Low,2.0
ACC25205,15-07-2024,17:15,Karnataka,Hubballi,15.3456,75.1754,City Road,Rainy,Dusk,31,Male,Car,50,No,No,Yes,Poor Weather Visibility,Medium,5.0
ACC25206,05-01-2024,01:10,Karnataka,Belagavi,15.5939,76.0393,City Road,Rainy,Night,18,Male,Car,50,No,Yes,Yes,Poor Weather Visibility,High,4.0
ACC25207,29-11-2023,16:39,Telangana,Karimnagar,17.8998,78.3842,National Highway,Overcast,Day,39,Male,Truck,66,No,No,Yes,Signal Jumping,Medium,2.0
ACC25208,01-05-2023,05:56,Andhra Pradesh,Vijayawada,15.9304,79.8502,National Highway,Rainy,Dawn,30,Male,Car,59,No,No,No,Poor Weather Visibility,Low,
ACC25209,27-09-2024,02:10,Karnataka,Bengaluru Urban,15.0229,76.2543,City Road,Clear,Night,22,Male,Car,59,No,No,No,Signal Jumping,Medium,2.0
ACC25210,12-02-2022,17:02,Kerala,Thiruvananthapuram,10.9544,75.939,State Highway,Clear,Dusk,45,Male,Bike,71,No,No,No,Over Speeding,Medium,4.0
ACC25211,31-10-2023,20:31,Tamil Nadu,Madurai,11.0791,78.7711,National Highway,Cloudy,Night,45,Male,Bike,59,No,No,No,Poor Weather Visibility,High,4.0
ACC25212,29-05-2023,19:53,Telangana,Hyderabad,18.0873,78.6282,Village Road,Rainy,Night,52,Male,Bike,44,Yes,No,No,Poor Weather Visibility,High,5.0
ACC25213,12-03-2023,09:55,Telangana,Warangal,18.1928,78.9373,State Highway,Cloudy,Day,29,Male,Car,70,No,Yes,No,Drowsy Driving,Medium,3.0
ACC25214,31-01-2024,13:31,Karnataka,Hubballi,15.2089,75.2044,Village Road,Clear,Day,39,Male,Car,47,No,No,No,Signal Jumping,Low,0.0
ACC25215,09-01-2023,15:33,Telangana,Hyderabad,17.9975,79.2947,National Highway,Cloudy,Day,20,Male,Auto,60,No,No,No,Poor Weather Visibility,Low,3.0
ACC25216,22-06-2024,01:22,Kerala,Kollam,9.9171,76.6545,State Highway,Clear,Night,39,Male,Car,61,No,Yes,No,Drowsy Driving,Low,2.0
ACC25217,24-10-2023,21:29,Karnataka,Belagavi,14.8573,75.2666,State Highway,Cloudy,Night,47,Male,Car,74,Yes,No,No,Drunk Driving,High,4.0
ACC25218,06-07-2023,09:11,Tamil Nadu,Salem,11.1503,78.3733,City Road,Clear,Day,34,Female,Auto,58,No,No,Yes,Pothole/Bad Road,Low,0.0
ACC25219,02-10-2024,04:19,Karnataka,Hubballi,15.2326,76.0625,City Road,Clear,Night,40,Female,Bike,35,No,Yes,No,Drowsy Driving,Low,3.0
ACC25220,12-12-2023,06:22,Telangana,Warangal,17.7526,79.1373,National Highway,Clear,Day,18,Male,Bus,71,Yes,No,No,Drunk Driving,Medium,3.0
ACC25221,19-12-2023,15:08,Andhra Pradesh,Nellore,16.3969,79.2379,State Highway,Clear,Day,31,Female,Bike,43,No,No,Yes,Pothole/Bad Road,Low,1.0
ACC25222,02-04-2023,16:34,Telangana,Karimnagar,17.4669,80.339,National Highway,Clear,Day,52,Male,Bike,71,No,No,No,Over Speeding,Medium,0.0
ACC25223,13-11-2022,07:17,Tamil Nadu,Tiruchirappalli,10.993,79.0925,City Road,Foggy,Day,43,Male,Car,32,No,No,No,Poor Weather Visibility,Low,0.0
ACC25224,30-01-2022,09:27,Telangana,Warangal,17.3723,79.3472,Village Road,Cloudy,Day,18,Male,Bike,39,Yes,No,No,Drunk Driving,Low,1.0
ACC25225,27-08-2024,12:12,Kerala,Thrissur,10.132,76.0845,Expressway,Rainy,Day,27,Female,Auto,87,Yes,No,No,Poor Weather Visibility,High,8.0
ACC25226,03-01-2024,11:20,Telangana,Khammam,18.0188,78.4342,National Highway,Cloudy,Day,53,Male,Car,44,No,No,No,Poor Weather Visibility,Low,0.0
ACC25227,05-04-2024,12:00,Andhra Pradesh,Guntur,16.0299,79.7821,Village Road,Clear,Day,47,Male,Auto,51,No,No,Yes,Pothole/Bad Road,Medium,2.0
ACC25228,10-08-2022,01:29,Kerala,Kozhikode,10.1376,76.1433,State Highway,Cloudy,Night,29,Male,Bike,64,Yes,No,No,Drunk Driving,Medium,0.0
ACC25229,05-08-2023,16:41,Andhra Pradesh,Nellore,15.7718,79.3237,Village Road,Clear,Day,18,Male,Bike,61,Yes,No,No,Drunk Driving,Medium,4.0
ACC25230,20-08-2024,20:19,Puducherry,Karaikal,11.7503,79.4206,Village Road,Clear,Night,48,Female,Auto,52,Yes,Yes,No,Drunk Driving,Low,1.0
ACC25231,08-03-2024,18:18,Tamil Nadu,Salem,11.2462,78.6285,City Road,Rainy,Dusk,37,Female,Auto,54,No,No,No,Poor Weather Visibility,Low,0.0
ACC25232,22-10-2022,14:57,Tamil Nadu,Tiruchirappalli,10.9914,78.389,State Highway,Clear,Day,38,Male,Bus,81,No,Yes,No,Over Speeding,Medium,2.0
ACC25233,26-05-2024,07:09,Karnataka,Mysuru,15.5199,75.5556,Village Road,Rainy,Day,58,Female,Bike,40,No,No,No,Poor Weather Visibility,Low,1.0
ACC25234,28-01-2024,16:46,Karnataka,Belagavi,16.2459,74.893,City Road,Clear,Day,18,Female,Car,57,No,No,No,Signal Jumping,Low,0.0
ACC25235,08-02-2024,17:03,Kerala,Kollam,11.5957,76.4603,City Road,Clear,Dusk,18,Male,Truck,57,No,Yes,No,Drowsy Driving,Low,2.0
ACC25236,11-10-2024,16:40,Kerala,Thrissur,9.5782,76.5077,Expressway,Clear,Day,26,Male,Bike,81,No,No,No,Over Speeding,High,4.0
ACC25237,10-03-2022,19:37,Andhra Pradesh,Vijayawada,15.6259,79.123,City Road,Clear,Night,28,Male,Bike,49,No,Yes,No,Drowsy Driving,Low,1.0
ACC25238,06-10-2022,18:23,Tamil Nadu,Chennai,11.1219,78.4643,National Highway,Rainy,Dusk,18,Male,Bike,53,No,No,No,Poor Weather Visibility,Medium,1.0
ACC25239,24-03-2022,06:11,Telangana,Khammam,18.9015,78.3983,Village Road,Clear,Day,41,Female,Bike,50,No,Yes,No,Drowsy Driving,Low,0.0
ACC25240,31-01-2022,13:19,Tamil Nadu,Chennai,10.7861,78.4638,National Highway,Rainy,Day,56,Male,Bike,78,No,No,Yes,Poor Weather Visibility,High,3.0
ACC25241,04-05-2022,07:50,Tamil Nadu,Coimbatore,10.9794,77.7018,State Highway,Foggy,Day,18,Male,Auto,49,No,No,No,Poor Weather Visibility,Low,3.0
ACC25242,26-09-2024,09:04,Telangana,Nizamabad,18.0927,78.0477,Village Road,Clear,Day,20,Male,Bike,33,No,No,Yes,Pothole/Bad Road,Low,0.0
ACC25243,13-08-2022,17:18,Tamil Nadu,Madurai,10.9967,78.5592,Village Road,Clear,Dusk,41,Male,Bike,45,No,No,Yes,Pothole/Bad Road,Medium,4.0
ACC25244,02-04-2024,06:37,Karnataka,Hubballi,15.5123,75.3253,City Road,Cloudy,Day,21,Female,Truck,51,No,No,No,Poor Weather Visibility,Low,1.0
ACC25245,01-04-2024,16:35,Karnataka,Bengaluru Urban,15.273,75.7039,Expressway,Clear,Day,45,Male,Bike,81,No,No,No,Over Speeding,High,4.0
ACC25246,13-07-2024,13:28,Tamil Nadu,Coimbatore,11.1061,79.1509,State Highway,Clear,Day,28,Male,Bike,50,No,No,No,Poor Weather Visibility,Low,1.0
ACC25247,14-09-2022,15:07,Andhra Pradesh,Kurnool,15.7731,79.3999,Village Road,Clear,Day,33,Male,Truck,66,No,Yes,Yes,Drowsy Driving,Medium,5.0
ACC25248,15-09-2023,10:08,Tamil Nadu,Salem,11.4734,78.6005,Expressway,Cloudy,Day,29,Male,Bike,80,No,No,No,Over Speeding,Medium,3.0
ACC25249,27-04-2023,17:29,Telangana,Khammam,17.3895,78.8267,National Highway,Clear,Dusk,33,Male,Bus,85,No,No,No,Over Speeding,High,8.0
ACC25250,05-09-2023,12:43,Kerala,Ernakulam,10.2937,75.7317,Village Road,Cloudy,Day,40,Male,Bike,42,No,Yes,No,Drowsy Driving,Medium,3.0
ACC25251,04-10-2022,18:40,Andhra Pradesh,Guntur,16.0444,79.8251,City Road,Foggy,Dusk,28,Male,Bike,61,No,No,No,Poor Weather Visibility,Medium,3.0
ACC25252,12-04-2023,16:20,Telangana,Warangal,18.0184,78.9813,Village Road,Clear,Day,26,Male,Auto,44,No,No,No,Poor Weather Visibility,Low,0.0
ACC25253,08-03-2022,09:25,Telangana,Nizamabad,18.0097,79.0721,City Road,Clear,Day,29,Female,Car,41,No,No,No,Signal Jumping,Low,0.0
ACC25254,30-12-2022,04:11,Kerala,Kozhikode,9.9439,75.8211,City Road,Clear,Night,27,Male,Truck,71,Yes,Yes,No,Drunk Driving,High,11.0
ACC25255,06-03-2022,18:07,Andhra Pradesh,Guntur,15.0974,79.9094,Village Road,Clear,Dusk,36,Female,Truck,51,No,Yes,Yes,Drowsy Driving,Medium,4.0
ACC25256,26-05-2024,17:27,Karnataka,Mangaluru,14.6461,76.2072,State Highway,Cloudy,Dusk,33,Male,Bus,63,No,No,Yes,Pothole/Bad Road,Medium,4.0
ACC25257,25-09-2024,19:28,Karnataka,Mangaluru,15.7079,75.7772,Village Road,Clear,Night,29,Female,Car,42,No,Yes,No,Drowsy Driving,Low,1.0
ACC25258,14-11-2024,20:33,Kerala,Kozhikode,10.5765,76.333,National Highway,Clear,Night,28,Male,Bus,83,No,Yes,No,Over Speeding,Medium,3.0
ACC25259,06-03-2024,12:46,Karnataka,Belagavi,15.4981,76.0952,State Highway,Cloudy,Day,33,Male,Car,33,No,Yes,No,Drowsy Driving,Low,1.0
ACC25260,01-10-2022,16:17,Kerala,Thrissur,9.4207,76.2145,Village Road,Foggy,Day,36,Male,Auto,48,No,No,Yes,Poor Weather Visibility,Low,
ACC25261,26-07-2024,08:14,Karnataka,Mysuru,15.0562,75.4239,National Highway,Rainy,Day,52,Male,Car,75,No,No,No,Poor Weather Visibility,Medium,3.0
ACC25262,14-05-2022,10:20,Kerala,Ernakulam,10.2075,76.7601,Expressway,Rainy,Day,41,Male,Car,78,No,No,No,Poor Weather Visibility,Medium,4.0
ACC25263,28-03-2024,18:32,Karnataka,Hubballi,15.2636,75.4627,National Highway,Clear,Dusk,54,Male,Bike,66,No,No,No,Over Speeding,Medium,1.0
ACC25264,10-06-2022,16:19,Tamil Nadu,Coimbatore,11.7293,78.7846,National Highway,Rainy,Day,49,Male,Auto,61,No,No,Yes,Poor Weather Visibility,Medium,2.0
ACC25265,01-04-2022,18:44,Andhra Pradesh,Guntur,15.3661,79.5285,Expressway,Rainy,Dusk,66,Female,Bike,100,No,Yes,Yes,Over Speeding,High,12.0
ACC25266,12-03-2024,23:19,Tamil Nadu,Salem,11.3975,78.8755,City Road,Clear,Night,24,Male,Car,39,No,No,No,Poor Weather Visibility,Low,0.0
ACC25267,17-02-2022,07:54,Tamil Nadu,Salem,11.1101,78.5755,City Road,Clear,Day,53,Male,Auto,35,No,No,Yes,Pothole/Bad Road,Low,
ACC25268,10-08-2024,19:23,Tamil Nadu,Madurai,10.6845,78.502,Village Road,Clear,Night,40,Male,Car,24,No,No,No,Poor Weather Visibility,Low,2.0
ACC25269,13-02-2024,18:50,Kerala,Thiruvananthapuram,9.9912,76.2807,City Road,Rainy,Dusk,33,Male,Bike,31,No,No,Yes,Poor Weather Visibility,Low,1.0
ACC25270,04-09-2022,22:39,Tamil Nadu,Tiruchirappalli,11.3259,78.6887,Village Road,Rainy,Night,26,Male,Car,36,No,No,No,Poor Weather Visibility,Medium,3.0
ACC25271,10-04-2024,19:33,Andhra Pradesh,Visakhapatnam,15.7685,79.6595,Village Road,Rainy,Night,20,Male,Car,50,Yes,No,Yes,Poor Weather Visibility,Medium,1.0
ACC25272,07-10-2024,12:32,Karnataka,Belagavi,15.9602,75.8334,Village Road,Clear,Day,25,Male,Bus,48,No,No,Yes,Pothole/Bad Road,Low,0.0
ACC25273,24-03-2022,16:52,Karnataka,Hubballi,15.2221,75.9861,Village Road,Cloudy,Day,28,Male,Truck,42,No,No,No,Signal Jumping,Low,1.0
ACC25274,17-08-2023,00:54,Andhra Pradesh,Guntur,15.6384,80.0661,Expressway,Rainy,Night,27,Male,Bike,56,No,No,No,Poor Weather Visibility,Medium,3.0
ACC25275,22-07-2023,07:42,Andhra Pradesh,Visakhapatnam,16.2331,79.2274,National Highway,Rainy,Day,47,Male,Bike,70,No,Yes,No,Poor Weather Visibility,High,3.0
ACC25276,14-06-2022,18:42,Tamil Nadu,Salem,10.6545,78.3132,State Highway,Clear,Dusk,18,Male,Car,102,Yes,Yes,No,Over Speeding,High,7.0
ACC25277,28-04-2024,03:37,Andhra Pradesh,Visakhapatnam,16.5408,79.9983,City Road,Foggy,Night,32,Male,Auto,38,No,No,No,Poor Weather Visibility,Medium,3.0
ACC25278,22-11-2023,17:26,Tamil Nadu,Madurai,11.192,78.4602,City Road,Clear,Dusk,18,Female,Bike,49,No,No,Yes,Pothole/Bad Road,Medium,7.0
ACC25279,04-03-2022,19:04,Puducherry,Puducherry,12.4381,79.2889,State Highway,Rainy,Night,44,Male,Bike,70,No,Yes,No,Poor Weather Visibility,Medium,2.0
ACC25280,16-08-2022,13:06,Tamil Nadu,Madurai,11.4504,78.7431,Village Road,Clear,Day,45,Male,Bike,34,No,No,Yes,Pothole/Bad Road,Low,0.0
ACC25281,17-02-2024,14:11,Karnataka,Mysuru,15.0745,75.4657,City Road,Cloudy,Day,25,Female,Auto,50,Yes,No,Yes,Drunk Driving,Medium,3.0
ACC25282,08-07-2023,03:54,Karnataka,Belagavi,15.8601,75.4471,Village Road,Rainy,Night,27,Male,Auto,42,No,Yes,Yes,Poor Weather Visibility,High,
ACC25283,13-09-2022,11:05,Karnataka,Bengaluru Urban,15.0634,76.406,National Highway,Cloudy,Day,31,Male,Car,72,No,No,No,Poor Weather Visibility,Medium,4.0
ACC25284,11-02-2022,11:46,Telangana,Nizamabad,17.68,79.6166,National Highway,Foggy,Day,30,Male,Auto,62,No,No,No,Poor Weather Visibility,High,7.0
ACC25285,28-04-2023,20:36,Puducherry,Karaikal,11.7603,80.0749,Village Road,Rainy,Night,18,Female,Bus,36,No,No,Yes,Poor Weather Visibility,Medium,5.0
ACC25286,18-09-2024,18:02,Tamil Nadu,Chennai,10.6355,79.1204,Village Road,Clear,Dusk,45,Male,Auto,20,No,No,No,Signal Jumping,Low,1.0
ACC25287,30-04-2023,18:38,Tamil Nadu,Salem,11.3025,78.5963,State Highway,Clear,Dusk,30,Male,Bike,71,No,No,Yes,Pothole/Bad Road,Medium,2.0
ACC25288,10-08-2023,13:35,Karnataka,Bengaluru Urban,15.4477,76.4822,National Highway,Cloudy,Day,40,Male,Bus,69,No,No,No,Poor Weather Visibility,Medium,7.0
ACC25289,21-08-2022,12:14,Karnataka,Mangaluru,15.4275,74.8947,City Road,Clear,Day,35,Male,Auto,51,No,No,No,Signal Jumping,Low,1.0
ACC25290,31-01-2023,07:51,Tamil Nadu,Madurai,11.661,78.6848,National Highway,Rainy,Day,25,Male,Car,51,No,No,No,Poor Weather Visibility,Low,0.0
ACC25291,17-07-2023,09:53,Karnataka,Hubballi,14.7786,75.8241,City Road,Cloudy,Day,38,Male,Car,41,No,No,No,Poor Weather Visibility,Low,3.0
ACC25292,21-02-2024,08:33,Kerala,Thiruvananthapuram,9.8733,76.6297,Village Road,Foggy,Day,61,Female,Bike,30,No,No,Yes,Poor Weather Visibility,Low,0.0
ACC25293,03-02-2024,15:27,Tamil Nadu,Salem,10.4212,78.2395,City Road,Foggy,Day,45,Female,Truck,45,No,Yes,No,Poor Weather Visibility,Low,1.0
ACC25294,29-11-2023,08:37,Karnataka,Belagavi,15.2834,76.3344,Expressway,Clear,Day,27,Male,Car,75,No,No,No,Over Speeding,Low,1.0
ACC25295,29-10-2023,14:25,Karnataka,Mangaluru,15.0338,76.0239,National Highway,Rainy,Day,25,Male,Auto,64,Yes,No,No,Poor Weather Visibility,High,3.0
ACC25296,08-12-2023,09:40,Karnataka,Mangaluru,15.1284,75.3131,City Road,Cloudy,Day,37,Male,Truck,40,No,No,No,Poor Weather Visibility,Low,1.0
ACC25297,26-10-2024,17:38,Kerala,Thrissur,9.6486,76.8538,State Highway,Clear,Dusk,18,Male,Car,72,No,No,No,Over Speeding,Low,1.0
ACC25298,17-02-2022,20:12,Tamil Nadu,Chennai,11.4689,78.776,Village Road,Clear,Night,26,Male,Auto,53,No,No,Yes,Pothole/Bad Road,Medium,
ACC25299,07-07-2023,04:58,Kerala,Ernakulam,10.1445,76.2201,National Highway,Rainy,Night,36,Male,Car,58,No,Yes,No,Poor Weather Visibility,High,8.0
ACC25300,25-05-2022,14:28,Andhra Pradesh,Kurnool,15.9535,78.876,City Road,Clear,Day,32,Male,Bus,60,No,Yes,No,Drowsy Driving,Low,1.0
ACC25301,20-06-2022,17:49,Puducherry,Karaikal,11.7907,79.6496,State Highway,Rainy,Dusk,26,Male,Bus,63,No,No,No,Poor Weather Visibility,Low,1.0
ACC25302,18-06-2024,16:01,Kerala,Kollam,10.4003,75.7874,Expressway,Cloudy,Day,38,Male,Car,81,No,No,No,Over Speeding,Medium,5.0
ACC25303,28-08-2022,20:40,Telangana,Nizamabad,18.0438,78.8917,City Road,Clear,Night,47,Male,Bike,35,No,No,No,Signal Jumping,Low,0.0
ACC25304,21-04-2024,08:37,Karnataka,Bengaluru Urban,15.1914,75.6062,State Highway,Cloudy,Day,43,Male,Bike,43,No,No,No,Poor Weather Visibility,Low,
ACC25305,16-09-2022,11:04,Telangana,Karimnagar,19.0689,79.345,City Road,Clear,Day,70,Male,Car,63,Yes,No,Yes,Drunk Driving,High,5.0
ACC25306,07-10-2022,18:58,Andhra Pradesh,Kurnool,15.7784,78.9685,City Road,Clear,Dusk,35,Female,Auto,53,Yes,No,Yes,Drunk Driving,Medium,0.0
ACC25307,07-01-2024,17:38,Karnataka,Hubballi,15.0128,75.8196,State Highway,Clear,Dusk,36,Male,Bike,66,No,No,No,Over Speeding,Medium,1.0
ACC25308,08-08-2023,13:01,Tamil Nadu,Tiruchirappalli,11.4817,78.6689,Expressway,Cloudy,Day,59,Female,Auto,91,No,No,No,Over Speeding,High,5.0
ACC25309,19-10-2023,23:38,Karnataka,Mysuru,15.362,76.3142,City Road,Rainy,Night,40,Male,Bus,39,No,No,No,Poor Weather Visibility,Low,0.0
ACC25310,28-01-2022,12:27,Tamil Nadu,Madurai,10.7643,78.7558,State Highway,Rainy,Day,18,Male,Bike,45,No,No,No,Poor Weather Visibility,Medium,1.0
ACC25311,02-12-2024,07:52,Karnataka,Mangaluru,15.2896,74.9784,City Road,Cloudy,Day,30,Male,Auto,55,No,No,No,Poor Weather Visibility,Medium,3.0
ACC25312,04-07-2022,08:48,Andhra Pradesh,Nellore,15.4141,79.9708,State Highway,Clear,Day,25,Male,Car,50,No,Yes,No,Drowsy Driving,Low,1.0
ACC25313,31-12-2022,15:57,Kerala,Thiruvananthapuram,10.0081,76.4052,City Road,Overcast,Day,38,Female,Bike,54,No,No,No,Poor Weather Visibility,Low,0.0
ACC25314,28-09-2024,09:12,Kerala,Thiruvananthapuram,10.1378,76.9441,Expressway,Cloudy,Day,23,Male,Auto,76,No,No,No,Over Speeding,Medium,1.0
ACC25315,24-02-2024,10:25,Telangana,Hyderabad,17.6505,79.2444,National Highway,Rainy,Day,41,Male,Auto,65,No,No,No,Poor Weather Visibility,Medium,2.0
ACC25316,13-07-2024,22:26,Telangana,Warangal,17.69,79.031,National Highway,Cloudy,Night,54,Male,Bike,58,No,No,No,Poor Weather Visibility,Medium,3.0
ACC25317,03-01-2023,08:02,Andhra Pradesh,Nellore,15.851,79.3695,National Highway,Cloudy,Day,26,Male,Bike,89,No,No,No,Over Speeding,Medium,6.0
ACC25318,15-09-2022,13:24,Andhra Pradesh,Kurnool,15.824,78.5003,National Highway,Clear,Day,36,Female,Bus,42,No,No,No,Poor Weather Visibility,Low,0.0
ACC25319,06-01-2022,09:28,Karnataka,Hubballi,15.4073,74.4721,State Highway,Clear,Day,57,Male,Car,66,No,No,No,Over Speeding,Low,1.0
ACC25320,28-02-2023,21:24,Karnataka,Bengaluru Urban,15.2342,75.4041,National Highway,Clear,Night,28,Female,Car,67,No,No,No,Over Speeding,Medium,5.0
ACC25321,10-07-2024,17:29,Kerala,Kozhikode,9.5758,75.8634,Village Road,Clear,Dusk,22,Male,Bike,69,No,Yes,No,Drowsy Driving,High,5.0
ACC25322,08-03-2024,13:09,Tamil Nadu,Salem,10.4086,78.3642,State Highway,Clear,Day,52,Male,Car,55,No,No,No,Poor Weather Visibility,Low,
ACC25323,17-04-2024,01:02,Tamil Nadu,Salem,11.7041,78.026,City Road,Clear,Night,30,Male,Truck,46,No,No,No,Signal Jumping,Low,0.0
ACC25324,21-03-2024,18:09,Tamil Nadu,Coimbatore,10.6773,79.4814,City Road,Overcast,Dusk,23,Male,Car,36,No,No,No,Poor Weather Visibility,Low,0.0
ACC25325,10-08-2023,12:40,Andhra Pradesh,Vijayawada,16.271,79.2806,City Road,Rainy,Day,38,Male,Car,42,No,No,Yes,Poor Weather Visibility,Medium,1.0
ACC25326,27-03-2024,16:44,Telangana,Nizamabad,18.638,78.9774,Expressway,Clear,Day,55,Male,Bike,69,No,No,No,Signal Jumping,Medium,1.0
ACC25327,02-12-2022,16:55,Andhra Pradesh,Guntur,15.4462,79.8521,National Highway,Clear,Day,41,Male,Bus,81,No,No,Yes,Over Speeding,Medium,4.0
ACC25328,19-11-2022,14:07,Andhra Pradesh,Nellore,15.6763,79.8129,City Road,Cloudy,Day,27,Male,Truck,65,No,Yes,No,Drowsy Driving,Low,0.0
ACC25329,27-09-2022,18:32,Tamil Nadu,Salem,10.8597,78.2203,State Highway,Clear,Dusk,35,Male,Truck,67,No,No,No,Over Speeding,Low,0.0
ACC25330,11-12-2024,15:16,Karnataka,Mysuru,15.2362,75.0736,City Road,Rainy,Day,30,Female,Car,41,No,No,No,Poor Weather Visibility,Low,0.0
ACC25331,01-06-2024,07:52,Andhra Pradesh,Kurnool,15.6295,79.7104,City Road,Clear,Day,44,Male,Bike,43,Yes,No,Yes,Drunk Driving,Low,2.0
ACC25332,08-11-2022,17:58,Kerala,Thrissur,10.3771,75.6529,Expressway,Rainy,Dusk,41,Male,Bike,83,Yes,No,No,Poor Weather Visibility,High,5.0
ACC25333,22-07-2024,13:58,Karnataka,Belagavi,15.1674,76.0388,Village Road,Clear,Day,25,Male,Bike,48,No,No,No,Poor Weather Visibility,Low,1.0
ACC25334,16-11-2023,05:00,Telangana,Karimnagar,17.9553,79.2364,Expressway,Cloudy,Dawn,39,Female,Car,89,No,No,No,Over Speeding,High,4.0
ACC25335,05-05-2024,08:50,Tamil Nadu,Tiruchirappalli,11.6602,78.2737,State Highway,Clear,Day,36,Male,Bike,71,No,Yes,No,Drowsy Driving,Medium,1.0
ACC25336,07-04-2022,08:56,Andhra Pradesh,Visakhapatnam,15.5861,80.1549,State Highway,Cloudy,Day,39,Female,Bus,62,No,No,No,Poor Weather Visibility,Medium,2.0
ACC25337,22-02-2024,10:34,Kerala,Ernakulam,10.4312,76.2887,National Highway,Overcast,Day,46,Male,Bike,66,No,No,No,Poor Weather Visibility,Medium,3.0
ACC25338,25-10-2024,14:08,Puducherry,Karaikal,11.6318,79.8034,Expressway,Rainy,Day,26,Male,Bike,93,No,Yes,No,Over Speeding,High,2.0
ACC25339,29-09-2024,08:19,Tamil Nadu,Tiruchirappalli,11.2659,78.6539,City Road,Rainy,Day,37,Male,Bike,55,No,Yes,Yes,Poor Weather Visibility,Medium,1.0
ACC25340,30-07-2023,12:17,Andhra Pradesh,Visakhapatnam,16.4338,79.6307,State Highway,Clear,Day,44,Female,Bus,56,No,No,No,Signal Jumping,Low,2.0
ACC25341,20-04-2022,18:45,Telangana,Warangal,18.7398,79.0407,National Highway,Clear,Dusk,41,Female,Bike,75,No,No,No,Over Speeding,Medium,3.0
ACC25342,04-06-2022,23:16,Andhra Pradesh,Visakhapatnam,16.2413,79.1152,Village Road,Clear,Night,22,Male,Bike,49,Yes,Yes,No,Drunk Driving,High,9.0
ACC25343,21-05-2022,17:17,Tamil Nadu,Tiruchirappalli,11.33,78.6076,Village Road,Rainy,Dusk,30,Male,Car,41,Yes,No,No,Poor Weather Visibility,Medium,0.0
ACC25344,15-05-2022,10:23,Karnataka,Belagavi,14.5376,75.827,National Highway,Rainy,Day,18,Female,Bike,70,No,No,No,Poor Weather Visibility,High,6.0
ACC25345,19-11-2022,17:34,Kerala,Ernakulam,11.0856,75.93,Village Road,Cloudy,Dusk,50,Male,Bike,52,Yes,No,No,Drunk Driving,Medium,5.0
ACC25346,17-08-2022,08:55,Karnataka,Hubballi,15.4066,75.6769,State Highway,Rainy,Day,18,Female,Bike,51,No,No,No,Poor Weather Visibility,Medium,6.0
ACC25347,24-02-2022,18:17,Tamil Nadu,Chennai,11.2635,78.7735,Village Road,Overcast,Dusk,34,Female,Bike,37,No,No,No,Poor Weather Visibility,Low,1.0
ACC25348,20-10-2023,12:32,Tamil Nadu,Tiruchirappalli,11.717,78.7008,Expressway,Clear,Day,53,Male,Auto,94,No,No,No,Over Speeding,High,8.0
ACC25349,02-04-2022,06:36,Kerala,Thiruvananthapuram,10.4969,76.6159,National Highway,Overcast,Day,18,Male,Car,75,No,No,No,Over Speeding,Medium,
ACC25350,01-11-2024,02:31,Telangana,Nizamabad,18.3268,78.7209,City Road,Rainy,Night,51,Male,Car,54,No,Yes,No,Poor Weather Visibility,Medium,3.0
ACC25351,15-12-2024,16:05,Kerala,Thiruvananthapuram,9.9813,76.6307,Village Road,Clear,Day,33,Female,Bike,37,No,No,No,Signal Jumping,Low,1.0
ACC25352,30-12-2024,13:38,Karnataka,Bengaluru Urban,15.2439,75.886,State Highway,Cloudy,Day,24,Female,Car,70,Yes,No,No,Drunk Driving,Medium,3.0
ACC25353,01-08-2023,16:14,Tamil Nadu,Tiruchirappalli,11.8877,79.3372,Village Road,Clear,Day,20,Male,Bike,58,No,No,Yes,Pothole/Bad Road,Medium,1.0