Accident_ID,Date,Time,State,District,Latitude,Longitude,Road_Type,Weather,Light_Condition,Driver_Age,Driver_Gender,Vehicle_Type,Speed_kmph,Alcohol_Involved,Driver_Drowsy,Pothole_Involved,Cause_of_Accident,Severity,Casualties
ACC25354,07-08-2023,13:10,Telangana,Nizamabad,18.1564,78.9071,National Highway,Cloudy,Day,49,Male,Car,77,No,No,No,Over Speeding,High,8.0
ACC25355,08-12-2022,18:14,Telangana,Karimnagar,17.5074,78.762,National Highway,Overcast,Dusk,32,Male,Auto,60,No,No,No,Poor Weather Visibility,Medium,1.0
ACC25356,06-04-2024,14:07,Tamil Nadu,Coimbatore,11.106,78.7838,National Highway,Clear,Day,38,Female,Bike,57,No,No,No,Signal Jumping,Medium,1.0
ACC25357,03-06-2024,12:16,Telangana,Karimnagar,18.1213,78.3182,State Highway,Cloudy,Day,49,Male,Truck,66,Yes,No,Yes,Drunk Driving,High,4.0
ACC25358,19-11-2024,18:35,Andhra Pradesh,Visakhapatnam,15.5253,79.2481,City Road,Overcast,Dusk,35,Male,Bike,40,No,No,No,Poor Weather Visibility,Low,1.0
ACC25359,28-06-2024,18:46,Karnataka,Mangaluru,14.3951,75.6503,Village Road,Rainy,Dusk,46,Male,Bike,39,No,No,No,Poor Weather Visibility,Low,2.0
ACC25360,20-05-2022,12:24,Kerala,Ernakulam,10.9656,76.593,City Road,Clear,Day,18,Male,Truck,51,Yes,No,No,Drunk Driving,Medium,1.0
ACC25361,27-07-2022,22:47,Karnataka,Mangaluru,15.7471,75.8787,Expressway,Rainy,Night,24,Male,Truck,72,Yes,No,No,Poor Weather Visibility,High,5.0
ACC25362,07-10-2024,18:39,Karnataka,Mysuru,16.0227,75.3163,City Road,Overcast,Dusk,51,Male,Bike,34,No,No,No,Poor Weather Visibility,Low,0.0
ACC25363,14-10-2023,21:13,Kerala,Thrissur,10.7185,75.8815,State Highway,Clear,Night,37,Male,Car,60,No,No,No,Over Speeding,Low,0.0
ACC25364,16-11-2022,15:12,Telangana,Karimnagar,18.7324,80.005,City Road,Rainy,Day,31,Male,Bike,48,No,Yes,No,Poor Weather Visibility,Medium,2.0
ACC25365,22-06-2022,16:01,Karnataka,Bengaluru Urban,15.2653,76.3291,Village Road,Rainy,Day,18,Male,Auto,43,No,No,Yes,Poor Weather Visibility,Low,2.0
ACC25366,25-03-2023,21:53,Tamil Nadu,Chennai,11.2077,78.2244,National Highway,Clear,Night,39,Male,Bus,44,No,No,No,Signal Jumping,Low,1.0
ACC25367,24-01-2022,10:15,Telangana,Hyderabad,17.6884,79.3843,National Highway,Rainy,Day,61,Male,Bike,64,No,No,No,Poor Weather Visibility,Medium,4.0
ACC25368,16-09-2024,10:09,Karnataka,Belagavi,15.4026,75.8498,State Highway,Clear,Day,20,Male,Bike,64,No,No,No,Over Speeding,Medium,
ACC25369,17-09-2024,20:55,Tamil Nadu,Madurai,10.9206,78.3335,City Road,Clear,Night,52,Male,Truck,64,Yes,Yes,Yes,Drunk Driving,High,3.0
ACC25370,18-03-2023,20:10,Telangana,Khammam,18.1787,79.0652,Expressway,Clear,Night,59,Male,Bike,79,No,No,No,Over Speeding,Medium,2.0
ACC25371,12-12-2023,17:17,Karnataka,Belagavi,15.36,75.8713,City Road,Cloudy,Dusk,29,Female,Bike,48,Yes,Yes,No,Drunk Driving,High,7.0
ACC25372,20-04-2023,12:29,Telangana,Karimnagar,18.4969,78.9377,Village Road,Rainy,Day,31,Male,Truck,27,No,No,No,Poor Weather Visibility,Low,2.0
ACC25373,01-09-2022,11:40,Puducherry,Puducherry,11.6931,78.9633,National Highway,Cloudy,Day,23,Male,Car,70,No,No,No,Poor Weather Visibility,Medium,6.0
ACC25374,03-05-2022,13:26,Tamil Nadu,Chennai,10.9448,77.7579,Village Road,Clear,Day,18,Male,Auto,35,Yes,No,Yes,Drunk Driving,Medium,5.0
ACC25375,29-01-2022,21:33,Andhra Pradesh,Nellore,15.4316,80.2163,City Road,Rainy,Night,34,Male,Auto,55,No,No,No,Poor Weather Visibility,Medium,3.0
ACC25376,10-09-2022,15:01,Karnataka,Mangaluru,15.3465,75.5767,State Highway,Cloudy,Day,24,Male,Bike,54,No,No,Yes,Pothole/Bad Road,Medium,0.0
ACC25377,20-12-2024,19:14,Karnataka,Hubballi,15.5466,74.6104,Village Road,Clear,Night,33,Female,Bike,59,No,Yes,Yes,Drowsy Driving,High,6.0
ACC25378,29-03-2024,01:29,Karnataka,Belagavi,15.758,76.0832,Village Road,Clear,Night,30,Male,Truck,76,Yes,Yes,Yes,Drunk Driving,Medium,2.0
ACC25379,04-09-2024,15:15,Kerala,Kozhikode,10.0404,77.0687,Village Road,Foggy,Day,31,Female,Bike,55,No,No,No,Poor Weather Visibility,Low,0.0
ACC25380,23-11-2022,14:50,Andhra Pradesh,Visakhapatnam,15.7959,79.6768,Village Road,Clear,Day,28,Male,Bike,37,No,No,Yes,Pothole/Bad Road,Low,2.0
ACC25381,01-02-2023,19:24,Tamil Nadu,Chennai,11.3051,78.5267,City Road,Foggy,Night,38,Female,Car,52,No,No,No,Poor Weather Visibility,Medium,3.0
ACC25382,23-05-2024,18:15,Karnataka,Hubballi,14.9272,75.7538,State Highway,Overcast,Dusk,59,Male,Truck,45,No,No,No,Poor Weather Visibility,Low,0.0
ACC25383,26-03-2023,18:13,Tamil Nadu,Tiruchirappalli,10.5085,78.4635,City Road,Clear,Dusk,43,Male,Auto,64,No,No,No,Signal Jumping,Medium,3.0
ACC25384,12-02-2022,03:10,Tamil Nadu,Madurai,11.5314,78.1241,City Road,Clear,Night,44,Male,Auto,52,No,No,No,Signal Jumping,Low,0.0
ACC25385,15-03-2024,21:03,Tamil Nadu,Salem,11.1721,78.4014,State Highway,Clear,Night,35,Male,Bike,66,Yes,No,No,Drunk Driving,Medium,2.0
ACC25386,17-08-2023,18:01,Telangana,Khammam,18.0724,79.2608,Expressway,Clear,Dusk,37,Male,Car,87,No,Yes,No,Over Speeding,High,3.0
ACC25387,01-04-2023,07:38,Karnataka,Hubballi,14.7415,75.4202,State Highway,Rainy,Day,60,Male,Car,54,No,No,No,Poor Weather Visibility,Low,1.0
ACC25388,05-10-2023,12:03,Kerala,Kollam,10.3256,76.0573,City Road,Foggy,Day,29,Male,Car,39,No,No,Yes,Poor Weather Visibility,Low,1.0
ACC25389,11-04-2024,22:24,Tamil Nadu,Chennai,10.5228,78.4044,City Road,Rainy,Night,45,Male,Bus,59,Yes,No,Yes,Poor Weather Visibility,Medium,3.0
ACC25390,04-03-2023,19:42,Kerala,Thrissur,10.1459,75.7605,National Highway,Clear,Night,20,Male,Truck,66,No,No,Yes,Pothole/Bad Road,Low,1.0
ACC25391,20-08-2022,20:15,Tamil Nadu,Madurai,11.1391,77.8063,City Road,Cloudy,Night,35,Female,Car,37,No,No,Yes,Pothole/Bad Road,Low,
ACC25392,22-08-2023,08:35,Kerala,Kozhikode,9.6511,75.982,City Road,Rainy,Day,40,Male,Car,24,No,No,No,Poor Weather Visibility,Low,0.0
ACC25393,06-10-2024,01:25,Karnataka,Hubballi,15.9399,75.2802,State Highway,Rainy,Night,73,Male,Bus,85,Yes,No,No,Poor Weather Visibility,High,
ACC25394,09-01-2024,13:53,Karnataka,Bengaluru Urban,15.4922,75.7683,State Highway,Cloudy,Day,57,Male,Bike,69,No,No,No,Poor Weather Visibility,Low,1.0
ACC25395,15-02-2022,19:51,Tamil Nadu,Tiruchirappalli,10.5154,78.6147,Village Road,Clear,Night,68,Male,Car,42,No,No,Yes,Pothole/Bad Road,Low,2.0
ACC25396,23-04-2024,10:09,Andhra Pradesh,Guntur,15.3994,79.8471,Village Road,Clear,Day,47,Female,Car,23,No,No,No,Signal Jumping,Low,0.0
ACC25397,21-12-2022,12:53,Tamil Nadu,Salem,11.0788,78.1748,City Road,Overcast,Day,20,Male,Car,52,No,No,No,Poor Weather Visibility,Low,2.0
ACC25398,07-05-2023,10:23,Tamil Nadu,Chennai,10.7838,79.2389,National Highway,Rainy,Day,33,Male,Auto,57,No,No,Yes,Poor Weather Visibility,Medium,0.0
ACC25399,10-07-2024,09:47,Telangana,Warangal,18.0835,79.4411,City Road,Cloudy,Day,21,Female,Bus,47,No,No,No,Poor Weather Visibility,Low,0.0
ACC25400,09-11-2022,08:04,Andhra Pradesh,Vijayawada,16.1747,78.9915,City Road,Clear,Day,19,Female,Car,56,No,No,No,Signal Jumping,Low,1.0
ACC25401,17-03-2024,07:50,Karnataka,Hubballi,15.3473,74.9196,City Road,Clear,Day,31,Male,Truck,52,No,No,Yes,Pothole/Bad Road,Low,0.0
ACC25402,08-01-2022,14:23,Andhra Pradesh,Vijayawada,16.353,79.0159,State Highway,Rainy,Day,34,Female,Truck,75,No,No,No,Poor Weather Visibility,Medium,1.0
ACC25403,01-06-2023,04:04,Kerala,Kollam,10.3248,76.4567,State Highway,Cloudy,Night,38,Male,Bike,71,No,No,Yes,Pothole/Bad Road,Medium,3.0
ACC25404,16-01-2022,18:39,Karnataka,Bengaluru Urban,15.6316,75.0669,National Highway,Cloudy,Dusk,40,Male,Bike,76,No,No,No,Over Speeding,Medium,1.0
ACC25405,05-11-2023,18:16,Tamil Nadu,Tiruchirappalli,10.2516,78.5867,Expressway,Cloudy,Dusk,42,Male,Bike,79,No,No,No,Over Speeding,High,5.0
ACC25406,15-07-2023,21:56,Karnataka,Bengaluru Urban,15.296,76.0027,State Highway,Rainy,Night,48,Female,Truck,59,No,No,Yes,Poor Weather Visibility,Medium,1.0
ACC25407,29-08-2022,09:45,Telangana,Khammam,18.1756,78.7516,National Highway,Clear,Day,52,Male,Car,80,No,No,Yes,Over Speeding,Medium,5.0
ACC25408,09-03-2023,10:51,Tamil Nadu,Madurai,10.6897,78.2848,City Road,Clear,Day,31,Male,Auto,45,No,No,No,Signal Jumping,Low,0.0
ACC25409,26-05-2023,12:18,Tamil Nadu,Chennai,10.6544,79.0055,Village Road,Overcast,Day,38,Female,Truck,52,No,No,Yes,Pothole/Bad Road,Medium,3.0
ACC25410,20-06-2022,20:59,Telangana,Karimnagar,18.4445,79.6591,State Highway,Clear,Night,53,Male,Bike,51,No,Yes,No,Drowsy Driving,Medium,2.0
ACC25411,08-06-2022,13:57,Kerala,Ernakulam,10.7894,76.5436,State Highway,Cloudy,Day,18,Male,Auto,52,No,No,No,Poor Weather Visibility,Medium,3.0
ACC25412,09-03-2022,17:53,Tamil Nadu,Chennai,10.9091,78.2673,State Highway,Clear,Dusk,25,Female,Bike,72,No,No,No,Over Speeding,Medium,2.0
ACC25413,21-11-2024,15:01,Karnataka,Mangaluru,15.7066,75.9721,State Highway,Clear,Day,18,Male,Bike,76,Yes,No,No,Drunk Driving,Medium,2.0
ACC25414,30-01-2023,22:45,Telangana,Khammam,18.6397,79.2092,Village Road,Cloudy,Night,18,Female,Car,51,Yes,Yes,No,Drunk Driving,Medium,2.0
ACC25415,06-12-2023,15:53,Karnataka,Hubballi,15.1732,75.713,City Road,Overcast,Day,45,Male,Bike,35,No,Yes,No,Drowsy Driving,Low,2.0
ACC25416,16-07-2023,08:33,Telangana,Warangal,18.1771,78.3059,City Road,Foggy,Day,18,Male,Bike,50,Yes,No,No,Poor Weather Visibility,Low,0.0
ACC25417,03-06-2024,10:34,Kerala,Thrissur,10.318,76.3836,City Road,Clear,Day,58,Male,Bike,41,No,No,Yes,Pothole/Bad Road,Low,1.0
ACC25418,30-11-2024,16:47,Tamil Nadu,Tiruchirappalli,10.9204,78.4083,City Road,Clear,Day,41,Male,Truck,60,No,No,No,Over Speeding,Low,0.0
ACC25419,21-08-2024,21:38,Karnataka,Mysuru,15.2692,75.581,City Road,Cloudy,Night,47,Male,Bike,59,Yes,No,No,Drunk Driving,Medium,
ACC25420,18-12-2023,20:40,Karnataka,Mangaluru,15.5754,76.0555,Village Road,Rainy,Night,50,Male,Bike,51,Yes,No,Yes,Poor Weather Visibility,High,6.0
ACC25421,22-11-2022,07:12,Tamil Nadu,Coimbatore,11.3181,78.6207,National Highway,Rainy,Day,35,Male,Bike,57,No,No,No,Poor Weather Visibility,Medium,4.0
ACC25422,18-10-2024,14:19,Telangana,Hyderabad,17.3506,79.2873,National Highway,Overcast,Day,42,Male,Bike,46,No,No,No,Poor Weather Visibility,Medium,4.0
ACC25423,27-06-2023,10:19,Telangana,Warangal,18.1493,78.2294,Village Road,Cloudy,Day,30,Male,Truck,25,No,No,No,Poor Weather Visibility,Low,2.0
ACC25424,22-09-2024,18:46,Telangana,Warangal,17.4238,79.0101,City Road,Clear,Dusk,31,Male,Car,60,No,No,Yes,Pothole/Bad Road,Low,1.0
ACC25425,30-07-2022,03:26,Telangana,Karimnagar,18.4044,79.6704,City Road,Overcast,Night,21,Male,Car,59,No,No,No,Signal Jumping,Medium,0.0
ACC25426,20-12-2024,18:48,Karnataka,Bengaluru Urban,15.892,74.6475,City Road,Overcast,Dusk,42,Male,Bike,54,No,No,No,Signal Jumping,Medium,1.0
ACC25427,19-01-2022,00:58,Tamil Nadu,Salem,10.7854,78.4931,City Road,Clear,Night,35,Male,Auto,63,No,No,No,Signal Jumping,Medium,3.0
ACC25428,26-05-2022,17:52,Telangana,Karimnagar,18.4338,79.5829,State Highway,Clear,Dusk,39,Female,Car,38,No,No,No,Poor Weather Visibility,Low,0.0
ACC25429,07-08-2024,03:20,Telangana,Nizamabad,17.6819,78.5851,City Road,Rainy,Night,25,Male,Bike,28,No,No,No,Poor Weather Visibility,Low,2.0
ACC25430,28-12-2024,22:28,Karnataka,Mangaluru,15.2891,75.7994,City Road,Cloudy,Night,50,Male,Truck,48,No,No,No,Poor Weather Visibility,Low,0.0
ACC25431,12-07-2022,12:55,Karnataka,Belagavi,15.1902,76.3077,Expressway,Clear,Day,24,Female,Bus,97,No,No,No,Over Speeding,High,7.0
ACC25432,22-12-2023,16:18,Telangana,Nizamabad,17.7777,79.115,National Highway,Cloudy,Day,46,Male,Bike,60,No,No,Yes,Pothole/Bad Road,Low,0.0
ACC25433,08-03-2023,12:35,Karnataka,Hubballi,15.1684,75.7917,Village Road,Overcast,Day,35,Female,Bus,38,No,No,No,Signal Jumping,Low,0.0
ACC25434,28-09-2024,05:43,Tamil Nadu,Coimbatore,11.7198,78.647,Village Road,Foggy,Dawn,33,Male,Bike,31,No,No,No,Poor Weather Visibility,Low,0.0
ACC25435,19-06-2024,22:16,Karnataka,Belagavi,15.1689,75.7879,City Road,Clear,Night,18,Male,Truck,53,No,No,No,Signal Jumping,Low,1.0
ACC25436,29-05-2024,12:23,Andhra Pradesh,Guntur,16.2706,79.5953,National Highway,Foggy,Day,36,Male,Truck,61,No,No,No,Poor Weather Visibility,Medium,2.0
ACC25437,24-09-2022,14:53,Andhra Pradesh,Vijayawada,16.0573,79.7342,Village Road,Cloudy,Day,18,Male,Car,33,No,No,Yes,Pothole/Bad Road,Low,3.0
ACC25438,06-02-2023,08:35,Tamil Nadu,Chennai,10.8335,78.1949,City Road,Rainy,Day,60,Female,Car,60,No,No,No,Poor Weather Visibility,Low,2.0
ACC25439,06-01-2022,13:24,Tamil Nadu,Tiruchirappalli,11.132,78.6766,Village Road,Cloudy,Day,46,Male,Car,47,No,No,No,Poor Weather Visibility,Low,1.0
ACC25440,10-04-2022,11:46,Karnataka,Mysuru,15.4722,76.4468,Village Road,Clear,Day,18,Male,Auto,36,No,No,Yes,Pothole/Bad Road,Low,2.0
ACC25441,21-04-2023,10:42,Karnataka,Mysuru,15.0007,75.3648,City Road,Cloudy,Day,18,Female,Auto,57,No,No,No,Poor Weather Visibility,Medium,1.0
ACC25442,18-07-2022,21:39,Tamil Nadu,Chennai,11.3802,79.2342,City Road,Rainy,Night,39,Female,Car,79,Yes,No,No,Poor Weather Visibility,High,9.0
ACC25443,23-08-2023,00:04,Tamil Nadu,Madurai,10.9094,78.9144,National Highway,Clear,Night,18,Female,Car,78,Yes,No,No,Drunk Driving,High,5.0
ACC25444,11-08-2024,12:08,Telangana,Karimnagar,17.8599,79.1016,Expressway,Rainy,Day,45,Male,Car,71,No,No,No,Poor Weather Visibility,Medium,4.0
ACC25445,17-03-2022,06:03,Kerala,Ernakulam,10.6266,75.6841,National Highway,Foggy,Day,61,Female,Bike,79,No,No,No,Poor Weather Visibility,High,4.0
ACC25446,03-08-2024,09:57,Tamil Nadu,Madurai,12.1336,78.3166,Village Road,Clear,Day,18,Male,Bike,62,Yes,No,No,Drunk Driving,Medium,1.0
ACC25447,26-07-2022,16:41,Andhra Pradesh,Vijayawada,16.5468,79.8641,City Road,Cloudy,Day,28,Male,Bike,57,Yes,No,Yes,Drunk Driving,High,8.0
ACC25448,16-03-2024,10:04,Kerala,Thrissur,10.8935,76.4784,State Highway,Cloudy,Day,39,Male,Bike,56,No,No,Yes,Pothole/Bad Road,Medium,1.0
ACC25449,24-12-2023,08:50,Andhra Pradesh,Guntur,15.7822,79.7939,State Highway,Clear,Day,39,Male,Bus,73,No,No,Yes,Pothole/Bad Road,Low,2.0
ACC25450,01-01-2022,13:42,Andhra Pradesh,Nellore,16.0914,79.811,Village Road,Clear,Day,49,Male,Bus,65,No,Yes,No,Drowsy Driving,Low,
ACC25451,20-09-2023,16:54,Tamil Nadu,Salem,11.4305,78.7054,National Highway,Rainy,Day,42,Male,Car,68,No,Yes,No,Poor Weather Visibility,Medium,2.0
ACC25452,18-04-2022,15:24,Kerala,Thrissur,10.5024,76.5431,National Highway,Clear,Day,46,Male,Bike,66,No,No,No,Signal Jumping,Low,1.0
ACC25453,29-05-2024,18:08,Tamil Nadu,Madurai,10.7729,78.9946,City Road,Overcast,Dusk,49,Male,Bike,37,No,No,No,Poor Weather Visibility,Medium,0.0
ACC25454,26-10-2023,18:00,Kerala,Kozhikode,10.4771,76.6041,Village Road,Clear,Dusk,28,Male,Auto,47,No,No,Yes,Pothole/Bad Road,Low,1.0
ACC25455,09-11-2024,14:58,Tamil Nadu,Tiruchirappalli,11.4306,79.3507,State Highway,Clear,Day,18,Female,Bike,67,No,No,No,Over Speeding,Low,0.0
ACC25456,15-12-2024,16:24,Telangana,Nizamabad,17.7963,78.784,Expressway,Cloudy,Day,43,Male,Car,88,No,No,No,Over Speeding,Medium,1.0
ACC25457,26-09-2023,18:31,Telangana,Nizamabad,18.0027,79.2833,National Highway,Foggy,Dusk,18,Male,Bike,77,No,No,Yes,Poor Weather Visibility,High,9.0
ACC25458,07-05-2024,15:27,Kerala,Ernakulam,10.8052,75.6133,City Road,Clear,Day,18,Male,Bike,35,No,No,No,Signal Jumping,Low,2.0
ACC25459,19-12-2024,03:39,Kerala,Thrissur,9.9832,75.7801,Village Road,Rainy,Night,36,Male,Bike,47,No,No,No,Poor Weather Visibility,Low,3.0
ACC25460,20-11-2024,10:57,Telangana,Karimnagar,18.2144,79.0037,City Road,Clear,Day,47,Female,Bike,42,No,Yes,Yes,Drowsy Driving,Low,0.0
ACC25461,08-07-2023,07:52,Andhra Pradesh,Kurnool,15.9516,79.9688,National Highway,Rainy,Day,44,Male,Bike,71,No,No,Yes,Poor Weather Visibility,Medium,5.0
ACC25462,23-05-2024,13:40,Karnataka,Hubballi,15.4751,76.087,Expressway,Foggy,Day,38,Male,Bus,89,No,No,No,Poor Weather Visibility,High,4.0
ACC25463,25-06-2023,17:53,Karnataka,Hubballi,14.6239,75.4511,Village Road,Cloudy,Dusk,32,Male,Bike,47,No,No,No,Poor Weather Visibility,Low,0.0
ACC25464,21-06-2024,23:27,Andhra Pradesh,Visakhapatnam,16.6796,79.5518,National Highway,Clear,Night,43,Male,Bike,92,No,No,No,Over Speeding,High,5.0
ACC25465,14-02-2024,19:52,Andhra Pradesh,Guntur,16.9444,79.3795,Village Road,Overcast,Night,38,Male,Bus,45,No,No,No,Poor Weather Visibility,Medium,2.0
ACC25466,07-02-2022,08:19,Telangana,Karimnagar,17.7647,78.9865,Village Road,Cloudy,Day,24,Male,Bike,35,No,No,Yes,Pothole/Bad Road,Low,0.0
ACC25467,26-05-2024,05:32,Puducherry,Puducherry,12.4246,79.4735,City Road,Cloudy,Dawn,45,Male,Bike,32,No,No,No,Signal Jumping,Low,1.0
ACC25468,22-11-2024,08:04,Andhra Pradesh,Guntur,15.6845,79.215,City Road,Cloudy,Day,54,Male,Auto,44,No,No,Yes,Signal Jumping,Medium,2.0
ACC25469,01-07-2024,08:52,Telangana,Warangal,17.8339,78.5366,National Highway,Clear,Day,52,Male,Car,56,No,No,No,Signal Jumping,Low,0.0
ACC25470,14-06-2022,16:02,Karnataka,Bengaluru Urban,14.549,75.8513,Village Road,Clear,Day,61,Male,Car,50,No,No,No,Signal Jumping,Low,1.0
ACC25471,26-02-2022,16:20,Andhra Pradesh,Vijayawada,16.0221,80.3427,State Highway,Clear,Day,47,Female,Bus,62,No,No,No,Over Speeding,Low,1.0
ACC25472,07-07-2022,11:45,Tamil Nadu,Madurai,11.1409,78.909,State Highway,Cloudy,Day,40,Male,Car,78,No,No,No,Over Speeding,Medium,1.0
ACC25473,25-08-2022,07:49,Telangana,Warangal,17.9516,78.9014,State Highway,Clear,Day,27,Male,Auto,77,No,No,No,Over Speeding,Medium,2.0
ACC25474,07-03-2024,15:28,Tamil Nadu,Coimbatore,11.6818,78.3961,State Highway,Rainy,Day,25,Female,Bus,53,No,No,Yes,Poor Weather Visibility,Low,2.0
ACC25475,19-12-2022,18:07,Tamil Nadu,Chennai,11.2159,78.6842,State Highway,Clear,Dusk,29,Male,Auto,88,Yes,Yes,No,Over Speeding,High,5.0
ACC25476,24-06-2022,17:07,Kerala,Kozhikode,10.8378,76.4301,State Highway,Clear,Dusk,36,Male,Bus,63,No,No,No,Over Speeding,Low,1.0
ACC25477,30-03-2024,18:12,Kerala,Thiruvananthapuram,10.9132,76.6494,Village Road,Clear,Dusk,39,Male,Auto,39,No,No,Yes,Pothole/Bad Road,Low,1.0
ACC25478,15-04-2024,02:58,Andhra Pradesh,Nellore,15.4542,80.2201,Expressway,Overcast,Night,48,Male,Bus,100,No,No,No,Over Speeding,High,4.0
ACC25479,04-03-2022,17:17,Tamil Nadu,Coimbatore,10.4712,78.5569,State Highway,Clear,Dusk,40,Male,Bike,59,No,No,Yes,Pothole/Bad Road,Low,
ACC25480,25-01-2023,12:13,Andhra Pradesh,Nellore,15.3068,79.8212,Village Road,Overcast,Day,45,Male,Bus,56,No,Yes,No,Drowsy Driving,Low,1.0
ACC25481,10-03-2022,19:06,Karnataka,Hubballi,15.5404,75.0208,National Highway,Cloudy,Night,33,Male,Car,68,Yes,No,No,Drunk Driving,Medium,2.0
ACC25482,08-08-2024,05:46,Andhra Pradesh,Nellore,16.0835,79.3981,Village Road,Cloudy,Dawn,50,Male,Bike,29,No,No,Yes,Pothole/Bad Road,Low,2.0
ACC25483,28-06-2022,07:21,Telangana,Karimnagar,17.8352,79.3884,Village Road,Cloudy,Day,45,Male,Truck,29,No,Yes,No,Drowsy Driving,Low,0.0
ACC25484,15-04-2022,05:18,Tamil Nadu,Chennai,11.4561,79.2916,City Road,Rainy,Dawn,55,Female,Bike,48,Yes,No,No,Poor Weather Visibility,Medium,1.0
ACC25485,17-02-2022,19:31,Tamil Nadu,Tiruchirappalli,11.3071,77.8359,National Highway,Rainy,Night,42,Male,Car,57,No,No,No,Poor Weather Visibility,Medium,2.0
ACC25486,26-07-2024,14:38,Telangana,Hyderabad,17.5695,78.9873,State Highway,Clear,Day,43,Male,Bike,71,No,No,No,Signal Jumping,Medium,9.0
ACC25487,23-08-2024,13:12,Karnataka,Mangaluru,14.6097,76.6197,State Highway,Clear,Day,35,Male,Car,80,Yes,No,No,Drunk Driving,Medium,3.0
ACC25488,10-04-2022,18:03,Karnataka,Mangaluru,15.4426,75.2555,State Highway,Cloudy,Dusk,18,Male,Auto,59,No,No,No,Poor Weather Visibility,Low,1.0
ACC25489,13-08-2024,07:58,Karnataka,Mysuru,15.201,75.5687,National Highway,Cloudy,Day,44,Male,Truck,70,No,No,No,Poor Weather Visibility,Medium,0.0
ACC25490,09-04-2023,18:18,Tamil Nadu,Chennai,11.0436,78.3217,National Highway,Rainy,Dusk,33,Male,Bus,56,No,No,No,Poor Weather Visibility,Medium,3.0
ACC25491,14-01-2023,02:08,Karnataka,Hubballi,15.5269,75.5209,City Road,Cloudy,Night,32,Male,Bike,56,No,Yes,No,Drowsy Driving,Medium,3.0
ACC25492,28-09-2023,05:47,Tamil Nadu,Madurai,11.0863,79.2501,Expressway,Cloudy,Dawn,61,Male,Truck,58,No,No,No,Poor Weather Visibility,Low,0.0
ACC25493,16-01-2023,18:04,Telangana,Warangal,17.711,79.3721,Village Road,Clear,Dusk,28,Male,Bike,61,No,No,Yes,Pothole/Bad Road,Low,2.0
ACC25494,21-05-2024,22:38,Kerala,Kollam,9.6338,76.3884,State Highway,Clear,Night,25,Male,Bike,71,No,Yes,Yes,Drowsy Driving,Medium,4.0
ACC25495,16-02-2022,19:01,Tamil Nadu,Salem,11.4544,78.5125,State Highway,Clear,Night,50,Female,Bike,71,No,Yes,No,Drowsy Driving,Medium,3.0
ACC25496,01-05-2023,17:54,Telangana,Warangal,17.9447,79.4029,State Highway,Overcast,Dusk,40,Female,Car,59,No,No,No,Poor Weather Visibility,Medium,1.0
ACC25497,18-04-2022,05:38,Andhra Pradesh,Guntur,15.4966,79.3992,City Road,Clear,Dawn,18,Male,Auto,43,No,No,No,Poor Weather Visibility,Low,0.0
ACC25498,18-01-2024,06:09,Karnataka,Bengaluru Urban,14.9374,75.692,Village Road,Overcast,Day,18,Female,Auto,37,No,No,No,Poor Weather Visibility,Low,0.0
ACC25499,10-05-2024,13:19,Kerala,Ernakulam,10.3776,76.6695,National Highway,Rainy,Day,18,Male,Bike,82,Yes,No,No,Poor Weather Visibility,High,8.0
ACC25500,11-01-2024,07:35,Telangana,Khammam,18.8251,79.0057,City Road,Cloudy,Day,20,Male,Bus,38,No,No,No,Poor Weather Visibility,Low,1.0
ACC25501,26-07-2024,19:12,Tamil Nadu,Madurai,11.0816,78.6207,Village Road,Clear,Night,53,Female,Car,35,Yes,Yes,No,Drunk Driving,Low,0.0
ACC25502,01-03-2023,13:55,Karnataka,Mysuru,14.9564,75.5077,City Road,Rainy,Day,32,Male,Bike,44,No,No,No,Poor Weather Visibility,Low,1.0
ACC25503,07-08-2024,16:01,Tamil Nadu,Salem,12.1236,78.5604,Village Road,Clear,Day,28,Female,Car,43,No,No,No,Signal Jumping,Low,0.0
ACC25504,31-10-2023,06:42,Telangana,Khammam,17.8765,79.0417,Village Road,Overcast,Day,20,Female,Car,54,Yes,No,Yes,Signal Jumping,High,4.0
ACC25505,04-06-2024,14:53,Karnataka,Belagavi,15.7007,75.888,Village Road,Clear,Day,36,Male,Bike,43,No,No,Yes,Signal Jumping,Low,1.0
ACC25506,08-09-2022,22:11,Telangana,Khammam,18.3401,78.8415,City Road,Clear,Night,50,Male,Truck,68,Yes,Yes,No,Drunk Driving,Medium,1.0
ACC25507,31-10-2023,12:15,Karnataka,Mysuru,15.3477,76.3172,City Road,Rainy,Day,38,Male,Auto,73,No,No,Yes,Poor Weather Visibility,Medium,2.0
ACC25508,01-12-2024,17:20,Telangana,Hyderabad,17.7885,79.4361,City Road,Rainy,Dusk,50,Male,Car,54,No,No,Yes,Poor Weather Visibility,Low,0.0
ACC25509,01-06-2024,11:26,Karnataka,Hubballi,15.4849,75.7276,City Road,Clear,Day,52,Male,Bus,76,Yes,Yes,Yes,Drunk Driving,Medium,2.0
ACC25510,17-08-2024,04:27,Karnataka,Mysuru,14.4617,75.1688,National Highway,Clear,Night,31,Female,Car,76,No,Yes,Yes,Drowsy Driving,High,4.0