Accident_ID,Date,Time,State,District,Latitude,Longitude,Road_Type,Weather,Light_Condition,Driver_Age,Driver_Gender,Vehicle_Type,Speed_kmph,Alcohol_Involved,Driver_Drowsy,Pothole_Involved,Cause_of_Accident,Severity,Casualties
ACC25511,15-06-2024,12:42,Kerala,Kozhikode,9.9205,75.9505,State Highway,Clear,Day,38,Female,Bus,47,No,No,No,Signal Jumping,Low,
ACC25512,03-03-2022,09:11,Kerala,Kollam,10.4635,75.7376,State Highway,Clear,Day,27,Female,Truck,53,No,No,Yes,Pothole/Bad Road,Low,2.0
ACC25513,04-04-2022,21:41,Kerala,Kollam,10.5344,76.2791,Village Road,Clear,Night,38,Male,Truck,42,No,No,No,Signal Jumping,Low,0.0
ACC25514,24-01-2023,14:35,Karnataka,Mysuru,15.1179,76.197,Village Road,Cloudy,Day,35,Male,Auto,32,No,No,Yes,Pothole/Bad Road,Low,2.0
ACC25515,31-01-2022,02:45,Tamil Nadu,Coimbatore,11.5543,78.5529,City Road,Cloudy,Night,35,Female,Bike,38,No,No,No,Poor Weather Visibility,Low,1.0
ACC25516,10-06-2024,06:29,Tamil Nadu,Coimbatore,11.2447,78.9732,National Highway,Clear,Day,25,Male,Car,50,No,No,No,Signal Jumping,Low,0.0
ACC25517,27-06-2023,12:16,Andhra Pradesh,Nellore,15.1109,79.3985,Expressway,Clear,Day,39,Male,Bus,75,No,No,No,Over Speeding,Medium,2.0
ACC25518,19-12-2022,19:13,Telangana,Khammam,17.6155,79.3875,City Road,Foggy,Night,28,Male,Bike,40,No,No,No,Poor Weather Visibility,Low,2.0
ACC25519,23-12-2022,21:38,Telangana,Karimnagar,17.5856,78.3169,State Highway,Clear,Night,54,Male,Truck,85,Yes,Yes,No,Drunk Driving,High,7.0
ACC25520,11-05-2022,09:34,Kerala,Ernakulam,9.9978,76.3096,Village Road,Cloudy,Day,31,Female,Bus,40,No,Yes,No,Drowsy Driving,Low,1.0
ACC25521,10-01-2024,06:21,Puducherry,Karaikal,11.7655,79.5974,State Highway,Clear,Day,34,Male,Car,62,Yes,No,No,Drunk Driving,Medium,2.0
ACC25522,07-03-2023,18:50,Kerala,Ernakulam,10.0115,75.9414,National Highway,Overcast,Dusk,24,Male,Bus,103,Yes,No,No,Over Speeding,High,8.0
ACC25523,16-01-2022,11:04,Kerala,Ernakulam,9.8899,76.6609,National Highway,Overcast,Day,33,Male,Auto,67,No,No,No,Poor Weather Visibility,Medium,2.0
ACC25524,22-10-2022,08:56,Telangana,Khammam,17.6091,78.4673,National Highway,Clear,Day,45,Male,Auto,86,No,No,No,Over Speeding,High,7.0
ACC25525,29-04-2024,07:46,Andhra Pradesh,Guntur,15.7497,78.917,City Road,Clear,Day,28,Male,Auto,50,No,No,No,Poor Weather Visibility,Low,1.0
ACC25526,02-01-2023,00:50,Tamil Nadu,Madurai,10.575,78.5127,City Road,Clear,Night,41,Male,Bike,38,No,No,No,Poor Weather Visibility,Low,2.0
ACC25527,03-07-2022,16:40,Andhra Pradesh,Kurnool,16.9334,79.7798,Village Road,Cloudy,Day,26,Male,Bike,28,No,No,No,Poor Weather Visibility,Low,1.0
ACC25528,17-02-2022,05:17,Karnataka,Belagavi,14.9952,75.585,City Road,Overcast,Dawn,23,Male,Bus,53,No,Yes,Yes,Drowsy Driving,Medium,3.0
ACC25529,23-04-2023,09:55,Andhra Pradesh,Visakhapatnam,16.1096,80.0808,City Road,Rainy,Day,42,Male,Auto,58,No,No,No,Poor Weather Visibility,Low,0.0
ACC25530,08-12-2024,18:39,Kerala,Kollam,9.604,76.5507,National Highway,Rainy,Dusk,47,Male,Car,74,No,No,Yes,Poor Weather Visibility,Medium,1.0
ACC25531,06-07-2024,19:27,Telangana,Warangal,17.7244,79.131,Expressway,Clear,Night,41,Male,Car,77,No,No,No,Over Speeding,Medium,3.0
ACC25532,03-03-2023,23:41,Andhra Pradesh,Visakhapatnam,16.0143,80.0444,Expressway,Rainy,Night,53,Male,Bike,79,No,Yes,No,Poor Weather Visibility,High,4.0
ACC25533,12-01-2024,23:42,Andhra Pradesh,Guntur,15.7188,79.3652,City Road,Cloudy,Night,27,Male,Auto,27,No,No,No,Poor Weather Visibility,Low,1.0
ACC25534,24-11-2024,07:27,Tamil Nadu,Coimbatore,11.3494,78.9084,National Highway,Foggy,Day,27,Male,Truck,59,No,No,Yes,Poor Weather Visibility,Medium,4.0
ACC25535,28-05-2022,06:58,Puducherry,Karaikal,12.9384,79.8251,National Highway,Cloudy,Day,43,Male,Bike,63,No,No,No,Poor Weather Visibility,Low,
ACC25536,05-07-2024,22:58,Tamil Nadu,Madurai,11.4525,78.4779,Village Road,Clear,Night,28,Male,Bike,38,No,No,No,Signal Jumping,Low,0.0
ACC25537,17-11-2022,17:23,Telangana,Hyderabad,17.5359,79.0238,State Highway,Clear,Dusk,49,Female,Bike,66,No,Yes,No,Drowsy Driving,Low,1.0
ACC25538,23-06-2024,19:59,Telangana,Hyderabad,17.8752,78.6404,State Highway,Rainy,Night,33,Female,Bus,70,Yes,No,Yes,Poor Weather Visibility,High,3.0
ACC25539,22-02-2023,22:46,Tamil Nadu,Coimbatore,9.6744,77.9618,City Road,Clear,Night,25,Male,Truck,51,No,Yes,No,Drowsy Driving,Medium,1.0
ACC25540,08-05-2023,22:55,Tamil Nadu,Madurai,11.4426,78.9555,City Road,Cloudy,Night,24,Male,Bike,58,No,No,No,Poor Weather Visibility,Medium,3.0
ACC25541,05-09-2022,00:50,Tamil Nadu,Coimbatore,10.8423,78.6772,National Highway,Clear,Night,19,Male,Bike,75,No,No,No,Signal Jumping,Medium,4.0
ACC25542,05-03-2023,21:41,Tamil Nadu,Madurai,10.7891,79.2387,Village Road,Clear,Night,35,Male,Bike,29,No,No,No,Poor Weather Visibility,Low,0.0
ACC25543,22-11-2022,04:55,Tamil Nadu,Salem,11.2714,78.6088,Expressway,Cloudy,Night,45,Male,Car,98,No,No,No,Over Speeding,High,6.0
ACC25544,18-03-2024,21:34,Tamil Nadu,Salem,10.8341,78.1874,State Highway,Clear,Night,34,Female,Auto,77,No,No,No,Over Speeding,Medium,3.0
ACC25545,31-03-2023,11:17,Telangana,Khammam,17.8614,79.6921,City Road,Cloudy,Day,58,Male,Car,43,No,No,No,Poor Weather Visibility,Low,3.0
ACC25546,10-08-2023,01:57,Tamil Nadu,Tiruchirappalli,10.8573,78.3388,State Highway,Cloudy,Night,30,Male,Bike,71,No,Yes,No,Drowsy Driving,Medium,1.0
ACC25547,11-06-2024,11:55,Karnataka,Belagavi,15.2889,75.7769,State Highway,Clear,Day,41,Male,Bike,55,No,No,No,Signal Jumping,Medium,6.0
ACC25548,27-12-2023,20:26,Tamil Nadu,Coimbatore,11.2746,78.8867,National Highway,Clear,Night,55,Male,Bus,102,Yes,Yes,No,Over Speeding,High,6.0
ACC25549,25-09-2023,09:34,Telangana,Khammam,18.5883,78.7186,City Road,Overcast,Day,27,Male,Bike,48,No,No,Yes,Pothole/Bad Road,Low,1.0
ACC25550,15-04-2023,08:12,Tamil Nadu,Salem,11.0966,78.6286,Village Road,Clear,Day,20,Male,Bike,24,No,No,No,Poor Weather Visibility,Low,1.0
ACC25551,02-08-2024,11:52,Kerala,Kollam,10.5396,76.1632,Expressway,Rainy,Day,29,Male,Auto,84,Yes,No,No,Poor Weather Visibility,High,7.0
ACC25552,14-12-2024,09:06,Kerala,Kollam,10.755,76.2228,State Highway,Cloudy,Day,28,Male,Car,83,Yes,No,No,Drunk Driving,High,5.0
ACC25553,28-11-2022,10:48,Karnataka,Belagavi,15.7081,74.9256,Village Road,Rainy,Day,36,Male,Car,23,No,No,No,Poor Weather Visibility,Low,0.0
ACC25554,05-03-2024,08:54,Karnataka,Belagavi,15.2815,75.0942,City Road,Cloudy,Day,28,Male,Car,34,No,No,No,Poor Weather Visibility,Low,2.0
ACC25555,19-10-2023,21:39,Telangana,Khammam,17.4843,78.7899,State Highway,Clear,Night,18,Male,Auto,62,No,No,Yes,Pothole/Bad Road,High,6.0
ACC25556,24-12-2022,08:49,Andhra Pradesh,Visakhapatnam,15.699,79.585,City Road,Rainy,Day,23,Male,Bike,44,No,No,Yes,Poor Weather Visibility,Low,1.0
ACC25557,19-06-2022,21:51,Telangana,Nizamabad,17.7559,79.5539,Village Road,Clear,Night,40,Male,Truck,38,No,No,Yes,Pothole/Bad Road,Low,0.0
ACC25558,03-08-2024,08:03,Tamil Nadu,Tiruchirappalli,10.835,79.4769,National Highway,Cloudy,Day,24,Male,Bus,79,Yes,No,No,Drunk Driving,High,3.0
ACC25559,19-06-2022,10:33,Tamil Nadu,Coimbatore,11.3252,78.584,Expressway,Cloudy,Day,52,Male,Car,97,No,No,No,Over Speeding,Medium,3.0
ACC25560,13-02-2023,11:58,Tamil Nadu,Salem,10.8695,78.612,National Highway,Overcast,Day,44,Male,Bike,57,No,No,No,Poor Weather Visibility,Medium,
ACC25561,19-01-2024,08:00,Telangana,Karimnagar,18.1604,79.068,State Highway,Rainy,Day,36,Male,Auto,53,No,No,No,Poor Weather Visibility,Low,0.0
ACC25562,15-10-2024,18:28,Andhra Pradesh,Kurnool,16.7506,80.0178,City Road,Clear,Dusk,27,Male,Car,61,Yes,No,No,Drunk Driving,Medium,3.0
ACC25563,31-10-2022,08:08,Karnataka,Hubballi,14.6983,75.9884,National Highway,Clear,Day,58,Male,Bike,84,Yes,Yes,No,Drunk Driving,High,6.0
ACC25564,25-04-2023,23:59,Kerala,Kollam,10.7088,76.5321,City Road,Overcast,Night,40,Male,Car,54,No,No,No,Poor Weather Visibility,Medium,2.0
ACC25565,27-09-2024,11:15,Karnataka,Belagavi,15.4243,74.7297,Expressway,Rainy,Day,32,Male,Bike,80,No,No,No,Poor Weather Visibility,High,7.0
ACC25566,15-11-2024,18:29,Tamil Nadu,Madurai,11.2016,78.4967,State Highway,Clear,Dusk,28,Female,Auto,50,No,Yes,No,Drowsy Driving,Medium,5.0
ACC25567,19-08-2023,04:23,Andhra Pradesh,Guntur,15.9032,79.8248,City Road,Cloudy,Night,18,Male,Bike,61,Yes,No,Yes,Drunk Driving,High,8.0
ACC25568,24-11-2022,15:56,Karnataka,Bengaluru Urban,16.0529,75.829,City Road,Clear,Day,40,Male,Truck,38,No,No,Yes,Pothole/Bad Road,Low,0.0
ACC25569,17-03-2022,11:57,Andhra Pradesh,Visakhapatnam,16.0517,80.0322,State Highway,Rainy,Day,54,Male,Truck,51,No,Yes,Yes,Poor Weather Visibility,Medium,4.0
ACC25570,28-03-2023,22:30,Karnataka,Belagavi,15.4363,76.6227,City Road,Clear,Night,27,Male,Bike,32,Yes,No,No,Drunk Driving,Low,0.0
ACC25571,05-06-2022,21:36,Telangana,Khammam,18.5338,79.2804,National Highway,Cloudy,Night,40,Male,Truck,81,No,No,No,Over Speeding,High,4.0
ACC25572,17-06-2024,16:38,Telangana,Warangal,17.4726,78.8789,State Highway,Rainy,Day,34,Female,Bus,80,Yes,No,No,Poor Weather Visibility,High,5.0
ACC25573,04-12-2024,10:16,Telangana,Warangal,17.7693,79.2318,Village Road,Overcast,Day,18,Male,Bike,32,No,No,No,Poor Weather Visibility,Low,1.0
ACC25574,29-05-2022,10:22,Karnataka,Mangaluru,14.8221,75.5354,Village Road,Rainy,Day,40,Male,Car,46,No,No,No,Poor Weather Visibility,Medium,1.0
ACC25575,06-09-2022,16:57,Telangana,Nizamabad,18.7285,79.4977,City Road,Clear,Day,51,Female,Auto,43,No,No,No,Signal Jumping,Low,1.0
ACC25576,08-08-2023,20:41,Kerala,Thiruvananthapuram,10.1727,76.0245,City Road,Foggy,Night,32,Male,Bus,29,No,No,Yes,Poor Weather Visibility,Low,3.0
ACC25577,10-07-2024,18:20,Andhra Pradesh,Nellore,16.3121,80.0891,City Road,Rainy,Dusk,46,Female,Bike,33,No,No,No,Poor Weather Visibility,Low,0.0
ACC25578,18-05-2024,12:59,Tamil Nadu,Chennai,11.2438,77.7981,Village Road,Rainy,Day,18,Female,Bike,34,No,No,Yes,Poor Weather Visibility,Low,1.0
ACC25579,15-10-2024,17:52,Telangana,Karimnagar,17.6961,79.0679,City Road,Overcast,Dusk,33,Male,Auto,43,No,No,No,Poor Weather Visibility,Low,0.0
ACC25580,19-01-2024,13:45,Andhra Pradesh,Visakhapatnam,16.04,79.2272,Village Road,Cloudy,Day,34,Female,Car,33,No,No,No,Poor Weather Visibility,Low,1.0
ACC25581,31-01-2024,12:13,Telangana,Karimnagar,18.0032,79.5699,Village Road,Clear,Day,18,Male,Car,43,No,Yes,No,Drowsy Driving,Low,2.0
ACC25582,08-08-2022,23:59,Tamil Nadu,Salem,11.37,78.1936,State Highway,Clear,Night,31,Female,Truck,78,No,No,No,Over Speeding,Medium,1.0
ACC25583,14-02-2023,13:55,Tamil Nadu,Tiruchirappalli,11.2498,78.866,City Road,Clear,Day,48,Male,Bike,48,No,No,No,Poor Weather Visibility,Low,0.0
ACC25584,21-08-2023,08:10,Tamil Nadu,Coimbatore,10.8257,79.0276,Expressway,Cloudy,Day,32,Male,Auto,105,No,No,Yes,Over Speeding,High,3.0
ACC25585,23-10-2024,23:08,Andhra Pradesh,Vijayawada,15.6607,80.2749,City Road,Cloudy,Night,36,Male,Car,47,Yes,No,Yes,Drunk Driving,Low,0.0
ACC25586,19-07-2024,06:22,Telangana,Karimnagar,18.0156,79.044,National Highway,Cloudy,Day,54,Male,Car,64,No,No,No,Poor Weather Visibility,Low,0.0
ACC25587,20-07-2023,13:13,Andhra Pradesh,Guntur,16.0602,79.5491,Village Road,Clear,Day,45,Male,Car,41,Yes,No,Yes,Drunk Driving,Low,0.0
ACC25588,18-05-2024,05:30,Andhra Pradesh,Visakhapatnam,15.8881,79.2058,State Highway,Clear,Dawn,46,Male,Car,66,No,No,No,Over Speeding,Low,0.0
ACC25589,03-08-2022,14:11,Telangana,Nizamabad,18.2692,78.8322,Expressway,Rainy,Day,54,Male,Car,81,No,No,No,Poor Weather Visibility,Medium,2.0
ACC25590,13-04-2022,07:44,Telangana,Nizamabad,17.8765,79.246,City Road,Clear,Day,31,Male,Bus,39,No,No,No,Poor Weather Visibility,Low,1.0
ACC25591,30-05-2022,10:54,Karnataka,Belagavi,14.7237,75.9556,Expressway,Cloudy,Day,21,Male,Bike,77,No,No,No,Over Speeding,Medium,4.0
ACC25592,23-08-2023,14:03,Kerala,Thrissur,10.2914,75.6381,City Road,Cloudy,Day,48,Male,Truck,58,No,No,No,Poor Weather Visibility,Low,1.0
ACC25593,24-03-2024,19:25,Tamil Nadu,Salem,10.9924,78.6471,Village Road,Clear,Night,19,Male,Car,63,Yes,No,No,Drunk Driving,Medium,1.0
ACC25594,22-09-2023,10:50,Karnataka,Mysuru,15.426,76.3375,Village Road,Clear,Day,54,Female,Bike,38,No,No,Yes,Pothole/Bad Road,Low,2.0
ACC25595,31-07-2023,19:31,Karnataka,Hubballi,15.0964,75.982,City Road,Clear,Night,33,Male,Auto,66,No,No,No,Signal Jumping,Medium,5.0
ACC25596,19-07-2023,05:05,Tamil Nadu,Chennai,11.1717,79.3363,City Road,Cloudy,Dawn,26,Male,Auto,52,No,No,No,Poor Weather Visibility,Low,1.0
ACC25597,06-03-2023,18:57,Tamil Nadu,Coimbatore,10.8624,78.4909,State Highway,Rainy,Dusk,38,Male,Truck,85,Yes,No,No,Poor Weather Visibility,High,5.0
ACC25598,16-03-2023,07:26,Tamil Nadu,Tiruchirappalli,10.8673,78.5264,Village Road,Cloudy,Day,42,Female,Truck,55,No,No,No,Poor Weather Visibility,Low,1.0
ACC25599,01-01-2023,21:05,Kerala,Kozhikode,11.4076,75.9062,State Highway,Overcast,Night,24,Male,Car,74,Yes,Yes,No,Drunk Driving,High,2.0
ACC25600,06-06-2023,07:07,Andhra Pradesh,Kurnool,15.72,79.8754,Expressway,Clear,Day,25,Female,Truck,75,No,No,No,Over Speeding,Low,0.0
ACC25601,31-12-2023,14:32,Karnataka,Mangaluru,14.9606,75.8303,Expressway,Overcast,Day,34,Male,Bike,83,No,Yes,No,Over Speeding,High,3.0
ACC25602,01-04-2023,14:33,Telangana,Khammam,18.286,78.2235,National Highway,Cloudy,Day,23,Male,Car,93,No,No,No,Over Speeding,Medium,4.0
ACC25603,27-03-2023,20:32,Andhra Pradesh,Visakhapatnam,16.063,79.2819,Village Road,Clear,Night,18,Male,Bike,49,Yes,Yes,Yes,Drunk Driving,Medium,2.0
ACC25604,30-10-2024,17:46,Andhra Pradesh,Kurnool,15.8932,79.8063,City Road,Clear,Dusk,42,Male,Bike,40,No,No,No,Poor Weather Visibility,Low,2.0
ACC25605,20-10-2024,17:44,Andhra Pradesh,Kurnool,15.0188,79.9027,State Highway,Foggy,Dusk,32,Male,Auto,70,No,No,No,Poor Weather Visibility,High,11.0
ACC25606,02-07-2022,13:27,Karnataka,Mangaluru,16.0871,76.2313,City Road,Rainy,Day,30,Male,Car,69,No,No,No,Poor Weather Visibility,Medium,2.0
ACC25607,07-01-2023,12:57,Puducherry,Puducherry,12.2424,79.6782,Expressway,Clear,Day,49,Male,Bus,80,No,Yes,No,Drowsy Driving,Medium,0.0
ACC25608,29-06-2024,20:36,Tamil Nadu,Salem,11.1945,77.4192,City Road,Clear,Night,35,Female,Car,59,No,No,Yes,Pothole/Bad Road,Medium,0.0
ACC25609,18-04-2024,19:16,Tamil Nadu,Chennai,11.0919,78.0865,City Road,Clear,Night,18,Male,Car,57,Yes,No,No,Drunk Driving,Medium,2.0
ACC25610,09-09-2024,06:15,Andhra Pradesh,Vijayawada,15.8328,79.2099,Village Road,Rainy,Day,33,Male,Car,43,No,No,Yes,Poor Weather Visibility,Medium,3.0
ACC25611,10-11-2024,20:30,Telangana,Hyderabad,17.828,78.7793,Village Road,Overcast,Night,27,Male,Auto,43,No,No,No,Poor Weather Visibility,Low,3.0
ACC25612,23-03-2023,01:59,Karnataka,Belagavi,15.521,75.4249,State Highway,Rainy,Night,27,Male,Car,67,No,No,No,Poor Weather Visibility,Medium,3.0
ACC25613,20-05-2023,14:21,Andhra Pradesh,Guntur,15.6419,79.7967,City Road,Clear,Day,30,Female,Bike,35,No,No,No,Signal Jumping,Low,2.0
ACC25614,01-04-2023,15:15,Telangana,Nizamabad,18.1106,78.8545,City Road,Cloudy,Day,46,Male,Bus,35,No,No,No,Poor Weather Visibility,Low,1.0
ACC25615,03-06-2023,17:04,Karnataka,Bengaluru Urban,15.3539,76.089,City Road,Rainy,Dusk,47,Male,Auto,60,Yes,No,No,Poor Weather Visibility,High,5.0
ACC25616,14-11-2024,12:25,Kerala,Thiruvananthapuram,10.2173,76.542,Expressway,Clear,Day,43,Female,Bus,90,No,Yes,No,Over Speeding,High,3.0
ACC25617,22-05-2023,10:04,Telangana,Karimnagar,18.2686,79.3517,Expressway,Rainy,Day,39,Female,Bike,106,No,No,Yes,Over Speeding,High,6.0
ACC25618,28-04-2022,08:59,Telangana,Khammam,17.7821,78.8932,City Road,Clear,Day,37,Female,Car,54,No,No,No,Poor Weather Visibility,Low,0.0
ACC25619,18-10-2022,22:32,Karnataka,Hubballi,15.3289,75.6021,City Road,Cloudy,Night,21,Male,Bus,35,No,No,No,Poor Weather Visibility,Low,0.0
ACC25620,28-06-2023,11:43,Tamil Nadu,Salem,11.5384,78.3776,Village Road,Clear,Day,52,Male,Car,32,No,No,Yes,Pothole/Bad Road,Low,0.0
ACC25621,06-11-2023,03:47,Karnataka,Hubballi,14.9406,76.1522,State Highway,Clear,Night,18,Male,Bike,81,No,No,Yes,Over Speeding,High,6.0
ACC25622,21-08-2023,11:57,Karnataka,Hubballi,15.1214,75.8597,Village Road,Clear,Day,36,Female,Bike,44,No,No,Yes,Pothole/Bad Road,Low,1.0
ACC25623,09-12-2022,00:55,Telangana,Warangal,17.5233,78.7317,Village Road,Cloudy,Night,25,Male,Bike,40,No,No,No,Poor Weather Visibility,Low,1.0
ACC25624,12-08-2023,09:48,Karnataka,Mysuru,15.7436,76.0558,City Road,Clear,Day,41,Male,Bike,38,No,No,No,Signal Jumping,Low,
ACC25625,12-08-2022,10:45,Kerala,Thiruvananthapuram,11.0238,76.0397,State Highway,Clear,Day,35,Male,Truck,76,No,Yes,No,Drowsy Driving,Medium,3.0
ACC25626,06-11-2023,20:54,Andhra Pradesh,Nellore,15.6418,79.865,State Highway,Clear,Night,50,Male,Bike,58,No,No,No,Signal Jumping,Medium,3.0
ACC25627,10-09-2024,19:31,Puducherry,Puducherry,11.9767,80.0138,State Highway,Cloudy,Night,32,Male,Bike,82,No,Yes,No,Over Speeding,High,6.0
ACC25628,12-07-2023,12:39,Kerala,Thrissur,9.8991,76.2768,State Highway,Clear,Day,26,Male,Bike,63,No,No,No,Signal Jumping,Medium,2.0
ACC25629,04-08-2022,17:56,Karnataka,Hubballi,15.7749,75.3366,City Road,Clear,Dusk,29,Male,Car,45,No,No,No,Signal Jumping,Low,
ACC25630,18-07-2022,05:24,Karnataka,Mysuru,14.8871,75.5444,National Highway,Cloudy,Dawn,21,Male,Auto,97,Yes,No,No,Over Speeding,High,6.0
ACC25631,25-05-2023,15:04,Kerala,Ernakulam,10.3375,75.7148,State Highway,Rainy,Day,60,Female,Bus,58,No,No,No,Poor Weather Visibility,Medium,
ACC25632,07-03-2024,17:43,Telangana,Warangal,18.2546,78.7007,City Road,Clear,Dusk,46,Male,Bike,43,No,No,No,Poor Weather Visibility,Low,
ACC25633,15-08-2024,17:15,Tamil Nadu,Coimbatore,10.8079,78.904,National Highway,Cloudy,Dusk,49,Male,Car,78,No,No,No,Over Speeding,High,3.0
ACC25634,18-05-2022,15:14,Puducherry,Karaikal,11.503,79.3418,Village Road,Foggy,Day,18,Female,Auto,19,No,No,No,Poor Weather Visibility,Low,0.0
ACC25635,30-05-2024,14:37,Telangana,Khammam,17.9314,78.5796,State Highway,Cloudy,Day,39,Male,Car,75,No,Yes,No,Drowsy Driving,Medium,5.0
ACC25636,26-08-2022,06:02,Tamil Nadu,Chennai,10.2983,79.5863,Expressway,Clear,Day,33,Male,Bike,98,No,No,No,Over Speeding,Medium,2.0
ACC25637,09-07-2022,05:52,Tamil Nadu,Madurai,11.7597,78.2396,Expressway,Clear,Dawn,54,Female,Bike,88,No,No,No,Over Speeding,Medium,6.0
ACC25638,11-06-2022,15:51,Tamil Nadu,Salem,10.586,79.4642,Expressway,Clear,Day,43,Male,Bike,92,No,No,No,Over Speeding,High,5.0
ACC25639,19-05-2022,17:55,Telangana,Warangal,17.839,79.2234,City Road,Clear,Dusk,39,Male,Truck,55,No,No,No,Signal Jumping,Low,0.0
ACC25640,25-06-2022,14:38,Tamil Nadu,Salem,11.6319,79.0875,Expressway,Clear,Day,39,Male,Bike,76,No,No,No,Over Speeding,Low,3.0
ACC25641,18-09-2024,09:37,Tamil Nadu,Salem,11.203,78.0635,Village Road,Rainy,Day,38,Female,Auto,45,No,No,Yes,Poor Weather Visibility,Medium,8.0
ACC25642,18-09-2022,07:03,Andhra Pradesh,Vijayawada,15.9892,79.6688,Village Road,Clear,Day,43,Male,Bike,40,No,No,Yes,Signal Jumping,Low,0.0
ACC25643,09-03-2023,22:56,Puducherry,Puducherry,12.1507,79.3445,State Highway,Clear,Night,50,Male,Bike,75,Yes,Yes,No,Drunk Driving,High,6.0
ACC25644,16-03-2023,10:35,Tamil Nadu,Salem,11.5562,78.2846,National Highway,Cloudy,Day,22,Male,Bike,55,No,No,No,Poor Weather Visibility,Medium,2.0
ACC25645,05-02-2023,16:29,Kerala,Kollam,10.3862,76.035,State Highway,Overcast,Day,42,Male,Car,68,No,No,No,Poor Weather Visibility,Low,4.0
ACC25646,24-06-2023,19:32,Andhra Pradesh,Kurnool,15.8255,80.0819,Village Road,Rainy,Night,40,Male,Bus,27,No,Yes,No,Poor Weather Visibility,Low,1.0
ACC25647,21-03-2022,02:54,Andhra Pradesh,Vijayawada,16.098,79.6083,State Highway,Rainy,Night,29,Male,Bike,61,No,No,No,Poor Weather Visibility,Low,2.0
ACC25648,24-11-2024,23:55,Karnataka,Bengaluru Urban,15.6778,75.7435,City Road,Clear,Night,31,Male,Car,72,No,Yes,Yes,Drowsy Driving,Medium,3.0
ACC25649,03-08-2022,12:16,Kerala,Kollam,10.877,76.2325,Village Road,Clear,Day,36,Male,Bike,49,No,No,No,Poor Weather Visibility,Low,1.0
ACC25650,26-02-2024,09:17,Telangana,Khammam,17.8603,79.3711,Expressway,Cloudy,Day,44,Male,Bus,63,No,No,No,Poor Weather Visibility,Low,0.0
ACC25651,28-01-2022,13:33,Puducherry,Puducherry,11.9464,79.8886,National Highway,Clear,Day,18,Male,Car,62,No,Yes,No,Drowsy Driving,Medium,1.0
ACC25652,30-08-2022,09:38,Kerala,Thiruvananthapuram,10.559,76.2542,State Highway,Clear,Day,18,Male,Bike,75,No,No,Yes,Pothole/Bad Road,High,4.0
ACC25653,22-12-2022,00:13,Andhra Pradesh,Visakhapatnam,16.4991,80.1083,State Highway,Rainy,Night,48,Male,Auto,83,No,No,Yes,Poor Weather Visibility,High,8.0
ACC25654,16-03-2022,19:54,Andhra Pradesh,Kurnool,15.3877,79.9177,City Road,Cloudy,Night,39,Female,Truck,58,No,Yes,No,Drowsy Driving,Medium,2.0
ACC25655,12-07-2024,23:57,Kerala,Thrissur,10.5332,76.3638,City Road,Clear,Night,23,Male,Car,59,Yes,No,Yes,Drunk Driving,Medium,1.0
ACC25656,24-09-2022,08:17,Kerala,Thiruvananthapuram,10.415,76.1459,City Road,Rainy,Day,47,Male,Car,62,Yes,No,No,Poor Weather Visibility,Medium,6.0
ACC25657,10-09-2022,13:17,Telangana,Khammam,18.0813,78.9052,City Road,Clear,Day,75,Male,Car,47,No,No,No,Signal Jumping,Low,0.0
ACC25658,18-02-2022,16:16,Andhra Pradesh,Kurnool,16.614,80.5294,National Highway,Foggy,Day,51,Female,Auto,100,Yes,No,No,Poor Weather Visibility,High,6.0
ACC25659,18-05-2024,14:32,Telangana,Hyderabad,18.2524,79.2076,City Road,Rainy,Day,23,Male,Bike,43,No,Yes,Yes,Poor Weather Visibility,Medium,4.0
ACC25660,21-02-2023,04:51,Andhra Pradesh,Vijayawada,15.7752,79.4507,State Highway,Overcast,Night,46,Male,Car,55,No,No,No,Poor Weather Visibility,Medium,4.0
ACC25661,09-05-2023,10:15,Tamil Nadu,Chennai,10.9214,78.889,National Highway,Clear,Day,27,Male,Car,70,No,Yes,No,Drowsy Driving,High,4.0
ACC25662,02-07-2022,08:35,Karnataka,Bengaluru Urban,15.2195,75.9041,City Road,Rainy,Day,55,Male,Bike,63,No,No,No,Poor Weather Visibility,Medium,2.0
ACC25663,16-01-2024,07:42,Karnataka,Belagavi,15.5298,75.9422,National Highway,Clear,Day,34,Male,Bike,53,No,No,No,Signal Jumping,Low,1.0
ACC25664,28-01-2022,17:08,Tamil Nadu,Salem,11.3842,79.2713,City Road,Clear,Dusk,32,Male,Auto,69,No,No,No,Signal Jumping,Medium,2.0
ACC25665,03-08-2023,20:32,Andhra Pradesh,Kurnool,16.1175,79.4308,State Highway,Rainy,Night,63,Male,Truck,83,Yes,No,No,Poor Weather Visibility,High,8.0
ACC25666,11-06-2023,12:04,Telangana,Karimnagar,18.2691,78.8529,Expressway,Cloudy,Day,54,Female,Car,85,No,No,No,Over Speeding,High,3.0
ACC25667,06-09-2023,12:02,Kerala,Ernakulam,11.1818,75.7083,Expressway,Clear,Day,37,Male,Bike,93,No,Yes,No,Over Speeding,Medium,1.0
ACC25668,02-09-2024,13:05,Andhra Pradesh,Visakhapatnam,15.2731,80.162,State Highway,Clear,Day,47,Male,Truck,62,No,No,No,Over Speeding,Low,0.0