Accident_ID,Date,Time,State,District,Latitude,Longitude,Road_Type,Weather,Light_Condition,Driver_Age,Driver_Gender,Vehicle_Type,Speed_kmph,Alcohol_Involved,Driver_Drowsy,Pothole_Involved,Cause_of_Accident,Severity,Casualties
ACC25669,10-03-2023,12:42,Karnataka,Mangaluru,14.8185,76.4407,State Highway,Clear,Day,26,Female,Car,49,No,No,No,Poor Weather Visibility,Low,0.0
ACC25670,14-07-2023,22:59,Andhra Pradesh,Guntur,15.5895,80.4925,Village Road,Clear,Night,22,Male,Bike,54,No,No,Yes,Pothole/Bad Road,Low,0.0
ACC25671,07-02-2024,09:55,Kerala,Kollam,10.5122,76.0386,City Road,Clear,Day,34,Male,Truck,31,No,No,No,Signal Jumping,Low,1.0
ACC25672,18-02-2023,11:14,Tamil Nadu,Chennai,10.7759,78.3337,State Highway,Clear,Day,48,Male,Truck,53,No,Yes,No,Drowsy Driving,Low,0.0
ACC25673,16-07-2024,15:14,Andhra Pradesh,Kurnool,16.3289,81.3808,National Highway,Cloudy,Day,52,Male,Auto,61,No,No,No,Poor Weather Visibility,Medium,2.0
ACC25674,01-12-2022,09:23,Kerala,Thrissur,10.225,76.7464,State Highway,Rainy,Day,43,Male,Car,62,No,No,No,Poor Weather Visibility,Medium,7.0
ACC25675,26-12-2022,10:20,Kerala,Ernakulam,10.7783,76.2323,National Highway,Foggy,Day,73,Male,Auto,59,No,No,No,Poor Weather Visibility,Medium,2.0
ACC25676,30-09-2024,11:47,Karnataka,Belagavi,15.2571,75.6662,City Road,Foggy,Day,22,Male,Bike,35,No,No,Yes,Poor Weather Visibility,Low,
ACC25677,17-07-2024,13:47,Telangana,Warangal,17.6248,78.9341,National Highway,Clear,Day,32,Male,Car,51,No,No,No,Signal Jumping,Low,1.0
ACC25678,16-01-2022,14:34,Karnataka,Bengaluru Urban,15.0089,75.8166,Village Road,Overcast,Day,18,Male,Bike,25,No,No,No,Poor Weather Visibility,Low,0.0
ACC25679,04-10-2023,14:23,Kerala,Thrissur,10.3625,76.3002,Village Road,Rainy,Day,32,Male,Auto,44,No,No,Yes,Poor Weather Visibility,Medium,
ACC25680,13-05-2022,22:04,Tamil Nadu,Chennai,12.0328,77.8638,State Highway,Cloudy,Night,26,Male,Car,77,No,Yes,No,Drowsy Driving,High,4.0
ACC25681,19-07-2023,08:31,Tamil Nadu,Salem,11.1635,78.7803,City Road,Clear,Day,52,Male,Bike,55,No,No,Yes,Signal Jumping,Low,2.0
ACC25682,30-12-2023,12:16,Tamil Nadu,Chennai,11.102,78.663,State Highway,Clear,Day,46,Male,Bike,85,Yes,No,Yes,Drunk Driving,High,5.0
ACC25683,09-03-2024,10:26,Telangana,Warangal,17.968,78.7938,National Highway,Rainy,Day,46,Male,Auto,77,Yes,No,No,Poor Weather Visibility,High,11.0
ACC25684,14-02-2023,07:37,Karnataka,Mangaluru,15.5955,75.6198,Village Road,Clear,Day,49,Female,Car,58,No,No,No,Poor Weather Visibility,Low,2.0
ACC25685,24-08-2024,09:49,Telangana,Nizamabad,17.9243,79.5968,City Road,Clear,Day,31,Male,Bike,44,No,No,Yes,Pothole/Bad Road,Low,2.0
ACC25686,27-12-2023,17:46,Kerala,Ernakulam,10.5122,76.2866,State Highway,Foggy,Dusk,35,Female,Auto,75,Yes,No,No,Poor Weather Visibility,High,0.0
ACC25687,15-01-2023,09:23,Kerala,Kozhikode,10.399,76.4239,Village Road,Clear,Day,33,Male,Bike,20,No,No,No,Poor Weather Visibility,Low,1.0
ACC25688,11-03-2023,12:25,Tamil Nadu,Tiruchirappalli,11.9538,78.0648,National Highway,Cloudy,Day,43,Female,Bike,69,No,No,No,Poor Weather Visibility,Medium,6.0
ACC25689,03-08-2022,18:54,Karnataka,Mangaluru,15.2976,75.4145,Village Road,Rainy,Dusk,42,Female,Bus,51,No,No,No,Poor Weather Visibility,Low,
ACC25690,02-05-2024,17:19,Karnataka,Hubballi,15.2946,75.604,City Road,Clear,Dusk,23,Female,Truck,52,No,No,No,Poor Weather Visibility,Low,0.0
ACC25691,24-11-2022,13:11,Andhra Pradesh,Vijayawada,16.0904,79.805,State Highway,Rainy,Day,25,Male,Bike,96,No,No,Yes,Over Speeding,High,1.0
ACC25692,26-02-2024,13:13,Karnataka,Hubballi,14.9573,75.0306,City Road,Foggy,Day,24,Female,Truck,30,No,No,No,Poor Weather Visibility,Low,1.0
ACC25693,18-10-2024,14:54,Telangana,Warangal,17.9908,79.242,City Road,Overcast,Day,52,Male,Auto,45,No,No,No,Poor Weather Visibility,Low,0.0
ACC25694,12-08-2024,13:23,Tamil Nadu,Tiruchirappalli,11.092,79.236,National Highway,Clear,Day,51,Male,Bus,98,Yes,Yes,No,Over Speeding,High,9.0
ACC25695,16-10-2024,17:24,Tamil Nadu,Coimbatore,10.925,78.4475,City Road,Rainy,Dusk,42,Male,Bike,36,No,No,No,Poor Weather Visibility,Low,0.0
ACC25696,25-10-2024,21:36,Kerala,Ernakulam,10.5041,76.0088,State Highway,Clear,Night,34,Male,Bike,63,No,No,No,Signal Jumping,Medium,2.0
ACC25697,29-12-2022,19:47,Andhra Pradesh,Kurnool,16.1046,79.4545,State Highway,Clear,Night,45,Male,Bike,56,No,Yes,No,Signal Jumping,Medium,3.0
ACC25698,17-11-2023,18:05,Tamil Nadu,Chennai,11.2096,78.4489,Village Road,Overcast,Dusk,45,Male,Truck,41,No,Yes,Yes,Drowsy Driving,Medium,4.0
ACC25699,16-10-2024,10:27,Kerala,Thiruvananthapuram,10.4075,76.7697,City Road,Clear,Day,49,Female,Bike,52,Yes,No,No,Signal Jumping,Medium,1.0
ACC25700,19-11-2024,10:14,Telangana,Khammam,17.9711,78.971,State Highway,Clear,Day,18,Female,Bike,79,No,No,No,Over Speeding,Medium,3.0
ACC25701,24-04-2022,07:26,Andhra Pradesh,Guntur,15.8711,79.4582,National Highway,Overcast,Day,51,Female,Car,72,No,No,No,Signal Jumping,Medium,2.0
ACC25702,18-06-2023,17:33,Telangana,Karimnagar,18.151,79.077,National Highway,Clear,Dusk,46,Male,Bus,61,No,No,No,Over Speeding,Low,1.0
ACC25703,08-02-2022,19:33,Karnataka,Mysuru,16.0668,75.8834,City Road,Clear,Night,18,Male,Car,33,No,No,No,Signal Jumping,Low,1.0
ACC25704,12-01-2023,21:05,Karnataka,Belagavi,14.8703,75.4352,National Highway,Cloudy,Night,37,Male,Car,61,No,No,No,Poor Weather Visibility,Low,1.0
ACC25705,14-02-2023,10:51,Tamil Nadu,Madurai,11.0734,79.0699,Expressway,Clear,Day,36,Male,Car,80,No,No,No,Over Speeding,Medium,5.0
ACC25706,10-01-2023,08:43,Tamil Nadu,Chennai,12.2476,78.6617,Village Road,Cloudy,Day,29,Female,Bus,54,No,No,No,Poor Weather Visibility,Low,
ACC25707,23-07-2024,23:03,Telangana,Khammam,18.1775,79.1407,Expressway,Cloudy,Night,43,Male,Auto,74,No,No,No,Over Speeding,Medium,2.0
ACC25708,26-11-2023,06:46,Andhra Pradesh,Nellore,15.9863,79.3707,National Highway,Cloudy,Day,39,Male,Auto,69,No,No,No,Poor Weather Visibility,Medium,2.0
ACC25709,07-09-2024,08:16,Andhra Pradesh,Kurnool,16.063,80.0309,City Road,Clear,Day,37,Male,Car,41,No,No,Yes,Pothole/Bad Road,Low,1.0
ACC25710,02-05-2022,19:56,Tamil Nadu,Madurai,11.1634,78.7074,State Highway,Rainy,Night,42,Male,Truck,57,Yes,No,No,Poor Weather Visibility,Medium,1.0
ACC25711,08-01-2022,21:41,Karnataka,Belagavi,15.6041,75.7228,National Highway,Overcast,Night,18,Male,Auto,59,No,No,No,Signal Jumping,Medium,1.0
ACC25712,11-09-2023,04:22,Tamil Nadu,Chennai,10.7873,78.6496,City Road,Rainy,Night,41,Male,Bike,60,No,No,No,Poor Weather Visibility,Medium,1.0
ACC25713,09-12-2024,13:40,Kerala,Thrissur,10.4636,76.2127,State Highway,Clear,Day,39,Male,Car,73,Yes,No,No,Drunk Driving,Medium,1.0
ACC25714,24-04-2022,13:40,Tamil Nadu,Coimbatore,11.4496,79.0593,National Highway,Clear,Day,33,Male,Auto,61,No,No,No,Signal Jumping,Medium,0.0
ACC25715,22-04-2024,10:52,Karnataka,Mangaluru,16.2713,76.0762,Village Road,Clear,Day,34,Male,Car,51,No,No,Yes,Signal Jumping,Low,0.0
ACC25716,18-11-2022,20:38,Kerala,Thiruvananthapuram,9.7686,75.831,Village Road,Rainy,Night,33,Male,Bike,49,No,Yes,Yes,Poor Weather Visibility,High,7.0
ACC25717,04-02-2024,14:06,Telangana,Nizamabad,17.5768,79.4962,City Road,Clear,Day,35,Male,Truck,36,No,No,Yes,Pothole/Bad Road,Low,0.0
ACC25718,03-03-2022,19:03,Telangana,Nizamabad,18.1109,77.9158,State Highway,Overcast,Night,20,Male,Bike,63,No,No,No,Poor Weather Visibility,High,9.0
ACC25719,20-10-2023,17:09,Andhra Pradesh,Nellore,16.4456,79.9424,Expressway,Clear,Dusk,54,Male,Bike,76,No,No,Yes,Pothole/Bad Road,High,8.0
ACC25720,25-11-2024,05:24,Tamil Nadu,Coimbatore,11.4145,78.5023,City Road,Clear,Dawn,62,Male,Car,55,No,No,No,Signal Jumping,Low,1.0
ACC25721,13-03-2022,07:38,Andhra Pradesh,Vijayawada,15.4473,80.0841,City Road,Clear,Day,21,Male,Car,67,Yes,Yes,Yes,Drunk Driving,High,3.0
ACC25722,10-10-2023,04:18,Kerala,Kozhikode,11.2818,76.4723,Expressway,Clear,Night,34,Male,Truck,63,No,Yes,No,Drowsy Driving,Medium,1.0
ACC25723,08-11-2023,09:54,Karnataka,Mysuru,14.6618,75.3912,Village Road,Clear,Day,18,Female,Car,29,No,No,No,Signal Jumping,Low,3.0
ACC25724,18-12-2023,05:27,Telangana,Karimnagar,18.611,79.0061,State Highway,Clear,Dawn,36,Male,Truck,66,No,Yes,No,Drowsy Driving,Low,0.0
ACC25725,12-02-2023,20:42,Karnataka,Bengaluru Urban,15.4826,75.5607,National Highway,Overcast,Night,43,Female,Bike,58,No,No,No,Poor Weather Visibility,Medium,3.0
ACC25726,17-01-2024,16:30,Telangana,Nizamabad,17.855,79.226,State Highway,Cloudy,Day,31,Male,Truck,64,No,No,Yes,Pothole/Bad Road,Medium,2.0
ACC25727,14-11-2022,18:15,Telangana,Nizamabad,17.3871,79.1724,City Road,Clear,Dusk,32,Male,Bike,64,No,No,No,Over Speeding,Medium,1.0
ACC25728,07-06-2022,15:55,Karnataka,Mysuru,14.963,75.9582,Village Road,Overcast,Day,18,Male,Bus,64,Yes,No,No,Drunk Driving,Medium,4.0
ACC25729,22-12-2024,13:22,Kerala,Kollam,9.6832,76.4182,Village Road,Cloudy,Day,49,Male,Car,32,No,No,Yes,Pothole/Bad Road,Low,1.0
ACC25730,01-07-2023,10:54,Andhra Pradesh,Nellore,15.5458,79.8104,State Highway,Clear,Day,23,Male,Bike,55,No,No,No,Poor Weather Visibility,Low,1.0
ACC25731,31-12-2022,09:18,Karnataka,Bengaluru Urban,14.9179,76.2399,State Highway,Rainy,Day,18,Male,Bike,69,No,No,Yes,Poor Weather Visibility,Medium,4.0
ACC25732,31-07-2023,13:51,Karnataka,Hubballi,16.1809,76.1109,Village Road,Clear,Day,51,Male,Bike,44,No,No,No,Signal Jumping,Low,0.0
ACC25733,16-07-2024,13:42,Andhra Pradesh,Vijayawada,15.8822,79.5831,Village Road,Clear,Day,18,Male,Truck,37,No,No,No,Signal Jumping,Low,1.0
ACC25734,10-10-2023,11:01,Andhra Pradesh,Guntur,16.6862,79.6286,State Highway,Rainy,Day,50,Male,Auto,50,Yes,Yes,No,Poor Weather Visibility,High,5.0
ACC25735,02-05-2023,18:17,Andhra Pradesh,Guntur,14.9968,79.6039,Expressway,Overcast,Dusk,67,Female,Bike,96,No,Yes,No,Over Speeding,High,5.0
ACC25736,30-05-2022,10:21,Karnataka,Bengaluru Urban,15.0214,75.9203,National Highway,Clear,Day,22,Male,Auto,65,No,No,No,Over Speeding,Medium,4.0
ACC25737,15-01-2023,17:24,Tamil Nadu,Salem,11.1974,79.3902,Expressway,Clear,Dusk,46,Male,Auto,76,No,No,No,Signal Jumping,Medium,4.0
ACC25738,10-02-2022,11:27,Karnataka,Mysuru,15.6038,76.1656,National Highway,Rainy,Day,34,Male,Auto,70,No,No,No,Poor Weather Visibility,Medium,3.0
ACC25739,26-10-2023,18:14,Puducherry,Karaikal,11.4334,79.6189,National Highway,Overcast,Dusk,34,Male,Bike,65,No,No,No,Poor Weather Visibility,Medium,1.0
ACC25740,25-03-2023,04:55,Kerala,Thrissur,10.0968,76.4436,Expressway,Clear,Night,38,Male,Bike,73,No,No,No,Over Speeding,High,6.0
ACC25741,06-09-2024,08:19,Andhra Pradesh,Vijayawada,16.125,79.7325,Village Road,Foggy,Day,29,Male,Truck,22,No,No,No,Poor Weather Visibility,Low,0.0
ACC25742,01-03-2023,06:43,Karnataka,Belagavi,15.5368,74.6316,City Road,Cloudy,Day,26,Female,Bus,64,No,Yes,No,Drowsy Driving,Medium,1.0
ACC25743,01-08-2024,18:53,Telangana,Hyderabad,17.7974,79.3094,State Highway,Clear,Dusk,46,Male,Bike,47,No,No,No,Poor Weather Visibility,Low,0.0
ACC25744,03-05-2022,15:13,Telangana,Warangal,17.3631,79.4628,State Highway,Rainy,Day,27,Male,Car,44,No,No,No,Poor Weather Visibility,Low,0.0
ACC25745,24-05-2024,08:24,Telangana,Warangal,17.2757,79.073,Expressway,Clear,Day,62,Female,Bike,87,No,Yes,No,Over Speeding,Medium,
ACC25746,07-03-2023,06:22,Karnataka,Bengaluru Urban,15.5909,74.729,City Road,Clear,Day,20,Male,Car,52,No,No,No,Poor Weather Visibility,Medium,0.0
ACC25747,18-05-2023,09:17,Tamil Nadu,Chennai,10.4395,78.259,National Highway,Foggy,Day,22,Female,Truck,49,No,No,No,Poor Weather Visibility,Low,1.0
ACC25748,30-01-2024,15:27,Kerala,Ernakulam,10.2157,76.1252,Village Road,Clear,Day,25,Male,Car,35,No,No,Yes,Pothole/Bad Road,Low,2.0
ACC25749,10-01-2022,18:02,Kerala,Kozhikode,10.4807,75.9961,City Road,Clear,Dusk,44,Male,Bike,39,Yes,No,Yes,Drunk Driving,Medium,0.0
ACC25750,07-03-2024,04:58,Tamil Nadu,Salem,10.8805,78.51,City Road,Clear,Night,36,Female,Bus,46,No,Yes,No,Drowsy Driving,Low,0.0
ACC25751,14-11-2023,18:40,Tamil Nadu,Madurai,11.3809,78.2805,Expressway,Clear,Dusk,44,Male,Bike,59,No,No,No,Signal Jumping,Low,1.0
ACC25752,26-09-2022,18:46,Telangana,Khammam,18.0653,78.407,City Road,Cloudy,Dusk,30,Female,Truck,24,No,No,No,Poor Weather Visibility,Low,0.0
ACC25753,04-03-2022,07:30,Telangana,Nizamabad,17.7264,79.2099,Village Road,Rainy,Day,25,Male,Car,44,No,No,Yes,Poor Weather Visibility,Low,1.0
ACC25754,24-10-2022,20:50,Karnataka,Belagavi,15.5186,75.9296,State Highway,Rainy,Night,35,Male,Car,82,No,No,Yes,Poor Weather Visibility,High,3.0
ACC25755,10-04-2023,08:44,Tamil Nadu,Tiruchirappalli,11.5259,78.3699,Expressway,Cloudy,Day,44,Female,Bike,78,No,No,No,Over Speeding,Medium,0.0
ACC25756,24-06-2022,08:16,Kerala,Kollam,10.3184,75.999,Village Road,Clear,Day,55,Female,Car,31,No,No,No,Signal Jumping,Low,2.0
ACC25757,10-06-2023,17:05,Karnataka,Bengaluru Urban,14.5403,75.9437,Expressway,Rainy,Dusk,41,Male,Car,62,No,No,No,Poor Weather Visibility,Medium,2.0
ACC25758,16-06-2024,18:47,Andhra Pradesh,Nellore,15.8488,79.0686,National Highway,Clear,Dusk,18,Male,Car,55,No,No,No,Signal Jumping,Low,0.0
ACC25759,30-11-2024,04:43,Karnataka,Hubballi,15.5992,75.7693,City Road,Clear,Night,24,Male,Bike,54,Yes,No,No,Drunk Driving,Medium,2.0
ACC25760,23-10-2022,18:34,Karnataka,Belagavi,15.5452,75.1944,National Highway,Rainy,Dusk,30,Male,Auto,71,No,No,No,Poor Weather Visibility,Medium,4.0
ACC25761,16-04-2024,05:18,Andhra Pradesh,Kurnool,15.8744,79.0248,National Highway,Clear,Dawn,24,Male,Car,66,No,No,No,Signal Jumping,Medium,3.0
ACC25762,24-06-2024,04:10,Andhra Pradesh,Guntur,16.3171,79.133,National Highway,Cloudy,Night,42,Male,Car,66,No,Yes,No,Drowsy Driving,Medium,2.0
ACC25763,27-09-2023,18:09,Tamil Nadu,Madurai,11.067,79.3393,City Road,Overcast,Dusk,31,Male,Truck,61,No,No,No,Poor Weather Visibility,Low,1.0
ACC25764,12-09-2022,19:18,Karnataka,Mysuru,14.6617,75.3555,City Road,Clear,Night,55,Male,Bike,64,No,Yes,No,Drowsy Driving,Medium,7.0
ACC25765,03-01-2023,14:25,Andhra Pradesh,Vijayawada,16.2799,79.9103,City Road,Clear,Day,32,Male,Car,38,No,No,No,Signal Jumping,Low,0.0
ACC25766,27-06-2024,09:13,Kerala,Thrissur,10.7581,76.559,State Highway,Foggy,Day,23,Male,Car,53,No,No,Yes,Poor Weather Visibility,Medium,2.0
ACC25767,18-09-2023,12:01,Tamil Nadu,Coimbatore,11.4776,77.7269,Village Road,Rainy,Day,30,Male,Bike,35,No,No,Yes,Poor Weather Visibility,Low,0.0
ACC25768,29-10-2024,17:57,Karnataka,Hubballi,14.8428,75.266,Village Road,Cloudy,Dusk,21,Male,Car,77,No,Yes,No,Drowsy Driving,High,2.0
ACC25769,23-02-2023,13:53,Andhra Pradesh,Visakhapatnam,15.5885,79.5165,National Highway,Clear,Day,18,Female,Bike,92,Yes,No,No,Over Speeding,High,5.0
ACC25770,01-01-2023,11:21,Tamil Nadu,Tiruchirappalli,11.0356,78.0014,National Highway,Overcast,Day,31,Female,Bike,60,No,No,No,Poor Weather Visibility,Low,1.0
ACC25771,21-11-2022,10:13,Telangana,Warangal,17.9985,80.0222,State Highway,Cloudy,Day,44,Male,Bike,64,No,No,No,Poor Weather Visibility,Low,0.0
ACC25772,27-01-2024,18:50,Andhra Pradesh,Vijayawada,15.8805,79.9346,State Highway,Cloudy,Dusk,23,Female,Car,60,No,No,No,Poor Weather Visibility,Medium,6.0
ACC25773,27-06-2024,19:33,Karnataka,Mysuru,15.1663,75.9887,National Highway,Rainy,Night,25,Male,Bike,70,No,No,No,Poor Weather Visibility,Medium,2.0
ACC25774,02-03-2023,06:54,Tamil Nadu,Salem,11.3056,78.7339,National Highway,Cloudy,Day,31,Male,Bike,79,Yes,No,Yes,Drunk Driving,High,7.0
ACC25775,28-06-2024,10:14,Telangana,Warangal,18.2302,78.8032,State Highway,Clear,Day,50,Male,Car,63,No,No,Yes,Pothole/Bad Road,Low,3.0
ACC25776,29-04-2023,11:39,Tamil Nadu,Chennai,10.7022,79.2841,Expressway,Rainy,Day,39,Male,Bike,57,No,No,Yes,Poor Weather Visibility,Low,5.0
ACC25777,01-12-2024,06:29,Kerala,Thiruvananthapuram,10.3698,76.4953,National Highway,Cloudy,Day,23,Female,Bus,65,No,No,No,Poor Weather Visibility,Medium,1.0
ACC25778,27-09-2024,19:08,Telangana,Warangal,17.422,78.6544,City Road,Overcast,Night,42,Male,Bus,45,No,No,Yes,Pothole/Bad Road,Low,1.0
ACC25779,04-06-2023,12:00,Tamil Nadu,Coimbatore,11.382,78.9911,City Road,Clear,Day,47,Male,Car,42,No,No,No,Poor Weather Visibility,Low,0.0
ACC25780,27-12-2022,15:26,Telangana,Khammam,17.9803,78.7337,City Road,Clear,Day,29,Male,Bike,47,No,No,Yes,Pothole/Bad Road,Low,0.0
ACC25781,18-06-2022,23:50,Tamil Nadu,Madurai,11.8154,78.4118,State Highway,Cloudy,Night,32,Male,Auto,56,No,Yes,No,Drowsy Driving,High,10.0
ACC25782,29-03-2024,07:05,Puducherry,Puducherry,11.6402,79.1899,Village Road,Clear,Day,37,Male,Bike,34,No,No,No,Signal Jumping,Low,1.0
ACC25783,13-03-2022,22:44,Kerala,Thrissur,10.6654,75.7776,State Highway,Clear,Night,18,Male,Car,64,Yes,No,No,Drunk Driving,High,4.0
ACC25784,10-01-2022,10:41,Kerala,Kollam,10.6044,76.5977,Village Road,Foggy,Day,29,Male,Auto,50,No,No,No,Poor Weather Visibility,Medium,3.0
ACC25785,03-11-2022,03:29,Telangana,Hyderabad,18.1686,78.5132,State Highway,Cloudy,Night,40,Male,Bike,81,No,No,Yes,Over Speeding,High,5.0
ACC25786,05-03-2023,23:18,Puducherry,Puducherry,11.0812,79.7648,City Road,Clear,Night,67,Male,Bus,43,Yes,Yes,No,Drunk Driving,Medium,2.0
ACC25787,18-08-2024,22:34,Tamil Nadu,Coimbatore,10.6445,78.6622,Village Road,Clear,Night,22,Male,Car,33,Yes,No,Yes,Drunk Driving,Low,1.0
ACC25788,24-02-2022,10:56,Tamil Nadu,Madurai,11.2221,78.9396,Village Road,Rainy,Day,46,Male,Truck,39,No,No,No,Poor Weather Visibility,Low,2.0
ACC25789,16-03-2023,19:32,Telangana,Warangal,17.9397,78.5576,State Highway,Foggy,Night,42,Male,Car,68,Yes,No,No,Poor Weather Visibility,Medium,5.0
ACC25790,15-10-2024,08:05,Karnataka,Belagavi,15.265,74.7615,National Highway,Clear,Day,18,Male,Bike,52,No,No,No,Signal Jumping,Low,1.0
ACC25791,18-10-2022,21:53,Kerala,Thrissur,10.2778,76.3578,Expressway,Clear,Night,44,Male,Bike,94,Yes,No,No,Over Speeding,High,5.0
ACC25792,31-05-2022,21:06,Telangana,Khammam,17.8721,79.1256,Expressway,Clear,Night,35,Female,Auto,62,No,No,No,Over Speeding,Medium,3.0
ACC25793,04-10-2023,08:47,Telangana,Khammam,18.152,79.4695,Village Road,Rainy,Day,67,Male,Bike,25,No,No,Yes,Poor Weather Visibility,Low,0.0
ACC25794,26-06-2023,18:32,Kerala,Ernakulam,10.2393,75.9235,City Road,Rainy,Dusk,50,Male,Car,29,No,No,No,Poor Weather Visibility,Low,1.0
ACC25795,08-08-2024,08:30,Puducherry,Puducherry,11.2219,79.0212,City Road,Clear,Day,52,Female,Auto,75,Yes,No,No,Drunk Driving,Medium,2.0
ACC25796,14-07-2022,14:10,Telangana,Nizamabad,18.3653,79.0434,City Road,Clear,Day,41,Male,Car,45,No,No,No,Poor Weather Visibility,Low,0.0
ACC25797,26-07-2022,07:14,Tamil Nadu,Salem,11.5364,78.7628,State Highway,Overcast,Day,23,Male,Auto,52,No,No,No,Poor Weather Visibility,Medium,3.0
ACC25798,25-12-2024,00:54,Telangana,Nizamabad,17.5992,78.9896,State Highway,Cloudy,Night,38,Male,Car,61,No,No,Yes,Pothole/Bad Road,Medium,3.0
ACC25799,22-05-2022,15:31,Kerala,Thiruvananthapuram,10.5066,76.4489,State Highway,Clear,Day,29,Male,Car,81,Yes,No,No,Drunk Driving,High,3.0
ACC25800,10-01-2023,09:02,Tamil Nadu,Chennai,10.6678,78.3524,Village Road,Clear,Day,36,Male,Bike,36,No,No,Yes,Pothole/Bad Road,Low,1.0
ACC25801,27-11-2024,11:31,Karnataka,Mangaluru,15.4281,76.1325,State Highway,Foggy,Day,41,Male,Car,80,No,No,No,Poor Weather Visibility,Low,0.0
ACC25802,13-08-2023,20:19,Karnataka,Mysuru,15.3869,76.332,National Highway,Clear,Night,39,Male,Bike,71,No,No,No,Over Speeding,Medium,3.0
ACC25803,11-10-2024,06:54,Telangana,Hyderabad,17.5839,78.8139,City Road,Clear,Day,27,Male,Car,64,No,No,No,Over Speeding,Low,1.0
ACC25804,11-11-2023,07:30,Telangana,Warangal,18.0863,79.2179,City Road,Clear,Day,34,Female,Bike,44,No,No,Yes,Pothole/Bad Road,Low,0.0
ACC25805,17-01-2022,08:25,Karnataka,Bengaluru Urban,14.9734,75.9727,Expressway,Cloudy,Day,33,Male,Auto,74,No,No,No,Signal Jumping,Medium,5.0
ACC25806,05-11-2022,20:10,Karnataka,Mysuru,15.0198,75.8817,National Highway,Clear,Night,34,Male,Car,75,No,No,No,Over Speeding,Medium,2.0
ACC25807,05-06-2022,18:32,Tamil Nadu,Chennai,10.8599,78.0708,National Highway,Cloudy,Dusk,57,Male,Car,89,No,No,No,Over Speeding,Medium,5.0
ACC25808,18-05-2022,22:21,Tamil Nadu,Chennai,11.1479,78.9611,City Road,Rainy,Night,18,Male,Bike,24,No,No,No,Poor Weather Visibility,Low,2.0
ACC25809,04-10-2024,21:41,Karnataka,Bengaluru Urban,14.8924,75.5625,State Highway,Cloudy,Night,18,Male,Bike,67,No,Yes,No,Drowsy Driving,Medium,2.0
ACC25810,09-08-2024,23:39,Tamil Nadu,Coimbatore,10.9864,78.7936,State Highway,Cloudy,Night,19,Male,Car,78,Yes,No,No,Drunk Driving,High,6.0
ACC25811,09-02-2023,17:12,Telangana,Khammam,17.8784,79.0115,National Highway,Cloudy,Dusk,38,Female,Truck,70,No,No,No,Poor Weather Visibility,High,7.0
ACC25812,17-09-2024,16:26,Puducherry,Karaikal,11.6374,80.2223,City Road,Clear,Day,47,Male,Auto,41,No,No,No,Signal Jumping,Low,0.0
ACC25813,14-04-2024,07:40,Karnataka,Hubballi,15.5457,75.7608,State Highway,Rainy,Day,49,Male,Truck,73,No,No,Yes,Poor Weather Visibility,High,3.0
ACC25814,18-12-2024,10:26,Tamil Nadu,Chennai,11.1473,78.5992,Village Road,Cloudy,Day,39,Male,Bike,44,No,No,Yes,Pothole/Bad Road,Medium,2.0
ACC25815,07-04-2022,20:57,Tamil Nadu,Madurai,11.1233,78.9119,State Highway,Clear,Night,37,Male,Bike,86,Yes,No,No,Over Speeding,High,8.0
ACC25816,16-09-2024,15:23,Andhra Pradesh,Vijayawada,15.3772,79.7333,City Road,Clear,Day,34,Male,Truck,33,No,No,No,Poor Weather Visibility,Low,0.0
ACC25817,01-07-2024,05:56,Karnataka,Mangaluru,16.2352,75.0444,State Highway,Rainy,Dawn,31,Male,Bike,59,No,Yes,No,Poor Weather Visibility,Medium,3.0
ACC25818,05-09-2024,07:56,Andhra Pradesh,Vijayawada,15.2803,79.328,State Highway,Overcast,Day,64,Male,Car,95,Yes,No,No,Over Speeding,High,5.0
ACC25819,17-04-2023,15:43,Karnataka,Bengaluru Urban,14.9162,75.4934,State Highway,Clear,Day,50,Female,Bike,78,Yes,No,No,Drunk Driving,Medium,3.0
ACC25820,07-04-2023,07:17,Karnataka,Mysuru,15.679,75.8517,State Highway,Clear,Day,29,Male,Car,81,No,No,No,Over Speeding,Medium,3.0
ACC25821,28-05-2022,12:04,Karnataka,Belagavi,15.8498,76.3688,State Highway,Clear,Day,26,Male,Auto,70,No,No,No,Signal Jumping,Medium,1.0
ACC25822,31-10-2022,07:39,Telangana,Nizamabad,18.6146,79.2065,Village Road,Clear,Day,40,Male,Bike,45,Yes,No,Yes,Drunk Driving,Medium,2.0
ACC25823,29-06-2024,09:25,Karnataka,Mysuru,15.1441,75.4933,Village Road,Rainy,Day,51,Male,Truck,44,No,No,Yes,Poor Weather Visibility,Low,
ACC25824,14-11-2024,06:00,Tamil Nadu,Tiruchirappalli,10.6565,77.9473,National Highway,Foggy,Day,50,Male,Bike,62,No,Yes,No,Poor Weather Visibility,High,5.0
ACC25825,12-09-2024,18:25,Andhra Pradesh,Vijayawada,15.5399,79.4471,National Highway,Rainy,Dusk,37,Female,Auto,70,No,No,No,Poor Weather Visibility,Medium,4.0