Accident_ID,Date,Time,State,District,Latitude,Longitude,Road_Type,Weather,Light_Condition,Driver_Age,Driver_Gender,Vehicle_Type,Speed_kmph,Alcohol_Involved,Driver_Drowsy,Pothole_Involved,Cause_of_Accident,Severity,Casualties
ACC25826,11-01-2024,09:32,Andhra Pradesh,Nellore,15.0298,79.24,City Road,Clear,Day,41,Male,Bus,39,No,Yes,Yes,Drowsy Driving,Low,2.0
ACC25827,12-03-2023,20:20,Karnataka,Belagavi,14.4365,75.4876,Village Road,Clear,Night,53,Female,Car,49,No,No,No,Signal Jumping,Low,
ACC25828,10-09-2022,17:27,Telangana,Khammam,17.822,78.7675,Village Road,Rainy,Dusk,47,Male,Car,45,No,No,No,Poor Weather Visibility,Low,1.0
ACC25829,03-03-2022,19:12,Tamil Nadu,Chennai,12.1782,78.4726,City Road,Rainy,Night,58,Female,Car,49,No,No,No,Poor Weather Visibility,Low,1.0
ACC25830,26-05-2024,18:39,Puducherry,Puducherry,11.7588,79.2154,National Highway,Clear,Dusk,65,Male,Bike,88,No,No,No,Over Speeding,High,8.0
ACC25831,21-09-2024,14:12,Kerala,Thiruvananthapuram,9.9366,75.9786,State Highway,Clear,Day,36,Female,Truck,63,No,No,No,Over Speeding,Low,0.0
ACC25832,15-03-2023,07:24,Tamil Nadu,Chennai,11.5319,78.3425,Village Road,Overcast,Day,46,Male,Bus,29,No,No,No,Poor Weather Visibility,Low,0.0
ACC25833,09-07-2022,18:07,Karnataka,Mysuru,15.8143,75.0784,Village Road,Foggy,Dusk,18,Male,Bike,49,No,No,No,Poor Weather Visibility,Medium,4.0
ACC25834,18-11-2024,17:41,Andhra Pradesh,Nellore,15.5485,80.474,Village Road,Clear,Dusk,43,Male,Bus,49,No,Yes,No,Drowsy Driving,Medium,2.0
ACC25835,10-08-2024,16:20,Telangana,Khammam,17.8004,79.506,Village Road,Rainy,Day,32,Male,Auto,39,No,No,Yes,Poor Weather Visibility,Low,0.0
ACC25836,12-01-2023,07:45,Kerala,Thrissur,10.1849,76.5579,State Highway,Clear,Day,32,Male,Car,45,No,No,No,Signal Jumping,Low,0.0
ACC25837,02-05-2023,20:47,Telangana,Karimnagar,17.7335,79.4975,National Highway,Cloudy,Night,19,Female,Car,89,Yes,No,No,Over Speeding,High,9.0
ACC25838,26-11-2022,13:27,Andhra Pradesh,Vijayawada,16.1017,80.1285,Expressway,Clear,Day,29,Male,Truck,72,No,No,No,Over Speeding,Low,0.0
ACC25839,03-01-2022,21:13,Karnataka,Belagavi,15.324,75.7537,Village Road,Overcast,Night,29,Male,Auto,49,No,Yes,Yes,Drowsy Driving,Medium,4.0
ACC25840,18-01-2024,21:56,Tamil Nadu,Tiruchirappalli,10.6953,78.4215,Expressway,Clear,Night,23,Male,Auto,74,No,No,No,Signal Jumping,High,4.0
ACC25841,27-12-2024,01:17,Kerala,Ernakulam,9.9041,77.0738,Village Road,Cloudy,Night,34,Male,Truck,15,No,Yes,Yes,Drowsy Driving,Low,0.0
ACC25842,25-08-2023,17:30,Kerala,Kollam,10.5126,76.696,City Road,Cloudy,Dusk,30,Male,Car,44,No,No,Yes,Pothole/Bad Road,Low,1.0
ACC25843,20-08-2022,14:31,Kerala,Thiruvananthapuram,10.146,76.5519,Village Road,Foggy,Day,32,Male,Car,49,No,No,No,Poor Weather Visibility,Medium,1.0
ACC25844,09-04-2024,15:00,Tamil Nadu,Coimbatore,11.4799,78.8044,Village Road,Clear,Day,52,Male,Car,39,No,No,No,Signal Jumping,Low,0.0
ACC25845,06-08-2022,18:29,Kerala,Thrissur,9.973,75.5052,Village Road,Rainy,Dusk,18,Male,Bike,41,No,No,Yes,Poor Weather Visibility,Medium,1.0
ACC25846,19-03-2023,05:03,Telangana,Hyderabad,18.3502,79.5641,Village Road,Clear,Dawn,27,Male,Auto,28,No,No,Yes,Pothole/Bad Road,Low,1.0
ACC25847,24-09-2024,20:00,Andhra Pradesh,Kurnool,16.3639,80.2259,Village Road,Rainy,Night,20,Female,Bike,48,No,No,No,Poor Weather Visibility,Medium,3.0
ACC25848,08-01-2023,08:19,Tamil Nadu,Chennai,11.0131,78.624,National Highway,Cloudy,Day,47,Male,Auto,71,No,No,No,Poor Weather Visibility,Medium,1.0
ACC25849,18-09-2023,10:47,Kerala,Kozhikode,10.4339,75.7914,Village Road,Clear,Day,33,Male,Car,66,Yes,No,No,Drunk Driving,Medium,1.0
ACC25850,21-11-2022,15:20,Telangana,Karimnagar,17.87,78.5946,National Highway,Rainy,Day,58,Female,Bike,80,No,No,No,Poor Weather Visibility,Medium,6.0
ACC25851,05-04-2022,20:18,Telangana,Hyderabad,18.6642,79.0148,State Highway,Cloudy,Night,39,Male,Bus,79,No,Yes,No,Drowsy Driving,High,9.0
ACC25852,19-11-2024,13:04,Karnataka,Mysuru,14.4114,75.7796,City Road,Cloudy,Day,34,Male,Auto,57,Yes,Yes,No,Drunk Driving,Medium,1.0
ACC25853,28-03-2023,13:51,Kerala,Ernakulam,10.7001,75.921,City Road,Clear,Day,36,Male,Auto,48,No,No,No,Signal Jumping,Low,1.0
ACC25854,13-07-2023,14:48,Andhra Pradesh,Visakhapatnam,15.2051,80.1004,State Highway,Clear,Day,40,Female,Bus,58,No,No,No,Poor Weather Visibility,Low,0.0
ACC25855,12-06-2022,18:06,Karnataka,Mysuru,15.8441,75.2747,Village Road,Clear,Dusk,21,Male,Car,50,No,No,No,Signal Jumping,Low,1.0
ACC25856,19-11-2024,18:32,Tamil Nadu,Chennai,11.1871,78.6307,Village Road,Clear,Dusk,35,Male,Bike,22,No,No,No,Signal Jumping,Low,0.0
ACC25857,16-09-2024,20:59,Telangana,Nizamabad,18.1223,78.8323,National Highway,Rainy,Night,18,Male,Bike,81,Yes,No,Yes,Poor Weather Visibility,High,4.0
ACC25858,14-01-2024,00:25,Karnataka,Hubballi,15.9122,76.117,National Highway,Clear,Night,22,Male,Bike,44,No,No,No,Signal Jumping,Medium,6.0
ACC25859,23-09-2024,08:20,Kerala,Kozhikode,10.4704,76.5095,State Highway,Clear,Day,31,Female,Bike,82,No,No,Yes,Over Speeding,High,12.0
ACC25860,16-08-2023,01:30,Kerala,Thrissur,10.3491,76.1177,National Highway,Clear,Night,52,Male,Car,61,No,Yes,No,Drowsy Driving,Medium,6.0
ACC25861,25-01-2022,06:03,Tamil Nadu,Coimbatore,11.2264,77.9092,State Highway,Clear,Day,32,Male,Truck,71,No,No,No,Over Speeding,Medium,2.0
ACC25862,20-01-2023,08:08,Puducherry,Puducherry,11.4128,79.9047,Expressway,Overcast,Day,28,Male,Truck,67,No,No,No,Poor Weather Visibility,Medium,1.0
ACC25863,28-07-2022,20:01,Tamil Nadu,Coimbatore,11.9768,79.3424,State Highway,Overcast,Night,44,Female,Bike,50,No,Yes,No,Drowsy Driving,Medium,6.0
ACC25864,16-04-2022,20:55,Andhra Pradesh,Visakhapatnam,16.3529,79.9671,State Highway,Clear,Night,42,Male,Car,64,No,No,No,Over Speeding,Low,0.0
ACC25865,20-10-2022,22:20,Telangana,Hyderabad,17.9228,78.5867,State Highway,Clear,Night,36,Male,Truck,62,No,No,No,Over Speeding,Low,1.0
ACC25866,03-12-2024,19:42,Tamil Nadu,Chennai,11.1113,78.5552,National Highway,Cloudy,Night,37,Male,Bus,50,No,No,No,Poor Weather Visibility,Low,2.0
ACC25867,20-05-2023,13:40,Andhra Pradesh,Guntur,15.5309,79.9291,Expressway,Overcast,Day,30,Female,Bus,76,No,No,No,Over Speeding,Medium,1.0
ACC25868,14-09-2023,06:55,Karnataka,Belagavi,15.5007,76.2366,City Road,Overcast,Day,51,Male,Truck,32,No,No,Yes,Pothole/Bad Road,Low,0.0
ACC25869,26-11-2023,15:46,Karnataka,Mysuru,15.5755,76.1032,Village Road,Rainy,Day,37,Male,Auto,50,Yes,No,Yes,Poor Weather Visibility,Medium,3.0
ACC25870,19-12-2023,23:56,Karnataka,Bengaluru Urban,15.4191,75.7519,City Road,Cloudy,Night,39,Male,Bike,60,Yes,No,No,Drunk Driving,Medium,2.0
ACC25871,28-04-2024,12:36,Kerala,Thrissur,10.4402,76.4823,City Road,Clear,Day,62,Male,Car,58,No,No,Yes,Pothole/Bad Road,Low,0.0
ACC25872,17-11-2023,15:59,Andhra Pradesh,Guntur,15.7569,79.6024,State Highway,Cloudy,Day,25,Male,Auto,59,No,Yes,Yes,Drowsy Driving,Medium,8.0
ACC25873,21-05-2023,19:34,Telangana,Warangal,17.8631,79.0583,State Highway,Cloudy,Night,58,Male,Car,45,No,No,No,Poor Weather Visibility,Low,1.0
ACC25874,03-05-2024,06:30,Karnataka,Mysuru,15.2822,76.3071,City Road,Cloudy,Day,35,Male,Bike,50,No,No,Yes,Pothole/Bad Road,Medium,
ACC25875,08-12-2022,03:45,Kerala,Thrissur,9.8413,76.8699,Village Road,Clear,Night,38,Male,Bike,53,No,No,No,Signal Jumping,Low,1.0
ACC25876,29-04-2023,13:30,Kerala,Kozhikode,9.9874,75.8417,Village Road,Clear,Day,28,Male,Car,66,No,No,No,Over Speeding,Medium,6.0
ACC25877,28-03-2022,15:47,Tamil Nadu,Salem,10.9273,78.7295,State Highway,Rainy,Day,18,Male,Auto,58,No,No,No,Poor Weather Visibility,Medium,1.0
ACC25878,03-03-2024,17:44,Karnataka,Mangaluru,15.5317,75.8412,State Highway,Clear,Dusk,18,Male,Bus,58,Yes,No,No,Drunk Driving,Low,0.0
ACC25879,02-05-2023,15:10,Tamil Nadu,Madurai,12.2263,78.1646,Village Road,Cloudy,Day,33,Male,Truck,15,No,No,No,Poor Weather Visibility,Low,0.0
ACC25880,16-06-2022,18:39,Kerala,Thrissur,10.5394,75.8448,Village Road,Clear,Dusk,40,Male,Bus,42,No,No,Yes,Pothole/Bad Road,Low,0.0
ACC25881,22-02-2024,18:50,Tamil Nadu,Madurai,10.677,78.9317,Village Road,Cloudy,Dusk,33,Male,Bike,30,No,No,Yes,Pothole/Bad Road,Low,3.0
ACC25882,30-07-2023,16:13,Karnataka,Mangaluru,14.9114,75.0983,Village Road,Cloudy,Day,36,Female,Bus,15,No,No,No,Poor Weather Visibility,Low,
ACC25883,21-05-2024,15:00,Kerala,Thrissur,10.6989,76.1011,Village Road,Rainy,Day,45,Male,Auto,40,No,No,Yes,Poor Weather Visibility,Low,
ACC25884,19-09-2022,15:43,Tamil Nadu,Salem,11.1402,78.2342,National Highway,Clear,Day,56,Female,Bike,66,No,No,No,Over Speeding,Medium,1.0
ACC25885,11-08-2023,14:51,Tamil Nadu,Salem,10.5082,77.6636,Village Road,Rainy,Day,54,Male,Bus,35,No,No,No,Poor Weather Visibility,Low,0.0
ACC25886,15-03-2023,03:46,Andhra Pradesh,Kurnool,16.1621,79.4148,State Highway,Clear,Night,35,Male,Car,57,No,Yes,No,Drowsy Driving,Medium,1.0
ACC25887,18-07-2024,10:45,Telangana,Khammam,18.3999,78.6262,Village Road,Clear,Day,25,Male,Bike,39,No,No,No,Signal Jumping,Low,0.0
ACC25888,07-04-2023,14:02,Karnataka,Hubballi,15.4783,76.126,Expressway,Clear,Day,42,Female,Bike,90,No,Yes,No,Over Speeding,High,10.0
ACC25889,01-09-2023,06:06,Kerala,Kozhikode,10.0524,76.2536,City Road,Clear,Day,35,Male,Car,58,No,No,Yes,Pothole/Bad Road,Low,1.0
ACC25890,19-08-2022,07:10,Karnataka,Belagavi,15.8748,76.4444,Expressway,Clear,Day,41,Male,Car,89,No,No,No,Over Speeding,Low,3.0
ACC25891,12-07-2022,19:09,Andhra Pradesh,Nellore,16.169,79.5379,City Road,Clear,Night,34,Male,Car,76,Yes,No,No,Drunk Driving,Medium,3.0
ACC25892,24-02-2022,19:08,Tamil Nadu,Coimbatore,11.7557,79.2146,Expressway,Clear,Night,38,Male,Bike,79,No,No,No,Over Speeding,High,6.0
ACC25893,28-03-2022,08:03,Karnataka,Mysuru,14.9969,75.6077,National Highway,Overcast,Day,50,Male,Bike,45,No,No,No,Poor Weather Visibility,Low,1.0
ACC25894,29-03-2024,12:09,Karnataka,Bengaluru Urban,15.0923,75.8305,National Highway,Cloudy,Day,29,Male,Bus,71,No,Yes,No,Drowsy Driving,Medium,3.0
ACC25895,26-06-2024,20:03,Karnataka,Belagavi,15.1577,75.4705,State Highway,Clear,Night,45,Female,Bike,70,No,No,No,Over Speeding,Medium,5.0
ACC25896,31-07-2022,16:45,Telangana,Hyderabad,18.4338,78.3187,City Road,Clear,Day,33,Female,Car,49,No,No,No,Signal Jumping,Low,0.0
ACC25897,15-10-2022,17:50,Telangana,Nizamabad,17.9072,79.0156,City Road,Rainy,Dusk,43,Male,Bike,56,No,No,No,Poor Weather Visibility,Medium,2.0
ACC25898,10-07-2024,12:30,Kerala,Thrissur,10.182,76.0638,Village Road,Rainy,Day,44,Male,Bike,54,No,No,No,Poor Weather Visibility,Low,0.0
ACC25899,12-09-2023,19:25,Tamil Nadu,Coimbatore,10.9601,78.6461,City Road,Clear,Night,20,Female,Auto,61,Yes,No,No,Drunk Driving,High,7.0
ACC25900,03-02-2023,05:52,Karnataka,Hubballi,14.9215,76.1401,State Highway,Rainy,Dawn,62,Male,Car,66,No,No,Yes,Poor Weather Visibility,Medium,2.0
ACC25901,02-07-2022,16:38,Telangana,Karimnagar,17.9521,78.9849,City Road,Overcast,Day,54,Male,Bike,48,No,No,No,Poor Weather Visibility,Low,1.0
ACC25902,24-08-2023,18:37,Kerala,Ernakulam,10.183,76.0513,State Highway,Overcast,Dusk,24,Male,Car,74,No,No,No,Over Speeding,Medium,6.0
ACC25903,09-06-2024,16:47,Telangana,Warangal,17.4479,78.6074,Village Road,Clear,Day,59,Female,Car,30,No,No,No,Signal Jumping,Low,1.0
ACC25904,12-01-2022,06:08,Karnataka,Belagavi,15.7941,75.0163,City Road,Rainy,Day,36,Male,Bike,46,No,No,No,Poor Weather Visibility,Medium,6.0
ACC25905,08-02-2024,20:39,Andhra Pradesh,Vijayawada,16.0969,80.0212,Village Road,Clear,Night,52,Male,Bus,50,No,Yes,Yes,Drowsy Driving,Medium,0.0
ACC25906,26-08-2022,07:41,Tamil Nadu,Chennai,11.0492,78.997,City Road,Clear,Day,31,Male,Bus,52,No,No,No,Signal Jumping,Low,0.0
ACC25907,10-12-2023,07:22,Telangana,Warangal,17.7619,78.8266,State Highway,Foggy,Day,55,Male,Car,71,No,Yes,No,Poor Weather Visibility,High,2.0
ACC25908,06-05-2023,17:43,Puducherry,Karaikal,11.7553,80.0995,Expressway,Cloudy,Dusk,27,Female,Bike,108,Yes,No,No,Over Speeding,High,
ACC25909,16-06-2024,19:51,Andhra Pradesh,Kurnool,15.9483,79.5767,City Road,Clear,Night,18,Male,Car,39,No,No,No,Signal Jumping,Low,0.0
ACC25910,30-04-2023,09:00,Kerala,Kozhikode,10.5892,76.4304,National Highway,Clear,Day,24,Male,Auto,66,No,No,No,Over Speeding,Medium,5.0
ACC25911,07-07-2023,23:50,Telangana,Hyderabad,17.5908,78.459,City Road,Cloudy,Night,30,Female,Car,57,No,Yes,No,Drowsy Driving,Low,2.0
ACC25912,02-01-2022,20:49,Tamil Nadu,Madurai,11.3908,79.2245,Village Road,Clear,Night,52,Male,Bike,61,Yes,Yes,No,Drunk Driving,High,3.0
ACC25913,04-11-2022,20:34,Telangana,Hyderabad,18.0998,78.7926,City Road,Clear,Night,49,Male,Car,56,No,No,Yes,Signal Jumping,Low,2.0
ACC25914,30-11-2024,18:06,Tamil Nadu,Tiruchirappalli,11.8316,78.2488,National Highway,Rainy,Dusk,41,Male,Car,64,No,No,No,Poor Weather Visibility,Medium,1.0
ACC25915,01-02-2024,07:37,Karnataka,Hubballi,15.0744,76.2886,City Road,Rainy,Day,45,Male,Auto,58,No,No,No,Poor Weather Visibility,Medium,1.0
ACC25916,18-04-2023,19:39,Andhra Pradesh,Kurnool,16.6083,79.3658,Expressway,Overcast,Night,35,Male,Truck,107,Yes,Yes,No,Over Speeding,High,5.0
ACC25917,24-10-2024,16:18,Andhra Pradesh,Visakhapatnam,15.9139,80.4757,City Road,Clear,Day,40,Female,Auto,44,No,No,No,Signal Jumping,Low,1.0
ACC25918,30-09-2024,15:34,Karnataka,Hubballi,14.5369,75.543,Village Road,Clear,Day,25,Female,Bike,52,No,No,No,Signal Jumping,Low,2.0
ACC25919,09-06-2023,12:43,Telangana,Khammam,18.4818,78.6749,City Road,Cloudy,Day,37,Male,Bike,37,No,No,No,Poor Weather Visibility,Low,1.0
ACC25920,13-10-2024,14:24,Kerala,Thiruvananthapuram,9.6447,76.3119,State Highway,Cloudy,Day,34,Male,Bike,74,No,No,No,Over Speeding,Low,1.0
ACC25921,28-05-2023,19:07,Kerala,Thiruvananthapuram,10.2571,76.3571,National Highway,Clear,Night,32,Male,Bike,85,Yes,No,Yes,Drunk Driving,High,3.0
ACC25922,07-07-2023,21:47,Karnataka,Mangaluru,15.3609,75.4708,Village Road,Clear,Night,38,Male,Car,47,No,Yes,No,Drowsy Driving,Low,2.0
ACC25923,08-03-2024,10:35,Andhra Pradesh,Vijayawada,16.0349,79.8464,City Road,Cloudy,Day,75,Male,Auto,47,No,No,No,Signal Jumping,Low,3.0
ACC25924,15-06-2024,08:41,Puducherry,Puducherry,11.4553,80.0781,City Road,Rainy,Day,40,Female,Bike,32,No,No,No,Poor Weather Visibility,Low,0.0
ACC25925,07-08-2022,11:51,Andhra Pradesh,Nellore,16.0858,79.4419,National Highway,Rainy,Day,18,Male,Bike,60,No,Yes,No,Poor Weather Visibility,High,5.0
ACC25926,22-12-2022,21:15,Tamil Nadu,Madurai,11.282,79.1947,National Highway,Clear,Night,36,Female,Car,69,No,No,Yes,Pothole/Bad Road,Medium,4.0
ACC25927,02-02-2023,19:17,Tamil Nadu,Tiruchirappalli,10.6488,78.6716,Expressway,Clear,Night,18,Male,Bike,71,No,Yes,No,Drowsy Driving,Medium,3.0
ACC25928,25-07-2024,06:09,Telangana,Nizamabad,17.5132,78.7978,Village Road,Rainy,Day,30,Male,Bike,56,No,No,No,Poor Weather Visibility,Medium,3.0
ACC25929,14-09-2022,11:21,Karnataka,Hubballi,15.6912,75.9112,National Highway,Rainy,Day,21,Male,Bike,58,No,No,No,Poor Weather Visibility,Medium,
ACC25930,01-07-2022,16:10,Puducherry,Puducherry,11.3208,79.9078,City Road,Rainy,Day,46,Male,Bike,38,No,No,No,Poor Weather Visibility,Low,2.0
ACC25931,29-09-2022,12:38,Tamil Nadu,Salem,10.8702,79.1637,City Road,Rainy,Day,31,Female,Truck,50,No,No,Yes,Poor Weather Visibility,High,1.0
ACC25932,21-02-2022,05:25,Tamil Nadu,Coimbatore,11.079,77.8936,National Highway,Rainy,Dawn,39,Male,Bike,63,No,No,No,Poor Weather Visibility,Medium,1.0
ACC25933,15-10-2024,20:21,Puducherry,Karaikal,12.1337,79.4814,State Highway,Overcast,Night,43,Female,Bike,76,No,No,Yes,Pothole/Bad Road,High,4.0
ACC25934,26-04-2023,17:37,Andhra Pradesh,Visakhapatnam,15.6365,80.4098,City Road,Rainy,Dusk,47,Male,Auto,38,No,No,No,Poor Weather Visibility,Low,2.0
ACC25935,03-09-2024,18:33,Telangana,Khammam,17.1333,79.6186,City Road,Clear,Dusk,46,Male,Car,33,No,No,Yes,Pothole/Bad Road,Low,2.0
ACC25936,01-05-2024,18:26,Telangana,Khammam,17.745,79.0614,Village Road,Rainy,Dusk,36,Male,Bike,42,No,Yes,Yes,Poor Weather Visibility,High,8.0
ACC25937,08-01-2023,14:37,Tamil Nadu,Salem,10.3696,78.802,National Highway,Clear,Day,39,Male,Car,68,No,No,Yes,Pothole/Bad Road,Medium,4.0
ACC25938,04-12-2022,22:33,Tamil Nadu,Coimbatore,10.5067,78.8636,City Road,Foggy,Night,60,Male,Bike,35,No,Yes,No,Poor Weather Visibility,Low,0.0
ACC25939,15-08-2024,04:32,Tamil Nadu,Salem,11.2974,78.527,National Highway,Clear,Night,46,Male,Car,77,No,No,No,Over Speeding,Medium,4.0
ACC25940,31-10-2024,19:12,Karnataka,Belagavi,15.2471,76.17,Village Road,Rainy,Night,30,Male,Bike,42,No,No,Yes,Poor Weather Visibility,Medium,2.0
ACC25941,05-08-2022,19:02,Tamil Nadu,Madurai,11.1054,78.4092,City Road,Foggy,Night,44,Male,Bike,49,No,No,No,Poor Weather Visibility,High,4.0
ACC25942,02-07-2024,16:53,Karnataka,Bengaluru Urban,15.0913,75.9102,City Road,Clear,Day,49,Male,Auto,70,Yes,Yes,No,Drunk Driving,High,
ACC25943,07-03-2024,12:31,Karnataka,Mysuru,14.7769,75.7501,City Road,Clear,Day,18,Male,Car,46,No,No,Yes,Pothole/Bad Road,Low,2.0
ACC25944,28-01-2024,17:06,Tamil Nadu,Coimbatore,11.0832,78.9477,Expressway,Cloudy,Dusk,35,Male,Truck,67,No,No,No,Poor Weather Visibility,Medium,
ACC25945,07-04-2023,00:00,Karnataka,Bengaluru Urban,15.826,76.3575,Expressway,Cloudy,Night,18,Female,Bike,99,Yes,No,No,Over Speeding,High,2.0
ACC25946,04-09-2023,18:40,Telangana,Khammam,18.4263,78.9854,State Highway,Clear,Dusk,37,Male,Auto,68,No,No,No,Over Speeding,Low,
ACC25947,26-11-2022,13:52,Andhra Pradesh,Visakhapatnam,16.4198,80.1928,National Highway,Rainy,Day,30,Female,Bike,67,No,No,No,Poor Weather Visibility,Medium,0.0
ACC25948,11-04-2023,13:39,Tamil Nadu,Chennai,11.1297,77.908,Village Road,Clear,Day,36,Male,Auto,21,No,No,Yes,Pothole/Bad Road,Low,2.0
ACC25949,18-07-2022,09:18,Karnataka,Belagavi,15.7742,75.7993,National Highway,Clear,Day,25,Male,Bus,78,No,No,No,Over Speeding,Medium,6.0
ACC25950,10-10-2023,18:44,Karnataka,Hubballi,15.4767,75.8973,City Road,Rainy,Dusk,39,Female,Bus,38,No,No,Yes,Poor Weather Visibility,Low,2.0
ACC25951,26-07-2023,01:46,Telangana,Hyderabad,17.8609,78.2874,City Road,Clear,Night,28,Male,Bike,29,No,No,No,Poor Weather Visibility,Low,0.0
ACC25952,10-05-2022,04:35,Kerala,Kozhikode,9.9293,76.391,Expressway,Clear,Night,39,Male,Bike,90,Yes,Yes,No,Over Speeding,High,3.0
ACC25953,21-06-2024,08:51,Kerala,Kozhikode,10.8144,76.7181,City Road,Clear,Day,42,Male,Car,51,No,No,No,Signal Jumping,Low,1.0
ACC25954,07-04-2023,19:20,Tamil Nadu,Tiruchirappalli,11.503,78.2299,State Highway,Cloudy,Night,24,Female,Truck,71,No,No,No,Poor Weather Visibility,High,5.0
ACC25955,06-09-2024,12:22,Tamil Nadu,Coimbatore,11.5693,78.1834,City Road,Rainy,Day,28,Male,Bike,43,No,No,No,Poor Weather Visibility,Low,2.0
ACC25956,29-04-2024,18:53,Kerala,Kozhikode,10.4388,76.3225,State Highway,Cloudy,Dusk,30,Male,Bike,74,Yes,No,Yes,Drunk Driving,High,8.0
ACC25957,15-09-2023,09:58,Karnataka,Hubballi,15.3338,75.2539,City Road,Foggy,Day,37,Male,Truck,41,No,No,No,Poor Weather Visibility,Low,1.0
ACC25958,22-06-2022,08:37,Telangana,Karimnagar,17.444,78.2981,City Road,Clear,Day,37,Male,Bike,50,No,No,No,Signal Jumping,Low,1.0
ACC25959,26-05-2023,12:51,Andhra Pradesh,Nellore,15.3305,79.9252,State Highway,Rainy,Day,41,Female,Car,85,Yes,No,No,Poor Weather Visibility,High,4.0
ACC25960,15-12-2024,09:52,Kerala,Ernakulam,10.499,76.0885,State Highway,Rainy,Day,41,Male,Car,68,No,Yes,No,Poor Weather Visibility,High,5.0
ACC25961,23-06-2022,17:10,Tamil Nadu,Coimbatore,10.5923,78.2503,National Highway,Rainy,Dusk,66,Female,Auto,66,No,No,No,Poor Weather Visibility,High,6.0
ACC25962,21-10-2022,17:05,Telangana,Hyderabad,17.8026,78.8391,National Highway,Rainy,Dusk,42,Male,Bike,58,No,No,No,Poor Weather Visibility,Medium,5.0
ACC25963,30-08-2023,16:19,Tamil Nadu,Tiruchirappalli,11.1189,78.6999,State Highway,Rainy,Day,36,Male,Bus,74,No,No,Yes,Poor Weather Visibility,Medium,2.0
ACC25964,14-12-2024,08:50,Kerala,Kollam,10.47,76.121,Expressway,Clear,Day,42,Male,Bike,84,No,No,No,Over Speeding,Medium,1.0
ACC25965,15-04-2023,20:50,Kerala,Kollam,10.5466,77.0753,City Road,Clear,Night,30,Male,Truck,52,No,Yes,No,Drowsy Driving,Low,0.0
ACC25966,26-09-2023,23:59,Kerala,Kollam,10.0287,75.4899,Village Road,Rainy,Night,50,Male,Car,33,No,No,Yes,Poor Weather Visibility,Medium,2.0
ACC25967,22-02-2023,17:39,Kerala,Thiruvananthapuram,10.3769,75.6953,State Highway,Rainy,Dusk,31,Male,Bike,52,No,No,No,Poor Weather Visibility,Low,0.0
ACC25968,25-10-2024,20:14,Telangana,Nizamabad,17.763,79.2348,National Highway,Cloudy,Night,75,Male,Bus,79,No,Yes,No,Drowsy Driving,High,12.0
ACC25969,25-02-2023,17:55,Tamil Nadu,Tiruchirappalli,11.295,78.5837,State Highway,Rainy,Dusk,54,Male,Auto,46,No,No,Yes,Poor Weather Visibility,Medium,0.0
ACC25970,20-05-2024,22:33,Puducherry,Puducherry,11.6155,79.9885,National Highway,Rainy,Night,61,Male,Truck,76,No,Yes,Yes,Poor Weather Visibility,High,4.0
ACC25971,04-11-2024,18:40,Karnataka,Mysuru,15.7888,75.5795,Expressway,Clear,Dusk,30,Male,Truck,58,No,No,No,Poor Weather Visibility,Medium,4.0
ACC25972,12-07-2024,20:44,Telangana,Khammam,17.3377,79.5612,Village Road,Clear,Night,43,Male,Car,47,No,Yes,Yes,Drowsy Driving,Low,1.0
ACC25973,17-04-2024,04:43,Andhra Pradesh,Vijayawada,15.686,79.1281,City Road,Clear,Night,50,Male,Bike,43,No,No,No,Poor Weather Visibility,Low,2.0
ACC25974,27-10-2023,22:46,Andhra Pradesh,Nellore,15.6123,79.7303,State Highway,Foggy,Night,41,Male,Car,83,Yes,No,No,Poor Weather Visibility,High,6.0
ACC25975,21-11-2024,22:58,Tamil Nadu,Coimbatore,10.7574,79.093,National Highway,Clear,Night,26,Male,Auto,90,No,Yes,No,Over Speeding,High,6.0
ACC25976,11-08-2023,15:24,Telangana,Karimnagar,18.1297,79.2928,Expressway,Foggy,Day,20,Male,Bike,85,No,No,No,Poor Weather Visibility,High,7.0
ACC25977,12-05-2023,19:25,Tamil Nadu,Tiruchirappalli,10.9193,79.4089,City Road,Clear,Night,41,Male,Car,41,No,No,No,Signal Jumping,Low,1.0
ACC25978,04-12-2024,12:59,Karnataka,Belagavi,15.3875,76.0268,State Highway,Overcast,Day,31,Male,Bike,42,No,No,Yes,Pothole/Bad Road,Low,2.0
ACC25979,23-08-2023,16:07,Tamil Nadu,Madurai,11.3935,78.4205,City Road,Rainy,Day,33,Male,Car,48,No,No,Yes,Poor Weather Visibility,Low,1.0
ACC25980,15-03-2023,12:22,Karnataka,Mangaluru,15.1772,75.4968,State Highway,Clear,Day,33,Female,Car,38,No,No,No,Poor Weather Visibility,Low,0.0
ACC25981,09-06-2022,19:42,Telangana,Khammam,18.128,79.1162,Village Road,Clear,Night,25,Male,Car,61,Yes,No,No,Drunk Driving,Medium,2.0
ACC25982,14-04-2023,19:37,Telangana,Karimnagar,17.7453,78.8687,City Road,Overcast,Night,38,Male,Car,62,No,Yes,No,Drowsy Driving,Low,2.0
ACC25983,24-11-2024,06:46,Telangana,Karimnagar,18.0548,79.5888,National Highway,Clear,Day,44,Female,Auto,64,No,No,No,Over Speeding,Medium,2.0