Accident_ID,Date,Time,State,District,Latitude,Longitude,Road_Type,Weather,Light_Condition,Driver_Age,Driver_Gender,Vehicle_Type,Speed_kmph,Alcohol_Involved,Driver_Drowsy,Pothole_Involved,Cause_of_Accident,Severity,Casualties
ACC25984,16-07-2022,08:41,Tamil Nadu,Madurai,10.9168,78.1709,Village Road,Rainy,Day,40,Male,Truck,62,No,Yes,No,Poor Weather Visibility,Medium,1.0
ACC25985,16-12-2023,17:09,Kerala,Kollam,10.2876,76.2422,Village Road,Overcast,Dusk,45,Male,Car,29,No,No,Yes,Pothole/Bad Road,Low,1.0
ACC25986,25-05-2022,07:54,Andhra Pradesh,Nellore,15.6558,79.9131,National Highway,Cloudy,Day,32,Male,Car,79,No,No,No,Over Speeding,Medium,1.0
ACC25987,08-05-2022,23:06,Telangana,Nizamabad,18.5325,79.532,City Road,Clear,Night,25,Male,Bus,87,Yes,Yes,Yes,Over Speeding,High,9.0
ACC25988,21-07-2022,09:23,Karnataka,Hubballi,14.9255,75.7154,City Road,Cloudy,Day,45,Female,Auto,45,No,No,No,Poor Weather Visibility,Low,1.0
ACC25989,03-02-2022,18:36,Kerala,Thrissur,9.5512,76.3484,Village Road,Overcast,Dusk,44,Male,Bike,35,No,No,No,Poor Weather Visibility,Low,1.0
ACC25990,25-01-2022,06:59,Karnataka,Mysuru,16.2283,76.0578,Village Road,Rainy,Day,36,Male,Truck,49,No,No,Yes,Poor Weather Visibility,Medium,2.0
ACC25991,24-05-2024,07:00,Telangana,Hyderabad,17.2023,79.1976,Expressway,Overcast,Day,49,Female,Auto,76,No,No,No,Over Speeding,Medium,3.0
ACC25992,01-10-2024,18:11,Telangana,Karimnagar,17.3951,78.6008,City Road,Clear,Dusk,42,Male,Bus,45,No,No,No,Signal Jumping,Low,0.0
ACC25993,12-04-2022,18:09,Telangana,Hyderabad,17.582,79.1363,Village Road,Rainy,Dusk,44,Male,Bike,26,No,No,No,Poor Weather Visibility,Low,2.0
ACC25994,14-12-2024,12:44,Telangana,Hyderabad,17.82,78.5446,National Highway,Rainy,Day,18,Male,Bus,62,No,Yes,No,Poor Weather Visibility,Medium,4.0
ACC25995,26-02-2024,17:31,Tamil Nadu,Madurai,11.4258,78.4306,Expressway,Overcast,Dusk,23,Male,Bike,85,Yes,No,No,Drunk Driving,High,7.0
ACC25996,15-08-2022,09:27,Andhra Pradesh,Nellore,15.7619,79.5808,State Highway,Overcast,Day,18,Female,Auto,82,Yes,Yes,No,Drunk Driving,High,2.0
ACC25997,06-05-2024,21:31,Karnataka,Mangaluru,14.8636,75.7889,City Road,Clear,Night,34,Male,Bike,50,Yes,Yes,No,Drunk Driving,Low,2.0
ACC25998,26-07-2023,16:29,Telangana,Khammam,17.8366,79.5002,City Road,Clear,Day,33,Male,Car,48,No,No,No,Poor Weather Visibility,Low,2.0
ACC25999,17-06-2024,04:36,Karnataka,Mysuru,14.9852,75.8197,City Road,Clear,Night,40,Female,Auto,62,Yes,No,No,Drunk Driving,High,4.0
ACC26000,04-10-2024,10:14,Tamil Nadu,Salem,10.7753,78.5729,National Highway,Clear,Day,18,Male,Car,80,No,No,No,Over Speeding,Medium,3.0
ACC26001,24-09-2024,22:02,Kerala,Kollam,9.9829,76.043,State Highway,Cloudy,Night,39,Male,Car,71,Yes,No,No,Drunk Driving,High,6.0
ACC26002,12-09-2022,10:33,Tamil Nadu,Chennai,11.1207,78.7415,State Highway,Cloudy,Day,59,Male,Car,64,No,No,No,Poor Weather Visibility,Medium,0.0
ACC26003,08-01-2024,18:55,Karnataka,Bengaluru Urban,16.0983,75.8955,Expressway,Rainy,Dusk,56,Male,Truck,109,No,Yes,No,Over Speeding,High,8.0
ACC26004,18-05-2024,17:31,Puducherry,Karaikal,11.086,80.0934,Village Road,Clear,Dusk,18,Female,Bus,39,No,Yes,No,Drowsy Driving,Low,0.0
ACC26005,09-05-2023,23:30,Puducherry,Puducherry,12.4919,79.9378,City Road,Clear,Night,33,Male,Auto,50,No,No,No,Signal Jumping,Low,1.0
ACC26006,02-10-2022,23:39,Andhra Pradesh,Guntur,16.394,79.679,Expressway,Rainy,Night,39,Male,Truck,90,No,Yes,No,Over Speeding,High,5.0
ACC26007,09-07-2022,08:46,Kerala,Thiruvananthapuram,9.995,76.4333,State Highway,Clear,Day,33,Male,Truck,68,No,No,No,Over Speeding,Medium,2.0
ACC26008,17-01-2023,15:43,Tamil Nadu,Salem,11.1785,79.358,Village Road,Clear,Day,35,Male,Bike,49,No,No,No,Poor Weather Visibility,Low,0.0
ACC26009,25-11-2024,21:09,Karnataka,Hubballi,14.9486,75.7288,State Highway,Clear,Night,59,Female,Auto,53,Yes,No,No,Drunk Driving,Medium,2.0
ACC26010,08-04-2023,18:38,Karnataka,Mangaluru,15.564,75.4402,National Highway,Cloudy,Dusk,26,Female,Truck,69,No,Yes,No,Drowsy Driving,Medium,5.0
ACC26011,15-08-2023,11:28,Kerala,Kozhikode,10.0444,76.6295,City Road,Cloudy,Day,52,Male,Bike,50,Yes,No,No,Drunk Driving,Medium,1.0
ACC26012,08-11-2022,11:34,Kerala,Kollam,9.9759,76.2647,City Road,Cloudy,Day,35,Male,Bike,33,No,No,No,Poor Weather Visibility,Low,0.0
ACC26013,15-06-2022,08:39,Andhra Pradesh,Guntur,15.7984,80.172,National Highway,Cloudy,Day,20,Male,Car,63,No,No,No,Poor Weather Visibility,Medium,1.0
ACC26014,08-11-2024,16:16,Andhra Pradesh,Guntur,15.0062,80.0422,City Road,Clear,Day,27,Male,Car,64,Yes,No,No,Drunk Driving,Low,1.0
ACC26015,25-02-2022,17:38,Kerala,Kollam,11.2177,76.9604,City Road,Clear,Dusk,47,Female,Car,51,No,No,No,Poor Weather Visibility,Low,0.0
ACC26016,22-02-2024,10:59,Andhra Pradesh,Vijayawada,16.144,79.4794,Village Road,Clear,Day,37,Male,Bike,43,No,No,No,Poor Weather Visibility,Low,2.0
ACC26017,23-05-2022,14:17,Tamil Nadu,Chennai,11.4928,78.6936,National Highway,Overcast,Day,37,Male,Car,83,No,No,No,Over Speeding,Medium,3.0
ACC26018,17-10-2023,08:33,Tamil Nadu,Tiruchirappalli,11.0663,79.1685,National Highway,Foggy,Day,39,Female,Car,75,Yes,No,No,Poor Weather Visibility,High,4.0
ACC26019,06-06-2022,12:58,Karnataka,Bengaluru Urban,15.7788,75.2025,National Highway,Clear,Day,33,Female,Truck,69,No,No,No,Over Speeding,Low,1.0
ACC26020,06-02-2024,06:27,Andhra Pradesh,Visakhapatnam,16.0707,79.8456,City Road,Clear,Day,35,Male,Auto,41,No,No,No,Poor Weather Visibility,Low,1.0
ACC26021,04-11-2022,12:35,Tamil Nadu,Chennai,10.5804,78.0924,Expressway,Rainy,Day,53,Male,Auto,76,No,No,No,Poor Weather Visibility,High,8.0
ACC26022,21-09-2022,07:42,Andhra Pradesh,Vijayawada,15.8599,79.8144,Expressway,Clear,Day,38,Male,Bike,84,No,No,No,Over Speeding,Medium,3.0
ACC26023,07-06-2024,06:39,Andhra Pradesh,Nellore,16.0669,80.2187,City Road,Clear,Day,31,Male,Car,48,No,No,No,Poor Weather Visibility,Low,3.0
ACC26024,21-09-2023,20:43,Telangana,Warangal,18.2827,79.2916,State Highway,Rainy,Night,48,Male,Bike,64,No,Yes,Yes,Poor Weather Visibility,High,10.0
ACC26025,19-02-2023,18:40,Kerala,Thrissur,9.8993,76.5422,City Road,Cloudy,Dusk,27,Male,Bike,39,No,No,No,Poor Weather Visibility,Low,0.0
ACC26026,03-11-2023,18:26,Kerala,Kozhikode,11.0839,76.4837,Village Road,Cloudy,Dusk,34,Male,Bike,42,No,No,No,Poor Weather Visibility,Low,1.0
ACC26027,16-01-2022,18:14,Karnataka,Belagavi,14.8432,75.3225,Expressway,Clear,Dusk,36,Male,Bike,78,No,No,No,Over Speeding,Medium,6.0
ACC26028,13-01-2023,17:16,Telangana,Khammam,17.3755,78.6158,National Highway,Clear,Dusk,54,Male,Bus,74,No,No,No,Over Speeding,Low,0.0
ACC26029,20-08-2024,17:55,Telangana,Khammam,18.3852,78.9992,City Road,Clear,Dusk,27,Male,Auto,34,No,No,No,Signal Jumping,Low,1.0
ACC26030,19-01-2022,16:33,Kerala,Thiruvananthapuram,10.5162,75.8755,National Highway,Clear,Day,21,Female,Bike,64,No,No,No,Over Speeding,Medium,2.0
ACC26031,14-03-2024,01:17,Telangana,Warangal,18.1037,78.9433,National Highway,Foggy,Night,44,Male,Car,49,No,No,No,Poor Weather Visibility,Medium,
ACC26032,08-08-2022,21:54,Kerala,Ernakulam,10.204,76.1128,City Road,Rainy,Night,49,Female,Bike,22,No,Yes,No,Poor Weather Visibility,Low,2.0
ACC26033,11-01-2022,09:00,Telangana,Karimnagar,17.9971,78.999,City Road,Cloudy,Day,32,Male,Auto,43,No,No,No,Poor Weather Visibility,Low,1.0
ACC26034,14-04-2024,19:57,Telangana,Warangal,18.4103,79.1549,State Highway,Cloudy,Night,22,Male,Bike,61,Yes,Yes,No,Drunk Driving,High,11.0
ACC26035,13-12-2023,04:18,Telangana,Warangal,17.6322,79.2145,State Highway,Overcast,Night,50,Male,Bike,53,No,No,No,Poor Weather Visibility,Low,0.0
ACC26036,19-02-2022,21:01,Kerala,Kollam,10.1589,76.3957,State Highway,Clear,Night,60,Male,Car,60,No,No,No,Signal Jumping,Low,0.0
ACC26037,15-09-2023,18:24,Telangana,Karimnagar,17.7775,78.3393,National Highway,Clear,Dusk,48,Male,Car,76,No,No,No,Over Speeding,Medium,4.0
ACC26038,13-12-2024,18:37,Telangana,Warangal,18.5846,78.7151,National Highway,Clear,Dusk,35,Male,Car,60,No,No,No,Signal Jumping,Low,1.0
ACC26039,22-01-2022,22:36,Karnataka,Bengaluru Urban,15.3773,75.0637,City Road,Foggy,Night,38,Male,Car,40,No,No,No,Poor Weather Visibility,Low,0.0
ACC26040,10-01-2024,15:14,Tamil Nadu,Salem,10.7365,79.2874,Expressway,Clear,Day,44,Male,Bike,72,No,No,No,Over Speeding,Medium,0.0
ACC26041,17-05-2024,07:29,Andhra Pradesh,Guntur,16.0014,79.6816,Village Road,Clear,Day,50,Male,Car,29,No,No,Yes,Pothole/Bad Road,Low,0.0
ACC26042,17-08-2024,13:50,Karnataka,Mysuru,15.278,75.9069,City Road,Overcast,Day,64,Male,Bike,34,No,No,No,Poor Weather Visibility,Low,
ACC26043,22-11-2024,18:42,Telangana,Nizamabad,17.5219,79.26,State Highway,Clear,Dusk,38,Male,Truck,72,No,No,No,Signal Jumping,Medium,1.0
ACC26044,27-10-2023,12:19,Tamil Nadu,Coimbatore,10.9408,78.0764,State Highway,Clear,Day,30,Female,Bus,64,No,No,No,Signal Jumping,Low,1.0
ACC26045,10-08-2023,19:21,Tamil Nadu,Coimbatore,11.1063,79.3601,Village Road,Cloudy,Night,41,Male,Bike,45,No,No,Yes,Pothole/Bad Road,Low,0.0
ACC26046,14-03-2022,09:39,Tamil Nadu,Madurai,11.0954,78.2274,City Road,Overcast,Day,41,Male,Bike,47,No,No,No,Poor Weather Visibility,Low,2.0
ACC26047,22-01-2024,13:04,Tamil Nadu,Tiruchirappalli,11.48,78.4907,City Road,Rainy,Day,47,Male,Bike,39,No,No,No,Poor Weather Visibility,Low,1.0
ACC26048,26-09-2023,13:39,Tamil Nadu,Tiruchirappalli,11.6386,79.8024,National Highway,Clear,Day,32,Male,Auto,71,No,No,No,Over Speeding,Low,0.0
ACC26049,31-12-2023,06:14,Tamil Nadu,Coimbatore,11.45,78.7301,City Road,Clear,Day,52,Male,Car,39,No,No,No,Poor Weather Visibility,Low,0.0
ACC26050,26-02-2022,19:38,Tamil Nadu,Coimbatore,11.1319,78.218,State Highway,Overcast,Night,18,Male,Car,68,No,No,No,Poor Weather Visibility,Medium,1.0
ACC26051,17-02-2024,10:10,Tamil Nadu,Coimbatore,11.1767,79.1241,National Highway,Overcast,Day,33,Female,Auto,95,No,No,Yes,Over Speeding,High,3.0
ACC26052,26-04-2024,12:25,Karnataka,Bengaluru Urban,14.7568,75.7365,National Highway,Foggy,Day,38,Male,Auto,80,No,No,No,Poor Weather Visibility,High,4.0
ACC26053,03-03-2024,16:56,Kerala,Kozhikode,10.0523,77.636,Village Road,Cloudy,Day,24,Male,Truck,42,No,Yes,No,Drowsy Driving,Medium,2.0
ACC26054,23-12-2024,04:38,Karnataka,Mangaluru,14.7171,75.817,Village Road,Cloudy,Night,61,Male,Bike,30,No,No,No,Poor Weather Visibility,Low,0.0
ACC26055,16-10-2024,20:22,Kerala,Kollam,10.3755,76.1329,National Highway,Cloudy,Night,44,Male,Car,79,Yes,No,No,Drunk Driving,High,8.0
ACC26056,02-02-2023,12:26,Tamil Nadu,Salem,11.218,78.6416,National Highway,Clear,Day,18,Female,Car,73,No,No,Yes,Pothole/Bad Road,Medium,3.0
ACC26057,05-06-2024,16:55,Puducherry,Puducherry,12.0625,79.8524,National Highway,Cloudy,Day,25,Male,Car,77,Yes,No,No,Drunk Driving,High,7.0
ACC26058,17-02-2022,02:39,Karnataka,Belagavi,14.8096,75.7096,Expressway,Overcast,Night,23,Male,Bus,87,No,Yes,No,Over Speeding,High,5.0
ACC26059,26-04-2023,19:26,Andhra Pradesh,Kurnool,15.8117,79.719,State Highway,Overcast,Night,33,Male,Auto,69,No,No,No,Poor Weather Visibility,Medium,1.0
ACC26060,27-11-2022,13:12,Karnataka,Belagavi,15.5095,74.5617,Expressway,Cloudy,Day,54,Male,Truck,71,No,No,No,Poor Weather Visibility,Medium,4.0
ACC26061,20-02-2022,05:53,Puducherry,Karaikal,11.6934,80.6414,City Road,Cloudy,Dawn,31,Male,Bike,58,No,No,Yes,Pothole/Bad Road,Low,1.0
ACC26062,29-09-2022,20:46,Tamil Nadu,Tiruchirappalli,10.842,78.1284,National Highway,Clear,Night,25,Male,Truck,92,Yes,No,No,Over Speeding,High,10.0
ACC26063,25-10-2024,03:38,Tamil Nadu,Chennai,11.0501,78.4113,Village Road,Clear,Night,21,Male,Auto,43,No,Yes,Yes,Drowsy Driving,Medium,2.0
ACC26064,08-07-2023,21:14,Karnataka,Bengaluru Urban,15.6704,75.4341,State Highway,Cloudy,Night,28,Male,Bus,81,No,Yes,No,Over Speeding,High,5.0
ACC26065,05-12-2023,08:37,Tamil Nadu,Coimbatore,11.6152,78.419,Expressway,Rainy,Day,25,Male,Bike,85,No,No,No,Poor Weather Visibility,High,9.0
ACC26066,16-10-2023,19:46,Puducherry,Karaikal,12.03,79.8147,State Highway,Overcast,Night,40,Female,Car,49,No,No,No,Poor Weather Visibility,Low,2.0
ACC26067,09-06-2023,08:58,Puducherry,Karaikal,12.0053,79.9238,National Highway,Clear,Day,60,Male,Car,80,No,No,No,Over Speeding,Medium,1.0
ACC26068,05-12-2024,18:26,Karnataka,Mysuru,15.5623,75.1519,Village Road,Clear,Dusk,34,Female,Auto,37,No,No,No,Signal Jumping,Low,0.0
ACC26069,09-01-2023,07:43,Tamil Nadu,Madurai,11.5975,79.1584,City Road,Overcast,Day,46,Female,Bike,36,No,No,No,Poor Weather Visibility,Low,1.0
ACC26070,06-02-2024,21:18,Telangana,Hyderabad,17.2781,78.337,National Highway,Cloudy,Night,18,Female,Car,72,No,No,No,Poor Weather Visibility,Medium,1.0
ACC26071,02-07-2022,13:06,Telangana,Karimnagar,17.0684,78.2578,State Highway,Clear,Day,26,Male,Auto,60,No,No,No,Signal Jumping,Low,3.0
ACC26072,22-01-2023,10:44,Telangana,Khammam,18.2965,79.6098,City Road,Cloudy,Day,55,Male,Bike,51,No,No,No,Poor Weather Visibility,Low,2.0
ACC26073,17-06-2022,06:37,Telangana,Warangal,18.1738,79.5411,Village Road,Clear,Day,47,Female,Bike,47,No,No,No,Poor Weather Visibility,Low,
ACC26074,22-02-2023,14:27,Kerala,Thrissur,10.2602,77.0318,Village Road,Cloudy,Day,26,Male,Bus,48,No,No,Yes,Pothole/Bad Road,Low,0.0
ACC26075,28-02-2023,10:51,Tamil Nadu,Chennai,10.9294,79.4388,National Highway,Clear,Day,39,Male,Auto,67,No,No,No,Signal Jumping,Medium,4.0
ACC26076,15-04-2022,11:14,Karnataka,Bengaluru Urban,15.3171,75.7373,National Highway,Rainy,Day,54,Male,Bike,89,No,No,No,Over Speeding,High,9.0
ACC26077,19-08-2023,17:54,Tamil Nadu,Tiruchirappalli,10.263,78.3132,Expressway,Clear,Dusk,30,Male,Auto,80,No,No,No,Over Speeding,Medium,2.0
ACC26078,07-05-2024,21:45,Andhra Pradesh,Kurnool,15.3547,79.4881,State Highway,Rainy,Night,50,Male,Auto,69,No,No,No,Poor Weather Visibility,High,4.0
ACC26079,04-10-2022,15:10,Andhra Pradesh,Vijayawada,16.1475,79.5017,National Highway,Foggy,Day,30,Male,Bike,78,No,No,No,Poor Weather Visibility,High,3.0
ACC26080,16-01-2024,00:35,Karnataka,Bengaluru Urban,14.66,74.9626,City Road,Clear,Night,44,Male,Truck,64,No,No,No,Over Speeding,Medium,5.0
ACC26081,15-07-2023,16:50,Telangana,Hyderabad,17.8076,78.7585,City Road,Clear,Day,42,Male,Auto,75,Yes,No,No,Drunk Driving,Medium,8.0
ACC26082,12-11-2024,14:22,Andhra Pradesh,Nellore,15.7076,80.0059,National Highway,Clear,Day,41,Male,Car,68,No,No,No,Over Speeding,Low,1.0
ACC26083,14-07-2024,09:09,Tamil Nadu,Salem,11.1578,78.4399,National Highway,Clear,Day,22,Female,Bike,74,No,No,No,Over Speeding,High,5.0
ACC26084,28-02-2023,17:04,Karnataka,Mysuru,15.1109,75.8203,State Highway,Cloudy,Dusk,25,Male,Bike,70,Yes,No,No,Drunk Driving,Medium,4.0
ACC26085,06-01-2024,02:20,Andhra Pradesh,Kurnool,15.8666,79.454,State Highway,Rainy,Night,55,Male,Bike,64,No,No,Yes,Poor Weather Visibility,High,6.0
ACC26086,17-01-2022,12:13,Kerala,Thiruvananthapuram,10.6296,75.8694,State Highway,Cloudy,Day,45,Male,Auto,59,No,No,No,Poor Weather Visibility,Medium,4.0
ACC26087,13-02-2024,15:55,Telangana,Warangal,18.226,78.9387,City Road,Cloudy,Day,34,Male,Car,43,No,No,No,Poor Weather Visibility,Low,0.0
ACC26088,05-06-2022,09:49,Puducherry,Puducherry,12.0394,80.0363,City Road,Clear,Day,42,Male,Bus,54,No,No,No,Signal Jumping,Low,1.0
ACC26089,23-07-2023,21:18,Puducherry,Puducherry,11.4252,79.945,Expressway,Cloudy,Night,39,Male,Bike,95,No,No,No,Over Speeding,High,6.0
ACC26090,26-05-2024,18:18,Kerala,Ernakulam,10.204,76.189,City Road,Clear,Dusk,28,Male,Auto,39,No,No,No,Signal Jumping,Low,0.0
ACC26091,28-06-2023,02:37,Karnataka,Bengaluru Urban,14.8752,75.764,Expressway,Rainy,Night,18,Male,Bus,97,No,Yes,No,Over Speeding,High,3.0
ACC26092,22-07-2024,22:04,Kerala,Ernakulam,10.2342,76.4983,City Road,Clear,Night,44,Male,Bike,53,Yes,No,No,Drunk Driving,Medium,0.0
ACC26093,30-05-2022,18:18,Andhra Pradesh,Vijayawada,16.6251,79.9588,State Highway,Cloudy,Dusk,46,Male,Auto,64,No,No,No,Poor Weather Visibility,Medium,7.0
ACC26094,15-10-2023,07:43,Puducherry,Puducherry,11.9849,79.0435,State Highway,Clear,Day,54,Male,Car,81,No,Yes,No,Over Speeding,Medium,0.0
ACC26095,22-02-2022,09:37,Andhra Pradesh,Nellore,16.3767,79.461,Expressway,Rainy,Day,18,Female,Car,72,No,No,No,Poor Weather Visibility,Medium,1.0
ACC26096,20-01-2023,17:03,Telangana,Warangal,18.1228,78.406,National Highway,Clear,Dusk,30,Male,Bike,92,Yes,Yes,No,Over Speeding,High,9.0
ACC26097,30-10-2024,05:06,Puducherry,Puducherry,11.6391,79.7819,City Road,Cloudy,Dawn,32,Male,Truck,43,No,No,No,Poor Weather Visibility,Low,1.0
ACC26098,17-05-2024,12:54,Andhra Pradesh,Nellore,15.7081,79.7115,National Highway,Cloudy,Day,42,Female,Bike,72,No,No,No,Poor Weather Visibility,High,6.0
ACC26099,13-02-2023,17:27,Telangana,Warangal,17.8442,79.692,Expressway,Clear,Dusk,27,Female,Truck,85,No,No,No,Over Speeding,Medium,3.0
ACC26100,21-08-2024,05:14,Karnataka,Belagavi,15.0519,74.8897,National Highway,Clear,Dawn,50,Male,Car,75,No,No,No,Over Speeding,Low,2.0
ACC26101,07-12-2024,08:32,Kerala,Thrissur,10.6279,76.2976,Expressway,Cloudy,Day,30,Male,Auto,90,Yes,No,Yes,Over Speeding,High,6.0
ACC26102,14-01-2022,20:46,Karnataka,Mangaluru,15.3881,76.0561,Village Road,Cloudy,Night,23,Female,Car,49,Yes,No,Yes,Drunk Driving,High,8.0
ACC26103,09-11-2024,22:38,Tamil Nadu,Tiruchirappalli,11.1257,78.6976,City Road,Cloudy,Night,47,Female,Bike,65,Yes,No,Yes,Drunk Driving,High,7.0
ACC26104,12-02-2023,06:19,Karnataka,Hubballi,15.0362,75.371,City Road,Overcast,Day,61,Male,Bus,48,No,No,No,Poor Weather Visibility,Low,0.0
ACC26105,23-07-2023,20:06,Puducherry,Karaikal,11.9663,79.6781,Village Road,Clear,Night,18,Female,Car,34,No,No,No,Signal Jumping,Low,0.0
ACC26106,18-07-2023,20:34,Karnataka,Mysuru,15.7695,75.8328,City Road,Cloudy,Night,44,Male,Car,44,No,No,No,Poor Weather Visibility,Low,1.0
ACC26107,19-06-2023,20:04,Karnataka,Belagavi,14.9534,74.9272,State Highway,Clear,Night,49,Male,Truck,90,Yes,Yes,No,Over Speeding,High,8.0
ACC26108,14-07-2022,08:42,Andhra Pradesh,Guntur,15.6257,80.6271,City Road,Overcast,Day,28,Male,Car,51,No,No,No,Poor Weather Visibility,Low,0.0
ACC26109,26-06-2024,20:02,Kerala,Thrissur,10.0219,76.348,City Road,Cloudy,Night,48,Male,Car,38,No,No,No,Poor Weather Visibility,Low,1.0
ACC26110,16-03-2023,19:54,Karnataka,Belagavi,14.7523,76.0433,State Highway,Clear,Night,27,Male,Car,53,No,Yes,Yes,Drowsy Driving,Medium,4.0
ACC26111,21-01-2023,12:50,Karnataka,Bengaluru Urban,15.0927,76.175,National Highway,Clear,Day,63,Male,Car,61,No,No,No,Signal Jumping,Low,1.0
ACC26112,06-04-2023,10:48,Tamil Nadu,Tiruchirappalli,11.4095,77.3348,Expressway,Cloudy,Day,35,Female,Bike,61,No,No,No,Poor Weather Visibility,Medium,2.0
ACC26113,09-03-2023,12:49,Tamil Nadu,Salem,10.3641,78.5583,State Highway,Clear,Day,32,Male,Car,84,Yes,No,Yes,Drunk Driving,High,6.0
ACC26114,05-05-2024,00:47,Tamil Nadu,Chennai,10.6923,78.7425,State Highway,Clear,Night,49,Male,Auto,70,Yes,No,No,Drunk Driving,Medium,1.0
ACC26115,11-07-2022,16:40,Karnataka,Bengaluru Urban,15.0835,75.2075,Expressway,Foggy,Day,54,Female,Auto,92,No,No,Yes,Poor Weather Visibility,High,5.0
ACC26116,29-09-2023,21:08,Kerala,Kollam,9.663,76.1064,State Highway,Clear,Night,18,Male,Bike,39,No,No,No,Signal Jumping,Low,0.0
ACC26117,15-12-2022,08:43,Kerala,Thiruvananthapuram,10.0246,77.0212,City Road,Rainy,Day,43,Male,Bus,27,No,Yes,No,Poor Weather Visibility,Low,0.0
ACC26118,26-02-2022,15:03,Andhra Pradesh,Nellore,16.3539,79.8085,City Road,Rainy,Day,46,Male,Auto,44,No,No,No,Poor Weather Visibility,Low,0.0
ACC26119,16-09-2024,21:36,Telangana,Hyderabad,17.3902,79.0044,City Road,Clear,Night,62,Male,Car,47,No,No,No,Poor Weather Visibility,Low,0.0
ACC26120,05-06-2022,12:15,Kerala,Kollam,10.1004,76.3778,State Highway,Clear,Day,41,Male,Auto,67,No,Yes,No,Drowsy Driving,Medium,1.0
ACC26121,08-11-2024,16:51,Karnataka,Hubballi,14.6729,75.5514,National Highway,Cloudy,Day,54,Male,Bus,61,No,No,No,Poor Weather Visibility,Low,0.0
ACC26122,01-06-2023,09:04,Telangana,Khammam,18.3969,79.2332,City Road,Cloudy,Day,52,Male,Car,71,Yes,No,No,Drunk Driving,Medium,5.0
ACC26123,29-09-2024,19:18,Tamil Nadu,Madurai,11.5596,78.9149,Expressway,Cloudy,Night,26,Male,Car,81,No,No,No,Over Speeding,High,4.0
ACC26124,16-12-2024,12:46,Andhra Pradesh,Kurnool,15.8538,79.8591,City Road,Rainy,Day,38,Male,Bus,39,No,No,Yes,Poor Weather Visibility,Low,0.0
ACC26125,19-01-2022,17:30,Tamil Nadu,Tiruchirappalli,11.3837,78.9309,Expressway,Clear,Dusk,27,Female,Bike,90,No,No,No,Over Speeding,High,2.0
ACC26126,10-07-2024,22:12,Kerala,Thiruvananthapuram,10.0889,76.1875,National Highway,Clear,Night,40,Male,Car,79,Yes,No,No,Drunk Driving,High,3.0
ACC26127,10-02-2022,15:25,Puducherry,Karaikal,12.1528,79.1631,Village Road,Overcast,Day,25,Male,Car,43,No,No,Yes,Pothole/Bad Road,Low,
ACC26128,30-08-2023,14:13,Tamil Nadu,Chennai,10.9267,77.9463,Expressway,Rainy,Day,46,Male,Auto,95,Yes,No,No,Over Speeding,High,9.0
ACC26129,01-03-2022,15:09,Telangana,Nizamabad,18.2488,79.0272,City Road,Clear,Day,19,Male,Bus,72,No,No,No,Signal Jumping,Low,1.0
ACC26130,19-02-2022,15:20,Tamil Nadu,Tiruchirappalli,11.0773,78.3795,City Road,Rainy,Day,68,Male,Car,58,No,Yes,No,Poor Weather Visibility,Medium,2.0
ACC26131,29-05-2022,18:56,Andhra Pradesh,Visakhapatnam,16.1947,79.3598,City Road,Rainy,Dusk,37,Male,Auto,42,No,No,Yes,Poor Weather Visibility,Medium,2.0
ACC26132,13-01-2023,16:51,Karnataka,Belagavi,15.6446,76.1221,National Highway,Cloudy,Day,53,Male,Bus,55,No,No,No,Signal Jumping,Low,0.0
ACC26133,17-11-2023,20:04,Kerala,Kollam,11.1125,76.9064,National Highway,Clear,Night,28,Male,Car,70,No,No,No,Over Speeding,Low,1.0
ACC26134,22-01-2022,03:36,Karnataka,Hubballi,14.776,75.5735,City Road,Rainy,Night,44,Male,Bus,51,No,Yes,No,Poor Weather Visibility,Medium,1.0
ACC26135,17-08-2022,17:19,Telangana,Warangal,18.0722,78.6778,City Road,Clear,Dusk,58,Female,Bike,34,No,Yes,No,Drowsy Driving,Low,1.0
ACC26136,01-03-2022,15:57,Kerala,Kozhikode,10.183,75.7154,National Highway,Rainy,Day,52,Female,Bike,70,No,No,No,Poor Weather Visibility,Medium,5.0
ACC26137,30-08-2022,14:47,Kerala,Kozhikode,9.9703,75.8727,City Road,Cloudy,Day,45,Male,Bus,61,No,No,No,Signal Jumping,Low,0.0
ACC26138,02-02-2023,10:00,Kerala,Kozhikode,10.5971,76.9788,Village Road,Clear,Day,18,Male,Car,66,Yes,No,No,Drunk Driving,Medium,3.0
ACC26139,11-09-2022,16:45,Karnataka,Mangaluru,15.1798,75.1511,National Highway,Cloudy,Day,35,Female,Bike,75,Yes,No,No,Drunk Driving,High,7.0
ACC26140,26-02-2022,14:33,Tamil Nadu,Madurai,11.066,78.4096,City Road,Cloudy,Day,51,Male,Car,44,No,No,Yes,Pothole/Bad Road,Low,1.0
ACC26141,09-05-2023,09:12,Karnataka,Belagavi,15.2889,75.7089,National Highway,Clear,Day,62,Female,Bike,82,No,Yes,No,Over Speeding,Medium,1.0