Accident_ID,Date,Time,State,District,Latitude,Longitude,Road_Type,Weather,Light_Condition,Driver_Age,Driver_Gender,Vehicle_Type,Speed_kmph,Alcohol_Involved,Driver_Drowsy,Pothole_Involved,Cause_of_Accident,Severity,Casualties
ACC26142,11-06-2022,07:09,Telangana,Khammam,17.1046,80.4855,City Road,Clear,Day,18,Male,Auto,51,No,No,No,Signal Jumping,Low,1.0
ACC26143,17-07-2024,06:09,Kerala,Thrissur,10.0747,76.1543,City Road,Foggy,Day,29,Male,Bike,27,No,No,No,Poor Weather Visibility,Low,0.0
ACC26144,29-02-2024,13:55,Kerala,Thrissur,9.8976,75.8733,Village Road,Rainy,Day,40,Male,Car,38,No,No,No,Poor Weather Visibility,Low,0.0
ACC26145,23-10-2024,04:36,Andhra Pradesh,Guntur,15.1126,79.1716,State Highway,Cloudy,Night,18,Male,Bike,60,No,No,No,Poor Weather Visibility,Medium,1.0
ACC26146,02-07-2022,21:13,Telangana,Khammam,17.292,79.026,State Highway,Clear,Night,47,Female,Car,60,No,No,No,Over Speeding,Low,0.0
ACC26147,23-01-2022,21:27,Tamil Nadu,Madurai,11.2299,78.7074,Expressway,Clear,Night,50,Male,Bike,76,No,Yes,No,Drowsy Driving,High,3.0
ACC26148,03-05-2023,17:09,Telangana,Hyderabad,17.9965,79.4984,State Highway,Overcast,Dusk,20,Male,Bus,46,No,No,No,Poor Weather Visibility,Low,0.0
ACC26149,28-12-2024,12:01,Telangana,Hyderabad,17.2571,79.7459,Village Road,Clear,Day,28,Male,Car,36,No,No,No,Signal Jumping,Low,0.0
ACC26150,25-12-2023,14:09,Karnataka,Mysuru,15.9706,76.2728,City Road,Clear,Day,23,Female,Auto,63,No,No,No,Signal Jumping,Low,0.0
ACC26151,07-08-2022,18:13,Tamil Nadu,Tiruchirappalli,10.5079,78.6924,State Highway,Foggy,Dusk,50,Male,Bus,77,No,No,No,Poor Weather Visibility,Medium,
ACC26152,16-12-2023,23:54,Telangana,Karimnagar,18.1392,79.3479,Village Road,Clear,Night,62,Male,Car,40,No,No,Yes,Pothole/Bad Road,Low,1.0
ACC26153,29-10-2024,13:09,Karnataka,Bengaluru Urban,15.337,75.314,National Highway,Clear,Day,33,Female,Car,83,No,No,No,Over Speeding,Medium,2.0
ACC26154,13-09-2024,20:42,Tamil Nadu,Coimbatore,11.5095,78.4755,State Highway,Cloudy,Night,48,Male,Bike,81,Yes,No,No,Drunk Driving,High,6.0
ACC26155,22-06-2022,14:22,Tamil Nadu,Madurai,11.4047,78.6037,City Road,Clear,Day,38,Male,Bike,54,No,No,No,Signal Jumping,Medium,3.0
ACC26156,20-10-2023,07:22,Karnataka,Mangaluru,15.2037,76.0663,National Highway,Clear,Day,18,Male,Bike,62,No,No,No,Over Speeding,Low,1.0
ACC26157,20-01-2024,08:17,Tamil Nadu,Salem,10.8112,78.8826,Village Road,Rainy,Day,20,Female,Bike,56,No,No,Yes,Poor Weather Visibility,Medium,3.0
ACC26158,03-08-2023,07:08,Karnataka,Bengaluru Urban,15.0117,75.4303,National Highway,Clear,Day,25,Male,Auto,70,No,No,No,Over Speeding,Medium,
ACC26159,19-02-2023,19:21,Kerala,Thrissur,10.3613,76.2517,National Highway,Cloudy,Night,26,Male,Truck,98,Yes,No,No,Over Speeding,High,12.0
ACC26160,10-05-2024,13:09,Telangana,Nizamabad,17.5486,79.2492,National Highway,Rainy,Day,42,Male,Auto,94,No,No,No,Over Speeding,High,6.0
ACC26161,03-09-2022,14:42,Telangana,Khammam,17.4955,78.6988,Village Road,Rainy,Day,61,Male,Car,42,No,No,No,Poor Weather Visibility,Low,0.0
ACC26162,10-02-2024,15:15,Telangana,Hyderabad,17.6015,78.7051,Village Road,Rainy,Day,53,Male,Bike,32,No,No,No,Poor Weather Visibility,Low,0.0
ACC26163,18-03-2022,19:13,Telangana,Khammam,17.6014,78.545,City Road,Rainy,Night,25,Male,Auto,65,Yes,No,No,Poor Weather Visibility,High,6.0
ACC26164,12-08-2023,19:54,Karnataka,Mysuru,15.1048,75.6766,City Road,Clear,Night,37,Male,Bike,56,No,No,No,Signal Jumping,Low,1.0
ACC26165,15-01-2023,13:30,Telangana,Karimnagar,17.6925,79.5083,City Road,Clear,Day,31,Female,Car,50,No,No,No,Poor Weather Visibility,Low,2.0
ACC26166,20-07-2023,04:09,Andhra Pradesh,Kurnool,15.9293,79.9795,Village Road,Cloudy,Night,26,Male,Bike,43,No,No,No,Poor Weather Visibility,Low,1.0
ACC26167,01-12-2023,09:12,Tamil Nadu,Chennai,11.1993,77.8608,Village Road,Clear,Day,34,Male,Car,34,No,No,Yes,Pothole/Bad Road,Low,
ACC26168,07-04-2023,06:51,Tamil Nadu,Tiruchirappalli,11.4146,78.1388,City Road,Clear,Day,48,Male,Auto,44,No,No,No,Signal Jumping,Low,0.0
ACC26169,24-11-2022,18:09,Tamil Nadu,Salem,11.0207,78.2216,National Highway,Clear,Dusk,37,Male,Auto,70,No,No,No,Over Speeding,Medium,6.0
ACC26170,08-04-2023,14:57,Tamil Nadu,Chennai,11.1352,78.4487,Expressway,Cloudy,Day,18,Male,Bus,79,No,No,No,Over Speeding,High,7.0
ACC26171,06-03-2024,18:15,Tamil Nadu,Coimbatore,11.3219,78.723,Village Road,Clear,Dusk,44,Male,Car,15,No,No,No,Signal Jumping,Low,0.0
ACC26172,27-10-2022,02:49,Karnataka,Belagavi,15.0276,75.3795,National Highway,Cloudy,Night,54,Male,Truck,75,Yes,No,No,Drunk Driving,High,12.0
ACC26173,09-01-2024,08:31,Tamil Nadu,Tiruchirappalli,10.393,78.4146,State Highway,Overcast,Day,50,Male,Auto,66,No,No,No,Signal Jumping,Medium,2.0
ACC26174,03-02-2023,18:41,Karnataka,Mangaluru,15.2579,75.3506,State Highway,Clear,Dusk,43,Female,Car,80,No,No,No,Over Speeding,Medium,1.0
ACC26175,11-07-2022,19:24,Tamil Nadu,Madurai,11.3539,78.7475,City Road,Clear,Night,22,Female,Car,37,No,No,No,Signal Jumping,Low,1.0
ACC26176,15-08-2024,05:12,Andhra Pradesh,Vijayawada,16.128,78.9676,National Highway,Clear,Dawn,53,Male,Car,92,No,No,No,Over Speeding,High,3.0
ACC26177,06-01-2022,21:04,Karnataka,Belagavi,14.9219,75.9231,National Highway,Clear,Night,57,Male,Car,60,No,No,No,Signal Jumping,Medium,1.0
ACC26178,28-12-2022,12:08,Tamil Nadu,Chennai,10.6194,78.7158,City Road,Clear,Day,43,Male,Bus,55,No,Yes,No,Drowsy Driving,Medium,1.0
ACC26179,24-08-2024,19:03,Telangana,Warangal,16.7393,79.2706,National Highway,Rainy,Night,56,Male,Bike,81,No,Yes,No,Poor Weather Visibility,Medium,2.0
ACC26180,19-10-2022,17:30,Karnataka,Bengaluru Urban,15.5343,76.0372,Village Road,Clear,Dusk,52,Male,Bike,37,No,No,No,Signal Jumping,Low,2.0
ACC26181,02-09-2022,02:54,Puducherry,Karaikal,12.2435,80.2158,State Highway,Clear,Night,21,Female,Car,46,No,Yes,Yes,Drowsy Driving,Medium,3.0
ACC26182,28-02-2022,14:25,Andhra Pradesh,Nellore,15.6037,79.4546,State Highway,Clear,Day,54,Male,Car,52,No,No,Yes,Pothole/Bad Road,Low,1.0
ACC26183,03-11-2023,14:37,Tamil Nadu,Chennai,11.0093,78.7606,City Road,Overcast,Day,35,Male,Auto,66,Yes,No,No,Drunk Driving,Medium,5.0
ACC26184,28-05-2022,11:02,Tamil Nadu,Madurai,11.7809,78.7629,City Road,Clear,Day,41,Female,Bus,63,No,No,No,Over Speeding,Medium,4.0
ACC26185,25-12-2024,13:05,Telangana,Warangal,18.3077,79.0052,National Highway,Clear,Day,47,Male,Car,78,No,No,No,Over Speeding,Low,2.0
ACC26186,07-05-2024,13:58,Karnataka,Hubballi,15.1928,74.8536,Village Road,Rainy,Day,44,Male,Truck,38,No,No,No,Poor Weather Visibility,Low,1.0
ACC26187,09-01-2022,17:19,Tamil Nadu,Salem,11.1318,78.4428,State Highway,Cloudy,Dusk,18,Male,Car,57,No,No,No,Poor Weather Visibility,Medium,1.0
ACC26188,15-10-2024,13:53,Andhra Pradesh,Nellore,16.3107,80.1395,Expressway,Foggy,Day,24,Male,Bus,75,No,No,No,Poor Weather Visibility,Medium,5.0
ACC26189,04-04-2023,04:45,Tamil Nadu,Coimbatore,11.7044,78.0497,National Highway,Cloudy,Night,43,Male,Auto,61,No,No,No,Poor Weather Visibility,Medium,7.0
ACC26190,30-08-2023,21:34,Tamil Nadu,Tiruchirappalli,10.6881,79.057,City Road,Cloudy,Night,37,Male,Bus,57,No,No,No,Poor Weather Visibility,Low,0.0
ACC26191,01-05-2023,08:22,Andhra Pradesh,Nellore,15.9533,80.3174,City Road,Rainy,Day,30,Male,Auto,47,No,No,Yes,Poor Weather Visibility,Low,0.0
ACC26192,23-01-2022,07:54,Karnataka,Bengaluru Urban,15.4523,75.8578,Village Road,Cloudy,Day,18,Male,Bike,22,No,No,No,Signal Jumping,Low,1.0
ACC26193,26-11-2024,13:12,Andhra Pradesh,Kurnool,16.0249,79.1779,National Highway,Rainy,Day,30,Male,Auto,92,No,No,No,Over Speeding,High,7.0
ACC26194,23-10-2024,13:31,Kerala,Thrissur,10.3781,76.3654,Expressway,Clear,Day,54,Female,Bike,72,No,No,No,Over Speeding,Medium,3.0
ACC26195,16-02-2022,13:12,Tamil Nadu,Salem,10.9852,78.9411,State Highway,Cloudy,Day,20,Male,Bus,72,No,Yes,No,Drowsy Driving,Medium,4.0
ACC26196,28-06-2024,20:05,Telangana,Nizamabad,17.7666,78.7352,National Highway,Foggy,Night,35,Male,Truck,88,No,Yes,Yes,Poor Weather Visibility,High,10.0
ACC26197,16-08-2023,21:09,Karnataka,Bengaluru Urban,14.8724,76.5223,State Highway,Clear,Night,32,Male,Bike,105,Yes,No,No,Over Speeding,High,7.0
ACC26198,14-07-2022,18:13,Andhra Pradesh,Kurnool,16.0831,79.8075,Village Road,Cloudy,Dusk,18,Male,Auto,41,No,No,No,Poor Weather Visibility,Medium,0.0
ACC26199,25-02-2023,08:58,Andhra Pradesh,Vijayawada,15.9743,80.2259,State Highway,Clear,Day,36,Male,Bike,76,No,No,No,Over Speeding,Medium,3.0
ACC26200,01-04-2023,20:03,Karnataka,Mangaluru,15.4496,76.3829,State Highway,Rainy,Night,34,Male,Bike,73,No,Yes,No,Poor Weather Visibility,Medium,3.0
ACC26201,19-12-2022,15:28,Telangana,Khammam,17.636,79.7508,State Highway,Clear,Day,18,Male,Car,77,No,No,No,Over Speeding,Low,
ACC26202,04-04-2022,17:40,Tamil Nadu,Tiruchirappalli,11.2057,79.1447,National Highway,Cloudy,Dusk,49,Male,Car,79,No,No,No,Over Speeding,Medium,3.0
ACC26203,26-07-2023,06:47,Karnataka,Bengaluru Urban,15.3571,75.1287,City Road,Rainy,Day,27,Female,Bus,41,No,No,No,Poor Weather Visibility,Low,1.0
ACC26204,03-07-2023,15:01,Telangana,Warangal,18.1792,78.3139,Expressway,Rainy,Day,53,Male,Auto,103,No,No,Yes,Over Speeding,High,3.0
ACC26205,16-08-2023,12:00,Tamil Nadu,Coimbatore,10.9651,79.3501,City Road,Clear,Day,25,Male,Bike,60,No,No,No,Signal Jumping,Low,1.0
ACC26206,30-04-2024,19:56,Karnataka,Belagavi,15.0597,76.8817,State Highway,Rainy,Night,53,Male,Car,64,No,No,No,Poor Weather Visibility,Medium,3.0
ACC26207,01-01-2023,13:45,Telangana,Warangal,17.2202,79.2173,City Road,Foggy,Day,37,Male,Bike,50,No,No,No,Poor Weather Visibility,Low,2.0
ACC26208,09-09-2022,18:21,Karnataka,Bengaluru Urban,15.2227,75.784,State Highway,Clear,Dusk,58,Male,Bike,69,No,No,No,Over Speeding,Medium,2.0
ACC26209,16-09-2022,18:07,Karnataka,Mangaluru,15.6551,76.1165,State Highway,Clear,Dusk,21,Male,Bike,71,No,No,No,Over Speeding,Medium,1.0
ACC26210,11-10-2024,07:16,Tamil Nadu,Coimbatore,10.7778,78.2793,Village Road,Rainy,Day,25,Male,Bike,43,Yes,No,No,Poor Weather Visibility,Low,4.0
ACC26211,28-03-2022,07:13,Andhra Pradesh,Kurnool,16.0933,79.824,City Road,Clear,Day,56,Male,Bike,24,No,No,No,Signal Jumping,Low,
ACC26212,20-05-2024,21:55,Kerala,Ernakulam,10.5865,76.0542,City Road,Rainy,Night,50,Male,Truck,54,No,No,No,Poor Weather Visibility,Medium,5.0
ACC26213,22-04-2024,21:40,Karnataka,Mysuru,15.4349,75.6264,Village Road,Overcast,Night,38,Male,Car,35,No,No,Yes,Pothole/Bad Road,Medium,0.0
ACC26214,26-01-2023,02:38,Telangana,Warangal,18.2873,79.4506,State Highway,Overcast,Night,42,Male,Truck,74,Yes,No,No,Drunk Driving,High,
ACC26215,15-06-2024,09:41,Andhra Pradesh,Nellore,15.7306,79.7045,City Road,Cloudy,Day,49,Male,Bike,46,No,No,Yes,Pothole/Bad Road,Low,2.0
ACC26216,07-09-2022,19:02,Tamil Nadu,Chennai,11.145,78.7867,State Highway,Clear,Night,26,Female,Truck,73,No,Yes,Yes,Drowsy Driving,Medium,2.0
ACC26217,23-09-2023,19:41,Puducherry,Puducherry,11.7536,78.8124,Village Road,Overcast,Night,55,Male,Auto,33,Yes,No,No,Drunk Driving,Low,1.0
ACC26218,25-09-2022,16:12,Andhra Pradesh,Vijayawada,15.2334,79.5709,National Highway,Clear,Day,42,Male,Car,61,No,No,No,Signal Jumping,Low,1.0
ACC26219,10-11-2023,01:55,Telangana,Nizamabad,17.629,79.2764,State Highway,Clear,Night,47,Male,Car,75,No,No,No,Over Speeding,Medium,
ACC26220,13-05-2022,18:30,Kerala,Kozhikode,10.1015,76.231,City Road,Cloudy,Dusk,18,Male,Car,43,No,No,No,Poor Weather Visibility,Low,1.0
ACC26221,22-07-2024,13:36,Puducherry,Puducherry,11.1792,79.3152,Village Road,Cloudy,Day,45,Male,Bus,60,No,No,No,Poor Weather Visibility,Medium,1.0
ACC26222,18-02-2024,20:51,Karnataka,Hubballi,15.526,75.364,City Road,Foggy,Night,35,Male,Car,87,No,Yes,No,Poor Weather Visibility,High,5.0
ACC26223,19-09-2023,10:17,Karnataka,Bengaluru Urban,14.9397,75.7936,City Road,Cloudy,Day,47,Male,Bike,41,No,No,No,Poor Weather Visibility,Low,0.0
ACC26224,06-04-2024,07:59,Kerala,Kozhikode,9.5533,76.2705,State Highway,Clear,Day,48,Female,Auto,51,No,No,Yes,Pothole/Bad Road,Medium,3.0
ACC26225,19-05-2023,17:32,Karnataka,Bengaluru Urban,14.7835,75.1835,City Road,Overcast,Dusk,50,Male,Bus,39,No,No,No,Poor Weather Visibility,Low,0.0
ACC26226,07-11-2022,20:34,Kerala,Kozhikode,10.9565,75.9883,City Road,Clear,Night,49,Female,Car,61,No,Yes,No,Drowsy Driving,Medium,3.0
ACC26227,27-08-2023,19:25,Telangana,Karimnagar,18.0986,79.2673,National Highway,Cloudy,Night,34,Male,Bus,62,No,Yes,No,Drowsy Driving,High,9.0
ACC26228,22-11-2023,19:29,Andhra Pradesh,Visakhapatnam,16.0112,79.8251,State Highway,Clear,Night,38,Male,Bike,69,No,Yes,Yes,Drowsy Driving,Medium,2.0
ACC26229,28-12-2023,16:19,Tamil Nadu,Madurai,11.2743,78.8399,State Highway,Clear,Day,38,Male,Bike,59,No,No,Yes,Pothole/Bad Road,Low,0.0
ACC26230,18-01-2022,21:07,Andhra Pradesh,Visakhapatnam,16.0815,79.2347,State Highway,Cloudy,Night,30,Male,Bike,64,No,No,No,Poor Weather Visibility,Medium,
ACC26231,10-09-2022,15:41,Tamil Nadu,Tiruchirappalli,11.4313,78.8254,City Road,Cloudy,Day,55,Male,Bike,44,No,No,No,Poor Weather Visibility,Low,1.0
ACC26232,27-10-2024,17:41,Tamil Nadu,Tiruchirappalli,11.0184,78.8951,State Highway,Clear,Dusk,27,Female,Car,89,Yes,No,No,Over Speeding,High,4.0
ACC26233,17-04-2023,01:30,Karnataka,Belagavi,15.3768,76.1148,National Highway,Clear,Night,24,Male,Auto,62,No,Yes,No,Drowsy Driving,Medium,1.0
ACC26234,15-05-2024,19:43,Andhra Pradesh,Guntur,15.1227,79.5367,State Highway,Clear,Night,27,Male,Bike,58,No,No,No,Poor Weather Visibility,Medium,4.0
ACC26235,02-04-2024,06:59,Tamil Nadu,Chennai,11.1577,78.9441,Village Road,Rainy,Day,35,Male,Bus,39,No,Yes,Yes,Poor Weather Visibility,Medium,1.0
ACC26236,08-06-2023,09:50,Kerala,Thiruvananthapuram,10.5071,75.7349,City Road,Overcast,Day,37,Female,Car,34,No,No,Yes,Pothole/Bad Road,Low,0.0
ACC26237,24-07-2023,09:24,Kerala,Kollam,10.4294,76.64,National Highway,Rainy,Day,33,Male,Car,69,No,No,No,Poor Weather Visibility,Medium,2.0
ACC26238,02-11-2024,05:31,Telangana,Nizamabad,18.1785,78.4457,National Highway,Overcast,Dawn,48,Male,Bike,56,No,No,Yes,Pothole/Bad Road,Low,1.0
ACC26239,05-11-2024,20:37,Karnataka,Belagavi,15.6813,75.47,City Road,Clear,Night,25,Female,Bike,60,Yes,No,No,Drunk Driving,High,8.0
ACC26240,06-07-2022,05:39,Telangana,Nizamabad,17.4836,78.829,City Road,Clear,Dawn,45,Female,Car,47,No,No,No,Poor Weather Visibility,Low,1.0
ACC26241,13-05-2023,19:00,Karnataka,Belagavi,15.5135,75.1804,Expressway,Cloudy,Night,18,Male,Bus,108,Yes,Yes,No,Over Speeding,High,11.0
ACC26242,05-04-2022,12:23,Telangana,Nizamabad,18.3031,78.4657,Village Road,Rainy,Day,23,Male,Bike,53,No,No,Yes,Poor Weather Visibility,Medium,1.0
ACC26243,12-03-2022,15:58,Andhra Pradesh,Nellore,15.7397,79.6037,State Highway,Clear,Day,48,Male,Bike,71,No,No,No,Over Speeding,Medium,2.0
ACC26244,06-02-2023,08:14,Andhra Pradesh,Nellore,15.6447,80.109,Expressway,Rainy,Day,22,Female,Bike,71,No,No,No,Poor Weather Visibility,Medium,3.0
ACC26245,30-06-2023,05:51,Karnataka,Belagavi,15.1379,76.2266,National Highway,Clear,Dawn,27,Male,Truck,56,No,No,Yes,Pothole/Bad Road,Low,1.0
ACC26246,18-06-2023,12:03,Tamil Nadu,Coimbatore,11.8982,78.7626,Expressway,Clear,Day,32,Male,Bike,91,No,No,No,Over Speeding,Medium,5.0
ACC26247,26-01-2022,18:15,Karnataka,Belagavi,15.395,75.5234,City Road,Rainy,Dusk,21,Male,Car,60,No,No,No,Poor Weather Visibility,Medium,1.0
ACC26248,16-08-2024,14:11,Kerala,Kozhikode,9.9509,76.4067,Village Road,Clear,Day,18,Male,Car,42,No,Yes,Yes,Drowsy Driving,Low,0.0
ACC26249,24-08-2024,11:48,Kerala,Kollam,10.4913,76.6075,Village Road,Rainy,Day,23,Female,Bike,40,Yes,No,No,Poor Weather Visibility,Medium,3.0
ACC26250,06-04-2023,22:19,Tamil Nadu,Madurai,11.5249,78.3881,City Road,Clear,Night,40,Female,Auto,36,No,No,No,Signal Jumping,Low,2.0
ACC26251,24-07-2022,17:18,Kerala,Kollam,9.9486,76.5738,State Highway,Clear,Dusk,42,Male,Car,75,No,No,No,Over Speeding,Low,3.0
ACC26252,27-02-2022,18:27,Telangana,Karimnagar,18.7534,79.1561,City Road,Foggy,Dusk,46,Male,Bike,47,No,No,No,Poor Weather Visibility,Low,4.0
ACC26253,22-11-2024,21:19,Telangana,Khammam,18.5585,79.3887,City Road,Clear,Night,51,Female,Bike,48,No,Yes,No,Drowsy Driving,Medium,1.0
ACC26254,29-09-2024,22:02,Karnataka,Belagavi,15.3732,75.9133,Village Road,Cloudy,Night,54,Male,Auto,31,No,No,No,Poor Weather Visibility,Low,2.0
ACC26255,27-05-2022,13:26,Kerala,Thiruvananthapuram,10.203,76.4027,National Highway,Clear,Day,49,Male,Auto,63,No,No,No,Signal Jumping,Medium,2.0
ACC26256,07-07-2023,23:37,Telangana,Nizamabad,18.0155,79.4905,Expressway,Rainy,Night,47,Male,Car,94,No,No,No,Over Speeding,High,5.0
ACC26257,28-08-2024,09:36,Puducherry,Puducherry,12.2373,79.1538,City Road,Cloudy,Day,51,Female,Auto,56,No,No,No,Poor Weather Visibility,Low,1.0
ACC26258,08-04-2024,16:13,Karnataka,Bengaluru Urban,16.0646,75.2498,City Road,Clear,Day,50,Male,Auto,39,No,No,Yes,Pothole/Bad Road,Low,0.0
ACC26259,12-04-2024,19:20,Kerala,Kollam,10.0313,76.2187,City Road,Overcast,Night,36,Male,Auto,48,No,Yes,No,Drowsy Driving,Medium,
ACC26260,15-12-2024,22:02,Kerala,Kozhikode,9.9425,75.0459,State Highway,Cloudy,Night,54,Male,Bike,54,No,No,Yes,Pothole/Bad Road,Medium,3.0
ACC26261,28-07-2023,09:43,Kerala,Thrissur,10.1795,76.3845,Expressway,Foggy,Day,28,Male,Bike,78,Yes,No,No,Poor Weather Visibility,High,9.0
ACC26262,03-12-2022,14:07,Karnataka,Belagavi,15.073,76.0642,National Highway,Clear,Day,36,Male,Bike,79,No,No,No,Over Speeding,Medium,4.0
ACC26263,20-08-2022,17:23,Andhra Pradesh,Vijayawada,16.2345,79.7278,Village Road,Rainy,Dusk,22,Female,Truck,51,No,Yes,No,Poor Weather Visibility,Medium,3.0
ACC26264,10-03-2024,16:43,Kerala,Ernakulam,10.8198,77.7888,State Highway,Clear,Day,35,Male,Bike,69,No,Yes,No,Drowsy Driving,Medium,6.0
ACC26265,02-04-2022,23:55,Kerala,Thiruvananthapuram,9.6626,76.3537,Expressway,Cloudy,Night,51,Male,Car,85,No,No,No,Over Speeding,High,4.0
ACC26266,17-11-2024,23:33,Tamil Nadu,Salem,11.5619,78.7145,City Road,Cloudy,Night,23,Male,Truck,49,No,Yes,No,Drowsy Driving,Medium,2.0
ACC26267,17-08-2023,22:11,Telangana,Karimnagar,17.8698,78.9446,Village Road,Rainy,Night,32,Male,Car,21,No,Yes,No,Poor Weather Visibility,Low,0.0
ACC26268,13-10-2024,08:35,Karnataka,Bengaluru Urban,15.3407,75.7408,Village Road,Overcast,Day,18,Male,Bike,28,No,No,Yes,Pothole/Bad Road,Low,2.0
ACC26269,24-09-2024,15:33,Andhra Pradesh,Vijayawada,15.6788,79.6561,National Highway,Cloudy,Day,39,Female,Bike,76,No,No,Yes,Pothole/Bad Road,High,9.0
ACC26270,07-04-2024,06:14,Karnataka,Bengaluru Urban,15.4266,75.5341,National Highway,Cloudy,Day,54,Male,Auto,81,Yes,Yes,No,Drunk Driving,High,8.0
ACC26271,09-03-2024,10:14,Tamil Nadu,Tiruchirappalli,11.5777,79.0508,National Highway,Cloudy,Day,29,Male,Bike,50,No,No,No,Poor Weather Visibility,Low,3.0
ACC26272,29-08-2024,15:32,Telangana,Khammam,18.2171,79.3071,Village Road,Cloudy,Day,39,Female,Bus,43,No,Yes,Yes,Drowsy Driving,Low,0.0
ACC26273,20-01-2022,16:16,Kerala,Kozhikode,9.363,75.992,Expressway,Cloudy,Day,25,Male,Bus,101,No,Yes,No,Over Speeding,High,8.0
ACC26274,20-01-2024,10:43,Tamil Nadu,Coimbatore,11.4809,78.9075,National Highway,Rainy,Day,34,Male,Bike,74,No,No,No,Poor Weather Visibility,Medium,2.0
ACC26275,22-06-2022,17:47,Karnataka,Hubballi,15.5643,75.555,City Road,Clear,Dusk,51,Male,Auto,38,No,No,No,Signal Jumping,Low,4.0
ACC26276,15-04-2024,07:38,Tamil Nadu,Chennai,10.8347,78.3437,City Road,Foggy,Day,38,Male,Bus,85,No,Yes,Yes,Poor Weather Visibility,High,12.0
ACC26277,20-02-2024,13:49,Telangana,Khammam,18.2175,79.57,Expressway,Rainy,Day,25,Male,Bike,81,No,No,No,Poor Weather Visibility,Medium,3.0
ACC26278,10-06-2022,17:47,Kerala,Thrissur,10.1535,76.0863,Expressway,Rainy,Dusk,39,Male,Car,72,No,No,No,Poor Weather Visibility,Medium,3.0
ACC26279,28-09-2022,07:13,Tamil Nadu,Coimbatore,10.6504,79.2602,City Road,Rainy,Day,30,Female,Bike,58,No,No,Yes,Poor Weather Visibility,Medium,2.0
ACC26280,11-10-2023,19:34,Telangana,Warangal,18.8987,79.2256,State Highway,Cloudy,Night,18,Female,Bike,46,No,No,No,Poor Weather Visibility,Low,1.0
ACC26281,10-08-2023,12:45,Andhra Pradesh,Visakhapatnam,16.3011,79.9415,National Highway,Overcast,Day,53,Male,Car,64,No,No,No,Poor Weather Visibility,Low,1.0
ACC26282,13-05-2023,16:13,Karnataka,Hubballi,15.1644,75.7858,City Road,Rainy,Day,33,Female,Car,32,No,No,No,Poor Weather Visibility,Low,2.0
ACC26283,16-04-2024,10:37,Kerala,Thiruvananthapuram,10.7147,76.1183,Expressway,Overcast,Day,26,Male,Auto,72,No,No,No,Poor Weather Visibility,Medium,3.0
ACC26284,16-01-2024,17:37,Tamil Nadu,Tiruchirappalli,10.9583,78.7247,State Highway,Clear,Dusk,35,Male,Bike,59,No,No,Yes,Pothole/Bad Road,Medium,4.0
ACC26285,23-10-2022,16:04,Andhra Pradesh,Kurnool,15.847,79.8293,State Highway,Cloudy,Day,52,Male,Bike,38,No,No,No,Poor Weather Visibility,Low,1.0
ACC26286,20-04-2024,12:42,Karnataka,Bengaluru Urban,15.7606,75.8118,National Highway,Cloudy,Day,21,Male,Bike,113,Yes,No,No,Over Speeding,High,6.0
ACC26287,14-09-2023,05:11,Telangana,Khammam,17.7024,78.6479,National Highway,Clear,Dawn,63,Female,Auto,73,No,Yes,No,Drowsy Driving,Medium,4.0
ACC26288,20-11-2024,17:23,Tamil Nadu,Chennai,11.0642,78.2052,Expressway,Cloudy,Dusk,42,Male,Bike,70,No,No,No,Poor Weather Visibility,Medium,4.0
ACC26289,05-03-2024,11:54,Karnataka,Mysuru,14.9247,75.119,Village Road,Cloudy,Day,18,Male,Bus,50,No,Yes,Yes,Drowsy Driving,Low,0.0
ACC26290,09-01-2022,19:33,Kerala,Thrissur,10.6678,76.59,Village Road,Cloudy,Night,45,Male,Bike,48,No,No,Yes,Pothole/Bad Road,Medium,6.0
ACC26291,07-09-2024,16:15,Telangana,Karimnagar,18.3207,79.0146,Village Road,Clear,Day,55,Male,Bike,36,Yes,No,No,Drunk Driving,Low,1.0
ACC26292,25-01-2022,17:56,Tamil Nadu,Coimbatore,10.7739,78.6103,National Highway,Clear,Dusk,28,Female,Auto,61,No,No,No,Over Speeding,Low,1.0
ACC26293,24-06-2024,10:45,Puducherry,Karaikal,11.9916,79.5374,National Highway,Clear,Day,58,Male,Car,64,Yes,No,No,Drunk Driving,Medium,4.0
ACC26294,03-04-2023,16:26,Tamil Nadu,Salem,11.2192,78.4264,National Highway,Clear,Day,26,Female,Bike,56,No,No,No,Poor Weather Visibility,Low,2.0
ACC26295,17-06-2023,20:47,Tamil Nadu,Tiruchirappalli,11.0032,78.7886,City Road,Clear,Night,42,Male,Car,46,No,No,No,Signal Jumping,Low,0.0
ACC26296,06-12-2022,10:23,Kerala,Kozhikode,10.5144,76.6383,State Highway,Rainy,Day,26,Male,Car,47,No,No,No,Poor Weather Visibility,Low,2.0
ACC26297,18-12-2022,18:13,Kerala,Thiruvananthapuram,10.1592,76.1387,State Highway,Clear,Dusk,48,Female,Bike,74,No,No,No,Over Speeding,Medium,4.0
ACC26298,05-10-2022,21:26,Kerala,Ernakulam,10.4895,76.5599,City Road,Rainy,Night,36,Male,Car,53,Yes,No,No,Poor Weather Visibility,Medium,2.0