Accident_ID,Date,Time,State,District,Latitude,Longitude,Road_Type,Weather,Light_Condition,Driver_Age,Driver_Gender,Vehicle_Type,Speed_kmph,Alcohol_Involved,Driver_Drowsy,Pothole_Involved,Cause_of_Accident,Severity,Casualties
ACC26299,12-05-2023,19:46,Tamil Nadu,Chennai,10.5695,78.3934,City Road,Rainy,Night,50,Male,Auto,30,No,No,No,Poor Weather Visibility,Low,0.0
ACC26300,29-10-2023,12:58,Andhra Pradesh,Nellore,15.9227,79.6076,Village Road,Clear,Day,29,Male,Car,39,No,No,No,Signal Jumping,Low,0.0
ACC26301,21-05-2024,08:58,Andhra Pradesh,Kurnool,15.9885,80.2066,National Highway,Clear,Day,34,Male,Auto,62,No,No,No,Over Speeding,Medium,4.0
ACC26302,14-08-2022,15:40,Andhra Pradesh,Visakhapatnam,15.7382,79.2079,Village Road,Cloudy,Day,23,Male,Bike,34,No,No,Yes,Pothole/Bad Road,Low,3.0
ACC26303,11-09-2024,09:22,Telangana,Warangal,17.3808,78.8344,National Highway,Clear,Day,30,Male,Bike,51,No,No,No,Signal Jumping,Low,2.0
ACC26304,29-10-2023,18:11,Karnataka,Bengaluru Urban,15.4333,75.4852,City Road,Rainy,Dusk,29,Female,Bike,52,No,No,No,Poor Weather Visibility,Low,1.0
ACC26305,01-03-2022,22:24,Karnataka,Mysuru,15.2581,76.0302,State Highway,Clear,Night,31,Male,Truck,59,No,No,Yes,Pothole/Bad Road,Low,2.0
ACC26306,06-05-2023,12:12,Karnataka,Mangaluru,15.2686,75.5409,City Road,Clear,Day,18,Male,Bike,57,No,No,No,Signal Jumping,Low,1.0
ACC26307,07-02-2024,20:25,Telangana,Karimnagar,17.6635,80.059,State Highway,Overcast,Night,29,Male,Car,73,Yes,Yes,No,Drunk Driving,High,5.0
ACC26308,04-09-2024,15:52,Tamil Nadu,Salem,11.2183,78.6383,City Road,Clear,Day,28,Male,Car,44,No,No,No,Signal Jumping,Low,0.0
ACC26309,01-12-2024,10:54,Telangana,Khammam,17.6803,78.9507,State Highway,Clear,Day,63,Female,Car,80,Yes,No,No,Drunk Driving,High,12.0
ACC26310,31-05-2022,06:52,Telangana,Warangal,17.6213,78.4793,National Highway,Overcast,Day,24,Male,Car,59,No,No,No,Poor Weather Visibility,Medium,6.0
ACC26311,14-12-2022,00:15,Kerala,Ernakulam,10.6558,76.7952,State Highway,Rainy,Night,24,Male,Car,53,No,No,No,Poor Weather Visibility,Medium,8.0
ACC26312,19-01-2024,16:08,Karnataka,Hubballi,15.3484,76.4594,Expressway,Cloudy,Day,18,Female,Car,59,Yes,No,No,Drunk Driving,Medium,1.0
ACC26313,03-12-2023,23:58,Karnataka,Belagavi,15.0332,76.2378,City Road,Clear,Night,21,Male,Car,69,No,Yes,No,Drowsy Driving,Medium,2.0
ACC26314,23-12-2023,08:33,Telangana,Khammam,18.1305,78.1418,Village Road,Clear,Day,47,Male,Bike,32,No,No,Yes,Pothole/Bad Road,Low,0.0
ACC26315,05-04-2024,22:30,Puducherry,Puducherry,10.9977,79.37,Village Road,Clear,Night,18,Male,Truck,33,No,Yes,No,Drowsy Driving,Low,0.0
ACC26316,03-02-2022,14:46,Tamil Nadu,Chennai,11.1357,78.7689,National Highway,Overcast,Day,37,Male,Auto,59,No,No,No,Poor Weather Visibility,Medium,3.0
ACC26317,18-07-2024,08:31,Telangana,Hyderabad,18.4085,78.873,State Highway,Clear,Day,32,Male,Car,59,No,No,No,Signal Jumping,Low,0.0
ACC26318,25-07-2022,12:53,Telangana,Khammam,17.7267,78.0627,State Highway,Foggy,Day,46,Male,Bike,63,No,Yes,No,Poor Weather Visibility,Medium,2.0
ACC26319,12-10-2022,19:13,Karnataka,Bengaluru Urban,15.2738,75.7533,Expressway,Clear,Night,58,Male,Car,85,No,No,No,Over Speeding,Medium,2.0
ACC26320,20-11-2022,01:55,Karnataka,Belagavi,15.4281,75.526,City Road,Clear,Night,43,Male,Bus,44,No,No,No,Signal Jumping,Low,0.0
ACC26321,10-02-2023,10:44,Tamil Nadu,Salem,11.1097,78.4849,Village Road,Overcast,Day,48,Female,Bike,23,No,No,No,Poor Weather Visibility,Low,0.0
ACC26322,11-11-2023,15:31,Karnataka,Hubballi,15.0264,75.5659,Village Road,Overcast,Day,18,Male,Bike,48,Yes,No,No,Drunk Driving,Medium,
ACC26323,01-04-2023,14:11,Kerala,Thrissur,11.0953,76.4655,National Highway,Foggy,Day,42,Female,Bike,69,No,No,No,Poor Weather Visibility,Medium,2.0
ACC26324,07-04-2022,15:02,Kerala,Kozhikode,9.9608,76.3646,City Road,Clear,Day,46,Male,Bike,49,No,No,No,Signal Jumping,Low,0.0
ACC26325,13-08-2023,13:25,Andhra Pradesh,Visakhapatnam,16.6681,79.6935,National Highway,Rainy,Day,19,Female,Bus,80,No,No,No,Poor Weather Visibility,High,9.0
ACC26326,16-11-2024,00:15,Telangana,Warangal,17.9076,78.6157,State Highway,Clear,Night,24,Male,Car,80,No,No,No,Over Speeding,Medium,4.0
ACC26327,28-11-2023,19:11,Karnataka,Hubballi,16.6379,75.7449,State Highway,Clear,Night,42,Male,Car,63,No,Yes,No,Drowsy Driving,Medium,0.0
ACC26328,20-11-2024,06:08,Karnataka,Mangaluru,15.4629,75.4898,State Highway,Cloudy,Day,39,Male,Car,58,No,No,No,Poor Weather Visibility,Low,1.0
ACC26329,22-11-2023,05:36,Tamil Nadu,Chennai,11.5803,78.9369,Expressway,Clear,Dawn,37,Male,Car,79,No,No,No,Over Speeding,Low,1.0
ACC26330,01-06-2023,13:03,Karnataka,Mangaluru,15.6751,75.5031,Village Road,Cloudy,Day,43,Male,Car,40,No,No,Yes,Pothole/Bad Road,Low,1.0
ACC26331,16-01-2023,15:26,Tamil Nadu,Chennai,11.3231,78.7968,National Highway,Clear,Day,21,Male,Bike,73,No,No,No,Over Speeding,Medium,2.0
ACC26332,30-05-2023,15:21,Andhra Pradesh,Visakhapatnam,15.995,79.1114,State Highway,Rainy,Day,34,Male,Bike,62,No,No,No,Poor Weather Visibility,Medium,5.0
ACC26333,10-08-2022,20:28,Tamil Nadu,Salem,10.2785,78.5517,City Road,Clear,Night,27,Male,Auto,63,No,No,No,Over Speeding,High,3.0
ACC26334,25-03-2022,04:26,Andhra Pradesh,Visakhapatnam,16.162,79.3313,National Highway,Cloudy,Night,18,Male,Bike,55,No,No,No,Poor Weather Visibility,Low,0.0
ACC26335,23-09-2023,07:37,Tamil Nadu,Coimbatore,10.8287,78.7259,City Road,Clear,Day,28,Male,Auto,51,No,No,No,Signal Jumping,Low,0.0
ACC26336,06-04-2022,06:55,Telangana,Khammam,17.8896,79.0377,City Road,Clear,Day,41,Male,Car,51,No,No,No,Signal Jumping,Low,2.0
ACC26337,19-10-2024,21:25,Telangana,Hyderabad,17.726,79.2853,City Road,Rainy,Night,30,Male,Car,41,Yes,No,No,Poor Weather Visibility,Low,4.0
ACC26338,30-11-2023,08:27,Kerala,Kollam,10.2642,76.3844,City Road,Rainy,Day,25,Male,Truck,39,No,No,No,Poor Weather Visibility,Low,2.0
ACC26339,15-05-2023,13:35,Puducherry,Karaikal,11.6184,79.4747,City Road,Clear,Day,36,Male,Bike,36,No,No,No,Signal Jumping,Low,1.0
ACC26340,04-06-2023,15:04,Karnataka,Belagavi,15.3488,75.6051,City Road,Clear,Day,36,Male,Bus,50,No,No,No,Signal Jumping,Low,1.0
ACC26341,25-06-2023,18:16,Karnataka,Belagavi,15.0397,75.53,State Highway,Rainy,Dusk,39,Male,Auto,52,No,No,No,Poor Weather Visibility,Medium,1.0
ACC26342,15-08-2022,11:44,Tamil Nadu,Chennai,11.2256,78.2866,City Road,Clear,Day,35,Male,Auto,50,No,No,No,Signal Jumping,Low,
ACC26343,13-12-2024,15:30,Kerala,Kollam,10.8194,76.9103,National Highway,Cloudy,Day,43,Male,Bus,65,No,Yes,No,Drowsy Driving,Medium,2.0
ACC26344,17-03-2022,17:27,Karnataka,Mangaluru,15.6683,76.3491,Village Road,Clear,Dusk,48,Male,Bike,31,No,No,No,Signal Jumping,Low,1.0
ACC26345,21-05-2023,00:08,Puducherry,Puducherry,12.5164,79.807,National Highway,Clear,Night,27,Male,Auto,91,No,No,No,Over Speeding,High,4.0
ACC26346,23-10-2024,06:42,Kerala,Ernakulam,10.0961,77.2216,National Highway,Overcast,Day,35,Female,Auto,82,No,No,No,Over Speeding,Medium,4.0
ACC26347,17-12-2023,16:34,Tamil Nadu,Chennai,10.9682,78.2992,National Highway,Rainy,Day,19,Male,Bike,74,No,No,No,Poor Weather Visibility,High,3.0
ACC26348,06-02-2024,07:41,Tamil Nadu,Salem,10.787,78.4268,State Highway,Clear,Day,18,Male,Bus,50,No,No,Yes,Pothole/Bad Road,Low,
ACC26349,05-01-2024,22:57,Andhra Pradesh,Guntur,16.1485,79.4686,State Highway,Cloudy,Night,18,Male,Bike,69,No,No,Yes,Pothole/Bad Road,High,0.0
ACC26350,21-05-2024,16:54,Telangana,Khammam,18.6669,79.227,City Road,Clear,Day,55,Male,Car,64,Yes,No,Yes,Drunk Driving,Medium,1.0
ACC26351,17-08-2023,22:50,Kerala,Ernakulam,10.4417,76.2515,National Highway,Cloudy,Night,52,Female,Bike,57,No,No,No,Poor Weather Visibility,Medium,1.0
ACC26352,05-04-2022,19:25,Puducherry,Puducherry,11.8605,79.2539,State Highway,Clear,Night,48,Male,Car,65,Yes,No,No,Drunk Driving,Medium,4.0
ACC26353,20-09-2024,12:23,Telangana,Karimnagar,17.2147,79.8531,State Highway,Rainy,Day,50,Female,Truck,67,Yes,No,No,Poor Weather Visibility,High,2.0
ACC26354,09-08-2023,18:39,Andhra Pradesh,Vijayawada,14.9696,79.219,National Highway,Clear,Dusk,40,Male,Auto,48,No,No,No,Signal Jumping,Low,1.0
ACC26355,21-01-2022,16:24,Andhra Pradesh,Vijayawada,15.7152,79.4487,State Highway,Rainy,Day,18,Male,Truck,80,No,No,No,Poor Weather Visibility,High,6.0
ACC26356,23-06-2024,18:06,Karnataka,Mangaluru,14.3978,76.246,State Highway,Clear,Dusk,27,Female,Car,48,No,No,No,Signal Jumping,Low,0.0
ACC26357,05-10-2023,06:21,Tamil Nadu,Chennai,11.8237,78.3521,City Road,Clear,Day,24,Female,Bike,27,No,No,No,Poor Weather Visibility,Low,1.0
ACC26358,20-02-2023,15:49,Kerala,Kozhikode,9.9528,75.7864,State Highway,Rainy,Day,32,Male,Car,61,No,No,Yes,Poor Weather Visibility,Medium,3.0
ACC26359,28-03-2023,15:55,Andhra Pradesh,Vijayawada,15.4048,79.4864,Village Road,Rainy,Day,30,Male,Bus,54,No,No,No,Poor Weather Visibility,Low,2.0
ACC26360,04-11-2023,06:53,Telangana,Karimnagar,17.7754,78.9709,Expressway,Clear,Day,39,Male,Bike,101,Yes,No,No,Over Speeding,High,5.0
ACC26361,22-01-2024,08:43,Kerala,Kozhikode,10.4618,76.5537,State Highway,Clear,Day,32,Male,Bus,64,No,No,Yes,Pothole/Bad Road,Low,0.0
ACC26362,11-05-2023,05:38,Karnataka,Hubballi,14.6057,75.7501,City Road,Clear,Dawn,41,Male,Auto,37,No,No,No,Signal Jumping,Low,2.0
ACC26363,14-08-2022,18:27,Tamil Nadu,Coimbatore,11.1078,78.8117,Expressway,Clear,Dusk,22,Male,Bike,81,No,No,No,Over Speeding,High,6.0
ACC26364,26-07-2022,13:18,Karnataka,Bengaluru Urban,15.5698,76.332,Village Road,Clear,Day,27,Male,Bus,47,No,No,No,Signal Jumping,Low,
ACC26365,01-04-2022,19:22,Puducherry,Karaikal,11.3502,79.2913,City Road,Clear,Night,48,Male,Bus,60,No,No,No,Signal Jumping,Medium,5.0
ACC26366,13-06-2023,09:55,Kerala,Kozhikode,10.3724,76.1304,City Road,Rainy,Day,41,Male,Car,39,No,No,No,Poor Weather Visibility,Low,0.0
ACC26367,10-03-2022,17:23,Andhra Pradesh,Kurnool,15.3735,79.0798,Village Road,Cloudy,Dusk,39,Female,Bike,38,No,No,No,Poor Weather Visibility,Low,1.0
ACC26368,08-01-2022,00:21,Telangana,Nizamabad,18.3042,79.2726,State Highway,Foggy,Night,18,Female,Car,64,No,No,No,Poor Weather Visibility,Medium,2.0
ACC26369,05-03-2022,11:24,Karnataka,Bengaluru Urban,14.9695,76.1783,Expressway,Clear,Day,38,Male,Truck,63,No,No,No,Over Speeding,Low,1.0
ACC26370,11-02-2024,21:55,Karnataka,Bengaluru Urban,15.1652,76.0215,City Road,Rainy,Night,31,Female,Bike,66,No,Yes,No,Poor Weather Visibility,Medium,
ACC26371,12-02-2024,17:02,Andhra Pradesh,Kurnool,15.6206,79.0538,State Highway,Rainy,Dusk,30,Female,Auto,71,No,No,No,Poor Weather Visibility,High,2.0
ACC26372,14-04-2023,20:56,Tamil Nadu,Coimbatore,10.3928,78.6654,City Road,Clear,Night,52,Male,Truck,49,No,Yes,Yes,Drowsy Driving,Medium,2.0
ACC26373,17-09-2022,16:09,Karnataka,Mangaluru,16.1146,75.7694,National Highway,Rainy,Day,18,Female,Car,50,No,No,No,Poor Weather Visibility,Low,1.0
ACC26374,30-01-2024,15:52,Telangana,Karimnagar,18.08,79.6074,Village Road,Clear,Day,27,Male,Bike,36,No,No,Yes,Pothole/Bad Road,Low,0.0
ACC26375,15-07-2022,14:20,Telangana,Hyderabad,18.3897,79.1915,Expressway,Clear,Day,39,Female,Auto,83,No,No,No,Over Speeding,Medium,5.0
ACC26376,23-09-2024,22:28,Tamil Nadu,Chennai,11.3767,78.7153,City Road,Clear,Night,18,Male,Bike,54,Yes,No,Yes,Drunk Driving,High,6.0
ACC26377,24-06-2023,20:20,Tamil Nadu,Salem,10.5539,78.2537,State Highway,Clear,Night,54,Male,Car,49,No,No,No,Signal Jumping,Low,1.0
ACC26378,14-06-2023,19:08,Telangana,Hyderabad,18.575,79.4333,City Road,Clear,Night,57,Male,Bike,41,No,No,Yes,Pothole/Bad Road,Low,1.0
ACC26379,04-10-2024,15:50,Kerala,Ernakulam,10.0941,76.2226,National Highway,Clear,Day,48,Male,Bike,74,No,No,No,Signal Jumping,Medium,5.0
ACC26380,11-10-2024,22:56,Kerala,Kozhikode,10.4543,76.3566,National Highway,Clear,Night,50,Male,Car,76,Yes,No,No,Drunk Driving,High,2.0
ACC26381,05-11-2022,09:17,Andhra Pradesh,Visakhapatnam,15.9442,79.7521,State Highway,Clear,Day,48,Male,Bike,76,No,No,No,Over Speeding,Medium,3.0
ACC26382,09-11-2024,06:14,Andhra Pradesh,Nellore,16.0233,80.0489,Village Road,Cloudy,Day,38,Female,Truck,45,No,No,No,Poor Weather Visibility,Low,0.0
ACC26383,23-06-2022,12:47,Karnataka,Mysuru,14.6764,74.6496,City Road,Clear,Day,34,Male,Car,31,No,No,Yes,Pothole/Bad Road,Low,1.0
ACC26384,18-12-2022,14:00,Kerala,Ernakulam,9.4576,76.4027,State Highway,Foggy,Day,22,Female,Bike,72,Yes,No,No,Poor Weather Visibility,High,7.0
ACC26385,21-01-2024,22:27,Telangana,Nizamabad,17.632,79.1997,Village Road,Clear,Night,33,Male,Bike,29,No,No,No,Signal Jumping,Low,2.0
ACC26386,24-03-2024,18:12,Karnataka,Belagavi,15.8124,76.4135,Village Road,Clear,Dusk,22,Female,Bus,48,Yes,No,Yes,Drunk Driving,Medium,5.0
ACC26387,08-10-2022,03:04,Kerala,Thrissur,9.7292,76.1109,National Highway,Overcast,Night,56,Male,Truck,68,No,Yes,No,Drowsy Driving,High,11.0
ACC26388,16-05-2023,21:04,Karnataka,Mysuru,15.1485,75.6597,Village Road,Rainy,Night,43,Male,Truck,57,Yes,No,Yes,Poor Weather Visibility,High,5.0
ACC26389,31-10-2024,00:23,Telangana,Nizamabad,17.4535,79.4022,Village Road,Overcast,Night,23,Male,Car,53,No,No,No,Poor Weather Visibility,Low,1.0
ACC26390,14-02-2022,14:48,Tamil Nadu,Salem,10.6904,79.5034,City Road,Rainy,Day,27,Male,Car,48,No,No,No,Poor Weather Visibility,Low,0.0
ACC26391,11-04-2023,07:54,Andhra Pradesh,Nellore,15.72,79.9468,City Road,Clear,Day,18,Male,Truck,39,No,No,No,Signal Jumping,Low,
ACC26392,21-04-2022,08:29,Kerala,Kollam,10.18,76.48,City Road,Rainy,Day,46,Male,Bus,56,Yes,Yes,Yes,Poor Weather Visibility,Medium,3.0
ACC26393,04-10-2023,16:25,Andhra Pradesh,Kurnool,15.77,79.9214,State Highway,Rainy,Day,34,Male,Bike,62,No,No,No,Poor Weather Visibility,Medium,1.0
ACC26394,31-01-2022,10:08,Tamil Nadu,Chennai,11.3862,78.6517,Expressway,Clear,Day,55,Male,Auto,65,No,No,No,Over Speeding,Low,0.0
ACC26395,28-07-2024,07:38,Telangana,Karimnagar,17.752,78.6458,State Highway,Foggy,Day,54,Male,Bike,64,No,No,No,Poor Weather Visibility,Medium,3.0
ACC26396,21-06-2024,18:52,Kerala,Ernakulam,10.8224,76.0969,State Highway,Clear,Dusk,32,Male,Bike,56,No,No,No,Poor Weather Visibility,Low,1.0
ACC26397,14-09-2022,15:18,Andhra Pradesh,Vijayawada,16.1781,79.9335,State Highway,Clear,Day,26,Male,Car,55,No,No,No,Poor Weather Visibility,Low,1.0
ACC26398,10-01-2024,18:38,Tamil Nadu,Salem,11.3303,78.5909,National Highway,Clear,Dusk,45,Female,Auto,74,Yes,No,No,Drunk Driving,Medium,3.0
ACC26399,19-03-2024,20:58,Karnataka,Bengaluru Urban,15.2739,76.2992,Village Road,Rainy,Night,22,Male,Truck,54,Yes,No,Yes,Poor Weather Visibility,High,4.0
ACC26400,26-07-2023,21:02,Telangana,Khammam,17.887,79.0007,City Road,Cloudy,Night,34,Male,Bus,44,No,Yes,No,Drowsy Driving,Medium,2.0
ACC26401,04-05-2024,09:41,Tamil Nadu,Tiruchirappalli,11.0482,78.4108,City Road,Rainy,Day,35,Male,Auto,45,Yes,No,No,Poor Weather Visibility,Medium,0.0
ACC26402,15-08-2022,15:30,Karnataka,Mangaluru,14.8455,75.7092,Village Road,Cloudy,Day,38,Male,Bike,38,No,No,No,Poor Weather Visibility,Low,1.0
ACC26403,28-06-2024,17:38,Tamil Nadu,Coimbatore,11.2807,78.7213,City Road,Clear,Dusk,59,Male,Auto,30,No,No,No,Poor Weather Visibility,Low,1.0
ACC26404,12-12-2024,16:55,Karnataka,Mangaluru,14.988,76.0118,Expressway,Cloudy,Day,53,Male,Car,75,No,No,No,Signal Jumping,Medium,
ACC26405,20-12-2023,18:11,Andhra Pradesh,Guntur,15.6537,80.1417,Expressway,Clear,Dusk,56,Male,Car,77,No,No,No,Over Speeding,Medium,2.0
ACC26406,18-07-2024,14:42,Telangana,Nizamabad,17.5902,79.1765,State Highway,Cloudy,Day,28,Female,Bike,63,Yes,No,No,Drunk Driving,Medium,2.0
ACC26407,15-11-2022,19:26,Kerala,Thrissur,10.3166,76.0535,State Highway,Rainy,Night,36,Male,Bike,52,No,No,No,Poor Weather Visibility,Medium,1.0
ACC26408,16-07-2022,20:44,Telangana,Hyderabad,17.1397,78.6567,State Highway,Foggy,Night,49,Male,Car,63,No,Yes,No,Poor Weather Visibility,Medium,3.0
ACC26409,06-07-2022,11:57,Andhra Pradesh,Visakhapatnam,15.8755,79.4828,National Highway,Clear,Day,45,Male,Truck,89,No,No,No,Over Speeding,Medium,2.0
ACC26410,15-11-2024,15:06,Telangana,Warangal,17.7168,79.2137,Expressway,Clear,Day,28,Male,Bike,98,No,Yes,No,Over Speeding,High,3.0
ACC26411,15-02-2022,16:05,Tamil Nadu,Tiruchirappalli,11.59,77.9819,City Road,Rainy,Day,38,Male,Bike,25,No,No,No,Poor Weather Visibility,Low,3.0
ACC26412,09-09-2023,08:06,Telangana,Karimnagar,17.7599,78.4751,City Road,Cloudy,Day,31,Female,Bus,58,No,No,No,Poor Weather Visibility,Low,1.0
ACC26413,08-11-2023,14:01,Andhra Pradesh,Kurnool,15.847,80.3184,City Road,Cloudy,Day,25,Male,Car,38,No,No,No,Poor Weather Visibility,Low,0.0
ACC26414,31-05-2024,22:39,Telangana,Nizamabad,17.8992,79.2983,National Highway,Cloudy,Night,18,Male,Bike,73,No,No,No,Over Speeding,High,6.0
ACC26415,29-09-2023,12:28,Tamil Nadu,Salem,10.8742,78.7925,Village Road,Clear,Day,18,Female,Car,21,No,No,No,Poor Weather Visibility,Low,1.0
ACC26416,22-06-2024,18:40,Tamil Nadu,Chennai,11.5321,77.9633,City Road,Clear,Dusk,19,Male,Car,33,No,No,No,Poor Weather Visibility,Low,0.0
ACC26417,15-01-2022,20:27,Tamil Nadu,Tiruchirappalli,11.1751,78.6033,Expressway,Cloudy,Night,50,Male,Bus,80,No,No,No,Over Speeding,High,6.0
ACC26418,21-08-2022,04:16,Tamil Nadu,Chennai,10.8276,77.9911,City Road,Foggy,Night,34,Male,Bike,78,Yes,No,No,Poor Weather Visibility,High,8.0
ACC26419,21-11-2022,08:47,Karnataka,Hubballi,14.9961,75.9209,City Road,Rainy,Day,35,Male,Bike,39,Yes,No,No,Poor Weather Visibility,Medium,4.0
ACC26420,05-01-2023,02:16,Kerala,Ernakulam,10.3284,76.0278,City Road,Clear,Night,53,Male,Bike,59,No,No,No,Signal Jumping,Low,1.0
ACC26421,18-02-2022,15:31,Karnataka,Mangaluru,15.3986,75.914,City Road,Rainy,Day,30,Male,Bike,50,No,No,No,Poor Weather Visibility,Medium,0.0
ACC26422,22-12-2024,20:14,Tamil Nadu,Chennai,11.444,78.1216,National Highway,Clear,Night,32,Male,Car,74,Yes,No,No,Drunk Driving,High,6.0
ACC26423,28-08-2022,19:51,Andhra Pradesh,Visakhapatnam,16.0792,79.723,Village Road,Clear,Night,38,Male,Auto,45,No,No,Yes,Pothole/Bad Road,Medium,1.0
ACC26424,07-08-2023,10:54,Tamil Nadu,Chennai,10.7782,78.241,Expressway,Clear,Day,21,Male,Bike,77,No,No,No,Over Speeding,High,5.0
ACC26425,21-03-2022,18:22,Puducherry,Karaikal,11.8644,79.7688,State Highway,Cloudy,Dusk,29,Female,Car,65,No,No,No,Poor Weather Visibility,Low,1.0
ACC26426,23-07-2024,12:39,Karnataka,Mangaluru,15.3811,75.784,City Road,Rainy,Day,52,Male,Auto,36,No,No,No,Poor Weather Visibility,Medium,3.0
ACC26427,07-04-2024,15:48,Tamil Nadu,Tiruchirappalli,11.6137,78.9715,National Highway,Overcast,Day,33,Male,Bike,68,No,No,No,Poor Weather Visibility,Medium,2.0
ACC26428,12-02-2022,01:28,Tamil Nadu,Chennai,11.2545,78.6494,State Highway,Overcast,Night,34,Male,Bus,56,No,No,No,Poor Weather Visibility,Low,3.0
ACC26429,14-04-2023,01:35,Tamil Nadu,Coimbatore,10.7003,79.5047,National Highway,Clear,Night,33,Female,Car,79,Yes,No,No,Drunk Driving,High,5.0
ACC26430,29-05-2023,23:40,Tamil Nadu,Chennai,10.6849,78.8133,State Highway,Cloudy,Night,36,Female,Auto,80,No,Yes,Yes,Drowsy Driving,High,6.0
ACC26431,13-10-2024,11:18,Andhra Pradesh,Guntur,15.2798,79.7514,City Road,Cloudy,Day,34,Male,Truck,42,No,No,No,Poor Weather Visibility,Low,2.0
ACC26432,17-06-2023,02:14,Karnataka,Hubballi,15.6751,75.7291,State Highway,Clear,Night,18,Male,Bike,64,No,No,Yes,Pothole/Bad Road,High,4.0
ACC26433,26-05-2023,17:21,Tamil Nadu,Coimbatore,11.1198,78.2066,Village Road,Rainy,Dusk,44,Male,Bus,40,No,Yes,Yes,Poor Weather Visibility,Medium,3.0
ACC26434,02-06-2023,14:07,Karnataka,Belagavi,15.432,75.582,City Road,Clear,Day,26,Male,Truck,48,No,No,No,Signal Jumping,Low,1.0
ACC26435,05-08-2024,11:37,Karnataka,Bengaluru Urban,16.3483,75.8537,National Highway,Cloudy,Day,18,Male,Bike,70,No,No,No,Poor Weather Visibility,Medium,4.0
ACC26436,04-12-2023,06:09,Karnataka,Bengaluru Urban,15.5035,75.3179,Village Road,Clear,Day,28,Male,Car,46,No,No,No,Signal Jumping,Low,0.0
ACC26437,06-05-2022,17:49,Andhra Pradesh,Visakhapatnam,15.3917,79.2166,City Road,Rainy,Dusk,65,Male,Auto,52,No,No,No,Poor Weather Visibility,Medium,1.0
ACC26438,21-07-2023,07:18,Tamil Nadu,Tiruchirappalli,11.5692,78.5563,City Road,Rainy,Day,33,Female,Bus,42,No,No,No,Poor Weather Visibility,Low,0.0
ACC26439,17-09-2023,08:23,Kerala,Kollam,10.3438,76.0818,State Highway,Cloudy,Day,34,Female,Bus,75,No,No,No,Over Speeding,Medium,0.0
ACC26440,25-05-2022,09:34,Tamil Nadu,Salem,11.4921,78.8049,City Road,Clear,Day,18,Male,Car,71,Yes,No,No,Drunk Driving,Medium,1.0
ACC26441,01-04-2024,04:42,Kerala,Kozhikode,10.6562,76.6579,State Highway,Clear,Night,18,Male,Bike,78,No,No,No,Over Speeding,Medium,0.0
ACC26442,24-01-2024,20:34,Andhra Pradesh,Nellore,14.9051,80.1607,Village Road,Rainy,Night,20,Male,Bike,50,No,No,No,Poor Weather Visibility,Low,1.0
ACC26443,22-08-2022,17:01,Karnataka,Belagavi,15.3034,75.7242,National Highway,Cloudy,Dusk,52,Male,Car,77,No,No,No,Over Speeding,Medium,3.0
ACC26444,29-08-2024,19:08,Tamil Nadu,Salem,11.5944,78.4699,National Highway,Cloudy,Night,26,Male,Car,76,No,Yes,No,Drowsy Driving,High,7.0
ACC26445,15-08-2023,07:01,Kerala,Kozhikode,10.3136,76.1246,National Highway,Clear,Day,57,Male,Car,81,Yes,Yes,No,Drunk Driving,High,10.0
ACC26446,02-10-2022,11:33,Puducherry,Karaikal,11.4637,79.1177,Expressway,Foggy,Day,63,Male,Car,84,No,No,No,Poor Weather Visibility,Medium,5.0
ACC26447,23-06-2024,07:23,Andhra Pradesh,Nellore,15.9172,79.9215,Village Road,Clear,Day,35,Male,Truck,54,No,Yes,No,Drowsy Driving,Low,2.0
ACC26448,17-03-2024,08:47,Kerala,Kollam,10.1156,76.4288,National Highway,Clear,Day,55,Male,Bike,76,No,No,No,Over Speeding,Medium,1.0
ACC26449,06-05-2024,00:45,Kerala,Kozhikode,10.3976,76.1301,City Road,Clear,Night,65,Male,Truck,65,No,Yes,No,Drowsy Driving,Medium,0.0
ACC26450,11-10-2023,18:38,Karnataka,Bengaluru Urban,14.7004,75.9521,National Highway,Rainy,Dusk,37,Female,Auto,77,No,No,No,Poor Weather Visibility,High,8.0
ACC26451,07-04-2024,17:45,Karnataka,Hubballi,15.3105,76.1511,National Highway,Rainy,Dusk,33,Female,Car,66,No,No,No,Poor Weather Visibility,High,6.0
ACC26452,13-02-2023,00:57,Telangana,Warangal,18.3144,78.8748,National Highway,Clear,Night,60,Male,Bike,58,Yes,No,No,Drunk Driving,High,6.0
ACC26453,04-11-2022,18:38,Telangana,Karimnagar,17.9142,78.4071,Expressway,Clear,Dusk,25,Male,Auto,87,No,No,No,Over Speeding,Medium,5.0
ACC26454,04-07-2024,18:36,Kerala,Kollam,9.615,76.6463,State Highway,Cloudy,Dusk,44,Male,Bike,68,No,Yes,No,Drowsy Driving,High,
ACC26455,17-11-2023,17:20,Andhra Pradesh,Visakhapatnam,16.2106,79.9025,City Road,Foggy,Dusk,43,Male,Car,47,No,No,No,Poor Weather Visibility,Low,1.0
ACC26456,19-10-2022,16:05,Telangana,Warangal,16.9092,79.2309,Village Road,Rainy,Day,40,Female,Car,35,No,No,Yes,Poor Weather Visibility,Low,0.0