Accident_ID,Date,Time,State,District,Latitude,Longitude,Road_Type,Weather,Light_Condition,Driver_Age,Driver_Gender,Vehicle_Type,Speed_kmph,Alcohol_Involved,Driver_Drowsy,Pothole_Involved,Cause_of_Accident,Severity,Casualties
ACC26457,18-11-2023,03:19,Kerala,Ernakulam,10.5904,75.8245,State Highway,Clear,Night,18,Male,Bike,95,Yes,No,No,Over Speeding,High,5.0
ACC26458,21-05-2024,13:56,Telangana,Warangal,17.5336,79.4629,City Road,Rainy,Day,47,Female,Truck,29,No,No,No,Poor Weather Visibility,Low,0.0
ACC26459,21-04-2024,20:53,Kerala,Thiruvananthapuram,10.0024,76.2365,State Highway,Clear,Night,23,Female,Truck,46,No,No,No,Signal Jumping,Low,0.0
ACC26460,06-08-2023,17:30,Kerala,Thiruvananthapuram,9.9133,76.1829,City Road,Clear,Dusk,36,Male,Auto,58,No,No,No,Signal Jumping,Medium,5.0
ACC26461,03-08-2022,17:59,Andhra Pradesh,Visakhapatnam,15.6152,79.5511,Village Road,Clear,Dusk,18,Female,Bike,43,No,No,Yes,Pothole/Bad Road,Low,0.0
ACC26462,26-03-2023,17:05,Kerala,Ernakulam,10.2022,76.0636,City Road,Rainy,Dusk,40,Male,Bike,41,No,No,No,Poor Weather Visibility,Low,1.0
ACC26463,29-11-2023,11:23,Telangana,Karimnagar,17.9083,78.3736,Village Road,Overcast,Day,18,Female,Bus,62,No,Yes,Yes,Drowsy Driving,Medium,2.0
ACC26464,24-04-2022,07:22,Telangana,Karimnagar,17.9994,79.4213,Village Road,Cloudy,Day,32,Female,Truck,31,No,No,Yes,Pothole/Bad Road,Low,0.0
ACC26465,08-02-2022,19:00,Kerala,Thrissur,9.8817,76.3773,State Highway,Clear,Night,37,Male,Auto,62,No,No,No,Signal Jumping,Low,1.0
ACC26466,12-04-2023,17:57,Andhra Pradesh,Guntur,15.6979,79.4474,National Highway,Clear,Dusk,20,Female,Car,45,No,No,No,Signal Jumping,Low,1.0
ACC26467,09-07-2022,19:30,Telangana,Hyderabad,18.5545,78.7986,Village Road,Clear,Night,38,Male,Auto,49,No,No,No,Poor Weather Visibility,Medium,4.0
ACC26468,20-09-2022,12:00,Karnataka,Belagavi,16.4278,76.1975,Village Road,Cloudy,Day,41,Male,Truck,40,No,No,Yes,Pothole/Bad Road,Low,0.0
ACC26469,08-08-2022,17:27,Karnataka,Mysuru,15.3234,74.9521,Village Road,Foggy,Dusk,50,Male,Truck,22,No,No,No,Poor Weather Visibility,Low,3.0
ACC26470,29-05-2022,15:45,Telangana,Warangal,17.263,79.0844,State Highway,Rainy,Day,34,Male,Truck,81,Yes,No,No,Poor Weather Visibility,High,3.0
ACC26471,06-10-2022,21:28,Tamil Nadu,Madurai,11.2115,78.0236,City Road,Clear,Night,39,Male,Bus,53,No,No,Yes,Pothole/Bad Road,Low,1.0
ACC26472,01-06-2022,21:14,Kerala,Kozhikode,10.6708,75.811,City Road,Rainy,Night,46,Male,Bike,47,No,Yes,No,Poor Weather Visibility,Medium,4.0
ACC26473,08-03-2022,04:24,Tamil Nadu,Madurai,10.8832,78.6295,Village Road,Overcast,Night,50,Male,Bike,24,No,No,No,Poor Weather Visibility,Low,0.0
ACC26474,20-02-2022,08:39,Andhra Pradesh,Guntur,16.0547,79.3835,City Road,Rainy,Day,57,Female,Truck,45,No,No,No,Poor Weather Visibility,Low,1.0
ACC26475,14-07-2023,10:17,Telangana,Khammam,17.9609,78.9199,National Highway,Rainy,Day,31,Female,Auto,57,No,No,Yes,Poor Weather Visibility,Medium,3.0
ACC26476,26-10-2022,05:29,Puducherry,Karaikal,11.7868,79.0274,State Highway,Rainy,Dawn,43,Male,Car,66,No,No,No,Poor Weather Visibility,Low,0.0
ACC26477,07-12-2023,11:48,Karnataka,Hubballi,15.2629,75.965,City Road,Clear,Day,28,Male,Bike,53,No,No,No,Signal Jumping,Low,0.0
ACC26478,22-10-2023,13:39,Telangana,Karimnagar,18.3779,78.907,National Highway,Cloudy,Day,18,Female,Bike,80,Yes,No,Yes,Drunk Driving,High,6.0
ACC26479,01-10-2024,23:15,Andhra Pradesh,Guntur,15.5449,80.0929,City Road,Cloudy,Night,54,Male,Bike,45,No,No,No,Signal Jumping,Low,1.0
ACC26480,01-02-2023,10:39,Tamil Nadu,Coimbatore,11.0934,78.4188,Expressway,Cloudy,Day,23,Female,Bus,68,No,No,No,Poor Weather Visibility,Low,0.0
ACC26481,24-09-2024,09:37,Tamil Nadu,Madurai,11.2301,78.6775,National Highway,Overcast,Day,50,Female,Bus,80,No,Yes,No,Drowsy Driving,Medium,4.0
ACC26482,29-11-2024,07:43,Kerala,Ernakulam,10.3033,76.2496,National Highway,Clear,Day,18,Female,Car,65,No,No,No,Over Speeding,Low,1.0
ACC26483,28-01-2023,03:47,Karnataka,Hubballi,14.9793,75.7258,City Road,Clear,Night,35,Male,Bike,28,No,No,No,Poor Weather Visibility,Low,0.0
ACC26484,28-03-2023,07:46,Telangana,Nizamabad,18.0741,78.9819,City Road,Rainy,Day,30,Female,Bike,62,No,No,Yes,Poor Weather Visibility,Medium,2.0
ACC26485,19-05-2024,14:00,Telangana,Karimnagar,17.494,78.9706,City Road,Rainy,Day,51,Female,Car,76,Yes,No,No,Poor Weather Visibility,Medium,5.0
ACC26486,27-06-2024,04:00,Kerala,Thrissur,10.5592,76.377,Village Road,Overcast,Night,37,Female,Bus,73,Yes,No,No,Drunk Driving,High,2.0
ACC26487,23-01-2022,19:38,Kerala,Ernakulam,10.215,76.6668,State Highway,Foggy,Night,37,Male,Bike,56,No,Yes,No,Poor Weather Visibility,High,9.0
ACC26488,26-08-2023,17:57,Tamil Nadu,Madurai,11.3676,78.8931,Expressway,Overcast,Dusk,43,Male,Bus,75,No,No,No,Over Speeding,Medium,3.0
ACC26489,25-07-2023,21:23,Karnataka,Mangaluru,15.524,75.6036,Village Road,Clear,Night,18,Female,Bike,40,No,No,No,Poor Weather Visibility,Low,1.0
ACC26490,29-06-2022,14:41,Telangana,Nizamabad,17.8023,79.7577,City Road,Cloudy,Day,37,Male,Car,44,No,No,No,Poor Weather Visibility,Low,1.0
ACC26491,23-09-2023,07:24,Kerala,Ernakulam,10.5572,76.6013,State Highway,Clear,Day,57,Male,Car,77,No,Yes,No,Drowsy Driving,Medium,3.0
ACC26492,10-03-2023,17:32,Karnataka,Bengaluru Urban,15.7097,75.3396,Village Road,Foggy,Dusk,39,Female,Truck,50,No,No,Yes,Poor Weather Visibility,Medium,1.0
ACC26493,29-09-2023,01:49,Kerala,Kozhikode,10.2866,76.4919,City Road,Clear,Night,31,Male,Car,21,No,No,No,Signal Jumping,Low,2.0
ACC26494,25-03-2024,12:20,Kerala,Kollam,10.4894,76.6237,City Road,Overcast,Day,43,Female,Car,27,No,No,Yes,Pothole/Bad Road,Low,
ACC26495,30-01-2023,18:05,Kerala,Thiruvananthapuram,10.7786,76.619,Village Road,Rainy,Dusk,34,Female,Car,52,No,No,Yes,Poor Weather Visibility,Medium,2.0
ACC26496,28-11-2022,08:12,Kerala,Kozhikode,10.3525,75.8469,Village Road,Clear,Day,19,Male,Bus,40,No,No,No,Signal Jumping,Low,0.0
ACC26497,31-10-2024,11:20,Kerala,Thiruvananthapuram,10.0775,76.8005,Expressway,Clear,Day,26,Male,Bike,72,No,No,No,Over Speeding,Medium,2.0
ACC26498,09-12-2024,20:25,Telangana,Warangal,18.102,79.0702,National Highway,Clear,Night,44,Male,Truck,108,Yes,Yes,No,Over Speeding,High,7.0
ACC26499,17-10-2022,14:33,Telangana,Nizamabad,17.7681,78.5858,State Highway,Rainy,Day,24,Male,Car,61,No,No,No,Poor Weather Visibility,Medium,2.0
ACC26500,09-10-2024,15:17,Kerala,Thrissur,10.3664,76.2906,City Road,Overcast,Day,44,Male,Bike,56,No,No,No,Poor Weather Visibility,Medium,1.0
ACC26501,01-03-2024,12:00,Tamil Nadu,Coimbatore,10.811,78.5357,State Highway,Clear,Day,37,Male,Auto,59,No,No,No,Signal Jumping,Medium,1.0
ACC26502,25-11-2023,17:43,Telangana,Hyderabad,17.4585,78.6354,Village Road,Clear,Dusk,36,Male,Car,37,No,Yes,No,Drowsy Driving,Low,1.0
ACC26503,08-03-2024,13:15,Andhra Pradesh,Visakhapatnam,15.1986,79.8747,National Highway,Foggy,Day,37,Male,Bike,62,No,No,No,Poor Weather Visibility,Medium,4.0
ACC26504,29-05-2024,19:32,Tamil Nadu,Salem,10.9522,79.0803,State Highway,Clear,Night,33,Male,Auto,78,No,Yes,No,Drowsy Driving,High,8.0
ACC26505,03-08-2023,18:32,Telangana,Karimnagar,17.9199,78.8356,Village Road,Rainy,Dusk,60,Male,Bike,28,No,No,No,Poor Weather Visibility,Low,0.0
ACC26506,22-12-2022,11:02,Kerala,Kozhikode,10.1153,76.8227,State Highway,Overcast,Day,23,Male,Truck,54,No,Yes,Yes,Drowsy Driving,Medium,1.0
ACC26507,21-06-2023,05:23,Tamil Nadu,Chennai,10.464,78.1905,National Highway,Rainy,Dawn,25,Male,Auto,52,No,No,No,Poor Weather Visibility,Medium,0.0
ACC26508,07-05-2022,16:50,Telangana,Nizamabad,17.7883,79.4955,Village Road,Clear,Day,43,Male,Car,50,No,No,No,Signal Jumping,Low,0.0
ACC26509,04-04-2023,06:15,Karnataka,Bengaluru Urban,15.3339,75.9147,Village Road,Rainy,Day,37,Male,Truck,34,No,No,No,Poor Weather Visibility,Low,2.0
ACC26510,26-11-2023,16:04,Telangana,Karimnagar,17.9871,79.3887,City Road,Rainy,Day,35,Male,Truck,33,No,No,No,Poor Weather Visibility,Low,
ACC26511,16-03-2024,07:41,Kerala,Kollam,10.4498,77.0601,National Highway,Foggy,Day,32,Male,Truck,61,No,No,No,Poor Weather Visibility,Medium,2.0
ACC26512,22-09-2022,02:53,Karnataka,Hubballi,15.552,74.888,Village Road,Clear,Night,49,Male,Bike,38,No,No,Yes,Pothole/Bad Road,Low,2.0
ACC26513,30-01-2024,23:23,Karnataka,Bengaluru Urban,15.579,75.1093,City Road,Cloudy,Night,46,Female,Car,54,Yes,Yes,No,Drunk Driving,High,7.0
ACC26514,15-07-2024,19:29,Karnataka,Mangaluru,15.2801,75.1034,City Road,Rainy,Night,26,Female,Bike,49,No,No,Yes,Poor Weather Visibility,Medium,2.0
ACC26515,25-09-2024,13:30,Tamil Nadu,Coimbatore,11.2915,78.8201,State Highway,Overcast,Day,27,Male,Car,49,No,No,No,Poor Weather Visibility,Low,1.0
ACC26516,24-12-2022,19:09,Karnataka,Bengaluru Urban,15.1228,75.8189,Expressway,Cloudy,Night,36,Female,Car,92,Yes,No,No,Over Speeding,High,8.0
ACC26517,29-12-2023,15:07,Karnataka,Mysuru,15.5212,76.1073,State Highway,Clear,Day,27,Male,Car,93,No,No,No,Over Speeding,Medium,2.0
ACC26518,27-03-2022,12:43,Karnataka,Bengaluru Urban,15.8068,75.9852,Village Road,Clear,Day,58,Male,Bus,38,No,No,No,Signal Jumping,Low,0.0
ACC26519,12-04-2023,13:43,Karnataka,Mysuru,15.7153,75.6739,National Highway,Clear,Day,46,Male,Bike,53,No,No,No,Poor Weather Visibility,Low,0.0
ACC26520,24-07-2024,17:53,Karnataka,Bengaluru Urban,15.4852,74.8357,State Highway,Rainy,Dusk,35,Male,Bike,58,No,No,Yes,Poor Weather Visibility,Medium,3.0
ACC26521,13-07-2023,11:43,Telangana,Nizamabad,18.1649,78.9621,State Highway,Clear,Day,35,Female,Auto,56,No,No,No,Signal Jumping,Low,4.0
ACC26522,21-08-2023,18:27,Kerala,Thiruvananthapuram,9.7582,75.9601,National Highway,Overcast,Dusk,23,Male,Auto,56,No,Yes,No,Drowsy Driving,Medium,4.0
ACC26523,23-06-2024,12:41,Tamil Nadu,Salem,11.1415,79.1417,National Highway,Clear,Day,33,Male,Car,78,No,No,No,Over Speeding,Medium,1.0
ACC26524,19-11-2024,13:44,Kerala,Ernakulam,10.6899,76.2895,Village Road,Clear,Day,30,Male,Car,49,No,No,No,Signal Jumping,Low,0.0
ACC26525,24-12-2023,09:21,Karnataka,Bengaluru Urban,16.1934,75.5398,State Highway,Cloudy,Day,23,Female,Bus,78,No,Yes,No,Drowsy Driving,High,5.0
ACC26526,21-05-2023,20:51,Andhra Pradesh,Nellore,14.9314,79.6194,City Road,Cloudy,Night,31,Male,Auto,63,No,No,Yes,Pothole/Bad Road,High,5.0
ACC26527,28-08-2022,20:37,Karnataka,Mangaluru,14.9379,75.4552,City Road,Clear,Night,45,Male,Auto,61,Yes,Yes,No,Drunk Driving,High,
ACC26528,26-12-2023,04:41,Telangana,Karimnagar,17.857,79.0839,City Road,Clear,Night,41,Male,Auto,71,No,Yes,Yes,Drowsy Driving,Medium,2.0
ACC26529,20-08-2022,12:45,Tamil Nadu,Salem,12.1936,78.2925,Village Road,Clear,Day,28,Female,Car,44,No,No,No,Signal Jumping,Low,0.0
ACC26530,21-09-2024,04:25,Tamil Nadu,Madurai,10.3843,79.2772,Expressway,Cloudy,Night,22,Male,Bike,96,Yes,Yes,No,Over Speeding,High,7.0
ACC26531,25-11-2023,20:52,Andhra Pradesh,Vijayawada,16.4896,80.4582,State Highway,Clear,Night,18,Male,Bike,76,Yes,No,No,Drunk Driving,Medium,1.0
ACC26532,11-10-2024,08:50,Tamil Nadu,Coimbatore,11.0615,78.746,National Highway,Cloudy,Day,18,Male,Car,79,No,No,No,Over Speeding,High,6.0
ACC26533,31-12-2023,21:21,Tamil Nadu,Salem,11.4302,78.8629,City Road,Rainy,Night,18,Female,Auto,62,No,Yes,No,Poor Weather Visibility,High,
ACC26534,05-09-2023,22:56,Kerala,Kozhikode,10.8435,76.2286,National Highway,Rainy,Night,21,Female,Bike,91,Yes,Yes,No,Over Speeding,High,6.0
ACC26535,14-10-2023,06:42,Telangana,Hyderabad,18.3027,78.9563,Expressway,Clear,Day,27,Male,Auto,92,No,No,No,Over Speeding,Medium,9.0
ACC26536,21-01-2024,08:47,Karnataka,Mangaluru,15.5491,75.36,City Road,Rainy,Day,35,Male,Bike,45,No,No,No,Poor Weather Visibility,Low,
ACC26537,07-08-2022,16:12,Kerala,Thiruvananthapuram,9.8594,76.5726,National Highway,Cloudy,Day,20,Male,Car,75,No,No,No,Over Speeding,Low,1.0
ACC26538,28-12-2023,17:47,Tamil Nadu,Tiruchirappalli,11.238,79.3336,Expressway,Cloudy,Dusk,40,Male,Auto,90,No,No,No,Over Speeding,High,5.0
ACC26539,01-04-2022,09:38,Telangana,Warangal,18.1322,79.7234,Village Road,Clear,Day,29,Male,Auto,15,No,No,No,Signal Jumping,Low,0.0
ACC26540,09-04-2023,19:45,Puducherry,Puducherry,11.9093,79.6651,City Road,Clear,Night,50,Male,Bus,48,No,No,No,Poor Weather Visibility,Low,3.0
ACC26541,10-11-2024,14:52,Tamil Nadu,Chennai,10.624,78.9,State Highway,Clear,Day,18,Male,Bike,47,No,No,No,Poor Weather Visibility,Low,1.0
ACC26542,15-03-2022,09:49,Tamil Nadu,Coimbatore,11.3056,78.3662,State Highway,Clear,Day,27,Female,Auto,55,No,No,No,Signal Jumping,Low,2.0
ACC26543,06-11-2022,09:53,Tamil Nadu,Tiruchirappalli,10.8056,78.8438,Expressway,Clear,Day,29,Male,Bus,61,No,No,No,Signal Jumping,Low,0.0
ACC26544,19-08-2024,20:10,Telangana,Hyderabad,18.2314,78.6492,National Highway,Rainy,Night,26,Male,Bike,54,No,No,Yes,Poor Weather Visibility,High,5.0
ACC26545,01-10-2023,20:30,Puducherry,Karaikal,12.089,80.1846,National Highway,Overcast,Night,50,Male,Bike,77,No,Yes,No,Drowsy Driving,Medium,4.0
ACC26546,23-05-2022,18:44,Telangana,Khammam,17.8543,78.6394,Village Road,Clear,Dusk,32,Male,Bus,43,No,Yes,Yes,Drowsy Driving,Low,0.0
ACC26547,26-08-2022,18:46,Tamil Nadu,Chennai,10.7114,78.6577,State Highway,Overcast,Dusk,38,Male,Bike,54,No,No,No,Poor Weather Visibility,Low,4.0
ACC26548,22-09-2024,19:19,Karnataka,Mangaluru,15.0787,75.8473,City Road,Overcast,Night,28,Male,Bike,48,No,No,No,Signal Jumping,Low,0.0
ACC26549,15-09-2022,15:54,Andhra Pradesh,Nellore,16.2912,79.5857,City Road,Clear,Day,39,Male,Bike,34,No,No,Yes,Pothole/Bad Road,Low,0.0
ACC26550,31-10-2024,21:00,Karnataka,Hubballi,15.6882,75.1327,Expressway,Clear,Night,26,Male,Car,80,No,No,No,Over Speeding,Medium,1.0
ACC26551,05-11-2022,09:41,Telangana,Khammam,18.4666,78.7204,Expressway,Clear,Day,45,Male,Car,98,Yes,No,No,Over Speeding,High,4.0
ACC26552,11-06-2023,13:39,Karnataka,Bengaluru Urban,15.0302,76.1074,Expressway,Cloudy,Day,49,Male,Car,103,No,Yes,No,Over Speeding,High,9.0
ACC26553,24-04-2023,17:53,Karnataka,Belagavi,15.5801,75.7123,City Road,Clear,Dusk,60,Female,Bike,68,No,No,No,Over Speeding,Medium,5.0
ACC26554,27-12-2023,16:05,Tamil Nadu,Coimbatore,10.7889,77.6147,State Highway,Clear,Day,24,Male,Bike,77,Yes,No,No,Drunk Driving,Medium,4.0
ACC26555,16-12-2022,14:00,Puducherry,Puducherry,12.2173,79.5269,State Highway,Overcast,Day,35,Male,Bike,61,No,No,No,Poor Weather Visibility,Low,0.0
ACC26556,22-08-2022,01:53,Tamil Nadu,Tiruchirappalli,11.2358,78.6088,State Highway,Rainy,Night,51,Female,Bike,41,No,No,No,Poor Weather Visibility,Medium,4.0
ACC26557,24-10-2023,17:01,Puducherry,Puducherry,12.1755,79.8235,City Road,Clear,Dusk,26,Male,Bike,42,No,No,Yes,Pothole/Bad Road,Low,1.0
ACC26558,23-07-2023,11:15,Tamil Nadu,Tiruchirappalli,10.2623,78.0865,City Road,Clear,Day,19,Female,Bus,62,No,No,No,Signal Jumping,Low,0.0
ACC26559,12-02-2022,10:54,Telangana,Karimnagar,18.2438,78.8491,National Highway,Cloudy,Day,35,Female,Auto,56,No,No,No,Poor Weather Visibility,Low,0.0
ACC26560,26-04-2022,17:35,Karnataka,Hubballi,15.2672,75.3841,Expressway,Clear,Dusk,33,Male,Truck,93,No,No,No,Over Speeding,Medium,2.0
ACC26561,04-03-2022,17:22,Telangana,Hyderabad,17.9351,78.0328,State Highway,Overcast,Dusk,31,Male,Truck,61,No,No,No,Poor Weather Visibility,Medium,3.0
ACC26562,14-04-2024,10:59,Telangana,Warangal,17.8572,78.6556,City Road,Clear,Day,20,Male,Car,62,No,Yes,No,Drowsy Driving,Medium,4.0
ACC26563,08-09-2023,16:28,Telangana,Hyderabad,17.3863,78.9983,Expressway,Clear,Day,25,Male,Bike,82,No,No,No,Over Speeding,Medium,4.0
ACC26564,27-07-2024,18:16,Karnataka,Belagavi,15.426,76.0255,City Road,Clear,Dusk,41,Male,Bus,28,No,No,Yes,Signal Jumping,Low,1.0
ACC26565,25-08-2024,20:03,Tamil Nadu,Madurai,11.3828,78.7724,State Highway,Rainy,Night,40,Male,Auto,47,No,Yes,No,Poor Weather Visibility,Medium,3.0
ACC26566,22-11-2024,22:13,Puducherry,Puducherry,11.6763,79.7859,State Highway,Clear,Night,30,Male,Bike,67,No,No,No,Over Speeding,Low,1.0
ACC26567,20-04-2024,10:41,Kerala,Ernakulam,9.9125,75.9575,City Road,Cloudy,Day,37,Male,Auto,59,No,No,No,Poor Weather Visibility,Low,1.0
ACC26568,17-06-2023,09:27,Tamil Nadu,Madurai,11.2646,79.3341,Village Road,Clear,Day,45,Female,Truck,44,No,No,No,Signal Jumping,Low,3.0
ACC26569,22-11-2023,22:14,Kerala,Kollam,10.4789,76.3054,Village Road,Clear,Night,47,Female,Car,83,No,Yes,Yes,Over Speeding,High,
ACC26570,01-11-2023,13:18,Telangana,Nizamabad,17.5664,78.6617,National Highway,Clear,Day,38,Male,Bike,74,No,No,No,Over Speeding,Medium,3.0
ACC26571,26-11-2024,19:05,Tamil Nadu,Coimbatore,11.3416,78.221,National Highway,Clear,Night,66,Male,Auto,101,Yes,No,No,Over Speeding,High,3.0
ACC26572,14-08-2023,10:53,Kerala,Kollam,10.8517,76.19,City Road,Clear,Day,51,Female,Auto,60,No,No,No,Signal Jumping,Low,0.0
ACC26573,08-02-2024,00:25,Tamil Nadu,Chennai,11.1609,78.5337,City Road,Clear,Night,31,Male,Bike,49,Yes,No,No,Drunk Driving,Low,0.0
ACC26574,13-11-2023,18:53,Karnataka,Bengaluru Urban,15.3862,75.9454,City Road,Clear,Dusk,43,Male,Bike,43,No,No,No,Signal Jumping,Low,0.0
ACC26575,27-02-2022,22:48,Andhra Pradesh,Guntur,15.6398,79.7067,City Road,Cloudy,Night,26,Female,Car,58,Yes,No,Yes,Drunk Driving,Medium,5.0
ACC26576,03-10-2024,18:50,Karnataka,Bengaluru Urban,15.0747,76.0892,State Highway,Clear,Dusk,64,Male,Bike,91,Yes,No,No,Over Speeding,High,10.0
ACC26577,31-08-2024,18:00,Andhra Pradesh,Nellore,16.5274,79.0266,National Highway,Overcast,Dusk,33,Male,Car,45,No,No,No,Poor Weather Visibility,Low,1.0
ACC26578,18-08-2023,14:51,Karnataka,Mysuru,15.0882,76.087,State Highway,Clear,Day,34,Female,Bus,70,No,No,No,Signal Jumping,Low,1.0
ACC26579,24-01-2022,08:52,Kerala,Kollam,9.477,76.4338,Village Road,Overcast,Day,46,Male,Auto,62,No,Yes,No,Drowsy Driving,Medium,3.0
ACC26580,11-07-2024,06:51,Karnataka,Bengaluru Urban,15.2623,75.9551,State Highway,Rainy,Day,18,Male,Car,55,No,No,Yes,Poor Weather Visibility,Medium,5.0
ACC26581,19-08-2023,14:44,Kerala,Kozhikode,10.5165,76.615,National Highway,Rainy,Day,29,Male,Car,69,No,No,No,Poor Weather Visibility,Low,1.0
ACC26582,25-10-2024,13:19,Karnataka,Mangaluru,14.9586,75.214,Expressway,Foggy,Day,29,Female,Auto,70,No,No,No,Poor Weather Visibility,High,6.0
ACC26583,02-07-2024,19:23,Karnataka,Mangaluru,15.5144,75.5967,City Road,Rainy,Night,34,Male,Car,46,Yes,No,No,Poor Weather Visibility,Low,1.0
ACC26584,04-07-2022,07:41,Tamil Nadu,Salem,11.209,78.6634,City Road,Rainy,Day,31,Female,Car,52,No,No,No,Poor Weather Visibility,Medium,3.0
ACC26585,05-02-2024,09:57,Andhra Pradesh,Vijayawada,15.7916,79.0039,City Road,Rainy,Day,45,Male,Car,36,No,No,Yes,Poor Weather Visibility,Low,1.0
ACC26586,18-09-2024,06:29,Tamil Nadu,Tiruchirappalli,10.9211,78.7913,City Road,Clear,Day,19,Female,Truck,47,No,No,Yes,Pothole/Bad Road,Low,2.0
ACC26587,15-02-2022,21:26,Tamil Nadu,Madurai,11.4722,78.2883,City Road,Cloudy,Night,18,Male,Truck,41,No,Yes,Yes,Drowsy Driving,Low,2.0
ACC26588,03-05-2023,16:34,Puducherry,Puducherry,11.3725,79.3394,City Road,Clear,Day,51,Male,Car,36,No,No,No,Poor Weather Visibility,Low,0.0
ACC26589,20-07-2022,19:56,Tamil Nadu,Madurai,10.7917,78.649,Village Road,Rainy,Night,37,Male,Bike,34,No,No,No,Poor Weather Visibility,Low,4.0
ACC26590,27-05-2024,17:19,Tamil Nadu,Tiruchirappalli,10.6101,78.817,Village Road,Cloudy,Dusk,34,Male,Bus,28,No,No,No,Poor Weather Visibility,Low,0.0
ACC26591,06-01-2022,03:34,Kerala,Thrissur,10.0465,76.9006,City Road,Overcast,Night,50,Male,Bus,43,No,Yes,No,Drowsy Driving,Low,1.0
ACC26592,15-02-2024,07:30,Karnataka,Mangaluru,15.2535,75.6295,City Road,Foggy,Day,38,Female,Bike,40,No,No,No,Poor Weather Visibility,Low,0.0
ACC26593,02-10-2022,10:04,Andhra Pradesh,Visakhapatnam,15.7245,79.6588,Village Road,Rainy,Day,29,Female,Bus,38,No,No,Yes,Poor Weather Visibility,Low,1.0
ACC26594,23-02-2024,08:18,Kerala,Thrissur,10.5305,75.4805,Village Road,Overcast,Day,23,Female,Bike,32,No,No,No,Signal Jumping,Low,0.0
ACC26595,11-08-2022,18:49,Kerala,Kozhikode,10.8075,76.5178,State Highway,Clear,Dusk,27,Male,Car,61,No,No,Yes,Pothole/Bad Road,Low,1.0
ACC26596,14-04-2023,15:56,Andhra Pradesh,Kurnool,16.1128,79.2371,Village Road,Clear,Day,61,Female,Auto,30,No,No,No,Signal Jumping,Low,2.0
ACC26597,31-10-2024,11:22,Tamil Nadu,Tiruchirappalli,10.8879,78.5034,City Road,Clear,Day,25,Male,Auto,36,No,No,No,Signal Jumping,Low,0.0
ACC26598,25-11-2024,10:47,Andhra Pradesh,Kurnool,15.4265,80.1428,City Road,Clear,Day,55,Male,Bike,48,No,No,Yes,Signal Jumping,Low,0.0
ACC26599,13-04-2022,08:53,Karnataka,Bengaluru Urban,15.4304,74.923,City Road,Clear,Day,41,Male,Car,42,No,No,No,Poor Weather Visibility,Low,0.0
ACC26600,03-12-2023,10:17,Andhra Pradesh,Visakhapatnam,16.7001,79.6921,Village Road,Overcast,Day,23,Male,Car,46,No,No,No,Poor Weather Visibility,Low,0.0
ACC26601,06-09-2022,17:59,Kerala,Ernakulam,10.1396,76.3921,Village Road,Rainy,Dusk,36,Female,Auto,21,No,No,No,Poor Weather Visibility,Low,0.0
ACC26602,11-06-2023,15:39,Tamil Nadu,Coimbatore,11.7254,78.161,City Road,Clear,Day,33,Female,Car,25,No,No,No,Signal Jumping,Low,
ACC26603,20-04-2022,22:57,Tamil Nadu,Coimbatore,11.1695,78.5068,Expressway,Clear,Night,24,Male,Car,91,No,Yes,No,Over Speeding,High,7.0
ACC26604,14-08-2022,08:57,Karnataka,Belagavi,15.3501,76.1656,Village Road,Cloudy,Day,47,Male,Car,35,No,No,Yes,Pothole/Bad Road,Low,2.0
ACC26605,14-01-2022,20:42,Tamil Nadu,Tiruchirappalli,10.975,78.6594,Expressway,Cloudy,Night,44,Male,Bike,82,No,No,No,Over Speeding,High,4.0
ACC26606,02-09-2024,11:16,Kerala,Kozhikode,11.3125,76.0428,City Road,Rainy,Day,41,Male,Car,33,No,No,No,Poor Weather Visibility,Low,0.0
ACC26607,04-04-2024,17:02,Tamil Nadu,Chennai,9.6285,78.333,State Highway,Clear,Dusk,52,Male,Bus,63,No,No,Yes,Pothole/Bad Road,Medium,4.0
ACC26608,10-01-2022,21:32,Kerala,Kozhikode,10.2527,76.8005,City Road,Clear,Night,48,Male,Truck,54,No,No,No,Signal Jumping,Low,0.0
ACC26609,29-11-2023,09:37,Puducherry,Puducherry,11.721,79.7144,Expressway,Clear,Day,27,Male,Bike,77,No,No,No,Over Speeding,High,3.0
ACC26610,21-11-2023,22:33,Telangana,Warangal,17.6888,78.1067,City Road,Cloudy,Night,25,Female,Bus,45,No,No,Yes,Pothole/Bad Road,Low,0.0
ACC26611,27-04-2023,12:36,Andhra Pradesh,Nellore,15.8812,79.5347,City Road,Rainy,Day,20,Female,Bike,49,No,No,No,Poor Weather Visibility,Low,1.0
ACC26612,25-03-2023,23:34,Tamil Nadu,Salem,11.1405,78.0376,City Road,Rainy,Night,33,Male,Bus,57,No,Yes,No,Poor Weather Visibility,Medium,1.0
ACC26613,24-04-2024,11:07,Karnataka,Mysuru,14.7364,75.0267,City Road,Rainy,Day,41,Male,Car,39,No,No,No,Poor Weather Visibility,Low,0.0
ACC26614,05-07-2022,12:43,Karnataka,Belagavi,14.9735,75.4381,State Highway,Clear,Day,40,Male,Bike,62,No,No,No,Signal Jumping,Low,0.0