Accident_ID,Date,Time,State,District,Latitude,Longitude,Road_Type,Weather,Light_Condition,Driver_Age,Driver_Gender,Vehicle_Type,Speed_kmph,Alcohol_Involved,Driver_Drowsy,Pothole_Involved,Cause_of_Accident,Severity,Casualties
ACC26615,05-03-2022,21:40,Tamil Nadu,Chennai,10.2876,78.4335,National Highway,Rainy,Night,35,Male,Car,61,No,Yes,No,Poor Weather Visibility,Medium,3.0
ACC26616,29-01-2022,09:11,Telangana,Nizamabad,17.2791,78.0877,Village Road,Clear,Day,38,Male,Car,41,No,No,No,Signal Jumping,Low,0.0
ACC26617,18-03-2023,22:59,Karnataka,Mysuru,14.7298,75.8629,City Road,Foggy,Night,31,Male,Bus,64,Yes,No,No,Poor Weather Visibility,High,10.0
ACC26618,04-06-2024,03:59,Karnataka,Bengaluru Urban,15.0286,75.6205,National Highway,Overcast,Night,18,Male,Bike,67,No,No,No,Poor Weather Visibility,High,12.0
ACC26619,08-11-2023,15:31,Andhra Pradesh,Vijayawada,16.5169,79.6292,National Highway,Rainy,Day,23,Male,Bike,64,No,No,No,Poor Weather Visibility,Medium,4.0
ACC26620,08-05-2022,11:40,Tamil Nadu,Coimbatore,10.8634,79.3261,Village Road,Cloudy,Day,32,Male,Car,35,No,No,No,Poor Weather Visibility,Low,1.0
ACC26621,02-08-2022,10:43,Andhra Pradesh,Guntur,16.2184,79.7863,State Highway,Clear,Day,18,Female,Car,53,No,No,No,Poor Weather Visibility,Low,0.0
ACC26622,08-08-2024,17:59,Karnataka,Hubballi,15.649,75.6149,Village Road,Cloudy,Dusk,45,Male,Bike,44,No,No,Yes,Pothole/Bad Road,Low,0.0
ACC26623,19-04-2022,05:53,Kerala,Kollam,10.7254,76.4597,City Road,Clear,Dawn,32,Female,Truck,58,No,No,No,Signal Jumping,Low,0.0
ACC26624,09-01-2024,16:46,Karnataka,Mangaluru,15.114,75.7959,State Highway,Clear,Day,38,Female,Truck,59,No,No,No,Signal Jumping,Low,1.0
ACC26625,27-12-2024,13:08,Telangana,Karimnagar,17.5093,79.4239,National Highway,Clear,Day,18,Male,Bike,74,No,No,No,Signal Jumping,Low,0.0
ACC26626,09-06-2022,13:13,Tamil Nadu,Salem,10.4152,78.1282,National Highway,Foggy,Day,52,Male,Auto,44,No,No,No,Poor Weather Visibility,Low,1.0
ACC26627,03-04-2022,15:49,Telangana,Nizamabad,17.8413,78.7955,State Highway,Clear,Day,23,Male,Car,84,Yes,No,No,Drunk Driving,High,5.0
ACC26628,01-02-2022,20:20,Tamil Nadu,Coimbatore,11.1835,78.6426,Village Road,Cloudy,Night,43,Male,Car,37,No,No,No,Signal Jumping,Low,0.0
ACC26629,29-08-2024,05:31,Tamil Nadu,Salem,11.3476,78.6409,City Road,Clear,Dawn,32,Male,Truck,69,No,No,No,Over Speeding,Low,1.0
ACC26630,08-07-2023,23:39,Puducherry,Puducherry,11.6371,79.5886,City Road,Clear,Night,46,Male,Bike,44,No,No,Yes,Pothole/Bad Road,Low,0.0
ACC26631,08-06-2023,18:59,Karnataka,Mysuru,15.498,75.6126,National Highway,Clear,Dusk,60,Female,Bus,86,No,No,No,Over Speeding,Low,3.0
ACC26632,02-09-2024,13:14,Kerala,Thrissur,10.5355,75.427,City Road,Clear,Day,25,Male,Bike,44,No,No,No,Signal Jumping,Low,1.0
ACC26633,13-10-2023,08:13,Tamil Nadu,Tiruchirappalli,11.2069,78.6138,National Highway,Cloudy,Day,40,Female,Bike,77,No,No,No,Over Speeding,Medium,3.0
ACC26634,31-10-2023,12:07,Telangana,Nizamabad,17.8558,79.786,Village Road,Foggy,Day,18,Male,Bike,39,No,No,Yes,Poor Weather Visibility,Medium,1.0
ACC26635,03-03-2024,20:24,Kerala,Kozhikode,9.8214,75.7904,State Highway,Clear,Night,41,Male,Auto,65,No,No,No,Over Speeding,Low,1.0
ACC26636,15-06-2022,05:48,Telangana,Khammam,17.8367,79.0845,Village Road,Rainy,Dawn,27,Male,Car,44,No,No,No,Poor Weather Visibility,Low,0.0
ACC26637,14-11-2022,22:08,Andhra Pradesh,Nellore,15.6574,79.8445,City Road,Clear,Night,25,Male,Bus,52,No,No,No,Poor Weather Visibility,Medium,3.0
ACC26638,30-12-2024,18:12,Tamil Nadu,Madurai,11.1397,78.2303,City Road,Cloudy,Dusk,35,Male,Auto,47,No,No,No,Signal Jumping,Medium,1.0
ACC26639,11-09-2022,14:46,Andhra Pradesh,Guntur,15.8852,79.777,State Highway,Rainy,Day,21,Male,Car,63,No,No,No,Poor Weather Visibility,Medium,2.0
ACC26640,08-10-2024,19:56,Karnataka,Bengaluru Urban,15.0596,75.5572,National Highway,Clear,Night,54,Male,Auto,50,No,No,No,Signal Jumping,Medium,2.0
ACC26641,14-12-2022,21:13,Andhra Pradesh,Vijayawada,16.0988,79.4639,Village Road,Cloudy,Night,46,Male,Bike,42,No,No,Yes,Pothole/Bad Road,Medium,2.0
ACC26642,25-04-2022,16:49,Kerala,Kozhikode,10.469,75.9033,National Highway,Clear,Day,39,Male,Car,82,Yes,No,No,Drunk Driving,Medium,4.0
ACC26643,05-02-2023,19:36,Tamil Nadu,Chennai,11.5475,79.5317,State Highway,Clear,Night,18,Male,Auto,69,Yes,No,No,Drunk Driving,High,4.0
ACC26644,07-05-2022,09:10,Karnataka,Hubballi,15.1325,76.0355,National Highway,Overcast,Day,18,Female,Bike,75,No,No,No,Over Speeding,Medium,3.0
ACC26645,07-04-2024,08:29,Tamil Nadu,Tiruchirappalli,12.3834,78.8224,Village Road,Rainy,Day,41,Male,Car,45,No,No,No,Poor Weather Visibility,Low,1.0
ACC26646,17-03-2024,13:25,Karnataka,Belagavi,14.7527,75.2699,National Highway,Rainy,Day,21,Male,Truck,79,No,Yes,No,Poor Weather Visibility,Medium,2.0
ACC26647,24-11-2024,21:22,Telangana,Warangal,17.9516,78.8247,Village Road,Cloudy,Night,35,Male,Bus,38,No,Yes,No,Drowsy Driving,Low,1.0
ACC26648,16-07-2024,03:22,Tamil Nadu,Coimbatore,11.6091,78.5844,State Highway,Clear,Night,18,Male,Bike,44,No,No,No,Signal Jumping,Low,0.0
ACC26649,08-05-2024,05:55,Tamil Nadu,Madurai,10.8643,77.883,State Highway,Clear,Dawn,45,Male,Car,70,No,No,No,Over Speeding,Low,2.0
ACC26650,12-07-2024,10:57,Telangana,Hyderabad,17.31,79.2806,Expressway,Clear,Day,51,Female,Bike,80,No,No,No,Over Speeding,Low,2.0
ACC26651,12-03-2024,19:38,Tamil Nadu,Madurai,10.8695,78.7563,National Highway,Clear,Night,31,Male,Bus,72,No,No,No,Over Speeding,Medium,1.0
ACC26652,03-07-2023,12:46,Karnataka,Bengaluru Urban,15.7203,75.6522,National Highway,Clear,Day,22,Male,Auto,72,Yes,No,No,Drunk Driving,Medium,2.0
ACC26653,30-05-2023,19:22,Karnataka,Belagavi,15.7912,76.0939,State Highway,Clear,Night,62,Male,Bus,56,No,No,No,Signal Jumping,Low,0.0
ACC26654,19-09-2024,12:50,Andhra Pradesh,Guntur,15.7208,80.3394,National Highway,Clear,Day,59,Male,Car,73,No,No,No,Over Speeding,Low,3.0
ACC26655,03-11-2022,22:24,Puducherry,Karaikal,11.6976,79.9652,City Road,Clear,Night,38,Female,Truck,57,No,No,No,Signal Jumping,Low,0.0
ACC26656,06-01-2023,08:48,Kerala,Ernakulam,10.1005,76.3878,National Highway,Clear,Day,39,Male,Auto,68,No,No,No,Over Speeding,Medium,3.0
ACC26657,30-07-2022,19:55,Kerala,Kozhikode,10.1916,76.6242,City Road,Clear,Night,18,Male,Truck,66,No,Yes,No,Drowsy Driving,High,5.0
ACC26658,07-07-2024,00:34,Telangana,Karimnagar,17.6294,79.8499,Expressway,Foggy,Night,26,Male,Bike,77,No,No,No,Poor Weather Visibility,High,10.0
ACC26659,18-01-2024,15:16,Andhra Pradesh,Nellore,15.8459,80.0504,Village Road,Clear,Day,48,Female,Auto,60,No,Yes,Yes,Drowsy Driving,Medium,1.0
ACC26660,19-04-2023,14:19,Karnataka,Mysuru,15.1608,75.3311,National Highway,Foggy,Day,40,Male,Bike,82,No,Yes,No,Poor Weather Visibility,High,6.0
ACC26661,06-06-2022,20:37,Telangana,Warangal,17.3947,79.1757,City Road,Rainy,Night,18,Male,Car,56,Yes,No,Yes,Poor Weather Visibility,High,6.0
ACC26662,03-03-2022,12:17,Karnataka,Belagavi,15.8557,75.7059,Village Road,Cloudy,Day,52,Male,Car,22,No,No,No,Poor Weather Visibility,Low,0.0
ACC26663,03-04-2023,01:54,Tamil Nadu,Madurai,10.4483,77.7052,State Highway,Rainy,Night,23,Male,Truck,76,Yes,Yes,No,Poor Weather Visibility,High,7.0
ACC26664,26-09-2023,12:16,Karnataka,Mangaluru,15.443,75.299,City Road,Rainy,Day,42,Male,Bike,38,No,No,Yes,Poor Weather Visibility,Low,3.0
ACC26665,29-07-2022,21:49,Karnataka,Hubballi,15.1082,76.1929,Village Road,Clear,Night,36,Male,Bike,38,No,No,No,Signal Jumping,Low,1.0
ACC26666,01-03-2024,09:51,Kerala,Thiruvananthapuram,10.2334,76.0677,City Road,Rainy,Day,44,Male,Truck,28,No,No,Yes,Poor Weather Visibility,Low,0.0
ACC26667,05-07-2023,12:50,Karnataka,Hubballi,14.5071,75.2961,City Road,Clear,Day,39,Male,Car,60,No,No,No,Over Speeding,Low,2.0
ACC26668,31-08-2022,09:38,Telangana,Nizamabad,18.0657,78.8838,Expressway,Cloudy,Day,21,Male,Bike,72,No,No,No,Poor Weather Visibility,Medium,3.0
ACC26669,14-04-2023,13:28,Karnataka,Hubballi,15.3916,76.3201,Village Road,Overcast,Day,46,Female,Truck,37,No,No,No,Poor Weather Visibility,Low,0.0
ACC26670,30-07-2022,09:24,Telangana,Hyderabad,18.2075,79.0469,Village Road,Rainy,Day,41,Male,Auto,55,No,No,Yes,Poor Weather Visibility,Medium,7.0
ACC26671,24-06-2023,17:32,Telangana,Warangal,18.1384,78.8429,Expressway,Rainy,Dusk,18,Male,Bus,75,No,No,No,Poor Weather Visibility,Medium,2.0
ACC26672,06-10-2024,18:34,Telangana,Nizamabad,18.3509,79.6904,Village Road,Rainy,Dusk,39,Male,Car,41,No,Yes,No,Poor Weather Visibility,Low,2.0
ACC26673,18-11-2022,08:40,Puducherry,Karaikal,12.1678,79.6999,City Road,Cloudy,Day,41,Male,Truck,51,No,No,Yes,Pothole/Bad Road,Medium,3.0
ACC26674,16-03-2023,10:02,Karnataka,Mangaluru,15.7807,75.8247,State Highway,Clear,Day,33,Male,Bike,66,No,No,No,Over Speeding,Low,1.0
ACC26675,01-02-2024,18:37,Tamil Nadu,Tiruchirappalli,10.8337,78.1341,City Road,Clear,Dusk,38,Male,Bike,45,No,No,No,Signal Jumping,Low,
ACC26676,29-08-2024,15:46,Karnataka,Mangaluru,15.4942,75.8407,Village Road,Rainy,Day,41,Male,Bike,50,No,No,No,Poor Weather Visibility,Medium,2.0
ACC26677,29-08-2023,22:38,Kerala,Kozhikode,9.5415,76.1501,State Highway,Clear,Night,34,Male,Bus,71,No,Yes,No,Drowsy Driving,Medium,4.0
ACC26678,06-12-2024,16:39,Tamil Nadu,Tiruchirappalli,11.514,78.5373,State Highway,Clear,Day,47,Male,Car,81,No,Yes,No,Over Speeding,Medium,3.0
ACC26679,13-11-2022,09:04,Andhra Pradesh,Nellore,15.6415,79.5361,Village Road,Clear,Day,23,Male,Auto,67,Yes,No,No,Drunk Driving,High,9.0
ACC26680,25-01-2023,21:11,Kerala,Ernakulam,10.4187,76.5516,Expressway,Cloudy,Night,47,Female,Bike,65,No,No,No,Poor Weather Visibility,High,11.0
ACC26681,08-12-2023,13:01,Tamil Nadu,Tiruchirappalli,11.7065,78.4621,Village Road,Clear,Day,24,Male,Auto,29,No,No,Yes,Pothole/Bad Road,Low,2.0
ACC26682,01-06-2024,11:49,Tamil Nadu,Salem,10.898,79.0515,City Road,Overcast,Day,18,Male,Car,38,No,No,No,Signal Jumping,Low,1.0
ACC26683,14-07-2022,22:36,Kerala,Thiruvananthapuram,10.3235,76.9803,State Highway,Clear,Night,36,Male,Bus,54,No,Yes,No,Drowsy Driving,Medium,1.0
ACC26684,01-07-2022,19:41,Telangana,Hyderabad,18.5357,79.9761,City Road,Clear,Night,58,Male,Car,37,No,No,No,Signal Jumping,Low,3.0
ACC26685,08-03-2022,11:59,Tamil Nadu,Tiruchirappalli,11.1284,78.428,City Road,Overcast,Day,46,Male,Bike,63,No,No,Yes,Pothole/Bad Road,Medium,6.0
ACC26686,15-02-2022,13:10,Andhra Pradesh,Visakhapatnam,16.2835,79.9056,City Road,Clear,Day,18,Female,Bike,40,No,No,No,Signal Jumping,Low,0.0
ACC26687,21-05-2024,22:53,Kerala,Thiruvananthapuram,10.4868,76.0682,National Highway,Rainy,Night,31,Male,Car,87,No,Yes,No,Poor Weather Visibility,High,3.0
ACC26688,18-10-2022,02:14,Telangana,Nizamabad,18.1808,79.2336,Village Road,Clear,Night,50,Female,Auto,31,No,No,No,Poor Weather Visibility,Low,1.0
ACC26689,17-10-2022,07:40,Andhra Pradesh,Visakhapatnam,15.4018,80.2096,Village Road,Rainy,Day,51,Male,Bike,55,No,No,No,Poor Weather Visibility,Medium,4.0
ACC26690,12-09-2023,01:45,Tamil Nadu,Tiruchirappalli,10.973,78.5192,City Road,Clear,Night,18,Male,Bike,62,No,No,Yes,Pothole/Bad Road,Medium,3.0
ACC26691,12-03-2022,09:50,Puducherry,Karaikal,11.2478,79.4239,State Highway,Clear,Day,39,Male,Car,57,No,No,No,Signal Jumping,Low,1.0
ACC26692,08-07-2024,04:10,Kerala,Thiruvananthapuram,9.8577,75.6974,Village Road,Rainy,Night,39,Male,Bike,61,Yes,No,Yes,Poor Weather Visibility,High,4.0
ACC26693,15-09-2022,10:10,Telangana,Hyderabad,17.7424,79.074,City Road,Clear,Day,32,Male,Auto,46,No,No,No,Signal Jumping,Low,1.0
ACC26694,15-01-2022,04:55,Karnataka,Belagavi,15.5024,75.9761,State Highway,Clear,Night,38,Male,Car,75,Yes,No,No,Drunk Driving,High,4.0
ACC26695,18-06-2022,21:02,Tamil Nadu,Chennai,10.2683,78.3169,National Highway,Clear,Night,32,Male,Bike,59,No,No,No,Signal Jumping,Medium,1.0
ACC26696,04-07-2023,00:19,Telangana,Khammam,17.5296,78.6122,City Road,Clear,Night,29,Male,Bike,49,No,Yes,Yes,Drowsy Driving,Medium,2.0
ACC26697,30-10-2024,07:29,Karnataka,Hubballi,15.0472,75.9345,City Road,Clear,Day,32,Male,Car,24,No,No,No,Signal Jumping,Low,1.0
ACC26698,12-08-2023,13:02,Karnataka,Mysuru,15.7594,75.777,State Highway,Clear,Day,34,Male,Bike,53,No,No,No,Poor Weather Visibility,Low,
ACC26699,23-12-2024,08:49,Telangana,Nizamabad,16.6882,78.9356,State Highway,Clear,Day,35,Male,Auto,64,No,No,No,Over Speeding,Low,
ACC26700,17-08-2023,19:05,Telangana,Hyderabad,17.5918,78.8025,National Highway,Foggy,Night,33,Male,Bike,80,Yes,No,No,Poor Weather Visibility,High,6.0
ACC26701,25-12-2023,16:41,Andhra Pradesh,Nellore,16.0073,79.8854,City Road,Cloudy,Day,36,Male,Car,40,No,No,No,Poor Weather Visibility,Low,0.0
ACC26702,21-10-2022,12:38,Telangana,Warangal,16.8101,78.6276,Village Road,Foggy,Day,18,Male,Bike,51,No,No,No,Poor Weather Visibility,Medium,4.0
ACC26703,04-08-2023,21:01,Andhra Pradesh,Visakhapatnam,15.4718,79.5094,Village Road,Overcast,Night,24,Male,Car,48,Yes,No,No,Drunk Driving,High,6.0
ACC26704,14-10-2023,16:18,Kerala,Thrissur,10.1534,76.5383,City Road,Clear,Day,24,Male,Truck,47,Yes,No,No,Drunk Driving,Low,0.0
ACC26705,24-02-2023,08:42,Tamil Nadu,Salem,10.5574,78.489,City Road,Clear,Day,32,Male,Car,27,No,No,Yes,Pothole/Bad Road,Low,0.0
ACC26706,17-04-2024,20:02,Karnataka,Mysuru,15.5525,75.658,State Highway,Rainy,Night,45,Male,Truck,61,Yes,No,No,Signal Jumping,High,7.0
ACC26707,25-02-2023,09:11,Telangana,Karimnagar,17.5535,79.1446,National Highway,Rainy,Day,30,Male,Car,74,No,No,No,Poor Weather Visibility,Medium,5.0
ACC26708,14-11-2024,13:47,Andhra Pradesh,Vijayawada,16.0486,80.0306,City Road,Clear,Day,26,Female,Bus,47,No,No,No,Signal Jumping,Medium,0.0
ACC26709,18-08-2022,21:36,Karnataka,Belagavi,15.2984,76.1384,City Road,Clear,Night,49,Male,Bike,59,No,No,No,Signal Jumping,Low,2.0
ACC26710,07-05-2023,20:00,Tamil Nadu,Coimbatore,10.2964,79.2919,State Highway,Cloudy,Night,49,Male,Car,64,No,No,No,Poor Weather Visibility,Medium,
ACC26711,05-05-2023,18:55,Tamil Nadu,Coimbatore,11.1311,78.2451,National Highway,Clear,Dusk,55,Male,Bike,44,No,No,No,Signal Jumping,Low,0.0
ACC26712,04-01-2023,16:11,Karnataka,Bengaluru Urban,15.01,75.5997,Village Road,Rainy,Day,33,Male,Bike,39,No,Yes,No,Poor Weather Visibility,Medium,8.0
ACC26713,06-08-2023,09:58,Tamil Nadu,Tiruchirappalli,11.006,78.0573,City Road,Cloudy,Day,21,Female,Car,50,Yes,No,No,Drunk Driving,Low,0.0
ACC26714,20-11-2024,18:51,Karnataka,Belagavi,15.3763,75.0817,City Road,Overcast,Dusk,37,Male,Auto,44,No,No,Yes,Pothole/Bad Road,Medium,2.0
ACC26715,30-09-2022,17:44,Tamil Nadu,Coimbatore,11.2584,78.1358,National Highway,Clear,Dusk,32,Male,Truck,59,No,No,No,Signal Jumping,Low,2.0
ACC26716,20-01-2024,17:42,Telangana,Nizamabad,16.7439,79.6947,State Highway,Clear,Dusk,22,Male,Auto,55,No,No,No,Poor Weather Visibility,Medium,3.0
ACC26717,10-01-2024,19:52,Telangana,Khammam,17.2274,79.0178,National Highway,Clear,Night,46,Male,Bike,61,No,No,No,Signal Jumping,Medium,3.0
ACC26718,07-04-2022,19:57,Karnataka,Mangaluru,15.7023,75.6783,Village Road,Rainy,Night,40,Female,Auto,63,No,Yes,Yes,Poor Weather Visibility,Medium,0.0
ACC26719,12-12-2023,18:25,Karnataka,Belagavi,15.2301,75.1299,National Highway,Rainy,Dusk,48,Male,Bus,70,No,No,No,Poor Weather Visibility,Medium,2.0
ACC26720,08-10-2022,11:58,Karnataka,Bengaluru Urban,15.3999,74.9289,City Road,Overcast,Day,43,Male,Bike,33,No,No,No,Poor Weather Visibility,Low,1.0
ACC26721,10-09-2023,17:17,Tamil Nadu,Tiruchirappalli,12.0014,78.6648,State Highway,Rainy,Dusk,44,Male,Bike,63,No,No,No,Poor Weather Visibility,Medium,2.0
ACC26722,09-01-2022,20:47,Telangana,Hyderabad,17.8551,78.553,Expressway,Rainy,Night,48,Male,Bus,77,No,Yes,No,Poor Weather Visibility,High,10.0
ACC26723,25-09-2022,18:27,Tamil Nadu,Madurai,11.2194,78.3496,City Road,Clear,Dusk,18,Male,Bus,69,Yes,No,No,Drunk Driving,Medium,2.0
ACC26724,24-06-2022,22:27,Telangana,Hyderabad,18.1671,78.6045,Village Road,Clear,Night,35,Male,Bike,37,No,No,Yes,Pothole/Bad Road,Low,0.0
ACC26725,12-10-2022,14:38,Kerala,Kozhikode,10.474,76.5899,State Highway,Clear,Day,49,Male,Car,54,No,No,No,Signal Jumping,Low,0.0
ACC26726,27-01-2023,14:33,Karnataka,Bengaluru Urban,14.9774,75.4059,State Highway,Rainy,Day,49,Female,Bike,50,No,Yes,No,Poor Weather Visibility,Medium,2.0
ACC26727,08-02-2023,18:09,Kerala,Kollam,10.385,76.8494,City Road,Clear,Dusk,33,Female,Bike,54,No,No,No,Poor Weather Visibility,Low,1.0
ACC26728,27-12-2024,01:41,Andhra Pradesh,Kurnool,16.1482,80.1682,Expressway,Cloudy,Night,31,Female,Auto,85,No,No,No,Over Speeding,High,5.0
ACC26729,25-08-2024,23:38,Kerala,Ernakulam,10.2855,76.3587,National Highway,Clear,Night,35,Female,Car,81,No,No,No,Over Speeding,Medium,4.0
ACC26730,17-04-2024,20:35,Tamil Nadu,Tiruchirappalli,11.0624,79.4276,State Highway,Rainy,Night,24,Female,Bike,76,No,Yes,No,Poor Weather Visibility,High,5.0
ACC26731,16-05-2022,06:07,Telangana,Karimnagar,17.5708,78.7022,City Road,Rainy,Day,39,Male,Auto,55,Yes,Yes,No,Poor Weather Visibility,High,5.0
ACC26732,22-08-2023,01:17,Kerala,Ernakulam,10.5133,76.5302,Village Road,Clear,Night,18,Male,Bike,53,No,No,Yes,Pothole/Bad Road,Medium,6.0
ACC26733,10-09-2024,06:57,Tamil Nadu,Salem,10.9819,78.4571,Expressway,Clear,Day,63,Male,Car,89,No,No,No,Over Speeding,Medium,3.0
ACC26734,03-09-2022,06:00,Andhra Pradesh,Nellore,16.0038,80.8567,Village Road,Clear,Day,18,Female,Auto,42,Yes,No,No,Drunk Driving,Medium,2.0
ACC26735,24-12-2023,16:11,Tamil Nadu,Tiruchirappalli,10.9605,78.226,National Highway,Rainy,Day,25,Female,Bike,67,No,No,No,Poor Weather Visibility,Medium,3.0
ACC26736,20-05-2024,19:33,Karnataka,Hubballi,15.6025,75.9757,State Highway,Overcast,Night,38,Male,Bike,74,Yes,No,Yes,Drunk Driving,High,3.0
ACC26737,07-01-2023,08:01,Karnataka,Bengaluru Urban,15.2454,75.3237,Expressway,Clear,Day,32,Male,Car,81,No,No,No,Over Speeding,Medium,4.0
ACC26738,07-05-2024,20:46,Tamil Nadu,Chennai,10.6911,78.9958,National Highway,Clear,Night,28,Male,Bike,90,Yes,Yes,Yes,Over Speeding,High,12.0
ACC26739,04-09-2023,09:36,Karnataka,Hubballi,15.3499,76.3612,State Highway,Rainy,Day,24,Female,Bike,60,No,No,No,Poor Weather Visibility,Medium,2.0
ACC26740,26-02-2023,19:46,Telangana,Hyderabad,18.3828,79.3601,City Road,Cloudy,Night,36,Male,Bus,47,No,No,Yes,Pothole/Bad Road,Low,0.0
ACC26741,27-09-2022,13:26,Kerala,Ernakulam,10.1737,76.6921,City Road,Clear,Day,18,Male,Bus,65,No,No,Yes,Pothole/Bad Road,Medium,0.0
ACC26742,11-02-2022,07:58,Tamil Nadu,Coimbatore,11.4825,77.9557,State Highway,Clear,Day,49,Male,Bike,55,No,No,Yes,Pothole/Bad Road,Medium,4.0
ACC26743,30-08-2024,11:24,Tamil Nadu,Tiruchirappalli,11.6802,78.6353,Expressway,Clear,Day,49,Male,Bus,89,No,Yes,No,Over Speeding,Medium,8.0
ACC26744,21-03-2023,05:20,Andhra Pradesh,Visakhapatnam,16.187,80.2617,National Highway,Clear,Dawn,73,Male,Bike,54,No,No,Yes,Pothole/Bad Road,Low,2.0
ACC26745,13-04-2022,15:10,Karnataka,Mangaluru,15.2513,75.8508,State Highway,Cloudy,Day,25,Male,Car,55,No,No,Yes,Pothole/Bad Road,Medium,4.0
ACC26746,10-03-2024,08:24,Tamil Nadu,Coimbatore,10.8819,77.8172,National Highway,Clear,Day,42,Male,Auto,62,No,No,No,Signal Jumping,Medium,2.0
ACC26747,01-09-2022,17:02,Telangana,Khammam,18.046,79.0363,State Highway,Clear,Dusk,40,Male,Auto,55,No,No,No,Signal Jumping,Low,0.0
ACC26748,20-02-2023,20:33,Tamil Nadu,Coimbatore,10.5266,79.3251,Village Road,Clear,Night,44,Female,Bike,45,Yes,No,No,Drunk Driving,Low,0.0
ACC26749,07-12-2023,06:53,Telangana,Karimnagar,17.6313,78.3228,State Highway,Rainy,Day,52,Male,Bike,75,No,No,Yes,Poor Weather Visibility,High,6.0
ACC26750,02-04-2022,18:57,Andhra Pradesh,Visakhapatnam,15.8937,79.7739,Expressway,Clear,Dusk,21,Female,Truck,92,Yes,No,No,Over Speeding,High,3.0
ACC26751,15-10-2022,04:20,Tamil Nadu,Tiruchirappalli,11.3255,78.4012,Village Road,Overcast,Night,43,Male,Bus,40,No,Yes,No,Drowsy Driving,Low,2.0
ACC26752,25-04-2023,09:30,Karnataka,Mangaluru,15.0015,75.1999,City Road,Clear,Day,45,Female,Auto,58,Yes,No,No,Drunk Driving,Medium,1.0
ACC26753,14-04-2022,08:16,Telangana,Warangal,18.6594,78.501,State Highway,Clear,Day,60,Male,Auto,60,No,No,No,Signal Jumping,Low,2.0
ACC26754,28-05-2023,18:59,Kerala,Thiruvananthapuram,9.99,76.6403,State Highway,Overcast,Dusk,31,Male,Car,39,No,No,No,Poor Weather Visibility,Low,1.0
ACC26755,04-02-2022,08:43,Tamil Nadu,Tiruchirappalli,10.8141,78.8251,Village Road,Clear,Day,49,Male,Auto,53,No,No,No,Signal Jumping,Low,3.0
ACC26756,16-07-2023,10:56,Tamil Nadu,Chennai,10.9361,78.3023,City Road,Rainy,Day,22,Male,Bike,31,No,No,Yes,Poor Weather Visibility,Low,1.0
ACC26757,17-05-2022,18:03,Kerala,Kollam,10.3437,76.6547,National Highway,Cloudy,Dusk,31,Female,Bike,85,No,No,No,Over Speeding,Medium,2.0
ACC26758,14-01-2022,16:03,Tamil Nadu,Tiruchirappalli,11.1958,78.5099,City Road,Cloudy,Day,52,Male,Truck,51,No,Yes,Yes,Drowsy Driving,Medium,3.0
ACC26759,06-10-2024,13:21,Karnataka,Mangaluru,14.5074,75.563,State Highway,Clear,Day,32,Male,Bike,34,No,No,No,Signal Jumping,Low,0.0
ACC26760,28-08-2022,07:26,Andhra Pradesh,Kurnool,15.6397,79.3389,City Road,Cloudy,Day,18,Female,Bike,58,No,No,No,Poor Weather Visibility,Low,1.0
ACC26761,09-08-2022,11:39,Tamil Nadu,Coimbatore,10.6632,78.0342,State Highway,Clear,Day,44,Male,Bike,45,No,No,No,Poor Weather Visibility,Low,0.0
ACC26762,19-06-2022,09:22,Andhra Pradesh,Guntur,15.6704,80.183,City Road,Clear,Day,19,Male,Bike,36,Yes,No,No,Drunk Driving,Low,0.0
ACC26763,10-01-2023,22:06,Kerala,Kozhikode,9.5686,76.0261,City Road,Clear,Night,53,Male,Bike,42,No,No,Yes,Pothole/Bad Road,Medium,3.0
ACC26764,18-06-2023,19:32,Telangana,Khammam,17.8469,79.1538,National Highway,Clear,Night,40,Male,Truck,47,No,No,No,Signal Jumping,Low,0.0
ACC26765,25-09-2024,04:50,Andhra Pradesh,Vijayawada,16.5392,79.1022,City Road,Clear,Night,36,Male,Truck,42,No,No,No,Signal Jumping,Low,
ACC26766,08-03-2022,16:23,Kerala,Kollam,10.5647,76.4446,State Highway,Clear,Day,51,Female,Auto,69,No,No,No,Over Speeding,Low,1.0
ACC26767,17-03-2024,18:30,Tamil Nadu,Chennai,11.5942,78.1956,Village Road,Rainy,Dusk,43,Male,Car,56,No,No,No,Poor Weather Visibility,Low,2.0
ACC26768,21-02-2022,22:01,Tamil Nadu,Chennai,12.4147,78.3726,City Road,Cloudy,Night,41,Male,Auto,50,No,No,Yes,Pothole/Bad Road,Low,0.0
ACC26769,21-12-2022,23:43,Tamil Nadu,Coimbatore,11.2202,78.1549,Village Road,Overcast,Night,19,Male,Bike,69,Yes,No,No,Drunk Driving,High,9.0
ACC26770,27-12-2022,18:35,Andhra Pradesh,Visakhapatnam,15.3508,79.4378,City Road,Clear,Dusk,51,Male,Truck,38,No,No,No,Poor Weather Visibility,Low,1.0
ACC26771,21-06-2024,11:08,Kerala,Thiruvananthapuram,10.4535,76.4122,State Highway,Overcast,Day,19,Male,Bike,52,No,No,No,Poor Weather Visibility,Low,1.0