Accident_ID,Date,Time,State,District,Latitude,Longitude,Road_Type,Weather,Light_Condition,Driver_Age,Driver_Gender,Vehicle_Type,Speed_kmph,Alcohol_Involved,Driver_Drowsy,Pothole_Involved,Cause_of_Accident,Severity,Casualties
ACC26772,11-03-2023,14:23,Tamil Nadu,Madurai,10.7217,79.0392,Expressway,Clear,Day,47,Male,Car,79,No,No,No,Over Speeding,Medium,2.0
ACC26773,21-02-2023,01:54,Tamil Nadu,Coimbatore,10.8428,78.4565,City Road,Rainy,Night,37,Male,Bike,30,No,No,No,Poor Weather Visibility,Low,1.0
ACC26774,11-11-2024,10:48,Andhra Pradesh,Kurnool,16.2557,79.4856,National Highway,Clear,Day,40,Male,Truck,80,No,No,No,Over Speeding,Medium,3.0
ACC26775,06-05-2023,15:08,Telangana,Warangal,17.1756,78.7892,Village Road,Rainy,Day,36,Male,Car,61,No,No,Yes,Poor Weather Visibility,High,2.0
ACC26776,26-02-2023,18:59,Telangana,Khammam,17.8448,78.2204,City Road,Clear,Dusk,46,Male,Truck,53,No,No,No,Signal Jumping,Medium,5.0
ACC26777,12-06-2024,06:33,Andhra Pradesh,Vijayawada,15.3602,80.0436,Village Road,Foggy,Day,18,Female,Bus,32,No,No,No,Poor Weather Visibility,Low,0.0
ACC26778,28-02-2023,07:37,Tamil Nadu,Salem,10.9488,78.7449,Village Road,Overcast,Day,43,Female,Auto,40,No,No,No,Poor Weather Visibility,Low,1.0
ACC26779,26-02-2023,21:23,Tamil Nadu,Coimbatore,11.0018,78.8336,City Road,Cloudy,Night,18,Male,Auto,42,Yes,No,No,Drunk Driving,Medium,3.0
ACC26780,25-12-2022,13:18,Andhra Pradesh,Vijayawada,15.3879,79.8212,Expressway,Clear,Day,41,Female,Bike,91,No,No,No,Over Speeding,Medium,2.0
ACC26781,29-01-2024,10:40,Kerala,Kollam,10.4565,76.5355,City Road,Rainy,Day,54,Female,Auto,59,No,No,Yes,Poor Weather Visibility,Medium,2.0
ACC26782,23-12-2022,17:21,Karnataka,Belagavi,15.3922,75.9638,Village Road,Overcast,Dusk,27,Male,Bike,37,No,No,No,Poor Weather Visibility,Low,0.0
ACC26783,06-10-2022,04:12,Kerala,Thiruvananthapuram,9.9722,76.3515,Expressway,Rainy,Night,64,Male,Bus,89,No,No,No,Over Speeding,High,9.0
ACC26784,15-12-2022,19:06,Telangana,Hyderabad,18.3704,78.3041,National Highway,Overcast,Night,49,Male,Car,65,No,No,No,Signal Jumping,Low,1.0
ACC26785,24-02-2022,10:22,Tamil Nadu,Salem,11.219,78.9254,Village Road,Clear,Day,39,Male,Bike,39,No,No,No,Signal Jumping,Low,2.0
ACC26786,22-12-2023,11:25,Kerala,Thrissur,10.1858,76.0383,City Road,Rainy,Day,37,Female,Car,40,No,No,No,Poor Weather Visibility,Low,
ACC26787,15-01-2024,04:38,Telangana,Hyderabad,18.3527,79.2175,Expressway,Clear,Night,56,Male,Bike,76,No,No,No,Over Speeding,Medium,3.0
ACC26788,14-12-2022,00:41,Karnataka,Mysuru,15.4312,76.1295,National Highway,Clear,Night,32,Female,Auto,77,Yes,No,No,Drunk Driving,High,
ACC26789,23-04-2022,19:38,Puducherry,Karaikal,12.5085,79.4713,City Road,Cloudy,Night,32,Male,Auto,47,No,No,No,Poor Weather Visibility,Low,0.0
ACC26790,11-11-2022,11:38,Karnataka,Mangaluru,15.9288,75.6282,City Road,Rainy,Day,61,Male,Bike,69,No,No,Yes,Poor Weather Visibility,Medium,4.0
ACC26791,28-08-2024,14:21,Karnataka,Mangaluru,14.8471,76.0152,Expressway,Rainy,Day,39,Male,Car,69,No,No,No,Poor Weather Visibility,Medium,3.0
ACC26792,22-09-2023,15:30,Tamil Nadu,Tiruchirappalli,10.6349,79.2422,National Highway,Rainy,Day,36,Male,Car,64,No,No,No,Poor Weather Visibility,Medium,
ACC26793,28-09-2023,20:36,Karnataka,Belagavi,15.0281,75.8016,Expressway,Clear,Night,38,Male,Bike,77,No,No,No,Over Speeding,Medium,1.0
ACC26794,02-05-2022,18:10,Kerala,Ernakulam,10.4103,76.2616,Village Road,Clear,Dusk,29,Female,Car,43,No,No,No,Signal Jumping,Low,1.0
ACC26795,07-03-2024,13:22,Kerala,Thrissur,10.4419,76.5196,City Road,Clear,Day,28,Male,Auto,54,No,No,No,Signal Jumping,Low,0.0
ACC26796,16-02-2023,02:24,Telangana,Karimnagar,18.913,80.186,City Road,Clear,Night,48,Male,Auto,60,Yes,No,No,Drunk Driving,Medium,3.0
ACC26797,08-11-2022,22:29,Karnataka,Hubballi,15.3941,76.0151,National Highway,Rainy,Night,32,Male,Car,77,No,No,No,Poor Weather Visibility,High,4.0
ACC26798,08-04-2022,16:31,Tamil Nadu,Madurai,11.6118,78.3915,Village Road,Clear,Day,36,Male,Car,48,No,No,No,Signal Jumping,Medium,
ACC26799,14-11-2023,05:53,Kerala,Thiruvananthapuram,10.3784,76.4462,City Road,Rainy,Dawn,28,Male,Truck,45,No,No,Yes,Poor Weather Visibility,Low,0.0
ACC26800,09-04-2024,07:35,Kerala,Kollam,10.5369,76.3134,National Highway,Clear,Day,36,Male,Bike,73,No,No,No,Over Speeding,Low,3.0
ACC26801,08-01-2023,13:49,Tamil Nadu,Salem,11.0896,78.7771,National Highway,Clear,Day,32,Female,Auto,46,No,No,No,Signal Jumping,Low,1.0
ACC26802,12-02-2022,07:41,Andhra Pradesh,Vijayawada,15.937,79.0003,State Highway,Clear,Day,18,Male,Auto,80,No,No,No,Over Speeding,Medium,6.0
ACC26803,02-06-2022,20:28,Telangana,Karimnagar,18.1641,78.1474,Expressway,Cloudy,Night,18,Female,Bike,71,No,No,No,Poor Weather Visibility,Medium,3.0
ACC26804,25-08-2024,18:21,Karnataka,Bengaluru Urban,15.6275,75.607,National Highway,Rainy,Dusk,29,Female,Car,78,No,No,No,Poor Weather Visibility,High,10.0
ACC26805,22-02-2024,18:52,Kerala,Ernakulam,10.3123,75.9545,State Highway,Overcast,Dusk,44,Male,Truck,61,No,No,Yes,Pothole/Bad Road,Low,2.0
ACC26806,30-10-2022,09:09,Telangana,Khammam,17.4346,79.0744,National Highway,Clear,Day,44,Male,Bike,64,No,No,No,Signal Jumping,Medium,3.0
ACC26807,07-12-2022,19:17,Andhra Pradesh,Guntur,15.6328,79.903,City Road,Clear,Night,25,Male,Bus,35,No,No,No,Poor Weather Visibility,Low,2.0
ACC26808,08-02-2023,14:48,Kerala,Thrissur,9.7016,75.9394,City Road,Foggy,Day,19,Male,Auto,34,No,No,Yes,Poor Weather Visibility,Low,0.0
ACC26809,21-02-2023,16:27,Tamil Nadu,Tiruchirappalli,11.4123,78.3646,City Road,Cloudy,Day,30,Female,Car,71,Yes,No,No,Drunk Driving,Medium,0.0
ACC26810,20-05-2022,21:19,Tamil Nadu,Coimbatore,11.336,77.3702,City Road,Clear,Night,60,Male,Bike,37,Yes,No,No,Drunk Driving,Low,1.0
ACC26811,15-02-2022,15:06,Karnataka,Bengaluru Urban,15.9323,75.9718,City Road,Clear,Day,38,Male,Bike,47,No,No,No,Signal Jumping,Low,1.0
ACC26812,19-07-2024,13:17,Kerala,Kozhikode,9.9102,77.1232,National Highway,Rainy,Day,40,Male,Truck,91,No,No,No,Over Speeding,High,3.0
ACC26813,16-04-2022,20:21,Tamil Nadu,Coimbatore,11.2027,77.6529,City Road,Cloudy,Night,32,Male,Car,48,No,No,Yes,Pothole/Bad Road,Low,1.0
ACC26814,22-01-2024,20:58,Tamil Nadu,Madurai,10.936,78.452,National Highway,Rainy,Night,43,Female,Bike,66,No,No,No,Poor Weather Visibility,High,3.0
ACC26815,01-02-2022,20:58,Puducherry,Karaikal,12.525,79.2441,City Road,Rainy,Night,29,Male,Auto,55,No,No,Yes,Poor Weather Visibility,Medium,
ACC26816,06-03-2024,12:41,Telangana,Khammam,17.5375,79.9203,Expressway,Cloudy,Day,33,Female,Bike,97,Yes,Yes,No,Over Speeding,High,3.0
ACC26817,08-11-2023,18:01,Andhra Pradesh,Vijayawada,15.45,79.3978,National Highway,Cloudy,Dusk,62,Male,Bike,68,No,No,No,Poor Weather Visibility,Medium,4.0
ACC26818,03-05-2023,07:16,Andhra Pradesh,Vijayawada,16.1829,79.984,National Highway,Clear,Day,18,Male,Bike,48,No,No,No,Signal Jumping,Low,0.0
ACC26819,26-10-2024,16:31,Telangana,Warangal,17.8776,79.0893,State Highway,Clear,Day,43,Female,Auto,43,No,Yes,No,Drowsy Driving,Low,0.0
ACC26820,05-03-2024,21:30,Telangana,Warangal,17.2432,78.9225,National Highway,Rainy,Night,30,Male,Auto,60,No,No,No,Poor Weather Visibility,Medium,3.0
ACC26821,07-06-2024,10:56,Tamil Nadu,Coimbatore,10.7596,77.7758,Village Road,Clear,Day,34,Female,Truck,45,No,Yes,Yes,Drowsy Driving,Low,1.0
ACC26822,27-01-2023,20:28,Karnataka,Belagavi,14.721,75.5688,Expressway,Clear,Night,19,Male,Bike,74,No,No,No,Over Speeding,High,9.0
ACC26823,03-06-2022,20:49,Puducherry,Puducherry,12.417,79.5734,City Road,Clear,Night,29,Male,Truck,34,Yes,No,Yes,Drunk Driving,Low,1.0
ACC26824,11-09-2022,06:39,Karnataka,Hubballi,15.5833,75.5042,City Road,Clear,Day,39,Male,Car,41,No,No,No,Signal Jumping,Low,1.0
ACC26825,03-01-2022,03:26,Tamil Nadu,Salem,10.9572,79.212,National Highway,Overcast,Night,19,Male,Auto,69,No,No,No,Poor Weather Visibility,High,3.0
ACC26826,03-01-2024,17:52,Andhra Pradesh,Kurnool,15.7396,79.9247,Expressway,Rainy,Dusk,35,Male,Auto,77,No,No,No,Poor Weather Visibility,High,1.0
ACC26827,13-10-2023,20:10,Kerala,Thrissur,10.1632,75.773,National Highway,Clear,Night,44,Male,Truck,96,Yes,Yes,No,Over Speeding,High,5.0
ACC26828,15-05-2024,18:30,Karnataka,Mangaluru,14.76,76.1501,State Highway,Cloudy,Dusk,25,Female,Bike,79,No,No,Yes,Over Speeding,Medium,3.0
ACC26829,12-06-2024,13:56,Karnataka,Hubballi,15.2858,75.0239,State Highway,Clear,Day,25,Male,Car,71,Yes,No,No,Drunk Driving,Medium,3.0
ACC26830,13-09-2022,19:19,Andhra Pradesh,Visakhapatnam,16.479,79.8586,Village Road,Cloudy,Night,64,Male,Car,51,No,No,No,Poor Weather Visibility,Low,
ACC26831,11-04-2023,16:45,Karnataka,Hubballi,15.2364,75.9857,Village Road,Clear,Day,32,Female,Car,15,No,No,Yes,Pothole/Bad Road,Low,0.0
ACC26832,13-09-2024,17:43,Telangana,Karimnagar,18.4172,79.5585,State Highway,Rainy,Dusk,53,Male,Car,65,No,No,No,Poor Weather Visibility,Medium,3.0
ACC26833,12-02-2024,01:45,Tamil Nadu,Madurai,10.5272,78.6897,City Road,Clear,Night,47,Male,Truck,40,No,No,No,Signal Jumping,Low,0.0
ACC26834,11-05-2022,16:28,Telangana,Nizamabad,17.7674,78.5344,City Road,Clear,Day,21,Male,Bus,52,No,Yes,No,Drowsy Driving,Low,0.0
ACC26835,08-06-2023,16:30,Tamil Nadu,Madurai,11.6104,78.4697,Village Road,Foggy,Day,50,Male,Bike,42,No,No,No,Poor Weather Visibility,Low,1.0
ACC26836,18-08-2023,15:39,Puducherry,Karaikal,11.4565,80.147,Village Road,Rainy,Day,36,Female,Bike,45,No,No,Yes,Poor Weather Visibility,Low,0.0
ACC26837,31-01-2022,01:44,Tamil Nadu,Madurai,11.1434,79.7024,Village Road,Cloudy,Night,66,Female,Bike,51,No,No,No,Poor Weather Visibility,Low,
ACC26838,20-10-2024,07:29,Tamil Nadu,Coimbatore,10.8543,78.0987,Expressway,Clear,Day,39,Male,Car,60,No,No,No,Signal Jumping,Low,0.0
ACC26839,12-04-2022,13:42,Tamil Nadu,Salem,11.0431,78.4849,State Highway,Clear,Day,43,Male,Car,87,No,Yes,No,Over Speeding,Medium,6.0
ACC26840,13-05-2022,11:52,Telangana,Nizamabad,17.5222,78.8878,City Road,Clear,Day,55,Male,Truck,37,No,No,No,Signal Jumping,Low,2.0
ACC26841,10-08-2023,10:43,Karnataka,Belagavi,15.46,75.062,State Highway,Clear,Day,26,Male,Auto,98,No,No,Yes,Over Speeding,High,7.0
ACC26842,26-10-2024,08:32,Karnataka,Hubballi,15.5309,74.5916,State Highway,Overcast,Day,31,Female,Car,52,No,No,No,Poor Weather Visibility,Low,0.0
ACC26843,25-08-2022,16:53,Karnataka,Mangaluru,14.9587,76.1427,City Road,Cloudy,Day,23,Male,Car,81,Yes,No,No,Drunk Driving,High,7.0
ACC26844,04-05-2023,07:54,Karnataka,Hubballi,15.2582,75.2727,State Highway,Cloudy,Day,24,Male,Truck,67,No,No,Yes,Pothole/Bad Road,Medium,4.0
ACC26845,02-11-2024,17:03,Telangana,Nizamabad,18.6055,79.586,Village Road,Rainy,Dusk,25,Male,Truck,47,No,No,Yes,Poor Weather Visibility,Low,1.0
ACC26846,23-09-2024,23:33,Andhra Pradesh,Nellore,15.7372,79.8343,State Highway,Rainy,Night,36,Female,Bike,55,No,Yes,No,Poor Weather Visibility,Low,1.0
ACC26847,07-07-2023,15:41,Karnataka,Belagavi,15.3254,75.8817,Village Road,Overcast,Day,30,Male,Bus,46,No,No,Yes,Pothole/Bad Road,Low,2.0
ACC26848,16-10-2022,18:48,Tamil Nadu,Madurai,11.1606,78.6656,State Highway,Cloudy,Dusk,18,Male,Bus,50,No,No,No,Poor Weather Visibility,Low,2.0
ACC26849,08-12-2024,16:45,Tamil Nadu,Coimbatore,11.8758,78.3848,National Highway,Cloudy,Day,43,Male,Bike,78,No,No,Yes,Over Speeding,High,9.0
ACC26850,26-04-2024,19:48,Karnataka,Mysuru,15.3126,75.6023,National Highway,Clear,Night,22,Male,Bike,90,No,Yes,Yes,Over Speeding,High,
ACC26851,28-03-2023,14:00,Karnataka,Hubballi,15.6326,76.1409,Village Road,Clear,Day,41,Female,Truck,28,No,No,Yes,Pothole/Bad Road,Low,0.0
ACC26852,21-02-2022,18:59,Andhra Pradesh,Visakhapatnam,16.0843,79.1704,Village Road,Clear,Dusk,41,Male,Bike,34,No,No,Yes,Pothole/Bad Road,Low,1.0
ACC26853,20-08-2022,18:37,Kerala,Kozhikode,10.7108,75.7846,Village Road,Rainy,Dusk,53,Male,Bike,50,Yes,No,No,Poor Weather Visibility,High,5.0
ACC26854,07-03-2022,09:35,Tamil Nadu,Coimbatore,10.6993,78.1655,City Road,Clear,Day,35,Female,Bike,41,No,No,Yes,Pothole/Bad Road,Low,0.0
ACC26855,01-02-2023,01:50,Kerala,Kozhikode,10.4638,75.8237,State Highway,Cloudy,Night,18,Male,Car,67,No,No,No,Poor Weather Visibility,Medium,3.0
ACC26856,20-05-2024,13:57,Telangana,Khammam,17.4194,78.5833,Village Road,Clear,Day,47,Male,Truck,46,No,No,No,Poor Weather Visibility,Low,0.0
ACC26857,08-11-2024,21:08,Tamil Nadu,Chennai,10.3042,78.7819,City Road,Rainy,Night,28,Male,Bike,35,Yes,No,Yes,Poor Weather Visibility,Medium,3.0
ACC26858,15-09-2022,20:28,Karnataka,Bengaluru Urban,15.304,76.2423,City Road,Cloudy,Night,38,Female,Car,69,Yes,No,No,Drunk Driving,High,6.0
ACC26859,23-12-2022,13:22,Karnataka,Bengaluru Urban,14.7972,75.846,Village Road,Foggy,Day,18,Female,Bike,41,No,No,Yes,Poor Weather Visibility,Medium,2.0
ACC26860,10-05-2024,14:42,Telangana,Khammam,18.6141,79.2495,Village Road,Clear,Day,18,Female,Bus,27,No,No,No,Poor Weather Visibility,Low,1.0
ACC26861,31-10-2022,12:25,Kerala,Kollam,10.2135,75.8365,State Highway,Cloudy,Day,34,Male,Car,57,No,No,No,Poor Weather Visibility,Low,
ACC26862,12-07-2022,08:58,Andhra Pradesh,Visakhapatnam,16.3343,79.6973,State Highway,Clear,Day,54,Male,Auto,74,No,No,No,Over Speeding,Medium,3.0
ACC26863,24-04-2022,23:35,Andhra Pradesh,Guntur,15.8326,79.7071,City Road,Clear,Night,18,Female,Truck,60,No,No,No,Over Speeding,Medium,0.0
ACC26864,28-07-2024,14:06,Telangana,Karimnagar,18.3568,78.7527,City Road,Cloudy,Day,56,Male,Bike,53,No,No,No,Poor Weather Visibility,Medium,3.0
ACC26865,20-01-2022,01:52,Karnataka,Belagavi,16.4214,74.9389,State Highway,Overcast,Night,18,Female,Bike,58,Yes,No,No,Drunk Driving,Medium,0.0
ACC26866,18-09-2024,18:09,Andhra Pradesh,Guntur,15.9285,79.8533,State Highway,Clear,Dusk,46,Female,Car,75,No,No,No,Over Speeding,Medium,4.0
ACC26867,24-06-2022,16:32,Andhra Pradesh,Visakhapatnam,16.171,80.63,State Highway,Clear,Day,18,Male,Bike,59,No,No,No,Over Speeding,Medium,0.0
ACC26868,26-01-2022,05:28,Tamil Nadu,Chennai,10.9503,78.0978,State Highway,Clear,Dawn,26,Female,Car,60,No,No,No,Signal Jumping,Low,2.0
ACC26869,24-07-2024,21:34,Kerala,Thiruvananthapuram,9.8402,76.6157,National Highway,Rainy,Night,49,Male,Bus,80,No,Yes,Yes,Poor Weather Visibility,High,7.0
ACC26870,04-02-2022,18:30,Andhra Pradesh,Kurnool,16.4175,79.9436,City Road,Clear,Dusk,45,Male,Bike,42,No,Yes,Yes,Drowsy Driving,Low,1.0
ACC26871,11-01-2024,08:23,Kerala,Ernakulam,9.8917,76.009,Village Road,Clear,Day,26,Male,Car,52,No,No,Yes,Pothole/Bad Road,Low,1.0
ACC26872,04-10-2023,22:24,Telangana,Warangal,17.9405,79.3107,National Highway,Cloudy,Night,24,Female,Car,76,No,No,Yes,Pothole/Bad Road,High,6.0
ACC26873,23-04-2023,14:47,Karnataka,Bengaluru Urban,15.0443,75.3107,National Highway,Cloudy,Day,18,Female,Bus,70,No,No,No,Poor Weather Visibility,Medium,2.0
ACC26874,13-12-2024,10:04,Andhra Pradesh,Nellore,16.326,79.6029,City Road,Clear,Day,34,Female,Car,37,No,No,No,Signal Jumping,Low,0.0
ACC26875,07-04-2023,13:08,Andhra Pradesh,Nellore,16.3417,79.8034,National Highway,Clear,Day,48,Male,Bike,50,No,No,No,Signal Jumping,Medium,2.0
ACC26876,18-08-2022,22:04,Kerala,Kozhikode,10.1473,76.9964,Expressway,Clear,Night,68,Male,Bike,98,Yes,No,No,Over Speeding,High,
ACC26877,27-10-2022,05:55,Andhra Pradesh,Visakhapatnam,15.0712,79.2893,National Highway,Cloudy,Dawn,65,Male,Bus,65,No,No,No,Poor Weather Visibility,Medium,6.0
ACC26878,28-04-2024,11:22,Karnataka,Bengaluru Urban,15.5299,75.2493,State Highway,Cloudy,Day,25,Male,Bus,59,No,No,No,Poor Weather Visibility,Low,1.0
ACC26879,10-04-2024,20:35,Andhra Pradesh,Vijayawada,16.1075,80.104,National Highway,Foggy,Night,36,Male,Bus,69,No,Yes,Yes,Poor Weather Visibility,High,2.0
ACC26880,20-07-2022,07:34,Kerala,Thiruvananthapuram,10.5388,76.0411,City Road,Clear,Day,32,Female,Bike,76,No,No,Yes,Pothole/Bad Road,High,6.0
ACC26881,28-09-2023,18:01,Karnataka,Belagavi,15.2237,75.7988,Village Road,Clear,Dusk,27,Male,Bike,33,No,No,Yes,Pothole/Bad Road,Low,1.0
ACC26882,04-08-2022,09:16,Tamil Nadu,Tiruchirappalli,11.1083,78.3744,City Road,Clear,Day,34,Male,Bike,47,No,No,No,Poor Weather Visibility,Low,2.0
ACC26883,30-01-2024,00:34,Kerala,Kozhikode,11.0864,75.9215,Expressway,Rainy,Night,32,Male,Bike,79,No,No,Yes,Poor Weather Visibility,High,5.0
ACC26884,22-12-2022,06:10,Telangana,Hyderabad,17.6999,79.4031,City Road,Rainy,Day,36,Male,Truck,53,No,Yes,No,Poor Weather Visibility,Medium,4.0
ACC26885,02-07-2023,08:22,Tamil Nadu,Coimbatore,11.019,79.2199,State Highway,Clear,Day,46,Male,Car,38,No,No,No,Signal Jumping,Low,1.0
ACC26886,23-01-2023,15:21,Telangana,Warangal,17.2105,79.2348,City Road,Clear,Day,22,Male,Car,37,No,No,Yes,Pothole/Bad Road,Low,0.0
ACC26887,22-01-2022,14:22,Tamil Nadu,Madurai,11.4226,78.8186,State Highway,Cloudy,Day,42,Male,Truck,79,No,No,No,Over Speeding,Medium,1.0
ACC26888,14-11-2023,19:47,Puducherry,Puducherry,12.4776,80.8825,National Highway,Rainy,Night,37,Male,Car,70,No,No,No,Poor Weather Visibility,Medium,3.0
ACC26889,13-04-2023,11:26,Kerala,Ernakulam,10.2604,77.009,City Road,Clear,Day,38,Male,Bus,53,No,Yes,No,Drowsy Driving,Low,1.0
ACC26890,04-09-2024,06:00,Karnataka,Bengaluru Urban,15.1347,75.5878,City Road,Foggy,Day,18,Male,Car,49,Yes,No,No,Poor Weather Visibility,Medium,3.0
ACC26891,15-06-2022,08:51,Telangana,Khammam,17.8879,79.1337,State Highway,Rainy,Day,19,Male,Auto,75,No,No,Yes,Poor Weather Visibility,High,7.0
ACC26892,26-02-2023,15:03,Tamil Nadu,Madurai,10.8435,79.1958,State Highway,Clear,Day,18,Male,Car,56,No,No,No,Signal Jumping,Low,1.0
ACC26893,30-03-2023,20:08,Tamil Nadu,Madurai,11.1832,78.3498,City Road,Clear,Night,38,Male,Truck,54,No,No,Yes,Pothole/Bad Road,Low,1.0
ACC26894,18-08-2023,17:51,Telangana,Hyderabad,18.2562,79.5984,City Road,Overcast,Dusk,36,Female,Bus,48,No,Yes,Yes,Drowsy Driving,Medium,5.0
ACC26895,24-03-2022,14:55,Tamil Nadu,Tiruchirappalli,11.1934,78.522,State Highway,Cloudy,Day,32,Male,Truck,47,No,No,No,Signal Jumping,Low,0.0
ACC26896,13-08-2023,04:38,Karnataka,Bengaluru Urban,15.7599,75.4703,National Highway,Rainy,Night,61,Male,Bike,59,No,Yes,Yes,Poor Weather Visibility,High,1.0
ACC26897,17-07-2024,14:28,Telangana,Warangal,17.2417,78.491,Village Road,Cloudy,Day,26,Female,Car,46,No,No,Yes,Pothole/Bad Road,Low,1.0
ACC26898,11-09-2023,17:35,Andhra Pradesh,Guntur,16.368,79.1496,Village Road,Clear,Dusk,18,Male,Car,36,Yes,No,No,Drunk Driving,Medium,3.0
ACC26899,30-10-2022,19:30,Andhra Pradesh,Nellore,15.1949,79.9633,City Road,Cloudy,Night,29,Female,Bike,59,No,No,No,Poor Weather Visibility,Medium,1.0
ACC26900,27-10-2023,16:23,Puducherry,Puducherry,12.199,80.0456,State Highway,Clear,Day,41,Male,Car,61,No,No,No,Signal Jumping,Low,1.0
ACC26901,23-03-2023,06:28,Tamil Nadu,Coimbatore,11.1527,78.6873,Village Road,Clear,Day,35,Male,Bike,48,No,No,No,Signal Jumping,Low,1.0
ACC26902,21-02-2022,08:53,Kerala,Thiruvananthapuram,10.2008,76.5648,State Highway,Clear,Day,65,Male,Car,58,No,No,No,Poor Weather Visibility,Low,1.0
ACC26903,13-01-2023,14:09,Tamil Nadu,Chennai,11.4255,78.1444,Village Road,Rainy,Day,43,Male,Bike,55,No,No,Yes,Poor Weather Visibility,Medium,2.0
ACC26904,15-04-2022,22:39,Telangana,Karimnagar,17.4746,78.2673,Village Road,Cloudy,Night,37,Male,Bus,28,No,No,No,Poor Weather Visibility,Low,0.0
ACC26905,16-11-2023,19:40,Telangana,Karimnagar,17.6453,79.083,National Highway,Foggy,Night,27,Male,Auto,73,Yes,No,No,Poor Weather Visibility,High,6.0
ACC26906,06-04-2024,04:48,Andhra Pradesh,Guntur,15.6684,78.946,Expressway,Cloudy,Night,36,Male,Bike,91,No,No,No,Over Speeding,High,10.0
ACC26907,24-04-2022,00:00,Tamil Nadu,Chennai,10.7775,78.4921,Expressway,Rainy,Night,24,Male,Bike,73,No,No,No,Poor Weather Visibility,Medium,0.0
ACC26908,13-07-2024,09:18,Andhra Pradesh,Nellore,16.1854,80.4916,Expressway,Rainy,Day,40,Male,Bike,94,No,No,No,Over Speeding,High,3.0
ACC26909,23-06-2022,15:43,Kerala,Thiruvananthapuram,10.5413,76.3635,State Highway,Cloudy,Day,42,Female,Bike,52,No,No,Yes,Pothole/Bad Road,Low,1.0
ACC26910,19-09-2023,21:57,Kerala,Kollam,10.367,76.1042,City Road,Clear,Night,57,Male,Car,76,Yes,No,No,Drunk Driving,Medium,
ACC26911,13-11-2023,13:31,Karnataka,Belagavi,15.8867,75.7987,Expressway,Cloudy,Day,43,Male,Auto,57,No,No,No,Poor Weather Visibility,Low,1.0
ACC26912,18-06-2022,08:05,Tamil Nadu,Salem,10.5849,78.5179,City Road,Clear,Day,35,Male,Car,55,No,No,No,Poor Weather Visibility,Low,2.0
ACC26913,09-11-2022,21:07,Tamil Nadu,Coimbatore,11.5999,78.7908,Village Road,Foggy,Night,40,Male,Car,42,No,No,No,Poor Weather Visibility,Medium,3.0
ACC26914,14-03-2023,21:22,Tamil Nadu,Chennai,10.5269,77.5874,National Highway,Clear,Night,26,Male,Car,81,Yes,Yes,No,Drunk Driving,High,
ACC26915,22-12-2024,16:06,Andhra Pradesh,Vijayawada,16.0376,79.2955,National Highway,Clear,Day,52,Female,Bike,77,No,No,No,Over Speeding,Medium,4.0
ACC26916,30-04-2022,09:01,Telangana,Karimnagar,17.7829,78.7924,City Road,Overcast,Day,25,Male,Bike,35,No,No,No,Poor Weather Visibility,Low,1.0
ACC26917,19-04-2024,17:50,Tamil Nadu,Chennai,10.7919,78.3563,City Road,Clear,Dusk,23,Male,Car,58,Yes,No,No,Drunk Driving,Low,2.0
ACC26918,07-02-2023,05:02,Telangana,Hyderabad,17.7671,78.7017,State Highway,Foggy,Dawn,57,Male,Bike,45,No,No,No,Poor Weather Visibility,Low,0.0
ACC26919,12-09-2023,04:13,Tamil Nadu,Salem,10.8982,79.3143,City Road,Overcast,Night,48,Male,Car,63,Yes,No,No,Drunk Driving,Medium,4.0
ACC26920,15-07-2024,21:01,Tamil Nadu,Salem,11.1058,78.5637,State Highway,Cloudy,Night,41,Female,Bus,67,No,No,No,Poor Weather Visibility,Medium,1.0
ACC26921,06-09-2023,18:17,Karnataka,Mysuru,15.5391,76.0128,National Highway,Rainy,Dusk,31,Female,Bike,70,No,No,No,Poor Weather Visibility,High,2.0
ACC26922,14-12-2022,16:54,Telangana,Hyderabad,18.2186,79.4771,National Highway,Cloudy,Day,18,Male,Bike,38,No,No,No,Poor Weather Visibility,Low,1.0
ACC26923,30-10-2024,10:26,Tamil Nadu,Chennai,10.6804,78.0897,City Road,Cloudy,Day,43,Male,Bike,48,No,No,Yes,Pothole/Bad Road,Low,3.0
ACC26924,13-05-2022,06:00,Tamil Nadu,Salem,10.9929,78.0679,Village Road,Clear,Day,50,Male,Truck,28,No,Yes,No,Drowsy Driving,Low,3.0
ACC26925,05-12-2024,09:22,Telangana,Nizamabad,18.0549,79.5734,National Highway,Cloudy,Day,31,Female,Bike,75,No,No,Yes,Pothole/Bad Road,Medium,0.0
ACC26926,29-02-2024,16:08,Tamil Nadu,Chennai,11.0926,78.3829,Village Road,Rainy,Day,46,Female,Car,46,Yes,No,Yes,Poor Weather Visibility,Medium,3.0
ACC26927,05-04-2022,08:26,Telangana,Nizamabad,18.1548,78.7007,Expressway,Cloudy,Day,21,Female,Bike,49,No,No,No,Poor Weather Visibility,Medium,1.0
ACC26928,24-08-2024,19:26,Telangana,Hyderabad,18.3015,79.6933,National Highway,Rainy,Night,19,Male,Bike,82,No,No,No,Poor Weather Visibility,High,6.0