Accident_ID,Date,Time,State,District,Latitude,Longitude,Road_Type,Weather,Light_Condition,Driver_Age,Driver_Gender,Vehicle_Type,Speed_kmph,Alcohol_Involved,Driver_Drowsy,Pothole_Involved,Cause_of_Accident,Severity,Casualties
ACC26929,18-12-2024,05:13,Kerala,Kozhikode,9.4561,76.1854,Village Road,Clear,Dawn,32,Male,Bike,41,No,No,No,Signal Jumping,Low,1.0
ACC26930,30-03-2023,14:04,Karnataka,Mangaluru,15.4621,75.4825,City Road,Overcast,Day,31,Male,Car,26,No,No,No,Poor Weather Visibility,Low,2.0
ACC26931,25-07-2024,08:05,Kerala,Thrissur,10.3257,76.4171,City Road,Rainy,Day,44,Male,Bike,38,No,No,No,Poor Weather Visibility,Low,2.0
ACC26932,20-09-2022,12:19,Andhra Pradesh,Kurnool,16.3515,79.875,Village Road,Clear,Day,21,Male,Bike,54,No,No,Yes,Pothole/Bad Road,Low,3.0
ACC26933,11-02-2024,10:38,Tamil Nadu,Coimbatore,10.6879,78.7127,Expressway,Clear,Day,46,Female,Bus,86,No,No,No,Over Speeding,Medium,3.0
ACC26934,23-08-2024,16:45,Tamil Nadu,Chennai,11.647,79.0605,City Road,Clear,Day,18,Male,Car,43,Yes,No,No,Drunk Driving,Medium,
ACC26935,29-03-2023,09:14,Karnataka,Mangaluru,15.2568,76.0178,National Highway,Rainy,Day,18,Male,Truck,74,No,Yes,No,Poor Weather Visibility,High,2.0
ACC26936,30-08-2024,14:11,Kerala,Kollam,10.5205,75.9466,City Road,Clear,Day,31,Male,Car,44,No,No,Yes,Signal Jumping,Low,1.0
ACC26937,05-09-2024,20:18,Telangana,Nizamabad,18.0812,79.5421,Village Road,Foggy,Night,60,Male,Bike,29,No,No,No,Poor Weather Visibility,Low,2.0
ACC26938,05-03-2022,04:33,Telangana,Nizamabad,18.0752,78.6493,Village Road,Cloudy,Night,44,Female,Car,61,Yes,No,Yes,Drunk Driving,High,9.0
ACC26939,10-04-2022,06:02,Andhra Pradesh,Kurnool,15.8109,79.7911,National Highway,Rainy,Day,53,Male,Car,78,No,No,Yes,Poor Weather Visibility,High,2.0
ACC26940,09-10-2024,21:40,Telangana,Warangal,18.274,78.3816,Village Road,Cloudy,Night,52,Male,Bike,50,Yes,No,No,Drunk Driving,Low,2.0
ACC26941,05-06-2022,19:58,Karnataka,Mysuru,15.8393,75.4069,Village Road,Cloudy,Night,27,Male,Bike,29,No,No,No,Signal Jumping,Low,1.0
ACC26942,02-10-2023,21:23,Telangana,Karimnagar,17.8858,79.7893,Village Road,Cloudy,Night,28,Male,Truck,41,No,No,Yes,Signal Jumping,Low,0.0
ACC26943,08-12-2023,09:19,Andhra Pradesh,Nellore,16.2086,79.7998,Village Road,Clear,Day,31,Male,Car,16,No,No,No,Signal Jumping,Low,2.0
ACC26944,14-06-2024,11:42,Karnataka,Belagavi,14.2755,75.8302,State Highway,Clear,Day,49,Male,Bike,53,No,No,Yes,Pothole/Bad Road,Low,3.0
ACC26945,25-04-2024,21:49,Kerala,Ernakulam,10.0127,76.6647,State Highway,Clear,Night,18,Male,Auto,62,No,No,No,Signal Jumping,Medium,2.0
ACC26946,08-02-2024,11:18,Karnataka,Mysuru,14.9637,75.8834,State Highway,Rainy,Day,43,Male,Bike,52,No,No,No,Poor Weather Visibility,Medium,1.0
ACC26947,24-03-2024,20:52,Karnataka,Bengaluru Urban,15.7913,75.5103,State Highway,Overcast,Night,35,Female,Bike,88,Yes,No,No,Over Speeding,Medium,2.0
ACC26948,29-03-2024,18:58,Telangana,Hyderabad,17.6718,79.291,State Highway,Rainy,Dusk,52,Female,Truck,73,Yes,No,Yes,Poor Weather Visibility,Medium,1.0
ACC26949,16-03-2023,07:48,Andhra Pradesh,Nellore,15.4109,79.8273,City Road,Overcast,Day,29,Female,Auto,47,No,No,No,Poor Weather Visibility,Low,1.0
ACC26950,01-02-2022,19:10,Kerala,Ernakulam,9.8761,76.1051,National Highway,Rainy,Night,42,Male,Car,62,No,No,No,Poor Weather Visibility,Medium,2.0
ACC26951,09-05-2024,21:20,Telangana,Karimnagar,18.004,78.2713,Expressway,Cloudy,Night,31,Male,Truck,94,Yes,No,No,Over Speeding,High,7.0
ACC26952,20-07-2024,15:43,Telangana,Hyderabad,18.7685,78.6454,Village Road,Clear,Day,62,Male,Auto,29,No,No,No,Poor Weather Visibility,Low,4.0
ACC26953,10-08-2023,15:36,Tamil Nadu,Chennai,10.908,77.6555,Village Road,Cloudy,Day,22,Male,Truck,31,No,No,No,Poor Weather Visibility,Low,1.0
ACC26954,02-04-2023,08:52,Tamil Nadu,Coimbatore,11.0054,78.8815,National Highway,Overcast,Day,28,Male,Bike,89,Yes,No,No,Over Speeding,High,6.0
ACC26955,26-06-2024,11:04,Puducherry,Karaikal,11.4618,79.4121,State Highway,Clear,Day,43,Male,Auto,52,No,No,No,Signal Jumping,Low,0.0
ACC26956,10-03-2023,20:02,Tamil Nadu,Salem,11.2604,78.4124,Expressway,Rainy,Night,66,Male,Bike,87,Yes,No,Yes,Poor Weather Visibility,High,6.0
ACC26957,05-03-2024,17:35,Karnataka,Hubballi,15.3101,75.7799,City Road,Clear,Dusk,31,Male,Bus,59,No,No,No,Signal Jumping,Low,0.0
ACC26958,01-07-2023,18:25,Kerala,Thrissur,10.2345,76.1225,City Road,Clear,Dusk,55,Female,Auto,42,No,No,Yes,Pothole/Bad Road,Low,0.0
ACC26959,11-03-2023,10:44,Karnataka,Belagavi,14.3628,75.6817,Village Road,Cloudy,Day,21,Male,Car,65,Yes,Yes,No,Drunk Driving,Medium,2.0
ACC26960,02-10-2024,09:52,Puducherry,Karaikal,11.785,79.6837,Expressway,Cloudy,Day,30,Male,Car,79,No,No,No,Over Speeding,Medium,7.0
ACC26961,13-05-2024,08:13,Kerala,Thiruvananthapuram,10.4697,76.2576,National Highway,Clear,Day,25,Female,Bike,74,No,No,No,Signal Jumping,Medium,4.0
ACC26962,01-02-2022,09:31,Andhra Pradesh,Nellore,15.7543,80.1084,National Highway,Clear,Day,42,Female,Car,70,No,No,No,Over Speeding,Low,2.0
ACC26963,17-06-2024,21:23,Telangana,Khammam,17.2285,78.9171,City Road,Rainy,Night,57,Female,Bike,52,No,No,No,Poor Weather Visibility,Medium,1.0
ACC26964,01-08-2023,10:46,Karnataka,Bengaluru Urban,15.0504,76.2186,National Highway,Clear,Day,70,Female,Truck,79,No,Yes,No,Drowsy Driving,Medium,1.0
ACC26965,15-03-2024,08:58,Telangana,Karimnagar,18.1001,79.0583,City Road,Clear,Day,44,Male,Bike,66,Yes,No,Yes,Drunk Driving,High,4.0
ACC26966,19-09-2024,19:37,Puducherry,Puducherry,12.099,79.7144,National Highway,Clear,Night,43,Male,Car,89,No,Yes,No,Over Speeding,High,
ACC26967,09-05-2022,12:01,Andhra Pradesh,Vijayawada,16.0356,79.823,City Road,Overcast,Day,32,Male,Car,61,No,No,No,Poor Weather Visibility,Low,0.0
ACC26968,06-01-2023,04:41,Kerala,Thrissur,10.7442,76.0047,State Highway,Overcast,Night,24,Male,Auto,62,No,No,No,Poor Weather Visibility,Medium,2.0
ACC26969,02-10-2023,21:13,Andhra Pradesh,Guntur,16.2348,80.1798,Village Road,Cloudy,Night,29,Male,Bike,45,No,Yes,No,Drowsy Driving,Medium,1.0
ACC26970,11-06-2024,08:45,Tamil Nadu,Chennai,11.0924,78.9161,Village Road,Rainy,Day,43,Female,Car,62,No,No,No,Poor Weather Visibility,Medium,5.0
ACC26971,24-02-2024,17:20,Telangana,Khammam,17.4412,79.2445,Village Road,Clear,Dusk,50,Male,Bike,45,No,Yes,No,Drowsy Driving,Medium,3.0
ACC26972,14-11-2023,20:55,Andhra Pradesh,Guntur,16.3394,79.3286,City Road,Foggy,Night,30,Male,Truck,51,No,Yes,No,Poor Weather Visibility,Medium,6.0
ACC26973,27-12-2023,16:25,Tamil Nadu,Chennai,11.8852,78.556,National Highway,Rainy,Day,37,Male,Bike,67,No,No,Yes,Poor Weather Visibility,Medium,0.0
ACC26974,26-02-2024,10:42,Karnataka,Belagavi,15.231,75.535,City Road,Rainy,Day,29,Female,Truck,65,Yes,No,Yes,Poor Weather Visibility,Medium,3.0
ACC26975,22-04-2024,12:08,Kerala,Thrissur,9.862,76.319,City Road,Rainy,Day,45,Male,Bike,45,No,No,No,Poor Weather Visibility,Low,1.0
ACC26976,10-07-2023,19:11,Karnataka,Mysuru,15.675,74.806,City Road,Clear,Night,65,Male,Auto,24,No,No,Yes,Pothole/Bad Road,Low,1.0
ACC26977,16-07-2023,14:20,Tamil Nadu,Madurai,10.6995,78.6901,Village Road,Cloudy,Day,37,Male,Bike,47,No,No,No,Poor Weather Visibility,Low,1.0
ACC26978,24-10-2023,19:47,Andhra Pradesh,Guntur,16.0082,79.8246,National Highway,Clear,Night,27,Female,Bus,68,No,Yes,No,Drowsy Driving,Medium,0.0
ACC26979,19-02-2024,00:25,Puducherry,Karaikal,11.9565,79.1974,State Highway,Rainy,Night,40,Male,Car,68,No,Yes,No,Poor Weather Visibility,High,4.0
ACC26980,06-01-2024,17:04,Kerala,Kozhikode,10.3266,76.7954,City Road,Clear,Dusk,46,Male,Car,54,No,No,Yes,Pothole/Bad Road,Low,0.0
ACC26981,25-04-2024,21:09,Andhra Pradesh,Kurnool,16.1772,79.8493,State Highway,Clear,Night,42,Male,Bike,62,Yes,No,No,Drunk Driving,Medium,3.0
ACC26982,24-11-2022,08:41,Karnataka,Bengaluru Urban,15.7127,75.6077,Expressway,Clear,Day,49,Male,Auto,74,No,No,No,Over Speeding,Medium,0.0
ACC26983,23-01-2024,21:29,Telangana,Karimnagar,16.6692,78.8064,Village Road,Rainy,Night,38,Female,Bike,60,No,Yes,No,Poor Weather Visibility,High,4.0
ACC26984,01-07-2024,18:50,Puducherry,Puducherry,11.5342,79.4537,Village Road,Rainy,Dusk,29,Male,Car,41,No,Yes,No,Poor Weather Visibility,Low,
ACC26985,26-01-2024,08:46,Andhra Pradesh,Guntur,15.5854,79.7348,Village Road,Rainy,Day,53,Male,Car,42,No,No,Yes,Poor Weather Visibility,Low,2.0
ACC26986,10-08-2022,16:33,Karnataka,Bengaluru Urban,15.4301,75.4883,National Highway,Clear,Day,46,Male,Bike,69,No,No,No,Over Speeding,Low,0.0
ACC26987,30-03-2024,10:34,Tamil Nadu,Coimbatore,10.9596,78.441,Expressway,Rainy,Day,55,Male,Bike,93,No,No,No,Over Speeding,High,6.0
ACC26988,06-07-2022,15:54,Telangana,Khammam,18.0295,78.9864,Village Road,Clear,Day,37,Male,Car,31,No,No,No,Signal Jumping,Low,3.0
ACC26989,17-01-2022,17:36,Karnataka,Hubballi,15.8227,75.4363,Village Road,Clear,Dusk,18,Male,Auto,21,No,Yes,No,Drowsy Driving,Low,0.0
ACC26990,12-12-2022,18:33,Telangana,Karimnagar,18.4074,79.2642,State Highway,Rainy,Dusk,31,Male,Bus,53,No,No,No,Poor Weather Visibility,Low,0.0
ACC26991,05-10-2023,14:08,Tamil Nadu,Madurai,11.7891,79.0727,Village Road,Clear,Day,29,Male,Bus,45,Yes,No,No,Drunk Driving,Low,0.0
ACC26992,26-08-2022,07:22,Karnataka,Mysuru,15.5386,75.6272,Expressway,Rainy,Day,52,Male,Bike,89,No,Yes,Yes,Over Speeding,High,4.0
ACC26993,22-02-2024,09:18,Telangana,Warangal,18.3558,79.3971,City Road,Clear,Day,54,Male,Bus,31,No,No,No,Signal Jumping,Low,2.0
ACC26994,18-04-2023,15:46,Tamil Nadu,Chennai,10.6451,78.4221,State Highway,Clear,Day,34,Female,Bike,57,No,No,Yes,Pothole/Bad Road,Medium,3.0
ACC26995,09-01-2023,02:57,Tamil Nadu,Coimbatore,10.9645,78.1328,State Highway,Overcast,Night,42,Male,Auto,85,Yes,Yes,No,Drunk Driving,High,5.0
ACC26996,28-06-2023,15:55,Karnataka,Bengaluru Urban,15.9589,75.3556,National Highway,Clear,Day,32,Female,Car,73,Yes,No,No,Drunk Driving,Medium,1.0
ACC26997,17-09-2022,09:04,Andhra Pradesh,Vijayawada,15.4652,79.9448,Village Road,Overcast,Day,48,Male,Bike,37,No,No,Yes,Pothole/Bad Road,Low,1.0
ACC26998,06-08-2022,05:58,Karnataka,Mangaluru,15.2391,75.4144,Expressway,Clear,Dawn,26,Female,Bike,72,No,No,Yes,Pothole/Bad Road,Medium,2.0
ACC26999,15-01-2023,11:41,Kerala,Kollam,10.9057,76.2733,City Road,Cloudy,Day,51,Male,Bike,41,No,No,No,Poor Weather Visibility,Low,1.0
ACC27000,15-02-2023,05:27,Andhra Pradesh,Vijayawada,16.1156,80.0386,City Road,Cloudy,Dawn,36,Female,Car,61,No,No,Yes,Pothole/Bad Road,Low,
ACC27001,27-11-2022,13:32,Tamil Nadu,Coimbatore,11.4475,78.4665,State Highway,Clear,Day,18,Male,Car,71,Yes,No,No,Drunk Driving,Medium,3.0
ACC27002,19-01-2022,18:31,Tamil Nadu,Tiruchirappalli,10.6339,78.657,Village Road,Clear,Dusk,18,Male,Bus,57,No,Yes,No,Drowsy Driving,Medium,3.0
ACC27003,28-01-2024,17:41,Karnataka,Mysuru,15.3165,75.7735,National Highway,Cloudy,Dusk,49,Male,Car,70,No,No,No,Poor Weather Visibility,Medium,
ACC27004,19-10-2023,14:23,Tamil Nadu,Tiruchirappalli,11.6284,79.1042,State Highway,Clear,Day,22,Female,Bus,44,No,No,No,Signal Jumping,Low,0.0
ACC27005,18-02-2022,16:42,Andhra Pradesh,Visakhapatnam,16.1706,79.9517,City Road,Cloudy,Day,34,Male,Bike,48,No,No,Yes,Pothole/Bad Road,Medium,4.0
ACC27006,15-04-2024,07:04,Karnataka,Mysuru,14.8945,75.5631,Village Road,Clear,Day,31,Male,Car,26,No,No,No,Signal Jumping,Low,0.0
ACC27007,20-08-2023,08:41,Andhra Pradesh,Nellore,15.1057,79.5607,National Highway,Cloudy,Day,28,Male,Car,77,No,No,No,Signal Jumping,Medium,2.0
ACC27008,02-07-2024,01:31,Andhra Pradesh,Visakhapatnam,16.2524,79.437,National Highway,Rainy,Night,19,Male,Truck,88,Yes,No,No,Over Speeding,High,11.0
ACC27009,14-11-2022,09:54,Andhra Pradesh,Visakhapatnam,15.9199,79.4699,City Road,Clear,Day,25,Male,Truck,50,No,Yes,No,Drowsy Driving,Medium,2.0
ACC27010,03-07-2022,20:52,Telangana,Nizamabad,17.9226,79.1167,City Road,Overcast,Night,18,Male,Bus,43,No,No,No,Poor Weather Visibility,Low,1.0
ACC27011,19-06-2023,12:15,Andhra Pradesh,Kurnool,15.543,79.1542,City Road,Cloudy,Day,65,Male,Bike,34,No,No,Yes,Pothole/Bad Road,Low,6.0
ACC27012,14-03-2024,08:10,Karnataka,Mysuru,15.2182,75.4571,National Highway,Clear,Day,52,Male,Car,74,No,No,No,Over Speeding,Medium,3.0
ACC27013,09-02-2022,11:19,Tamil Nadu,Chennai,11.3311,79.0715,City Road,Clear,Day,48,Male,Bike,45,No,Yes,No,Drowsy Driving,Low,1.0
ACC27014,31-07-2022,08:26,Karnataka,Mangaluru,15.74,75.7763,National Highway,Cloudy,Day,37,Female,Bike,76,No,No,No,Over Speeding,Medium,1.0
ACC27015,13-05-2023,21:22,Andhra Pradesh,Guntur,15.7798,79.2003,State Highway,Clear,Night,54,Male,Bike,62,No,No,No,Signal Jumping,Medium,5.0
ACC27016,08-05-2023,07:40,Puducherry,Karaikal,13.213,79.4347,National Highway,Foggy,Day,59,Male,Bike,68,No,No,No,Poor Weather Visibility,High,
ACC27017,10-12-2024,20:17,Tamil Nadu,Salem,10.6814,78.8078,State Highway,Clear,Night,51,Male,Bike,68,Yes,No,Yes,Drunk Driving,High,5.0
ACC27018,05-04-2023,06:14,Tamil Nadu,Chennai,11.0088,78.2715,State Highway,Cloudy,Day,31,Male,Bike,48,No,No,Yes,Pothole/Bad Road,Low,1.0
ACC27019,12-05-2022,10:55,Tamil Nadu,Coimbatore,10.8744,78.649,National Highway,Clear,Day,57,Male,Car,71,No,No,No,Signal Jumping,Low,1.0
ACC27020,05-12-2023,17:30,Tamil Nadu,Coimbatore,10.2897,78.1574,Village Road,Clear,Dusk,18,Female,Car,23,No,No,No,Signal Jumping,Low,2.0
ACC27021,16-05-2023,05:31,Tamil Nadu,Tiruchirappalli,11.1079,78.6865,City Road,Overcast,Dawn,47,Male,Truck,61,No,Yes,No,Drowsy Driving,Low,1.0
ACC27022,13-02-2023,14:37,Kerala,Thiruvananthapuram,10.5338,76.3653,City Road,Foggy,Day,23,Female,Bike,42,No,No,Yes,Poor Weather Visibility,Low,0.0
ACC27023,05-09-2023,00:57,Karnataka,Mysuru,14.6877,75.8342,National Highway,Foggy,Night,26,Male,Car,80,Yes,No,No,Poor Weather Visibility,High,8.0
ACC27024,03-10-2023,06:45,Puducherry,Karaikal,12.1533,80.0443,Village Road,Clear,Day,52,Male,Auto,42,No,No,Yes,Pothole/Bad Road,Low,2.0
ACC27025,31-05-2024,09:42,Tamil Nadu,Coimbatore,10.6973,77.85,City Road,Cloudy,Day,33,Male,Bus,52,No,Yes,No,Drowsy Driving,Low,1.0
ACC27026,28-02-2023,08:42,Telangana,Warangal,18.0397,78.9037,Village Road,Cloudy,Day,26,Male,Truck,46,No,No,No,Poor Weather Visibility,Low,1.0
ACC27027,06-08-2022,23:52,Kerala,Kollam,10.285,77.2206,Expressway,Clear,Night,31,Female,Bike,78,No,No,No,Over Speeding,High,7.0
ACC27028,05-07-2023,15:55,Karnataka,Bengaluru Urban,15.1221,75.9128,Village Road,Rainy,Day,34,Male,Bike,43,No,No,Yes,Poor Weather Visibility,Low,0.0
ACC27029,27-10-2022,14:34,Telangana,Hyderabad,18.3932,78.6547,National Highway,Rainy,Day,23,Male,Truck,66,No,No,No,Poor Weather Visibility,High,8.0
ACC27030,28-05-2023,18:21,Telangana,Warangal,18.9597,78.6549,Village Road,Clear,Dusk,42,Male,Auto,50,No,No,Yes,Pothole/Bad Road,Medium,3.0
ACC27031,17-09-2022,18:29,Tamil Nadu,Chennai,10.7276,78.5878,City Road,Rainy,Dusk,35,Male,Car,50,No,No,No,Poor Weather Visibility,Low,3.0
ACC27032,25-05-2024,02:51,Puducherry,Karaikal,11.3329,79.746,National Highway,Rainy,Night,18,Male,Bike,79,No,No,No,Poor Weather Visibility,High,7.0
ACC27033,11-10-2023,12:18,Tamil Nadu,Salem,11.7308,78.4073,City Road,Overcast,Day,21,Male,Car,68,Yes,No,No,Drunk Driving,Medium,1.0
ACC27034,06-11-2024,12:33,Tamil Nadu,Salem,11.8498,78.116,Village Road,Overcast,Day,46,Female,Bike,51,No,No,No,Poor Weather Visibility,Low,3.0
ACC27035,21-06-2023,01:17,Karnataka,Mangaluru,15.5032,75.7357,City Road,Overcast,Night,38,Male,Auto,54,No,Yes,No,Drowsy Driving,Low,0.0
ACC27036,26-03-2023,22:30,Tamil Nadu,Madurai,11.4784,79.0757,State Highway,Overcast,Night,40,Female,Bike,86,Yes,Yes,No,Over Speeding,High,9.0
ACC27037,29-11-2022,14:37,Karnataka,Bengaluru Urban,15.265,75.8563,National Highway,Overcast,Day,57,Male,Bike,59,No,No,No,Signal Jumping,Medium,0.0
ACC27038,13-05-2024,14:16,Kerala,Kozhikode,10.5397,76.5838,National Highway,Foggy,Day,45,Male,Auto,79,No,Yes,No,Poor Weather Visibility,High,7.0
ACC27039,04-03-2023,09:02,Telangana,Warangal,17.732,79.0309,Expressway,Cloudy,Day,34,Male,Bike,78,No,No,No,Over Speeding,Medium,4.0
ACC27040,08-09-2023,22:00,Tamil Nadu,Tiruchirappalli,11.491,78.593,City Road,Rainy,Night,18,Female,Bike,37,No,No,No,Poor Weather Visibility,Low,1.0
ACC27041,31-12-2022,12:28,Telangana,Nizamabad,17.1096,79.5458,City Road,Clear,Day,49,Male,Car,52,No,Yes,No,Drowsy Driving,Low,1.0
ACC27042,09-08-2022,12:29,Telangana,Warangal,18.0644,79.133,City Road,Clear,Day,45,Male,Car,70,Yes,No,No,Drunk Driving,Low,
ACC27043,09-09-2022,15:26,Karnataka,Bengaluru Urban,15.1538,75.9821,State Highway,Overcast,Day,34,Male,Bike,61,No,No,No,Poor Weather Visibility,Low,3.0
ACC27044,08-05-2022,12:29,Andhra Pradesh,Nellore,15.8506,80.4405,State Highway,Rainy,Day,49,Male,Truck,37,No,No,No,Poor Weather Visibility,Low,0.0
ACC27045,16-12-2024,18:42,Tamil Nadu,Salem,11.0763,79.241,State Highway,Cloudy,Dusk,42,Female,Bike,74,No,No,No,Over Speeding,Medium,7.0
ACC27046,26-08-2022,21:38,Karnataka,Mysuru,15.207,75.9474,State Highway,Clear,Night,20,Male,Auto,83,No,Yes,No,Over Speeding,High,7.0
ACC27047,24-08-2022,21:40,Telangana,Karimnagar,18.137,79.1049,National Highway,Clear,Night,39,Female,Bike,58,No,No,No,Poor Weather Visibility,Medium,6.0
ACC27048,06-01-2023,16:09,Tamil Nadu,Coimbatore,11.1395,78.5773,State Highway,Rainy,Day,41,Male,Auto,72,No,No,Yes,Poor Weather Visibility,High,5.0
ACC27049,22-01-2023,12:39,Andhra Pradesh,Nellore,16.1,79.9199,City Road,Overcast,Day,41,Male,Bike,37,No,No,No,Poor Weather Visibility,Low,1.0
ACC27050,23-11-2024,19:56,Puducherry,Karaikal,12.3956,79.7194,State Highway,Clear,Night,24,Male,Bus,50,No,No,No,Signal Jumping,Low,1.0
ACC27051,09-06-2023,09:07,Andhra Pradesh,Visakhapatnam,15.4543,80.0452,National Highway,Clear,Day,59,Male,Bus,75,No,No,No,Over Speeding,Medium,1.0
ACC27052,14-04-2023,14:52,Telangana,Nizamabad,17.3324,78.5707,National Highway,Rainy,Day,57,Female,Car,55,No,No,No,Poor Weather Visibility,Low,1.0
ACC27053,08-04-2023,19:40,Tamil Nadu,Chennai,11.4372,78.3959,National Highway,Rainy,Night,37,Female,Truck,103,Yes,No,No,Over Speeding,High,7.0
ACC27054,13-04-2022,13:14,Tamil Nadu,Chennai,10.7334,78.2008,National Highway,Rainy,Day,21,Female,Car,64,No,No,No,Poor Weather Visibility,Medium,0.0
ACC27055,21-04-2023,19:06,Kerala,Thrissur,10.3994,76.4533,City Road,Rainy,Night,21,Female,Truck,28,No,No,No,Poor Weather Visibility,Low,2.0
ACC27056,09-05-2024,10:40,Kerala,Ernakulam,9.9089,76.5708,Expressway,Rainy,Day,36,Male,Auto,72,No,No,No,Poor Weather Visibility,Medium,2.0
ACC27057,04-10-2022,00:07,Andhra Pradesh,Vijayawada,15.4945,79.2314,Village Road,Clear,Night,53,Male,Car,51,No,Yes,No,Drowsy Driving,Medium,
ACC27058,05-08-2023,18:53,Karnataka,Mangaluru,15.6695,76.0858,City Road,Foggy,Dusk,44,Male,Auto,56,No,No,No,Poor Weather Visibility,Medium,3.0
ACC27059,15-07-2023,21:36,Tamil Nadu,Chennai,11.49,78.8066,Expressway,Rainy,Night,20,Male,Bike,91,No,No,No,Over Speeding,High,4.0
ACC27060,21-05-2023,13:04,Karnataka,Belagavi,15.6091,75.2895,National Highway,Clear,Day,22,Male,Bike,64,No,No,No,Over Speeding,Low,2.0
ACC27061,23-08-2023,15:27,Telangana,Khammam,17.8016,79.253,City Road,Cloudy,Day,42,Male,Car,53,No,No,No,Poor Weather Visibility,Low,1.0
ACC27062,03-07-2023,23:34,Karnataka,Bengaluru Urban,14.7624,75.2078,City Road,Clear,Night,33,Male,Truck,45,No,Yes,No,Drowsy Driving,Low,0.0
ACC27063,29-09-2022,10:49,Tamil Nadu,Coimbatore,11.0435,79.5101,Village Road,Rainy,Day,39,Male,Auto,29,No,No,No,Poor Weather Visibility,Low,1.0
ACC27064,25-10-2024,09:06,Andhra Pradesh,Visakhapatnam,15.6649,79.1452,Expressway,Clear,Day,43,Male,Auto,81,Yes,No,Yes,Drunk Driving,High,3.0
ACC27065,14-11-2023,16:58,Kerala,Kollam,10.2587,76.411,Village Road,Clear,Day,28,Male,Auto,54,No,No,No,Poor Weather Visibility,Low,0.0
ACC27066,09-08-2024,18:59,Kerala,Kozhikode,10.0652,76.2496,Village Road,Foggy,Dusk,38,Male,Bike,40,No,No,No,Poor Weather Visibility,Low,2.0
ACC27067,25-12-2022,23:33,Telangana,Karimnagar,17.9001,78.8137,Village Road,Cloudy,Night,34,Male,Car,42,No,No,Yes,Pothole/Bad Road,Medium,4.0
ACC27068,10-02-2022,07:16,Telangana,Khammam,17.6615,78.1364,City Road,Cloudy,Day,35,Male,Bike,59,No,Yes,No,Drowsy Driving,Medium,
ACC27069,28-11-2022,08:02,Tamil Nadu,Tiruchirappalli,11.2775,78.8237,State Highway,Cloudy,Day,18,Male,Car,79,Yes,No,No,Drunk Driving,Medium,3.0
ACC27070,05-05-2023,05:50,Telangana,Khammam,17.6609,79.0761,State Highway,Cloudy,Dawn,50,Male,Car,67,No,No,No,Poor Weather Visibility,Medium,2.0
ACC27071,07-07-2024,11:23,Andhra Pradesh,Kurnool,16.1102,80.316,City Road,Foggy,Day,26,Male,Car,79,Yes,No,No,Poor Weather Visibility,Medium,5.0
ACC27072,20-08-2023,12:19,Andhra Pradesh,Vijayawada,16.2063,79.2856,Expressway,Clear,Day,61,Male,Bike,107,Yes,No,No,Over Speeding,High,4.0
ACC27073,05-07-2023,21:06,Karnataka,Mysuru,15.6381,75.285,National Highway,Clear,Night,40,Male,Car,74,No,No,No,Over Speeding,Medium,2.0
ACC27074,19-09-2023,14:54,Telangana,Warangal,17.3748,79.278,Expressway,Clear,Day,27,Male,Car,92,No,No,No,Over Speeding,High,4.0
ACC27075,07-10-2022,18:47,Puducherry,Karaikal,11.7172,79.3908,State Highway,Rainy,Dusk,39,Male,Truck,54,Yes,No,Yes,Poor Weather Visibility,Medium,2.0
ACC27076,05-05-2023,21:07,Andhra Pradesh,Nellore,15.9789,80.0228,City Road,Clear,Night,23,Male,Car,53,No,No,No,Poor Weather Visibility,Low,0.0
ACC27077,18-09-2024,14:24,Tamil Nadu,Chennai,10.8552,78.402,City Road,Clear,Day,45,Male,Bike,35,No,No,No,Signal Jumping,Low,1.0
ACC27078,10-11-2024,19:09,Andhra Pradesh,Nellore,15.6633,79.8823,City Road,Clear,Night,36,Male,Auto,57,No,Yes,No,Drowsy Driving,Medium,2.0
ACC27079,08-11-2024,07:45,Telangana,Karimnagar,18.3565,79.2881,State Highway,Clear,Day,18,Male,Truck,64,No,No,Yes,Pothole/Bad Road,Low,0.0
ACC27080,30-08-2022,20:15,Telangana,Hyderabad,17.7901,79.2601,Village Road,Overcast,Night,60,Male,Car,51,No,Yes,Yes,Drowsy Driving,Medium,2.0
ACC27081,08-06-2023,09:58,Kerala,Ernakulam,10.2919,75.9989,Village Road,Clear,Day,54,Female,Bike,28,No,No,No,Poor Weather Visibility,Low,0.0
ACC27082,08-12-2023,07:29,Tamil Nadu,Tiruchirappalli,11.0975,79.3801,National Highway,Clear,Day,27,Female,Bike,87,No,No,No,Over Speeding,Medium,2.0
ACC27083,20-09-2022,15:13,Tamil Nadu,Madurai,11.2732,78.5812,Village Road,Clear,Day,53,Male,Auto,26,No,No,No,Signal Jumping,Low,0.0
ACC27084,30-10-2022,08:51,Kerala,Kozhikode,10.9487,76.0235,Expressway,Clear,Day,23,Male,Car,64,No,No,No,Over Speeding,Medium,4.0
ACC27085,20-09-2023,13:48,Tamil Nadu,Tiruchirappalli,10.4609,78.464,National Highway,Clear,Day,29,Female,Truck,75,No,No,No,Over Speeding,High,6.0
ACC27086,28-03-2023,06:48,Karnataka,Hubballi,15.5717,75.5407,City Road,Foggy,Day,18,Male,Bus,48,No,No,No,Poor Weather Visibility,Medium,2.0