Accident_ID,Date,Time,State,District,Latitude,Longitude,Road_Type,Weather,Light_Condition,Driver_Age,Driver_Gender,Vehicle_Type,Speed_kmph,Alcohol_Involved,Driver_Drowsy,Pothole_Involved,Cause_of_Accident,Severity,Casualties
ACC27087,02-08-2024,19:10,Telangana,Warangal,18.0137,79.0231,City Road,Rainy,Night,44,Female,Bike,53,No,No,No,Poor Weather Visibility,Low,1.0
ACC27088,07-05-2024,06:39,Kerala,Ernakulam,9.9248,76.7425,Village Road,Clear,Day,41,Male,Bike,48,No,No,No,Signal Jumping,Low,0.0
ACC27089,29-09-2024,18:30,Karnataka,Belagavi,15.2051,76.1323,State Highway,Clear,Dusk,33,Male,Bus,62,No,No,No,Over Speeding,Low,0.0
ACC27090,22-01-2023,11:56,Tamil Nadu,Coimbatore,10.4602,77.9193,City Road,Clear,Day,53,Male,Bike,49,No,No,No,Signal Jumping,Low,0.0
ACC27091,15-05-2023,13:05,Andhra Pradesh,Nellore,16.6828,79.9043,Village Road,Clear,Day,31,Male,Car,56,Yes,No,Yes,Drunk Driving,Medium,11.0
ACC27092,20-08-2022,18:05,Tamil Nadu,Coimbatore,10.6364,78.1886,City Road,Overcast,Dusk,37,Male,Bus,52,Yes,No,No,Drunk Driving,Medium,2.0
ACC27093,09-12-2022,20:01,Tamil Nadu,Salem,11.9477,78.5644,City Road,Clear,Night,53,Male,Car,43,No,No,No,Signal Jumping,Low,0.0
ACC27094,12-09-2024,14:08,Kerala,Thiruvananthapuram,10.373,76.1214,City Road,Clear,Day,18,Female,Auto,35,No,No,Yes,Pothole/Bad Road,Low,0.0
ACC27095,18-11-2024,18:40,Tamil Nadu,Salem,11.905,78.3267,State Highway,Clear,Dusk,25,Male,Car,72,Yes,No,No,Drunk Driving,High,2.0
ACC27096,24-06-2023,08:10,Tamil Nadu,Coimbatore,10.9596,78.3427,City Road,Cloudy,Day,18,Female,Bike,56,Yes,Yes,No,Drunk Driving,High,7.0
ACC27097,12-06-2023,15:34,Telangana,Warangal,17.4857,78.8185,Village Road,Clear,Day,34,Female,Car,37,No,No,No,Poor Weather Visibility,Low,1.0
ACC27098,11-06-2024,19:55,Andhra Pradesh,Kurnool,16.0187,79.6597,State Highway,Clear,Night,18,Male,Bike,72,No,No,No,Over Speeding,Medium,7.0
ACC27099,03-01-2023,09:51,Tamil Nadu,Tiruchirappalli,10.7351,78.4825,Expressway,Clear,Day,32,Male,Car,83,No,No,No,Over Speeding,Medium,1.0
ACC27100,21-11-2024,22:42,Telangana,Hyderabad,17.7365,79.1701,City Road,Rainy,Night,30,Male,Truck,48,No,No,Yes,Poor Weather Visibility,Low,2.0
ACC27101,01-04-2022,19:49,Telangana,Karimnagar,17.4945,79.112,City Road,Overcast,Night,36,Male,Auto,65,No,Yes,No,Drowsy Driving,High,6.0
ACC27102,24-10-2023,20:49,Tamil Nadu,Salem,11.0281,78.1833,Village Road,Clear,Night,35,Male,Car,54,No,No,No,Poor Weather Visibility,Low,1.0
ACC27103,11-01-2024,17:06,Kerala,Thiruvananthapuram,10.4171,76.1185,Expressway,Clear,Dusk,52,Female,Truck,92,No,No,No,Over Speeding,High,4.0
ACC27104,21-11-2024,15:48,Kerala,Ernakulam,10.0956,75.9747,National Highway,Rainy,Day,46,Male,Car,98,No,No,Yes,Over Speeding,High,4.0
ACC27105,15-11-2023,16:28,Karnataka,Mysuru,15.4104,75.8404,National Highway,Overcast,Day,46,Male,Bus,67,No,Yes,No,Drowsy Driving,Medium,5.0
ACC27106,05-09-2022,16:05,Andhra Pradesh,Vijayawada,15.4312,79.4792,City Road,Rainy,Day,29,Female,Truck,71,No,No,Yes,Poor Weather Visibility,Low,1.0
ACC27107,31-10-2022,17:41,Andhra Pradesh,Nellore,16.1557,79.5042,Expressway,Overcast,Dusk,42,Male,Bike,84,No,No,No,Over Speeding,High,10.0
ACC27108,01-07-2024,12:48,Tamil Nadu,Salem,10.8883,78.2662,Village Road,Rainy,Day,18,Male,Auto,37,No,No,No,Poor Weather Visibility,Medium,2.0
ACC27109,04-02-2023,11:22,Karnataka,Hubballi,15.7937,75.1517,City Road,Cloudy,Day,37,Male,Car,54,No,No,No,Poor Weather Visibility,Low,5.0
ACC27110,18-11-2022,17:57,Kerala,Kollam,10.122,75.9622,Expressway,Cloudy,Dusk,60,Male,Bike,87,No,No,No,Over Speeding,Medium,5.0
ACC27111,24-12-2023,19:08,Andhra Pradesh,Guntur,16.0897,80.6789,State Highway,Overcast,Night,28,Male,Bike,38,No,No,Yes,Pothole/Bad Road,Medium,2.0
ACC27112,05-12-2023,08:28,Andhra Pradesh,Guntur,15.6651,79.6391,National Highway,Clear,Day,34,Female,Truck,59,No,No,No,Over Speeding,Low,0.0
ACC27113,27-12-2023,19:34,Kerala,Kozhikode,10.3804,75.965,Village Road,Overcast,Night,48,Male,Truck,31,No,No,No,Poor Weather Visibility,Low,0.0
ACC27114,07-03-2022,07:56,Kerala,Thiruvananthapuram,10.4878,76.0758,National Highway,Clear,Day,18,Male,Truck,77,No,Yes,No,Drowsy Driving,Medium,1.0
ACC27115,20-03-2024,19:20,Puducherry,Puducherry,11.1355,79.1228,City Road,Rainy,Night,52,Male,Bike,28,No,No,Yes,Poor Weather Visibility,Low,1.0
ACC27116,10-04-2022,16:09,Kerala,Kozhikode,10.1231,76.0745,National Highway,Rainy,Day,43,Female,Bike,65,No,No,No,Poor Weather Visibility,Low,2.0
ACC27117,17-12-2023,14:34,Tamil Nadu,Coimbatore,10.6392,78.5576,National Highway,Clear,Day,50,Male,Truck,68,No,Yes,No,Drowsy Driving,High,6.0
ACC27118,20-06-2022,11:14,Andhra Pradesh,Vijayawada,16.1077,80.4041,City Road,Clear,Day,31,Female,Auto,51,No,Yes,Yes,Drowsy Driving,Medium,3.0
ACC27119,13-12-2024,14:04,Karnataka,Mysuru,15.8948,75.1828,City Road,Clear,Day,35,Male,Bike,56,No,No,Yes,Pothole/Bad Road,Low,0.0
ACC27120,01-02-2022,15:13,Telangana,Karimnagar,17.6305,78.4181,Village Road,Cloudy,Day,33,Male,Auto,48,Yes,No,No,Drunk Driving,Medium,8.0
ACC27121,15-06-2023,21:22,Tamil Nadu,Madurai,11.3902,77.971,City Road,Clear,Night,32,Female,Bus,33,No,No,Yes,Pothole/Bad Road,Low,0.0
ACC27122,06-03-2023,08:59,Andhra Pradesh,Vijayawada,16.0663,79.4062,City Road,Clear,Day,33,Male,Bus,51,No,No,Yes,Pothole/Bad Road,Low,0.0
ACC27123,05-01-2022,19:20,Kerala,Thrissur,10.1454,75.763,State Highway,Clear,Night,32,Male,Car,56,No,No,No,Signal Jumping,Low,0.0
ACC27124,11-04-2022,16:18,Telangana,Khammam,17.7805,79.7615,Expressway,Clear,Day,31,Male,Bike,69,No,No,No,Signal Jumping,High,5.0
ACC27125,04-01-2022,06:31,Tamil Nadu,Salem,11.5963,79.2064,State Highway,Clear,Day,21,Female,Bus,73,No,No,No,Signal Jumping,Low,0.0
ACC27126,16-02-2024,21:42,Andhra Pradesh,Kurnool,15.622,79.9143,City Road,Rainy,Night,22,Male,Truck,52,No,No,No,Poor Weather Visibility,Medium,2.0
ACC27127,04-04-2024,17:15,Karnataka,Bengaluru Urban,15.1799,76.0376,Expressway,Clear,Dusk,33,Male,Auto,95,No,No,No,Over Speeding,High,8.0
ACC27128,24-02-2023,01:01,Andhra Pradesh,Vijayawada,15.2828,79.1577,City Road,Clear,Night,41,Male,Auto,63,No,Yes,Yes,Drowsy Driving,Medium,4.0
ACC27129,12-03-2023,16:49,Karnataka,Belagavi,14.6361,75.8677,National Highway,Clear,Day,38,Male,Car,77,No,Yes,No,Drowsy Driving,High,2.0
ACC27130,15-01-2023,12:42,Karnataka,Belagavi,16.1305,75.5296,State Highway,Clear,Day,27,Male,Bike,76,Yes,No,No,Drunk Driving,Medium,1.0
ACC27131,24-10-2023,21:22,Kerala,Thiruvananthapuram,9.9902,76.3975,City Road,Cloudy,Night,32,Female,Bus,51,No,No,No,Poor Weather Visibility,Low,1.0
ACC27132,10-12-2022,12:50,Kerala,Kollam,9.9356,76.6028,National Highway,Cloudy,Day,43,Male,Truck,48,No,No,No,Poor Weather Visibility,Low,0.0
ACC27133,03-01-2022,14:27,Tamil Nadu,Chennai,10.5687,79.3406,Expressway,Overcast,Day,34,Male,Bike,83,No,No,No,Over Speeding,Medium,3.0
ACC27134,13-05-2024,13:40,Andhra Pradesh,Visakhapatnam,15.6937,79.3438,Village Road,Rainy,Day,18,Male,Bike,33,No,Yes,Yes,Poor Weather Visibility,Low,1.0
ACC27135,22-04-2024,13:18,Kerala,Kollam,10.3948,76.114,State Highway,Clear,Day,37,Male,Car,65,No,No,No,Signal Jumping,Low,1.0
ACC27136,27-06-2023,16:22,Karnataka,Hubballi,15.0749,76.4629,State Highway,Clear,Day,39,Male,Car,62,No,No,No,Signal Jumping,Low,1.0
ACC27137,26-05-2024,16:30,Tamil Nadu,Salem,10.7525,78.7058,Expressway,Cloudy,Day,37,Male,Car,81,No,No,No,Over Speeding,Medium,6.0
ACC27138,13-11-2023,16:36,Puducherry,Puducherry,11.4168,79.2092,City Road,Clear,Day,66,Female,Truck,33,No,No,No,Signal Jumping,Low,0.0
ACC27139,08-04-2022,08:00,Telangana,Khammam,18.2823,78.7199,National Highway,Clear,Day,39,Male,Bike,55,No,No,No,Signal Jumping,Medium,2.0
ACC27140,27-07-2024,19:27,Tamil Nadu,Coimbatore,11.5562,78.2548,National Highway,Clear,Night,41,Male,Auto,82,Yes,No,No,Drunk Driving,High,2.0
ACC27141,19-03-2024,11:21,Telangana,Warangal,18.0002,79.5807,National Highway,Cloudy,Day,51,Female,Auto,73,No,No,No,Over Speeding,Medium,3.0
ACC27142,08-06-2024,04:31,Puducherry,Karaikal,12.4819,79.8484,National Highway,Rainy,Night,22,Male,Bike,88,Yes,No,No,Over Speeding,High,3.0
ACC27143,17-11-2023,13:07,Kerala,Kollam,10.5186,76.4238,National Highway,Cloudy,Day,45,Male,Auto,66,No,No,No,Poor Weather Visibility,Medium,
ACC27144,22-01-2024,20:23,Kerala,Kozhikode,9.7589,75.9035,National Highway,Cloudy,Night,36,Male,Car,61,No,No,No,Poor Weather Visibility,Medium,5.0
ACC27145,23-10-2022,16:14,Andhra Pradesh,Kurnool,15.3254,79.7558,Village Road,Cloudy,Day,59,Male,Truck,40,No,No,No,Poor Weather Visibility,Low,0.0
ACC27146,14-05-2024,03:44,Kerala,Thiruvananthapuram,9.9164,76.5624,Village Road,Clear,Night,44,Male,Bus,46,No,No,Yes,Pothole/Bad Road,Low,0.0
ACC27147,23-03-2022,15:29,Karnataka,Mysuru,15.3625,75.5294,National Highway,Cloudy,Day,18,Male,Truck,58,No,Yes,No,Drowsy Driving,Medium,2.0
ACC27148,12-10-2023,02:19,Tamil Nadu,Coimbatore,11.1681,78.9021,State Highway,Rainy,Night,46,Male,Bike,63,No,Yes,Yes,Poor Weather Visibility,High,4.0
ACC27149,24-02-2024,20:41,Kerala,Ernakulam,10.2493,76.0879,Expressway,Clear,Night,29,Female,Truck,84,No,No,No,Over Speeding,Medium,5.0
ACC27150,22-11-2024,08:04,Puducherry,Karaikal,11.5602,79.4095,National Highway,Cloudy,Day,35,Male,Car,56,No,No,No,Poor Weather Visibility,Medium,2.0
ACC27151,27-01-2024,06:53,Telangana,Hyderabad,17.9748,78.7708,State Highway,Clear,Day,20,Male,Truck,48,No,No,No,Poor Weather Visibility,Low,0.0
ACC27152,07-01-2023,23:09,Karnataka,Mangaluru,15.1917,75.414,City Road,Clear,Night,40,Male,Bus,55,No,No,No,Signal Jumping,Low,2.0
ACC27153,04-09-2023,17:21,Tamil Nadu,Madurai,11.1966,78.7369,National Highway,Rainy,Dusk,29,Male,Car,66,No,No,Yes,Poor Weather Visibility,High,2.0
ACC27154,26-04-2022,17:22,Telangana,Nizamabad,17.9368,78.6943,State Highway,Clear,Dusk,41,Male,Auto,64,No,No,No,Signal Jumping,Medium,2.0
ACC27155,09-04-2023,17:27,Kerala,Kollam,10.3815,75.4294,State Highway,Clear,Dusk,34,Male,Bus,40,No,No,No,Poor Weather Visibility,Low,1.0
ACC27156,15-05-2023,20:36,Tamil Nadu,Tiruchirappalli,10.9803,78.9175,City Road,Rainy,Night,19,Male,Bike,41,No,No,No,Poor Weather Visibility,Medium,3.0
ACC27157,19-06-2023,23:45,Karnataka,Mysuru,14.7931,74.8488,State Highway,Cloudy,Night,32,Male,Auto,81,Yes,No,No,Drunk Driving,High,6.0
ACC27158,29-05-2024,21:42,Telangana,Hyderabad,18.4169,79.0608,Expressway,Rainy,Night,36,Male,Truck,88,No,No,No,Over Speeding,Medium,10.0
ACC27159,30-09-2024,12:08,Tamil Nadu,Salem,10.9539,78.3101,State Highway,Cloudy,Day,18,Male,Car,55,No,No,No,Poor Weather Visibility,Low,0.0
ACC27160,12-01-2023,17:40,Karnataka,Mangaluru,16.1143,75.3729,National Highway,Clear,Dusk,28,Male,Bike,61,No,No,No,Signal Jumping,Low,0.0
ACC27161,03-06-2024,11:20,Tamil Nadu,Tiruchirappalli,10.762,78.4964,Village Road,Clear,Day,35,Male,Car,41,No,No,No,Poor Weather Visibility,Low,7.0
ACC27162,25-11-2023,14:49,Telangana,Khammam,17.7495,78.6443,City Road,Clear,Day,52,Male,Bike,40,No,No,No,Signal Jumping,Low,0.0
ACC27163,31-07-2022,19:17,Tamil Nadu,Salem,10.4918,78.495,State Highway,Clear,Night,31,Male,Car,72,No,No,No,Over Speeding,Low,1.0
ACC27164,26-09-2023,15:55,Puducherry,Karaikal,11.2542,79.8711,City Road,Cloudy,Day,30,Male,Bike,53,No,No,Yes,Pothole/Bad Road,Medium,0.0
ACC27165,02-07-2023,08:46,Kerala,Ernakulam,9.6379,76.5238,City Road,Cloudy,Day,44,Male,Auto,45,No,No,No,Poor Weather Visibility,Low,0.0
ACC27166,27-09-2024,08:20,Karnataka,Mysuru,14.8627,76.0889,Expressway,Clear,Day,39,Female,Truck,64,No,Yes,No,Drowsy Driving,Medium,4.0
ACC27167,21-09-2022,13:31,Karnataka,Mangaluru,15.2797,75.5811,State Highway,Cloudy,Day,61,Male,Car,67,No,No,No,Poor Weather Visibility,Low,1.0
ACC27168,21-07-2024,17:39,Andhra Pradesh,Nellore,16.1249,80.0999,National Highway,Clear,Dusk,28,Male,Car,69,No,No,No,Over Speeding,Medium,0.0
ACC27169,23-11-2024,07:32,Kerala,Kollam,11.1023,75.6547,City Road,Rainy,Day,26,Male,Car,39,No,Yes,Yes,Poor Weather Visibility,Low,1.0
ACC27170,22-06-2023,19:16,Karnataka,Mysuru,15.1012,75.2765,State Highway,Clear,Night,24,Male,Bus,50,No,No,No,Signal Jumping,Low,0.0
ACC27171,05-07-2023,09:24,Kerala,Thiruvananthapuram,10.4164,76.5525,National Highway,Cloudy,Day,50,Male,Auto,79,No,No,No,Signal Jumping,Medium,0.0
ACC27172,04-01-2024,21:15,Kerala,Thrissur,9.8085,75.8832,Village Road,Rainy,Night,26,Male,Bike,29,No,No,Yes,Poor Weather Visibility,Low,1.0
ACC27173,20-02-2022,18:19,Karnataka,Mangaluru,15.2939,75.8744,State Highway,Clear,Dusk,24,Male,Auto,67,No,No,No,Over Speeding,Low,2.0
ACC27174,30-03-2023,04:42,Telangana,Karimnagar,17.3738,78.3066,Village Road,Clear,Night,22,Male,Bike,56,Yes,Yes,No,Drunk Driving,Medium,1.0
ACC27175,29-07-2023,17:57,Telangana,Karimnagar,17.7001,79.1177,Village Road,Overcast,Dusk,23,Male,Car,35,Yes,No,Yes,Drunk Driving,Medium,2.0
ACC27176,25-03-2023,05:06,Karnataka,Belagavi,14.8216,75.5429,City Road,Clear,Dawn,28,Female,Bike,41,Yes,No,No,Drunk Driving,Low,2.0
ACC27177,08-11-2024,10:42,Andhra Pradesh,Vijayawada,16.1075,79.4704,National Highway,Clear,Day,38,Male,Bike,81,No,No,No,Over Speeding,Medium,4.0
ACC27178,24-01-2022,14:05,Kerala,Ernakulam,10.6771,76.547,City Road,Clear,Day,25,Male,Bus,34,No,No,No,Signal Jumping,Low,0.0
ACC27179,18-01-2022,21:18,Telangana,Karimnagar,17.9166,79.5936,Village Road,Cloudy,Night,18,Male,Car,42,No,No,Yes,Pothole/Bad Road,Medium,3.0
ACC27180,08-01-2024,20:56,Karnataka,Belagavi,14.8511,76.8309,Village Road,Overcast,Night,35,Male,Bus,36,No,No,No,Poor Weather Visibility,Low,0.0
ACC27181,01-09-2023,13:08,Karnataka,Belagavi,15.6824,75.9169,State Highway,Clear,Day,21,Female,Auto,94,Yes,No,No,Over Speeding,High,4.0
ACC27182,18-02-2022,16:03,Andhra Pradesh,Guntur,15.6657,79.8422,National Highway,Clear,Day,43,Male,Bike,60,No,No,Yes,Pothole/Bad Road,Low,1.0
ACC27183,06-03-2022,08:52,Karnataka,Mangaluru,15.4512,75.4584,National Highway,Rainy,Day,54,Female,Bike,53,No,No,No,Poor Weather Visibility,Medium,3.0
ACC27184,17-12-2022,18:39,Telangana,Hyderabad,17.9369,79.4791,State Highway,Clear,Dusk,63,Male,Bike,51,No,No,No,Signal Jumping,Low,1.0
ACC27185,05-02-2022,09:54,Kerala,Kollam,9.973,76.2507,State Highway,Rainy,Day,47,Male,Bike,68,No,Yes,No,Poor Weather Visibility,Medium,7.0
ACC27186,11-04-2024,09:58,Karnataka,Bengaluru Urban,15.7462,76.0867,National Highway,Cloudy,Day,48,Male,Bus,59,No,No,No,Poor Weather Visibility,Low,1.0
ACC27187,27-02-2023,11:06,Telangana,Warangal,17.4593,78.5061,State Highway,Clear,Day,48,Male,Bike,66,No,No,Yes,Pothole/Bad Road,Medium,1.0
ACC27188,06-02-2023,18:56,Andhra Pradesh,Visakhapatnam,16.3582,79.4666,Village Road,Foggy,Dusk,36,Male,Car,42,No,Yes,Yes,Poor Weather Visibility,Medium,3.0
ACC27189,31-12-2022,19:52,Telangana,Khammam,17.7004,79.8539,State Highway,Cloudy,Night,33,Male,Car,69,No,No,No,Poor Weather Visibility,Medium,3.0
ACC27190,16-11-2022,14:04,Tamil Nadu,Salem,10.3096,78.7375,Village Road,Cloudy,Day,51,Female,Car,49,No,No,Yes,Pothole/Bad Road,Medium,1.0
ACC27191,17-07-2022,08:06,Karnataka,Bengaluru Urban,15.3692,76.2319,City Road,Cloudy,Day,26,Male,Bike,47,No,Yes,No,Drowsy Driving,Medium,2.0
ACC27192,10-09-2024,10:42,Andhra Pradesh,Nellore,16.1867,79.3329,City Road,Clear,Day,43,Female,Auto,61,No,No,Yes,Pothole/Bad Road,Medium,3.0
ACC27193,19-02-2024,21:55,Tamil Nadu,Madurai,11.6598,78.8009,National Highway,Clear,Night,58,Male,Bike,85,Yes,No,No,Drunk Driving,High,8.0
ACC27194,30-05-2024,19:28,Telangana,Karimnagar,17.6962,79.1953,City Road,Cloudy,Night,38,Female,Car,44,No,No,Yes,Pothole/Bad Road,Medium,2.0
ACC27195,08-09-2022,15:57,Karnataka,Mangaluru,15.1711,75.9748,Village Road,Rainy,Day,48,Male,Bike,42,No,No,Yes,Poor Weather Visibility,Low,0.0
ACC27196,31-05-2022,02:42,Puducherry,Puducherry,11.8993,80.0094,National Highway,Clear,Night,36,Male,Bike,70,No,Yes,No,Drowsy Driving,High,6.0
ACC27197,31-08-2023,15:29,Andhra Pradesh,Kurnool,16.3703,80.2296,State Highway,Foggy,Day,38,Male,Auto,68,No,No,No,Poor Weather Visibility,Medium,1.0
ACC27198,13-12-2023,10:27,Tamil Nadu,Salem,11.0717,78.75,National Highway,Rainy,Day,23,Male,Truck,66,Yes,Yes,Yes,Poor Weather Visibility,High,8.0
ACC27199,30-10-2022,19:12,Karnataka,Hubballi,14.7654,75.8483,City Road,Cloudy,Night,30,Male,Bike,71,No,Yes,Yes,Drowsy Driving,High,2.0
ACC27200,09-09-2023,16:47,Kerala,Ernakulam,10.0565,76.3564,City Road,Cloudy,Day,57,Male,Bike,54,No,No,No,Signal Jumping,Low,1.0
ACC27201,07-11-2022,13:23,Karnataka,Bengaluru Urban,15.1799,76.0423,Expressway,Rainy,Day,18,Male,Car,99,Yes,No,No,Over Speeding,High,6.0
ACC27202,17-07-2022,12:02,Tamil Nadu,Coimbatore,10.5956,78.7035,State Highway,Clear,Day,18,Male,Bike,65,No,No,No,Over Speeding,Medium,3.0
ACC27203,27-12-2024,14:15,Telangana,Hyderabad,18.0462,79.0064,Village Road,Clear,Day,24,Female,Truck,58,No,No,Yes,Pothole/Bad Road,Medium,0.0
ACC27204,11-02-2024,18:55,Kerala,Kozhikode,10.6371,76.0608,Village Road,Rainy,Dusk,37,Female,Bike,26,No,No,Yes,Poor Weather Visibility,Low,0.0
ACC27205,09-11-2024,14:01,Kerala,Thrissur,10.1308,76.5158,City Road,Cloudy,Day,60,Male,Bike,46,No,No,No,Poor Weather Visibility,Low,0.0
ACC27206,07-09-2023,12:59,Kerala,Kollam,10.0022,76.8959,State Highway,Cloudy,Day,18,Male,Bike,89,No,No,No,Over Speeding,Medium,4.0
ACC27207,29-03-2022,21:13,Karnataka,Mangaluru,15.5478,76.2938,State Highway,Foggy,Night,26,Male,Bus,52,No,Yes,No,Poor Weather Visibility,Medium,0.0
ACC27208,08-02-2024,18:01,Telangana,Nizamabad,18.6905,79.2846,Village Road,Cloudy,Dusk,30,Male,Bike,25,No,Yes,Yes,Drowsy Driving,Low,1.0
ACC27209,20-12-2022,19:49,Tamil Nadu,Chennai,11.0417,78.6627,City Road,Rainy,Night,39,Male,Auto,39,No,No,Yes,Poor Weather Visibility,Low,0.0
ACC27210,24-08-2022,05:08,Telangana,Khammam,18.3927,78.3819,National Highway,Foggy,Dawn,34,Male,Auto,64,No,No,No,Poor Weather Visibility,High,6.0
ACC27211,25-09-2022,16:29,Andhra Pradesh,Nellore,15.8684,79.9486,State Highway,Clear,Day,18,Male,Bike,54,No,No,No,Signal Jumping,Low,1.0
ACC27212,05-05-2023,13:52,Tamil Nadu,Tiruchirappalli,11.3971,77.9851,Village Road,Clear,Day,69,Male,Car,38,No,No,No,Signal Jumping,Low,
ACC27213,03-12-2024,23:48,Andhra Pradesh,Visakhapatnam,15.5814,80.2477,Village Road,Foggy,Night,38,Male,Bike,44,No,No,Yes,Poor Weather Visibility,Medium,3.0
ACC27214,15-11-2023,01:50,Karnataka,Hubballi,15.6442,76.05,National Highway,Rainy,Night,18,Male,Bike,107,Yes,No,No,Over Speeding,High,6.0
ACC27215,07-12-2022,19:27,Telangana,Hyderabad,18.1057,79.1613,Village Road,Clear,Night,54,Male,Car,39,No,No,Yes,Pothole/Bad Road,Low,1.0
ACC27216,07-01-2024,07:11,Karnataka,Hubballi,16.0665,75.2702,City Road,Clear,Day,33,Male,Bus,65,No,No,Yes,Pothole/Bad Road,Low,3.0
ACC27217,28-03-2023,15:32,Telangana,Nizamabad,17.9747,79.4338,City Road,Rainy,Day,32,Female,Truck,56,No,No,No,Poor Weather Visibility,Low,3.0
ACC27218,10-06-2023,09:04,Tamil Nadu,Coimbatore,11.0833,79.0052,Expressway,Cloudy,Day,31,Male,Car,77,No,No,No,Over Speeding,High,6.0
ACC27219,16-12-2022,06:03,Kerala,Kollam,9.8666,76.3508,City Road,Clear,Day,41,Male,Car,38,No,No,No,Poor Weather Visibility,Low,3.0
ACC27220,05-02-2022,18:20,Tamil Nadu,Chennai,10.7946,78.622,State Highway,Clear,Dusk,38,Male,Car,72,No,Yes,No,Drowsy Driving,Medium,7.0
ACC27221,21-07-2023,07:33,Telangana,Warangal,17.6023,80.0079,Village Road,Rainy,Day,29,Male,Car,37,No,No,No,Poor Weather Visibility,Low,1.0
ACC27222,08-10-2022,16:01,Karnataka,Bengaluru Urban,15.9412,75.1586,City Road,Cloudy,Day,18,Male,Auto,61,Yes,No,No,Drunk Driving,Medium,4.0
ACC27223,09-07-2024,18:47,Telangana,Nizamabad,17.4734,79.8057,Village Road,Clear,Dusk,40,Male,Car,50,No,Yes,Yes,Drowsy Driving,Low,2.0
ACC27224,13-07-2023,02:37,Andhra Pradesh,Kurnool,16.1716,79.8032,State Highway,Overcast,Night,40,Male,Auto,63,No,No,Yes,Pothole/Bad Road,High,3.0
ACC27225,12-07-2022,07:31,Karnataka,Mangaluru,15.9835,75.7266,National Highway,Rainy,Day,39,Male,Auto,87,No,No,Yes,Poor Weather Visibility,High,
ACC27226,11-06-2022,19:08,Karnataka,Bengaluru Urban,15.2253,75.3297,State Highway,Cloudy,Night,37,Male,Bike,54,No,No,No,Poor Weather Visibility,Medium,3.0
ACC27227,20-01-2022,10:38,Puducherry,Puducherry,11.8973,79.3038,State Highway,Cloudy,Day,51,Female,Auto,64,No,No,No,Poor Weather Visibility,Medium,3.0
ACC27228,16-09-2024,17:29,Kerala,Kozhikode,9.5809,75.6619,City Road,Clear,Dusk,45,Male,Car,47,No,No,No,Signal Jumping,Low,2.0
ACC27229,30-11-2023,04:21,Tamil Nadu,Salem,10.9862,78.4743,City Road,Clear,Night,18,Male,Auto,41,No,No,No,Poor Weather Visibility,Low,1.0
ACC27230,22-03-2023,14:42,Telangana,Warangal,18.5901,79.2265,Expressway,Clear,Day,39,Male,Bike,94,No,No,No,Over Speeding,High,4.0
ACC27231,06-12-2023,22:26,Andhra Pradesh,Nellore,16.2196,79.8747,Village Road,Cloudy,Night,49,Male,Auto,43,Yes,Yes,No,Drunk Driving,Medium,2.0
ACC27232,01-01-2024,13:21,Andhra Pradesh,Nellore,16.2584,79.6466,State Highway,Clear,Day,20,Female,Truck,46,No,No,No,Signal Jumping,Low,2.0
ACC27233,21-09-2022,19:11,Tamil Nadu,Chennai,11.52,78.1375,Village Road,Overcast,Night,40,Male,Bus,62,Yes,Yes,No,Drunk Driving,High,2.0
ACC27234,08-12-2024,21:16,Kerala,Thiruvananthapuram,9.3169,76.6613,National Highway,Cloudy,Night,31,Male,Truck,78,No,Yes,No,Drowsy Driving,Medium,4.0
ACC27235,13-03-2024,08:18,Karnataka,Bengaluru Urban,15.1798,76.0837,City Road,Cloudy,Day,18,Male,Bike,37,No,No,No,Poor Weather Visibility,Low,
ACC27236,17-11-2024,09:08,Andhra Pradesh,Nellore,15.2886,79.3262,National Highway,Cloudy,Day,31,Male,Bus,68,No,No,No,Poor Weather Visibility,Medium,1.0
ACC27237,20-10-2023,22:45,Tamil Nadu,Chennai,11.0504,78.7856,City Road,Cloudy,Night,39,Female,Car,32,No,No,No,Poor Weather Visibility,Low,2.0
ACC27238,13-03-2023,21:14,Telangana,Karimnagar,17.7424,78.8478,Village Road,Cloudy,Night,44,Male,Bike,30,No,No,No,Poor Weather Visibility,Medium,0.0
ACC27239,27-01-2024,02:28,Tamil Nadu,Coimbatore,10.8327,78.1696,City Road,Clear,Night,39,Male,Bike,42,No,No,No,Signal Jumping,Low,0.0
ACC27240,05-05-2022,07:31,Andhra Pradesh,Nellore,15.8656,79.0627,City Road,Clear,Day,35,Female,Truck,47,No,No,Yes,Pothole/Bad Road,Low,0.0
ACC27241,23-06-2024,02:24,Kerala,Thiruvananthapuram,10.2428,76.1562,State Highway,Cloudy,Night,18,Male,Bike,72,No,No,No,Poor Weather Visibility,Medium,3.0
ACC27242,17-01-2023,16:00,Telangana,Nizamabad,18.2433,78.7974,City Road,Clear,Day,39,Male,Car,26,No,No,No,Signal Jumping,Low,0.0
ACC27243,27-07-2024,23:42,Andhra Pradesh,Nellore,16.049,79.8201,Village Road,Clear,Night,18,Male,Car,56,Yes,No,No,Drunk Driving,Medium,3.0