Accident_ID,Date,Time,State,District,Latitude,Longitude,Road_Type,Weather,Light_Condition,Driver_Age,Driver_Gender,Vehicle_Type,Speed_kmph,Alcohol_Involved,Driver_Drowsy,Pothole_Involved,Cause_of_Accident,Severity,Casualties
ACC27244,30-05-2024,22:39,Karnataka,Mangaluru,15.1454,75.9314,Expressway,Rainy,Night,44,Female,Car,85,Yes,No,No,Poor Weather Visibility,High,8.0
ACC27245,25-04-2022,18:18,Karnataka,Mysuru,15.0437,75.4874,National Highway,Cloudy,Dusk,25,Male,Auto,68,No,No,No,Poor Weather Visibility,High,5.0
ACC27246,27-08-2023,16:36,Karnataka,Belagavi,15.4493,75.2131,City Road,Rainy,Day,36,Male,Bike,54,No,No,No,Poor Weather Visibility,Low,3.0
ACC27247,29-03-2022,13:44,Telangana,Nizamabad,17.7563,79.4564,National Highway,Cloudy,Day,72,Male,Auto,70,No,No,No,Signal Jumping,Medium,1.0
ACC27248,24-12-2023,06:52,Karnataka,Belagavi,15.6404,76.0623,City Road,Clear,Day,25,Male,Bike,52,No,No,No,Poor Weather Visibility,Low,0.0
ACC27249,20-09-2023,18:27,Andhra Pradesh,Guntur,15.4003,79.4248,City Road,Clear,Dusk,29,Male,Auto,43,No,No,No,Signal Jumping,Low,3.0
ACC27250,05-03-2024,10:32,Tamil Nadu,Salem,10.7255,78.4612,Village Road,Clear,Day,39,Male,Bike,41,No,No,No,Poor Weather Visibility,Low,0.0
ACC27251,07-07-2023,09:57,Andhra Pradesh,Visakhapatnam,16.3261,79.9867,National Highway,Clear,Day,50,Female,Bike,77,No,No,No,Over Speeding,Medium,3.0
ACC27252,12-10-2024,10:40,Telangana,Hyderabad,17.3875,79.4743,City Road,Cloudy,Day,18,Male,Bus,56,No,Yes,No,Drowsy Driving,Medium,2.0
ACC27253,15-11-2024,10:55,Andhra Pradesh,Vijayawada,16.6061,79.8476,National Highway,Cloudy,Day,20,Female,Auto,51,No,No,No,Signal Jumping,Medium,1.0
ACC27254,26-08-2022,17:55,Karnataka,Bengaluru Urban,15.1175,75.7952,State Highway,Clear,Dusk,37,Male,Bus,60,No,No,No,Signal Jumping,Medium,2.0
ACC27255,29-11-2022,15:14,Andhra Pradesh,Vijayawada,15.7216,79.3698,City Road,Foggy,Day,34,Male,Car,47,No,No,No,Poor Weather Visibility,Medium,2.0
ACC27256,18-05-2022,08:12,Kerala,Kollam,10.4722,77.1349,Village Road,Rainy,Day,36,Male,Car,36,No,No,Yes,Poor Weather Visibility,Low,1.0
ACC27257,29-03-2024,23:34,Tamil Nadu,Coimbatore,11.3538,78.4311,National Highway,Clear,Night,33,Male,Bus,97,No,Yes,Yes,Over Speeding,High,4.0
ACC27258,19-07-2024,15:01,Telangana,Warangal,17.7775,78.7753,State Highway,Clear,Day,45,Male,Bike,77,Yes,Yes,No,Drunk Driving,High,7.0
ACC27259,03-06-2024,20:16,Andhra Pradesh,Guntur,15.9193,79.6513,Village Road,Clear,Night,29,Male,Car,21,No,No,Yes,Pothole/Bad Road,Low,0.0
ACC27260,19-09-2022,15:15,Andhra Pradesh,Visakhapatnam,16.1938,79.6272,Expressway,Cloudy,Day,25,Female,Auto,92,No,No,No,Over Speeding,High,3.0
ACC27261,13-07-2023,12:00,Tamil Nadu,Salem,11.3407,79.2346,Village Road,Clear,Day,35,Male,Car,32,No,No,No,Signal Jumping,Low,0.0
ACC27262,15-11-2022,14:20,Tamil Nadu,Tiruchirappalli,11.2148,78.7912,City Road,Cloudy,Day,26,Female,Bike,45,Yes,No,No,Drunk Driving,Low,1.0
ACC27263,13-06-2024,19:22,Karnataka,Mangaluru,15.3181,75.6764,City Road,Cloudy,Night,29,Female,Bike,65,Yes,No,No,Drunk Driving,Medium,2.0
ACC27264,14-05-2022,19:19,Telangana,Nizamabad,17.3615,79.6275,Village Road,Overcast,Night,31,Male,Bike,50,Yes,No,No,Drunk Driving,High,4.0
ACC27265,24-08-2024,11:30,Karnataka,Bengaluru Urban,15.5338,76.1055,Village Road,Clear,Day,47,Male,Bike,23,No,No,No,Poor Weather Visibility,Low,2.0
ACC27266,25-11-2024,11:26,Telangana,Nizamabad,17.5279,78.4012,City Road,Clear,Day,40,Male,Bike,57,No,No,Yes,Pothole/Bad Road,Medium,3.0
ACC27267,23-11-2024,08:06,Tamil Nadu,Chennai,10.9254,79.539,City Road,Clear,Day,34,Male,Car,45,No,No,No,Signal Jumping,Low,1.0
ACC27268,30-05-2024,22:32,Telangana,Hyderabad,17.6675,78.6943,City Road,Clear,Night,44,Female,Bike,41,Yes,No,No,Drunk Driving,Low,4.0
ACC27269,05-03-2023,11:54,Telangana,Warangal,18.4644,78.9042,Village Road,Clear,Day,32,Male,Truck,42,No,No,Yes,Pothole/Bad Road,Low,0.0
ACC27270,05-03-2024,15:54,Tamil Nadu,Madurai,10.672,78.7372,Village Road,Foggy,Day,24,Female,Car,40,No,No,No,Poor Weather Visibility,Low,1.0
ACC27271,27-02-2024,09:22,Kerala,Thrissur,10.5264,76.4447,National Highway,Clear,Day,37,Male,Truck,105,Yes,No,No,Over Speeding,High,8.0
ACC27272,27-03-2022,14:47,Kerala,Thrissur,9.5817,76.4779,Expressway,Rainy,Day,49,Male,Car,62,No,No,Yes,Poor Weather Visibility,Medium,2.0
ACC27273,05-10-2023,13:36,Telangana,Nizamabad,18.6701,77.8287,National Highway,Clear,Day,34,Male,Car,81,No,No,No,Over Speeding,Low,0.0
ACC27274,12-03-2022,09:35,Karnataka,Hubballi,15.0931,75.8282,National Highway,Cloudy,Day,19,Female,Bus,79,Yes,No,No,Drunk Driving,High,4.0
ACC27275,23-01-2024,04:31,Karnataka,Mysuru,15.798,76.1336,National Highway,Rainy,Night,43,Male,Bike,44,No,No,No,Poor Weather Visibility,Low,
ACC27276,18-04-2022,15:34,Karnataka,Belagavi,15.2288,76.0325,Village Road,Rainy,Day,39,Male,Bike,50,No,No,Yes,Poor Weather Visibility,Medium,
ACC27277,22-04-2024,10:27,Tamil Nadu,Madurai,10.868,78.3268,City Road,Cloudy,Day,44,Male,Car,44,No,No,Yes,Pothole/Bad Road,Low,0.0
ACC27278,18-10-2024,16:38,Karnataka,Mangaluru,15.0064,75.4395,Expressway,Clear,Day,52,Female,Bike,78,No,No,No,Over Speeding,Medium,3.0
ACC27279,22-01-2024,18:48,Kerala,Ernakulam,9.719,76.888,Expressway,Rainy,Dusk,34,Male,Auto,83,No,No,No,Poor Weather Visibility,High,4.0
ACC27280,17-08-2022,09:36,Andhra Pradesh,Nellore,15.9797,79.4656,Village Road,Overcast,Day,43,Female,Bike,60,No,No,Yes,Pothole/Bad Road,Medium,1.0
ACC27281,13-11-2023,12:04,Andhra Pradesh,Kurnool,15.667,78.6874,Expressway,Clear,Day,61,Male,Truck,70,No,No,No,Over Speeding,Low,0.0
ACC27282,11-03-2024,14:52,Telangana,Nizamabad,18.3248,79.3066,National Highway,Clear,Day,37,Male,Car,72,No,No,No,Over Speeding,Medium,5.0
ACC27283,28-01-2022,06:17,Karnataka,Mangaluru,15.6892,76.1256,Expressway,Overcast,Day,36,Male,Truck,76,No,No,No,Over Speeding,Medium,5.0
ACC27284,20-06-2022,11:18,Telangana,Nizamabad,18.1333,79.568,City Road,Cloudy,Day,34,Female,Bike,61,No,No,No,Poor Weather Visibility,Medium,1.0
ACC27285,26-10-2022,21:00,Tamil Nadu,Tiruchirappalli,11.2787,78.3793,Village Road,Clear,Night,27,Male,Car,51,No,Yes,No,Drowsy Driving,Medium,0.0
ACC27286,06-01-2023,09:28,Telangana,Nizamabad,18.242,79.2748,Village Road,Rainy,Day,30,Male,Car,49,No,No,No,Poor Weather Visibility,Low,1.0
ACC27287,05-08-2023,02:00,Tamil Nadu,Madurai,12.038,78.3446,Expressway,Foggy,Night,31,Male,Car,76,No,No,Yes,Poor Weather Visibility,High,4.0
ACC27288,01-02-2022,18:31,Karnataka,Bengaluru Urban,14.9302,76.1966,Expressway,Cloudy,Dusk,24,Male,Bike,77,No,No,No,Over Speeding,Medium,2.0
ACC27289,08-07-2024,13:15,Tamil Nadu,Madurai,11.7709,78.3316,National Highway,Clear,Day,58,Male,Bus,65,No,Yes,No,Drowsy Driving,Medium,4.0
ACC27290,07-08-2024,10:11,Karnataka,Bengaluru Urban,15.0881,76.0162,Village Road,Rainy,Day,36,Female,Car,50,No,No,No,Signal Jumping,Low,2.0
ACC27291,02-11-2023,16:28,Tamil Nadu,Chennai,11.3634,79.0243,National Highway,Rainy,Day,38,Male,Bike,48,No,No,No,Poor Weather Visibility,Low,1.0
ACC27292,21-03-2023,11:13,Andhra Pradesh,Guntur,15.9659,79.7693,Expressway,Clear,Day,47,Male,Auto,58,No,No,No,Signal Jumping,Low,1.0
ACC27293,03-03-2022,13:51,Karnataka,Belagavi,15.3245,76.2939,City Road,Clear,Day,49,Male,Auto,42,No,No,No,Signal Jumping,Low,0.0
ACC27294,08-06-2022,09:30,Andhra Pradesh,Guntur,16.2604,79.9569,State Highway,Overcast,Day,42,Male,Car,56,No,Yes,No,Drowsy Driving,Medium,1.0
ACC27295,05-12-2024,18:01,Andhra Pradesh,Visakhapatnam,15.8795,79.757,State Highway,Foggy,Dusk,25,Male,Truck,55,No,No,No,Poor Weather Visibility,Medium,3.0
ACC27296,29-11-2024,16:00,Kerala,Thrissur,10.7788,76.1928,National Highway,Clear,Day,50,Male,Truck,86,No,Yes,No,Over Speeding,Medium,1.0
ACC27297,01-02-2022,07:03,Tamil Nadu,Salem,10.7669,78.972,National Highway,Cloudy,Day,47,Male,Truck,65,No,No,No,Poor Weather Visibility,Medium,3.0
ACC27298,16-12-2024,07:47,Karnataka,Bengaluru Urban,14.6975,75.6918,City Road,Rainy,Day,22,Male,Car,32,No,No,No,Poor Weather Visibility,Low,0.0
ACC27299,20-12-2024,16:50,Telangana,Karimnagar,18.1776,79.3929,City Road,Rainy,Day,69,Male,Car,58,Yes,No,No,Poor Weather Visibility,Medium,5.0
ACC27300,04-10-2023,22:29,Kerala,Thrissur,9.8992,76.2203,City Road,Rainy,Night,44,Male,Car,66,Yes,No,No,Poor Weather Visibility,High,6.0
ACC27301,11-04-2022,02:21,Tamil Nadu,Tiruchirappalli,11.0269,78.0761,Expressway,Clear,Night,52,Male,Auto,75,No,No,No,Signal Jumping,High,6.0
ACC27302,28-04-2022,07:44,Andhra Pradesh,Vijayawada,15.4338,79.9566,City Road,Overcast,Day,48,Male,Car,45,No,No,No,Poor Weather Visibility,Low,
ACC27303,26-11-2024,07:11,Kerala,Kozhikode,10.308,75.6546,City Road,Cloudy,Day,19,Female,Bus,37,No,No,Yes,Pothole/Bad Road,Low,
ACC27304,21-12-2022,10:14,Telangana,Nizamabad,18.4621,78.6418,Expressway,Clear,Day,53,Female,Auto,122,Yes,Yes,No,Over Speeding,High,10.0
ACC27305,28-10-2024,21:43,Karnataka,Mysuru,15.7806,74.927,National Highway,Cloudy,Night,27,Male,Bike,72,Yes,No,No,Drunk Driving,Medium,2.0
ACC27306,21-04-2023,03:26,Tamil Nadu,Coimbatore,10.6681,78.8149,National Highway,Rainy,Night,26,Male,Bike,76,No,No,No,Poor Weather Visibility,High,9.0
ACC27307,07-05-2024,05:39,Karnataka,Mangaluru,14.8367,74.7038,National Highway,Cloudy,Dawn,31,Male,Auto,92,No,No,Yes,Over Speeding,High,4.0
ACC27308,25-07-2024,13:50,Tamil Nadu,Salem,11.5023,77.9671,National Highway,Rainy,Day,30,Male,Car,87,No,No,No,Poor Weather Visibility,High,4.0
ACC27309,25-08-2024,10:59,Puducherry,Puducherry,12.0468,79.7651,Village Road,Rainy,Day,43,Male,Auto,42,No,Yes,No,Poor Weather Visibility,Medium,1.0
ACC27310,20-12-2023,14:17,Andhra Pradesh,Visakhapatnam,16.1636,79.3091,National Highway,Overcast,Day,22,Male,Bike,46,No,No,No,Poor Weather Visibility,Medium,3.0
ACC27311,23-01-2022,20:29,Puducherry,Puducherry,11.813,79.9771,Village Road,Rainy,Night,46,Male,Truck,54,Yes,No,No,Poor Weather Visibility,Medium,6.0
ACC27312,25-05-2024,05:47,Kerala,Thiruvananthapuram,10.1542,75.8386,National Highway,Rainy,Dawn,48,Male,Bike,68,No,No,Yes,Poor Weather Visibility,High,1.0
ACC27313,11-05-2022,22:28,Andhra Pradesh,Vijayawada,15.5536,79.7492,City Road,Clear,Night,43,Male,Bike,43,Yes,No,Yes,Drunk Driving,Low,1.0
ACC27314,10-11-2022,17:03,Telangana,Warangal,18.1024,78.6365,City Road,Cloudy,Dusk,39,Male,Auto,52,No,No,No,Poor Weather Visibility,Low,0.0
ACC27315,29-03-2022,13:28,Telangana,Nizamabad,17.2663,78.8559,National Highway,Overcast,Day,35,Female,Car,69,No,No,No,Poor Weather Visibility,Medium,1.0
ACC27316,27-05-2022,19:23,Puducherry,Karaikal,12.2702,79.4428,Expressway,Cloudy,Night,42,Male,Auto,83,No,No,No,Over Speeding,Medium,1.0
ACC27317,26-04-2024,06:43,Tamil Nadu,Madurai,10.7973,78.5298,Expressway,Rainy,Day,43,Male,Bike,78,No,No,No,Poor Weather Visibility,High,12.0
ACC27318,25-07-2022,20:39,Tamil Nadu,Coimbatore,11.1663,78.4071,City Road,Clear,Night,26,Male,Auto,50,No,Yes,No,Drowsy Driving,Low,3.0
ACC27319,20-10-2022,13:52,Tamil Nadu,Chennai,11.4997,78.5779,City Road,Cloudy,Day,34,Male,Bike,33,No,No,Yes,Pothole/Bad Road,Low,0.0
ACC27320,23-06-2023,13:31,Andhra Pradesh,Visakhapatnam,15.9087,80.0415,State Highway,Clear,Day,43,Male,Car,63,No,No,No,Signal Jumping,Low,1.0
ACC27321,06-11-2022,10:05,Andhra Pradesh,Visakhapatnam,16.3062,79.2263,City Road,Rainy,Day,41,Male,Auto,86,No,No,No,Poor Weather Visibility,High,7.0
ACC27322,19-12-2023,18:23,Karnataka,Belagavi,15.271,75.4033,City Road,Cloudy,Dusk,46,Female,Bus,31,No,No,No,Poor Weather Visibility,Low,1.0
ACC27323,26-05-2023,13:56,Tamil Nadu,Salem,11.0058,78.3872,State Highway,Cloudy,Day,36,Male,Auto,65,No,No,No,Signal Jumping,Low,1.0
ACC27324,06-12-2022,17:52,Telangana,Hyderabad,17.916,79.1427,City Road,Foggy,Dusk,19,Male,Auto,63,No,No,No,Poor Weather Visibility,Medium,1.0
ACC27325,23-03-2022,22:14,Andhra Pradesh,Guntur,16.0383,79.6682,Expressway,Clear,Night,30,Male,Bike,80,No,No,No,Over Speeding,Medium,4.0
ACC27326,08-07-2022,07:55,Kerala,Thiruvananthapuram,10.7898,76.3876,City Road,Foggy,Day,49,Male,Bike,52,No,No,No,Poor Weather Visibility,Medium,2.0
ACC27327,22-07-2022,19:36,Telangana,Khammam,18.0006,78.2027,State Highway,Cloudy,Night,59,Male,Bike,82,Yes,Yes,No,Drunk Driving,High,2.0
ACC27328,25-12-2023,19:10,Karnataka,Bengaluru Urban,15.8497,77.0375,Expressway,Rainy,Night,32,Female,Car,91,Yes,No,No,Over Speeding,High,4.0
ACC27329,03-08-2023,18:09,Andhra Pradesh,Visakhapatnam,15.4428,79.3803,City Road,Clear,Dusk,25,Female,Bus,41,No,No,No,Signal Jumping,Low,0.0
ACC27330,07-03-2022,02:51,Tamil Nadu,Chennai,10.6083,78.2084,National Highway,Clear,Night,29,Male,Car,100,Yes,No,No,Over Speeding,High,8.0
ACC27331,16-02-2024,19:27,Karnataka,Hubballi,14.9832,75.7795,State Highway,Clear,Night,34,Female,Car,82,Yes,No,No,Drunk Driving,High,7.0
ACC27332,21-03-2024,01:07,Tamil Nadu,Madurai,11.0337,78.5108,Expressway,Rainy,Night,21,Male,Bike,94,No,No,No,Over Speeding,High,4.0
ACC27333,09-11-2024,22:11,Tamil Nadu,Chennai,11.3076,78.1215,City Road,Clear,Night,35,Female,Auto,65,Yes,No,No,Drunk Driving,Medium,3.0
ACC27334,21-08-2024,16:38,Andhra Pradesh,Kurnool,15.7039,80.053,City Road,Clear,Day,18,Male,Bike,68,Yes,No,No,Drunk Driving,Medium,1.0
ACC27335,10-11-2024,20:12,Telangana,Nizamabad,17.182,79.002,City Road,Overcast,Night,40,Female,Bike,81,Yes,Yes,No,Drunk Driving,High,4.0
ACC27336,27-07-2024,01:29,Karnataka,Bengaluru Urban,15.3281,75.8425,National Highway,Rainy,Night,18,Male,Bike,56,No,No,No,Poor Weather Visibility,Medium,2.0
ACC27337,24-04-2024,22:02,Telangana,Khammam,18.0418,79.5662,State Highway,Clear,Night,44,Female,Car,50,No,No,No,Signal Jumping,Low,2.0
ACC27338,30-01-2023,14:59,Kerala,Kozhikode,10.59,76.8608,Expressway,Foggy,Day,28,Male,Auto,105,Yes,Yes,No,Over Speeding,High,3.0
ACC27339,16-01-2022,14:10,Karnataka,Mangaluru,15.8595,75.3154,City Road,Cloudy,Day,28,Male,Car,49,No,No,Yes,Pothole/Bad Road,Low,2.0
ACC27340,15-12-2024,19:58,Andhra Pradesh,Vijayawada,15.6488,79.9023,City Road,Clear,Night,31,Male,Auto,43,No,No,No,Poor Weather Visibility,Low,0.0
ACC27341,23-10-2022,06:07,Puducherry,Karaikal,12.5956,79.8998,City Road,Clear,Day,41,Male,Car,42,No,No,No,Signal Jumping,Low,
ACC27342,07-09-2024,13:03,Andhra Pradesh,Kurnool,16.1512,79.6266,City Road,Clear,Day,32,Male,Car,39,No,No,No,Signal Jumping,Low,1.0
ACC27343,30-04-2022,17:49,Andhra Pradesh,Guntur,15.912,80.0564,State Highway,Clear,Dusk,51,Male,Car,26,No,No,No,Signal Jumping,Low,0.0
ACC27344,26-01-2022,17:04,Telangana,Karimnagar,18.2223,79.2165,Expressway,Rainy,Dusk,37,Male,Auto,74,No,No,No,Poor Weather Visibility,Medium,3.0
ACC27345,21-12-2023,13:54,Karnataka,Belagavi,14.9865,76.2449,City Road,Clear,Day,38,Male,Car,44,No,No,No,Signal Jumping,Low,1.0
ACC27346,13-02-2022,10:07,Kerala,Thiruvananthapuram,10.0635,75.4269,Expressway,Cloudy,Day,48,Female,Car,64,No,No,Yes,Signal Jumping,Medium,3.0
ACC27347,17-06-2024,14:58,Karnataka,Bengaluru Urban,15.9429,75.1384,Village Road,Cloudy,Day,58,Male,Bike,56,No,No,No,Poor Weather Visibility,Low,0.0
ACC27348,05-03-2022,23:08,Kerala,Kollam,9.836,76.5488,City Road,Clear,Night,24,Male,Auto,65,Yes,Yes,Yes,Drunk Driving,High,6.0
ACC27349,10-05-2022,22:27,Karnataka,Belagavi,15.8115,75.5169,Village Road,Overcast,Night,50,Male,Car,54,Yes,No,No,Drunk Driving,High,
ACC27350,12-09-2023,14:30,Kerala,Thrissur,10.6499,76.4442,National Highway,Foggy,Day,52,Male,Bike,46,No,No,Yes,Poor Weather Visibility,Medium,1.0
ACC27351,01-06-2022,23:05,Karnataka,Mysuru,15.3577,75.7392,State Highway,Rainy,Night,63,Male,Bus,72,No,No,No,Poor Weather Visibility,Medium,3.0
ACC27352,15-03-2023,18:46,Kerala,Thiruvananthapuram,10.5591,76.6605,Village Road,Clear,Dusk,27,Male,Bike,33,No,No,Yes,Pothole/Bad Road,Medium,2.0
ACC27353,12-04-2024,01:25,Andhra Pradesh,Visakhapatnam,16.9549,80.4139,State Highway,Cloudy,Night,32,Male,Bus,45,No,No,No,Poor Weather Visibility,Low,2.0
ACC27354,07-06-2022,23:43,Andhra Pradesh,Guntur,16.2165,79.0168,State Highway,Clear,Night,40,Male,Car,87,Yes,No,Yes,Over Speeding,High,1.0
ACC27355,24-04-2022,02:21,Andhra Pradesh,Vijayawada,15.4387,79.4763,National Highway,Rainy,Night,18,Female,Car,102,Yes,No,No,Over Speeding,High,4.0
ACC27356,28-11-2023,07:20,Kerala,Ernakulam,9.9372,76.4493,National Highway,Clear,Day,34,Female,Truck,62,No,No,No,Over Speeding,Low,1.0
ACC27357,03-01-2024,12:29,Kerala,Kozhikode,10.6544,76.0391,City Road,Rainy,Day,48,Male,Bike,52,No,No,No,Poor Weather Visibility,Medium,2.0
ACC27358,05-08-2024,09:35,Tamil Nadu,Salem,11.6117,79.2348,City Road,Rainy,Day,37,Male,Bus,44,No,No,No,Poor Weather Visibility,Low,0.0
ACC27359,22-10-2024,09:30,Kerala,Thrissur,10.27,76.378,City Road,Rainy,Day,27,Female,Car,59,No,No,Yes,Poor Weather Visibility,Medium,7.0
ACC27360,05-10-2022,21:33,Kerala,Thrissur,9.9611,76.045,City Road,Cloudy,Night,18,Male,Bike,63,Yes,No,No,Drunk Driving,Medium,3.0
ACC27361,28-02-2024,05:49,Kerala,Ernakulam,10.3654,77.0178,National Highway,Rainy,Dawn,18,Male,Bike,80,Yes,No,No,Poor Weather Visibility,High,5.0
ACC27362,10-11-2024,08:33,Kerala,Ernakulam,10.1073,76.4474,Expressway,Clear,Day,40,Male,Car,87,No,No,No,Over Speeding,Medium,2.0
ACC27363,04-05-2022,08:46,Andhra Pradesh,Kurnool,15.2968,79.9553,National Highway,Clear,Day,44,Male,Car,76,No,No,Yes,Pothole/Bad Road,Medium,2.0
ACC27364,05-04-2022,21:09,Andhra Pradesh,Nellore,16.4084,80.3771,City Road,Clear,Night,33,Male,Bus,54,Yes,Yes,No,Drunk Driving,Medium,7.0
ACC27365,07-12-2024,05:36,Tamil Nadu,Chennai,11.5267,77.9861,National Highway,Overcast,Dawn,24,Male,Car,67,No,No,No,Poor Weather Visibility,Medium,4.0
ACC27366,05-06-2024,10:40,Karnataka,Hubballi,15.3149,75.6903,Expressway,Clear,Day,21,Male,Bike,99,Yes,No,No,Over Speeding,High,6.0
ACC27367,13-07-2024,16:34,Telangana,Karimnagar,17.5184,78.81,City Road,Clear,Day,33,Male,Bus,19,No,No,Yes,Pothole/Bad Road,Low,
ACC27368,21-11-2024,09:43,Tamil Nadu,Tiruchirappalli,10.974,78.7291,Village Road,Foggy,Day,24,Female,Car,31,No,No,No,Poor Weather Visibility,Low,1.0
ACC27369,07-07-2023,14:04,Andhra Pradesh,Guntur,15.8522,78.7481,Village Road,Cloudy,Day,43,Male,Car,44,No,No,Yes,Pothole/Bad Road,Medium,5.0
ACC27370,30-08-2024,00:07,Karnataka,Belagavi,14.889,75.772,City Road,Clear,Night,43,Female,Car,75,Yes,No,No,Drunk Driving,Medium,1.0
ACC27371,21-07-2022,11:51,Kerala,Thrissur,9.8695,76.6877,Village Road,Clear,Day,46,Male,Bike,54,No,No,No,Signal Jumping,Medium,2.0
ACC27372,10-08-2023,13:22,Karnataka,Hubballi,15.1322,76.1745,City Road,Rainy,Day,40,Male,Car,22,No,No,No,Poor Weather Visibility,Low,0.0
ACC27373,14-02-2022,13:48,Andhra Pradesh,Kurnool,16.1815,79.7738,State Highway,Clear,Day,46,Female,Bike,55,No,No,No,Signal Jumping,Low,0.0
ACC27374,08-02-2022,08:28,Kerala,Ernakulam,9.8334,75.8253,State Highway,Rainy,Day,48,Male,Car,73,No,No,No,Poor Weather Visibility,Medium,2.0
ACC27375,08-04-2023,08:10,Telangana,Nizamabad,17.6271,78.3691,Village Road,Rainy,Day,49,Male,Car,18,No,No,Yes,Poor Weather Visibility,Low,0.0
ACC27376,05-06-2023,20:19,Tamil Nadu,Madurai,11.096,78.3689,City Road,Rainy,Night,18,Male,Auto,57,Yes,No,No,Poor Weather Visibility,Medium,3.0
ACC27377,02-12-2023,05:04,Tamil Nadu,Chennai,10.9897,77.614,Expressway,Clear,Dawn,42,Male,Bike,86,No,No,No,Over Speeding,Medium,3.0
ACC27378,20-12-2023,07:00,Telangana,Nizamabad,18.1606,79.2229,State Highway,Clear,Day,58,Male,Car,63,No,No,No,Signal Jumping,Low,0.0
ACC27379,13-10-2023,10:00,Telangana,Nizamabad,17.7858,78.9527,City Road,Clear,Day,57,Male,Bus,52,No,No,No,Poor Weather Visibility,Low,2.0
ACC27380,30-10-2022,21:47,Kerala,Kozhikode,9.1524,76.4216,City Road,Overcast,Night,34,Male,Bike,53,No,No,Yes,Pothole/Bad Road,Medium,3.0
ACC27381,04-04-2024,19:24,Kerala,Thiruvananthapuram,10.2606,76.7335,Village Road,Clear,Night,22,Male,Truck,58,Yes,No,Yes,Drunk Driving,High,7.0
ACC27382,27-11-2024,18:03,Tamil Nadu,Chennai,10.9071,78.3952,State Highway,Overcast,Dusk,54,Male,Bike,40,No,No,No,Signal Jumping,Low,0.0
ACC27383,05-03-2024,08:59,Kerala,Thiruvananthapuram,10.4175,76.3065,City Road,Cloudy,Day,36,Male,Car,37,No,No,No,Poor Weather Visibility,Low,0.0
ACC27384,18-02-2024,18:26,Telangana,Nizamabad,18.1355,78.6249,State Highway,Cloudy,Dusk,59,Female,Bike,68,No,Yes,No,Drowsy Driving,High,4.0
ACC27385,20-03-2022,22:25,Kerala,Kozhikode,10.4797,76.5203,National Highway,Overcast,Night,37,Male,Auto,64,No,No,Yes,Pothole/Bad Road,Medium,3.0
ACC27386,09-05-2022,16:59,Kerala,Kollam,10.3757,76.6793,State Highway,Clear,Day,55,Male,Car,75,No,No,No,Over Speeding,Low,2.0
ACC27387,28-03-2022,17:57,Karnataka,Bengaluru Urban,15.8183,76.0709,State Highway,Rainy,Dusk,40,Male,Truck,77,Yes,No,Yes,Poor Weather Visibility,High,7.0
ACC27388,26-05-2024,14:21,Karnataka,Hubballi,15.4815,75.8192,State Highway,Clear,Day,35,Male,Bike,58,No,No,No,Signal Jumping,Low,0.0
ACC27389,14-11-2024,08:43,Telangana,Hyderabad,18.2446,79.509,Expressway,Overcast,Day,33,Female,Car,96,No,Yes,No,Over Speeding,High,3.0
ACC27390,09-06-2022,22:53,Kerala,Kozhikode,11.0662,76.0828,City Road,Cloudy,Night,31,Male,Car,73,No,No,Yes,Pothole/Bad Road,Medium,1.0
ACC27391,15-04-2023,16:13,Karnataka,Hubballi,15.6078,75.4869,City Road,Rainy,Day,19,Male,Car,52,No,No,No,Poor Weather Visibility,Medium,0.0
ACC27392,01-09-2024,15:35,Kerala,Ernakulam,10.4365,76.5175,State Highway,Rainy,Day,30,Male,Auto,64,No,No,No,Poor Weather Visibility,Medium,4.0
ACC27393,13-09-2023,17:59,Andhra Pradesh,Kurnool,15.3665,79.9212,Expressway,Rainy,Dusk,34,Male,Bike,99,Yes,No,No,Over Speeding,High,5.0
ACC27394,13-12-2024,22:11,Tamil Nadu,Madurai,10.7434,78.0408,Village Road,Clear,Night,48,Male,Car,18,No,No,Yes,Pothole/Bad Road,Low,0.0
ACC27395,29-07-2024,19:21,Tamil Nadu,Chennai,11.4283,79.192,Village Road,Cloudy,Night,30,Male,Car,40,No,No,Yes,Pothole/Bad Road,Low,1.0
ACC27396,23-11-2022,11:11,Telangana,Karimnagar,18.2247,78.273,State Highway,Rainy,Day,53,Female,Car,67,Yes,No,No,Poor Weather Visibility,Medium,3.0
ACC27397,21-12-2023,08:31,Kerala,Ernakulam,10.6389,75.4534,State Highway,Clear,Day,24,Male,Bike,59,No,No,No,Over Speeding,Medium,4.0
ACC27398,31-01-2024,06:56,Tamil Nadu,Salem,11.57,78.1345,City Road,Clear,Day,18,Male,Bus,49,No,No,No,Signal Jumping,Low,2.0
ACC27399,12-11-2023,19:35,Andhra Pradesh,Nellore,15.5056,79.7047,Village Road,Clear,Night,35,Male,Bike,44,No,No,Yes,Pothole/Bad Road,Low,0.0
ACC27400,27-05-2023,14:03,Karnataka,Belagavi,15.2809,75.9523,Village Road,Clear,Day,18,Male,Car,55,No,No,Yes,Pothole/Bad Road,Low,0.0
ACC27401,24-12-2023,18:16,Tamil Nadu,Chennai,11.2228,77.99,City Road,Foggy,Dusk,29,Male,Bike,54,No,No,No,Poor Weather Visibility,Medium,2.0