Accident_ID,Date,Time,State,District,Latitude,Longitude,Road_Type,Weather,Light_Condition,Driver_Age,Driver_Gender,Vehicle_Type,Speed_kmph,Alcohol_Involved,Driver_Drowsy,Pothole_Involved,Cause_of_Accident,Severity,Casualties
ACC27402,20-04-2023,17:40,Telangana,Hyderabad,18.6784,78.2688,National Highway,Clear,Dusk,44,Male,Auto,83,Yes,Yes,No,Drunk Driving,High,5.0
ACC27403,05-03-2023,07:54,Kerala,Thiruvananthapuram,10.0497,76.2175,Village Road,Cloudy,Day,35,Female,Bike,35,No,No,No,Poor Weather Visibility,Low,
ACC27404,21-01-2022,21:55,Andhra Pradesh,Nellore,16.2889,79.7177,National Highway,Rainy,Night,18,Male,Car,86,No,No,No,Poor Weather Visibility,High,8.0
ACC27405,17-08-2023,15:00,Tamil Nadu,Salem,11.2963,79.0452,City Road,Clear,Day,38,Male,Car,40,No,No,No,Signal Jumping,Low,0.0
ACC27406,18-04-2024,16:16,Karnataka,Bengaluru Urban,14.5144,76.0798,City Road,Clear,Day,37,Male,Car,54,No,No,No,Poor Weather Visibility,Low,0.0
ACC27407,08-11-2024,19:43,Kerala,Thiruvananthapuram,9.7733,77.0388,State Highway,Rainy,Night,56,Male,Bike,56,No,No,No,Poor Weather Visibility,Medium,3.0
ACC27408,13-12-2023,17:18,Kerala,Ernakulam,11.1468,76.798,Village Road,Cloudy,Dusk,61,Male,Auto,21,No,No,No,Poor Weather Visibility,Low,0.0
ACC27409,19-11-2024,19:48,Telangana,Karimnagar,17.8894,79.1374,State Highway,Clear,Night,34,Male,Auto,80,No,Yes,Yes,Drowsy Driving,High,8.0
ACC27410,25-01-2022,17:04,Karnataka,Mangaluru,14.666,75.1643,City Road,Rainy,Dusk,28,Male,Bus,58,No,No,No,Poor Weather Visibility,Medium,5.0
ACC27411,26-05-2024,16:31,Karnataka,Hubballi,15.9401,75.7924,National Highway,Clear,Day,18,Male,Bus,66,No,No,No,Signal Jumping,Medium,4.0
ACC27412,19-09-2024,15:21,Andhra Pradesh,Nellore,15.216,79.8359,City Road,Clear,Day,20,Male,Truck,62,No,Yes,No,Drowsy Driving,Low,0.0
ACC27413,27-07-2023,06:31,Kerala,Thiruvananthapuram,10.152,76.1282,City Road,Clear,Day,34,Male,Bike,44,No,No,No,Signal Jumping,Low,2.0
ACC27414,18-12-2024,10:26,Tamil Nadu,Coimbatore,11.1033,79.5362,National Highway,Rainy,Day,35,Male,Truck,50,No,No,No,Poor Weather Visibility,Low,1.0
ACC27415,08-06-2022,10:18,Telangana,Karimnagar,18.0945,79.4868,City Road,Cloudy,Day,22,Female,Truck,65,No,Yes,No,Drowsy Driving,Medium,1.0
ACC27416,04-02-2024,08:01,Telangana,Warangal,17.8423,78.6768,State Highway,Rainy,Day,38,Male,Bike,53,No,No,No,Poor Weather Visibility,Medium,
ACC27417,24-11-2023,16:03,Tamil Nadu,Salem,11.0883,78.2041,City Road,Overcast,Day,18,Male,Bus,49,No,No,No,Signal Jumping,Low,2.0
ACC27418,20-03-2023,19:29,Karnataka,Belagavi,15.2526,75.3412,National Highway,Cloudy,Night,54,Male,Car,86,No,Yes,No,Over Speeding,High,5.0
ACC27419,06-09-2022,13:40,Telangana,Warangal,17.9447,78.9053,City Road,Clear,Day,36,Male,Bike,41,No,No,No,Signal Jumping,Low,1.0
ACC27420,07-12-2023,12:45,Telangana,Khammam,18.1647,78.3095,National Highway,Rainy,Day,48,Male,Car,73,No,No,Yes,Poor Weather Visibility,Medium,2.0
ACC27421,22-03-2023,18:31,Karnataka,Hubballi,15.0062,75.9227,National Highway,Clear,Dusk,36,Male,Car,81,No,No,No,Over Speeding,Medium,0.0
ACC27422,01-08-2022,17:02,Andhra Pradesh,Vijayawada,16.0002,79.6313,City Road,Clear,Dusk,32,Male,Car,43,No,No,Yes,Pothole/Bad Road,Low,1.0
ACC27423,18-09-2023,16:25,Karnataka,Mangaluru,15.8747,75.8153,City Road,Clear,Day,25,Male,Car,48,No,No,No,Signal Jumping,Low,0.0
ACC27424,26-10-2023,19:36,Telangana,Khammam,18.0571,78.4529,Expressway,Overcast,Night,70,Male,Truck,98,No,Yes,No,Over Speeding,High,11.0
ACC27425,12-08-2024,11:59,Kerala,Kollam,10.786,76.0201,State Highway,Clear,Day,34,Male,Car,89,Yes,No,Yes,Over Speeding,High,7.0
ACC27426,24-05-2022,20:43,Kerala,Ernakulam,10.5857,76.179,Expressway,Rainy,Night,35,Male,Car,88,Yes,No,No,Over Speeding,High,7.0
ACC27427,08-01-2023,18:34,Karnataka,Hubballi,15.0754,75.6039,City Road,Clear,Dusk,38,Male,Car,39,No,Yes,Yes,Drowsy Driving,Low,3.0
ACC27428,21-03-2022,12:00,Telangana,Nizamabad,18.6622,79.2528,City Road,Cloudy,Day,44,Male,Bike,36,No,No,No,Poor Weather Visibility,Low,1.0
ACC27429,17-03-2024,21:12,Kerala,Kollam,9.6386,75.7475,City Road,Rainy,Night,55,Male,Car,82,Yes,Yes,No,Poor Weather Visibility,High,3.0
ACC27430,10-03-2022,06:55,Tamil Nadu,Tiruchirappalli,11.1315,78.318,Expressway,Rainy,Day,43,Male,Auto,80,No,No,No,Poor Weather Visibility,Medium,6.0
ACC27431,18-12-2022,10:29,Tamil Nadu,Chennai,10.6031,79.4382,Expressway,Cloudy,Day,63,Male,Car,87,No,No,No,Over Speeding,Medium,4.0
ACC27432,05-12-2024,18:05,Tamil Nadu,Coimbatore,11.4703,78.4996,City Road,Rainy,Dusk,23,Male,Bike,36,No,No,Yes,Poor Weather Visibility,Medium,6.0
ACC27433,05-06-2024,18:38,Karnataka,Bengaluru Urban,15.8177,75.5178,Expressway,Foggy,Dusk,42,Male,Bike,82,No,No,No,Poor Weather Visibility,High,4.0
ACC27434,01-09-2022,17:23,Andhra Pradesh,Vijayawada,15.472,80.1427,City Road,Clear,Dusk,48,Male,Auto,48,No,No,No,Signal Jumping,Low,0.0
ACC27435,15-12-2024,05:45,Telangana,Warangal,18.8712,79.6116,City Road,Rainy,Dawn,38,Male,Bike,38,No,No,Yes,Poor Weather Visibility,Low,0.0
ACC27436,07-03-2023,07:46,Telangana,Karimnagar,17.9791,78.6776,Expressway,Clear,Day,30,Male,Bike,116,Yes,No,No,Over Speeding,High,8.0
ACC27437,26-09-2022,19:09,Andhra Pradesh,Visakhapatnam,15.805,80.709,National Highway,Overcast,Night,46,Female,Bus,63,No,No,No,Poor Weather Visibility,Medium,3.0
ACC27438,19-05-2024,18:23,Tamil Nadu,Chennai,10.504,78.3017,National Highway,Rainy,Dusk,40,Male,Auto,77,No,No,No,Poor Weather Visibility,Medium,4.0
ACC27439,14-05-2024,16:19,Tamil Nadu,Coimbatore,11.6193,78.3972,City Road,Clear,Day,50,Male,Bike,27,No,No,No,Signal Jumping,Low,
ACC27440,09-09-2022,20:36,Karnataka,Mangaluru,15.1817,75.7963,National Highway,Rainy,Night,31,Male,Bus,94,No,No,Yes,Over Speeding,High,6.0
ACC27441,06-05-2022,02:14,Kerala,Kozhikode,10.6207,75.6082,City Road,Clear,Night,22,Male,Bike,42,No,No,No,Poor Weather Visibility,Low,0.0
ACC27442,24-12-2023,11:28,Tamil Nadu,Salem,10.9394,78.556,State Highway,Clear,Day,25,Male,Bike,62,No,No,No,Signal Jumping,Low,0.0
ACC27443,03-03-2023,18:35,Tamil Nadu,Salem,11.2122,78.5823,State Highway,Clear,Dusk,44,Male,Auto,57,No,Yes,Yes,Drowsy Driving,Medium,2.0
ACC27444,22-06-2024,23:49,Kerala,Ernakulam,10.3245,76.3901,City Road,Rainy,Night,34,Female,Auto,59,Yes,No,Yes,Poor Weather Visibility,High,6.0
ACC27445,10-07-2023,21:18,Kerala,Thrissur,10.9827,76.6315,National Highway,Rainy,Night,59,Male,Bike,82,No,No,No,Poor Weather Visibility,High,7.0
ACC27446,16-08-2023,07:18,Karnataka,Hubballi,15.5984,75.8993,State Highway,Cloudy,Day,25,Male,Bike,64,No,No,No,Poor Weather Visibility,Medium,3.0
ACC27447,17-06-2024,11:22,Karnataka,Bengaluru Urban,15.3972,75.6506,National Highway,Cloudy,Day,49,Male,Bike,70,Yes,No,No,Drunk Driving,High,8.0
ACC27448,19-12-2022,19:02,Andhra Pradesh,Kurnool,15.6807,79.8175,City Road,Clear,Night,42,Male,Car,57,No,No,No,Poor Weather Visibility,Low,0.0
ACC27449,26-12-2024,20:38,Telangana,Khammam,17.0785,78.9446,Village Road,Rainy,Night,36,Female,Truck,55,Yes,No,Yes,Poor Weather Visibility,High,2.0
ACC27450,23-08-2022,16:37,Karnataka,Hubballi,15.4391,75.0286,National Highway,Clear,Day,49,Male,Car,57,No,No,Yes,Signal Jumping,Low,0.0
ACC27451,14-10-2022,02:29,Andhra Pradesh,Vijayawada,15.8396,79.4457,City Road,Cloudy,Night,48,Male,Truck,68,No,Yes,No,Drowsy Driving,Medium,5.0
ACC27452,11-07-2022,05:21,Kerala,Ernakulam,9.6285,76.6169,Village Road,Foggy,Dawn,69,Male,Bike,58,No,Yes,Yes,Poor Weather Visibility,High,8.0
ACC27453,15-09-2024,21:46,Andhra Pradesh,Visakhapatnam,15.8423,79.6315,City Road,Clear,Night,41,Female,Car,47,No,No,No,Signal Jumping,Low,0.0
ACC27454,22-04-2023,16:57,Kerala,Thiruvananthapuram,10.8839,76.6564,State Highway,Rainy,Day,41,Male,Bike,44,No,No,Yes,Poor Weather Visibility,Medium,2.0
ACC27455,13-07-2024,22:50,Telangana,Khammam,17.4899,78.593,Village Road,Clear,Night,29,Male,Car,40,No,Yes,No,Drowsy Driving,Medium,2.0
ACC27456,04-08-2024,03:05,Tamil Nadu,Salem,10.6924,77.9632,Expressway,Foggy,Night,38,Male,Bus,90,No,Yes,No,Poor Weather Visibility,High,5.0
ACC27457,12-01-2022,12:05,Karnataka,Belagavi,15.9189,75.7525,National Highway,Cloudy,Day,43,Male,Auto,54,No,No,No,Poor Weather Visibility,Low,1.0
ACC27458,09-09-2023,06:46,Telangana,Karimnagar,17.7969,78.8036,City Road,Clear,Day,56,Female,Car,52,No,Yes,No,Drowsy Driving,Low,1.0
ACC27459,19-10-2022,19:39,Tamil Nadu,Tiruchirappalli,10.6578,78.1557,State Highway,Clear,Night,43,Female,Car,79,Yes,No,No,Drunk Driving,Medium,2.0
ACC27460,10-09-2024,01:45,Kerala,Thrissur,10.4247,76.0222,State Highway,Clear,Night,26,Female,Bike,57,No,No,No,Poor Weather Visibility,Low,0.0
ACC27461,12-03-2022,12:04,Kerala,Kollam,10.7468,76.4223,Village Road,Clear,Day,32,Female,Car,48,No,No,No,Signal Jumping,Low,0.0
ACC27462,26-04-2022,07:01,Andhra Pradesh,Guntur,15.9376,79.6817,National Highway,Foggy,Day,34,Male,Bike,96,Yes,No,No,Poor Weather Visibility,High,8.0
ACC27463,16-12-2024,12:49,Andhra Pradesh,Kurnool,15.6887,79.9797,State Highway,Clear,Day,25,Male,Car,66,Yes,No,No,Drunk Driving,Low,0.0
ACC27464,08-07-2022,05:38,Puducherry,Puducherry,11.832,79.1749,Village Road,Clear,Dawn,42,Male,Auto,33,No,No,Yes,Pothole/Bad Road,Low,1.0
ACC27465,29-06-2023,00:29,Karnataka,Belagavi,15.4788,76.0168,Village Road,Foggy,Night,18,Female,Bike,31,No,No,No,Poor Weather Visibility,Medium,0.0
ACC27466,19-01-2023,20:41,Telangana,Karimnagar,17.9599,78.6927,Village Road,Clear,Night,32,Male,Car,38,No,Yes,No,Drowsy Driving,Low,0.0
ACC27467,05-08-2022,23:55,Karnataka,Belagavi,15.7211,75.6324,National Highway,Clear,Night,30,Male,Auto,69,No,No,No,Signal Jumping,Medium,3.0
ACC27468,17-08-2024,21:15,Tamil Nadu,Tiruchirappalli,10.7762,78.7511,National Highway,Clear,Night,42,Male,Car,58,No,Yes,No,Drowsy Driving,Medium,2.0
ACC27469,31-07-2024,10:40,Kerala,Thiruvananthapuram,10.0096,75.928,City Road,Overcast,Day,60,Male,Bus,67,No,No,No,Poor Weather Visibility,Low,1.0
ACC27470,20-01-2023,19:28,Tamil Nadu,Madurai,11.4163,79.3161,National Highway,Clear,Night,18,Male,Car,83,Yes,No,No,Drunk Driving,High,9.0
ACC27471,07-10-2024,05:37,Andhra Pradesh,Guntur,15.9223,79.9278,State Highway,Rainy,Dawn,18,Female,Auto,58,No,No,No,Poor Weather Visibility,Medium,5.0
ACC27472,28-01-2022,18:54,Telangana,Nizamabad,17.8843,78.9345,Village Road,Clear,Dusk,29,Male,Bike,36,No,No,Yes,Pothole/Bad Road,Low,1.0
ACC27473,07-09-2022,11:10,Karnataka,Belagavi,14.7354,75.3359,City Road,Clear,Day,43,Male,Bike,37,No,No,Yes,Pothole/Bad Road,Low,0.0
ACC27474,06-01-2023,07:17,Tamil Nadu,Madurai,10.2595,78.6246,National Highway,Clear,Day,35,Male,Car,58,No,No,No,Signal Jumping,Low,0.0
ACC27475,27-07-2022,19:44,Kerala,Kozhikode,10.6169,75.7673,City Road,Rainy,Night,19,Male,Car,53,No,No,Yes,Poor Weather Visibility,Medium,1.0
ACC27476,02-10-2024,04:12,Andhra Pradesh,Kurnool,16.1046,80.1779,Village Road,Cloudy,Night,52,Male,Car,57,Yes,Yes,Yes,Drunk Driving,Medium,1.0
ACC27477,14-06-2023,15:25,Andhra Pradesh,Guntur,15.9835,79.6243,Village Road,Foggy,Day,38,Male,Bike,40,No,Yes,No,Poor Weather Visibility,Medium,3.0
ACC27478,16-11-2024,21:05,Kerala,Ernakulam,11.0323,75.8478,National Highway,Clear,Night,42,Male,Car,72,Yes,No,No,Drunk Driving,High,3.0
ACC27479,15-07-2024,22:22,Telangana,Warangal,17.7663,79.3938,State Highway,Cloudy,Night,66,Male,Bike,73,No,No,No,Over Speeding,Medium,0.0
ACC27480,28-05-2024,04:27,Karnataka,Hubballi,14.9006,75.4574,City Road,Clear,Night,21,Male,Car,30,No,No,Yes,Pothole/Bad Road,Low,0.0
ACC27481,19-09-2023,05:34,Andhra Pradesh,Visakhapatnam,15.481,79.8318,City Road,Rainy,Dawn,41,Male,Bus,54,No,No,No,Poor Weather Visibility,Low,5.0
ACC27482,10-06-2024,17:13,Tamil Nadu,Salem,11.1384,78.9726,Village Road,Clear,Dusk,27,Male,Truck,62,Yes,Yes,No,Drunk Driving,High,5.0
ACC27483,30-10-2023,13:09,Karnataka,Mysuru,15.389,76.6625,Village Road,Rainy,Day,43,Male,Car,34,No,No,Yes,Poor Weather Visibility,Low,2.0
ACC27484,09-04-2022,11:07,Telangana,Warangal,18.3324,79.1704,Expressway,Cloudy,Day,63,Male,Car,93,Yes,No,Yes,Over Speeding,High,8.0
ACC27485,28-06-2023,07:09,Karnataka,Belagavi,15.219,76.2245,Village Road,Clear,Day,25,Male,Bike,53,Yes,No,Yes,Drunk Driving,Medium,0.0
ACC27486,10-10-2023,14:54,Tamil Nadu,Salem,10.7494,78.566,City Road,Clear,Day,26,Male,Truck,41,No,No,No,Poor Weather Visibility,Low,0.0
ACC27487,07-10-2024,08:17,Kerala,Kozhikode,10.352,75.6939,City Road,Clear,Day,53,Male,Car,46,No,No,No,Poor Weather Visibility,Low,0.0
ACC27488,01-04-2024,15:46,Karnataka,Bengaluru Urban,15.6578,75.4493,Expressway,Rainy,Day,33,Male,Car,74,No,No,No,Poor Weather Visibility,Medium,4.0
ACC27489,14-09-2022,08:02,Kerala,Kozhikode,10.9346,76.7389,State Highway,Rainy,Day,30,Female,Car,67,No,Yes,No,Poor Weather Visibility,Medium,5.0
ACC27490,07-12-2023,15:23,Kerala,Thrissur,9.3701,76.1074,City Road,Clear,Day,23,Male,Car,52,No,No,No,Signal Jumping,Low,2.0
ACC27491,11-04-2022,20:51,Kerala,Kozhikode,10.1551,76.5828,National Highway,Clear,Night,33,Male,Car,75,Yes,No,No,Drunk Driving,High,4.0
ACC27492,26-02-2024,09:56,Andhra Pradesh,Visakhapatnam,15.6833,79.939,National Highway,Cloudy,Day,30,Male,Bike,80,No,Yes,No,Drowsy Driving,Medium,3.0
ACC27493,18-03-2023,04:50,Andhra Pradesh,Nellore,16.2919,79.3648,Village Road,Clear,Night,33,Male,Car,61,No,No,No,Signal Jumping,Low,1.0
ACC27494,14-09-2024,18:10,Telangana,Nizamabad,17.7196,78.9143,State Highway,Clear,Dusk,40,Female,Car,54,No,No,No,Signal Jumping,Low,2.0
ACC27495,22-08-2022,11:24,Karnataka,Hubballi,15.1098,75.599,State Highway,Clear,Day,18,Male,Bike,51,No,No,No,Poor Weather Visibility,Low,2.0
ACC27496,02-12-2023,17:15,Karnataka,Mangaluru,15.4751,76.7046,State Highway,Clear,Dusk,37,Male,Car,58,No,No,Yes,Pothole/Bad Road,Low,0.0
ACC27497,05-06-2022,12:36,Karnataka,Belagavi,15.8146,75.7445,City Road,Clear,Day,41,Male,Bike,46,No,Yes,No,Drowsy Driving,Low,3.0
ACC27498,20-11-2023,16:10,Kerala,Thrissur,10.2332,76.2394,Village Road,Cloudy,Day,30,Male,Auto,37,No,No,No,Poor Weather Visibility,Low,0.0
ACC27499,20-06-2023,16:57,Tamil Nadu,Salem,11.233,78.8194,National Highway,Clear,Day,46,Male,Auto,75,No,No,No,Over Speeding,Medium,5.0
ACC27500,28-09-2024,05:20,Andhra Pradesh,Nellore,16.0294,79.7819,State Highway,Rainy,Dawn,41,Male,Car,64,No,No,No,Poor Weather Visibility,Medium,3.0
ACC27501,04-06-2024,05:26,Tamil Nadu,Coimbatore,11.5741,78.1461,State Highway,Cloudy,Dawn,52,Male,Car,59,No,No,No,Poor Weather Visibility,Low,0.0
ACC27502,21-04-2024,17:39,Karnataka,Bengaluru Urban,15.2791,75.7614,National Highway,Clear,Dusk,45,Male,Bike,59,No,No,No,Signal Jumping,Low,0.0
ACC27503,30-01-2022,03:48,Karnataka,Belagavi,15.7237,75.3087,City Road,Cloudy,Night,21,Male,Auto,37,No,Yes,No,Drowsy Driving,Medium,4.0
ACC27504,17-06-2024,15:11,Andhra Pradesh,Vijayawada,15.6307,80.2002,Village Road,Clear,Day,42,Male,Car,16,No,No,Yes,Pothole/Bad Road,Low,0.0
ACC27505,19-02-2023,12:50,Telangana,Khammam,17.7447,79.163,City Road,Clear,Day,52,Male,Bike,32,No,No,No,Signal Jumping,Low,1.0
ACC27506,28-06-2023,18:15,Tamil Nadu,Chennai,11.5631,77.9016,City Road,Clear,Dusk,51,Female,Bike,64,No,No,No,Signal Jumping,Low,0.0
ACC27507,09-08-2024,14:57,Andhra Pradesh,Nellore,16.2028,80.3233,State Highway,Clear,Day,36,Male,Car,60,No,No,No,Over Speeding,Low,1.0
ACC27508,24-02-2023,08:35,Telangana,Nizamabad,18.4808,78.9465,National Highway,Cloudy,Day,47,Male,Bus,56,No,Yes,No,Drowsy Driving,Medium,2.0
ACC27509,15-12-2024,10:21,Telangana,Nizamabad,18.2258,78.7977,Village Road,Cloudy,Day,27,Male,Bike,51,No,No,Yes,Pothole/Bad Road,Low,2.0
ACC27510,10-03-2022,23:12,Karnataka,Bengaluru Urban,15.6713,76.0603,State Highway,Clear,Night,19,Male,Car,58,No,No,No,Poor Weather Visibility,Low,0.0
ACC27511,18-08-2023,19:53,Kerala,Kozhikode,10.4518,76.8011,City Road,Clear,Night,45,Male,Bike,51,No,Yes,No,Drowsy Driving,Low,0.0
ACC27512,11-12-2024,03:55,Kerala,Kollam,10.0516,76.8414,Village Road,Clear,Night,40,Male,Car,39,No,No,No,Poor Weather Visibility,Low,0.0
ACC27513,08-12-2022,08:38,Tamil Nadu,Tiruchirappalli,11.4355,78.4086,National Highway,Clear,Day,28,Male,Car,98,No,No,No,Over Speeding,High,9.0
ACC27514,27-09-2022,09:40,Karnataka,Bengaluru Urban,15.3666,75.9204,National Highway,Clear,Day,31,Male,Bike,79,No,No,No,Over Speeding,Medium,6.0
ACC27515,28-05-2024,01:53,Karnataka,Mysuru,15.5568,75.6533,Village Road,Clear,Night,42,Female,Car,71,Yes,No,No,Drunk Driving,Medium,3.0
ACC27516,07-12-2022,18:31,Andhra Pradesh,Vijayawada,15.9055,79.0854,Expressway,Overcast,Dusk,27,Male,Car,72,No,No,No,Poor Weather Visibility,Low,1.0
ACC27517,06-01-2024,18:32,Karnataka,Bengaluru Urban,15.5851,75.3854,Expressway,Clear,Dusk,18,Male,Car,71,No,No,No,Over Speeding,Medium,3.0
ACC27518,14-10-2024,17:53,Andhra Pradesh,Vijayawada,16.1767,79.798,State Highway,Cloudy,Dusk,29,Male,Bike,78,Yes,No,No,Drunk Driving,High,5.0
ACC27519,16-05-2022,02:04,Tamil Nadu,Coimbatore,10.8535,78.7849,State Highway,Rainy,Night,18,Male,Bike,64,No,No,No,Poor Weather Visibility,High,5.0
ACC27520,11-07-2022,16:35,Kerala,Kollam,10.8315,76.4723,Village Road,Cloudy,Day,18,Male,Bike,40,No,No,No,Poor Weather Visibility,Medium,3.0
ACC27521,29-11-2022,20:55,Kerala,Thrissur,10.0863,76.4869,Village Road,Clear,Night,33,Female,Bike,30,No,No,No,Poor Weather Visibility,Low,1.0
ACC27522,26-12-2023,15:18,Telangana,Hyderabad,17.9778,78.9375,Expressway,Rainy,Day,38,Female,Bike,79,No,No,No,Poor Weather Visibility,Medium,3.0
ACC27523,10-09-2024,08:04,Kerala,Thiruvananthapuram,10.0707,76.4228,State Highway,Rainy,Day,47,Male,Car,65,No,No,No,Poor Weather Visibility,Low,1.0
ACC27524,25-05-2024,01:33,Andhra Pradesh,Visakhapatnam,15.8512,79.6526,City Road,Cloudy,Night,30,Female,Car,52,No,Yes,No,Drowsy Driving,Low,1.0
ACC27525,11-08-2022,06:01,Telangana,Warangal,17.1131,78.767,Village Road,Cloudy,Day,31,Male,Car,18,No,No,Yes,Pothole/Bad Road,Low,0.0
ACC27526,16-02-2023,15:13,Andhra Pradesh,Vijayawada,16.476,79.9081,State Highway,Clear,Day,27,Male,Auto,83,Yes,Yes,No,Drunk Driving,High,6.0
ACC27527,12-12-2023,16:43,Tamil Nadu,Coimbatore,11.3597,78.2698,Expressway,Cloudy,Day,18,Male,Bike,94,Yes,No,No,Over Speeding,High,7.0
ACC27528,25-03-2022,19:12,Tamil Nadu,Tiruchirappalli,11.2934,78.5248,City Road,Overcast,Night,21,Male,Bike,52,No,No,Yes,Pothole/Bad Road,Medium,2.0
ACC27529,25-06-2022,21:10,Kerala,Ernakulam,10.7017,76.3221,City Road,Overcast,Night,26,Male,Bike,49,Yes,No,No,Drunk Driving,Medium,1.0
ACC27530,13-10-2024,13:02,Kerala,Thiruvananthapuram,10.2541,76.3923,National Highway,Cloudy,Day,46,Female,Car,73,No,No,No,Over Speeding,Medium,1.0
ACC27531,19-11-2024,15:17,Kerala,Kozhikode,9.4701,76.0056,National Highway,Clear,Day,23,Male,Bike,59,No,No,No,Over Speeding,Medium,2.0
ACC27532,23-12-2023,20:52,Andhra Pradesh,Guntur,15.9641,80.0084,State Highway,Cloudy,Night,51,Male,Auto,73,Yes,No,No,Drunk Driving,High,3.0
ACC27533,28-09-2024,17:16,Kerala,Kozhikode,10.773,76.7122,City Road,Rainy,Dusk,31,Male,Bike,41,No,No,No,Poor Weather Visibility,Low,1.0
ACC27534,26-07-2024,14:12,Andhra Pradesh,Vijayawada,14.9077,79.4978,City Road,Rainy,Day,50,Male,Car,34,No,No,No,Poor Weather Visibility,Low,0.0
ACC27535,11-05-2024,22:55,Andhra Pradesh,Kurnool,15.3705,78.864,City Road,Clear,Night,53,Male,Truck,53,No,No,Yes,Pothole/Bad Road,Low,0.0
ACC27536,01-04-2024,03:15,Karnataka,Hubballi,15.22,76.5157,State Highway,Rainy,Night,28,Male,Bike,67,No,No,Yes,Poor Weather Visibility,High,3.0
ACC27537,27-01-2022,20:47,Tamil Nadu,Chennai,11.6198,78.9197,State Highway,Rainy,Night,22,Male,Bike,72,No,No,No,Poor Weather Visibility,Medium,0.0
ACC27538,25-02-2023,10:10,Telangana,Khammam,16.8307,78.6115,National Highway,Rainy,Day,41,Male,Bike,72,No,No,No,Poor Weather Visibility,Medium,
ACC27539,09-05-2022,15:19,Andhra Pradesh,Kurnool,16.3897,78.9989,State Highway,Cloudy,Day,37,Male,Car,83,No,Yes,No,Over Speeding,High,
ACC27540,04-02-2023,05:45,Karnataka,Mangaluru,14.893,75.2504,City Road,Rainy,Dawn,38,Male,Truck,27,No,No,No,Poor Weather Visibility,Low,1.0
ACC27541,18-02-2022,18:28,Karnataka,Bengaluru Urban,14.7647,75.0363,National Highway,Rainy,Dusk,48,Male,Car,82,No,No,No,Poor Weather Visibility,High,5.0
ACC27542,20-08-2022,18:45,Tamil Nadu,Tiruchirappalli,11.2547,78.4883,State Highway,Cloudy,Dusk,24,Male,Bike,58,No,No,No,Poor Weather Visibility,Medium,0.0
ACC27543,06-07-2022,20:25,Tamil Nadu,Coimbatore,11.2086,78.4499,National Highway,Clear,Night,19,Female,Car,76,Yes,No,No,Drunk Driving,Medium,3.0
ACC27544,16-04-2022,13:39,Andhra Pradesh,Vijayawada,16.0418,79.8527,City Road,Cloudy,Day,48,Male,Car,24,No,No,No,Poor Weather Visibility,Low,0.0
ACC27545,05-09-2024,13:06,Kerala,Ernakulam,9.7202,75.9801,State Highway,Clear,Day,44,Male,Bike,69,No,No,Yes,Pothole/Bad Road,Low,0.0
ACC27546,14-01-2022,12:16,Andhra Pradesh,Kurnool,15.6407,79.5444,Village Road,Clear,Day,20,Male,Bike,58,Yes,Yes,No,Drunk Driving,High,2.0
ACC27547,14-05-2022,12:11,Karnataka,Mangaluru,15.0657,76.241,City Road,Cloudy,Day,45,Male,Truck,46,No,No,Yes,Pothole/Bad Road,Low,1.0
ACC27548,08-04-2024,01:29,Kerala,Kollam,10.4209,76.2579,State Highway,Rainy,Night,50,Male,Bike,92,Yes,Yes,No,Over Speeding,High,3.0
ACC27549,31-10-2023,07:34,Telangana,Hyderabad,17.5625,79.0623,Village Road,Rainy,Day,30,Female,Bike,38,No,No,Yes,Poor Weather Visibility,Low,0.0
ACC27550,24-10-2023,12:02,Kerala,Thiruvananthapuram,10.6913,76.0396,City Road,Cloudy,Day,66,Female,Car,70,Yes,No,No,Drunk Driving,Medium,2.0
ACC27551,02-12-2023,21:10,Karnataka,Belagavi,15.4597,76.0222,State Highway,Clear,Night,22,Female,Bus,46,No,No,No,Signal Jumping,Low,1.0
ACC27552,21-12-2022,02:16,Kerala,Ernakulam,9.7593,75.6693,National Highway,Rainy,Night,39,Female,Car,70,No,No,Yes,Poor Weather Visibility,High,3.0
ACC27553,30-12-2024,07:34,Andhra Pradesh,Visakhapatnam,16.3003,80.428,State Highway,Rainy,Day,38,Male,Bus,41,No,Yes,No,Poor Weather Visibility,Low,3.0
ACC27554,11-09-2023,14:00,Tamil Nadu,Salem,11.0077,78.6347,National Highway,Clear,Day,35,Female,Car,95,Yes,Yes,No,Over Speeding,High,7.0
ACC27555,26-08-2024,23:26,Tamil Nadu,Coimbatore,11.7747,78.266,Expressway,Overcast,Night,30,Male,Bike,91,No,Yes,No,Over Speeding,High,7.0
ACC27556,29-03-2024,18:43,Karnataka,Mangaluru,16.0062,76.1996,City Road,Cloudy,Dusk,25,Female,Car,51,No,No,No,Poor Weather Visibility,Low,1.0
ACC27557,03-02-2023,18:17,Telangana,Khammam,17.8984,78.7067,City Road,Rainy,Dusk,36,Male,Bus,46,No,No,Yes,Poor Weather Visibility,Low,1.0
ACC27558,20-01-2024,15:41,Karnataka,Mysuru,15.0736,75.7654,Village Road,Clear,Day,33,Male,Truck,40,No,No,No,Signal Jumping,Low,0.0
ACC27559,31-08-2022,22:50,Karnataka,Bengaluru Urban,15.3976,75.7535,National Highway,Clear,Night,29,Male,Bike,59,No,No,No,Signal Jumping,Low,1.0