Accident_ID,Date,Time,State,District,Latitude,Longitude,Road_Type,Weather,Light_Condition,Driver_Age,Driver_Gender,Vehicle_Type,Speed_kmph,Alcohol_Involved,Driver_Drowsy,Pothole_Involved,Cause_of_Accident,Severity,Casualties
ACC27560,14-07-2024,21:52,Karnataka,Mysuru,15.5334,75.7283,City Road,Rainy,Night,29,Female,Car,31,No,No,Yes,Poor Weather Visibility,Low,0.0
ACC27561,20-05-2022,17:56,Karnataka,Mysuru,15.1899,75.7944,City Road,Clear,Dusk,57,Male,Auto,41,No,No,Yes,Pothole/Bad Road,Low,3.0
ACC27562,03-01-2022,14:48,Karnataka,Belagavi,15.094,75.6614,Village Road,Clear,Day,21,Male,Bike,39,No,No,No,Poor Weather Visibility,Low,0.0
ACC27563,09-12-2022,06:27,Tamil Nadu,Madurai,11.5152,78.0643,City Road,Cloudy,Day,29,Female,Bus,48,No,Yes,No,Drowsy Driving,Low,2.0
ACC27564,18-01-2024,23:29,Puducherry,Puducherry,12.5417,79.8715,Village Road,Clear,Night,52,Male,Bike,59,Yes,Yes,No,Drunk Driving,High,
ACC27565,28-03-2024,00:28,Tamil Nadu,Tiruchirappalli,10.7255,78.8656,National Highway,Clear,Night,33,Female,Bike,59,No,Yes,No,Drowsy Driving,High,6.0
ACC27566,29-01-2023,18:45,Andhra Pradesh,Visakhapatnam,16.6771,79.7984,National Highway,Rainy,Dusk,56,Male,Bike,82,No,Yes,Yes,Poor Weather Visibility,High,6.0
ACC27567,05-01-2024,12:26,Kerala,Thrissur,11.2486,76.6458,National Highway,Clear,Day,47,Male,Truck,104,Yes,Yes,No,Over Speeding,High,6.0
ACC27568,07-08-2023,06:37,Tamil Nadu,Chennai,11.0367,78.632,City Road,Cloudy,Day,21,Female,Bus,66,No,No,No,Poor Weather Visibility,Medium,1.0
ACC27569,02-05-2023,00:50,Tamil Nadu,Chennai,11.1308,78.4602,National Highway,Rainy,Night,38,Male,Bike,100,Yes,No,No,Over Speeding,High,3.0
ACC27570,27-05-2024,19:01,Telangana,Khammam,18.07,79.3961,State Highway,Clear,Night,19,Male,Car,70,Yes,No,Yes,Drunk Driving,High,5.0
ACC27571,09-09-2023,20:11,Karnataka,Mangaluru,15.0709,75.5565,Village Road,Rainy,Night,21,Female,Truck,46,No,No,Yes,Poor Weather Visibility,Medium,3.0
ACC27572,16-10-2022,08:39,Tamil Nadu,Chennai,11.0341,78.6769,City Road,Rainy,Day,26,Male,Car,51,No,Yes,No,Poor Weather Visibility,Low,1.0
ACC27573,18-02-2022,01:16,Tamil Nadu,Coimbatore,12.0605,79.5693,State Highway,Clear,Night,37,Female,Car,63,No,No,No,Over Speeding,Low,1.0
ACC27574,08-01-2022,11:26,Tamil Nadu,Tiruchirappalli,10.7316,78.5974,State Highway,Rainy,Day,47,Male,Bike,49,No,No,No,Poor Weather Visibility,Low,2.0
ACC27575,17-09-2024,18:33,Andhra Pradesh,Vijayawada,15.74,79.8314,City Road,Rainy,Dusk,35,Male,Auto,63,Yes,No,No,Poor Weather Visibility,Medium,2.0
ACC27576,09-07-2024,18:27,Tamil Nadu,Madurai,11.6014,78.8685,Village Road,Clear,Dusk,27,Male,Bike,57,No,No,Yes,Pothole/Bad Road,Medium,2.0
ACC27577,22-03-2024,16:54,Andhra Pradesh,Kurnool,15.6436,79.249,City Road,Clear,Day,58,Male,Car,40,No,Yes,No,Drowsy Driving,Low,1.0
ACC27578,27-08-2024,12:18,Karnataka,Mangaluru,15.5069,74.443,Village Road,Rainy,Day,24,Male,Car,46,No,No,Yes,Poor Weather Visibility,Medium,3.0
ACC27579,01-01-2022,21:54,Tamil Nadu,Madurai,10.6271,79.0711,State Highway,Clear,Night,39,Male,Bike,68,No,No,No,Signal Jumping,Medium,4.0
ACC27580,16-07-2023,23:04,Kerala,Thiruvananthapuram,9.4427,76.6641,City Road,Cloudy,Night,31,Male,Bus,45,No,Yes,Yes,Drowsy Driving,Medium,2.0
ACC27581,18-09-2024,23:07,Andhra Pradesh,Guntur,15.4075,79.6523,National Highway,Cloudy,Night,37,Male,Auto,66,Yes,No,No,Drunk Driving,High,
ACC27582,24-01-2024,08:01,Andhra Pradesh,Nellore,15.7001,79.8331,State Highway,Clear,Day,41,Male,Bus,36,No,Yes,No,Drowsy Driving,Low,0.0
ACC27583,01-01-2024,21:51,Tamil Nadu,Chennai,11.0972,78.264,National Highway,Clear,Night,34,Male,Car,77,Yes,No,No,Drunk Driving,High,4.0
ACC27584,18-06-2024,13:49,Karnataka,Mysuru,15.3708,75.807,Village Road,Rainy,Day,24,Male,Car,44,No,No,No,Poor Weather Visibility,Medium,6.0
ACC27585,19-07-2024,23:06,Tamil Nadu,Coimbatore,10.14,78.3987,City Road,Clear,Night,40,Female,Car,66,Yes,No,No,Drunk Driving,Medium,0.0
ACC27586,17-08-2024,16:33,Karnataka,Mangaluru,15.869,75.6333,Village Road,Rainy,Day,29,Male,Bike,40,No,No,No,Poor Weather Visibility,Low,0.0
ACC27587,25-09-2024,19:40,Karnataka,Hubballi,15.4946,76.1369,State Highway,Clear,Night,40,Female,Truck,62,Yes,No,No,Drunk Driving,Medium,5.0
ACC27588,26-08-2022,18:05,Tamil Nadu,Salem,10.8369,78.7165,City Road,Rainy,Dusk,53,Male,Auto,46,No,No,No,Poor Weather Visibility,Medium,4.0
ACC27589,03-07-2023,09:59,Telangana,Khammam,18.2552,78.6108,City Road,Foggy,Day,25,Male,Bike,22,No,No,No,Poor Weather Visibility,Low,1.0
ACC27590,21-11-2023,10:00,Telangana,Khammam,18.0197,78.8436,City Road,Cloudy,Day,18,Male,Car,40,No,No,No,Poor Weather Visibility,Low,0.0
ACC27591,20-07-2022,16:59,Karnataka,Mysuru,14.8881,75.7148,City Road,Clear,Day,46,Male,Auto,56,No,No,No,Signal Jumping,Low,
ACC27592,10-05-2022,09:19,Puducherry,Puducherry,12.1113,79.5466,Expressway,Cloudy,Day,24,Male,Bike,97,No,No,No,Over Speeding,High,2.0
ACC27593,26-12-2024,01:05,Karnataka,Belagavi,15.6286,75.7729,City Road,Clear,Night,27,Male,Bus,46,No,Yes,No,Drowsy Driving,Low,0.0
ACC27594,27-04-2022,18:54,Karnataka,Bengaluru Urban,16.0594,75.031,City Road,Rainy,Dusk,33,Male,Car,43,No,No,Yes,Poor Weather Visibility,Low,0.0
ACC27595,18-10-2022,18:44,Telangana,Warangal,17.3721,78.9218,State Highway,Rainy,Dusk,25,Male,Car,83,No,Yes,No,Poor Weather Visibility,High,11.0
ACC27596,27-03-2022,16:15,Karnataka,Hubballi,15.3726,75.6098,National Highway,Cloudy,Day,48,Male,Car,58,No,No,No,Poor Weather Visibility,Low,1.0
ACC27597,16-11-2024,17:41,Andhra Pradesh,Kurnool,15.8166,79.9091,State Highway,Rainy,Dusk,40,Female,Car,59,No,No,No,Poor Weather Visibility,Medium,1.0
ACC27598,15-02-2024,17:53,Andhra Pradesh,Nellore,15.6901,80.1407,National Highway,Clear,Dusk,21,Male,Car,68,No,No,No,Over Speeding,Low,0.0
ACC27599,20-07-2024,18:27,Andhra Pradesh,Nellore,15.4099,79.8796,State Highway,Overcast,Dusk,38,Male,Bike,61,No,No,No,Poor Weather Visibility,Low,0.0
ACC27600,03-07-2022,12:24,Andhra Pradesh,Vijayawada,16.0258,79.8161,City Road,Clear,Day,36,Male,Car,55,No,No,Yes,Pothole/Bad Road,Low,2.0
ACC27601,11-08-2024,21:10,Kerala,Thiruvananthapuram,10.809,75.4495,City Road,Clear,Night,53,Male,Car,56,No,No,No,Signal Jumping,Low,2.0
ACC27602,24-04-2022,08:55,Kerala,Kollam,10.5124,76.5137,Village Road,Clear,Day,41,Male,Car,51,No,No,No,Signal Jumping,Low,0.0
ACC27603,01-01-2022,18:39,Tamil Nadu,Madurai,11.0771,78.8162,State Highway,Foggy,Dusk,30,Female,Bike,64,No,No,No,Poor Weather Visibility,High,11.0
ACC27604,04-04-2022,13:23,Tamil Nadu,Madurai,11.1602,78.5884,Village Road,Clear,Day,24,Male,Car,38,No,No,No,Signal Jumping,Low,0.0
ACC27605,22-09-2023,22:49,Karnataka,Mangaluru,14.7568,75.906,City Road,Cloudy,Night,49,Male,Bike,47,No,No,Yes,Pothole/Bad Road,Low,0.0
ACC27606,06-03-2023,20:55,Telangana,Nizamabad,17.8194,79.1604,State Highway,Cloudy,Night,31,Male,Car,52,No,No,No,Poor Weather Visibility,Low,3.0
ACC27607,09-02-2022,18:26,Karnataka,Mysuru,16.8041,75.6694,Village Road,Cloudy,Dusk,47,Male,Car,49,No,No,Yes,Pothole/Bad Road,Medium,2.0
ACC27608,07-07-2024,21:10,Tamil Nadu,Salem,11.6539,78.5015,City Road,Cloudy,Night,36,Male,Bus,48,Yes,No,Yes,Drunk Driving,Medium,5.0
ACC27609,09-04-2023,22:40,Telangana,Khammam,18.0815,78.7965,Village Road,Clear,Night,56,Male,Bus,41,No,No,Yes,Pothole/Bad Road,Medium,2.0
ACC27610,03-01-2022,21:14,Tamil Nadu,Chennai,10.9952,78.6842,National Highway,Cloudy,Night,41,Female,Car,104,Yes,No,Yes,Over Speeding,High,5.0
ACC27611,16-04-2024,12:43,Kerala,Kozhikode,10.8578,76.1848,Village Road,Clear,Day,23,Male,Truck,37,No,No,No,Signal Jumping,Low,1.0
ACC27612,10-06-2023,01:26,Tamil Nadu,Tiruchirappalli,11.044,78.359,Expressway,Clear,Night,35,Male,Truck,77,No,No,No,Over Speeding,Medium,3.0
ACC27613,23-08-2024,06:36,Karnataka,Mangaluru,15.1544,75.3992,State Highway,Overcast,Day,47,Male,Truck,62,No,No,No,Poor Weather Visibility,Low,1.0
ACC27614,06-01-2024,00:05,Telangana,Hyderabad,17.9667,79.0746,State Highway,Clear,Night,50,Male,Auto,56,No,No,No,Poor Weather Visibility,Low,
ACC27615,14-11-2024,19:27,Tamil Nadu,Tiruchirappalli,10.9382,78.1929,National Highway,Rainy,Night,59,Female,Bike,73,Yes,No,No,Poor Weather Visibility,High,5.0
ACC27616,17-04-2022,11:28,Telangana,Khammam,18.022,78.1521,State Highway,Clear,Day,41,Male,Auto,49,No,No,No,Poor Weather Visibility,Low,2.0
ACC27617,02-04-2024,18:52,Andhra Pradesh,Guntur,16.193,79.4795,National Highway,Clear,Dusk,34,Female,Bike,94,No,No,No,Over Speeding,High,3.0
ACC27618,28-12-2023,20:06,Karnataka,Bengaluru Urban,15.3691,75.0706,National Highway,Clear,Night,40,Male,Car,64,No,No,No,Over Speeding,Medium,1.0
ACC27619,01-08-2024,13:45,Tamil Nadu,Coimbatore,11.2456,79.1036,Village Road,Rainy,Day,43,Male,Car,46,No,No,Yes,Poor Weather Visibility,Low,1.0
ACC27620,25-08-2022,00:38,Tamil Nadu,Tiruchirappalli,11.0456,78.7677,State Highway,Overcast,Night,37,Female,Bike,68,Yes,No,No,Drunk Driving,Medium,5.0
ACC27621,24-05-2024,07:27,Karnataka,Mysuru,15.5635,75.4326,State Highway,Clear,Day,38,Female,Truck,62,No,No,No,Over Speeding,Low,1.0
ACC27622,06-10-2024,07:19,Karnataka,Bengaluru Urban,15.782,76.0202,City Road,Rainy,Day,18,Male,Car,40,No,No,Yes,Poor Weather Visibility,Low,0.0
ACC27623,16-07-2024,22:20,Kerala,Thiruvananthapuram,10.0038,75.8932,Village Road,Overcast,Night,41,Male,Bus,29,No,Yes,No,Drowsy Driving,Low,0.0
ACC27624,22-11-2024,14:53,Karnataka,Mysuru,15.2777,75.2736,Village Road,Rainy,Day,38,Female,Car,27,No,No,Yes,Poor Weather Visibility,Low,0.0
ACC27625,04-07-2022,17:20,Tamil Nadu,Madurai,10.9291,78.3759,Village Road,Clear,Dusk,18,Male,Car,37,No,No,No,Signal Jumping,Low,
ACC27626,10-07-2023,09:05,Tamil Nadu,Salem,11.0921,78.416,City Road,Rainy,Day,38,Female,Car,55,No,No,No,Poor Weather Visibility,Low,0.0
ACC27627,19-05-2024,08:56,Karnataka,Mangaluru,15.5105,75.5365,State Highway,Cloudy,Day,38,Male,Bike,75,No,No,No,Over Speeding,Medium,3.0
ACC27628,27-12-2022,07:41,Telangana,Khammam,18.5993,79.1719,State Highway,Clear,Day,45,Male,Bus,77,No,No,No,Over Speeding,Medium,4.0
ACC27629,27-08-2023,21:49,Karnataka,Mangaluru,15.5505,75.6292,National Highway,Rainy,Night,18,Male,Bike,76,Yes,Yes,No,Poor Weather Visibility,High,6.0
ACC27630,30-01-2023,12:23,Telangana,Khammam,17.9442,79.1395,Expressway,Clear,Day,18,Female,Car,88,No,No,No,Over Speeding,Medium,5.0
ACC27631,20-09-2024,12:44,Telangana,Khammam,19.0012,78.8128,National Highway,Clear,Day,56,Male,Car,65,No,No,No,Over Speeding,Low,1.0
ACC27632,21-12-2023,21:09,Andhra Pradesh,Guntur,15.5331,79.575,Village Road,Rainy,Night,39,Male,Bike,53,No,No,No,Poor Weather Visibility,Medium,2.0
ACC27633,23-08-2023,10:42,Karnataka,Bengaluru Urban,15.0855,76.21,City Road,Clear,Day,44,Male,Car,45,No,No,Yes,Pothole/Bad Road,Low,0.0
ACC27634,22-10-2023,22:33,Kerala,Kozhikode,10.0939,75.953,Village Road,Clear,Night,22,Male,Truck,70,Yes,Yes,No,Drunk Driving,High,5.0
ACC27635,26-01-2022,03:56,Karnataka,Hubballi,15.6286,75.628,Village Road,Clear,Night,19,Male,Bike,17,No,No,No,Signal Jumping,Low,0.0
ACC27636,05-06-2022,20:35,Karnataka,Mangaluru,15.3289,75.905,National Highway,Clear,Night,29,Male,Bike,83,No,No,No,Over Speeding,High,4.0
ACC27637,06-12-2023,19:03,Karnataka,Hubballi,16.4184,75.129,City Road,Clear,Night,46,Male,Bus,42,No,No,No,Poor Weather Visibility,Low,1.0
ACC27638,11-03-2022,21:09,Karnataka,Hubballi,15.9713,75.335,Village Road,Clear,Night,26,Male,Car,61,No,No,Yes,Pothole/Bad Road,Low,5.0
ACC27639,31-07-2022,18:00,Tamil Nadu,Chennai,10.7566,77.7698,State Highway,Rainy,Dusk,18,Female,Truck,73,No,No,No,Poor Weather Visibility,Medium,5.0
ACC27640,22-06-2024,16:36,Tamil Nadu,Tiruchirappalli,11.4876,78.6033,National Highway,Cloudy,Day,45,Male,Truck,79,No,No,No,Over Speeding,Medium,3.0
ACC27641,03-07-2023,01:37,Karnataka,Hubballi,14.8995,76.0322,Village Road,Cloudy,Night,51,Male,Bike,39,No,No,No,Poor Weather Visibility,Medium,3.0
ACC27642,26-02-2022,15:20,Telangana,Karimnagar,17.6342,79.3984,Expressway,Clear,Day,18,Male,Car,77,No,No,No,Over Speeding,Medium,3.0
ACC27643,05-05-2023,19:02,Andhra Pradesh,Kurnool,15.7519,79.3459,State Highway,Clear,Night,24,Male,Auto,72,Yes,No,No,Drunk Driving,Medium,1.0
ACC27644,30-04-2023,17:46,Telangana,Warangal,18.0741,79.0319,State Highway,Clear,Dusk,35,Female,Car,58,No,No,Yes,Pothole/Bad Road,Low,2.0
ACC27645,03-12-2022,07:04,Tamil Nadu,Tiruchirappalli,10.3977,78.0366,State Highway,Foggy,Day,19,Male,Car,62,No,No,No,Poor Weather Visibility,Medium,
ACC27646,27-07-2022,13:47,Andhra Pradesh,Vijayawada,16.0872,80.0006,City Road,Rainy,Day,40,Male,Car,43,No,No,No,Poor Weather Visibility,Low,2.0
ACC27647,06-11-2022,06:03,Karnataka,Bengaluru Urban,15.0106,75.2224,City Road,Rainy,Day,40,Female,Car,48,No,No,No,Poor Weather Visibility,Low,1.0
ACC27648,26-11-2024,05:55,Karnataka,Bengaluru Urban,15.3821,75.0392,State Highway,Clear,Dawn,34,Female,Bike,61,No,No,No,Signal Jumping,Medium,0.0
ACC27649,28-04-2024,02:14,Puducherry,Puducherry,11.5572,79.9573,State Highway,Clear,Night,52,Male,Bus,57,No,No,No,Signal Jumping,Low,0.0
ACC27650,06-10-2024,13:41,Karnataka,Mangaluru,15.5918,75.7587,State Highway,Cloudy,Day,18,Female,Auto,64,No,No,No,Poor Weather Visibility,Medium,2.0
ACC27651,09-12-2023,18:14,Telangana,Nizamabad,18.1663,78.6633,City Road,Cloudy,Dusk,59,Male,Bike,58,No,No,Yes,Signal Jumping,Low,0.0
ACC27652,17-11-2022,08:13,Tamil Nadu,Salem,10.5158,79.0982,Village Road,Clear,Day,49,Female,Truck,35,No,No,No,Signal Jumping,Low,0.0
ACC27653,14-03-2024,14:07,Andhra Pradesh,Vijayawada,16.4371,79.4368,City Road,Clear,Day,42,Male,Auto,49,No,No,No,Signal Jumping,Low,1.0
ACC27654,20-06-2023,09:42,Karnataka,Mangaluru,15.3539,76.213,Village Road,Clear,Day,67,Male,Bike,38,No,No,No,Poor Weather Visibility,Low,0.0
ACC27655,18-10-2024,10:33,Andhra Pradesh,Guntur,14.8634,79.2078,Village Road,Clear,Day,21,Male,Truck,64,No,Yes,Yes,Drowsy Driving,Medium,1.0
ACC27656,19-12-2023,20:09,Karnataka,Mangaluru,15.2571,75.5544,Village Road,Foggy,Night,36,Female,Auto,40,No,No,Yes,Poor Weather Visibility,Low,2.0
ACC27657,19-01-2022,13:08,Telangana,Hyderabad,18.6733,78.7141,National Highway,Cloudy,Day,46,Female,Car,73,No,No,No,Over Speeding,High,2.0
ACC27658,10-03-2022,08:36,Karnataka,Belagavi,15.0761,75.5419,National Highway,Overcast,Day,50,Male,Bike,70,No,No,No,Poor Weather Visibility,High,5.0
ACC27659,16-06-2024,19:06,Telangana,Khammam,18.2295,79.2921,State Highway,Cloudy,Night,37,Male,Car,62,No,No,No,Poor Weather Visibility,Medium,3.0
ACC27660,15-12-2022,17:49,Kerala,Kollam,10.4881,77.0693,Village Road,Cloudy,Dusk,39,Male,Auto,56,No,No,No,Poor Weather Visibility,Medium,1.0
ACC27661,07-11-2023,20:35,Andhra Pradesh,Vijayawada,15.8777,79.1664,City Road,Rainy,Night,44,Male,Car,38,No,No,Yes,Poor Weather Visibility,Low,1.0
ACC27662,31-01-2023,08:39,Tamil Nadu,Coimbatore,10.9591,79.6319,National Highway,Clear,Day,55,Male,Bike,75,Yes,No,No,Drunk Driving,High,4.0
ACC27663,31-05-2022,19:44,Andhra Pradesh,Vijayawada,15.2462,78.8898,Expressway,Rainy,Night,35,Male,Bike,75,No,No,No,Poor Weather Visibility,High,6.0
ACC27664,04-08-2023,12:45,Kerala,Kozhikode,10.6029,76.9433,National Highway,Clear,Day,54,Male,Car,58,No,No,No,Poor Weather Visibility,Low,2.0
ACC27665,12-04-2023,04:53,Tamil Nadu,Tiruchirappalli,11.2139,78.8748,City Road,Rainy,Night,23,Female,Car,51,No,No,No,Poor Weather Visibility,Medium,3.0
ACC27666,06-07-2024,13:32,Kerala,Thiruvananthapuram,10.789,77.1563,Expressway,Clear,Day,18,Male,Bike,100,Yes,No,No,Over Speeding,High,5.0
ACC27667,10-11-2022,15:57,Telangana,Warangal,18.4698,79.1139,City Road,Rainy,Day,57,Male,Car,71,Yes,No,Yes,Poor Weather Visibility,High,4.0
ACC27668,03-04-2022,18:24,Kerala,Kozhikode,10.2332,76.6674,National Highway,Clear,Dusk,35,Female,Bike,62,No,No,No,Over Speeding,Medium,0.0
ACC27669,11-02-2023,18:00,Karnataka,Bengaluru Urban,15.1685,75.1466,City Road,Cloudy,Dusk,47,Male,Car,51,No,No,No,Poor Weather Visibility,Low,0.0
ACC27670,10-01-2024,01:58,Telangana,Nizamabad,17.4377,79.3936,National Highway,Overcast,Night,32,Male,Car,99,Yes,Yes,No,Over Speeding,High,6.0
ACC27671,23-08-2023,21:45,Karnataka,Belagavi,15.3836,76.1167,City Road,Cloudy,Night,38,Male,Bike,71,Yes,No,No,Drunk Driving,High,5.0
ACC27672,31-07-2024,09:33,Karnataka,Mangaluru,15.7909,75.7595,State Highway,Cloudy,Day,18,Male,Truck,69,No,Yes,Yes,Drowsy Driving,Medium,2.0
ACC27673,12-06-2024,13:26,Tamil Nadu,Chennai,10.6436,79.1646,National Highway,Cloudy,Day,36,Female,Car,69,No,No,No,Poor Weather Visibility,Medium,2.0
ACC27674,07-02-2024,07:38,Telangana,Warangal,17.1943,78.8784,National Highway,Rainy,Day,34,Male,Car,93,No,No,No,Over Speeding,High,5.0
ACC27675,03-12-2024,16:37,Tamil Nadu,Chennai,11.3309,78.9979,City Road,Clear,Day,20,Male,Bike,37,Yes,No,No,Drunk Driving,Low,0.0
ACC27676,13-08-2024,14:33,Karnataka,Mysuru,15.1892,75.6425,Expressway,Clear,Day,36,Male,Car,62,Yes,No,No,Drunk Driving,High,3.0
ACC27677,27-11-2022,10:59,Kerala,Ernakulam,10.5207,76.3469,State Highway,Rainy,Day,46,Male,Car,65,No,No,No,Poor Weather Visibility,Low,4.0
ACC27678,02-05-2022,22:05,Karnataka,Mysuru,15.3495,75.7164,National Highway,Overcast,Night,41,Male,Truck,81,Yes,No,No,Drunk Driving,Medium,8.0
ACC27679,06-04-2024,07:11,Tamil Nadu,Salem,11.4393,78.3281,City Road,Clear,Day,51,Female,Auto,53,No,No,No,Signal Jumping,Low,1.0
ACC27680,18-09-2023,12:07,Karnataka,Bengaluru Urban,14.5601,75.6737,State Highway,Rainy,Day,33,Female,Bus,73,No,No,No,Poor Weather Visibility,Medium,5.0
ACC27681,19-12-2023,05:08,Karnataka,Mangaluru,15.1291,75.7417,Village Road,Cloudy,Dawn,40,Female,Bus,34,No,No,Yes,Pothole/Bad Road,Low,
ACC27682,05-10-2022,11:35,Karnataka,Bengaluru Urban,15.4271,75.9398,Expressway,Cloudy,Day,23,Female,Car,66,No,No,No,Poor Weather Visibility,Low,1.0
ACC27683,04-01-2022,18:52,Telangana,Hyderabad,18.1722,78.549,National Highway,Cloudy,Dusk,35,Male,Car,60,No,No,No,Poor Weather Visibility,Medium,2.0
ACC27684,23-11-2024,21:47,Karnataka,Belagavi,15.4779,75.057,Expressway,Rainy,Night,34,Male,Bike,75,No,No,No,Poor Weather Visibility,Medium,4.0
ACC27685,17-08-2024,06:40,Kerala,Ernakulam,10.418,76.7277,City Road,Rainy,Day,33,Male,Bike,64,No,No,No,Poor Weather Visibility,Medium,2.0
ACC27686,27-04-2022,16:17,Telangana,Khammam,17.8782,78.8661,City Road,Rainy,Day,50,Male,Car,29,No,No,Yes,Poor Weather Visibility,Low,0.0
ACC27687,27-09-2023,22:08,Karnataka,Hubballi,15.5738,76.4869,State Highway,Cloudy,Night,35,Male,Auto,82,No,No,No,Over Speeding,Medium,6.0
ACC27688,03-05-2023,18:15,Andhra Pradesh,Visakhapatnam,15.8954,79.854,National Highway,Clear,Dusk,25,Male,Bus,62,No,No,No,Over Speeding,Low,1.0
ACC27689,20-12-2024,14:06,Telangana,Nizamabad,17.644,78.6783,State Highway,Clear,Day,33,Male,Car,58,No,No,No,Signal Jumping,Low,2.0
ACC27690,20-01-2024,10:23,Tamil Nadu,Chennai,11.0985,77.8424,Village Road,Clear,Day,29,Female,Car,66,Yes,No,Yes,Drunk Driving,High,4.0
ACC27691,23-02-2024,09:41,Karnataka,Bengaluru Urban,15.63,75.3118,City Road,Cloudy,Day,47,Female,Bike,49,No,No,Yes,Pothole/Bad Road,Medium,2.0
ACC27692,20-08-2023,17:32,Telangana,Karimnagar,18.1118,78.6578,City Road,Rainy,Dusk,18,Female,Bike,47,No,No,No,Poor Weather Visibility,Medium,1.0
ACC27693,30-11-2023,05:04,Kerala,Thiruvananthapuram,9.9989,77.0351,City Road,Clear,Dawn,37,Male,Auto,59,No,No,No,Signal Jumping,Low,2.0
ACC27694,31-10-2023,10:17,Tamil Nadu,Coimbatore,11.3449,78.7966,Village Road,Clear,Day,41,Male,Bike,48,No,No,No,Poor Weather Visibility,Low,0.0
ACC27695,29-09-2024,20:44,Tamil Nadu,Chennai,11.328,78.4111,City Road,Clear,Night,35,Male,Bike,63,Yes,No,No,Drunk Driving,Medium,4.0
ACC27696,09-10-2023,11:17,Tamil Nadu,Salem,10.3409,78.9005,State Highway,Clear,Day,46,Male,Bike,79,Yes,No,No,Drunk Driving,Medium,2.0
ACC27697,19-10-2023,19:43,Telangana,Karimnagar,18.2082,79.1013,City Road,Clear,Night,59,Female,Bike,46,No,No,No,Poor Weather Visibility,Low,1.0
ACC27698,17-04-2022,10:33,Tamil Nadu,Salem,11.1415,78.9196,City Road,Clear,Day,33,Male,Bike,23,No,No,No,Signal Jumping,Low,0.0
ACC27699,29-08-2022,18:42,Telangana,Khammam,17.8706,79.1223,National Highway,Rainy,Dusk,36,Female,Car,67,No,No,No,Poor Weather Visibility,Medium,3.0
ACC27700,26-02-2024,23:10,Andhra Pradesh,Nellore,15.4599,79.507,National Highway,Overcast,Night,30,Female,Car,101,Yes,No,No,Over Speeding,High,5.0
ACC27701,23-03-2022,10:51,Puducherry,Puducherry,11.8657,79.1135,National Highway,Clear,Day,45,Male,Bus,77,No,No,No,Over Speeding,Low,1.0
ACC27702,03-06-2022,16:35,Andhra Pradesh,Guntur,15.7488,80.3756,Village Road,Overcast,Day,41,Male,Car,28,No,No,No,Poor Weather Visibility,Low,2.0
ACC27703,23-08-2024,19:33,Karnataka,Belagavi,14.9096,75.2091,City Road,Cloudy,Night,51,Male,Bus,61,Yes,No,No,Drunk Driving,Medium,2.0
ACC27704,07-07-2024,09:23,Tamil Nadu,Chennai,10.7057,77.921,National Highway,Cloudy,Day,28,Male,Car,79,No,No,No,Over Speeding,Medium,4.0
ACC27705,04-04-2024,20:12,Puducherry,Puducherry,11.4263,79.5594,City Road,Overcast,Night,46,Male,Truck,72,No,Yes,No,Drowsy Driving,Medium,2.0
ACC27706,01-09-2022,01:48,Tamil Nadu,Salem,11.3341,78.2323,Village Road,Clear,Night,54,Male,Bike,55,No,No,No,Signal Jumping,Medium,2.0
ACC27707,23-10-2024,19:41,Andhra Pradesh,Guntur,16.179,79.469,Expressway,Rainy,Night,37,Female,Auto,82,No,No,No,Poor Weather Visibility,High,10.0
ACC27708,22-07-2024,20:23,Telangana,Warangal,17.8017,78.8072,City Road,Clear,Night,55,Male,Truck,51,No,No,No,Signal Jumping,Low,0.0
ACC27709,31-10-2024,18:23,Puducherry,Karaikal,11.9407,80.1217,City Road,Overcast,Dusk,39,Male,Car,52,No,No,No,Poor Weather Visibility,Medium,0.0
ACC27710,14-09-2022,22:40,Karnataka,Bengaluru Urban,15.5262,76.0507,National Highway,Rainy,Night,50,Male,Bike,43,No,No,No,Poor Weather Visibility,Low,0.0
ACC27711,29-11-2023,17:17,Tamil Nadu,Tiruchirappalli,10.3268,77.7805,City Road,Cloudy,Dusk,19,Male,Bike,41,Yes,No,No,Drunk Driving,Low,3.0
ACC27712,23-12-2022,18:42,Tamil Nadu,Madurai,11.2768,78.5143,National Highway,Cloudy,Dusk,44,Male,Bike,83,No,No,No,Over Speeding,High,
ACC27713,01-04-2023,17:54,Karnataka,Bengaluru Urban,15.1824,76.4725,City Road,Clear,Dusk,37,Male,Bike,52,No,No,No,Signal Jumping,Low,0.0
ACC27714,29-05-2023,18:57,Tamil Nadu,Madurai,10.5934,79.0075,Village Road,Cloudy,Dusk,28,Male,Bus,47,No,No,Yes,Pothole/Bad Road,Low,
ACC27715,07-08-2022,18:30,Andhra Pradesh,Kurnool,15.847,79.3655,State Highway,Clear,Dusk,32,Male,Car,43,No,No,No,Signal Jumping,Low,1.0
ACC27716,13-12-2023,06:35,Andhra Pradesh,Kurnool,15.7607,79.8929,City Road,Clear,Day,36,Male,Truck,61,No,Yes,No,Drowsy Driving,Low,2.0