Accident_ID,Date,Time,State,District,Latitude,Longitude,Road_Type,Weather,Light_Condition,Driver_Age,Driver_Gender,Vehicle_Type,Speed_kmph,Alcohol_Involved,Driver_Drowsy,Pothole_Involved,Cause_of_Accident,Severity,Casualties
ACC27717,18-03-2022,23:24,Karnataka,Bengaluru Urban,14.9992,75.7904,City Road,Clear,Night,19,Male,Bike,76,Yes,Yes,No,Drunk Driving,High,4.0
ACC27718,24-11-2022,10:27,Andhra Pradesh,Nellore,15.4076,79.9105,Village Road,Clear,Day,48,Male,Truck,36,Yes,No,No,Drunk Driving,Low,0.0
ACC27719,22-02-2024,13:30,Tamil Nadu,Salem,11.501,78.4845,Expressway,Clear,Day,52,Female,Auto,83,No,No,No,Over Speeding,High,4.0
ACC27720,25-02-2022,11:15,Karnataka,Mangaluru,14.3751,75.1874,State Highway,Cloudy,Day,23,Male,Bike,68,No,No,No,Poor Weather Visibility,Medium,1.0
ACC27721,01-11-2022,17:10,Karnataka,Mysuru,14.6553,75.8382,City Road,Cloudy,Dusk,42,Male,Auto,42,No,No,No,Poor Weather Visibility,Low,0.0
ACC27722,21-07-2022,10:01,Tamil Nadu,Madurai,10.8633,78.2266,Village Road,Cloudy,Day,18,Male,Bike,31,No,No,No,Poor Weather Visibility,Low,1.0
ACC27723,05-11-2022,20:08,Telangana,Hyderabad,17.5574,78.8326,City Road,Clear,Night,33,Male,Car,55,No,No,Yes,Pothole/Bad Road,Medium,4.0
ACC27724,26-07-2022,11:43,Andhra Pradesh,Kurnool,15.8684,80.2748,State Highway,Foggy,Day,26,Male,Bike,51,No,No,No,Poor Weather Visibility,Medium,2.0
ACC27725,15-08-2022,12:01,Karnataka,Bengaluru Urban,15.6841,76.1135,State Highway,Clear,Day,48,Male,Bus,64,Yes,No,No,Drunk Driving,Medium,8.0
ACC27726,10-12-2022,09:45,Karnataka,Hubballi,14.8393,75.9214,National Highway,Clear,Day,19,Male,Car,81,Yes,Yes,No,Drunk Driving,High,7.0
ACC27727,19-01-2024,18:55,Telangana,Karimnagar,18.2841,79.7208,Village Road,Rainy,Dusk,63,Male,Auto,30,No,No,Yes,Poor Weather Visibility,Medium,2.0
ACC27728,13-08-2024,13:10,Andhra Pradesh,Kurnool,15.6169,79.7371,State Highway,Cloudy,Day,51,Male,Car,63,No,No,Yes,Pothole/Bad Road,Low,0.0
ACC27729,24-03-2023,08:08,Tamil Nadu,Tiruchirappalli,11.693,78.3073,Village Road,Overcast,Day,27,Male,Bike,27,No,No,No,Signal Jumping,Low,1.0
ACC27730,29-07-2022,00:30,Karnataka,Bengaluru Urban,16.1341,75.502,Village Road,Rainy,Night,41,Male,Car,28,No,No,No,Poor Weather Visibility,Low,0.0
ACC27731,21-11-2022,09:10,Tamil Nadu,Salem,11.063,78.4734,City Road,Overcast,Day,43,Male,Bike,58,No,No,No,Poor Weather Visibility,Low,0.0
ACC27732,07-01-2024,11:24,Karnataka,Bengaluru Urban,15.1735,75.7794,City Road,Clear,Day,49,Female,Car,81,Yes,No,No,Drunk Driving,High,3.0
ACC27733,16-11-2024,15:13,Andhra Pradesh,Vijayawada,16.0928,79.8577,State Highway,Rainy,Day,57,Female,Auto,60,No,No,No,Poor Weather Visibility,Low,4.0
ACC27734,22-01-2024,13:28,Karnataka,Belagavi,15.0996,76.2175,National Highway,Overcast,Day,35,Male,Bike,83,No,No,No,Over Speeding,Medium,7.0
ACC27735,17-06-2023,20:02,Telangana,Nizamabad,18.2467,79.2403,National Highway,Rainy,Night,47,Male,Auto,54,No,No,No,Poor Weather Visibility,Medium,3.0
ACC27736,20-08-2023,14:49,Tamil Nadu,Chennai,10.7805,78.5693,National Highway,Clear,Day,37,Male,Bike,50,No,No,No,Poor Weather Visibility,Low,3.0
ACC27737,03-09-2022,11:27,Telangana,Hyderabad,18.4162,79.4633,City Road,Overcast,Day,55,Male,Auto,44,No,No,Yes,Pothole/Bad Road,Low,1.0
ACC27738,12-12-2023,08:54,Tamil Nadu,Chennai,10.8821,78.378,State Highway,Cloudy,Day,20,Male,Bike,66,No,No,No,Poor Weather Visibility,Medium,4.0
ACC27739,06-07-2024,12:34,Kerala,Kozhikode,9.9223,76.965,City Road,Clear,Day,31,Male,Car,61,Yes,No,Yes,Drunk Driving,Low,1.0
ACC27740,31-03-2024,16:23,Andhra Pradesh,Guntur,15.6905,78.6718,City Road,Rainy,Day,43,Male,Car,67,Yes,No,No,Poor Weather Visibility,Medium,6.0
ACC27741,09-03-2023,13:27,Andhra Pradesh,Guntur,15.7157,80.0624,National Highway,Rainy,Day,57,Male,Bike,69,No,No,Yes,Poor Weather Visibility,Medium,5.0
ACC27742,27-01-2024,22:08,Tamil Nadu,Salem,11.484,78.6413,State Highway,Clear,Night,43,Male,Truck,44,No,No,Yes,Pothole/Bad Road,Low,0.0
ACC27743,02-05-2024,12:30,Telangana,Warangal,19.4361,78.0646,City Road,Clear,Day,45,Male,Car,53,No,No,No,Signal Jumping,Low,1.0
ACC27744,24-06-2023,07:04,Karnataka,Bengaluru Urban,15.3714,75.3837,Village Road,Overcast,Day,37,Female,Car,45,Yes,No,No,Drunk Driving,Low,2.0
ACC27745,24-09-2023,07:52,Kerala,Ernakulam,9.9035,75.7533,National Highway,Cloudy,Day,28,Male,Bike,58,No,No,No,Poor Weather Visibility,Medium,2.0
ACC27746,12-09-2022,15:49,Telangana,Nizamabad,17.9085,79.7257,Expressway,Clear,Day,32,Male,Auto,74,No,No,No,Over Speeding,Medium,2.0
ACC27747,12-05-2023,17:34,Kerala,Kozhikode,10.3524,76.059,National Highway,Foggy,Dusk,39,Male,Bus,64,No,No,No,Poor Weather Visibility,Medium,5.0
ACC27748,15-07-2024,21:01,Karnataka,Bengaluru Urban,15.3499,75.6073,National Highway,Rainy,Night,25,Male,Car,74,No,No,No,Poor Weather Visibility,Medium,2.0
ACC27749,20-01-2023,08:15,Karnataka,Hubballi,15.4376,76.2022,City Road,Cloudy,Day,44,Female,Bike,56,Yes,No,No,Drunk Driving,Medium,2.0
ACC27750,02-12-2024,17:11,Telangana,Karimnagar,17.8613,79.2009,City Road,Clear,Dusk,44,Male,Truck,41,No,Yes,No,Drowsy Driving,Low,1.0
ACC27751,21-08-2024,18:33,Karnataka,Belagavi,15.1714,75.0892,State Highway,Cloudy,Dusk,54,Male,Bike,83,No,No,Yes,Over Speeding,High,7.0
ACC27752,11-02-2023,17:38,Kerala,Ernakulam,10.3939,75.6856,Expressway,Clear,Dusk,55,Male,Bus,86,No,No,No,Over Speeding,Medium,3.0
ACC27753,02-11-2023,08:47,Tamil Nadu,Madurai,12.0191,78.3844,National Highway,Clear,Day,38,Male,Bike,74,No,No,No,Over Speeding,Medium,1.0
ACC27754,09-05-2022,20:39,Karnataka,Bengaluru Urban,15.1323,75.2318,City Road,Rainy,Night,18,Male,Bike,52,No,Yes,No,Poor Weather Visibility,High,6.0
ACC27755,24-01-2024,20:31,Tamil Nadu,Chennai,11.2344,79.2642,City Road,Overcast,Night,35,Male,Bus,44,Yes,Yes,No,Drunk Driving,Medium,0.0
ACC27756,30-01-2022,17:15,Telangana,Khammam,16.9994,79.0169,City Road,Rainy,Dusk,29,Female,Car,41,No,No,No,Poor Weather Visibility,Low,1.0
ACC27757,27-02-2024,18:28,Tamil Nadu,Tiruchirappalli,11.3099,78.4492,Expressway,Cloudy,Dusk,28,Male,Auto,83,No,Yes,No,Over Speeding,High,6.0
ACC27758,30-04-2023,10:52,Tamil Nadu,Madurai,10.4912,78.4568,Village Road,Cloudy,Day,34,Male,Car,38,No,No,Yes,Pothole/Bad Road,Low,
ACC27759,15-01-2023,18:06,Tamil Nadu,Salem,11.4707,78.4547,City Road,Clear,Dusk,39,Male,Car,55,No,Yes,Yes,Drowsy Driving,Medium,1.0
ACC27760,05-12-2024,22:14,Tamil Nadu,Madurai,11.4923,78.7351,Village Road,Rainy,Night,25,Male,Bike,63,Yes,No,Yes,Poor Weather Visibility,High,9.0
ACC27761,05-01-2023,06:35,Telangana,Karimnagar,17.99,78.8671,National Highway,Clear,Day,18,Female,Bus,69,No,Yes,No,Drowsy Driving,Medium,2.0
ACC27762,22-04-2023,19:28,Kerala,Kozhikode,10.4238,76.2809,City Road,Clear,Night,32,Male,Bus,51,Yes,Yes,No,Drunk Driving,Medium,2.0
ACC27763,08-05-2024,19:59,Tamil Nadu,Tiruchirappalli,10.448,79.082,National Highway,Rainy,Night,26,Male,Truck,97,Yes,No,No,Over Speeding,High,4.0
ACC27764,01-10-2024,18:30,Kerala,Thrissur,10.1864,76.2456,Village Road,Rainy,Dusk,58,Male,Car,44,No,Yes,Yes,Poor Weather Visibility,Low,2.0
ACC27765,08-03-2022,14:47,Andhra Pradesh,Guntur,16.1301,79.352,State Highway,Clear,Day,54,Male,Bike,79,Yes,No,No,Drunk Driving,Medium,5.0
ACC27766,18-07-2022,07:54,Tamil Nadu,Salem,10.9301,78.0204,National Highway,Clear,Day,43,Male,Car,67,No,No,No,Over Speeding,Low,0.0
ACC27767,14-11-2022,15:26,Andhra Pradesh,Visakhapatnam,16.165,80.4091,Village Road,Clear,Day,27,Male,Auto,48,Yes,No,No,Drunk Driving,Medium,7.0
ACC27768,28-08-2024,18:50,Karnataka,Belagavi,14.8194,75.7808,National Highway,Clear,Dusk,59,Male,Bike,90,Yes,No,No,Over Speeding,High,4.0
ACC27769,08-12-2023,10:43,Karnataka,Hubballi,15.1987,75.1993,City Road,Rainy,Day,68,Male,Bike,45,No,No,No,Poor Weather Visibility,Medium,0.0
ACC27770,05-07-2024,10:14,Telangana,Khammam,17.3104,78.8867,State Highway,Cloudy,Day,49,Male,Car,66,No,No,No,Poor Weather Visibility,Low,
ACC27771,05-01-2022,12:48,Telangana,Nizamabad,18.0086,78.3935,City Road,Cloudy,Day,43,Male,Bus,55,No,No,No,Signal Jumping,Low,2.0
ACC27772,18-04-2022,08:19,Puducherry,Puducherry,12.2689,79.0961,City Road,Cloudy,Day,48,Female,Auto,56,No,Yes,No,Drowsy Driving,Low,1.0
ACC27773,28-01-2022,17:32,Karnataka,Belagavi,15.5919,76.6513,Village Road,Clear,Dusk,53,Male,Bike,39,No,No,No,Poor Weather Visibility,Low,1.0
ACC27774,20-12-2024,22:02,Andhra Pradesh,Visakhapatnam,16.0167,79.852,National Highway,Rainy,Night,51,Male,Car,74,No,Yes,No,Poor Weather Visibility,High,2.0
ACC27775,16-10-2024,04:21,Andhra Pradesh,Nellore,16.5353,79.4081,City Road,Rainy,Night,54,Male,Car,48,No,No,No,Poor Weather Visibility,Medium,1.0
ACC27776,05-05-2024,12:30,Telangana,Warangal,17.3784,78.5703,Village Road,Clear,Day,44,Male,Car,56,No,No,No,Signal Jumping,Medium,1.0
ACC27777,28-03-2022,19:34,Andhra Pradesh,Guntur,15.5657,79.8227,Expressway,Clear,Night,70,Female,Bike,94,No,Yes,No,Over Speeding,High,8.0
ACC27778,13-03-2024,07:46,Telangana,Karimnagar,17.9218,79.6224,City Road,Overcast,Day,57,Male,Bike,35,No,No,Yes,Pothole/Bad Road,Low,0.0
ACC27779,11-07-2023,15:44,Telangana,Warangal,18.2698,78.8286,State Highway,Foggy,Day,33,Male,Bike,61,No,No,No,Poor Weather Visibility,Medium,3.0
ACC27780,02-02-2024,12:59,Tamil Nadu,Madurai,11.0952,79.1511,Village Road,Clear,Day,48,Female,Bike,49,No,Yes,No,Drowsy Driving,Low,0.0
ACC27781,02-09-2024,20:21,Tamil Nadu,Chennai,10.9138,78.7747,Village Road,Cloudy,Night,36,Male,Car,59,No,No,No,Poor Weather Visibility,Medium,8.0
ACC27782,18-01-2022,10:05,Karnataka,Mysuru,15.7254,75.5592,State Highway,Rainy,Day,38,Female,Car,89,No,Yes,Yes,Over Speeding,High,6.0
ACC27783,10-09-2024,00:48,Telangana,Khammam,17.1749,79.0485,City Road,Clear,Night,55,Male,Car,66,Yes,No,Yes,Signal Jumping,High,3.0
ACC27784,12-01-2023,10:24,Andhra Pradesh,Nellore,15.7169,79.6906,City Road,Cloudy,Day,42,Male,Car,51,No,No,No,Poor Weather Visibility,Low,0.0
ACC27785,09-01-2022,07:28,Kerala,Thrissur,9.5368,76.7609,National Highway,Overcast,Day,39,Male,Bike,63,Yes,No,No,Drunk Driving,Medium,5.0
ACC27786,03-12-2023,11:48,Karnataka,Belagavi,14.9667,75.97,State Highway,Foggy,Day,18,Male,Bike,66,Yes,No,No,Poor Weather Visibility,High,6.0
ACC27787,19-06-2023,09:22,Karnataka,Mysuru,14.9668,76.2584,National Highway,Clear,Day,52,Male,Auto,76,No,No,No,Over Speeding,Medium,1.0
ACC27788,06-02-2022,17:28,Kerala,Kozhikode,10.236,75.5169,City Road,Clear,Dusk,34,Male,Car,48,No,No,No,Poor Weather Visibility,Low,1.0
ACC27789,26-03-2023,21:05,Andhra Pradesh,Kurnool,16.0457,79.6445,National Highway,Rainy,Night,46,Male,Auto,85,No,Yes,No,Poor Weather Visibility,High,7.0
ACC27790,22-05-2022,14:52,Telangana,Warangal,17.445,78.5968,State Highway,Clear,Day,18,Male,Bike,64,No,No,No,Over Speeding,Medium,4.0
ACC27791,16-01-2022,04:24,Tamil Nadu,Chennai,10.737,78.1697,State Highway,Rainy,Night,53,Male,Auto,59,No,Yes,Yes,Poor Weather Visibility,High,7.0
ACC27792,26-02-2023,13:59,Kerala,Ernakulam,10.6851,76.3851,State Highway,Foggy,Day,43,Male,Car,57,No,No,No,Poor Weather Visibility,Low,2.0
ACC27793,28-01-2023,14:08,Kerala,Thiruvananthapuram,10.1542,76.2697,Village Road,Clear,Day,49,Male,Car,29,No,No,No,Poor Weather Visibility,Low,0.0
ACC27794,18-11-2024,01:31,Andhra Pradesh,Vijayawada,15.7051,80.1676,Expressway,Clear,Night,47,Male,Auto,86,No,No,No,Over Speeding,High,8.0
ACC27795,12-11-2023,16:36,Kerala,Thiruvananthapuram,9.8881,76.0719,Expressway,Overcast,Day,53,Male,Truck,97,No,No,No,Over Speeding,Medium,1.0
ACC27796,28-04-2022,02:08,Andhra Pradesh,Visakhapatnam,15.3877,79.4923,Village Road,Rainy,Night,26,Male,Car,29,No,Yes,No,Poor Weather Visibility,Low,0.0
ACC27797,25-11-2022,09:41,Andhra Pradesh,Visakhapatnam,15.7245,79.8514,Village Road,Clear,Day,29,Male,Auto,50,No,No,Yes,Pothole/Bad Road,Low,0.0
ACC27798,18-12-2023,21:59,Tamil Nadu,Chennai,11.8077,79.3242,City Road,Overcast,Night,45,Male,Car,48,No,No,No,Poor Weather Visibility,Low,0.0
ACC27799,04-01-2024,01:49,Andhra Pradesh,Guntur,15.2761,80.1517,Expressway,Clear,Night,46,Male,Bike,79,No,No,Yes,Over Speeding,High,0.0
ACC27800,21-02-2023,12:52,Tamil Nadu,Salem,11.0625,78.7894,City Road,Rainy,Day,31,Female,Bus,54,No,No,No,Poor Weather Visibility,Low,2.0
ACC27801,17-07-2023,08:05,Telangana,Nizamabad,18.3233,78.8029,State Highway,Cloudy,Day,32,Male,Car,50,No,No,Yes,Pothole/Bad Road,Low,
ACC27802,10-09-2023,18:22,Karnataka,Bengaluru Urban,14.7068,75.4206,Village Road,Rainy,Dusk,38,Male,Car,38,No,No,No,Poor Weather Visibility,Low,0.0
ACC27803,13-03-2023,08:39,Karnataka,Mangaluru,15.5683,75.2715,National Highway,Clear,Day,20,Male,Car,46,No,No,No,Signal Jumping,Low,0.0
ACC27804,27-01-2022,19:05,Karnataka,Belagavi,15.1553,75.6107,City Road,Clear,Night,23,Male,Bus,58,Yes,No,No,Drunk Driving,Medium,1.0
ACC27805,24-08-2023,20:00,Karnataka,Bengaluru Urban,15.3677,75.0263,State Highway,Clear,Night,38,Female,Car,98,Yes,Yes,No,Over Speeding,High,2.0
ACC27806,21-11-2023,18:44,Tamil Nadu,Chennai,10.9338,78.285,State Highway,Cloudy,Dusk,24,Male,Bike,68,No,No,No,Signal Jumping,High,5.0
ACC27807,17-11-2022,13:15,Kerala,Kozhikode,10.6052,76.6045,City Road,Clear,Day,29,Male,Car,55,No,No,No,Poor Weather Visibility,Low,0.0
ACC27808,27-09-2024,20:37,Kerala,Thiruvananthapuram,10.331,75.6503,National Highway,Overcast,Night,24,Male,Bike,74,Yes,No,No,Drunk Driving,High,2.0
ACC27809,03-02-2024,02:21,Karnataka,Hubballi,14.8861,75.2142,Village Road,Cloudy,Night,27,Female,Auto,47,No,No,Yes,Pothole/Bad Road,Medium,3.0
ACC27810,15-04-2023,18:34,Puducherry,Karaikal,12.1922,79.5012,Expressway,Rainy,Dusk,26,Male,Bus,113,No,No,No,Over Speeding,High,4.0
ACC27811,06-05-2022,16:53,Tamil Nadu,Tiruchirappalli,11.0934,78.4648,State Highway,Overcast,Day,18,Male,Car,54,Yes,No,No,Drunk Driving,Medium,2.0
ACC27812,22-06-2022,10:30,Kerala,Thiruvananthapuram,10.0744,76.2455,Village Road,Rainy,Day,40,Male,Bike,46,Yes,No,No,Poor Weather Visibility,Medium,1.0
ACC27813,03-01-2024,13:19,Karnataka,Mangaluru,16.2912,75.4529,Village Road,Cloudy,Day,56,Male,Bike,46,No,No,No,Poor Weather Visibility,Low,1.0
ACC27814,07-07-2023,14:23,Karnataka,Mangaluru,15.5669,75.5407,State Highway,Rainy,Day,46,Female,Bike,66,No,No,Yes,Poor Weather Visibility,Medium,4.0
ACC27815,04-10-2023,05:26,Kerala,Kozhikode,10.8745,76.5903,City Road,Foggy,Dawn,50,Male,Car,43,Yes,No,Yes,Poor Weather Visibility,High,4.0
ACC27816,06-07-2022,00:17,Kerala,Thrissur,10.327,75.9711,National Highway,Clear,Night,18,Male,Bike,36,No,No,No,Signal Jumping,Low,3.0
ACC27817,17-08-2022,13:50,Tamil Nadu,Tiruchirappalli,10.8226,78.7452,City Road,Clear,Day,27,Male,Bike,34,No,No,No,Signal Jumping,Low,0.0
ACC27818,12-07-2022,18:52,Karnataka,Mysuru,15.093,75.6231,State Highway,Foggy,Dusk,18,Female,Car,66,No,No,No,Poor Weather Visibility,Medium,2.0
ACC27819,07-02-2023,17:57,Telangana,Khammam,17.4944,78.7834,City Road,Clear,Dusk,53,Male,Bike,60,No,Yes,No,Drowsy Driving,Medium,1.0
ACC27820,04-11-2024,04:50,Andhra Pradesh,Kurnool,15.5889,80.064,Village Road,Clear,Night,18,Male,Bike,40,No,No,Yes,Pothole/Bad Road,Low,0.0
ACC27821,25-10-2024,17:29,Tamil Nadu,Coimbatore,10.6702,78.0972,Expressway,Clear,Dusk,38,Male,Bike,85,Yes,No,No,Drunk Driving,High,3.0
ACC27822,05-08-2024,19:05,Puducherry,Karaikal,12.0484,79.9172,National Highway,Rainy,Night,37,Male,Car,93,Yes,Yes,No,Over Speeding,High,6.0
ACC27823,27-06-2024,19:35,Tamil Nadu,Tiruchirappalli,11.2426,78.5584,City Road,Overcast,Night,67,Female,Bike,36,No,No,No,Poor Weather Visibility,Low,1.0
ACC27824,04-02-2022,12:20,Karnataka,Mysuru,15.5299,76.0876,City Road,Rainy,Day,27,Male,Bike,36,No,No,No,Poor Weather Visibility,Medium,1.0
ACC27825,23-03-2023,08:27,Karnataka,Hubballi,15.6126,75.4361,National Highway,Clear,Day,38,Male,Car,81,No,No,No,Over Speeding,Low,0.0
ACC27826,04-01-2024,03:17,Telangana,Warangal,18.445,78.5732,City Road,Clear,Night,39,Male,Bus,36,No,No,No,Signal Jumping,Low,1.0
ACC27827,20-04-2024,05:19,Andhra Pradesh,Nellore,16.0454,79.731,City Road,Overcast,Dawn,54,Male,Car,47,No,No,No,Poor Weather Visibility,Low,1.0
ACC27828,17-10-2022,15:12,Kerala,Thrissur,10.5794,76.3951,City Road,Clear,Day,48,Male,Car,54,No,No,No,Signal Jumping,Low,3.0
ACC27829,27-06-2024,16:51,Puducherry,Karaikal,12.0679,79.321,Village Road,Clear,Day,27,Male,Truck,35,No,No,No,Signal Jumping,Low,1.0
ACC27830,03-07-2022,10:50,Karnataka,Bengaluru Urban,15.3881,75.6174,National Highway,Rainy,Day,33,Female,Truck,71,No,Yes,No,Poor Weather Visibility,Medium,1.0
ACC27831,19-04-2024,16:11,Kerala,Thrissur,10.5069,75.664,City Road,Cloudy,Day,19,Male,Truck,47,No,No,No,Poor Weather Visibility,Low,0.0
ACC27832,21-02-2023,18:17,Karnataka,Hubballi,15.4205,75.7251,Village Road,Overcast,Dusk,20,Female,Truck,27,No,No,No,Poor Weather Visibility,Low,2.0
ACC27833,22-03-2023,09:56,Tamil Nadu,Chennai,11.2477,79.3947,City Road,Clear,Day,32,Male,Car,43,No,No,No,Signal Jumping,Low,1.0
ACC27834,26-11-2023,04:41,Andhra Pradesh,Guntur,15.7296,79.9244,Village Road,Rainy,Night,28,Male,Auto,48,Yes,No,No,Poor Weather Visibility,Medium,7.0
ACC27835,18-07-2022,16:15,Puducherry,Karaikal,11.4646,79.6863,National Highway,Rainy,Day,61,Female,Car,85,No,No,No,Poor Weather Visibility,High,5.0
ACC27836,06-10-2022,08:27,Tamil Nadu,Tiruchirappalli,11.1753,78.4779,National Highway,Rainy,Day,30,Female,Truck,91,Yes,Yes,Yes,Over Speeding,High,9.0
ACC27837,16-04-2023,11:52,Telangana,Nizamabad,17.6205,79.1524,City Road,Clear,Day,43,Male,Bus,63,No,No,No,Over Speeding,Low,1.0
ACC27838,11-09-2023,17:44,Kerala,Thiruvananthapuram,10.3843,76.6578,Expressway,Overcast,Dusk,38,Male,Truck,63,No,No,No,Poor Weather Visibility,Medium,4.0
ACC27839,21-12-2022,15:55,Telangana,Karimnagar,18.1086,78.4763,State Highway,Clear,Day,47,Male,Bike,69,No,No,No,Over Speeding,Medium,
ACC27840,11-05-2022,17:39,Tamil Nadu,Tiruchirappalli,10.5164,78.7048,State Highway,Clear,Dusk,40,Male,Auto,78,No,No,No,Over Speeding,Medium,3.0
ACC27841,28-12-2024,08:31,Kerala,Kollam,10.7281,76.6646,City Road,Clear,Day,27,Male,Bike,62,No,No,No,Over Speeding,Low,1.0
ACC27842,13-10-2024,19:23,Puducherry,Puducherry,12.3062,79.1413,City Road,Rainy,Night,49,Male,Bike,71,Yes,Yes,No,Poor Weather Visibility,High,2.0
ACC27843,10-08-2023,23:04,Kerala,Kollam,10.5691,76.8069,City Road,Clear,Night,44,Male,Bike,45,No,Yes,No,Drowsy Driving,Low,1.0
ACC27844,10-11-2024,07:41,Tamil Nadu,Madurai,11.189,79.2874,State Highway,Cloudy,Day,20,Male,Car,59,No,No,No,Poor Weather Visibility,Medium,2.0
ACC27845,28-09-2023,13:21,Telangana,Warangal,18.2352,79.1416,State Highway,Cloudy,Day,18,Male,Bike,62,Yes,No,No,Drunk Driving,High,7.0
ACC27846,02-02-2023,16:55,Karnataka,Belagavi,15.8572,75.1082,City Road,Clear,Day,67,Female,Auto,37,No,No,No,Poor Weather Visibility,Low,1.0
ACC27847,15-09-2024,02:46,Telangana,Khammam,17.6582,78.9893,National Highway,Clear,Night,46,Male,Car,65,Yes,No,No,Signal Jumping,Medium,0.0
ACC27848,04-08-2024,12:29,Karnataka,Mysuru,15.6408,76.2279,State Highway,Overcast,Day,40,Female,Bike,66,Yes,Yes,No,Drunk Driving,High,6.0
ACC27849,28-12-2022,21:15,Kerala,Ernakulam,10.308,75.8033,State Highway,Rainy,Night,45,Male,Car,55,Yes,No,No,Poor Weather Visibility,High,7.0
ACC27850,11-07-2023,14:53,Karnataka,Mangaluru,15.4717,75.6941,State Highway,Overcast,Day,55,Male,Auto,70,No,No,No,Poor Weather Visibility,Medium,1.0
ACC27851,12-11-2024,17:36,Andhra Pradesh,Visakhapatnam,16.0061,79.7012,National Highway,Clear,Dusk,53,Male,Car,52,No,No,No,Poor Weather Visibility,Low,1.0
ACC27852,15-09-2022,15:04,Andhra Pradesh,Kurnool,15.9146,80.0158,Village Road,Clear,Day,39,Male,Auto,26,No,No,Yes,Pothole/Bad Road,Low,
ACC27853,23-09-2023,23:30,Karnataka,Mangaluru,14.5036,75.9417,Village Road,Rainy,Night,47,Male,Car,46,No,No,No,Poor Weather Visibility,Low,3.0
ACC27854,15-07-2022,18:50,Tamil Nadu,Salem,11.0164,78.618,Expressway,Overcast,Dusk,45,Male,Car,70,No,No,Yes,Pothole/Bad Road,Medium,3.0
ACC27855,17-07-2023,16:40,Karnataka,Hubballi,15.4512,75.7919,National Highway,Clear,Day,49,Male,Bike,81,Yes,No,No,Drunk Driving,High,6.0
ACC27856,19-03-2022,19:36,Kerala,Thiruvananthapuram,10.5533,76.0659,State Highway,Cloudy,Night,28,Male,Bus,68,No,Yes,No,Drowsy Driving,Medium,3.0
ACC27857,04-11-2022,16:34,Kerala,Thiruvananthapuram,10.274,76.4844,City Road,Clear,Day,33,Male,Car,35,No,No,No,Signal Jumping,Low,1.0
ACC27858,20-01-2023,06:06,Telangana,Nizamabad,17.9715,79.3076,City Road,Overcast,Day,27,Male,Bike,66,Yes,No,Yes,Drunk Driving,High,8.0
ACC27859,04-01-2023,20:35,Telangana,Khammam,18.3255,79.6479,State Highway,Clear,Night,27,Male,Auto,63,No,No,No,Over Speeding,Medium,3.0
ACC27860,21-12-2024,18:10,Karnataka,Mangaluru,14.7539,75.1597,Expressway,Cloudy,Dusk,28,Male,Car,93,Yes,No,No,Over Speeding,High,6.0
ACC27861,26-11-2022,12:44,Tamil Nadu,Tiruchirappalli,11.0692,78.5891,City Road,Cloudy,Day,56,Male,Truck,36,No,No,No,Poor Weather Visibility,Low,1.0
ACC27862,22-11-2023,20:17,Karnataka,Bengaluru Urban,15.5788,76.0188,State Highway,Foggy,Night,18,Female,Car,93,Yes,No,No,Poor Weather Visibility,High,5.0
ACC27863,14-11-2024,09:13,Telangana,Nizamabad,17.0753,78.8159,City Road,Clear,Day,41,Female,Bike,47,No,No,No,Poor Weather Visibility,Low,2.0
ACC27864,17-05-2024,05:39,Kerala,Thiruvananthapuram,10.9783,76.2833,Village Road,Clear,Dawn,50,Female,Car,41,No,No,No,Signal Jumping,Low,0.0
ACC27865,04-09-2022,13:26,Kerala,Thrissur,10.3608,75.5992,City Road,Overcast,Day,32,Male,Bike,77,Yes,No,No,Drunk Driving,High,3.0
ACC27866,22-12-2024,23:02,Telangana,Nizamabad,17.9735,78.9606,State Highway,Overcast,Night,53,Male,Auto,52,Yes,No,No,Drunk Driving,Medium,2.0
ACC27867,21-11-2022,16:36,Karnataka,Bengaluru Urban,15.2066,75.4342,State Highway,Rainy,Day,32,Male,Car,63,No,No,No,Poor Weather Visibility,Low,1.0
ACC27868,10-07-2024,07:12,Tamil Nadu,Chennai,10.8973,79.2421,Village Road,Rainy,Day,41,Male,Bus,18,No,No,Yes,Poor Weather Visibility,Low,2.0
ACC27869,01-04-2024,16:31,Karnataka,Mysuru,15.8519,74.7161,City Road,Clear,Day,67,Female,Bike,56,No,No,No,Poor Weather Visibility,Low,0.0
ACC27870,28-07-2022,06:12,Kerala,Thrissur,10.3726,75.9233,National Highway,Clear,Day,19,Male,Bike,77,No,No,No,Over Speeding,Medium,3.0
ACC27871,05-05-2023,13:35,Tamil Nadu,Chennai,10.6199,78.6079,City Road,Cloudy,Day,31,Female,Auto,22,No,No,Yes,Pothole/Bad Road,Low,1.0
ACC27872,09-05-2023,07:57,Karnataka,Mysuru,15.5692,75.2616,National Highway,Clear,Day,34,Male,Bike,68,No,No,No,Over Speeding,Medium,
ACC27873,23-03-2024,16:53,Telangana,Nizamabad,17.4661,78.892,Village Road,Overcast,Day,49,Male,Car,51,No,No,No,Poor Weather Visibility,Low,2.0