Accident_ID,Date,Time,State,District,Latitude,Longitude,Road_Type,Weather,Light_Condition,Driver_Age,Driver_Gender,Vehicle_Type,Speed_kmph,Alcohol_Involved,Driver_Drowsy,Pothole_Involved,Cause_of_Accident,Severity,Casualties
ACC27874,04-12-2022,01:34,Puducherry,Karaikal,11.6566,80.466,City Road,Rainy,Night,43,Male,Auto,64,Yes,No,No,Poor Weather Visibility,High,10.0
ACC27875,19-04-2022,23:27,Andhra Pradesh,Kurnool,15.6002,79.9962,State Highway,Clear,Night,39,Male,Car,51,No,No,No,Signal Jumping,Low,0.0
ACC27876,06-08-2022,11:49,Andhra Pradesh,Visakhapatnam,16.503,80.3819,State Highway,Foggy,Day,53,Male,Bike,64,No,Yes,No,Poor Weather Visibility,High,5.0
ACC27877,15-10-2024,06:13,Karnataka,Belagavi,15.1067,75.2757,City Road,Clear,Day,37,Male,Auto,49,No,No,No,Signal Jumping,Low,2.0
ACC27878,27-02-2022,18:05,Andhra Pradesh,Nellore,15.6788,79.1271,Village Road,Cloudy,Dusk,29,Male,Truck,38,No,No,Yes,Pothole/Bad Road,Low,2.0
ACC27879,01-08-2024,19:50,Telangana,Karimnagar,18.2633,79.513,National Highway,Cloudy,Night,46,Male,Bike,78,No,Yes,No,Drowsy Driving,High,7.0
ACC27880,09-02-2023,10:18,Tamil Nadu,Salem,11.3204,78.7721,Village Road,Clear,Day,41,Male,Bike,60,Yes,No,Yes,Drunk Driving,Medium,2.0
ACC27881,30-08-2024,00:13,Karnataka,Mysuru,16.122,76.019,State Highway,Clear,Night,53,Male,Auto,62,No,No,Yes,Pothole/Bad Road,Medium,2.0
ACC27882,31-05-2022,11:32,Kerala,Ernakulam,9.6185,76.0764,State Highway,Cloudy,Day,34,Male,Auto,40,No,No,No,Poor Weather Visibility,Low,2.0
ACC27883,01-03-2022,07:58,Telangana,Warangal,18.27,78.5318,Village Road,Cloudy,Day,62,Male,Truck,59,No,Yes,Yes,Drowsy Driving,Medium,3.0
ACC27884,01-09-2023,11:25,Karnataka,Mangaluru,15.7057,75.8959,National Highway,Cloudy,Day,46,Male,Bike,52,No,No,No,Poor Weather Visibility,Low,0.0
ACC27885,06-01-2023,17:45,Tamil Nadu,Salem,10.454,77.6801,Expressway,Foggy,Dusk,44,Female,Truck,84,No,Yes,No,Poor Weather Visibility,High,9.0
ACC27886,29-01-2023,13:23,Telangana,Khammam,18.0797,79.3717,Village Road,Clear,Day,43,Male,Car,54,No,No,Yes,Pothole/Bad Road,Low,1.0
ACC27887,29-08-2022,07:57,Andhra Pradesh,Guntur,16.4508,79.3042,City Road,Cloudy,Day,32,Male,Car,24,No,No,Yes,Pothole/Bad Road,Low,2.0
ACC27888,19-03-2024,08:50,Tamil Nadu,Tiruchirappalli,11.025,78.5631,Village Road,Clear,Day,49,Male,Bike,45,No,No,No,Signal Jumping,Low,0.0
ACC27889,14-07-2023,08:21,Karnataka,Belagavi,14.6329,75.2945,Village Road,Clear,Day,26,Female,Truck,56,No,No,Yes,Pothole/Bad Road,Low,1.0
ACC27890,30-04-2024,08:41,Karnataka,Bengaluru Urban,15.0674,75.9362,City Road,Clear,Day,57,Male,Bike,35,No,No,No,Signal Jumping,Low,0.0
ACC27891,14-08-2022,07:25,Tamil Nadu,Madurai,11.2048,78.6964,National Highway,Clear,Day,49,Male,Car,77,No,No,No,Over Speeding,Medium,1.0
ACC27892,07-04-2023,19:22,Telangana,Warangal,17.4335,78.9613,National Highway,Clear,Night,46,Male,Bike,58,No,No,No,Poor Weather Visibility,Medium,3.0
ACC27893,27-08-2022,17:11,Tamil Nadu,Tiruchirappalli,10.8164,78.6335,Village Road,Clear,Dusk,24,Male,Car,35,No,No,Yes,Pothole/Bad Road,Low,2.0
ACC27894,08-03-2023,06:33,Tamil Nadu,Coimbatore,11.0337,79.1213,National Highway,Cloudy,Day,30,Male,Bike,56,No,No,No,Poor Weather Visibility,Medium,3.0
ACC27895,08-12-2023,07:51,Karnataka,Bengaluru Urban,15.6429,75.3814,Village Road,Overcast,Day,37,Male,Bus,30,No,No,Yes,Pothole/Bad Road,Low,1.0
ACC27896,15-02-2022,02:56,Karnataka,Bengaluru Urban,15.8664,74.9107,City Road,Overcast,Night,18,Male,Bike,50,No,No,No,Poor Weather Visibility,Medium,2.0
ACC27897,18-09-2023,13:45,Puducherry,Karaikal,11.9472,79.2295,State Highway,Clear,Day,18,Female,Car,66,No,No,No,Signal Jumping,Medium,2.0
ACC27898,20-07-2023,22:18,Telangana,Warangal,18.1181,79.5133,City Road,Rainy,Night,47,Male,Car,41,No,No,No,Poor Weather Visibility,Low,4.0
ACC27899,13-11-2023,19:34,Karnataka,Belagavi,15.6183,76.0175,State Highway,Clear,Night,20,Male,Bike,59,No,No,No,Signal Jumping,Medium,4.0
ACC27900,19-01-2024,12:13,Tamil Nadu,Salem,10.5124,78.1978,City Road,Clear,Day,45,Male,Car,54,No,No,No,Signal Jumping,Low,0.0
ACC27901,21-12-2022,18:01,Tamil Nadu,Coimbatore,11.1977,79.4931,National Highway,Overcast,Dusk,30,Female,Bike,88,No,No,No,Over Speeding,High,3.0
ACC27902,14-02-2024,00:06,Andhra Pradesh,Nellore,16.3859,78.9296,National Highway,Rainy,Night,41,Male,Auto,76,No,No,No,Poor Weather Visibility,High,4.0
ACC27903,16-03-2022,15:12,Puducherry,Puducherry,12.3296,79.4772,City Road,Rainy,Day,41,Male,Truck,70,No,No,Yes,Poor Weather Visibility,Medium,1.0
ACC27904,09-06-2022,18:42,Tamil Nadu,Chennai,11.2637,78.08,National Highway,Clear,Dusk,18,Female,Bus,81,No,No,No,Over Speeding,Medium,6.0
ACC27905,17-08-2022,21:19,Tamil Nadu,Madurai,10.7395,78.7295,State Highway,Clear,Night,40,Male,Bike,67,Yes,Yes,No,Drunk Driving,High,7.0
ACC27906,02-01-2023,07:56,Puducherry,Karaikal,11.7053,79.281,Expressway,Rainy,Day,29,Female,Bike,69,No,No,No,Poor Weather Visibility,Medium,5.0
ACC27907,28-12-2022,08:24,Karnataka,Bengaluru Urban,15.3242,76.1249,State Highway,Clear,Day,28,Male,Bus,49,No,Yes,No,Drowsy Driving,Low,0.0
ACC27908,28-10-2023,20:30,Telangana,Warangal,18.1483,79.2759,Village Road,Clear,Night,57,Male,Bike,42,No,No,No,Poor Weather Visibility,Low,1.0
ACC27909,25-05-2023,18:07,Andhra Pradesh,Visakhapatnam,15.2927,79.7123,National Highway,Clear,Dusk,44,Male,Auto,43,No,No,No,Poor Weather Visibility,Low,0.0
ACC27910,30-03-2022,18:05,Tamil Nadu,Madurai,10.5842,78.9012,City Road,Clear,Dusk,41,Male,Truck,59,No,No,No,Signal Jumping,Low,2.0
ACC27911,27-06-2023,17:22,Tamil Nadu,Tiruchirappalli,11.0971,78.314,National Highway,Rainy,Dusk,38,Male,Car,77,No,No,No,Poor Weather Visibility,Medium,1.0
ACC27912,28-05-2023,14:23,Telangana,Karimnagar,17.6037,78.0191,State Highway,Clear,Day,46,Male,Truck,39,No,No,No,Poor Weather Visibility,Low,2.0
ACC27913,08-06-2024,17:53,Andhra Pradesh,Kurnool,15.8763,79.6593,Expressway,Foggy,Dusk,40,Male,Bus,86,No,Yes,No,Poor Weather Visibility,High,9.0
ACC27914,21-12-2023,17:40,Puducherry,Puducherry,11.9328,79.433,Village Road,Cloudy,Dusk,20,Male,Car,58,No,Yes,No,Drowsy Driving,Medium,3.0
ACC27915,16-07-2024,01:11,Tamil Nadu,Salem,10.9587,79.1306,Expressway,Clear,Night,18,Female,Bike,77,No,No,No,Over Speeding,Medium,2.0
ACC27916,02-09-2023,05:21,Karnataka,Bengaluru Urban,14.8905,75.0119,State Highway,Rainy,Dawn,75,Male,Car,69,No,Yes,No,Poor Weather Visibility,Medium,1.0
ACC27917,01-11-2022,13:50,Andhra Pradesh,Vijayawada,16.3421,79.6371,National Highway,Clear,Day,18,Male,Bike,57,Yes,No,Yes,Drunk Driving,High,4.0
ACC27918,19-02-2023,12:56,Karnataka,Bengaluru Urban,15.4404,76.0355,City Road,Cloudy,Day,24,Male,Bus,52,No,No,Yes,Pothole/Bad Road,Medium,5.0
ACC27919,10-08-2023,19:26,Telangana,Warangal,18.3224,78.83,National Highway,Foggy,Night,38,Male,Car,88,Yes,No,No,Poor Weather Visibility,High,5.0
ACC27920,24-07-2024,11:27,Telangana,Hyderabad,18.7013,79.3671,Expressway,Clear,Day,43,Male,Bike,69,No,No,No,Signal Jumping,Medium,3.0
ACC27921,29-12-2023,14:34,Andhra Pradesh,Vijayawada,16.087,79.5245,State Highway,Clear,Day,30,Male,Bike,53,Yes,No,No,Drunk Driving,Low,2.0
ACC27922,20-01-2022,15:56,Tamil Nadu,Coimbatore,11.1201,78.7434,National Highway,Clear,Day,59,Female,Bike,62,No,No,No,Over Speeding,Medium,1.0
ACC27923,05-05-2022,05:53,Telangana,Karimnagar,17.9048,79.2281,State Highway,Cloudy,Dawn,37,Male,Bike,69,No,No,No,Poor Weather Visibility,Low,0.0
ACC27924,15-05-2024,06:22,Karnataka,Hubballi,14.7749,76.1311,Village Road,Foggy,Day,41,Male,Car,39,No,Yes,No,Poor Weather Visibility,Low,2.0
ACC27925,22-11-2024,05:18,Andhra Pradesh,Vijayawada,15.3037,79.4765,Expressway,Clear,Dawn,30,Male,Auto,85,No,No,No,Over Speeding,High,5.0
ACC27926,27-03-2024,18:32,Karnataka,Hubballi,15.5068,75.3848,City Road,Clear,Dusk,42,Male,Bike,56,No,No,No,Poor Weather Visibility,Low,0.0
ACC27927,02-08-2024,18:42,Kerala,Thrissur,9.8025,76.7933,City Road,Rainy,Dusk,40,Male,Bike,57,No,No,No,Poor Weather Visibility,Low,2.0
ACC27928,31-12-2023,15:40,Karnataka,Belagavi,15.3019,76.2681,City Road,Clear,Day,33,Male,Car,58,No,No,No,Poor Weather Visibility,Low,0.0
ACC27929,20-06-2024,21:03,Kerala,Kollam,10.1189,75.6761,State Highway,Rainy,Night,49,Female,Auto,47,No,No,Yes,Poor Weather Visibility,Medium,2.0
ACC27930,01-10-2022,17:37,Tamil Nadu,Coimbatore,10.7689,77.7912,Expressway,Clear,Dusk,49,Male,Bike,83,No,Yes,No,Over Speeding,High,4.0
ACC27931,12-12-2024,07:40,Karnataka,Mangaluru,14.5372,75.6167,Village Road,Clear,Day,62,Female,Car,38,No,No,No,Signal Jumping,Low,3.0
ACC27932,26-03-2024,15:50,Kerala,Ernakulam,9.7608,75.9485,City Road,Cloudy,Day,39,Female,Bike,59,Yes,No,Yes,Drunk Driving,Medium,3.0
ACC27933,30-08-2023,16:50,Tamil Nadu,Tiruchirappalli,11.2054,78.3218,City Road,Rainy,Day,58,Male,Car,46,No,No,No,Signal Jumping,Low,0.0
ACC27934,20-08-2024,16:26,Telangana,Nizamabad,18.2917,79.1352,City Road,Cloudy,Day,21,Male,Car,78,Yes,No,No,Drunk Driving,High,6.0
ACC27935,16-12-2022,14:53,Tamil Nadu,Madurai,10.9712,77.884,National Highway,Foggy,Day,32,Male,Bus,53,No,No,No,Poor Weather Visibility,Medium,1.0
ACC27936,02-01-2023,14:16,Karnataka,Belagavi,14.9202,76.8853,National Highway,Clear,Day,29,Male,Car,54,No,No,No,Signal Jumping,Low,1.0
ACC27937,02-06-2023,05:33,Karnataka,Mangaluru,15.2372,74.7029,State Highway,Clear,Dawn,28,Male,Bike,74,No,Yes,No,Drowsy Driving,Medium,2.0
ACC27938,11-10-2023,14:34,Tamil Nadu,Salem,11.0741,79.0486,Village Road,Clear,Day,47,Male,Bike,39,No,No,No,Poor Weather Visibility,Low,1.0
ACC27939,07-08-2024,07:42,Telangana,Warangal,17.2205,78.7675,Expressway,Rainy,Day,50,Male,Bike,93,No,No,No,Over Speeding,High,1.0
ACC27940,30-12-2023,21:45,Karnataka,Mangaluru,15.0357,75.7974,State Highway,Overcast,Night,29,Male,Bike,72,No,No,No,Poor Weather Visibility,Medium,2.0
ACC27941,12-05-2024,21:14,Tamil Nadu,Tiruchirappalli,10.9683,78.1118,Expressway,Clear,Night,18,Female,Bus,106,No,Yes,No,Over Speeding,High,5.0
ACC27942,25-10-2024,13:39,Tamil Nadu,Salem,11.2798,78.2932,State Highway,Clear,Day,28,Male,Car,105,Yes,Yes,No,Over Speeding,High,
ACC27943,24-09-2024,09:59,Telangana,Nizamabad,18.7788,79.0188,National Highway,Clear,Day,35,Male,Car,60,No,No,No,Over Speeding,Low,2.0
ACC27944,02-12-2022,22:49,Karnataka,Mysuru,15.3058,76.4946,State Highway,Foggy,Night,18,Male,Bus,46,No,Yes,No,Poor Weather Visibility,Medium,6.0
ACC27945,13-02-2022,20:29,Karnataka,Mangaluru,15.3073,75.5263,State Highway,Cloudy,Night,68,Male,Auto,63,Yes,No,No,Drunk Driving,Medium,1.0
ACC27946,30-12-2022,13:06,Andhra Pradesh,Nellore,15.6598,80.3649,National Highway,Clear,Day,36,Male,Truck,64,No,No,No,Over Speeding,Low,1.0
ACC27947,17-09-2023,12:52,Telangana,Nizamabad,18.2653,78.8211,City Road,Clear,Day,36,Male,Bike,32,No,No,No,Signal Jumping,Low,2.0
ACC27948,30-10-2022,10:20,Tamil Nadu,Tiruchirappalli,11.6223,78.4173,State Highway,Rainy,Day,23,Male,Bus,88,Yes,Yes,No,Over Speeding,High,8.0
ACC27949,15-05-2022,03:49,Tamil Nadu,Madurai,11.1938,78.3149,Village Road,Cloudy,Night,39,Male,Bike,64,Yes,No,Yes,Drunk Driving,High,4.0
ACC27950,29-10-2022,07:02,Tamil Nadu,Madurai,11.1889,78.8109,City Road,Cloudy,Day,52,Male,Car,43,No,No,No,Poor Weather Visibility,Low,1.0
ACC27951,17-10-2023,10:37,Andhra Pradesh,Nellore,16.1174,80.2546,State Highway,Cloudy,Day,18,Male,Bike,57,No,No,No,Poor Weather Visibility,Low,1.0
ACC27952,29-07-2023,10:45,Andhra Pradesh,Kurnool,15.606,79.3837,City Road,Rainy,Day,60,Male,Bike,55,Yes,No,Yes,Poor Weather Visibility,Medium,3.0
ACC27953,13-08-2022,04:13,Telangana,Hyderabad,17.6114,79.11,Expressway,Clear,Night,44,Male,Bike,83,No,No,No,Over Speeding,High,6.0
ACC27954,19-04-2024,10:16,Tamil Nadu,Tiruchirappalli,11.4779,78.5989,Expressway,Clear,Day,45,Male,Bike,56,No,No,No,Poor Weather Visibility,Low,0.0
ACC27955,29-11-2024,22:15,Tamil Nadu,Madurai,11.0064,78.6418,City Road,Rainy,Night,32,Male,Car,44,No,No,No,Poor Weather Visibility,Medium,1.0
ACC27956,22-06-2022,01:33,Kerala,Kozhikode,10.2502,76.1592,State Highway,Clear,Night,46,Male,Bike,70,Yes,Yes,No,Drunk Driving,High,6.0
ACC27957,10-02-2022,17:20,Andhra Pradesh,Guntur,16.282,80.2004,City Road,Clear,Dusk,40,Male,Truck,46,No,No,No,Signal Jumping,Low,2.0
ACC27958,18-01-2024,06:12,Andhra Pradesh,Guntur,15.4719,80.3088,City Road,Clear,Day,41,Male,Car,41,No,No,Yes,Pothole/Bad Road,Low,3.0
ACC27959,21-03-2022,07:24,Kerala,Kozhikode,9.9349,76.407,Expressway,Foggy,Day,37,Male,Auto,81,No,No,No,Poor Weather Visibility,High,6.0
ACC27960,04-06-2023,20:17,Karnataka,Bengaluru Urban,15.6446,76.0404,National Highway,Rainy,Night,66,Female,Bus,58,No,Yes,No,Poor Weather Visibility,High,6.0
ACC27961,01-05-2024,17:11,Tamil Nadu,Coimbatore,10.9242,78.0947,Expressway,Clear,Dusk,75,Female,Bike,92,No,No,No,Over Speeding,Medium,2.0
ACC27962,09-07-2024,07:41,Karnataka,Hubballi,15.2825,76.3149,National Highway,Cloudy,Day,28,Male,Bike,67,No,No,No,Poor Weather Visibility,Medium,1.0
ACC27963,15-05-2024,16:19,Tamil Nadu,Coimbatore,11.3306,79.0105,Village Road,Overcast,Day,54,Male,Car,42,No,No,Yes,Pothole/Bad Road,Low,0.0
ACC27964,03-08-2023,11:16,Telangana,Hyderabad,17.5066,79.1803,National Highway,Clear,Day,30,Male,Car,80,No,No,No,Over Speeding,Medium,0.0
ACC27965,10-03-2023,04:31,Telangana,Hyderabad,17.3578,79.2597,Village Road,Clear,Night,23,Male,Car,52,Yes,No,No,Drunk Driving,Medium,3.0
ACC27966,22-12-2022,14:31,Kerala,Kozhikode,10.3698,76.3453,Village Road,Clear,Day,45,Male,Bike,67,Yes,No,Yes,Drunk Driving,High,5.0
ACC27967,16-06-2024,11:06,Telangana,Khammam,18.9256,78.7839,City Road,Clear,Day,58,Female,Auto,56,No,No,No,Signal Jumping,Low,1.0
ACC27968,05-06-2023,11:43,Kerala,Kollam,10.0315,76.2913,Expressway,Clear,Day,46,Female,Bike,84,No,No,No,Over Speeding,High,5.0
ACC27969,24-09-2023,12:46,Kerala,Ernakulam,9.7535,75.8678,City Road,Cloudy,Day,40,Male,Bike,61,No,No,No,Signal Jumping,Medium,4.0
ACC27970,06-05-2023,22:07,Andhra Pradesh,Visakhapatnam,15.4796,79.6353,National Highway,Foggy,Night,57,Male,Auto,61,No,No,No,Poor Weather Visibility,Medium,4.0
ACC27971,19-11-2022,23:16,Karnataka,Mangaluru,15.4935,75.9698,Village Road,Rainy,Night,18,Female,Bike,26,No,No,No,Poor Weather Visibility,Low,2.0
ACC27972,24-07-2022,07:03,Telangana,Khammam,17.4057,77.9858,State Highway,Clear,Day,18,Female,Bike,61,No,No,No,Signal Jumping,Low,0.0
ACC27973,01-02-2022,17:05,Kerala,Kozhikode,10.0022,76.4046,City Road,Cloudy,Dusk,29,Female,Bike,56,No,No,No,Poor Weather Visibility,Medium,4.0
ACC27974,14-10-2022,17:35,Telangana,Khammam,17.4137,79.1515,City Road,Cloudy,Dusk,37,Male,Bike,36,No,No,No,Poor Weather Visibility,Low,2.0
ACC27975,13-01-2022,16:45,Andhra Pradesh,Guntur,16.095,79.5777,City Road,Clear,Day,58,Female,Auto,67,No,No,No,Signal Jumping,Medium,
ACC27976,05-09-2024,18:40,Andhra Pradesh,Guntur,16.0605,79.5236,Expressway,Clear,Dusk,31,Male,Bike,69,No,No,No,Over Speeding,Medium,5.0
ACC27977,02-09-2022,13:58,Kerala,Kollam,9.9702,76.0377,City Road,Clear,Day,34,Male,Car,43,Yes,No,No,Drunk Driving,Low,1.0
ACC27978,15-10-2023,10:10,Karnataka,Bengaluru Urban,16.3999,75.6182,City Road,Clear,Day,35,Male,Auto,32,No,No,No,Poor Weather Visibility,Low,1.0
ACC27979,17-06-2024,23:24,Karnataka,Hubballi,14.2987,76.0632,City Road,Clear,Night,25,Male,Bike,59,No,No,No,Over Speeding,Medium,3.0
ACC27980,29-06-2022,19:02,Karnataka,Belagavi,15.4033,76.0991,State Highway,Clear,Night,64,Male,Car,64,No,No,Yes,Pothole/Bad Road,Low,
ACC27981,03-09-2022,17:38,Karnataka,Belagavi,14.9569,75.6803,Village Road,Foggy,Dusk,67,Male,Bike,27,No,No,No,Poor Weather Visibility,Medium,2.0
ACC27982,08-01-2022,11:57,Karnataka,Bengaluru Urban,15.4034,75.2406,State Highway,Rainy,Day,19,Male,Bike,69,Yes,No,No,Poor Weather Visibility,High,5.0
ACC27983,05-09-2022,21:10,Kerala,Kozhikode,9.836,76.622,National Highway,Rainy,Night,55,Male,Truck,63,No,Yes,No,Poor Weather Visibility,High,1.0
ACC27984,26-09-2024,08:27,Kerala,Kollam,9.6319,76.5083,National Highway,Rainy,Day,33,Male,Bike,74,No,No,No,Poor Weather Visibility,Medium,1.0
ACC27985,21-02-2023,14:57,Karnataka,Bengaluru Urban,14.947,75.9292,Village Road,Foggy,Day,38,Female,Car,18,No,No,Yes,Poor Weather Visibility,Low,0.0
ACC27986,16-08-2023,07:10,Tamil Nadu,Chennai,11.4769,78.7688,City Road,Clear,Day,18,Male,Truck,52,No,Yes,No,Drowsy Driving,Low,1.0
ACC27987,05-07-2024,00:42,Telangana,Karimnagar,17.64,78.4948,City Road,Overcast,Night,41,Male,Bike,47,Yes,No,Yes,Drunk Driving,Medium,4.0
ACC27988,03-11-2024,07:33,Kerala,Kozhikode,9.4464,77.0143,State Highway,Overcast,Day,35,Male,Car,55,No,No,Yes,Pothole/Bad Road,Medium,4.0
ACC27989,23-02-2023,15:12,Tamil Nadu,Tiruchirappalli,11.354,78.536,Village Road,Rainy,Day,40,Male,Bike,47,No,No,No,Poor Weather Visibility,Low,0.0
ACC27990,05-12-2023,20:25,Kerala,Thrissur,10.2849,76.0672,National Highway,Overcast,Night,27,Male,Bike,62,No,No,No,Signal Jumping,Medium,2.0
ACC27991,10-01-2022,18:29,Karnataka,Bengaluru Urban,15.3534,75.7981,Village Road,Cloudy,Dusk,20,Female,Bus,23,No,No,No,Poor Weather Visibility,Low,0.0
ACC27992,13-03-2024,18:46,Kerala,Thrissur,9.4868,76.7181,City Road,Cloudy,Dusk,26,Male,Bus,44,Yes,No,No,Drunk Driving,Low,0.0
ACC27993,21-01-2023,18:46,Tamil Nadu,Salem,11.1592,78.5699,Village Road,Clear,Dusk,47,Male,Truck,48,No,No,No,Signal Jumping,Low,0.0
ACC27994,09-01-2023,18:44,Telangana,Nizamabad,17.5686,79.4166,City Road,Clear,Dusk,19,Female,Bike,56,No,No,No,Poor Weather Visibility,Low,1.0
ACC27995,06-03-2022,17:20,Tamil Nadu,Salem,10.8726,78.2922,National Highway,Cloudy,Dusk,52,Female,Bike,74,No,No,No,Over Speeding,Medium,6.0
ACC27996,17-02-2024,19:38,Telangana,Nizamabad,17.9781,78.7772,National Highway,Overcast,Night,48,Male,Bike,96,Yes,Yes,Yes,Over Speeding,High,4.0
ACC27997,16-12-2023,02:01,Tamil Nadu,Coimbatore,11.2568,78.9935,City Road,Clear,Night,43,Male,Auto,35,No,No,No,Poor Weather Visibility,Low,0.0
ACC27998,06-04-2022,18:59,Tamil Nadu,Tiruchirappalli,11.9666,78.5399,Village Road,Clear,Dusk,42,Male,Car,23,No,No,Yes,Pothole/Bad Road,Low,0.0
ACC27999,25-11-2023,21:22,Tamil Nadu,Madurai,10.6631,78.307,State Highway,Clear,Night,25,Male,Bike,83,Yes,No,No,Drunk Driving,High,10.0
ACC28000,14-03-2023,16:35,Puducherry,Puducherry,12.3168,79.5952,City Road,Rainy,Day,36,Male,Car,51,No,No,Yes,Poor Weather Visibility,Low,2.0
ACC28001,08-02-2022,22:55,Karnataka,Mangaluru,15.4957,76.086,State Highway,Clear,Night,38,Male,Car,67,No,No,No,Over Speeding,Low,1.0
ACC28002,08-01-2024,16:07,Kerala,Kollam,10.6178,76.0501,State Highway,Rainy,Day,48,Male,Bus,59,No,No,Yes,Poor Weather Visibility,Low,3.0
ACC28003,22-09-2023,09:56,Kerala,Kollam,10.0673,76.6535,Village Road,Cloudy,Day,54,Male,Bike,35,No,No,No,Poor Weather Visibility,Low,0.0
ACC28004,07-06-2024,20:29,Telangana,Warangal,18.095,78.8992,Expressway,Cloudy,Night,47,Female,Auto,79,No,Yes,No,Drowsy Driving,High,6.0
ACC28005,16-06-2022,13:09,Tamil Nadu,Salem,11.8643,78.2385,National Highway,Rainy,Day,33,Male,Bike,87,No,Yes,No,Poor Weather Visibility,High,4.0
ACC28006,18-02-2023,16:18,Karnataka,Belagavi,14.6998,75.6442,National Highway,Clear,Day,33,Male,Auto,61,No,No,No,Over Speeding,Low,1.0
ACC28007,20-04-2022,11:05,Telangana,Warangal,18.4096,78.6038,National Highway,Cloudy,Day,45,Female,Bike,71,No,Yes,No,Drowsy Driving,High,5.0
ACC28008,30-12-2024,02:41,Andhra Pradesh,Nellore,15.805,79.7292,Village Road,Clear,Night,48,Male,Car,38,Yes,No,Yes,Drunk Driving,Medium,8.0
ACC28009,02-10-2022,08:06,Karnataka,Belagavi,15.1857,75.5464,Village Road,Clear,Day,38,Male,Car,30,No,No,No,Poor Weather Visibility,Low,1.0
ACC28010,01-09-2023,18:08,Andhra Pradesh,Vijayawada,15.7167,79.5424,National Highway,Clear,Dusk,55,Male,Auto,81,No,No,No,Over Speeding,Medium,3.0
ACC28011,30-03-2023,10:22,Telangana,Karimnagar,17.8516,79.0141,Village Road,Cloudy,Day,20,Male,Auto,57,No,No,No,Poor Weather Visibility,Medium,4.0
ACC28012,11-04-2024,16:35,Karnataka,Hubballi,15.6639,76.056,State Highway,Rainy,Day,34,Male,Truck,30,No,No,No,Poor Weather Visibility,Low,2.0
ACC28013,16-12-2022,14:31,Kerala,Thrissur,10.1173,76.7407,City Road,Clear,Day,55,Female,Auto,40,No,No,No,Poor Weather Visibility,Low,0.0
ACC28014,11-06-2022,16:09,Andhra Pradesh,Guntur,16.0352,79.4131,City Road,Rainy,Day,44,Female,Auto,20,No,No,No,Poor Weather Visibility,Low,1.0
ACC28015,13-09-2022,12:53,Karnataka,Mysuru,15.2782,76.2198,City Road,Cloudy,Day,40,Male,Car,50,No,No,Yes,Pothole/Bad Road,Low,2.0
ACC28016,20-01-2022,15:21,Karnataka,Bengaluru Urban,15.1912,75.7038,Expressway,Foggy,Day,18,Male,Car,68,No,No,No,Poor Weather Visibility,Medium,6.0
ACC28017,18-04-2023,08:38,Andhra Pradesh,Nellore,16.453,79.3914,City Road,Cloudy,Day,33,Male,Bus,55,No,No,No,Signal Jumping,Low,0.0
ACC28018,31-05-2023,01:49,Telangana,Warangal,17.895,79.1849,City Road,Overcast,Night,52,Female,Bike,66,Yes,No,No,Drunk Driving,Medium,6.0
ACC28019,04-09-2023,09:04,Kerala,Thrissur,10.1139,76.4004,Village Road,Foggy,Day,26,Male,Auto,31,No,No,No,Poor Weather Visibility,Low,0.0
ACC28020,27-05-2024,13:16,Karnataka,Belagavi,15.5553,75.6679,Expressway,Clear,Day,22,Male,Bike,78,No,No,No,Over Speeding,Medium,2.0
ACC28021,29-05-2024,20:58,Andhra Pradesh,Vijayawada,15.3535,79.5419,City Road,Clear,Night,34,Female,Bike,48,No,No,No,Signal Jumping,Low,1.0
ACC28022,04-12-2024,23:09,Karnataka,Mangaluru,15.8432,76.0853,Expressway,Cloudy,Night,36,Male,Car,78,No,No,No,Over Speeding,Medium,3.0
ACC28023,15-10-2023,12:07,Tamil Nadu,Salem,11.5395,79.045,National Highway,Rainy,Day,26,Male,Bus,67,No,No,No,Poor Weather Visibility,Low,0.0
ACC28024,09-05-2024,16:08,Kerala,Thiruvananthapuram,10.7779,76.93,National Highway,Clear,Day,18,Male,Bike,79,No,No,No,Over Speeding,Medium,1.0
ACC28025,16-08-2024,11:19,Tamil Nadu,Tiruchirappalli,10.63,78.312,Village Road,Clear,Day,44,Male,Auto,37,No,No,No,Signal Jumping,Low,1.0
ACC28026,10-03-2022,06:39,Andhra Pradesh,Kurnool,16.3623,79.4779,Village Road,Rainy,Day,27,Male,Auto,33,No,No,Yes,Poor Weather Visibility,Low,0.0
ACC28027,12-10-2022,08:43,Karnataka,Mysuru,15.371,76.4635,State Highway,Clear,Day,48,Male,Auto,59,No,No,No,Over Speeding,Low,1.0
ACC28028,02-10-2022,16:14,Kerala,Thrissur,10.5664,76.5451,Village Road,Clear,Day,19,Male,Bike,56,No,No,No,Signal Jumping,Medium,1.0
ACC28029,11-04-2023,09:33,Karnataka,Bengaluru Urban,15.7236,76.2256,State Highway,Clear,Day,60,Male,Bike,56,No,No,No,Signal Jumping,Medium,2.0
ACC28030,23-04-2022,12:26,Andhra Pradesh,Nellore,16.0123,80.2334,City Road,Clear,Day,42,Female,Bus,63,No,No,Yes,Pothole/Bad Road,Low,0.0
ACC28031,18-08-2024,09:25,Telangana,Khammam,18.0968,79.1964,City Road,Rainy,Day,40,Male,Car,62,No,No,Yes,Poor Weather Visibility,Medium,0.0