Accident_ID,Date,Time,State,District,Latitude,Longitude,Road_Type,Weather,Light_Condition,Driver_Age,Driver_Gender,Vehicle_Type,Speed_kmph,Alcohol_Involved,Driver_Drowsy,Pothole_Involved,Cause_of_Accident,Severity,Casualties
ACC28032,13-09-2024,13:37,Karnataka,Bengaluru Urban,15.8449,75.5762,Village Road,Clear,Day,22,Male,Truck,70,Yes,Yes,Yes,Drunk Driving,High,7.0
ACC28033,03-03-2022,10:22,Kerala,Kollam,10.3245,76.1658,Village Road,Rainy,Day,58,Male,Car,42,No,No,Yes,Poor Weather Visibility,Low,1.0
ACC28034,16-07-2023,09:59,Puducherry,Puducherry,12.3686,79.6259,State Highway,Cloudy,Day,46,Male,Auto,43,No,No,No,Poor Weather Visibility,Low,0.0
ACC28035,10-05-2022,18:00,Kerala,Thiruvananthapuram,9.9425,76.2956,National Highway,Cloudy,Dusk,60,Female,Car,65,No,No,No,Poor Weather Visibility,Medium,3.0
ACC28036,12-05-2023,19:53,Tamil Nadu,Tiruchirappalli,10.8386,78.5733,State Highway,Cloudy,Night,22,Male,Bike,57,No,No,Yes,Pothole/Bad Road,High,6.0
ACC28037,28-09-2023,18:42,Kerala,Kollam,9.9401,75.6918,National Highway,Rainy,Dusk,18,Male,Car,58,No,No,No,Poor Weather Visibility,Medium,0.0
ACC28038,05-02-2024,14:40,Karnataka,Mysuru,14.8522,75.7925,Expressway,Clear,Day,58,Male,Auto,86,No,No,No,Over Speeding,Medium,2.0
ACC28039,02-02-2023,15:26,Tamil Nadu,Chennai,10.7647,78.3801,State Highway,Foggy,Day,29,Female,Truck,69,No,Yes,No,Poor Weather Visibility,High,4.0
ACC28040,06-03-2023,20:33,Karnataka,Mangaluru,15.5625,76.0955,City Road,Clear,Night,30,Female,Car,50,Yes,No,No,Drunk Driving,Medium,3.0
ACC28041,26-08-2022,14:44,Tamil Nadu,Madurai,10.3643,78.4939,State Highway,Overcast,Day,20,Male,Bike,56,No,No,No,Poor Weather Visibility,Medium,4.0
ACC28042,11-04-2022,13:49,Tamil Nadu,Coimbatore,11.4463,78.0356,State Highway,Overcast,Day,18,Female,Bike,56,No,No,No,Poor Weather Visibility,Low,1.0
ACC28043,16-06-2022,00:50,Karnataka,Belagavi,15.4423,75.8053,National Highway,Clear,Night,49,Male,Bike,80,Yes,No,No,Drunk Driving,High,8.0
ACC28044,05-07-2022,13:40,Karnataka,Hubballi,16.3235,75.8363,City Road,Clear,Day,43,Female,Car,44,No,No,No,Poor Weather Visibility,Low,0.0
ACC28045,29-12-2024,21:50,Andhra Pradesh,Nellore,15.8066,79.4672,Village Road,Rainy,Night,28,Female,Bike,46,Yes,Yes,Yes,Poor Weather Visibility,High,1.0
ACC28046,11-10-2024,08:53,Tamil Nadu,Tiruchirappalli,10.8405,78.4916,Village Road,Clear,Day,32,Male,Bus,25,No,No,Yes,Pothole/Bad Road,Low,1.0
ACC28047,07-04-2023,07:32,Tamil Nadu,Madurai,10.2222,78.4552,National Highway,Clear,Day,38,Male,Car,73,No,No,No,Over Speeding,Medium,3.0
ACC28048,12-10-2024,09:01,Tamil Nadu,Salem,11.4793,78.7897,State Highway,Clear,Day,45,Female,Car,58,No,No,No,Signal Jumping,Low,1.0
ACC28049,26-08-2024,13:31,Tamil Nadu,Tiruchirappalli,11.0013,78.1202,City Road,Clear,Day,52,Female,Car,71,No,Yes,Yes,Drowsy Driving,Medium,2.0
ACC28050,24-03-2023,07:27,Andhra Pradesh,Kurnool,15.7135,79.123,City Road,Clear,Day,33,Male,Bike,25,No,No,No,Signal Jumping,Low,1.0
ACC28051,02-01-2024,22:29,Kerala,Kozhikode,10.4539,75.4498,National Highway,Rainy,Night,38,Male,Bike,58,No,No,No,Poor Weather Visibility,Medium,2.0
ACC28052,22-06-2023,18:25,Kerala,Thiruvananthapuram,9.708,75.766,State Highway,Clear,Dusk,18,Male,Car,60,No,No,No,Over Speeding,Low,1.0
ACC28053,04-11-2022,09:22,Telangana,Nizamabad,17.385,78.7134,Expressway,Clear,Day,31,Male,Bike,78,No,No,No,Over Speeding,Medium,1.0
ACC28054,12-11-2023,12:43,Tamil Nadu,Chennai,11.4523,79.0586,State Highway,Overcast,Day,49,Male,Bike,53,No,Yes,No,Drowsy Driving,Medium,1.0
ACC28055,20-11-2022,16:36,Tamil Nadu,Tiruchirappalli,10.9046,77.8803,Expressway,Cloudy,Day,44,Male,Car,81,Yes,No,No,Drunk Driving,High,7.0
ACC28056,05-11-2024,17:32,Kerala,Ernakulam,10.1709,76.8371,National Highway,Clear,Dusk,18,Male,Auto,77,Yes,No,No,Drunk Driving,Medium,6.0
ACC28057,24-06-2022,20:06,Karnataka,Belagavi,15.2426,75.358,National Highway,Cloudy,Night,60,Male,Bike,68,Yes,No,Yes,Drunk Driving,High,9.0
ACC28058,15-05-2023,19:05,Karnataka,Mangaluru,15.7707,75.6678,State Highway,Rainy,Night,30,Female,Auto,53,No,No,No,Poor Weather Visibility,Medium,1.0
ACC28059,29-07-2024,17:46,Telangana,Karimnagar,17.6438,78.8552,City Road,Clear,Dusk,39,Male,Bike,64,No,No,Yes,Pothole/Bad Road,Medium,
ACC28060,10-01-2022,00:20,Karnataka,Bengaluru Urban,14.9604,75.3079,City Road,Clear,Night,25,Male,Car,36,No,No,Yes,Pothole/Bad Road,Low,0.0
ACC28061,24-02-2022,16:41,Telangana,Warangal,18.3332,78.7018,State Highway,Clear,Day,41,Female,Bike,59,No,No,Yes,Pothole/Bad Road,Medium,1.0
ACC28062,13-06-2022,08:36,Andhra Pradesh,Nellore,15.2595,79.3369,State Highway,Clear,Day,38,Female,Auto,59,No,No,No,Over Speeding,Low,2.0
ACC28063,29-12-2023,00:40,Karnataka,Bengaluru Urban,15.5611,74.8621,National Highway,Clear,Night,21,Male,Car,62,No,No,No,Signal Jumping,Medium,4.0
ACC28064,25-06-2022,17:26,Tamil Nadu,Tiruchirappalli,11.7626,79.1221,City Road,Clear,Dusk,30,Male,Car,50,No,No,No,Signal Jumping,Low,1.0
ACC28065,14-12-2023,07:21,Tamil Nadu,Tiruchirappalli,10.7663,79.0834,Village Road,Clear,Day,33,Male,Bike,47,No,No,No,Signal Jumping,Medium,5.0
ACC28066,13-06-2023,17:41,Kerala,Thiruvananthapuram,9.506,76.6396,City Road,Clear,Dusk,38,Male,Car,27,No,No,No,Signal Jumping,Low,1.0
ACC28067,06-12-2022,08:12,Telangana,Hyderabad,17.9138,79.1947,City Road,Cloudy,Day,18,Male,Car,27,No,No,No,Poor Weather Visibility,Low,1.0
ACC28068,26-02-2023,10:12,Kerala,Thiruvananthapuram,10.3723,76.0015,City Road,Clear,Day,18,Male,Bike,45,No,No,Yes,Pothole/Bad Road,Medium,4.0
ACC28069,09-07-2022,21:02,Andhra Pradesh,Visakhapatnam,15.3494,79.947,City Road,Clear,Night,33,Female,Car,25,No,Yes,No,Drowsy Driving,Low,1.0
ACC28070,13-12-2024,05:56,Kerala,Kozhikode,10.3635,76.5453,City Road,Overcast,Dawn,18,Male,Car,45,No,No,No,Poor Weather Visibility,Low,1.0
ACC28071,17-12-2024,21:22,Andhra Pradesh,Guntur,16.0869,79.8508,National Highway,Cloudy,Night,30,Male,Auto,89,Yes,No,No,Over Speeding,High,5.0
ACC28072,08-01-2023,14:39,Tamil Nadu,Chennai,11.2428,78.686,City Road,Rainy,Day,45,Male,Car,53,No,No,No,Poor Weather Visibility,Low,1.0
ACC28073,07-11-2022,00:47,Kerala,Kozhikode,10.2164,75.9186,City Road,Foggy,Night,41,Male,Bus,62,Yes,No,No,Poor Weather Visibility,High,7.0
ACC28074,14-11-2023,13:42,Karnataka,Mangaluru,16.3507,75.7643,Expressway,Overcast,Day,27,Female,Car,78,No,No,No,Over Speeding,Medium,1.0
ACC28075,25-10-2024,15:48,Telangana,Khammam,18.4837,78.6007,Village Road,Rainy,Day,45,Male,Bike,43,No,No,No,Poor Weather Visibility,Low,2.0
ACC28076,09-03-2024,15:52,Tamil Nadu,Madurai,10.867,78.677,Village Road,Cloudy,Day,31,Male,Truck,35,No,No,No,Poor Weather Visibility,Low,0.0
ACC28077,22-01-2024,16:17,Tamil Nadu,Salem,11.1413,78.4421,State Highway,Rainy,Day,46,Male,Truck,63,No,No,No,Poor Weather Visibility,Medium,5.0
ACC28078,28-06-2024,08:00,Telangana,Nizamabad,17.535,79.7418,City Road,Clear,Day,18,Male,Car,60,No,No,No,Signal Jumping,Low,0.0
ACC28079,28-11-2023,12:32,Tamil Nadu,Salem,11.2863,78.1213,State Highway,Cloudy,Day,56,Male,Bus,63,No,No,No,Poor Weather Visibility,Medium,
ACC28080,30-08-2023,08:58,Andhra Pradesh,Guntur,16.3028,79.7901,National Highway,Clear,Day,42,Male,Car,63,No,No,No,Over Speeding,Medium,4.0
ACC28081,15-03-2024,23:04,Telangana,Warangal,17.5044,78.6956,Expressway,Foggy,Night,40,Male,Bike,68,Yes,No,Yes,Poor Weather Visibility,High,4.0
ACC28082,24-03-2022,22:10,Andhra Pradesh,Vijayawada,16.4311,79.702,State Highway,Clear,Night,44,Female,Bike,67,Yes,No,No,Drunk Driving,Medium,3.0
ACC28083,01-04-2023,17:04,Karnataka,Belagavi,15.1557,75.324,State Highway,Rainy,Dusk,21,Male,Truck,45,No,No,Yes,Poor Weather Visibility,Low,
ACC28084,13-06-2024,11:43,Karnataka,Mangaluru,15.203,75.9856,City Road,Rainy,Day,19,Male,Bike,53,No,No,Yes,Poor Weather Visibility,Medium,3.0
ACC28085,03-07-2024,13:51,Telangana,Karimnagar,18.2782,79.0244,Village Road,Cloudy,Day,18,Female,Bus,37,No,No,Yes,Pothole/Bad Road,Low,0.0
ACC28086,02-04-2022,18:34,Tamil Nadu,Madurai,10.6114,79.1004,State Highway,Rainy,Dusk,33,Male,Bike,66,No,No,No,Poor Weather Visibility,Medium,5.0
ACC28087,20-05-2022,17:21,Telangana,Warangal,17.9222,79.1208,State Highway,Clear,Dusk,22,Male,Bike,83,Yes,No,No,Drunk Driving,Medium,3.0
ACC28088,26-11-2023,16:05,Andhra Pradesh,Kurnool,16.0026,79.1153,National Highway,Foggy,Day,27,Male,Auto,102,Yes,Yes,No,Over Speeding,High,8.0
ACC28089,14-09-2023,05:06,Telangana,Khammam,18.3415,79.2942,National Highway,Clear,Dawn,31,Female,Car,79,No,No,No,Over Speeding,Medium,2.0
ACC28090,11-01-2022,20:19,Andhra Pradesh,Guntur,16.4873,80.5873,City Road,Clear,Night,21,Male,Bike,47,No,No,No,Signal Jumping,Medium,3.0
ACC28091,16-01-2023,10:01,Karnataka,Bengaluru Urban,15.3184,75.151,Village Road,Rainy,Day,26,Female,Truck,52,No,Yes,Yes,Poor Weather Visibility,Medium,2.0
ACC28092,10-06-2023,03:11,Andhra Pradesh,Vijayawada,15.7769,79.9799,Expressway,Clear,Night,21,Female,Car,89,No,Yes,No,Over Speeding,High,6.0
ACC28093,01-02-2023,16:34,Telangana,Nizamabad,17.7409,79.5677,City Road,Clear,Day,26,Male,Car,25,No,No,Yes,Pothole/Bad Road,Low,
ACC28094,07-02-2023,15:46,Tamil Nadu,Coimbatore,10.3762,78.9361,State Highway,Cloudy,Day,51,Female,Bike,44,No,No,No,Poor Weather Visibility,Low,4.0
ACC28095,28-07-2022,05:46,Karnataka,Belagavi,15.6954,75.1956,City Road,Rainy,Dawn,45,Male,Car,44,No,Yes,No,Poor Weather Visibility,Medium,0.0
ACC28096,07-06-2024,13:44,Telangana,Warangal,17.7163,78.5335,State Highway,Cloudy,Day,37,Male,Auto,54,No,No,No,Poor Weather Visibility,Low,1.0
ACC28097,09-06-2024,20:14,Andhra Pradesh,Guntur,16.5913,79.9768,State Highway,Overcast,Night,30,Male,Bike,63,No,Yes,No,Drowsy Driving,Medium,3.0
ACC28098,21-08-2024,20:08,Andhra Pradesh,Visakhapatnam,15.215,80.4438,Village Road,Clear,Night,21,Male,Truck,50,No,Yes,No,Drowsy Driving,Low,4.0
ACC28099,30-06-2023,19:11,Telangana,Nizamabad,17.4245,79.4476,State Highway,Cloudy,Night,28,Male,Bike,78,No,No,No,Over Speeding,High,4.0
ACC28100,31-05-2024,14:49,Tamil Nadu,Chennai,11.4178,78.9943,National Highway,Clear,Day,50,Female,Auto,76,No,No,No,Over Speeding,Medium,3.0
ACC28101,12-02-2022,15:46,Puducherry,Karaikal,11.8288,80.4404,Village Road,Rainy,Day,44,Male,Bike,37,No,No,Yes,Poor Weather Visibility,Low,
ACC28102,27-04-2023,13:17,Andhra Pradesh,Guntur,16.0493,80.0825,State Highway,Cloudy,Day,31,Male,Car,60,No,No,Yes,Pothole/Bad Road,Medium,4.0
ACC28103,10-11-2022,11:41,Telangana,Karimnagar,18.141,78.8942,City Road,Clear,Day,25,Male,Bike,44,No,No,No,Poor Weather Visibility,Low,0.0
ACC28104,11-09-2023,19:44,Telangana,Warangal,17.4856,79.489,State Highway,Clear,Night,40,Male,Bike,73,No,No,No,Over Speeding,Medium,1.0
ACC28105,24-08-2024,13:16,Tamil Nadu,Chennai,10.8874,78.4406,State Highway,Clear,Day,21,Male,Auto,34,No,No,No,Poor Weather Visibility,Low,0.0
ACC28106,24-09-2023,14:39,Kerala,Kozhikode,10.2923,76.3681,Village Road,Rainy,Day,41,Female,Truck,55,No,No,Yes,Poor Weather Visibility,Medium,3.0
ACC28107,24-03-2024,19:13,Tamil Nadu,Salem,10.8278,78.3258,Village Road,Clear,Night,21,Female,Truck,34,No,No,Yes,Pothole/Bad Road,Low,0.0
ACC28108,29-12-2024,12:02,Andhra Pradesh,Vijayawada,15.8311,79.8901,State Highway,Foggy,Day,37,Male,Auto,66,No,No,No,Poor Weather Visibility,Medium,2.0
ACC28109,01-06-2023,09:00,Kerala,Ernakulam,10.0138,76.5375,City Road,Cloudy,Day,53,Female,Auto,48,No,No,No,Poor Weather Visibility,Low,1.0
ACC28110,24-05-2022,15:44,Tamil Nadu,Coimbatore,10.8297,79.2043,Expressway,Rainy,Day,30,Male,Auto,84,No,No,No,Poor Weather Visibility,Medium,2.0
ACC28111,19-01-2023,07:50,Puducherry,Karaikal,12.1476,79.6228,Village Road,Overcast,Day,21,Male,Bike,45,No,No,No,Signal Jumping,Medium,
ACC28112,13-11-2023,22:18,Tamil Nadu,Coimbatore,10.6939,77.9087,City Road,Clear,Night,18,Female,Truck,48,No,Yes,No,Drowsy Driving,Medium,2.0
ACC28113,15-02-2024,10:41,Andhra Pradesh,Visakhapatnam,15.5864,79.9159,Village Road,Clear,Day,50,Female,Bike,51,No,No,Yes,Pothole/Bad Road,Low,1.0
ACC28114,21-11-2023,13:12,Karnataka,Mangaluru,15.7329,76.2797,City Road,Rainy,Day,42,Male,Car,66,No,No,Yes,Poor Weather Visibility,Medium,1.0
ACC28115,19-07-2023,18:14,Andhra Pradesh,Nellore,15.9763,79.6022,City Road,Overcast,Dusk,55,Male,Bike,52,No,No,No,Poor Weather Visibility,Medium,2.0
ACC28116,04-12-2023,18:01,Karnataka,Hubballi,14.9749,75.0608,Village Road,Rainy,Dusk,38,Male,Bike,68,Yes,No,No,Poor Weather Visibility,Medium,
ACC28117,20-09-2023,10:10,Karnataka,Mangaluru,15.5834,75.3488,Village Road,Overcast,Day,42,Male,Bike,29,No,No,Yes,Pothole/Bad Road,Low,1.0
ACC28118,22-10-2023,18:54,Kerala,Ernakulam,10.6644,76.5723,City Road,Cloudy,Dusk,31,Male,Car,59,No,No,No,Poor Weather Visibility,Low,1.0
ACC28119,18-08-2023,19:50,Karnataka,Mysuru,14.9383,76.2886,State Highway,Clear,Night,46,Male,Bike,82,No,No,No,Over Speeding,Medium,7.0
ACC28120,23-11-2023,01:21,Karnataka,Hubballi,15.3323,75.9607,State Highway,Clear,Night,22,Male,Car,77,No,No,No,Over Speeding,Medium,3.0
ACC28121,03-09-2023,10:02,Kerala,Thrissur,10.6522,75.9359,Village Road,Overcast,Day,34,Male,Car,36,No,No,No,Poor Weather Visibility,Low,1.0
ACC28122,16-01-2023,10:51,Tamil Nadu,Salem,10.719,78.7855,City Road,Cloudy,Day,52,Male,Bike,48,No,No,No,Poor Weather Visibility,Low,0.0
ACC28123,27-03-2023,22:26,Telangana,Karimnagar,18.4796,78.5256,Village Road,Clear,Night,27,Female,Auto,52,No,No,Yes,Pothole/Bad Road,Medium,1.0
ACC28124,22-09-2024,04:10,Karnataka,Bengaluru Urban,15.3229,75.8638,National Highway,Clear,Night,40,Female,Car,87,Yes,No,No,Over Speeding,High,4.0
ACC28125,09-04-2022,22:38,Karnataka,Mangaluru,15.0167,76.2635,Village Road,Rainy,Night,30,Male,Car,48,No,No,No,Poor Weather Visibility,Medium,2.0
ACC28126,17-03-2024,19:01,Karnataka,Hubballi,15.4559,75.7463,Village Road,Rainy,Night,64,Male,Truck,63,Yes,No,No,Poor Weather Visibility,High,3.0
ACC28127,18-08-2022,00:20,Telangana,Nizamabad,18.5579,80.1515,City Road,Cloudy,Night,38,Male,Bike,53,Yes,Yes,No,Drunk Driving,High,
ACC28128,11-11-2022,18:11,Andhra Pradesh,Guntur,15.6451,79.3319,Village Road,Clear,Dusk,41,Female,Auto,24,No,No,No,Poor Weather Visibility,Low,1.0
ACC28129,14-11-2022,17:33,Tamil Nadu,Chennai,11.0741,78.9131,National Highway,Clear,Dusk,18,Male,Bus,65,No,No,No,Signal Jumping,Low,0.0
ACC28130,27-07-2024,10:13,Karnataka,Belagavi,15.6813,75.7849,Village Road,Cloudy,Day,18,Male,Car,47,No,No,No,Poor Weather Visibility,Medium,3.0
ACC28131,02-09-2022,09:08,Andhra Pradesh,Kurnool,15.8047,79.8934,State Highway,Rainy,Day,23,Male,Bike,61,No,No,No,Poor Weather Visibility,Medium,3.0
ACC28132,29-11-2024,14:20,Tamil Nadu,Tiruchirappalli,11.2572,78.9566,Expressway,Clear,Day,68,Female,Bike,70,No,No,No,Over Speeding,Medium,1.0
ACC28133,21-11-2022,18:38,Tamil Nadu,Madurai,11.7529,78.519,City Road,Rainy,Dusk,21,Male,Car,70,Yes,No,No,Poor Weather Visibility,High,9.0
ACC28134,22-10-2023,09:18,Tamil Nadu,Coimbatore,11.2183,77.9753,State Highway,Cloudy,Day,24,Female,Auto,68,No,No,No,Poor Weather Visibility,Medium,4.0
ACC28135,20-11-2023,08:09,Kerala,Kollam,10.4042,76.1391,National Highway,Cloudy,Day,39,Male,Car,78,No,No,Yes,Over Speeding,High,3.0
ACC28136,24-01-2023,12:29,Kerala,Kollam,10.3462,76.2322,Expressway,Rainy,Day,26,Male,Car,84,Yes,No,No,Poor Weather Visibility,High,1.0
ACC28137,05-01-2024,21:59,Telangana,Hyderabad,18.2065,79.0805,City Road,Clear,Night,33,Female,Bike,52,No,No,No,Poor Weather Visibility,Medium,1.0
ACC28138,13-04-2024,23:16,Telangana,Hyderabad,17.8121,78.9241,City Road,Cloudy,Night,27,Male,Bus,25,No,No,No,Poor Weather Visibility,Low,0.0
ACC28139,28-11-2024,16:04,Telangana,Nizamabad,17.4612,78.9985,Village Road,Cloudy,Day,47,Male,Auto,49,No,No,No,Poor Weather Visibility,Low,1.0
ACC28140,06-04-2023,09:11,Tamil Nadu,Salem,10.7085,78.2925,Expressway,Clear,Day,75,Male,Bike,90,No,No,No,Over Speeding,Medium,2.0
ACC28141,07-03-2023,13:55,Kerala,Kozhikode,10.0831,76.7933,State Highway,Rainy,Day,45,Male,Bus,48,No,No,No,Poor Weather Visibility,Low,3.0
ACC28142,24-06-2024,23:03,Karnataka,Bengaluru Urban,15.0016,75.8492,Village Road,Cloudy,Night,42,Male,Bike,48,No,No,No,Signal Jumping,Medium,2.0
ACC28143,11-02-2022,18:12,Telangana,Hyderabad,18.2341,78.9926,National Highway,Rainy,Dusk,25,Male,Bus,74,No,No,No,Poor Weather Visibility,High,8.0
ACC28144,10-02-2024,02:59,Puducherry,Karaikal,11.6547,78.9627,Village Road,Rainy,Night,36,Male,Car,41,No,Yes,No,Poor Weather Visibility,Medium,2.0
ACC28145,21-07-2024,07:25,Telangana,Khammam,17.7587,78.9157,State Highway,Rainy,Day,36,Female,Car,80,No,No,No,Poor Weather Visibility,Medium,0.0
ACC28146,18-10-2024,13:47,Andhra Pradesh,Vijayawada,15.9451,79.9717,State Highway,Clear,Day,31,Male,Car,62,No,No,No,Signal Jumping,Low,3.0
ACC28147,16-06-2022,19:06,Andhra Pradesh,Nellore,15.694,79.6673,National Highway,Clear,Night,36,Male,Auto,83,Yes,No,No,Drunk Driving,High,4.0
ACC28148,14-08-2023,22:19,Karnataka,Belagavi,15.0604,75.3044,Village Road,Clear,Night,37,Female,Car,49,No,Yes,No,Drowsy Driving,Medium,3.0
ACC28149,12-01-2022,02:07,Tamil Nadu,Tiruchirappalli,11.3334,78.3552,National Highway,Rainy,Night,31,Male,Car,91,Yes,No,No,Over Speeding,High,10.0
ACC28150,13-02-2022,04:02,Puducherry,Karaikal,12.3822,80.5799,National Highway,Rainy,Night,27,Male,Auto,69,Yes,No,No,Poor Weather Visibility,High,9.0
ACC28151,21-07-2024,06:32,Tamil Nadu,Chennai,11.4222,78.6284,Expressway,Clear,Day,47,Female,Car,110,No,No,No,Over Speeding,High,9.0
ACC28152,12-03-2023,19:30,Karnataka,Belagavi,15.8779,75.106,City Road,Clear,Night,21,Male,Car,48,No,No,No,Poor Weather Visibility,Low,0.0
ACC28153,01-12-2023,11:54,Puducherry,Karaikal,11.5969,79.5103,City Road,Foggy,Day,26,Male,Truck,39,No,No,No,Poor Weather Visibility,Low,0.0
ACC28154,20-06-2024,00:29,Tamil Nadu,Tiruchirappalli,11.268,78.8201,State Highway,Foggy,Night,30,Male,Car,62,Yes,No,No,Poor Weather Visibility,High,5.0
ACC28155,04-09-2022,20:00,Kerala,Kozhikode,9.8117,75.74,National Highway,Cloudy,Night,34,Female,Car,48,No,No,No,Poor Weather Visibility,Low,0.0
ACC28156,31-03-2023,04:58,Telangana,Karimnagar,17.3261,79.4491,State Highway,Foggy,Night,45,Male,Bus,82,Yes,No,Yes,Poor Weather Visibility,High,7.0
ACC28157,04-01-2022,07:17,Karnataka,Belagavi,15.7367,75.9542,State Highway,Overcast,Day,65,Male,Truck,55,No,No,No,Poor Weather Visibility,Low,2.0
ACC28158,21-09-2024,22:54,Karnataka,Bengaluru Urban,15.3229,75.9772,State Highway,Overcast,Night,33,Male,Auto,45,No,No,No,Poor Weather Visibility,Low,1.0
ACC28159,07-05-2024,09:50,Tamil Nadu,Madurai,10.7314,78.4737,State Highway,Clear,Day,18,Male,Car,69,No,No,No,Signal Jumping,Medium,1.0
ACC28160,01-10-2023,14:48,Tamil Nadu,Coimbatore,10.1775,79.3748,Expressway,Clear,Day,35,Male,Bike,99,No,No,No,Over Speeding,High,5.0
ACC28161,27-08-2023,18:44,Telangana,Khammam,17.3439,79.6245,City Road,Clear,Dusk,33,Male,Car,61,No,No,Yes,Pothole/Bad Road,Medium,5.0
ACC28162,04-07-2024,11:27,Karnataka,Mysuru,15.4006,75.8845,State Highway,Cloudy,Day,26,Male,Truck,73,No,No,Yes,Pothole/Bad Road,Medium,2.0
ACC28163,10-08-2023,19:07,Karnataka,Mysuru,14.9546,75.949,National Highway,Rainy,Night,26,Male,Bike,83,No,Yes,No,Poor Weather Visibility,High,2.0
ACC28164,11-02-2023,12:50,Tamil Nadu,Chennai,11.128,78.3859,State Highway,Cloudy,Day,34,Female,Car,56,No,No,No,Poor Weather Visibility,Low,2.0
ACC28165,04-11-2022,08:45,Andhra Pradesh,Guntur,15.9056,79.5771,National Highway,Cloudy,Day,33,Male,Truck,77,Yes,Yes,No,Drunk Driving,High,3.0
ACC28166,12-10-2024,18:40,Telangana,Karimnagar,18.0673,78.2207,Expressway,Clear,Dusk,49,Male,Bike,73,No,No,No,Over Speeding,Low,3.0
ACC28167,05-07-2022,14:51,Puducherry,Puducherry,11.8614,80.0006,Village Road,Cloudy,Day,48,Female,Bus,38,No,No,No,Poor Weather Visibility,Low,0.0
ACC28168,18-01-2024,23:40,Karnataka,Mangaluru,16.0551,75.9377,National Highway,Clear,Night,18,Male,Bike,75,No,No,Yes,Pothole/Bad Road,Medium,2.0
ACC28169,20-06-2022,21:35,Karnataka,Hubballi,14.9542,75.4179,City Road,Overcast,Night,29,Male,Bike,60,Yes,Yes,No,Drunk Driving,High,12.0
ACC28170,10-01-2023,17:41,Tamil Nadu,Tiruchirappalli,11.2577,78.4711,National Highway,Cloudy,Dusk,44,Female,Auto,69,No,No,Yes,Pothole/Bad Road,High,10.0
ACC28171,24-11-2024,17:53,Tamil Nadu,Madurai,11.2413,78.2048,State Highway,Rainy,Dusk,41,Male,Auto,42,No,No,Yes,Poor Weather Visibility,Low,1.0
ACC28172,04-11-2024,11:03,Tamil Nadu,Tiruchirappalli,10.9273,78.0146,City Road,Clear,Day,58,Female,Car,43,No,No,No,Signal Jumping,Low,2.0
ACC28173,11-02-2024,13:16,Tamil Nadu,Tiruchirappalli,11.2608,79.1535,National Highway,Overcast,Day,53,Female,Truck,57,No,No,No,Poor Weather Visibility,Low,0.0
ACC28174,18-06-2023,18:31,Puducherry,Puducherry,11.8928,79.7902,City Road,Clear,Dusk,51,Male,Bike,38,No,No,No,Poor Weather Visibility,Low,1.0
ACC28175,16-01-2024,17:01,Kerala,Thiruvananthapuram,10.3935,76.0634,Expressway,Clear,Dusk,28,Male,Auto,76,No,No,No,Over Speeding,Medium,4.0
ACC28176,02-06-2024,19:16,Telangana,Karimnagar,17.7919,79.4948,State Highway,Clear,Night,39,Male,Bus,60,No,No,No,Signal Jumping,Medium,2.0
ACC28177,25-07-2024,02:46,Kerala,Thiruvananthapuram,10.5065,76.7894,City Road,Clear,Night,33,Male,Car,72,Yes,Yes,Yes,Drunk Driving,High,4.0
ACC28178,03-10-2023,19:48,Tamil Nadu,Tiruchirappalli,11.5426,78.4057,Village Road,Cloudy,Night,35,Female,Bus,47,No,Yes,No,Drowsy Driving,Medium,3.0
ACC28179,13-10-2023,20:24,Kerala,Ernakulam,10.4408,76.3221,State Highway,Rainy,Night,45,Male,Bike,47,No,No,No,Poor Weather Visibility,Medium,1.0
ACC28180,16-01-2024,20:55,Kerala,Thiruvananthapuram,10.5316,75.9603,National Highway,Clear,Night,34,Female,Bike,88,Yes,Yes,No,Over Speeding,High,3.0
ACC28181,26-08-2024,18:31,Andhra Pradesh,Kurnool,15.7218,79.893,National Highway,Clear,Dusk,27,Female,Bike,73,Yes,No,No,Drunk Driving,High,1.0
ACC28182,08-02-2023,15:01,Andhra Pradesh,Kurnool,15.0667,79.9206,Expressway,Clear,Day,36,Male,Auto,64,No,No,No,Over Speeding,Low,2.0
ACC28183,11-10-2022,14:34,Andhra Pradesh,Nellore,15.8222,79.0915,State Highway,Clear,Day,44,Female,Bike,66,No,No,No,Over Speeding,Medium,3.0
ACC28184,24-09-2024,18:58,Tamil Nadu,Coimbatore,10.197,78.4633,City Road,Clear,Dusk,18,Male,Auto,59,No,No,No,Signal Jumping,Medium,0.0
ACC28185,22-07-2023,11:31,Karnataka,Hubballi,15.4572,75.1866,City Road,Clear,Day,24,Female,Car,65,Yes,Yes,No,Drunk Driving,High,5.0
ACC28186,26-11-2022,08:47,Karnataka,Mangaluru,16.1225,75.8548,State Highway,Cloudy,Day,41,Male,Car,52,No,No,No,Poor Weather Visibility,Low,0.0