Accident_ID,Date,Time,State,District,Latitude,Longitude,Road_Type,Weather,Light_Condition,Driver_Age,Driver_Gender,Vehicle_Type,Speed_kmph,Alcohol_Involved,Driver_Drowsy,Pothole_Involved,Cause_of_Accident,Severity,Casualties
ACC28187,30-12-2023,14:48,Kerala,Thrissur,9.6678,75.7444,Village Road,Rainy,Day,39,Female,Bike,54,No,No,Yes,Poor Weather Visibility,Medium,2.0
ACC28188,21-10-2023,18:06,Puducherry,Puducherry,12.2844,80.5494,City Road,Clear,Dusk,36,Male,Bike,58,No,No,No,Signal Jumping,Low,0.0
ACC28189,19-08-2023,14:25,Tamil Nadu,Tiruchirappalli,11.3767,79.0115,City Road,Clear,Day,18,Male,Bike,60,No,No,No,Over Speeding,Low,0.0
ACC28190,21-01-2023,17:26,Andhra Pradesh,Vijayawada,16.0318,80.5073,National Highway,Cloudy,Dusk,43,Female,Bus,51,No,No,No,Poor Weather Visibility,Low,3.0
ACC28191,23-04-2024,08:08,Karnataka,Belagavi,14.7271,75.593,City Road,Clear,Day,39,Male,Bike,77,No,Yes,Yes,Drowsy Driving,Medium,0.0
ACC28192,15-11-2023,12:51,Telangana,Warangal,18.343,78.7742,Expressway,Clear,Day,31,Male,Truck,90,Yes,No,No,Over Speeding,High,5.0
ACC28193,22-12-2024,08:58,Tamil Nadu,Salem,10.6903,78.3977,National Highway,Clear,Day,45,Female,Bike,70,No,No,No,Over Speeding,Medium,2.0
ACC28194,20-10-2023,14:39,Kerala,Thiruvananthapuram,11.3335,76.4638,Village Road,Clear,Day,35,Male,Auto,29,No,No,No,Poor Weather Visibility,Low,2.0
ACC28195,15-02-2022,12:51,Kerala,Thrissur,10.5541,76.005,Village Road,Cloudy,Day,36,Male,Auto,18,No,No,Yes,Pothole/Bad Road,Low,0.0
ACC28196,08-10-2024,20:49,Telangana,Warangal,18.01,79.0303,Village Road,Rainy,Night,45,Male,Car,70,Yes,Yes,Yes,Poor Weather Visibility,High,3.0
ACC28197,23-04-2022,02:24,Tamil Nadu,Tiruchirappalli,11.3678,78.7806,Expressway,Cloudy,Night,35,Male,Car,59,No,No,No,Poor Weather Visibility,Low,0.0
ACC28198,09-12-2023,07:54,Telangana,Khammam,17.738,79.39,National Highway,Foggy,Day,59,Male,Bike,50,No,No,No,Poor Weather Visibility,Medium,4.0
ACC28199,21-12-2023,12:17,Tamil Nadu,Salem,11.475,79.628,State Highway,Cloudy,Day,44,Male,Auto,88,Yes,No,Yes,Over Speeding,High,3.0
ACC28200,31-01-2023,14:48,Telangana,Khammam,18.0677,78.6325,State Highway,Rainy,Day,26,Male,Car,75,No,No,No,Poor Weather Visibility,Medium,3.0
ACC28201,21-03-2024,14:27,Karnataka,Mangaluru,15.1216,76.1987,State Highway,Clear,Day,41,Male,Bus,51,No,No,No,Poor Weather Visibility,Low,3.0
ACC28202,03-03-2023,01:01,Andhra Pradesh,Vijayawada,16.0615,80.1439,Expressway,Clear,Night,55,Male,Bike,90,Yes,Yes,No,Over Speeding,High,7.0
ACC28203,03-04-2024,09:11,Karnataka,Belagavi,14.9792,74.9473,National Highway,Clear,Day,35,Male,Bike,81,Yes,No,No,Drunk Driving,High,5.0
ACC28204,11-01-2023,22:49,Telangana,Nizamabad,18.0923,79.1754,State Highway,Clear,Night,18,Male,Bus,59,Yes,No,Yes,Drunk Driving,Medium,3.0
ACC28205,30-05-2024,05:53,Puducherry,Karaikal,11.7134,79.7325,State Highway,Overcast,Dawn,69,Female,Car,62,No,No,No,Poor Weather Visibility,Low,0.0
ACC28206,08-09-2024,17:14,Karnataka,Belagavi,15.2353,76.1961,State Highway,Foggy,Dusk,44,Male,Car,66,No,No,No,Poor Weather Visibility,Medium,1.0
ACC28207,01-06-2023,18:12,Telangana,Hyderabad,18.265,78.998,Expressway,Clear,Dusk,24,Male,Bike,86,No,No,No,Over Speeding,High,0.0
ACC28208,21-08-2022,17:42,Karnataka,Bengaluru Urban,15.2666,75.9862,Village Road,Rainy,Dusk,21,Male,Bike,35,No,No,Yes,Poor Weather Visibility,Low,3.0
ACC28209,14-10-2023,15:31,Telangana,Hyderabad,17.7259,79.4811,State Highway,Foggy,Day,41,Male,Car,64,No,No,No,Poor Weather Visibility,Medium,2.0
ACC28210,30-06-2022,18:57,Tamil Nadu,Chennai,11.0043,78.7895,Village Road,Cloudy,Dusk,18,Male,Car,32,No,No,Yes,Pothole/Bad Road,Low,0.0
ACC28211,10-02-2023,21:50,Telangana,Warangal,17.3648,79.1659,Village Road,Rainy,Night,33,Male,Bike,45,No,No,Yes,Poor Weather Visibility,Low,1.0
ACC28212,26-02-2022,16:12,Tamil Nadu,Coimbatore,11.4713,78.2977,State Highway,Clear,Day,35,Male,Car,57,No,No,Yes,Pothole/Bad Road,Low,0.0
ACC28213,01-02-2023,18:09,Karnataka,Mysuru,15.0669,76.3924,National Highway,Clear,Dusk,23,Male,Bike,50,No,No,No,Signal Jumping,Low,2.0
ACC28214,16-08-2023,16:39,Telangana,Nizamabad,17.8301,78.8983,National Highway,Cloudy,Day,26,Male,Car,58,No,No,No,Poor Weather Visibility,Low,2.0
ACC28215,03-08-2022,21:43,Tamil Nadu,Coimbatore,10.9949,78.5942,Village Road,Clear,Night,49,Male,Auto,41,No,Yes,Yes,Drowsy Driving,Medium,4.0
ACC28216,12-03-2022,12:18,Karnataka,Belagavi,14.2224,75.8987,National Highway,Cloudy,Day,18,Male,Car,74,Yes,No,No,Drunk Driving,Medium,6.0
ACC28217,03-10-2023,17:57,Telangana,Warangal,18.4739,79.2391,Village Road,Overcast,Dusk,47,Male,Bike,31,No,No,Yes,Pothole/Bad Road,Low,1.0
ACC28218,16-03-2023,13:47,Andhra Pradesh,Nellore,15.4596,79.9555,National Highway,Overcast,Day,24,Male,Truck,82,No,No,No,Over Speeding,Medium,4.0
ACC28219,16-12-2023,12:33,Karnataka,Hubballi,15.0992,75.7916,City Road,Clear,Day,48,Male,Truck,55,No,Yes,No,Drowsy Driving,Medium,1.0
ACC28220,29-06-2022,20:23,Tamil Nadu,Salem,10.9953,78.5553,State Highway,Cloudy,Night,51,Male,Truck,58,No,Yes,No,Drowsy Driving,High,6.0
ACC28221,18-06-2023,10:21,Tamil Nadu,Madurai,10.7072,77.565,City Road,Cloudy,Day,24,Female,Bike,49,No,No,No,Poor Weather Visibility,Low,1.0
ACC28222,25-09-2024,20:33,Tamil Nadu,Madurai,11.5897,78.3723,Expressway,Clear,Night,71,Male,Bus,100,Yes,No,No,Over Speeding,High,5.0
ACC28223,12-01-2023,06:32,Kerala,Kollam,10.4294,75.6953,National Highway,Overcast,Day,18,Female,Auto,81,No,No,No,Over Speeding,Medium,4.0
ACC28224,12-09-2022,16:40,Telangana,Nizamabad,17.845,78.2385,City Road,Rainy,Day,64,Male,Car,57,No,No,No,Poor Weather Visibility,Low,1.0
ACC28225,23-07-2024,20:30,Karnataka,Mysuru,15.5609,76.1639,City Road,Overcast,Night,27,Male,Bike,46,No,No,No,Poor Weather Visibility,Medium,3.0
ACC28226,04-04-2022,19:12,Tamil Nadu,Salem,11.6455,79.4335,Village Road,Overcast,Night,40,Male,Car,31,No,No,No,Poor Weather Visibility,Low,1.0
ACC28227,16-04-2023,18:02,Kerala,Ernakulam,10.5207,76.0027,Village Road,Clear,Dusk,18,Male,Car,51,Yes,Yes,No,Drunk Driving,Medium,5.0
ACC28228,21-04-2022,13:42,Telangana,Warangal,17.8859,79.4831,Expressway,Cloudy,Day,47,Female,Bike,68,No,No,No,Signal Jumping,Medium,4.0
ACC28229,10-01-2022,01:42,Karnataka,Mangaluru,15.2601,75.5061,Expressway,Cloudy,Night,34,Male,Bus,83,No,No,No,Over Speeding,Medium,1.0
ACC28230,19-08-2024,08:52,Telangana,Warangal,17.9905,80.145,National Highway,Clear,Day,28,Female,Bike,69,No,No,No,Over Speeding,Medium,4.0
ACC28231,06-02-2023,11:49,Tamil Nadu,Tiruchirappalli,11.5964,78.949,Village Road,Clear,Day,45,Male,Truck,41,No,No,No,Signal Jumping,Low,0.0
ACC28232,27-04-2023,19:42,Telangana,Khammam,18.6501,78.9831,National Highway,Cloudy,Night,28,Female,Car,89,Yes,No,No,Over Speeding,High,4.0
ACC28233,28-05-2024,01:00,Kerala,Kollam,10.0668,76.269,Village Road,Cloudy,Night,30,Female,Bike,48,Yes,Yes,No,Drunk Driving,High,
ACC28234,26-10-2023,12:54,Kerala,Thrissur,10.3929,76.4396,State Highway,Clear,Day,54,Male,Bike,58,No,No,No,Signal Jumping,Low,1.0
ACC28235,13-05-2023,20:37,Kerala,Kozhikode,9.8885,75.6591,City Road,Clear,Night,34,Male,Bus,51,No,No,No,Poor Weather Visibility,Low,0.0
ACC28236,29-10-2024,04:44,Kerala,Thiruvananthapuram,10.2868,76.766,National Highway,Clear,Night,34,Male,Bike,53,No,No,No,Poor Weather Visibility,Medium,3.0
ACC28237,02-03-2023,15:29,Tamil Nadu,Tiruchirappalli,10.9854,77.7892,National Highway,Clear,Day,37,Male,Bike,69,No,No,No,Signal Jumping,Low,0.0
ACC28238,23-08-2022,10:08,Tamil Nadu,Coimbatore,11.0919,78.8603,Village Road,Foggy,Day,34,Male,Auto,43,No,No,No,Poor Weather Visibility,Low,0.0
ACC28239,13-12-2024,20:25,Tamil Nadu,Madurai,11.017,78.1333,City Road,Clear,Night,54,Female,Car,42,No,Yes,No,Drowsy Driving,Low,
ACC28240,14-05-2023,18:03,Tamil Nadu,Salem,11.4303,79.0449,City Road,Clear,Dusk,55,Male,Car,48,No,Yes,No,Drowsy Driving,Low,0.0
ACC28241,04-03-2022,13:20,Kerala,Kollam,10.2546,76.7566,Village Road,Rainy,Day,18,Female,Auto,40,No,No,No,Poor Weather Visibility,Low,0.0
ACC28242,01-04-2022,02:22,Telangana,Hyderabad,18.2478,78.9333,National Highway,Rainy,Night,40,Female,Bike,70,No,No,Yes,Poor Weather Visibility,High,1.0
ACC28243,15-02-2023,09:23,Karnataka,Mangaluru,15.2245,75.78,National Highway,Clear,Day,38,Male,Bike,55,No,No,No,Poor Weather Visibility,Medium,1.0
ACC28244,12-11-2023,16:54,Tamil Nadu,Salem,11.0674,78.8805,City Road,Clear,Day,20,Male,Bike,38,No,No,No,Signal Jumping,Low,0.0
ACC28245,06-11-2024,19:16,Andhra Pradesh,Guntur,15.8961,79.221,National Highway,Clear,Night,30,Female,Bike,77,No,No,No,Over Speeding,High,7.0
ACC28246,09-10-2023,18:10,Karnataka,Belagavi,15.1256,74.809,Expressway,Cloudy,Dusk,44,Male,Auto,52,No,No,No,Poor Weather Visibility,Low,0.0
ACC28247,30-04-2024,14:43,Andhra Pradesh,Visakhapatnam,16.1935,80.1124,National Highway,Clear,Day,28,Male,Auto,73,No,No,No,Over Speeding,Medium,8.0
ACC28248,14-05-2024,10:24,Telangana,Karimnagar,18.4398,78.278,State Highway,Clear,Day,61,Male,Bus,57,No,No,No,Signal Jumping,Low,2.0
ACC28249,14-10-2022,21:59,Kerala,Thiruvananthapuram,10.4091,76.5543,National Highway,Rainy,Night,40,Female,Car,71,No,No,No,Poor Weather Visibility,High,4.0
ACC28250,31-05-2022,16:20,Kerala,Thiruvananthapuram,10.1929,76.9012,Village Road,Clear,Day,30,Male,Bike,66,No,No,Yes,Pothole/Bad Road,Medium,2.0
ACC28251,07-03-2022,09:24,Telangana,Warangal,17.8396,79.3463,National Highway,Cloudy,Day,61,Female,Bike,63,No,No,No,Poor Weather Visibility,Medium,2.0
ACC28252,01-06-2023,01:03,Kerala,Thrissur,10.5201,76.1436,National Highway,Cloudy,Night,47,Male,Bike,61,No,No,Yes,Pothole/Bad Road,Medium,2.0
ACC28253,02-11-2022,09:19,Puducherry,Puducherry,11.8404,79.8089,Village Road,Cloudy,Day,36,Female,Car,49,No,No,No,Signal Jumping,Low,1.0
ACC28254,14-09-2023,20:28,Karnataka,Bengaluru Urban,14.8999,74.9828,City Road,Clear,Night,60,Male,Car,75,Yes,Yes,No,Drunk Driving,High,
ACC28255,02-10-2024,16:13,Telangana,Warangal,17.6768,79.3053,National Highway,Overcast,Day,37,Male,Bike,69,No,No,No,Poor Weather Visibility,Low,2.0
ACC28256,12-09-2022,18:10,Andhra Pradesh,Vijayawada,16.7841,80.1229,State Highway,Clear,Dusk,32,Male,Truck,50,No,No,Yes,Pothole/Bad Road,Low,0.0
ACC28257,26-01-2023,00:52,Andhra Pradesh,Vijayawada,16.6578,80.1976,City Road,Overcast,Night,42,Male,Auto,42,No,No,No,Signal Jumping,Medium,6.0
ACC28258,12-10-2024,09:05,Kerala,Kollam,10.5113,76.8112,State Highway,Foggy,Day,37,Male,Car,56,No,No,Yes,Poor Weather Visibility,Medium,1.0
ACC28259,05-01-2022,11:01,Andhra Pradesh,Vijayawada,15.6728,79.511,City Road,Overcast,Day,36,Male,Car,50,No,No,No,Signal Jumping,Low,0.0
ACC28260,07-02-2023,07:32,Puducherry,Karaikal,12.1085,79.8175,Village Road,Cloudy,Day,46,Male,Truck,27,No,No,Yes,Pothole/Bad Road,Low,0.0
ACC28261,12-11-2024,06:06,Tamil Nadu,Madurai,11.1347,78.2009,Expressway,Overcast,Day,18,Male,Car,91,No,No,No,Over Speeding,Medium,4.0
ACC28262,13-01-2024,14:16,Andhra Pradesh,Visakhapatnam,15.7237,79.6894,Village Road,Cloudy,Day,23,Female,Bike,40,No,No,No,Poor Weather Visibility,Low,0.0
ACC28263,30-11-2023,08:10,Telangana,Karimnagar,18.8906,78.7018,City Road,Overcast,Day,38,Male,Car,41,No,No,No,Poor Weather Visibility,Low,0.0
ACC28264,01-03-2024,10:16,Tamil Nadu,Madurai,11.161,79.3207,City Road,Overcast,Day,46,Male,Car,66,No,Yes,No,Drowsy Driving,Medium,3.0
ACC28265,27-02-2023,13:56,Telangana,Nizamabad,17.8471,79.032,Village Road,Clear,Day,46,Male,Car,35,No,Yes,No,Drowsy Driving,Low,0.0
ACC28266,17-01-2023,03:33,Telangana,Nizamabad,17.6997,78.3689,National Highway,Cloudy,Night,44,Male,Bike,61,No,No,No,Signal Jumping,Medium,6.0
ACC28267,09-06-2023,12:50,Kerala,Kozhikode,10.8824,75.8138,City Road,Overcast,Day,32,Male,Auto,49,No,No,No,Signal Jumping,Low,3.0
ACC28268,04-02-2024,10:06,Telangana,Karimnagar,17.0926,78.9123,City Road,Clear,Day,33,Female,Bike,48,Yes,No,No,Drunk Driving,Low,1.0
ACC28269,14-07-2024,08:34,Tamil Nadu,Tiruchirappalli,10.9464,78.7541,Village Road,Cloudy,Day,34,Male,Bike,32,No,No,No,Signal Jumping,Low,0.0
ACC28270,16-09-2022,16:53,Tamil Nadu,Tiruchirappalli,11.3519,78.5502,City Road,Cloudy,Day,35,Male,Car,62,No,No,Yes,Pothole/Bad Road,Low,0.0
ACC28271,06-07-2023,07:50,Kerala,Kozhikode,10.2882,76.4014,City Road,Rainy,Day,18,Male,Car,64,No,No,No,Poor Weather Visibility,Medium,3.0
ACC28272,03-08-2023,21:14,Kerala,Kozhikode,9.9519,76.8317,City Road,Cloudy,Night,20,Male,Auto,44,No,No,No,Signal Jumping,Low,1.0
ACC28273,28-09-2023,18:08,Telangana,Hyderabad,18.2173,79.1974,State Highway,Rainy,Dusk,34,Male,Bike,83,No,No,No,Poor Weather Visibility,Medium,3.0
ACC28274,26-05-2022,21:41,Andhra Pradesh,Nellore,15.7697,79.7205,Village Road,Rainy,Night,28,Male,Bike,42,No,No,No,Poor Weather Visibility,Low,1.0
ACC28275,18-03-2024,02:35,Tamil Nadu,Chennai,11.1655,79.1516,Expressway,Cloudy,Night,57,Female,Bike,82,Yes,No,No,Drunk Driving,High,4.0
ACC28276,08-01-2022,20:18,Tamil Nadu,Coimbatore,11.1632,77.9253,Expressway,Clear,Night,47,Male,Truck,86,No,No,No,Over Speeding,Medium,4.0
ACC28277,25-06-2024,15:30,Karnataka,Mysuru,15.5597,75.7284,State Highway,Cloudy,Day,26,Male,Car,77,No,Yes,Yes,Drowsy Driving,High,7.0
ACC28278,08-06-2023,06:43,Karnataka,Belagavi,15.733,76.3028,City Road,Cloudy,Day,33,Male,Bike,72,No,No,Yes,Pothole/Bad Road,Medium,3.0
ACC28279,12-05-2024,20:03,Telangana,Khammam,18.1929,79.4772,Village Road,Cloudy,Night,18,Female,Auto,57,No,Yes,No,Drowsy Driving,High,4.0
ACC28280,09-11-2023,01:29,Telangana,Nizamabad,18.7247,79.1007,City Road,Clear,Night,41,Male,Auto,49,No,No,No,Signal Jumping,Low,0.0
ACC28281,22-05-2024,14:17,Puducherry,Puducherry,11.3073,79.544,State Highway,Rainy,Day,29,Male,Bike,65,No,No,No,Poor Weather Visibility,Medium,5.0
ACC28282,30-05-2022,17:43,Andhra Pradesh,Guntur,16.1744,79.1916,City Road,Rainy,Dusk,56,Male,Auto,52,No,No,No,Poor Weather Visibility,Medium,2.0
ACC28283,29-07-2024,06:16,Karnataka,Mangaluru,15.6808,75.3253,Village Road,Overcast,Day,45,Male,Auto,48,No,No,No,Poor Weather Visibility,Low,0.0
ACC28284,11-12-2022,13:42,Tamil Nadu,Tiruchirappalli,11.3317,78.5477,National Highway,Clear,Day,39,Male,Car,76,No,No,No,Over Speeding,Medium,4.0
ACC28285,13-03-2023,00:12,Karnataka,Mysuru,14.7339,75.2175,National Highway,Clear,Night,48,Male,Truck,74,No,Yes,No,Drowsy Driving,Medium,1.0
ACC28286,03-01-2024,01:56,Tamil Nadu,Tiruchirappalli,10.7592,79.0321,City Road,Clear,Night,43,Female,Bike,63,Yes,No,No,Drunk Driving,Medium,2.0
ACC28287,16-08-2023,18:15,Kerala,Thrissur,10.4843,76.9393,City Road,Clear,Dusk,20,Female,Bike,60,No,No,Yes,Pothole/Bad Road,Medium,
ACC28288,11-08-2022,15:11,Telangana,Karimnagar,17.3946,79.3555,City Road,Rainy,Day,54,Female,Car,22,No,No,No,Poor Weather Visibility,Low,0.0
ACC28289,29-05-2023,22:37,Telangana,Warangal,17.533,79.3911,City Road,Rainy,Night,18,Male,Bike,30,No,No,No,Poor Weather Visibility,Low,1.0
ACC28290,03-08-2022,02:16,Andhra Pradesh,Nellore,15.9406,78.9828,State Highway,Clear,Night,47,Female,Auto,57,No,No,No,Signal Jumping,Low,2.0
ACC28291,08-11-2024,06:33,Tamil Nadu,Chennai,10.254,78.086,City Road,Rainy,Day,39,Male,Auto,50,No,No,No,Poor Weather Visibility,Low,3.0
ACC28292,11-02-2023,12:12,Tamil Nadu,Chennai,11.4928,78.7288,City Road,Clear,Day,49,Male,Bike,45,Yes,No,Yes,Drunk Driving,Medium,3.0
ACC28293,27-10-2024,07:23,Kerala,Thiruvananthapuram,10.2872,76.6981,State Highway,Rainy,Day,34,Male,Bike,65,No,No,No,Poor Weather Visibility,Medium,5.0
ACC28294,26-03-2022,18:06,Karnataka,Bengaluru Urban,15.3573,75.3945,Expressway,Rainy,Dusk,18,Male,Car,92,No,Yes,No,Over Speeding,High,6.0
ACC28295,25-03-2023,07:49,Karnataka,Mangaluru,15.7079,75.9147,State Highway,Clear,Day,49,Male,Car,71,No,Yes,No,Drowsy Driving,Low,2.0
ACC28296,21-07-2022,06:50,Kerala,Thrissur,9.8764,76.08,Village Road,Clear,Day,27,Female,Car,23,No,No,No,Poor Weather Visibility,Low,2.0
ACC28297,15-06-2022,11:13,Tamil Nadu,Chennai,10.675,78.4899,National Highway,Clear,Day,35,Male,Auto,70,Yes,No,No,Drunk Driving,High,3.0
ACC28298,29-11-2024,19:46,Andhra Pradesh,Vijayawada,16.385,79.7942,Village Road,Cloudy,Night,26,Female,Bike,29,No,No,No,Poor Weather Visibility,Low,0.0
ACC28299,30-08-2022,12:22,Karnataka,Belagavi,14.8585,75.7042,National Highway,Clear,Day,38,Male,Auto,77,No,No,No,Over Speeding,Medium,1.0
ACC28300,30-05-2022,09:06,Telangana,Khammam,17.5624,78.3693,Village Road,Foggy,Day,43,Male,Bike,40,No,No,No,Poor Weather Visibility,Low,0.0
ACC28301,20-12-2022,08:35,Telangana,Warangal,17.7733,78.871,Expressway,Clear,Day,31,Female,Bike,93,No,No,No,Over Speeding,High,9.0
ACC28302,28-10-2022,19:43,Kerala,Ernakulam,10.9957,75.8546,National Highway,Clear,Night,18,Female,Bike,82,No,No,No,Over Speeding,High,6.0
ACC28303,07-06-2024,19:07,Tamil Nadu,Chennai,11.2109,78.2188,Expressway,Cloudy,Night,26,Male,Bike,79,No,No,No,Over Speeding,Medium,2.0
ACC28304,21-10-2022,08:11,Andhra Pradesh,Vijayawada,15.6918,79.7088,National Highway,Foggy,Day,53,Male,Truck,85,No,Yes,No,Poor Weather Visibility,High,7.0
ACC28305,15-10-2024,18:27,Karnataka,Mangaluru,15.6782,75.5838,City Road,Cloudy,Dusk,40,Male,Truck,54,Yes,Yes,No,Drunk Driving,Medium,5.0
ACC28306,13-09-2022,13:11,Tamil Nadu,Coimbatore,11.4056,79.5345,City Road,Clear,Day,32,Male,Bike,69,Yes,No,No,Drunk Driving,Low,0.0
ACC28307,14-10-2022,13:05,Kerala,Kollam,10.2132,75.8015,National Highway,Rainy,Day,34,Male,Bike,61,No,No,No,Poor Weather Visibility,Medium,1.0
ACC28308,28-07-2023,10:17,Tamil Nadu,Madurai,11.3591,78.4118,Village Road,Clear,Day,26,Female,Auto,50,Yes,No,Yes,Drunk Driving,Low,0.0
ACC28309,05-06-2022,18:13,Tamil Nadu,Salem,11.3861,78.2628,Village Road,Clear,Dusk,47,Male,Bus,44,Yes,No,Yes,Drunk Driving,Low,2.0
ACC28310,12-06-2024,21:14,Tamil Nadu,Chennai,10.7396,78.8137,National Highway,Cloudy,Night,30,Female,Bike,68,Yes,No,Yes,Drunk Driving,High,2.0
ACC28311,30-12-2024,23:52,Telangana,Warangal,18.3667,79.1506,Expressway,Cloudy,Night,43,Female,Bike,98,No,Yes,No,Over Speeding,High,6.0
ACC28312,25-02-2022,15:00,Tamil Nadu,Chennai,11.0625,78.4365,City Road,Cloudy,Day,58,Male,Bus,56,No,No,No,Signal Jumping,Medium,3.0
ACC28313,12-07-2024,20:12,Andhra Pradesh,Kurnool,15.8692,79.7471,National Highway,Clear,Night,36,Male,Bike,73,No,No,No,Over Speeding,Medium,3.0
ACC28314,01-05-2022,19:14,Kerala,Thrissur,9.4186,76.9265,City Road,Clear,Night,39,Male,Bus,44,No,No,Yes,Pothole/Bad Road,Low,1.0
ACC28315,06-01-2024,16:30,Kerala,Thrissur,9.9542,75.9088,State Highway,Rainy,Day,35,Male,Bike,55,No,No,Yes,Poor Weather Visibility,Low,0.0
ACC28316,21-05-2024,15:08,Andhra Pradesh,Guntur,15.8401,79.4897,Village Road,Clear,Day,37,Male,Auto,48,No,No,No,Signal Jumping,Low,0.0
ACC28317,25-01-2024,08:23,Tamil Nadu,Tiruchirappalli,11.2807,78.7742,City Road,Clear,Day,42,Male,Car,31,No,No,Yes,Pothole/Bad Road,Low,1.0
ACC28318,22-12-2024,13:57,Tamil Nadu,Coimbatore,10.6037,78.8409,State Highway,Overcast,Day,48,Male,Truck,74,No,No,No,Over Speeding,Low,0.0
ACC28319,25-12-2023,16:56,Telangana,Khammam,18.1585,79.2071,Expressway,Cloudy,Day,25,Male,Bike,83,No,No,No,Over Speeding,High,2.0
ACC28320,13-08-2024,21:21,Tamil Nadu,Salem,10.7737,78.6634,National Highway,Rainy,Night,58,Female,Bike,83,Yes,No,No,Poor Weather Visibility,High,
ACC28321,27-11-2023,08:54,Tamil Nadu,Chennai,11.0686,78.6717,Village Road,Rainy,Day,23,Male,Car,43,No,No,No,Poor Weather Visibility,Low,0.0
ACC28322,24-03-2023,11:57,Kerala,Thrissur,9.8959,76.3848,City Road,Clear,Day,34,Male,Bike,52,No,No,Yes,Signal Jumping,Medium,3.0
ACC28323,02-07-2023,20:47,Tamil Nadu,Madurai,10.6504,78.4016,National Highway,Cloudy,Night,24,Male,Bike,88,No,No,No,Over Speeding,High,4.0
ACC28324,29-10-2024,16:07,Karnataka,Hubballi,15.5997,75.4462,National Highway,Rainy,Day,48,Male,Bike,59,No,No,No,Poor Weather Visibility,Medium,2.0
ACC28325,09-11-2022,19:27,Tamil Nadu,Coimbatore,11.1233,78.6365,State Highway,Rainy,Night,18,Male,Bike,46,Yes,No,No,Poor Weather Visibility,Medium,2.0
ACC28326,25-12-2022,07:33,Tamil Nadu,Madurai,11.2503,79.1019,National Highway,Clear,Day,26,Male,Bike,67,No,No,No,Over Speeding,Low,0.0
ACC28327,23-07-2022,17:06,Karnataka,Mangaluru,15.4742,75.9951,State Highway,Clear,Dusk,20,Male,Car,82,No,No,Yes,Over Speeding,Medium,3.0
ACC28328,04-11-2023,05:56,Kerala,Ernakulam,10.3195,75.8422,Expressway,Rainy,Dawn,51,Male,Auto,76,No,No,No,Poor Weather Visibility,Medium,1.0
ACC28329,27-06-2022,20:18,Andhra Pradesh,Vijayawada,15.678,78.9892,State Highway,Clear,Night,18,Male,Auto,54,No,No,No,Signal Jumping,Medium,1.0
ACC28330,10-11-2022,21:54,Kerala,Kollam,10.8174,76.0841,City Road,Rainy,Night,26,Female,Auto,43,Yes,No,No,Poor Weather Visibility,Medium,3.0
ACC28331,20-05-2023,07:00,Kerala,Ernakulam,9.9252,76.4874,National Highway,Rainy,Day,28,Male,Bike,66,No,No,No,Poor Weather Visibility,Medium,1.0
ACC28332,02-03-2022,08:36,Andhra Pradesh,Guntur,15.779,80.2219,City Road,Rainy,Day,34,Male,Bike,35,No,No,Yes,Poor Weather Visibility,Low,0.0
ACC28333,17-02-2024,16:56,Tamil Nadu,Chennai,11.3007,78.8817,Expressway,Clear,Day,50,Male,Car,81,No,No,No,Over Speeding,Medium,2.0
ACC28334,15-02-2023,01:26,Tamil Nadu,Tiruchirappalli,11.137,78.9011,Expressway,Clear,Night,51,Male,Bike,76,No,No,No,Over Speeding,Medium,4.0
ACC28335,01-11-2022,20:51,Kerala,Kozhikode,10.3452,76.3409,National Highway,Clear,Night,42,Male,Bus,58,No,No,No,Poor Weather Visibility,Low,1.0
ACC28336,06-08-2022,12:36,Karnataka,Bengaluru Urban,15.2776,75.4126,City Road,Clear,Day,43,Male,Truck,30,No,No,No,Poor Weather Visibility,Low,1.0
ACC28337,18-11-2024,18:16,Karnataka,Mysuru,15.2418,75.9336,State Highway,Clear,Dusk,35,Female,Auto,66,No,Yes,No,Drowsy Driving,Medium,6.0
ACC28338,23-04-2022,21:42,Karnataka,Mysuru,14.7421,75.6523,City Road,Rainy,Night,43,Male,Bike,54,No,No,Yes,Poor Weather Visibility,Medium,1.0
ACC28339,11-07-2022,18:18,Kerala,Ernakulam,10.1167,75.2071,National Highway,Overcast,Dusk,41,Male,Car,63,No,No,No,Poor Weather Visibility,Low,0.0
ACC28340,14-04-2023,05:04,Kerala,Thrissur,9.8742,76.1593,Village Road,Clear,Dawn,39,Male,Car,66,No,No,No,Over Speeding,Low,0.0
ACC28341,02-09-2022,22:44,Karnataka,Belagavi,14.6498,75.6149,National Highway,Cloudy,Night,18,Male,Bike,98,Yes,No,No,Over Speeding,High,4.0
ACC28342,24-06-2023,00:42,Andhra Pradesh,Nellore,15.6722,79.8116,National Highway,Clear,Night,47,Male,Bike,75,Yes,No,No,Drunk Driving,High,5.0
ACC28343,17-04-2022,10:29,Kerala,Thrissur,10.4244,76.5573,State Highway,Clear,Day,57,Male,Bike,56,No,No,No,Signal Jumping,Low,0.0
ACC28344,09-11-2024,19:10,Andhra Pradesh,Kurnool,15.578,80.0462,State Highway,Cloudy,Night,18,Male,Bike,56,No,No,No,Poor Weather Visibility,Medium,2.0