Accident_ID,Date,Time,State,District,Latitude,Longitude,Road_Type,Weather,Light_Condition,Driver_Age,Driver_Gender,Vehicle_Type,Speed_kmph,Alcohol_Involved,Driver_Drowsy,Pothole_Involved,Cause_of_Accident,Severity,Casualties
ACC28345,04-09-2022,18:55,Karnataka,Belagavi,15.3595,75.318,Expressway,Clear,Dusk,42,Male,Truck,63,No,No,Yes,Pothole/Bad Road,Medium,1.0
ACC28346,10-05-2024,21:33,Kerala,Kollam,10.8826,75.5499,City Road,Foggy,Night,24,Female,Auto,40,No,No,No,Poor Weather Visibility,Medium,3.0
ACC28347,02-01-2022,07:08,Karnataka,Mangaluru,15.0522,76.3707,Village Road,Cloudy,Day,58,Male,Car,40,No,No,No,Poor Weather Visibility,Low,0.0
ACC28348,22-11-2024,20:38,Tamil Nadu,Chennai,11.1391,78.2948,Village Road,Rainy,Night,43,Male,Bike,45,Yes,No,Yes,Poor Weather Visibility,High,4.0
ACC28349,31-01-2024,04:23,Tamil Nadu,Salem,11.0424,78.2858,National Highway,Clear,Night,31,Male,Bike,90,Yes,Yes,Yes,Over Speeding,High,11.0
ACC28350,03-02-2023,19:44,Tamil Nadu,Coimbatore,11.1375,78.5685,City Road,Clear,Night,21,Male,Bus,46,No,No,Yes,Pothole/Bad Road,Low,0.0
ACC28351,02-11-2022,18:44,Kerala,Ernakulam,9.6447,76.3486,City Road,Clear,Dusk,35,Male,Auto,41,No,No,Yes,Pothole/Bad Road,Low,1.0
ACC28352,29-11-2023,12:27,Kerala,Kollam,10.4015,76.5002,City Road,Rainy,Day,45,Male,Bike,46,No,No,No,Poor Weather Visibility,Medium,2.0
ACC28353,13-07-2023,09:15,Telangana,Nizamabad,18.4383,78.5939,National Highway,Clear,Day,48,Male,Bike,64,No,No,No,Over Speeding,Low,1.0
ACC28354,04-02-2023,20:41,Tamil Nadu,Salem,10.9157,79.2425,Expressway,Clear,Night,18,Male,Auto,97,Yes,No,No,Over Speeding,High,5.0
ACC28355,26-04-2022,10:48,Tamil Nadu,Coimbatore,10.4218,77.9639,National Highway,Rainy,Day,57,Female,Car,75,No,No,No,Poor Weather Visibility,High,6.0
ACC28356,22-12-2022,13:02,Tamil Nadu,Coimbatore,11.2266,78.4477,National Highway,Clear,Day,49,Male,Car,52,No,No,Yes,Pothole/Bad Road,Low,1.0
ACC28357,06-06-2024,14:32,Tamil Nadu,Tiruchirappalli,11.7909,78.4203,City Road,Cloudy,Day,18,Male,Car,50,No,No,No,Poor Weather Visibility,Low,0.0
ACC28358,23-07-2022,00:41,Kerala,Kollam,9.9152,75.9524,State Highway,Clear,Night,33,Male,Car,77,Yes,No,No,Drunk Driving,High,3.0
ACC28359,13-03-2024,19:39,Telangana,Khammam,18.107,78.354,Village Road,Rainy,Night,54,Female,Bike,38,No,No,Yes,Poor Weather Visibility,Low,3.0
ACC28360,05-06-2023,16:07,Andhra Pradesh,Visakhapatnam,15.8942,79.4902,National Highway,Clear,Day,38,Male,Car,87,No,No,No,Over Speeding,Medium,2.0
ACC28361,30-12-2022,13:09,Telangana,Nizamabad,18.0728,79.2261,National Highway,Rainy,Day,48,Male,Bus,52,No,No,No,Poor Weather Visibility,Medium,2.0
ACC28362,12-10-2023,08:09,Karnataka,Belagavi,15.1167,76.4931,Village Road,Clear,Day,51,Female,Auto,34,No,No,No,Poor Weather Visibility,Low,1.0
ACC28363,20-04-2024,12:12,Karnataka,Mysuru,15.2021,75.9877,Village Road,Clear,Day,31,Male,Car,37,No,No,No,Signal Jumping,Low,1.0
ACC28364,13-03-2022,21:27,Andhra Pradesh,Vijayawada,15.4948,79.5872,City Road,Clear,Night,46,Male,Truck,48,No,No,Yes,Pothole/Bad Road,Low,0.0
ACC28365,12-11-2023,00:07,Tamil Nadu,Madurai,11.6407,78.6948,City Road,Overcast,Night,39,Male,Auto,49,No,No,No,Poor Weather Visibility,Low,2.0
ACC28366,01-04-2023,18:13,Andhra Pradesh,Visakhapatnam,15.9567,79.8278,City Road,Clear,Dusk,29,Male,Car,46,No,No,No,Poor Weather Visibility,Low,1.0
ACC28367,27-07-2023,08:02,Telangana,Nizamabad,18.0222,78.8278,National Highway,Cloudy,Day,49,Female,Auto,66,No,No,No,Poor Weather Visibility,Medium,0.0
ACC28368,06-05-2023,10:20,Tamil Nadu,Madurai,11.0372,79.5953,State Highway,Clear,Day,56,Male,Auto,49,No,No,Yes,Pothole/Bad Road,Low,0.0
ACC28369,17-06-2022,20:12,Karnataka,Mangaluru,14.991,75.9801,Expressway,Clear,Night,41,Female,Auto,69,No,Yes,No,Drowsy Driving,Medium,2.0
ACC28370,15-03-2022,22:37,Telangana,Khammam,18.2235,78.8303,Village Road,Clear,Night,35,Female,Car,56,No,Yes,No,Drowsy Driving,Medium,3.0
ACC28371,22-08-2024,18:16,Telangana,Warangal,18.4681,79.3594,National Highway,Rainy,Dusk,38,Male,Bike,72,No,No,Yes,Poor Weather Visibility,Medium,0.0
ACC28372,06-04-2023,13:39,Tamil Nadu,Tiruchirappalli,11.1939,78.6458,City Road,Cloudy,Day,34,Male,Car,49,No,No,No,Poor Weather Visibility,Low,2.0
ACC28373,18-08-2022,19:40,Tamil Nadu,Chennai,10.8969,78.3738,Expressway,Rainy,Night,34,Male,Car,76,No,No,Yes,Poor Weather Visibility,High,4.0
ACC28374,25-08-2022,17:24,Telangana,Warangal,17.6957,78.9706,State Highway,Cloudy,Dusk,18,Male,Car,83,Yes,No,No,Drunk Driving,High,7.0
ACC28375,27-04-2022,16:34,Telangana,Karimnagar,17.9828,78.8337,City Road,Clear,Day,30,Male,Auto,42,No,No,No,Signal Jumping,Low,0.0
ACC28376,28-09-2024,07:15,Telangana,Warangal,17.9311,78.4165,City Road,Cloudy,Day,52,Male,Auto,59,No,No,Yes,Pothole/Bad Road,Low,2.0
ACC28377,23-04-2024,17:05,Andhra Pradesh,Vijayawada,15.7972,79.6123,City Road,Cloudy,Dusk,18,Female,Bus,62,No,No,No,Poor Weather Visibility,Low,0.0
ACC28378,21-03-2022,05:15,Tamil Nadu,Tiruchirappalli,10.7484,78.613,National Highway,Clear,Dawn,26,Female,Truck,70,Yes,No,No,Drunk Driving,Medium,6.0
ACC28379,31-07-2024,17:16,Telangana,Hyderabad,18.1048,79.2532,City Road,Foggy,Dusk,36,Male,Auto,37,No,No,Yes,Poor Weather Visibility,Low,2.0
ACC28380,31-05-2024,21:55,Andhra Pradesh,Guntur,16.7149,80.1456,National Highway,Clear,Night,46,Female,Bike,61,No,No,No,Signal Jumping,Medium,4.0
ACC28381,14-10-2024,11:11,Kerala,Ernakulam,9.9303,75.5977,City Road,Cloudy,Day,34,Male,Bike,60,No,No,Yes,Pothole/Bad Road,Medium,2.0
ACC28382,17-08-2022,07:17,Karnataka,Mangaluru,15.5534,76.7834,City Road,Rainy,Day,31,Male,Car,43,Yes,No,No,Poor Weather Visibility,Low,0.0
ACC28383,22-01-2022,09:28,Andhra Pradesh,Visakhapatnam,15.939,79.4985,City Road,Rainy,Day,26,Male,Car,42,No,No,No,Poor Weather Visibility,Medium,2.0
ACC28384,14-08-2024,21:29,Kerala,Ernakulam,10.6392,76.2523,National Highway,Rainy,Night,42,Male,Bike,60,No,No,No,Poor Weather Visibility,Medium,2.0
ACC28385,15-07-2022,16:11,Kerala,Kozhikode,10.0149,76.8474,Village Road,Rainy,Day,48,Male,Bike,32,No,No,No,Poor Weather Visibility,Low,1.0
ACC28386,25-11-2024,13:00,Telangana,Khammam,18.3187,79.4429,Expressway,Cloudy,Day,45,Male,Auto,67,No,No,No,Poor Weather Visibility,Medium,4.0
ACC28387,14-09-2023,18:55,Telangana,Warangal,17.7272,78.1218,City Road,Rainy,Dusk,45,Male,Bike,36,No,No,Yes,Poor Weather Visibility,Medium,2.0
ACC28388,04-05-2023,17:19,Tamil Nadu,Chennai,11.6452,78.5482,National Highway,Clear,Dusk,26,Male,Car,62,No,No,Yes,Pothole/Bad Road,Low,1.0
ACC28389,09-11-2022,09:34,Telangana,Hyderabad,18.4265,77.9649,City Road,Cloudy,Day,27,Male,Bike,63,Yes,No,Yes,Drunk Driving,High,4.0
ACC28390,25-03-2022,06:26,Kerala,Ernakulam,10.2203,76.1042,National Highway,Clear,Day,35,Male,Bike,57,No,No,No,Poor Weather Visibility,Medium,1.0
ACC28391,04-07-2024,16:01,Tamil Nadu,Coimbatore,10.6286,79.1096,National Highway,Clear,Day,34,Male,Truck,56,No,No,Yes,Pothole/Bad Road,Low,0.0
ACC28392,17-10-2023,10:50,Karnataka,Mysuru,15.9206,75.5649,State Highway,Clear,Day,30,Female,Bike,66,No,No,No,Over Speeding,Low,1.0
ACC28393,15-06-2024,22:41,Kerala,Thiruvananthapuram,10.2561,75.6221,State Highway,Clear,Night,29,Female,Truck,59,No,No,No,Signal Jumping,Medium,2.0
ACC28394,25-03-2022,05:42,Tamil Nadu,Tiruchirappalli,11.2138,78.5878,City Road,Cloudy,Dawn,44,Male,Bike,26,No,No,No,Poor Weather Visibility,Low,1.0
ACC28395,03-05-2024,11:08,Andhra Pradesh,Nellore,16.3227,79.2981,Village Road,Clear,Day,37,Male,Car,50,No,No,Yes,Pothole/Bad Road,Low,
ACC28396,25-02-2024,14:08,Karnataka,Belagavi,15.3788,76.1549,Village Road,Clear,Day,47,Female,Car,51,No,No,Yes,Pothole/Bad Road,Low,0.0
ACC28397,14-05-2024,22:53,Kerala,Thrissur,9.7472,76.59,Village Road,Overcast,Night,25,Male,Car,50,Yes,Yes,No,Drunk Driving,High,5.0
ACC28398,08-01-2022,21:20,Tamil Nadu,Coimbatore,11.3154,78.8205,National Highway,Clear,Night,56,Male,Auto,79,No,Yes,No,Drowsy Driving,High,4.0
ACC28399,27-08-2022,05:24,Telangana,Warangal,17.9178,78.5656,State Highway,Rainy,Dawn,29,Male,Bike,101,No,Yes,Yes,Over Speeding,High,6.0
ACC28400,07-07-2024,08:26,Telangana,Karimnagar,17.6314,77.974,National Highway,Rainy,Day,36,Male,Car,65,No,No,Yes,Poor Weather Visibility,Medium,2.0
ACC28401,14-08-2024,17:07,Karnataka,Hubballi,14.9075,75.8793,Village Road,Cloudy,Dusk,48,Female,Bike,50,No,Yes,No,Drowsy Driving,Medium,2.0
ACC28402,08-03-2024,19:49,Tamil Nadu,Chennai,10.4597,78.6236,State Highway,Clear,Night,24,Male,Auto,57,No,No,No,Signal Jumping,Medium,4.0
ACC28403,02-05-2024,14:14,Karnataka,Belagavi,16.0664,75.1827,National Highway,Clear,Day,34,Female,Bus,72,No,No,Yes,Pothole/Bad Road,Low,1.0
ACC28404,28-04-2024,21:25,Telangana,Hyderabad,17.903,78.832,City Road,Clear,Night,18,Male,Truck,54,Yes,No,No,Drunk Driving,Medium,5.0
ACC28405,13-12-2023,10:54,Telangana,Nizamabad,17.6553,79.0419,City Road,Clear,Day,38,Male,Car,36,No,No,No,Signal Jumping,Low,0.0
ACC28406,27-03-2023,20:42,Tamil Nadu,Madurai,10.8989,78.7986,National Highway,Foggy,Night,30,Male,Bike,53,No,No,No,Poor Weather Visibility,High,6.0
ACC28407,05-01-2022,11:30,Tamil Nadu,Madurai,10.9436,78.5987,Expressway,Clear,Day,27,Male,Bike,87,No,No,No,Over Speeding,High,6.0
ACC28408,11-06-2022,20:53,Andhra Pradesh,Visakhapatnam,15.8311,78.9823,Village Road,Clear,Night,37,Male,Truck,39,No,No,Yes,Pothole/Bad Road,Low,0.0
ACC28409,29-02-2024,12:31,Tamil Nadu,Madurai,11.125,78.4052,Expressway,Cloudy,Day,44,Male,Bike,68,No,No,No,Poor Weather Visibility,Medium,3.0
ACC28410,30-09-2022,18:48,Telangana,Hyderabad,17.4642,79.8051,City Road,Clear,Dusk,37,Male,Car,55,No,No,No,Signal Jumping,Low,
ACC28411,29-10-2024,10:42,Puducherry,Karaikal,11.6712,80.3469,State Highway,Rainy,Day,39,Male,Bike,63,No,No,No,Poor Weather Visibility,Medium,2.0
ACC28412,07-05-2022,21:04,Telangana,Hyderabad,17.8193,78.9206,Village Road,Cloudy,Night,51,Male,Bike,54,No,No,No,Poor Weather Visibility,Low,0.0
ACC28413,21-10-2022,21:22,Andhra Pradesh,Guntur,16.2377,79.3269,City Road,Clear,Night,33,Male,Car,46,No,No,No,Signal Jumping,Low,0.0
ACC28414,04-12-2022,08:59,Tamil Nadu,Coimbatore,11.2177,78.5433,State Highway,Rainy,Day,28,Male,Bike,69,No,No,Yes,Poor Weather Visibility,Medium,3.0
ACC28415,12-07-2023,09:19,Tamil Nadu,Madurai,10.9532,78.4501,State Highway,Clear,Day,34,Male,Auto,61,Yes,No,No,Drunk Driving,Medium,2.0
ACC28416,29-07-2022,16:05,Tamil Nadu,Chennai,10.4212,78.3793,National Highway,Clear,Day,41,Male,Truck,58,No,No,No,Poor Weather Visibility,Low,3.0
ACC28417,05-03-2024,17:41,Karnataka,Mysuru,15.7248,75.902,Village Road,Cloudy,Dusk,50,Male,Bus,41,No,No,Yes,Pothole/Bad Road,Low,
ACC28418,22-04-2022,23:45,Kerala,Kozhikode,9.8901,76.7219,National Highway,Rainy,Night,40,Female,Auto,56,No,No,No,Poor Weather Visibility,Medium,1.0
ACC28419,15-06-2022,20:08,Kerala,Thrissur,10.3531,76.5613,Village Road,Cloudy,Night,39,Female,Bike,87,Yes,No,No,Over Speeding,High,7.0
ACC28420,09-10-2023,21:08,Karnataka,Belagavi,15.5066,75.2629,National Highway,Foggy,Night,37,Female,Truck,52,No,No,No,Poor Weather Visibility,Low,3.0
ACC28421,04-01-2024,10:25,Andhra Pradesh,Vijayawada,16.0875,80.2151,State Highway,Clear,Day,22,Male,Bike,68,Yes,No,No,Drunk Driving,Medium,3.0
ACC28422,06-08-2022,17:03,Karnataka,Bengaluru Urban,14.8189,75.0905,Expressway,Clear,Dusk,25,Male,Truck,82,No,No,No,Over Speeding,Medium,2.0
ACC28423,17-05-2024,10:38,Telangana,Warangal,18.0806,79.4125,City Road,Rainy,Day,19,Male,Bike,62,Yes,No,Yes,Poor Weather Visibility,High,8.0
ACC28424,13-06-2023,12:13,Tamil Nadu,Chennai,11.0634,78.5634,City Road,Overcast,Day,63,Male,Bike,62,No,No,No,Poor Weather Visibility,Low,0.0
ACC28425,21-10-2024,16:56,Tamil Nadu,Tiruchirappalli,10.9313,79.2629,National Highway,Overcast,Day,49,Female,Car,68,No,Yes,No,Drowsy Driving,Medium,0.0
ACC28426,04-02-2024,19:13,Tamil Nadu,Salem,11.32,77.1474,City Road,Clear,Night,25,Female,Car,68,No,No,No,Over Speeding,Medium,3.0
ACC28427,15-09-2024,18:06,Karnataka,Bengaluru Urban,15.3434,75.6411,City Road,Rainy,Dusk,32,Male,Car,53,No,No,No,Poor Weather Visibility,Medium,2.0
ACC28428,18-05-2022,06:00,Tamil Nadu,Madurai,11.4182,78.303,State Highway,Rainy,Day,49,Female,Car,58,No,No,Yes,Poor Weather Visibility,Medium,4.0
ACC28429,21-04-2023,09:26,Tamil Nadu,Salem,10.7094,78.267,City Road,Rainy,Day,40,Female,Truck,74,No,No,No,Poor Weather Visibility,Medium,1.0
ACC28430,19-03-2023,12:02,Tamil Nadu,Tiruchirappalli,10.3995,79.0728,City Road,Clear,Day,28,Female,Bike,84,Yes,Yes,No,Drunk Driving,High,8.0
ACC28431,22-06-2024,21:35,Telangana,Nizamabad,17.215,78.8979,Expressway,Clear,Night,42,Male,Bike,84,Yes,No,No,Drunk Driving,High,5.0
ACC28432,29-11-2023,06:57,Karnataka,Hubballi,15.2618,75.7872,State Highway,Rainy,Day,50,Male,Bike,56,No,No,Yes,Poor Weather Visibility,Medium,2.0
ACC28433,05-01-2023,06:30,Karnataka,Hubballi,14.6878,75.9215,Village Road,Clear,Day,28,Male,Auto,47,No,No,No,Signal Jumping,Low,0.0
ACC28434,28-04-2022,15:21,Tamil Nadu,Salem,10.6083,78.6137,City Road,Clear,Day,23,Female,Truck,44,No,No,No,Signal Jumping,Low,2.0
ACC28435,01-04-2023,08:20,Telangana,Warangal,17.2708,78.7315,Expressway,Clear,Day,52,Male,Bike,75,No,No,No,Over Speeding,Medium,3.0
ACC28436,24-10-2023,18:26,Telangana,Nizamabad,18.5093,78.4081,State Highway,Overcast,Dusk,35,Male,Bike,52,Yes,No,No,Signal Jumping,Medium,4.0
ACC28437,09-11-2024,16:34,Tamil Nadu,Chennai,11.056,78.0901,City Road,Cloudy,Day,53,Male,Bike,48,No,No,No,Poor Weather Visibility,Low,2.0
ACC28438,22-11-2023,12:17,Tamil Nadu,Madurai,11.4767,78.4353,National Highway,Rainy,Day,29,Male,Bike,61,Yes,No,Yes,Poor Weather Visibility,High,6.0
ACC28439,28-11-2024,15:47,Telangana,Hyderabad,17.6311,78.8708,State Highway,Clear,Day,39,Male,Bike,89,Yes,No,No,Over Speeding,High,3.0
ACC28440,14-05-2022,12:31,Tamil Nadu,Coimbatore,11.1968,79.0802,State Highway,Cloudy,Day,25,Female,Truck,85,Yes,No,Yes,Drunk Driving,High,3.0
ACC28441,16-03-2022,22:18,Andhra Pradesh,Vijayawada,16.1885,80.0315,State Highway,Clear,Night,35,Female,Bike,43,No,No,No,Signal Jumping,Low,0.0
ACC28442,28-06-2022,05:54,Telangana,Karimnagar,17.2896,78.9831,National Highway,Cloudy,Dawn,39,Male,Car,77,No,No,No,Signal Jumping,Low,0.0
ACC28443,31-10-2024,16:50,Tamil Nadu,Chennai,10.5902,79.2773,City Road,Rainy,Day,41,Female,Car,49,No,No,No,Poor Weather Visibility,Low,0.0
ACC28444,17-05-2022,14:06,Karnataka,Belagavi,15.3606,75.8089,National Highway,Overcast,Day,55,Male,Bus,68,No,No,No,Poor Weather Visibility,Medium,2.0
ACC28445,07-07-2024,11:54,Tamil Nadu,Salem,10.8786,79.108,Village Road,Rainy,Day,41,Female,Car,43,No,No,Yes,Poor Weather Visibility,Low,
ACC28446,04-02-2023,06:40,Tamil Nadu,Chennai,11.5312,78.5335,City Road,Clear,Day,24,Male,Car,52,No,No,No,Signal Jumping,Low,1.0
ACC28447,15-02-2022,05:16,Kerala,Kozhikode,10.6093,76.9839,State Highway,Clear,Dawn,20,Female,Bike,60,No,No,No,Signal Jumping,Medium,3.0
ACC28448,10-04-2023,17:44,Tamil Nadu,Salem,11.5284,78.4951,City Road,Clear,Dusk,36,Male,Bike,38,No,No,No,Poor Weather Visibility,Low,0.0
ACC28449,17-04-2023,03:19,Karnataka,Belagavi,15.8003,74.73,Expressway,Rainy,Night,33,Female,Bus,84,No,No,No,Poor Weather Visibility,Medium,4.0
ACC28450,26-07-2023,01:44,Telangana,Warangal,17.6239,79.5254,City Road,Rainy,Night,22,Male,Auto,55,Yes,No,No,Poor Weather Visibility,High,9.0
ACC28451,05-11-2022,00:19,Andhra Pradesh,Kurnool,16.2504,80.422,City Road,Rainy,Night,40,Male,Bike,45,No,Yes,Yes,Poor Weather Visibility,Medium,2.0
ACC28452,02-10-2023,08:36,Kerala,Ernakulam,10.2013,76.9585,State Highway,Cloudy,Day,33,Female,Bike,59,No,No,No,Poor Weather Visibility,Low,2.0
ACC28453,22-01-2024,06:35,Andhra Pradesh,Visakhapatnam,15.724,79.3612,Expressway,Rainy,Day,58,Male,Bus,95,No,No,No,Over Speeding,High,4.0
ACC28454,11-08-2022,06:51,Telangana,Warangal,18.8876,78.3995,Expressway,Overcast,Day,36,Male,Truck,92,No,Yes,Yes,Over Speeding,High,7.0
ACC28455,10-08-2022,23:08,Tamil Nadu,Chennai,11.2982,78.6818,City Road,Rainy,Night,30,Male,Bike,52,No,Yes,No,Poor Weather Visibility,Low,3.0
ACC28456,05-01-2024,12:43,Karnataka,Belagavi,14.2485,75.2101,State Highway,Rainy,Day,31,Male,Bike,75,No,No,Yes,Poor Weather Visibility,High,4.0
ACC28457,25-06-2023,11:07,Telangana,Warangal,17.6566,79.2511,State Highway,Overcast,Day,60,Male,Bike,59,No,No,No,Signal Jumping,Low,0.0
ACC28458,15-07-2022,06:32,Telangana,Hyderabad,18.1571,78.8305,Village Road,Clear,Day,55,Male,Bike,30,No,No,Yes,Pothole/Bad Road,Low,1.0
ACC28459,23-07-2022,22:09,Telangana,Nizamabad,17.9777,78.9394,City Road,Cloudy,Night,29,Female,Car,47,No,No,No,Poor Weather Visibility,Low,2.0
ACC28460,29-03-2022,21:14,Karnataka,Hubballi,15.1216,75.9502,Expressway,Rainy,Night,49,Male,Bike,90,Yes,No,No,Over Speeding,High,7.0
ACC28461,23-12-2024,09:38,Kerala,Thiruvananthapuram,9.5722,76.1662,City Road,Rainy,Day,30,Female,Auto,55,No,No,No,Poor Weather Visibility,Low,2.0
ACC28462,18-09-2023,17:08,Kerala,Kollam,10.1141,76.2939,National Highway,Foggy,Dusk,31,Male,Bus,63,No,No,No,Poor Weather Visibility,Medium,
ACC28463,23-05-2023,17:22,Telangana,Hyderabad,18.1345,78.8218,National Highway,Cloudy,Dusk,54,Male,Car,73,No,No,No,Over Speeding,Medium,4.0
ACC28464,23-04-2023,11:56,Karnataka,Mysuru,15.1751,75.6418,Village Road,Clear,Day,41,Male,Auto,42,Yes,No,No,Drunk Driving,Low,0.0
ACC28465,02-01-2024,14:34,Andhra Pradesh,Vijayawada,15.5177,79.168,Expressway,Rainy,Day,69,Male,Bike,111,No,No,No,Over Speeding,High,5.0
ACC28466,08-04-2022,20:49,Tamil Nadu,Tiruchirappalli,10.7684,79.6584,Expressway,Rainy,Night,32,Male,Car,67,No,No,Yes,Poor Weather Visibility,Medium,5.0
ACC28467,16-09-2024,11:37,Tamil Nadu,Salem,10.6656,78.6878,National Highway,Rainy,Day,46,Female,Truck,63,No,No,No,Poor Weather Visibility,Medium,2.0
ACC28468,03-05-2024,15:14,Andhra Pradesh,Visakhapatnam,15.6333,78.8694,National Highway,Cloudy,Day,46,Male,Bike,63,No,Yes,No,Drowsy Driving,High,10.0
ACC28469,12-06-2022,19:47,Tamil Nadu,Chennai,11.2114,78.4505,Village Road,Overcast,Night,33,Male,Car,61,No,No,No,Poor Weather Visibility,Medium,2.0
ACC28470,28-05-2024,18:47,Puducherry,Puducherry,12.2947,80.1431,State Highway,Rainy,Dusk,49,Male,Car,54,No,No,No,Poor Weather Visibility,Medium,0.0
ACC28471,23-02-2023,09:07,Tamil Nadu,Madurai,10.9224,78.2967,City Road,Overcast,Day,47,Male,Auto,64,No,No,No,Poor Weather Visibility,Medium,1.0
ACC28472,15-12-2024,07:25,Kerala,Kozhikode,10.2118,76.4599,National Highway,Clear,Day,29,Female,Truck,71,No,No,No,Signal Jumping,Low,1.0
ACC28473,15-10-2022,00:05,Karnataka,Hubballi,14.9449,75.1005,Village Road,Foggy,Night,40,Male,Car,55,Yes,Yes,No,Poor Weather Visibility,High,7.0
ACC28474,26-04-2023,18:46,Kerala,Kozhikode,9.8234,77.0051,City Road,Overcast,Dusk,18,Female,Bike,48,No,No,No,Signal Jumping,Low,2.0
ACC28475,03-10-2022,21:57,Tamil Nadu,Tiruchirappalli,11.1601,78.0791,State Highway,Cloudy,Night,52,Female,Car,48,No,No,No,Poor Weather Visibility,Low,0.0
ACC28476,15-07-2023,21:28,Andhra Pradesh,Guntur,16.2358,79.9182,National Highway,Clear,Night,31,Female,Auto,56,No,No,No,Signal Jumping,Medium,1.0
ACC28477,07-11-2024,01:05,Karnataka,Mysuru,15.3074,75.8189,Village Road,Clear,Night,29,Male,Auto,47,No,No,No,Signal Jumping,Low,0.0
ACC28478,07-06-2022,19:35,Tamil Nadu,Tiruchirappalli,11.5747,78.5243,City Road,Rainy,Night,45,Male,Auto,46,No,No,No,Poor Weather Visibility,Medium,
ACC28479,30-08-2024,16:21,Telangana,Warangal,17.4004,79.1999,National Highway,Rainy,Day,25,Female,Bike,74,No,No,No,Poor Weather Visibility,High,4.0
ACC28480,17-02-2023,13:00,Karnataka,Bengaluru Urban,15.2605,75.7091,State Highway,Foggy,Day,18,Male,Auto,55,No,No,Yes,Poor Weather Visibility,High,4.0
ACC28481,09-02-2024,22:12,Tamil Nadu,Coimbatore,11.3182,78.6393,Village Road,Clear,Night,28,Female,Truck,40,No,Yes,No,Drowsy Driving,Low,3.0
ACC28482,07-07-2022,15:48,Tamil Nadu,Tiruchirappalli,11.6183,78.8861,City Road,Cloudy,Day,61,Male,Car,29,No,No,No,Poor Weather Visibility,Low,0.0
ACC28483,16-11-2023,22:58,Telangana,Khammam,17.7981,79.2118,Expressway,Clear,Night,29,Male,Car,73,No,No,No,Over Speeding,Medium,4.0
ACC28484,02-08-2022,17:39,Telangana,Warangal,17.972,79.1442,State Highway,Clear,Dusk,67,Male,Bike,53,No,No,No,Signal Jumping,Low,1.0
ACC28485,07-12-2023,11:40,Telangana,Nizamabad,17.4934,78.6638,Village Road,Clear,Day,33,Female,Bike,28,No,No,No,Signal Jumping,Low,0.0
ACC28486,20-09-2023,14:09,Telangana,Nizamabad,17.7483,78.8198,City Road,Clear,Day,40,Male,Bike,37,No,No,No,Signal Jumping,Low,1.0
ACC28487,27-12-2023,18:12,Tamil Nadu,Chennai,11.5339,78.6624,State Highway,Cloudy,Dusk,37,Female,Car,49,No,No,Yes,Pothole/Bad Road,Medium,2.0
ACC28488,29-08-2022,00:18,Telangana,Khammam,18.0843,79.6819,City Road,Rainy,Night,46,Male,Car,50,No,Yes,No,Poor Weather Visibility,Medium,1.0
ACC28489,25-10-2024,21:11,Karnataka,Hubballi,15.0427,75.3993,National Highway,Clear,Night,42,Female,Car,85,Yes,Yes,No,Drunk Driving,High,8.0
ACC28490,06-07-2022,09:40,Puducherry,Karaikal,12.4717,80.6329,City Road,Clear,Day,29,Male,Car,31,No,No,Yes,Pothole/Bad Road,Low,0.0
ACC28491,12-11-2024,11:05,Karnataka,Mysuru,15.7052,76.0039,Village Road,Clear,Day,60,Male,Bike,37,No,No,No,Poor Weather Visibility,Low,
ACC28492,28-02-2022,21:26,Kerala,Kozhikode,10.3668,76.0995,City Road,Rainy,Night,39,Male,Bike,32,No,No,No,Poor Weather Visibility,Low,0.0
ACC28493,24-02-2022,10:45,Telangana,Nizamabad,18.3002,79.4936,Village Road,Clear,Day,34,Male,Auto,26,No,No,No,Signal Jumping,Low,
ACC28494,15-03-2022,19:42,Andhra Pradesh,Nellore,16.5338,79.2334,Village Road,Clear,Night,38,Male,Truck,64,No,Yes,No,Drowsy Driving,Medium,2.0
ACC28495,01-04-2022,07:31,Kerala,Thrissur,9.8038,76.0302,State Highway,Cloudy,Day,45,Male,Bike,68,No,No,Yes,Pothole/Bad Road,Medium,3.0
ACC28496,10-07-2022,19:44,Karnataka,Hubballi,15.9522,75.2544,City Road,Rainy,Night,39,Male,Bike,38,No,No,Yes,Poor Weather Visibility,Low,2.0
ACC28497,01-06-2023,15:41,Andhra Pradesh,Kurnool,15.7589,79.5987,Village Road,Clear,Day,42,Female,Bike,34,No,Yes,No,Drowsy Driving,Low,1.0
ACC28498,06-04-2023,21:43,Karnataka,Belagavi,15.9931,76.1124,City Road,Clear,Night,24,Female,Car,58,No,No,No,Signal Jumping,Low,0.0
ACC28499,11-12-2024,17:42,Karnataka,Mangaluru,13.7556,75.2863,State Highway,Rainy,Dusk,32,Male,Car,75,Yes,No,No,Poor Weather Visibility,High,5.0
ACC28500,21-10-2022,07:02,Kerala,Thiruvananthapuram,10.8752,76.0862,National Highway,Cloudy,Day,18,Male,Bike,65,No,No,No,Signal Jumping,Medium,2.0
ACC28501,26-11-2022,12:58,Kerala,Kollam,10.1889,75.9872,National Highway,Clear,Day,36,Male,Car,95,No,No,No,Over Speeding,Medium,4.0