Accident_ID,Date,Time,State,District,Latitude,Longitude,Road_Type,Weather,Light_Condition,Driver_Age,Driver_Gender,Vehicle_Type,Speed_kmph,Alcohol_Involved,Driver_Drowsy,Pothole_Involved,Cause_of_Accident,Severity,Casualties
ACC28502,20-11-2024,20:36,Karnataka,Bengaluru Urban,14.8168,76.1325,National Highway,Clear,Night,38,Male,Bike,75,No,Yes,No,Drowsy Driving,High,5.0
ACC28503,09-12-2024,17:16,Karnataka,Bengaluru Urban,15.6971,75.3967,City Road,Clear,Dusk,47,Male,Bike,37,No,No,No,Poor Weather Visibility,Low,0.0
ACC28504,16-01-2022,17:37,Telangana,Warangal,18.2466,79.8693,City Road,Rainy,Dusk,30,Female,Car,65,No,No,Yes,Poor Weather Visibility,Low,1.0
ACC28505,23-04-2024,20:39,Andhra Pradesh,Vijayawada,15.3029,79.3488,City Road,Clear,Night,21,Male,Car,42,Yes,No,No,Drunk Driving,Low,0.0
ACC28506,29-05-2023,18:47,Karnataka,Mysuru,15.1548,75.7392,City Road,Rainy,Dusk,40,Male,Auto,59,No,No,No,Poor Weather Visibility,Medium,2.0
ACC28507,09-11-2022,15:34,Andhra Pradesh,Visakhapatnam,16.3305,79.7533,Village Road,Clear,Day,36,Male,Auto,29,No,No,Yes,Pothole/Bad Road,Low,0.0
ACC28508,20-03-2022,21:58,Telangana,Hyderabad,17.0094,79.036,National Highway,Foggy,Night,62,Male,Car,44,No,No,No,Poor Weather Visibility,Medium,4.0
ACC28509,23-07-2024,14:43,Tamil Nadu,Chennai,10.9524,79.0833,Village Road,Clear,Day,35,Male,Car,42,No,No,Yes,Pothole/Bad Road,Low,3.0
ACC28510,12-11-2022,20:46,Tamil Nadu,Chennai,10.9489,78.4351,Expressway,Rainy,Night,18,Male,Bike,104,Yes,Yes,No,Over Speeding,High,3.0
ACC28511,21-12-2023,07:09,Tamil Nadu,Madurai,11.1008,78.3416,Village Road,Clear,Day,44,Male,Bike,52,Yes,No,No,Drunk Driving,Medium,2.0
ACC28512,27-03-2022,21:19,Andhra Pradesh,Nellore,15.1555,79.9303,Village Road,Cloudy,Night,28,Male,Bike,51,Yes,No,No,Drunk Driving,High,2.0
ACC28513,01-11-2024,09:05,Tamil Nadu,Tiruchirappalli,11.6976,78.7278,State Highway,Rainy,Day,27,Male,Truck,72,No,Yes,Yes,Poor Weather Visibility,High,7.0
ACC28514,27-05-2024,05:08,Karnataka,Bengaluru Urban,14.84,75.7972,Village Road,Cloudy,Dawn,29,Male,Bus,35,No,No,No,Poor Weather Visibility,Low,2.0
ACC28515,19-09-2022,07:08,Telangana,Warangal,17.5367,78.8946,Village Road,Clear,Day,21,Male,Bike,48,No,No,No,Signal Jumping,Low,1.0
ACC28516,21-04-2024,20:36,Karnataka,Mysuru,15.2653,75.1267,Village Road,Rainy,Night,44,Male,Bike,55,Yes,No,Yes,Poor Weather Visibility,High,7.0
ACC28517,02-09-2022,04:16,Kerala,Thrissur,10.2052,75.7561,State Highway,Rainy,Night,18,Male,Bus,51,No,No,No,Poor Weather Visibility,Low,0.0
ACC28518,09-07-2023,05:13,Puducherry,Karaikal,11.9406,80.2061,Village Road,Clear,Dawn,25,Male,Bike,66,No,No,Yes,Pothole/Bad Road,Medium,3.0
ACC28519,29-06-2022,16:26,Kerala,Kozhikode,10.2427,76.3606,State Highway,Clear,Day,42,Male,Car,63,No,No,No,Signal Jumping,Low,1.0
ACC28520,01-04-2022,06:47,Karnataka,Bengaluru Urban,15.9773,75.1667,National Highway,Clear,Day,18,Male,Auto,74,No,No,No,Over Speeding,High,5.0
ACC28521,24-06-2023,09:15,Telangana,Karimnagar,17.4418,79.3183,Village Road,Clear,Day,42,Male,Car,42,No,No,No,Signal Jumping,Low,0.0
ACC28522,26-10-2022,07:53,Puducherry,Puducherry,12.8258,79.1483,Village Road,Cloudy,Day,26,Male,Auto,37,No,No,No,Poor Weather Visibility,Low,1.0
ACC28523,19-09-2023,13:20,Tamil Nadu,Chennai,10.5156,78.2779,State Highway,Clear,Day,55,Male,Bike,48,No,No,No,Signal Jumping,Low,1.0
ACC28524,21-12-2023,08:24,Kerala,Thrissur,10.5328,76.4396,State Highway,Cloudy,Day,18,Male,Bike,69,No,No,No,Signal Jumping,Medium,2.0
ACC28525,18-12-2022,09:20,Kerala,Ernakulam,10.4055,76.7182,Expressway,Clear,Day,53,Male,Bike,84,No,Yes,No,Over Speeding,High,7.0
ACC28526,11-02-2024,18:50,Kerala,Thrissur,9.9034,76.4069,National Highway,Clear,Dusk,36,Male,Bus,76,No,No,No,Over Speeding,Low,1.0
ACC28527,13-07-2023,08:23,Andhra Pradesh,Vijayawada,15.4456,79.5575,State Highway,Cloudy,Day,48,Male,Bike,57,Yes,No,No,Drunk Driving,Medium,4.0
ACC28528,02-11-2023,20:35,Karnataka,Hubballi,15.2707,75.437,Expressway,Rainy,Night,18,Male,Bike,73,Yes,Yes,No,Poor Weather Visibility,High,5.0
ACC28529,02-12-2022,10:56,Andhra Pradesh,Visakhapatnam,15.423,79.6752,City Road,Clear,Day,41,Male,Car,62,Yes,No,No,Drunk Driving,Low,
ACC28530,11-11-2023,00:00,Tamil Nadu,Salem,10.9175,79.1388,National Highway,Clear,Night,45,Male,Bus,99,Yes,Yes,Yes,Over Speeding,High,
ACC28531,25-01-2023,13:56,Telangana,Karimnagar,18.0581,78.7461,State Highway,Clear,Day,40,Female,Bike,45,No,No,No,Poor Weather Visibility,Low,1.0
ACC28532,20-05-2022,20:03,Tamil Nadu,Madurai,12.0731,78.8713,City Road,Cloudy,Night,29,Male,Bike,50,No,No,No,Poor Weather Visibility,Low,1.0
ACC28533,14-05-2022,14:47,Andhra Pradesh,Kurnool,16.2492,79.4484,City Road,Rainy,Day,22,Male,Car,51,No,No,Yes,Poor Weather Visibility,Medium,1.0
ACC28534,22-04-2022,18:18,Karnataka,Mangaluru,15.6554,76.1178,Village Road,Clear,Dusk,23,Male,Bike,31,No,No,No,Signal Jumping,Low,0.0
ACC28535,30-12-2024,13:10,Telangana,Khammam,18.0564,78.8494,State Highway,Clear,Day,63,Female,Bike,59,No,No,No,Signal Jumping,Low,2.0
ACC28536,02-10-2023,00:08,Tamil Nadu,Tiruchirappalli,10.7773,78.6888,Village Road,Clear,Night,34,Male,Bike,40,No,No,Yes,Pothole/Bad Road,Medium,3.0
ACC28537,02-11-2024,14:52,Karnataka,Hubballi,15.8044,76.0925,Village Road,Clear,Day,39,Female,Bike,62,No,No,No,Signal Jumping,Low,0.0
ACC28538,20-05-2024,22:19,Tamil Nadu,Coimbatore,10.858,77.8776,Village Road,Rainy,Night,38,Male,Bike,71,No,Yes,No,Poor Weather Visibility,High,9.0
ACC28539,12-05-2023,11:51,Tamil Nadu,Madurai,11.3215,79.2945,State Highway,Clear,Day,24,Male,Bike,59,No,No,No,Over Speeding,Low,0.0
ACC28540,06-06-2022,17:41,Kerala,Thiruvananthapuram,10.4721,76.2411,Village Road,Cloudy,Dusk,32,Male,Auto,52,No,No,No,Poor Weather Visibility,Low,2.0
ACC28541,24-12-2023,15:07,Andhra Pradesh,Vijayawada,15.7973,80.1909,National Highway,Overcast,Day,58,Female,Auto,62,No,No,No,Poor Weather Visibility,Low,1.0
ACC28542,07-02-2023,08:35,Karnataka,Mysuru,15.9712,75.8348,City Road,Cloudy,Day,26,Female,Bike,74,Yes,No,No,Drunk Driving,Medium,5.0
ACC28543,20-08-2023,20:39,Tamil Nadu,Salem,11.4722,78.6797,City Road,Clear,Night,32,Female,Bike,44,No,Yes,No,Drowsy Driving,Medium,3.0
ACC28544,02-02-2024,20:10,Andhra Pradesh,Vijayawada,16.0246,79.2916,Village Road,Clear,Night,57,Male,Auto,52,No,No,Yes,Pothole/Bad Road,Low,0.0
ACC28545,28-04-2024,10:32,Karnataka,Mysuru,15.017,76.137,Village Road,Rainy,Day,49,Male,Car,56,No,No,No,Poor Weather Visibility,Medium,0.0
ACC28546,14-01-2022,17:00,Kerala,Kollam,9.765,75.833,Village Road,Overcast,Dusk,44,Female,Bike,34,No,No,No,Poor Weather Visibility,Low,1.0
ACC28547,23-10-2024,09:02,Telangana,Hyderabad,18.0261,79.3975,State Highway,Cloudy,Day,21,Male,Bike,62,No,No,Yes,Pothole/Bad Road,Medium,4.0
ACC28548,31-01-2023,10:40,Tamil Nadu,Tiruchirappalli,11.5576,79.2741,National Highway,Cloudy,Day,30,Male,Car,75,No,No,No,Over Speeding,Medium,3.0
ACC28549,06-10-2022,10:12,Kerala,Kollam,10.4133,76.5531,Village Road,Clear,Day,28,Male,Bike,60,Yes,No,Yes,Drunk Driving,Medium,0.0
ACC28550,04-05-2022,18:09,Kerala,Kollam,10.7798,76.6793,City Road,Clear,Dusk,18,Male,Car,49,No,No,Yes,Pothole/Bad Road,Low,1.0
ACC28551,17-08-2024,07:26,Andhra Pradesh,Nellore,16.3814,80.139,City Road,Clear,Day,49,Male,Bike,22,No,No,Yes,Pothole/Bad Road,Low,
ACC28552,14-11-2023,09:06,Karnataka,Hubballi,14.8675,75.0644,National Highway,Cloudy,Day,25,Male,Bike,77,No,No,No,Signal Jumping,Medium,5.0
ACC28553,19-03-2022,13:33,Andhra Pradesh,Guntur,15.5126,80.0409,City Road,Cloudy,Day,18,Male,Bike,59,No,Yes,Yes,Drowsy Driving,Medium,2.0
ACC28554,01-10-2024,17:56,Telangana,Khammam,17.4772,79.2675,National Highway,Clear,Dusk,41,Male,Car,59,No,No,No,Signal Jumping,Low,0.0
ACC28555,10-06-2023,14:51,Andhra Pradesh,Nellore,17.1504,79.4566,City Road,Clear,Day,20,Male,Auto,64,Yes,No,No,Drunk Driving,High,3.0
ACC28556,02-06-2022,08:25,Karnataka,Bengaluru Urban,14.9094,75.8884,State Highway,Foggy,Day,47,Female,Auto,54,No,No,No,Poor Weather Visibility,Low,0.0
ACC28557,27-12-2024,11:16,Telangana,Hyderabad,17.9701,78.7337,Expressway,Cloudy,Day,34,Female,Auto,83,Yes,No,No,Drunk Driving,High,
ACC28558,06-09-2022,20:34,Andhra Pradesh,Guntur,15.4654,78.9841,City Road,Cloudy,Night,39,Male,Bike,79,Yes,Yes,No,Drunk Driving,High,3.0
ACC28559,12-11-2022,13:02,Telangana,Karimnagar,17.6544,79.3764,Village Road,Rainy,Day,46,Male,Bike,29,No,No,Yes,Poor Weather Visibility,Low,2.0
ACC28560,07-11-2023,19:31,Tamil Nadu,Chennai,11.4648,78.3073,City Road,Cloudy,Night,47,Female,Truck,71,Yes,No,Yes,Drunk Driving,High,6.0
ACC28561,10-12-2022,00:13,Kerala,Kozhikode,9.5653,75.8093,City Road,Clear,Night,53,Male,Bus,72,Yes,No,No,Drunk Driving,Medium,1.0
ACC28562,01-03-2024,07:03,Kerala,Ernakulam,10.6434,76.1916,National Highway,Cloudy,Day,30,Male,Bike,76,No,Yes,No,Drowsy Driving,High,9.0
ACC28563,16-05-2024,17:44,Telangana,Hyderabad,18.1928,78.6157,State Highway,Clear,Dusk,32,Male,Bike,48,No,No,No,Signal Jumping,Low,0.0
ACC28564,09-05-2024,16:55,Karnataka,Belagavi,15.0545,75.9504,Village Road,Clear,Day,20,Male,Bike,37,No,No,No,Poor Weather Visibility,Low,0.0
ACC28565,19-08-2024,18:52,Puducherry,Karaikal,12.4303,79.093,Village Road,Rainy,Dusk,41,Male,Car,50,No,No,Yes,Poor Weather Visibility,Medium,1.0
ACC28566,24-12-2023,13:07,Tamil Nadu,Chennai,11.1577,79.0361,National Highway,Overcast,Day,22,Male,Bus,73,No,No,No,Signal Jumping,Medium,4.0
ACC28567,02-04-2022,22:03,Telangana,Khammam,17.9409,79.2006,National Highway,Clear,Night,18,Male,Car,98,Yes,No,No,Over Speeding,High,6.0
ACC28568,11-09-2023,20:53,Telangana,Warangal,18.3997,79.4268,State Highway,Clear,Night,27,Male,Bike,56,No,No,No,Signal Jumping,Low,2.0
ACC28569,13-03-2024,20:13,Telangana,Nizamabad,17.9309,79.1925,State Highway,Rainy,Night,26,Male,Truck,80,Yes,Yes,Yes,Poor Weather Visibility,High,
ACC28570,31-12-2022,18:00,Tamil Nadu,Salem,11.4442,78.6298,State Highway,Cloudy,Dusk,38,Male,Bike,59,No,No,No,Poor Weather Visibility,Low,1.0
ACC28571,30-03-2022,04:55,Telangana,Hyderabad,18.3783,79.1852,City Road,Clear,Night,35,Male,Bike,27,No,Yes,No,Drowsy Driving,Low,3.0
ACC28572,06-08-2022,09:27,Kerala,Thrissur,10.3541,76.5358,State Highway,Cloudy,Day,35,Male,Bike,69,No,No,No,Signal Jumping,Low,1.0
ACC28573,23-04-2022,09:01,Kerala,Kollam,10.4144,75.5937,Expressway,Clear,Day,29,Male,Car,86,No,No,No,Over Speeding,Medium,
ACC28574,15-08-2024,03:10,Andhra Pradesh,Nellore,15.6552,79.4064,National Highway,Cloudy,Night,40,Male,Bike,73,No,Yes,No,Drowsy Driving,High,6.0
ACC28575,21-08-2024,08:09,Telangana,Warangal,17.8431,79.4039,State Highway,Cloudy,Day,24,Male,Bike,65,No,No,Yes,Pothole/Bad Road,Medium,4.0
ACC28576,05-10-2024,19:08,Tamil Nadu,Tiruchirappalli,11.1068,78.3565,City Road,Rainy,Night,49,Male,Truck,44,No,No,No,Poor Weather Visibility,Low,0.0
ACC28577,21-02-2023,17:04,Telangana,Hyderabad,17.4,78.4558,City Road,Overcast,Dusk,35,Male,Car,56,Yes,No,No,Drunk Driving,Low,0.0
ACC28578,15-01-2022,08:37,Tamil Nadu,Salem,11.2001,79.0442,State Highway,Foggy,Day,44,Male,Car,34,No,No,No,Poor Weather Visibility,Low,0.0
ACC28579,12-04-2022,20:21,Andhra Pradesh,Guntur,15.3712,79.3697,City Road,Clear,Night,29,Male,Truck,49,No,No,Yes,Pothole/Bad Road,Low,0.0
ACC28580,15-09-2024,19:46,Karnataka,Belagavi,14.5997,75.4436,Village Road,Rainy,Night,24,Female,Car,69,Yes,Yes,Yes,Poor Weather Visibility,High,7.0
ACC28581,18-12-2024,06:05,Telangana,Karimnagar,17.7183,79.213,Expressway,Clear,Day,55,Male,Bike,61,No,No,No,Signal Jumping,Low,0.0
ACC28582,16-05-2022,13:12,Tamil Nadu,Coimbatore,11.3636,78.1827,City Road,Rainy,Day,34,Male,Truck,45,No,No,No,Poor Weather Visibility,Low,2.0
ACC28583,04-03-2022,14:24,Karnataka,Hubballi,14.2581,75.2878,State Highway,Clear,Day,20,Male,Car,54,No,No,No,Poor Weather Visibility,Low,0.0
ACC28584,06-05-2022,00:01,Tamil Nadu,Salem,11.0801,79.1049,Village Road,Clear,Night,27,Male,Truck,23,No,Yes,Yes,Drowsy Driving,Low,0.0
ACC28585,20-07-2024,10:37,Tamil Nadu,Salem,10.9222,78.7225,City Road,Rainy,Day,43,Female,Bike,68,No,No,No,Poor Weather Visibility,Medium,1.0
ACC28586,15-10-2023,23:56,Andhra Pradesh,Visakhapatnam,16.0738,80.2085,City Road,Foggy,Night,18,Female,Bike,76,Yes,No,No,Poor Weather Visibility,High,8.0
ACC28587,22-10-2023,08:42,Tamil Nadu,Coimbatore,11.77,79.3163,Expressway,Rainy,Day,50,Male,Bike,81,No,No,Yes,Poor Weather Visibility,High,9.0
ACC28588,04-05-2022,15:20,Puducherry,Karaikal,11.8108,79.852,City Road,Overcast,Day,26,Male,Car,39,Yes,No,Yes,Drunk Driving,Low,3.0
ACC28589,12-09-2023,19:53,Telangana,Khammam,17.1768,78.5967,National Highway,Rainy,Night,48,Male,Truck,67,Yes,Yes,No,Poor Weather Visibility,High,6.0
ACC28590,30-04-2023,12:30,Tamil Nadu,Salem,11.2639,78.8233,State Highway,Rainy,Day,54,Male,Car,45,No,No,Yes,Poor Weather Visibility,Low,0.0
ACC28591,18-12-2023,11:11,Kerala,Kollam,10.3847,76.1772,Village Road,Rainy,Day,29,Male,Bike,41,No,No,No,Poor Weather Visibility,Low,1.0
ACC28592,17-01-2024,21:41,Andhra Pradesh,Nellore,15.6349,78.9761,State Highway,Overcast,Night,52,Male,Car,55,No,No,No,Poor Weather Visibility,Low,1.0
ACC28593,08-05-2024,17:15,Telangana,Hyderabad,16.9364,78.7424,Expressway,Cloudy,Dusk,36,Male,Bike,73,No,No,No,Over Speeding,Medium,3.0
ACC28594,25-06-2023,06:10,Telangana,Karimnagar,17.5645,79.215,Village Road,Clear,Day,38,Male,Bike,47,No,No,Yes,Pothole/Bad Road,Low,2.0
ACC28595,19-02-2022,15:24,Kerala,Kollam,10.2177,76.4431,City Road,Clear,Day,18,Female,Truck,60,Yes,No,No,Drunk Driving,Medium,3.0
ACC28596,02-11-2022,20:13,Tamil Nadu,Salem,9.8399,78.7387,National Highway,Cloudy,Night,26,Male,Bus,79,Yes,No,No,Drunk Driving,High,5.0
ACC28597,30-08-2022,23:13,Karnataka,Mangaluru,15.6835,75.7237,National Highway,Rainy,Night,35,Male,Truck,82,Yes,Yes,Yes,Poor Weather Visibility,High,8.0
ACC28598,17-09-2024,11:31,Puducherry,Puducherry,12.6834,79.567,State Highway,Clear,Day,39,Male,Auto,81,No,Yes,No,Over Speeding,High,7.0
ACC28599,14-08-2024,18:00,Tamil Nadu,Madurai,10.6083,78.5244,Village Road,Clear,Dusk,24,Male,Bike,34,No,No,Yes,Pothole/Bad Road,Low,
ACC28600,21-08-2023,04:51,Tamil Nadu,Coimbatore,10.844,78.6758,National Highway,Rainy,Night,33,Male,Car,75,Yes,Yes,No,Poor Weather Visibility,High,10.0
ACC28601,01-06-2023,13:34,Kerala,Ernakulam,10.6129,76.8263,National Highway,Clear,Day,40,Male,Car,68,No,No,No,Over Speeding,Low,1.0
ACC28602,09-02-2022,17:38,Andhra Pradesh,Visakhapatnam,15.8946,79.6622,City Road,Rainy,Dusk,46,Male,Bike,45,No,No,No,Poor Weather Visibility,Medium,8.0
ACC28603,09-05-2023,11:45,Telangana,Khammam,18.3539,79.7881,Village Road,Clear,Day,51,Male,Car,36,No,No,Yes,Pothole/Bad Road,Low,0.0
ACC28604,18-08-2022,17:04,Telangana,Karimnagar,17.917,78.8892,City Road,Clear,Dusk,43,Female,Bike,39,No,No,No,Signal Jumping,Low,1.0
ACC28605,12-08-2022,16:31,Karnataka,Mangaluru,15.9071,75.947,State Highway,Overcast,Day,18,Female,Car,65,No,No,No,Poor Weather Visibility,Low,1.0
ACC28606,22-02-2024,12:06,Tamil Nadu,Tiruchirappalli,11.069,78.0775,City Road,Clear,Day,41,Female,Bike,40,No,Yes,No,Drowsy Driving,Low,2.0
ACC28607,25-05-2022,07:13,Tamil Nadu,Chennai,11.3248,79.5348,Village Road,Clear,Day,51,Male,Car,39,No,Yes,Yes,Drowsy Driving,Low,1.0
ACC28608,22-07-2023,20:32,Tamil Nadu,Salem,11.5367,78.8224,National Highway,Clear,Night,36,Female,Bus,70,No,Yes,No,Drowsy Driving,Medium,4.0
ACC28609,16-02-2024,21:13,Telangana,Karimnagar,17.7638,78.5512,City Road,Rainy,Night,40,Female,Truck,33,No,Yes,No,Poor Weather Visibility,Low,2.0
ACC28610,13-09-2024,08:50,Tamil Nadu,Coimbatore,12.0725,79.045,City Road,Clear,Day,23,Female,Truck,30,No,No,No,Signal Jumping,Low,1.0
ACC28611,05-03-2024,16:15,Puducherry,Karaikal,12.4208,80.1718,City Road,Clear,Day,63,Male,Bike,57,No,No,Yes,Pothole/Bad Road,Low,2.0
ACC28612,14-10-2023,11:32,Karnataka,Mangaluru,15.2007,75.8567,Expressway,Rainy,Day,21,Male,Bike,77,No,No,No,Poor Weather Visibility,Medium,8.0
ACC28613,20-07-2024,20:11,Karnataka,Mangaluru,15.8352,75.7276,State Highway,Overcast,Night,39,Female,Auto,72,No,Yes,No,Signal Jumping,Medium,3.0
ACC28614,06-06-2022,15:41,Andhra Pradesh,Guntur,15.7206,79.8199,State Highway,Clear,Day,46,Male,Auto,57,No,No,No,Signal Jumping,Low,0.0
ACC28615,25-09-2022,16:09,Karnataka,Bengaluru Urban,15.6482,76.2222,Village Road,Cloudy,Day,18,Male,Bus,43,No,No,Yes,Pothole/Bad Road,Medium,2.0
ACC28616,21-08-2023,08:25,Kerala,Kollam,10.8724,76.0011,Village Road,Clear,Day,39,Female,Car,35,No,No,Yes,Pothole/Bad Road,Low,0.0
ACC28617,02-03-2024,14:23,Tamil Nadu,Chennai,11.4172,78.7356,Village Road,Clear,Day,30,Female,Car,36,No,No,No,Signal Jumping,Low,0.0
ACC28618,06-03-2023,07:54,Andhra Pradesh,Visakhapatnam,15.9202,79.5633,Expressway,Clear,Day,30,Male,Bike,80,No,No,No,Over Speeding,Low,0.0
ACC28619,29-08-2023,17:51,Tamil Nadu,Tiruchirappalli,11.34,78.5928,City Road,Rainy,Dusk,18,Male,Bus,36,No,No,Yes,Poor Weather Visibility,Low,0.0
ACC28620,26-06-2023,18:45,Karnataka,Hubballi,15.1466,76.2078,City Road,Rainy,Dusk,52,Female,Bike,71,Yes,No,Yes,Poor Weather Visibility,High,5.0
ACC28621,21-06-2024,18:57,Tamil Nadu,Madurai,11.4216,78.4988,State Highway,Cloudy,Dusk,50,Female,Bike,51,No,No,No,Poor Weather Visibility,Low,1.0
ACC28622,26-04-2024,00:05,Kerala,Kozhikode,10.3021,76.3483,Village Road,Foggy,Night,47,Female,Car,43,Yes,No,Yes,Poor Weather Visibility,Medium,1.0
ACC28623,06-11-2024,14:18,Puducherry,Puducherry,11.8721,80.3258,National Highway,Foggy,Day,40,Male,Car,70,No,No,No,Poor Weather Visibility,Medium,2.0
ACC28624,25-09-2024,20:19,Tamil Nadu,Salem,11.8869,78.2764,City Road,Cloudy,Night,50,Male,Car,54,Yes,No,No,Drunk Driving,Medium,1.0
ACC28625,22-09-2022,17:20,Telangana,Warangal,18.4492,79.1481,Expressway,Clear,Dusk,63,Male,Car,66,No,No,No,Over Speeding,Medium,5.0
ACC28626,26-07-2024,13:05,Puducherry,Karaikal,12.3498,79.3452,Village Road,Overcast,Day,31,Male,Bike,30,No,No,Yes,Signal Jumping,Low,0.0
ACC28627,06-07-2022,00:51,Tamil Nadu,Chennai,11.0674,78.441,National Highway,Rainy,Night,30,Female,Car,73,No,No,No,Poor Weather Visibility,Medium,2.0
ACC28628,27-12-2023,16:18,Tamil Nadu,Madurai,10.3745,78.4058,Village Road,Rainy,Day,43,Male,Auto,60,No,No,Yes,Poor Weather Visibility,Medium,2.0
ACC28629,26-07-2024,18:50,Tamil Nadu,Salem,11.5354,79.0236,City Road,Rainy,Dusk,42,Male,Car,56,No,Yes,Yes,Poor Weather Visibility,Medium,2.0
ACC28630,17-07-2022,20:58,Telangana,Hyderabad,17.7081,79.8224,Village Road,Cloudy,Night,53,Male,Bike,27,No,No,Yes,Pothole/Bad Road,Low,2.0
ACC28631,10-11-2024,12:16,Andhra Pradesh,Kurnool,15.4599,79.353,State Highway,Clear,Day,26,Male,Auto,50,No,No,No,Signal Jumping,Low,0.0
ACC28632,31-03-2024,20:54,Andhra Pradesh,Visakhapatnam,15.5702,79.9889,State Highway,Cloudy,Night,19,Male,Bike,59,Yes,No,No,Drunk Driving,Medium,4.0
ACC28633,07-09-2023,13:06,Telangana,Warangal,18.3132,79.1393,Expressway,Cloudy,Day,64,Male,Car,100,Yes,No,No,Over Speeding,High,6.0
ACC28634,14-03-2022,09:39,Karnataka,Hubballi,14.9754,75.1546,Village Road,Clear,Day,22,Male,Car,59,No,No,No,Over Speeding,Low,2.0
ACC28635,23-01-2023,06:45,Tamil Nadu,Salem,11.0443,78.6152,National Highway,Clear,Day,46,Male,Bike,71,No,No,No,Over Speeding,Medium,2.0
ACC28636,15-02-2022,19:33,Kerala,Ernakulam,11.1197,75.9572,City Road,Overcast,Night,18,Male,Car,57,No,No,No,Poor Weather Visibility,Medium,1.0
ACC28637,23-03-2023,18:19,Puducherry,Karaikal,11.6176,80.5694,Village Road,Clear,Dusk,37,Male,Car,31,No,No,No,Signal Jumping,Low,2.0
ACC28638,02-12-2023,16:09,Karnataka,Bengaluru Urban,15.2913,75.4824,State Highway,Clear,Day,37,Male,Bike,62,No,No,No,Over Speeding,Medium,2.0
ACC28639,29-11-2022,19:28,Andhra Pradesh,Nellore,16.0368,80.3982,Expressway,Clear,Night,43,Male,Truck,78,No,No,No,Over Speeding,Medium,
ACC28640,07-02-2024,14:03,Karnataka,Bengaluru Urban,16.0766,76.5166,City Road,Cloudy,Day,18,Male,Truck,23,No,No,No,Poor Weather Visibility,Low,1.0
ACC28641,20-01-2022,12:56,Karnataka,Mangaluru,15.4006,75.4893,State Highway,Cloudy,Day,31,Male,Car,60,Yes,No,Yes,Drunk Driving,Medium,3.0
ACC28642,15-02-2024,14:10,Tamil Nadu,Tiruchirappalli,11.2505,78.8448,National Highway,Clear,Day,38,Male,Bike,66,No,No,No,Over Speeding,Low,0.0
ACC28643,12-11-2022,18:47,Telangana,Hyderabad,17.473,78.3258,Village Road,Cloudy,Dusk,30,Female,Truck,45,No,Yes,No,Drowsy Driving,Low,0.0
ACC28644,30-09-2022,00:39,Tamil Nadu,Tiruchirappalli,10.08,78.1051,Village Road,Cloudy,Night,50,Female,Car,56,Yes,No,No,Drunk Driving,High,2.0
ACC28645,02-05-2022,07:44,Andhra Pradesh,Vijayawada,16.1633,79.0536,State Highway,Rainy,Day,40,Male,Bike,70,No,No,No,Poor Weather Visibility,Medium,3.0
ACC28646,08-03-2022,10:43,Andhra Pradesh,Visakhapatnam,16.4765,79.9719,Village Road,Clear,Day,33,Male,Truck,39,No,No,No,Signal Jumping,Low,1.0
ACC28647,16-05-2022,00:28,Tamil Nadu,Coimbatore,11.3607,78.6906,Expressway,Clear,Night,44,Male,Car,98,No,No,No,Over Speeding,High,3.0
ACC28648,23-02-2022,15:14,Tamil Nadu,Tiruchirappalli,11.431,78.7108,City Road,Clear,Day,52,Male,Bike,45,No,No,No,Poor Weather Visibility,Low,1.0
ACC28649,30-09-2022,11:13,Karnataka,Mysuru,14.7258,74.8615,State Highway,Clear,Day,53,Male,Car,76,No,No,No,Over Speeding,Medium,0.0
ACC28650,12-02-2022,08:40,Telangana,Nizamabad,17.8441,78.2433,City Road,Rainy,Day,39,Male,Auto,34,No,No,Yes,Poor Weather Visibility,Low,0.0
ACC28651,26-11-2022,18:09,Telangana,Khammam,17.6545,79.2769,State Highway,Clear,Dusk,33,Male,Bike,51,No,No,No,Poor Weather Visibility,Low,1.0
ACC28652,23-02-2024,07:59,Karnataka,Bengaluru Urban,15.2313,76.4916,Village Road,Foggy,Day,33,Male,Auto,33,No,No,No,Poor Weather Visibility,Low,0.0
ACC28653,17-05-2024,18:41,Puducherry,Karaikal,12.2205,79.7823,State Highway,Clear,Dusk,42,Male,Car,71,No,No,No,Over Speeding,Low,0.0
ACC28654,04-09-2022,07:55,Telangana,Nizamabad,17.101,79.0562,Village Road,Clear,Day,47,Male,Bike,40,Yes,No,No,Drunk Driving,Low,1.0
ACC28655,17-12-2022,13:27,Telangana,Khammam,17.1485,79.274,Village Road,Clear,Day,34,Male,Bike,50,No,No,Yes,Pothole/Bad Road,Low,0.0
ACC28656,18-11-2022,07:30,Tamil Nadu,Coimbatore,11.8022,78.4809,National Highway,Rainy,Day,35,Male,Car,79,Yes,No,No,Poor Weather Visibility,High,5.0
ACC28657,28-10-2023,19:53,Tamil Nadu,Chennai,11.0929,78.2352,Village Road,Cloudy,Night,29,Male,Auto,48,No,No,No,Poor Weather Visibility,Medium,2.0
ACC28658,04-07-2023,19:12,Karnataka,Hubballi,15.6039,75.5758,City Road,Clear,Night,51,Male,Bus,31,No,Yes,No,Drowsy Driving,Low,1.0
ACC28659,12-01-2022,11:24,Tamil Nadu,Chennai,11.1792,77.4874,National Highway,Clear,Day,18,Male,Bike,96,No,No,No,Over Speeding,High,5.0