Accident_ID,Date,Time,State,District,Latitude,Longitude,Road_Type,Weather,Light_Condition,Driver_Age,Driver_Gender,Vehicle_Type,Speed_kmph,Alcohol_Involved,Driver_Drowsy,Pothole_Involved,Cause_of_Accident,Severity,Casualties
ACC28660,15-03-2022,20:24,Telangana,Hyderabad,17.5031,79.6166,City Road,Overcast,Night,31,Male,Bike,44,No,Yes,No,Drowsy Driving,Low,1.0
ACC28661,10-04-2022,17:43,Karnataka,Hubballi,15.1536,76.0708,City Road,Clear,Dusk,46,Female,Bike,24,No,No,No,Signal Jumping,Low,0.0
ACC28662,21-05-2023,21:31,Telangana,Karimnagar,17.6993,79.136,City Road,Clear,Night,39,Male,Car,29,No,No,No,Signal Jumping,Low,0.0
ACC28663,11-10-2023,19:35,Kerala,Thiruvananthapuram,9.8445,76.3875,City Road,Rainy,Night,38,Male,Car,44,No,No,Yes,Poor Weather Visibility,Low,3.0
ACC28664,27-09-2022,00:32,Kerala,Kollam,10.7125,76.126,Village Road,Foggy,Night,51,Male,Car,48,No,No,No,Poor Weather Visibility,Medium,3.0
ACC28665,19-09-2023,16:53,Tamil Nadu,Coimbatore,10.98,77.8803,Village Road,Clear,Day,34,Male,Truck,46,No,No,No,Signal Jumping,Low,1.0
ACC28666,25-06-2023,18:29,Karnataka,Hubballi,15.0475,75.5927,Village Road,Clear,Dusk,50,Male,Auto,38,No,No,No,Signal Jumping,Low,0.0
ACC28667,05-11-2024,06:45,Andhra Pradesh,Guntur,16.2346,79.9051,City Road,Cloudy,Day,36,Male,Car,36,No,No,Yes,Pothole/Bad Road,Low,0.0
ACC28668,14-02-2024,12:16,Andhra Pradesh,Nellore,15.7548,79.8228,National Highway,Clear,Day,18,Male,Bus,63,No,No,No,Signal Jumping,Medium,1.0
ACC28669,11-05-2022,07:50,Tamil Nadu,Tiruchirappalli,10.6175,79.172,Village Road,Clear,Day,32,Male,Bike,51,No,No,Yes,Pothole/Bad Road,Low,0.0
ACC28670,27-02-2023,16:25,Tamil Nadu,Tiruchirappalli,11.2719,78.154,Village Road,Rainy,Day,39,Male,Bike,26,No,No,Yes,Poor Weather Visibility,Low,3.0
ACC28671,04-04-2024,08:51,Karnataka,Mangaluru,14.6184,76.0374,State Highway,Rainy,Day,18,Male,Car,35,No,No,Yes,Poor Weather Visibility,Low,0.0
ACC28672,28-09-2022,14:46,Telangana,Nizamabad,17.825,78.4207,National Highway,Rainy,Day,18,Male,Car,87,Yes,No,Yes,Poor Weather Visibility,High,2.0
ACC28673,06-12-2022,10:05,Andhra Pradesh,Vijayawada,15.9286,79.7791,Village Road,Rainy,Day,18,Male,Car,31,No,No,No,Poor Weather Visibility,Low,3.0
ACC28674,10-11-2022,16:49,Andhra Pradesh,Kurnool,15.9637,79.4491,State Highway,Rainy,Day,51,Female,Auto,64,No,No,Yes,Poor Weather Visibility,Medium,1.0
ACC28675,03-11-2024,16:57,Andhra Pradesh,Visakhapatnam,15.8038,79.2911,City Road,Clear,Day,24,Male,Bike,47,No,No,No,Poor Weather Visibility,Low,0.0
ACC28676,27-10-2023,09:45,Kerala,Thrissur,11.2433,77.3037,Expressway,Cloudy,Day,27,Male,Car,69,No,No,No,Poor Weather Visibility,Medium,1.0
ACC28677,02-04-2023,10:53,Tamil Nadu,Coimbatore,10.8982,78.4445,Village Road,Cloudy,Day,26,Male,Auto,38,No,No,Yes,Pothole/Bad Road,Low,1.0
ACC28678,18-07-2022,09:13,Tamil Nadu,Salem,11.2387,79.0001,City Road,Rainy,Day,41,Male,Car,55,No,No,No,Poor Weather Visibility,Low,1.0
ACC28679,15-10-2023,05:07,Andhra Pradesh,Kurnool,15.9088,79.9104,Village Road,Clear,Dawn,22,Male,Bike,54,No,No,No,Poor Weather Visibility,Low,1.0
ACC28680,09-10-2022,10:53,Karnataka,Hubballi,14.5854,75.9284,Village Road,Clear,Day,30,Male,Auto,47,Yes,No,Yes,Drunk Driving,Medium,5.0
ACC28681,08-07-2022,18:09,Tamil Nadu,Coimbatore,10.6103,78.4783,Expressway,Rainy,Dusk,51,Male,Bike,78,No,No,Yes,Poor Weather Visibility,High,10.0
ACC28682,30-10-2024,05:26,Andhra Pradesh,Visakhapatnam,15.5913,79.3272,Village Road,Rainy,Dawn,38,Male,Car,59,No,No,Yes,Poor Weather Visibility,Medium,4.0
ACC28683,23-11-2023,12:30,Telangana,Nizamabad,18.2887,78.9404,National Highway,Cloudy,Day,59,Male,Car,49,No,No,No,Poor Weather Visibility,Low,0.0
ACC28684,09-02-2023,17:44,Karnataka,Mangaluru,14.9339,75.5399,State Highway,Clear,Dusk,51,Male,Bus,62,No,No,No,Over Speeding,Low,0.0
ACC28685,09-03-2023,17:37,Tamil Nadu,Salem,11.4274,78.0045,Village Road,Cloudy,Dusk,18,Male,Truck,46,No,No,No,Poor Weather Visibility,Low,2.0
ACC28686,29-04-2024,11:05,Kerala,Kozhikode,10.5144,76.1449,City Road,Clear,Day,19,Male,Truck,46,No,No,No,Signal Jumping,Low,0.0
ACC28687,25-12-2023,13:32,Tamil Nadu,Coimbatore,11.5451,78.5642,City Road,Cloudy,Day,26,Female,Truck,55,No,No,No,Poor Weather Visibility,Low,0.0
ACC28688,19-10-2024,10:09,Karnataka,Belagavi,15.3185,75.7376,Village Road,Clear,Day,23,Male,Car,31,No,No,No,Signal Jumping,Low,0.0
ACC28689,22-03-2023,13:32,Puducherry,Puducherry,12.2763,79.2837,State Highway,Clear,Day,28,Male,Bike,63,No,No,Yes,Pothole/Bad Road,Medium,2.0
ACC28690,05-10-2023,00:12,Andhra Pradesh,Nellore,16.2196,80.0125,State Highway,Rainy,Night,36,Male,Bus,80,No,No,No,Poor Weather Visibility,High,6.0
ACC28691,26-01-2022,15:40,Karnataka,Mysuru,14.9863,76.3837,National Highway,Overcast,Day,39,Male,Bus,68,No,No,No,Poor Weather Visibility,Low,0.0
ACC28692,14-07-2024,23:24,Karnataka,Hubballi,15.1357,76.4198,Village Road,Clear,Night,19,Male,Truck,67,Yes,Yes,Yes,Drunk Driving,High,6.0
ACC28693,07-11-2024,13:31,Andhra Pradesh,Visakhapatnam,16.1741,79.4572,State Highway,Overcast,Day,26,Female,Car,68,No,No,No,Poor Weather Visibility,Low,2.0
ACC28694,23-01-2022,11:31,Telangana,Warangal,17.7444,78.1401,City Road,Foggy,Day,26,Male,Auto,47,Yes,No,No,Poor Weather Visibility,Medium,6.0
ACC28695,31-05-2024,17:31,Karnataka,Mangaluru,15.9824,76.0593,State Highway,Rainy,Dusk,61,Female,Bike,77,Yes,No,No,Poor Weather Visibility,High,12.0
ACC28696,13-08-2023,12:42,Karnataka,Mysuru,14.6096,75.6978,Village Road,Cloudy,Day,30,Male,Truck,42,Yes,No,No,Drunk Driving,Medium,3.0
ACC28697,26-08-2023,22:03,Puducherry,Karaikal,10.9877,80.172,City Road,Overcast,Night,27,Male,Car,41,No,Yes,No,Drowsy Driving,Low,0.0
ACC28698,10-12-2024,11:36,Telangana,Karimnagar,17.4573,78.71,City Road,Clear,Day,39,Male,Auto,49,No,No,Yes,Pothole/Bad Road,Low,1.0
ACC28699,02-07-2024,01:24,Andhra Pradesh,Vijayawada,16.6066,79.3255,City Road,Overcast,Night,48,Male,Truck,56,No,Yes,No,Drowsy Driving,Low,1.0
ACC28700,14-07-2023,14:29,Telangana,Karimnagar,17.6792,78.7132,Village Road,Rainy,Day,50,Female,Bike,49,No,No,No,Poor Weather Visibility,Medium,3.0
ACC28701,03-10-2022,07:58,Karnataka,Hubballi,15.0193,75.2002,National Highway,Rainy,Day,44,Male,Car,94,No,No,Yes,Over Speeding,High,6.0
ACC28702,12-02-2023,14:58,Andhra Pradesh,Nellore,15.9241,79.2456,Expressway,Overcast,Day,36,Male,Auto,79,No,No,Yes,Over Speeding,Medium,2.0
ACC28703,09-09-2022,05:16,Karnataka,Hubballi,14.3397,75.8116,City Road,Overcast,Dawn,32,Female,Bike,63,Yes,No,No,Drunk Driving,Medium,0.0
ACC28704,18-07-2023,19:13,Karnataka,Hubballi,16.1039,75.4433,National Highway,Clear,Night,24,Female,Auto,64,No,No,No,Over Speeding,Medium,3.0
ACC28705,30-04-2023,12:53,Andhra Pradesh,Visakhapatnam,16.4281,80.0661,Village Road,Clear,Day,37,Male,Auto,42,Yes,No,No,Drunk Driving,Low,0.0
ACC28706,15-10-2022,17:53,Andhra Pradesh,Vijayawada,16.3906,80.2261,State Highway,Rainy,Dusk,52,Male,Bike,67,No,No,No,Poor Weather Visibility,Medium,3.0
ACC28707,28-04-2022,14:18,Andhra Pradesh,Nellore,17.3124,80.2898,State Highway,Cloudy,Day,42,Male,Bike,67,No,No,No,Poor Weather Visibility,Low,1.0
ACC28708,30-09-2024,10:21,Kerala,Kollam,9.4311,75.3365,National Highway,Rainy,Day,34,Male,Bike,59,No,No,No,Poor Weather Visibility,Medium,3.0
ACC28709,17-07-2024,13:01,Tamil Nadu,Madurai,11.0746,78.3051,City Road,Clear,Day,27,Male,Bike,69,Yes,No,No,Drunk Driving,Medium,
ACC28710,04-02-2024,17:04,Karnataka,Belagavi,15.9794,75.4777,City Road,Clear,Dusk,65,Male,Bike,50,No,No,No,Poor Weather Visibility,Low,0.0
ACC28711,21-08-2022,17:40,Telangana,Hyderabad,17.1377,79.6324,City Road,Clear,Dusk,33,Female,Car,48,No,No,No,Poor Weather Visibility,Low,2.0
ACC28712,19-09-2022,21:08,Karnataka,Bengaluru Urban,15.7232,74.9758,State Highway,Clear,Night,60,Female,Bus,82,Yes,Yes,No,Drunk Driving,High,7.0
ACC28713,26-04-2023,08:08,Kerala,Thiruvananthapuram,10.0305,76.7652,Expressway,Clear,Day,48,Female,Car,74,No,No,No,Over Speeding,Low,2.0
ACC28714,21-06-2023,19:55,Karnataka,Mangaluru,15.4946,75.6844,State Highway,Cloudy,Night,18,Male,Auto,68,No,No,No,Poor Weather Visibility,Medium,6.0
ACC28715,04-10-2023,22:51,Karnataka,Mangaluru,16.0733,74.9684,City Road,Clear,Night,18,Male,Bus,71,No,No,Yes,Pothole/Bad Road,High,5.0
ACC28716,14-01-2022,16:00,Puducherry,Karaikal,12.6819,80.4959,National Highway,Rainy,Day,18,Male,Auto,70,No,No,No,Poor Weather Visibility,High,4.0
ACC28717,25-02-2024,01:11,Telangana,Khammam,17.9128,78.9967,Village Road,Cloudy,Night,24,Female,Bike,53,No,No,Yes,Pothole/Bad Road,Medium,0.0
ACC28718,16-07-2022,21:15,Telangana,Khammam,17.544,78.8042,City Road,Clear,Night,57,Male,Car,52,No,No,No,Poor Weather Visibility,Low,1.0
ACC28719,08-12-2022,07:12,Karnataka,Mangaluru,16.1104,75.1324,Expressway,Rainy,Day,18,Male,Bike,94,Yes,No,Yes,Over Speeding,High,6.0
ACC28720,02-06-2024,08:57,Andhra Pradesh,Vijayawada,16.1028,79.2455,Village Road,Foggy,Day,63,Male,Car,49,No,No,No,Poor Weather Visibility,Medium,2.0
ACC28721,13-03-2024,13:48,Kerala,Kollam,10.0736,76.034,Village Road,Clear,Day,45,Male,Truck,62,Yes,No,No,Drunk Driving,Medium,3.0
ACC28722,08-01-2022,08:41,Kerala,Ernakulam,11.1877,76.2653,State Highway,Cloudy,Day,53,Male,Bus,68,Yes,No,No,Drunk Driving,Medium,6.0
ACC28723,04-04-2023,22:19,Kerala,Kozhikode,9.9782,76.3246,Village Road,Rainy,Night,18,Male,Auto,48,No,No,No,Poor Weather Visibility,Medium,4.0
ACC28724,04-11-2024,16:04,Andhra Pradesh,Nellore,16.0526,79.4492,State Highway,Overcast,Day,26,Male,Bus,76,Yes,No,No,Drunk Driving,High,8.0
ACC28725,04-11-2024,13:27,Andhra Pradesh,Visakhapatnam,14.8965,79.278,Village Road,Cloudy,Day,26,Female,Bike,48,No,No,No,Poor Weather Visibility,Low,1.0
ACC28726,21-11-2022,13:57,Telangana,Hyderabad,17.6225,79.0846,City Road,Clear,Day,38,Male,Car,62,No,Yes,No,Drowsy Driving,Low,2.0
ACC28727,06-12-2024,11:32,Tamil Nadu,Coimbatore,10.8179,78.324,Expressway,Clear,Day,35,Female,Car,92,No,No,No,Over Speeding,Medium,1.0
ACC28728,13-06-2022,22:21,Andhra Pradesh,Guntur,15.9932,79.814,National Highway,Foggy,Night,27,Female,Truck,61,No,No,No,Poor Weather Visibility,High,3.0
ACC28729,25-03-2022,20:27,Tamil Nadu,Madurai,11.4032,78.6857,City Road,Clear,Night,28,Male,Bike,71,Yes,No,No,Drunk Driving,High,5.0
ACC28730,29-12-2022,10:18,Andhra Pradesh,Kurnool,15.3751,79.6913,Village Road,Clear,Day,25,Male,Truck,32,No,Yes,No,Drowsy Driving,Low,1.0
ACC28731,14-09-2024,23:44,Andhra Pradesh,Kurnool,16.1243,79.8721,State Highway,Rainy,Night,45,Male,Bike,59,No,No,No,Poor Weather Visibility,Medium,3.0
ACC28732,05-01-2023,14:48,Kerala,Ernakulam,11.0526,76.4487,National Highway,Cloudy,Day,34,Male,Car,46,No,No,No,Poor Weather Visibility,Low,1.0
ACC28733,27-09-2024,17:33,Tamil Nadu,Salem,11.4273,78.403,State Highway,Clear,Dusk,21,Female,Bike,53,No,No,No,Signal Jumping,Medium,0.0
ACC28734,22-10-2023,06:16,Telangana,Warangal,17.9435,79.3748,State Highway,Clear,Day,50,Female,Truck,85,Yes,No,No,Drunk Driving,Medium,1.0
ACC28735,16-06-2022,09:34,Tamil Nadu,Madurai,10.2379,78.9286,National Highway,Rainy,Day,61,Male,Bus,76,No,No,No,Poor Weather Visibility,Medium,6.0
ACC28736,27-09-2024,18:48,Kerala,Thiruvananthapuram,10.7645,76.4807,Village Road,Foggy,Dusk,41,Female,Car,45,No,No,No,Poor Weather Visibility,Low,3.0
ACC28737,28-09-2023,15:07,Tamil Nadu,Chennai,10.5895,78.136,Village Road,Clear,Day,45,Male,Bus,30,No,No,Yes,Pothole/Bad Road,Low,0.0
ACC28738,16-01-2022,15:52,Andhra Pradesh,Kurnool,16.462,79.1474,National Highway,Clear,Day,18,Male,Auto,47,No,No,Yes,Pothole/Bad Road,Low,2.0
ACC28739,09-04-2022,10:53,Karnataka,Hubballi,15.4857,75.5857,National Highway,Clear,Day,21,Female,Car,55,No,No,No,Signal Jumping,Low,0.0
ACC28740,14-09-2023,19:29,Puducherry,Puducherry,11.6486,80.5693,City Road,Overcast,Night,56,Male,Bike,68,No,No,No,Signal Jumping,Medium,
ACC28741,27-06-2024,18:01,Tamil Nadu,Chennai,11.2991,78.5638,Expressway,Overcast,Dusk,34,Male,Car,83,No,No,No,Over Speeding,Medium,1.0
ACC28742,25-01-2023,04:31,Telangana,Nizamabad,18.239,79.1426,City Road,Rainy,Night,18,Male,Bike,64,Yes,No,No,Poor Weather Visibility,High,6.0
ACC28743,20-11-2023,08:32,Andhra Pradesh,Vijayawada,15.8146,79.8555,National Highway,Cloudy,Day,31,Male,Auto,74,No,No,No,Over Speeding,Medium,2.0
ACC28744,01-03-2022,11:01,Tamil Nadu,Salem,11.4701,79.3806,Expressway,Clear,Day,32,Male,Car,85,No,No,No,Over Speeding,Medium,3.0
ACC28745,18-11-2023,20:44,Tamil Nadu,Salem,11.3189,78.6681,City Road,Rainy,Night,47,Male,Bike,37,Yes,Yes,No,Poor Weather Visibility,High,6.0
ACC28746,13-06-2024,17:57,Tamil Nadu,Tiruchirappalli,11.4301,77.975,State Highway,Foggy,Dusk,25,Male,Auto,63,No,No,No,Poor Weather Visibility,Medium,0.0
ACC28747,26-02-2024,22:40,Telangana,Karimnagar,17.194,78.76,City Road,Overcast,Night,26,Male,Auto,53,Yes,No,No,Drunk Driving,High,3.0
ACC28748,31-01-2022,15:28,Andhra Pradesh,Visakhapatnam,15.7774,79.4152,Expressway,Clear,Day,54,Male,Bike,91,No,No,No,Over Speeding,High,4.0
ACC28749,02-04-2022,11:00,Telangana,Khammam,17.5776,78.4662,City Road,Clear,Day,25,Male,Bike,49,No,No,Yes,Pothole/Bad Road,Low,
ACC28750,29-01-2022,17:23,Kerala,Thrissur,10.3664,76.1708,City Road,Rainy,Dusk,35,Male,Bus,32,No,No,Yes,Poor Weather Visibility,Low,2.0
ACC28751,03-11-2024,16:25,Telangana,Warangal,18.1672,78.8866,Expressway,Overcast,Day,32,Male,Truck,98,No,No,No,Over Speeding,Medium,2.0
ACC28752,30-03-2023,16:12,Kerala,Ernakulam,9.8924,75.8692,City Road,Clear,Day,36,Male,Bike,35,No,No,No,Poor Weather Visibility,Low,0.0
ACC28753,20-09-2022,10:17,Karnataka,Belagavi,15.5096,76.3172,Expressway,Cloudy,Day,18,Male,Bus,69,Yes,No,Yes,Drunk Driving,Medium,2.0
ACC28754,15-09-2024,12:34,Tamil Nadu,Madurai,11.0808,78.9432,National Highway,Clear,Day,32,Male,Bike,78,No,No,No,Over Speeding,Medium,4.0
ACC28755,23-11-2022,12:28,Tamil Nadu,Madurai,11.4541,79.0976,City Road,Cloudy,Day,19,Female,Car,38,No,No,No,Poor Weather Visibility,Low,0.0
ACC28756,22-06-2023,06:53,Telangana,Khammam,18.1787,79.726,State Highway,Clear,Day,52,Male,Car,43,No,No,No,Signal Jumping,Low,0.0
ACC28757,07-11-2022,07:05,Karnataka,Hubballi,15.4405,75.8191,City Road,Cloudy,Day,31,Male,Car,38,No,No,No,Poor Weather Visibility,Low,1.0
ACC28758,30-12-2024,19:43,Tamil Nadu,Tiruchirappalli,11.4768,78.3502,National Highway,Cloudy,Night,36,Male,Car,75,No,No,Yes,Pothole/Bad Road,High,7.0
ACC28759,13-02-2023,10:50,Karnataka,Mangaluru,15.1506,75.9175,National Highway,Clear,Day,27,Male,Bus,41,No,No,No,Signal Jumping,Low,0.0
ACC28760,24-08-2022,22:35,Andhra Pradesh,Kurnool,15.2747,79.5509,City Road,Clear,Night,41,Female,Car,30,No,No,No,Poor Weather Visibility,Low,0.0
ACC28761,23-05-2023,13:23,Telangana,Karimnagar,17.997,78.9503,City Road,Clear,Day,43,Male,Bike,62,No,No,Yes,Pothole/Bad Road,Low,2.0
ACC28762,23-05-2024,09:20,Telangana,Warangal,17.0322,79.1552,City Road,Clear,Day,35,Male,Car,53,No,No,No,Signal Jumping,Low,1.0
ACC28763,27-08-2023,09:23,Andhra Pradesh,Visakhapatnam,16.1915,80.1983,National Highway,Overcast,Day,34,Female,Bike,75,No,Yes,No,Drowsy Driving,High,3.0
ACC28764,08-02-2024,21:17,Kerala,Thiruvananthapuram,9.9853,76.4501,Expressway,Cloudy,Night,30,Female,Bike,73,No,No,No,Signal Jumping,Medium,3.0
ACC28765,08-03-2022,19:32,Puducherry,Karaikal,11.2831,80.3559,City Road,Clear,Night,31,Female,Auto,65,Yes,No,Yes,Drunk Driving,High,9.0
ACC28766,08-02-2022,13:28,Telangana,Hyderabad,18.0646,78.7844,State Highway,Clear,Day,18,Male,Auto,64,No,No,Yes,Pothole/Bad Road,Medium,1.0
ACC28767,29-01-2022,14:55,Karnataka,Mysuru,15.8575,76.3589,State Highway,Cloudy,Day,19,Female,Bus,66,No,No,No,Poor Weather Visibility,Low,1.0
ACC28768,22-04-2024,18:00,Karnataka,Hubballi,15.313,75.9082,City Road,Clear,Dusk,47,Male,Bike,41,No,Yes,No,Drowsy Driving,Low,1.0
ACC28769,12-10-2024,15:36,Telangana,Warangal,18.1696,79.0499,City Road,Rainy,Day,20,Male,Auto,44,No,Yes,No,Poor Weather Visibility,Low,0.0
ACC28770,24-11-2022,17:13,Tamil Nadu,Chennai,11.0639,78.7663,National Highway,Cloudy,Dusk,37,Male,Car,76,No,No,No,Over Speeding,Medium,1.0
ACC28771,26-11-2024,18:51,Telangana,Hyderabad,17.6131,78.6023,National Highway,Overcast,Dusk,40,Male,Auto,78,No,No,No,Over Speeding,Medium,1.0
ACC28772,13-03-2023,21:35,Tamil Nadu,Chennai,11.0984,78.9943,Village Road,Overcast,Night,18,Female,Car,40,No,No,Yes,Pothole/Bad Road,Medium,4.0
ACC28773,11-04-2022,05:31,Kerala,Thiruvananthapuram,10.4014,76.3388,Village Road,Rainy,Dawn,59,Female,Bike,24,No,No,Yes,Poor Weather Visibility,Low,0.0
ACC28774,05-07-2022,18:46,Tamil Nadu,Chennai,11.0435,78.7218,City Road,Rainy,Dusk,35,Female,Car,53,Yes,No,Yes,Poor Weather Visibility,Medium,0.0
ACC28775,02-06-2023,17:13,Tamil Nadu,Chennai,11.2371,78.2943,Village Road,Rainy,Dusk,48,Male,Car,46,No,No,No,Poor Weather Visibility,Low,0.0
ACC28776,24-12-2024,14:31,Karnataka,Hubballi,15.747,76.1877,National Highway,Rainy,Day,18,Male,Auto,85,No,No,Yes,Poor Weather Visibility,High,3.0
ACC28777,10-09-2022,00:12,Karnataka,Bengaluru Urban,15.5,76.1628,Village Road,Clear,Night,36,Male,Car,37,Yes,Yes,Yes,Drunk Driving,Medium,4.0
ACC28778,20-10-2023,08:38,Tamil Nadu,Coimbatore,11.2909,78.1402,City Road,Clear,Day,39,Male,Car,61,No,No,No,Signal Jumping,Low,1.0
ACC28779,24-07-2023,15:36,Telangana,Karimnagar,17.3381,79.2421,Village Road,Clear,Day,52,Female,Bike,44,No,No,Yes,Pothole/Bad Road,Medium,3.0
ACC28780,20-06-2022,16:12,Telangana,Hyderabad,18.31,78.7075,State Highway,Rainy,Day,20,Male,Bike,58,No,No,No,Poor Weather Visibility,Low,
ACC28781,17-08-2022,18:08,Tamil Nadu,Salem,11.5387,78.6448,City Road,Cloudy,Dusk,45,Male,Car,52,No,No,No,Signal Jumping,Low,2.0
ACC28782,06-10-2023,17:12,Telangana,Nizamabad,17.6513,79.3598,National Highway,Rainy,Dusk,36,Male,Auto,64,No,No,No,Poor Weather Visibility,Medium,
ACC28783,04-03-2024,16:14,Puducherry,Puducherry,11.8656,79.3065,Village Road,Rainy,Day,42,Male,Bus,53,No,No,Yes,Poor Weather Visibility,Low,1.0
ACC28784,26-06-2024,18:18,Tamil Nadu,Chennai,11.8259,78.8549,National Highway,Clear,Dusk,33,Male,Auto,78,No,No,No,Over Speeding,Medium,5.0
ACC28785,14-12-2022,10:03,Andhra Pradesh,Nellore,15.8757,78.83,National Highway,Cloudy,Day,49,Female,Auto,72,No,Yes,No,Drowsy Driving,Medium,0.0
ACC28786,12-01-2023,20:55,Tamil Nadu,Tiruchirappalli,11.9254,78.0893,Village Road,Clear,Night,40,Male,Bike,48,No,No,No,Signal Jumping,Low,2.0
ACC28787,30-06-2024,15:04,Andhra Pradesh,Vijayawada,16.0157,80.3016,City Road,Clear,Day,34,Male,Bus,46,No,Yes,No,Drowsy Driving,Low,0.0
ACC28788,08-09-2022,08:32,Tamil Nadu,Tiruchirappalli,10.6791,78.2748,Expressway,Clear,Day,66,Male,Bike,63,No,No,No,Signal Jumping,Medium,2.0
ACC28789,23-09-2023,14:33,Telangana,Karimnagar,18.3609,78.9648,City Road,Rainy,Day,47,Male,Car,51,No,No,Yes,Poor Weather Visibility,Medium,6.0
ACC28790,26-03-2023,10:32,Tamil Nadu,Coimbatore,11.0088,78.5829,State Highway,Rainy,Day,33,Male,Car,46,No,No,Yes,Poor Weather Visibility,Low,0.0
ACC28791,16-01-2022,11:59,Tamil Nadu,Chennai,11.3808,79.2586,City Road,Rainy,Day,33,Male,Bike,43,No,No,No,Poor Weather Visibility,Low,1.0
ACC28792,21-05-2024,21:18,Puducherry,Karaikal,11.8179,79.9968,Expressway,Cloudy,Night,40,Male,Truck,95,No,No,No,Over Speeding,High,7.0
ACC28793,09-02-2023,15:30,Telangana,Karimnagar,18.5175,79.1264,City Road,Clear,Day,22,Male,Car,48,No,No,No,Signal Jumping,Low,0.0
ACC28794,12-04-2022,11:56,Telangana,Warangal,18.0373,79.9842,City Road,Overcast,Day,22,Male,Car,47,No,No,Yes,Pothole/Bad Road,Low,2.0
ACC28795,23-09-2023,14:33,Tamil Nadu,Tiruchirappalli,10.7119,79.1656,State Highway,Cloudy,Day,18,Male,Auto,56,No,No,No,Poor Weather Visibility,Low,1.0
ACC28796,01-12-2023,08:50,Kerala,Kozhikode,10.0717,76.4965,City Road,Cloudy,Day,20,Male,Car,70,Yes,No,No,Drunk Driving,High,5.0
ACC28797,19-11-2023,21:19,Telangana,Khammam,17.2721,79.3804,City Road,Cloudy,Night,28,Male,Truck,81,Yes,Yes,No,Drunk Driving,High,1.0
ACC28798,03-06-2022,14:08,Kerala,Ernakulam,10.5698,76.1915,Village Road,Rainy,Day,37,Female,Bike,56,Yes,No,No,Poor Weather Visibility,Low,0.0
ACC28799,18-08-2024,17:37,Andhra Pradesh,Guntur,16.5778,79.2049,City Road,Rainy,Dusk,47,Male,Bike,25,No,No,No,Poor Weather Visibility,Low,0.0
ACC28800,19-08-2024,08:19,Telangana,Warangal,18.1356,78.9529,State Highway,Rainy,Day,19,Male,Bike,56,No,No,Yes,Poor Weather Visibility,Medium,2.0
ACC28801,06-03-2022,12:39,Karnataka,Hubballi,15.1663,74.8401,Expressway,Rainy,Day,29,Male,Car,76,Yes,No,No,Poor Weather Visibility,High,1.0
ACC28802,20-02-2022,08:52,Andhra Pradesh,Kurnool,15.9439,80.0574,City Road,Cloudy,Day,38,Male,Bike,60,Yes,No,No,Drunk Driving,Medium,3.0
ACC28803,16-12-2024,01:58,Tamil Nadu,Madurai,11.3048,78.7203,City Road,Clear,Night,65,Female,Car,45,No,No,No,Signal Jumping,Low,1.0
ACC28804,06-04-2023,08:50,Andhra Pradesh,Guntur,14.7997,78.7188,Village Road,Clear,Day,21,Male,Auto,30,No,No,No,Signal Jumping,Low,1.0
ACC28805,20-07-2022,20:49,Telangana,Warangal,17.4264,78.7962,State Highway,Overcast,Night,24,Male,Truck,52,No,No,No,Poor Weather Visibility,Medium,6.0
ACC28806,10-04-2024,19:11,Karnataka,Hubballi,15.5344,75.5929,Expressway,Clear,Night,24,Female,Car,84,No,No,No,Over Speeding,Medium,5.0
ACC28807,23-03-2023,06:57,Andhra Pradesh,Visakhapatnam,16.3498,80.2894,National Highway,Rainy,Day,23,Male,Bus,70,No,No,No,Poor Weather Visibility,High,3.0
ACC28808,06-04-2023,17:49,Kerala,Kollam,10.1576,76.9886,State Highway,Foggy,Dusk,22,Male,Bike,48,No,No,Yes,Poor Weather Visibility,Medium,2.0
ACC28809,21-04-2022,16:25,Tamil Nadu,Tiruchirappalli,10.773,78.1441,State Highway,Clear,Day,26,Male,Car,63,No,No,No,Over Speeding,Low,0.0
ACC28810,08-12-2024,16:02,Tamil Nadu,Tiruchirappalli,11.3863,78.4029,City Road,Foggy,Day,19,Male,Bike,33,No,No,No,Poor Weather Visibility,Low,0.0
ACC28811,31-10-2022,23:34,Tamil Nadu,Tiruchirappalli,11.0636,78.3552,State Highway,Overcast,Night,40,Male,Car,73,Yes,No,Yes,Drunk Driving,Medium,3.0
ACC28812,23-04-2022,00:55,Kerala,Kollam,10.3691,75.7694,National Highway,Clear,Night,48,Male,Bike,86,Yes,No,No,Over Speeding,High,6.0
ACC28813,31-05-2023,18:36,Andhra Pradesh,Visakhapatnam,16.6437,79.0854,National Highway,Rainy,Dusk,62,Male,Bike,81,Yes,No,No,Poor Weather Visibility,High,4.0
ACC28814,22-01-2023,17:56,Tamil Nadu,Tiruchirappalli,10.5421,77.9993,City Road,Cloudy,Dusk,35,Female,Bike,34,No,No,Yes,Pothole/Bad Road,Low,
ACC28815,07-12-2022,15:59,Tamil Nadu,Coimbatore,10.9563,78.1146,City Road,Rainy,Day,41,Male,Auto,43,No,No,No,Poor Weather Visibility,Low,1.0
ACC28816,13-08-2023,08:49,Telangana,Karimnagar,18.1932,78.5398,City Road,Overcast,Day,19,Male,Bike,43,No,No,No,Poor Weather Visibility,Low,