Accident_ID,Date,Time,State,District,Latitude,Longitude,Road_Type,Weather,Light_Condition,Driver_Age,Driver_Gender,Vehicle_Type,Speed_kmph,Alcohol_Involved,Driver_Drowsy,Pothole_Involved,Cause_of_Accident,Severity,Casualties
ACC28817,03-07-2024,08:06,Puducherry,Puducherry,12.2336,79.9333,City Road,Clear,Day,47,Male,Bike,60,No,No,No,Signal Jumping,Low,0.0
ACC28818,03-05-2022,19:22,Andhra Pradesh,Kurnool,15.8974,80.317,State Highway,Clear,Night,35,Male,Bike,54,No,No,No,Signal Jumping,Low,0.0
ACC28819,23-04-2023,10:42,Karnataka,Bengaluru Urban,14.2804,75.7648,National Highway,Clear,Day,51,Male,Car,60,No,No,No,Signal Jumping,Low,1.0
ACC28820,01-05-2023,21:29,Kerala,Ernakulam,10.718,76.5704,National Highway,Clear,Night,62,Male,Car,59,No,Yes,No,Drowsy Driving,Medium,3.0
ACC28821,13-03-2023,13:08,Kerala,Kollam,9.8662,76.7788,City Road,Foggy,Day,35,Female,Car,44,No,No,Yes,Poor Weather Visibility,Low,0.0
ACC28822,04-08-2022,23:35,Tamil Nadu,Coimbatore,10.9649,78.5566,City Road,Clear,Night,48,Male,Car,36,No,No,No,Signal Jumping,Low,0.0
ACC28823,09-10-2022,16:29,Telangana,Nizamabad,18.0669,79.0635,Village Road,Clear,Day,31,Male,Bike,75,No,No,No,Over Speeding,Medium,7.0
ACC28824,22-09-2023,16:42,Karnataka,Bengaluru Urban,15.1606,75.6701,State Highway,Clear,Day,28,Male,Auto,66,No,No,No,Signal Jumping,Low,0.0
ACC28825,28-03-2023,13:06,Tamil Nadu,Madurai,10.7822,78.598,State Highway,Rainy,Day,52,Female,Car,49,No,No,Yes,Poor Weather Visibility,Low,0.0
ACC28826,04-07-2024,16:19,Tamil Nadu,Salem,10.9527,78.9988,Village Road,Rainy,Day,42,Male,Auto,54,No,No,No,Poor Weather Visibility,Medium,5.0
ACC28827,19-04-2024,15:12,Andhra Pradesh,Visakhapatnam,16.4936,80.1667,Village Road,Overcast,Day,75,Male,Car,37,No,No,No,Poor Weather Visibility,Low,
ACC28828,31-05-2022,01:21,Telangana,Hyderabad,18.1433,78.7536,City Road,Clear,Night,29,Male,Car,53,Yes,No,No,Drunk Driving,Medium,2.0
ACC28829,21-03-2022,19:05,Andhra Pradesh,Visakhapatnam,15.9654,79.6196,National Highway,Cloudy,Night,42,Female,Car,100,No,Yes,No,Over Speeding,High,6.0
ACC28830,19-01-2024,15:28,Telangana,Warangal,17.9842,79.2241,Village Road,Clear,Day,68,Male,Truck,55,No,No,No,Poor Weather Visibility,Low,0.0
ACC28831,06-01-2023,16:00,Telangana,Hyderabad,18.0162,77.851,Village Road,Clear,Day,21,Male,Auto,24,No,No,No,Signal Jumping,Low,1.0
ACC28832,08-01-2024,07:06,Tamil Nadu,Chennai,10.8387,78.891,City Road,Clear,Day,18,Male,Bike,47,No,No,No,Signal Jumping,Low,1.0
ACC28833,31-01-2022,19:14,Kerala,Thrissur,10.6249,77.0063,State Highway,Clear,Night,18,Female,Truck,47,No,No,No,Signal Jumping,Low,1.0
ACC28834,20-10-2024,15:34,Andhra Pradesh,Visakhapatnam,16.1677,80.0257,State Highway,Clear,Day,33,Male,Car,107,Yes,No,No,Over Speeding,High,8.0
ACC28835,30-07-2022,09:58,Tamil Nadu,Chennai,10.5852,79.0999,City Road,Clear,Day,49,Male,Auto,52,No,No,No,Signal Jumping,Low,
ACC28836,27-10-2022,07:11,Karnataka,Bengaluru Urban,14.817,76.2453,State Highway,Rainy,Day,34,Female,Auto,75,No,No,Yes,Poor Weather Visibility,Medium,7.0
ACC28837,24-05-2023,10:08,Karnataka,Bengaluru Urban,15.8559,75.7288,State Highway,Overcast,Day,39,Male,Bike,69,No,No,Yes,Pothole/Bad Road,Low,0.0
ACC28838,19-06-2024,16:51,Telangana,Hyderabad,17.9451,78.7721,City Road,Clear,Day,30,Male,Bus,61,No,No,No,Over Speeding,Medium,0.0
ACC28839,25-06-2022,10:12,Karnataka,Mangaluru,15.3647,75.2889,City Road,Clear,Day,31,Female,Truck,70,Yes,No,No,Drunk Driving,Medium,2.0
ACC28840,20-10-2024,11:46,Tamil Nadu,Salem,10.6118,78.3242,City Road,Cloudy,Day,36,Female,Car,68,No,No,No,Signal Jumping,Low,1.0
ACC28841,28-10-2023,14:18,Kerala,Kozhikode,10.7265,76.12,City Road,Clear,Day,55,Male,Auto,44,No,No,No,Signal Jumping,Low,2.0
ACC28842,30-11-2022,18:34,Telangana,Karimnagar,18.1962,79.5453,City Road,Rainy,Dusk,26,Female,Bike,47,No,No,No,Poor Weather Visibility,Low,1.0
ACC28843,24-09-2023,19:33,Tamil Nadu,Salem,10.456,78.6345,National Highway,Clear,Night,39,Male,Car,78,No,Yes,No,Drowsy Driving,Medium,1.0
ACC28844,19-04-2022,18:38,Karnataka,Hubballi,15.714,75.456,Expressway,Rainy,Dusk,45,Female,Bike,100,No,No,No,Over Speeding,High,6.0
ACC28845,05-12-2023,16:20,Andhra Pradesh,Nellore,15.5023,79.842,City Road,Overcast,Day,48,Male,Bike,48,No,No,No,Poor Weather Visibility,Low,1.0
ACC28846,19-01-2024,22:35,Karnataka,Mangaluru,15.3364,75.5913,Village Road,Cloudy,Night,38,Male,Bike,62,Yes,Yes,Yes,Drunk Driving,High,8.0
ACC28847,25-06-2022,15:26,Karnataka,Hubballi,14.9268,76.2251,State Highway,Cloudy,Day,18,Male,Bike,77,No,No,No,Over Speeding,Medium,1.0
ACC28848,19-12-2022,23:43,Puducherry,Puducherry,11.7306,79.512,Village Road,Rainy,Night,18,Male,Bike,42,Yes,No,Yes,Poor Weather Visibility,Medium,0.0
ACC28849,16-09-2023,20:38,Karnataka,Hubballi,15.0183,75.3224,State Highway,Clear,Night,24,Male,Auto,58,No,No,No,Signal Jumping,Medium,1.0
ACC28850,19-06-2023,07:55,Karnataka,Mysuru,15.0899,76.1197,National Highway,Clear,Day,40,Male,Bike,60,Yes,No,No,Drunk Driving,Medium,0.0
ACC28851,17-03-2022,07:24,Tamil Nadu,Coimbatore,11.1567,77.8709,Expressway,Cloudy,Day,18,Male,Bus,75,No,No,No,Over Speeding,High,3.0
ACC28852,05-05-2024,14:35,Karnataka,Hubballi,15.7843,75.7341,State Highway,Clear,Day,53,Male,Bike,91,No,No,No,Over Speeding,Medium,5.0
ACC28853,11-03-2022,18:41,Karnataka,Hubballi,15.0478,75.7757,State Highway,Rainy,Dusk,26,Male,Bus,54,No,No,No,Poor Weather Visibility,Low,1.0
ACC28854,26-01-2023,20:28,Andhra Pradesh,Nellore,15.8757,80.2847,City Road,Cloudy,Night,31,Male,Car,39,No,No,No,Poor Weather Visibility,Low,0.0
ACC28855,04-11-2024,00:34,Telangana,Khammam,17.7241,78.6224,National Highway,Clear,Night,37,Male,Auto,74,No,No,Yes,Pothole/Bad Road,High,2.0
ACC28856,29-11-2022,00:24,Tamil Nadu,Tiruchirappalli,11.8394,78.9054,National Highway,Clear,Night,46,Male,Bus,44,No,No,No,Signal Jumping,Low,0.0
ACC28857,11-12-2024,10:48,Puducherry,Karaikal,12.163,78.5972,State Highway,Overcast,Day,41,Male,Bus,82,Yes,Yes,No,Drunk Driving,High,2.0
ACC28858,24-06-2024,22:18,Tamil Nadu,Tiruchirappalli,11.0748,79.0987,Expressway,Foggy,Night,24,Female,Bike,108,Yes,Yes,No,Over Speeding,High,11.0
ACC28859,06-07-2024,17:15,Telangana,Hyderabad,17.468,78.6879,City Road,Clear,Dusk,18,Female,Auto,59,No,Yes,Yes,Drowsy Driving,Medium,5.0
ACC28860,20-03-2022,06:38,Telangana,Warangal,18.0748,79.5234,National Highway,Cloudy,Day,45,Male,Car,91,Yes,No,No,Over Speeding,High,7.0
ACC28861,27-07-2024,16:02,Andhra Pradesh,Guntur,15.3506,79.6399,City Road,Rainy,Day,34,Male,Bike,32,No,No,Yes,Poor Weather Visibility,Low,0.0
ACC28862,26-11-2022,22:23,Andhra Pradesh,Nellore,15.7783,79.0635,Village Road,Clear,Night,21,Male,Car,52,Yes,No,Yes,Drunk Driving,Medium,6.0
ACC28863,18-06-2022,18:57,Kerala,Thiruvananthapuram,10.2812,76.8461,City Road,Cloudy,Dusk,46,Male,Car,43,No,No,No,Poor Weather Visibility,Low,1.0
ACC28864,12-06-2022,17:25,Karnataka,Mangaluru,14.8276,76.046,City Road,Clear,Dusk,46,Male,Car,38,No,No,No,Poor Weather Visibility,Low,0.0
ACC28865,02-04-2023,18:02,Tamil Nadu,Tiruchirappalli,10.9796,78.7859,City Road,Clear,Dusk,36,Male,Car,55,No,No,No,Signal Jumping,Low,0.0
ACC28866,16-09-2022,20:04,Kerala,Thrissur,10.2144,75.5533,Village Road,Cloudy,Night,60,Male,Bike,66,No,No,Yes,Signal Jumping,Medium,0.0
ACC28867,10-08-2024,03:06,Telangana,Warangal,17.3233,79.2633,State Highway,Cloudy,Night,58,Male,Bike,74,No,No,No,Over Speeding,High,4.0
ACC28868,31-07-2023,10:17,Karnataka,Bengaluru Urban,16.0101,75.6,City Road,Clear,Day,36,Male,Car,53,No,No,No,Signal Jumping,Low,0.0
ACC28869,26-10-2023,18:59,Tamil Nadu,Madurai,10.4922,78.4143,Expressway,Rainy,Dusk,21,Male,Bike,76,No,No,No,Poor Weather Visibility,High,7.0
ACC28870,10-11-2023,19:09,Andhra Pradesh,Nellore,16.0313,79.2691,City Road,Rainy,Night,27,Female,Bike,34,No,No,Yes,Poor Weather Visibility,Medium,3.0
ACC28871,29-04-2022,14:35,Tamil Nadu,Chennai,11.1217,77.8042,City Road,Rainy,Day,56,Male,Car,41,No,No,No,Poor Weather Visibility,Low,0.0
ACC28872,22-12-2024,18:33,Telangana,Warangal,18.2073,79.3551,Expressway,Clear,Dusk,31,Male,Car,76,No,No,No,Over Speeding,Medium,2.0
ACC28873,12-11-2022,05:33,Karnataka,Hubballi,14.8913,75.7253,National Highway,Clear,Dawn,27,Male,Auto,69,No,No,No,Over Speeding,Low,2.0
ACC28874,17-04-2022,15:57,Andhra Pradesh,Vijayawada,15.747,80.0392,Village Road,Clear,Day,33,Male,Auto,65,No,No,Yes,Signal Jumping,Medium,0.0
ACC28875,04-10-2023,19:10,Andhra Pradesh,Visakhapatnam,16.1716,79.3478,State Highway,Cloudy,Night,41,Male,Bike,63,No,Yes,No,Drowsy Driving,Medium,3.0
ACC28876,07-04-2022,04:09,Telangana,Warangal,18.3933,78.5387,Expressway,Rainy,Night,23,Male,Car,73,No,No,No,Poor Weather Visibility,High,2.0
ACC28877,26-01-2023,23:01,Andhra Pradesh,Visakhapatnam,16.1719,79.5134,State Highway,Clear,Night,32,Male,Bike,65,No,No,Yes,Pothole/Bad Road,Medium,1.0
ACC28878,11-04-2024,21:38,Telangana,Hyderabad,18.4278,78.8744,National Highway,Cloudy,Night,41,Male,Car,63,No,No,No,Poor Weather Visibility,Low,3.0
ACC28879,06-09-2024,15:18,Tamil Nadu,Chennai,11.3623,78.4947,City Road,Cloudy,Day,41,Male,Auto,53,No,No,No,Poor Weather Visibility,Low,0.0
ACC28880,18-01-2024,09:00,Andhra Pradesh,Vijayawada,16.1974,80.5412,Expressway,Cloudy,Day,24,Male,Bus,78,No,No,No,Over Speeding,High,6.0
ACC28881,04-07-2024,13:07,Kerala,Kollam,10.0265,76.6092,Village Road,Clear,Day,45,Female,Bike,52,No,No,No,Signal Jumping,Medium,4.0
ACC28882,19-05-2024,19:40,Karnataka,Mysuru,14.0328,75.5516,City Road,Rainy,Night,41,Male,Bike,44,No,No,Yes,Poor Weather Visibility,Medium,0.0
ACC28883,27-03-2022,08:00,Karnataka,Mysuru,15.3712,75.3039,Village Road,Clear,Day,20,Male,Bus,46,No,Yes,No,Drowsy Driving,Medium,1.0
ACC28884,29-07-2024,16:14,Tamil Nadu,Madurai,10.6459,77.8969,Expressway,Rainy,Day,36,Male,Bike,80,No,No,No,Poor Weather Visibility,Medium,9.0
ACC28885,04-05-2023,16:07,Tamil Nadu,Salem,11.2073,79.1377,City Road,Clear,Day,49,Male,Bike,44,No,No,No,Signal Jumping,Low,0.0
ACC28886,24-06-2023,09:39,Andhra Pradesh,Guntur,15.6567,79.1632,City Road,Clear,Day,62,Female,Bus,62,No,No,No,Over Speeding,Low,1.0
ACC28887,01-08-2022,17:27,Tamil Nadu,Coimbatore,10.8162,78.6193,City Road,Rainy,Dusk,43,Male,Auto,41,No,No,No,Poor Weather Visibility,Low,1.0
ACC28888,14-03-2024,19:30,Andhra Pradesh,Kurnool,15.6103,80.173,City Road,Clear,Night,29,Male,Bike,61,Yes,No,Yes,Drunk Driving,Medium,2.0
ACC28889,23-06-2022,06:03,Tamil Nadu,Chennai,10.7739,78.2802,City Road,Clear,Day,36,Male,Auto,31,No,No,No,Signal Jumping,Low,1.0
ACC28890,09-05-2023,19:56,Kerala,Kollam,10.7819,76.6003,Village Road,Rainy,Night,35,Female,Car,43,No,No,Yes,Poor Weather Visibility,Low,0.0
ACC28891,30-04-2024,21:26,Andhra Pradesh,Vijayawada,16.0897,78.9532,State Highway,Overcast,Night,21,Male,Bike,66,No,Yes,No,Drowsy Driving,High,
ACC28892,10-12-2024,10:33,Karnataka,Hubballi,15.7279,75.8245,Expressway,Cloudy,Day,54,Male,Car,87,No,No,No,Over Speeding,Medium,0.0
ACC28893,30-11-2022,18:00,Telangana,Warangal,18.5088,78.9018,City Road,Foggy,Dusk,57,Male,Bus,51,No,Yes,Yes,Poor Weather Visibility,Medium,6.0
ACC28894,23-08-2023,14:23,Puducherry,Puducherry,11.2938,80.1314,City Road,Clear,Day,56,Male,Auto,76,No,No,No,Over Speeding,Medium,3.0
ACC28895,10-04-2022,09:57,Karnataka,Hubballi,15.4344,75.2542,Expressway,Rainy,Day,62,Female,Bike,80,No,No,No,Poor Weather Visibility,Medium,5.0
ACC28896,03-12-2022,01:22,Tamil Nadu,Tiruchirappalli,11.1633,78.8118,State Highway,Clear,Night,54,Male,Car,63,No,No,No,Signal Jumping,Low,4.0
ACC28897,17-04-2024,06:56,Tamil Nadu,Salem,11.0349,78.8859,City Road,Clear,Day,46,Male,Bike,33,No,No,No,Poor Weather Visibility,Low,1.0
ACC28898,02-01-2024,17:57,Tamil Nadu,Coimbatore,10.5884,78.3562,Expressway,Clear,Dusk,40,Female,Auto,85,No,No,Yes,Over Speeding,High,7.0
ACC28899,17-08-2023,16:50,Karnataka,Belagavi,15.5703,75.4798,City Road,Clear,Day,19,Male,Truck,59,Yes,No,Yes,Drunk Driving,Medium,1.0
ACC28900,07-10-2023,21:16,Puducherry,Karaikal,11.9008,79.7165,Village Road,Rainy,Night,45,Male,Bus,41,Yes,No,No,Poor Weather Visibility,Medium,1.0
ACC28901,07-08-2022,10:33,Telangana,Khammam,18.024,78.792,State Highway,Cloudy,Day,29,Male,Bike,63,No,No,No,Poor Weather Visibility,Low,0.0
ACC28902,30-08-2022,08:54,Karnataka,Hubballi,15.1192,75.6376,Village Road,Cloudy,Day,49,Male,Car,34,No,No,No,Poor Weather Visibility,Low,0.0
ACC28903,27-10-2023,14:04,Andhra Pradesh,Visakhapatnam,16.3532,79.2827,National Highway,Clear,Day,47,Male,Car,69,No,No,No,Over Speeding,Low,0.0
ACC28904,16-10-2023,08:10,Andhra Pradesh,Vijayawada,15.9788,79.6636,City Road,Foggy,Day,18,Male,Car,67,Yes,Yes,No,Poor Weather Visibility,High,6.0
ACC28905,23-09-2023,18:01,Tamil Nadu,Madurai,11.3292,78.147,Expressway,Rainy,Dusk,41,Female,Truck,85,No,No,No,Poor Weather Visibility,High,2.0
ACC28906,22-10-2023,21:42,Andhra Pradesh,Vijayawada,15.242,80.368,State Highway,Overcast,Night,44,Male,Car,58,No,No,Yes,Pothole/Bad Road,Medium,5.0
ACC28907,22-09-2024,16:24,Kerala,Kollam,10.6328,76.8586,National Highway,Rainy,Day,18,Female,Bus,61,No,No,No,Poor Weather Visibility,Medium,3.0
ACC28908,07-06-2024,05:33,Tamil Nadu,Madurai,10.6856,78.9434,Village Road,Rainy,Dawn,23,Male,Auto,53,Yes,No,No,Poor Weather Visibility,Medium,2.0
ACC28909,09-10-2023,21:22,Tamil Nadu,Coimbatore,11.0541,78.4933,State Highway,Clear,Night,18,Male,Car,68,Yes,No,No,Drunk Driving,Medium,3.0
ACC28910,09-02-2023,09:38,Kerala,Kozhikode,10.2803,76.1521,Expressway,Rainy,Day,51,Female,Bike,96,No,No,No,Over Speeding,High,8.0
ACC28911,05-06-2023,13:07,Puducherry,Karaikal,11.9519,80.0544,National Highway,Overcast,Day,47,Male,Car,52,No,No,No,Poor Weather Visibility,Low,0.0
ACC28912,02-08-2022,17:35,Tamil Nadu,Chennai,10.8142,78.1758,State Highway,Rainy,Dusk,55,Male,Truck,74,No,No,Yes,Poor Weather Visibility,High,11.0
ACC28913,16-02-2024,19:02,Karnataka,Belagavi,15.623,75.775,State Highway,Rainy,Night,27,Male,Bike,78,No,No,No,Poor Weather Visibility,High,5.0
ACC28914,13-02-2023,09:41,Tamil Nadu,Tiruchirappalli,10.9825,78.0284,National Highway,Clear,Day,19,Male,Car,59,No,Yes,No,Drowsy Driving,Low,1.0
ACC28915,12-02-2022,11:20,Karnataka,Hubballi,15.4907,75.4102,National Highway,Rainy,Day,36,Male,Truck,65,No,No,Yes,Poor Weather Visibility,Medium,5.0
ACC28916,18-06-2024,13:27,Telangana,Warangal,17.861,79.2658,City Road,Cloudy,Day,38,Male,Car,47,No,No,No,Poor Weather Visibility,Low,0.0
ACC28917,18-12-2024,13:19,Andhra Pradesh,Vijayawada,16.2878,79.4995,National Highway,Cloudy,Day,55,Male,Car,76,No,No,No,Over Speeding,Medium,2.0
ACC28918,15-01-2024,01:01,Karnataka,Hubballi,15.2647,75.3389,Village Road,Overcast,Night,36,Female,Auto,47,No,No,Yes,Pothole/Bad Road,Low,2.0
ACC28919,16-05-2022,05:10,Tamil Nadu,Salem,11.7857,78.5526,Village Road,Clear,Dawn,40,Male,Car,39,No,No,No,Poor Weather Visibility,Low,0.0
ACC28920,14-01-2024,07:34,Telangana,Hyderabad,17.9683,78.8191,City Road,Rainy,Day,20,Female,Car,42,No,No,No,Poor Weather Visibility,Low,1.0
ACC28921,27-11-2022,05:02,Telangana,Karimnagar,17.5616,78.6786,City Road,Rainy,Dawn,40,Male,Bus,75,Yes,No,No,Poor Weather Visibility,Medium,3.0
ACC28922,07-08-2022,12:15,Karnataka,Mangaluru,14.7561,76.0426,State Highway,Rainy,Day,38,Male,Car,49,No,No,Yes,Poor Weather Visibility,Medium,0.0
ACC28923,10-11-2024,10:44,Andhra Pradesh,Visakhapatnam,15.987,79.5921,City Road,Cloudy,Day,27,Male,Auto,42,No,No,Yes,Pothole/Bad Road,Low,1.0
ACC28924,19-11-2024,22:08,Andhra Pradesh,Vijayawada,16.2905,79.8144,National Highway,Clear,Night,18,Female,Bike,57,No,No,No,Signal Jumping,Medium,3.0
ACC28925,02-07-2022,09:33,Kerala,Kollam,10.3876,76.3041,Village Road,Clear,Day,56,Male,Bike,36,No,No,No,Signal Jumping,Low,0.0
ACC28926,08-03-2023,01:53,Kerala,Ernakulam,10.4564,76.1665,City Road,Cloudy,Night,24,Male,Bike,62,Yes,Yes,No,Drunk Driving,High,5.0
ACC28927,12-09-2023,16:33,Tamil Nadu,Tiruchirappalli,11.1351,77.8496,City Road,Rainy,Day,28,Male,Bike,69,Yes,No,Yes,Poor Weather Visibility,High,7.0
ACC28928,16-10-2022,13:53,Tamil Nadu,Coimbatore,11.25,78.5647,National Highway,Clear,Day,38,Male,Bus,75,No,No,Yes,Pothole/Bad Road,Medium,3.0
ACC28929,06-11-2023,05:38,Karnataka,Mangaluru,15.4075,74.9772,National Highway,Rainy,Dawn,21,Male,Truck,46,No,No,No,Poor Weather Visibility,Low,1.0
ACC28930,20-12-2023,08:47,Karnataka,Mangaluru,15.3127,74.8134,National Highway,Rainy,Day,25,Male,Bus,68,No,No,No,Poor Weather Visibility,Medium,4.0
ACC28931,10-04-2023,09:11,Karnataka,Hubballi,15.5855,75.8895,City Road,Cloudy,Day,43,Male,Car,32,No,No,Yes,Pothole/Bad Road,Low,1.0
ACC28932,14-01-2023,04:34,Tamil Nadu,Chennai,10.8961,78.5124,City Road,Rainy,Night,41,Male,Bus,49,No,Yes,No,Poor Weather Visibility,Medium,6.0
ACC28933,22-08-2024,03:49,Kerala,Thiruvananthapuram,10.4746,77.1811,Village Road,Foggy,Night,18,Female,Bike,68,Yes,Yes,Yes,Poor Weather Visibility,High,7.0
ACC28934,21-10-2022,14:12,Tamil Nadu,Madurai,11.2472,78.4332,National Highway,Rainy,Day,31,Male,Auto,60,No,No,No,Poor Weather Visibility,Medium,
ACC28935,13-12-2022,08:22,Karnataka,Bengaluru Urban,15.655,75.437,State Highway,Clear,Day,32,Male,Bike,64,No,No,No,Signal Jumping,Low,1.0
ACC28936,26-09-2022,15:57,Andhra Pradesh,Nellore,16.5087,79.1074,State Highway,Cloudy,Day,51,Female,Truck,65,No,Yes,No,Drowsy Driving,Medium,5.0
ACC28937,04-04-2022,20:43,Telangana,Khammam,17.7654,79.7626,City Road,Clear,Night,58,Male,Truck,59,No,Yes,Yes,Drowsy Driving,Medium,2.0
ACC28938,24-08-2024,07:31,Telangana,Karimnagar,18.0817,79.084,Village Road,Cloudy,Day,39,Male,Bus,31,No,No,No,Poor Weather Visibility,Low,2.0
ACC28939,17-09-2023,11:03,Karnataka,Hubballi,15.5885,75.4788,City Road,Clear,Day,32,Male,Truck,40,No,No,No,Signal Jumping,Low,1.0
ACC28940,30-07-2022,01:48,Telangana,Warangal,17.8446,78.5923,Expressway,Clear,Night,48,Male,Bus,105,Yes,Yes,No,Over Speeding,High,4.0
ACC28941,10-09-2024,06:05,Tamil Nadu,Madurai,10.9249,78.071,Village Road,Clear,Day,36,Female,Bus,28,No,No,Yes,Pothole/Bad Road,Low,3.0
ACC28942,16-10-2022,07:21,Tamil Nadu,Salem,10.7019,78.172,State Highway,Clear,Day,44,Male,Car,76,No,No,Yes,Pothole/Bad Road,High,7.0
ACC28943,06-12-2023,17:21,Karnataka,Belagavi,15.6498,75.7269,National Highway,Cloudy,Dusk,18,Female,Truck,75,No,No,No,Over Speeding,High,9.0
ACC28944,05-04-2024,11:40,Tamil Nadu,Coimbatore,11.3109,78.1471,State Highway,Overcast,Day,32,Male,Car,38,No,No,No,Poor Weather Visibility,Low,3.0
ACC28945,24-02-2023,14:32,Tamil Nadu,Tiruchirappalli,10.6664,78.9252,State Highway,Clear,Day,51,Male,Bike,63,No,No,Yes,Pothole/Bad Road,Medium,0.0
ACC28946,31-07-2023,03:47,Tamil Nadu,Chennai,11.4276,78.5088,National Highway,Clear,Night,30,Female,Truck,71,No,Yes,No,Drowsy Driving,Medium,1.0
ACC28947,25-11-2022,10:11,Tamil Nadu,Madurai,11.0855,78.6101,State Highway,Clear,Day,37,Male,Car,68,No,No,No,Signal Jumping,Low,0.0
ACC28948,14-10-2024,15:05,Andhra Pradesh,Kurnool,16.1688,80.2914,Expressway,Clear,Day,29,Male,Auto,72,No,No,No,Over Speeding,Medium,3.0
ACC28949,14-11-2022,09:47,Karnataka,Hubballi,15.1395,76.115,City Road,Rainy,Day,18,Male,Car,45,No,No,No,Poor Weather Visibility,Low,2.0
ACC28950,14-09-2022,19:45,Karnataka,Hubballi,16.0733,75.5541,State Highway,Clear,Night,19,Male,Auto,81,Yes,No,No,Drunk Driving,High,5.0
ACC28951,16-05-2022,23:10,Karnataka,Belagavi,15.872,75.3971,State Highway,Clear,Night,26,Male,Bus,89,Yes,No,No,Over Speeding,High,
ACC28952,07-07-2022,14:02,Telangana,Nizamabad,18.7298,78.6999,Village Road,Cloudy,Day,46,Male,Car,58,No,No,Yes,Pothole/Bad Road,Medium,4.0
ACC28953,16-10-2023,22:50,Andhra Pradesh,Kurnool,16.9088,81.0469,State Highway,Rainy,Night,36,Male,Bike,83,No,Yes,No,Poor Weather Visibility,High,6.0
ACC28954,23-09-2023,14:49,Kerala,Thiruvananthapuram,10.1389,76.5551,National Highway,Clear,Day,26,Male,Car,100,No,No,No,Over Speeding,High,8.0
ACC28955,14-04-2024,13:02,Andhra Pradesh,Kurnool,16.0929,79.4754,Expressway,Overcast,Day,31,Male,Bike,74,No,No,No,Over Speeding,Medium,1.0
ACC28956,07-03-2022,07:07,Karnataka,Belagavi,15.0649,75.4626,City Road,Clear,Day,59,Male,Bus,44,No,No,Yes,Signal Jumping,Low,2.0
ACC28957,15-05-2024,09:36,Karnataka,Mangaluru,14.3628,75.6882,City Road,Clear,Day,48,Female,Bike,33,No,No,No,Poor Weather Visibility,Low,3.0
ACC28958,28-04-2022,01:48,Karnataka,Belagavi,16.5053,75.5545,Village Road,Overcast,Night,29,Male,Bike,55,No,No,Yes,Pothole/Bad Road,Medium,4.0
ACC28959,15-08-2022,15:32,Telangana,Nizamabad,17.9107,79.0742,State Highway,Cloudy,Day,24,Male,Truck,52,No,Yes,No,Drowsy Driving,Medium,2.0
ACC28960,28-04-2023,12:31,Telangana,Khammam,18.0171,79.1364,Village Road,Clear,Day,33,Female,Car,47,No,No,Yes,Pothole/Bad Road,Low,3.0
ACC28961,05-03-2024,19:53,Puducherry,Puducherry,11.924,79.9587,City Road,Rainy,Night,51,Male,Car,66,Yes,No,Yes,Poor Weather Visibility,High,8.0
ACC28962,14-05-2023,20:26,Andhra Pradesh,Kurnool,15.4516,79.4432,City Road,Cloudy,Night,33,Male,Bike,68,Yes,No,No,Drunk Driving,High,8.0
ACC28963,29-09-2022,17:02,Kerala,Thiruvananthapuram,10.845,77.0493,National Highway,Clear,Dusk,23,Male,Car,66,No,No,No,Over Speeding,Medium,
ACC28964,05-11-2024,09:38,Karnataka,Bengaluru Urban,15.3847,75.4401,Village Road,Clear,Day,24,Male,Truck,32,No,Yes,No,Drowsy Driving,Low,0.0
ACC28965,07-06-2022,14:52,Karnataka,Belagavi,15.4061,74.7652,Expressway,Rainy,Day,18,Female,Truck,81,No,No,Yes,Poor Weather Visibility,Medium,3.0
ACC28966,11-06-2024,14:59,Karnataka,Hubballi,15.5592,75.5921,Expressway,Clear,Day,24,Male,Bus,81,No,No,No,Over Speeding,High,8.0
ACC28967,17-11-2024,21:32,Tamil Nadu,Tiruchirappalli,12.0305,79.0002,National Highway,Cloudy,Night,23,Male,Car,94,Yes,Yes,Yes,Over Speeding,High,8.0
ACC28968,15-10-2023,09:42,Karnataka,Bengaluru Urban,15.495,76.0695,Village Road,Rainy,Day,34,Male,Truck,42,No,No,No,Poor Weather Visibility,Low,
ACC28969,24-04-2023,20:40,Kerala,Thiruvananthapuram,10.1501,76.7389,National Highway,Cloudy,Night,60,Male,Auto,79,No,No,No,Over Speeding,High,4.0
ACC28970,09-10-2024,07:44,Karnataka,Mysuru,15.0791,75.7508,National Highway,Rainy,Day,37,Male,Car,80,No,No,No,Poor Weather Visibility,High,9.0
ACC28971,08-08-2022,16:45,Telangana,Nizamabad,18.3023,78.6934,National Highway,Overcast,Day,41,Male,Bike,68,No,No,No,Poor Weather Visibility,Low,1.0
ACC28972,29-04-2023,19:28,Kerala,Thiruvananthapuram,10.1244,75.9768,City Road,Clear,Night,41,Female,Bike,46,Yes,No,No,Drunk Driving,Medium,1.0
ACC28973,02-02-2024,17:36,Karnataka,Bengaluru Urban,15.474,75.8512,City Road,Cloudy,Dusk,42,Male,Car,28,No,No,Yes,Pothole/Bad Road,Low,1.0