Accident_ID,Date,Time,State,District,Latitude,Longitude,Road_Type,Weather,Light_Condition,Driver_Age,Driver_Gender,Vehicle_Type,Speed_kmph,Alcohol_Involved,Driver_Drowsy,Pothole_Involved,Cause_of_Accident,Severity,Casualties
ACC28974,22-02-2023,11:31,Andhra Pradesh,Guntur,15.8085,79.9239,City Road,Clear,Day,31,Male,Auto,48,No,No,No,Signal Jumping,Low,2.0
ACC28975,15-07-2022,17:22,Kerala,Thiruvananthapuram,10.0946,76.3015,Village Road,Overcast,Dusk,20,Male,Bike,64,Yes,No,No,Drunk Driving,High,7.0
ACC28976,11-12-2024,00:44,Telangana,Karimnagar,17.4274,79.0017,State Highway,Clear,Night,54,Male,Car,63,Yes,No,No,Drunk Driving,Low,1.0
ACC28977,06-06-2023,16:36,Tamil Nadu,Chennai,11.5325,78.775,City Road,Rainy,Day,26,Male,Bike,58,No,No,Yes,Poor Weather Visibility,Low,0.0
ACC28978,10-09-2023,10:48,Andhra Pradesh,Kurnool,15.6837,79.8848,City Road,Clear,Day,18,Male,Bike,44,No,No,No,Signal Jumping,Low,1.0
ACC28979,04-02-2023,14:08,Karnataka,Belagavi,15.181,75.993,National Highway,Clear,Day,34,Male,Truck,77,No,Yes,No,Drowsy Driving,Medium,3.0
ACC28980,11-03-2022,20:11,Telangana,Khammam,18.1082,78.9423,City Road,Cloudy,Night,30,Male,Truck,40,No,Yes,No,Drowsy Driving,Low,0.0
ACC28981,20-05-2024,19:35,Kerala,Thrissur,10.8502,75.9452,National Highway,Rainy,Night,32,Male,Bike,65,No,No,No,Poor Weather Visibility,Medium,5.0
ACC28982,26-04-2023,02:08,Karnataka,Belagavi,15.1441,75.1318,Village Road,Rainy,Night,36,Male,Auto,55,Yes,No,No,Poor Weather Visibility,Medium,4.0
ACC28983,04-07-2022,12:18,Karnataka,Belagavi,15.3553,75.783,National Highway,Cloudy,Day,25,Male,Bike,68,No,Yes,No,Signal Jumping,Medium,1.0
ACC28984,28-04-2022,10:51,Kerala,Thrissur,10.7535,76.0963,City Road,Clear,Day,20,Male,Car,53,No,No,No,Signal Jumping,Low,3.0
ACC28985,25-12-2024,18:38,Karnataka,Mysuru,15.5619,75.2141,Village Road,Cloudy,Dusk,18,Male,Auto,52,No,No,Yes,Pothole/Bad Road,Medium,2.0
ACC28986,10-09-2023,05:35,Karnataka,Hubballi,15.3846,75.4834,National Highway,Clear,Dawn,32,Male,Truck,78,No,No,Yes,Over Speeding,High,3.0
ACC28987,09-08-2023,11:32,Karnataka,Mysuru,14.9765,75.6353,City Road,Clear,Day,18,Male,Car,30,No,No,No,Poor Weather Visibility,Low,0.0
ACC28988,11-12-2023,08:54,Telangana,Karimnagar,17.1261,78.7236,City Road,Clear,Day,51,Female,Truck,51,Yes,No,No,Drunk Driving,Low,0.0
ACC28989,10-12-2024,19:49,Tamil Nadu,Madurai,11.903,78.3858,City Road,Clear,Night,18,Male,Auto,70,Yes,No,No,Drunk Driving,High,5.0
ACC28990,26-06-2022,09:06,Andhra Pradesh,Vijayawada,16.5562,79.4771,Village Road,Clear,Day,40,Male,Car,23,No,No,No,Poor Weather Visibility,Low,2.0
ACC28991,16-11-2022,22:06,Karnataka,Mysuru,15.319,75.6428,City Road,Clear,Night,44,Male,Truck,43,No,No,No,Signal Jumping,Low,3.0
ACC28992,25-07-2024,07:39,Andhra Pradesh,Visakhapatnam,16.291,79.7763,Village Road,Foggy,Day,47,Female,Auto,51,No,Yes,Yes,Poor Weather Visibility,Medium,1.0
ACC28993,28-02-2022,17:59,Telangana,Khammam,17.2048,78.3438,State Highway,Overcast,Dusk,18,Male,Car,38,No,No,No,Poor Weather Visibility,Low,1.0
ACC28994,29-11-2024,15:17,Karnataka,Mysuru,15.5195,75.2989,Village Road,Cloudy,Day,41,Male,Car,55,No,No,No,Poor Weather Visibility,Low,2.0
ACC28995,02-07-2022,18:59,Tamil Nadu,Coimbatore,11.2085,79.0839,City Road,Cloudy,Dusk,53,Female,Car,43,No,No,No,Poor Weather Visibility,Low,0.0
ACC28996,10-03-2024,21:53,Karnataka,Mysuru,15.4807,75.618,City Road,Cloudy,Night,49,Male,Bike,46,No,No,No,Signal Jumping,Low,0.0
ACC28997,29-05-2024,19:32,Karnataka,Belagavi,15.206,75.463,National Highway,Cloudy,Night,33,Female,Truck,87,No,Yes,No,Over Speeding,High,4.0
ACC28998,28-09-2023,17:48,Telangana,Khammam,17.195,78.9371,State Highway,Rainy,Dusk,46,Male,Car,52,No,No,No,Poor Weather Visibility,Low,2.0
ACC28999,19-05-2023,16:04,Andhra Pradesh,Kurnool,16.0265,79.9538,National Highway,Rainy,Day,18,Male,Bike,59,No,No,No,Poor Weather Visibility,Medium,1.0
ACC29000,12-03-2023,07:33,Karnataka,Hubballi,15.7398,75.7651,City Road,Rainy,Day,31,Male,Bike,38,No,No,No,Poor Weather Visibility,Low,2.0
ACC29001,13-07-2023,17:18,Kerala,Ernakulam,9.8911,76.2626,State Highway,Clear,Dusk,48,Male,Auto,59,No,No,No,Signal Jumping,Low,3.0
ACC29002,28-12-2023,13:24,Karnataka,Mysuru,15.2912,75.9393,City Road,Overcast,Day,24,Male,Car,34,No,No,Yes,Pothole/Bad Road,Low,1.0
ACC29003,26-02-2023,06:54,Tamil Nadu,Madurai,10.9378,78.7858,Village Road,Cloudy,Day,41,Male,Bike,41,No,No,Yes,Pothole/Bad Road,Low,3.0
ACC29004,06-12-2024,01:29,Karnataka,Bengaluru Urban,16.1303,75.0731,National Highway,Rainy,Night,31,Male,Truck,80,Yes,Yes,No,Poor Weather Visibility,High,5.0
ACC29005,19-12-2024,23:34,Andhra Pradesh,Nellore,16.0028,80.2861,National Highway,Cloudy,Night,45,Male,Auto,85,No,Yes,No,Over Speeding,High,6.0
ACC29006,13-05-2024,00:59,Karnataka,Hubballi,15.1462,75.4923,National Highway,Rainy,Night,27,Male,Truck,65,No,No,Yes,Poor Weather Visibility,Medium,2.0
ACC29007,01-04-2024,13:21,Karnataka,Belagavi,15.509,75.4233,National Highway,Overcast,Day,28,Male,Car,58,No,No,No,Poor Weather Visibility,Low,0.0
ACC29008,29-01-2023,14:43,Telangana,Hyderabad,18.1611,79.0738,City Road,Cloudy,Day,29,Female,Car,57,No,No,Yes,Signal Jumping,Medium,1.0
ACC29009,28-01-2023,10:42,Tamil Nadu,Coimbatore,10.8056,78.7028,State Highway,Overcast,Day,53,Male,Bus,59,No,No,No,Poor Weather Visibility,Low,0.0
ACC29010,17-06-2024,13:28,Karnataka,Bengaluru Urban,15.6759,76.0123,State Highway,Cloudy,Day,25,Male,Car,61,Yes,No,No,Drunk Driving,Medium,0.0
ACC29011,12-01-2022,18:13,Tamil Nadu,Tiruchirappalli,10.538,78.583,National Highway,Clear,Dusk,39,Male,Car,48,No,No,No,Poor Weather Visibility,Low,2.0
ACC29012,24-02-2022,19:49,Andhra Pradesh,Vijayawada,15.5662,79.165,Village Road,Clear,Night,22,Male,Bike,37,No,Yes,Yes,Drowsy Driving,Low,1.0
ACC29013,30-04-2024,08:58,Kerala,Kollam,10.5665,76.5444,National Highway,Clear,Day,38,Female,Bike,76,No,No,No,Over Speeding,Medium,2.0
ACC29014,28-08-2022,12:48,Karnataka,Mysuru,14.9176,75.8539,Expressway,Foggy,Day,50,Female,Bike,78,No,No,No,Poor Weather Visibility,High,2.0
ACC29015,29-11-2022,11:01,Karnataka,Mangaluru,15.4497,75.5164,Village Road,Clear,Day,33,Male,Bike,57,No,No,No,Signal Jumping,Low,3.0
ACC29016,12-09-2023,14:32,Karnataka,Bengaluru Urban,15.6222,76.1733,City Road,Clear,Day,39,Male,Bike,42,No,No,No,Signal Jumping,Low,1.0
ACC29017,03-09-2024,15:47,Andhra Pradesh,Visakhapatnam,15.2928,79.0351,Expressway,Clear,Day,61,Male,Truck,82,No,No,No,Over Speeding,Medium,6.0
ACC29018,09-10-2022,12:57,Puducherry,Karaikal,11.875,79.7462,National Highway,Rainy,Day,18,Male,Car,80,No,Yes,No,Poor Weather Visibility,High,7.0
ACC29019,05-08-2022,22:37,Andhra Pradesh,Visakhapatnam,16.0436,80.1328,National Highway,Clear,Night,31,Male,Auto,63,No,No,No,Signal Jumping,High,12.0
ACC29020,03-02-2022,20:17,Karnataka,Mangaluru,15.6945,75.5586,State Highway,Clear,Night,70,Male,Car,69,No,No,No,Over Speeding,Low,1.0
ACC29021,08-02-2024,17:03,Tamil Nadu,Madurai,11.4708,79.2441,State Highway,Clear,Dusk,40,Female,Car,77,No,No,No,Signal Jumping,Medium,3.0
ACC29022,04-10-2024,08:43,Andhra Pradesh,Kurnool,15.3285,79.5464,City Road,Foggy,Day,18,Female,Bike,54,No,No,No,Poor Weather Visibility,Medium,4.0
ACC29023,19-09-2022,13:16,Telangana,Hyderabad,18.2854,80.0142,State Highway,Clear,Day,28,Female,Bus,75,No,No,No,Over Speeding,Low,2.0
ACC29024,13-08-2023,12:21,Tamil Nadu,Salem,10.3752,78.9776,City Road,Clear,Day,32,Female,Bike,23,No,No,No,Signal Jumping,Low,1.0
ACC29025,06-09-2022,06:53,Telangana,Karimnagar,17.285,78.6352,National Highway,Cloudy,Day,35,Male,Car,80,No,No,No,Over Speeding,Medium,1.0
ACC29026,08-03-2024,21:59,Tamil Nadu,Madurai,11.3283,78.7526,City Road,Rainy,Night,18,Male,Bike,43,Yes,No,No,Poor Weather Visibility,Low,1.0
ACC29027,01-07-2022,17:26,Kerala,Kollam,10.9099,76.3216,State Highway,Clear,Dusk,26,Male,Auto,68,No,No,No,Over Speeding,Medium,2.0
ACC29028,26-07-2022,15:03,Karnataka,Hubballi,15.901,75.4453,State Highway,Foggy,Day,33,Male,Car,57,No,No,No,Poor Weather Visibility,Low,0.0
ACC29029,05-06-2024,18:09,Tamil Nadu,Tiruchirappalli,11.5577,78.3499,City Road,Overcast,Dusk,40,Male,Bus,75,No,Yes,No,Drowsy Driving,Medium,3.0
ACC29030,20-06-2022,18:47,Karnataka,Belagavi,15.4571,75.476,City Road,Clear,Dusk,18,Male,Truck,73,No,No,No,Over Speeding,Medium,5.0
ACC29031,07-06-2023,02:01,Karnataka,Belagavi,14.9852,76.1604,National Highway,Clear,Night,45,Male,Bike,83,No,No,No,Over Speeding,Medium,1.0
ACC29032,03-10-2022,04:20,Andhra Pradesh,Kurnool,15.9322,79.3488,National Highway,Clear,Night,29,Male,Truck,61,Yes,No,No,Drunk Driving,Medium,2.0
ACC29033,30-11-2024,10:54,Karnataka,Hubballi,15.4894,76.0125,Village Road,Rainy,Day,32,Male,Auto,26,No,No,Yes,Poor Weather Visibility,Low,0.0
ACC29034,02-03-2024,04:28,Andhra Pradesh,Kurnool,15.7568,79.1848,State Highway,Clear,Night,36,Male,Car,64,No,No,No,Over Speeding,Low,0.0
ACC29035,14-08-2022,05:59,Kerala,Thiruvananthapuram,9.9522,76.1444,City Road,Rainy,Dawn,50,Male,Auto,38,No,No,No,Poor Weather Visibility,Low,
ACC29036,11-02-2022,17:22,Andhra Pradesh,Visakhapatnam,15.4411,79.6469,National Highway,Clear,Dusk,42,Male,Bike,82,No,No,No,Over Speeding,Medium,1.0
ACC29037,31-03-2024,09:20,Andhra Pradesh,Nellore,16.2746,80.0188,City Road,Foggy,Day,36,Male,Bike,57,No,No,Yes,Poor Weather Visibility,Medium,3.0
ACC29038,04-06-2023,18:09,Kerala,Kozhikode,10.8271,76.6059,State Highway,Clear,Dusk,41,Female,Bike,66,No,No,No,Over Speeding,Medium,4.0
ACC29039,16-10-2024,19:46,Andhra Pradesh,Nellore,15.2501,79.3795,Village Road,Rainy,Night,18,Male,Bike,45,No,No,No,Poor Weather Visibility,Low,0.0
ACC29040,07-10-2022,13:08,Tamil Nadu,Madurai,10.9469,78.754,Village Road,Clear,Day,32,Female,Bus,30,No,No,No,Signal Jumping,Low,0.0
ACC29041,12-06-2022,16:39,Tamil Nadu,Salem,11.0331,78.0864,National Highway,Cloudy,Day,18,Male,Bus,60,No,No,No,Signal Jumping,Medium,3.0
ACC29042,23-01-2023,16:44,Telangana,Khammam,18.2012,79.1127,City Road,Clear,Day,38,Male,Bike,67,No,Yes,No,Drowsy Driving,Medium,5.0
ACC29043,25-05-2023,18:38,Telangana,Khammam,17.9304,79.4223,State Highway,Cloudy,Dusk,24,Male,Bus,61,Yes,No,No,Drunk Driving,Medium,3.0
ACC29044,15-12-2024,14:00,Tamil Nadu,Madurai,11.0886,78.5549,State Highway,Cloudy,Day,47,Male,Truck,82,No,Yes,No,Over Speeding,Medium,4.0
ACC29045,02-06-2022,21:52,Karnataka,Mysuru,14.8771,75.3138,State Highway,Cloudy,Night,34,Female,Bike,47,No,No,No,Poor Weather Visibility,Medium,2.0
ACC29046,23-03-2024,11:49,Tamil Nadu,Tiruchirappalli,10.6137,78.5066,City Road,Rainy,Day,18,Male,Bike,36,No,No,Yes,Poor Weather Visibility,Low,0.0
ACC29047,06-10-2024,18:54,Kerala,Kollam,10.4749,76.6486,City Road,Rainy,Dusk,37,Male,Bike,26,No,No,Yes,Poor Weather Visibility,Medium,6.0
ACC29048,27-03-2024,13:38,Kerala,Ernakulam,10.4162,76.1425,State Highway,Clear,Day,18,Male,Auto,51,No,No,No,Signal Jumping,Low,0.0
ACC29049,23-04-2022,18:46,Andhra Pradesh,Kurnool,16.0173,79.1815,Village Road,Overcast,Dusk,30,Male,Auto,41,No,No,Yes,Pothole/Bad Road,Low,0.0
ACC29050,28-04-2022,21:02,Kerala,Kozhikode,10.2387,76.1478,City Road,Rainy,Night,41,Male,Bike,70,No,No,Yes,Poor Weather Visibility,High,5.0
ACC29051,07-10-2023,00:40,Karnataka,Belagavi,15.9861,75.4481,Village Road,Clear,Night,21,Female,Bike,28,No,No,Yes,Pothole/Bad Road,Low,0.0
ACC29052,25-04-2023,02:51,Karnataka,Bengaluru Urban,15.3681,76.2242,National Highway,Overcast,Night,34,Male,Car,79,Yes,No,Yes,Drunk Driving,High,8.0
ACC29053,23-08-2022,18:24,Tamil Nadu,Tiruchirappalli,10.7446,78.5992,National Highway,Rainy,Dusk,45,Male,Car,60,No,Yes,No,Poor Weather Visibility,High,7.0
ACC29054,19-02-2023,02:46,Tamil Nadu,Madurai,10.9827,79.3818,City Road,Cloudy,Night,52,Male,Car,31,No,No,Yes,Pothole/Bad Road,Low,0.0
ACC29055,24-07-2024,16:56,Telangana,Karimnagar,18.0639,79.0689,State Highway,Overcast,Day,34,Male,Truck,50,No,No,No,Poor Weather Visibility,Low,1.0
ACC29056,17-04-2024,13:06,Tamil Nadu,Madurai,11.5446,77.736,City Road,Rainy,Day,29,Male,Bike,40,No,No,Yes,Poor Weather Visibility,Low,2.0
ACC29057,16-02-2022,20:50,Tamil Nadu,Chennai,11.1915,78.5809,Expressway,Cloudy,Night,26,Male,Bike,58,No,No,No,Poor Weather Visibility,Medium,2.0
ACC29058,24-10-2022,05:45,Telangana,Warangal,18.0023,79.478,National Highway,Clear,Dawn,37,Male,Car,84,No,No,No,Over Speeding,High,5.0
ACC29059,04-02-2023,13:18,Kerala,Kollam,10.1168,76.6075,National Highway,Rainy,Day,50,Male,Truck,56,No,No,Yes,Poor Weather Visibility,Medium,4.0
ACC29060,06-07-2024,22:46,Puducherry,Karaikal,11.9716,80.0571,State Highway,Rainy,Night,45,Male,Bike,77,No,No,No,Poor Weather Visibility,High,4.0
ACC29061,28-05-2022,21:04,Karnataka,Hubballi,15.6153,75.0661,City Road,Cloudy,Night,50,Male,Car,52,No,No,No,Poor Weather Visibility,Low,1.0
ACC29062,27-10-2023,17:10,Andhra Pradesh,Visakhapatnam,15.394,79.4547,Village Road,Foggy,Dusk,30,Male,Truck,35,No,No,Yes,Poor Weather Visibility,Medium,3.0
ACC29063,17-09-2022,19:14,Kerala,Thiruvananthapuram,10.8292,75.8821,Expressway,Clear,Night,28,Female,Bike,83,No,Yes,No,Over Speeding,High,6.0
ACC29064,19-10-2022,12:29,Tamil Nadu,Madurai,11.4306,79.0074,State Highway,Clear,Day,41,Male,Auto,61,No,No,No,Over Speeding,Low,1.0
ACC29065,05-09-2022,07:40,Kerala,Thrissur,9.9633,76.2947,Expressway,Cloudy,Day,48,Female,Bike,61,No,No,No,Poor Weather Visibility,Medium,4.0
ACC29066,09-11-2024,18:01,Kerala,Ernakulam,10.286,76.6715,National Highway,Clear,Dusk,47,Male,Bike,77,No,No,No,Over Speeding,Medium,4.0
ACC29067,18-04-2024,22:16,Tamil Nadu,Chennai,11.3253,78.0869,National Highway,Overcast,Night,18,Male,Bike,64,No,No,No,Poor Weather Visibility,High,5.0
ACC29068,29-09-2024,13:20,Andhra Pradesh,Nellore,15.8301,80.1925,Village Road,Rainy,Day,49,Male,Car,56,No,No,Yes,Poor Weather Visibility,Low,2.0
ACC29069,14-09-2022,06:26,Tamil Nadu,Salem,11.6219,77.8546,City Road,Clear,Day,55,Male,Bike,40,No,No,No,Signal Jumping,Low,1.0
ACC29070,17-09-2023,12:52,Tamil Nadu,Coimbatore,11.3694,78.7674,City Road,Clear,Day,40,Female,Bike,47,No,No,No,Poor Weather Visibility,Low,0.0
ACC29071,20-07-2023,09:42,Andhra Pradesh,Kurnool,16.0338,79.3028,State Highway,Rainy,Day,24,Male,Car,54,No,No,No,Poor Weather Visibility,Low,2.0
ACC29072,03-04-2023,21:27,Tamil Nadu,Madurai,11.3547,78.8745,National Highway,Clear,Night,33,Male,Bike,61,No,No,No,Signal Jumping,Medium,6.0
ACC29073,12-12-2024,15:13,Tamil Nadu,Tiruchirappalli,10.1957,78.5534,National Highway,Rainy,Day,18,Female,Auto,55,No,No,No,Poor Weather Visibility,Medium,4.0
ACC29074,12-12-2022,22:20,Tamil Nadu,Madurai,12.0526,78.9306,National Highway,Rainy,Night,48,Male,Bike,89,Yes,No,Yes,Over Speeding,High,4.0
ACC29075,01-02-2024,11:27,Kerala,Kozhikode,9.8511,76.5434,Expressway,Clear,Day,19,Male,Bike,96,No,No,No,Over Speeding,High,4.0
ACC29076,01-06-2023,06:10,Tamil Nadu,Chennai,11.3439,78.2382,Village Road,Clear,Day,33,Male,Car,36,No,No,Yes,Pothole/Bad Road,Low,1.0
ACC29077,23-10-2024,15:45,Karnataka,Hubballi,15.3064,75.9408,City Road,Clear,Day,29,Female,Bike,68,Yes,No,No,Drunk Driving,Medium,10.0
ACC29078,07-01-2022,18:53,Tamil Nadu,Salem,11.2069,79.5933,State Highway,Cloudy,Dusk,36,Male,Bike,47,No,No,No,Poor Weather Visibility,Low,0.0
ACC29079,16-04-2023,17:09,Karnataka,Bengaluru Urban,15.7302,75.4637,Expressway,Rainy,Dusk,40,Male,Car,80,No,No,No,Poor Weather Visibility,Medium,
ACC29080,18-06-2024,14:16,Karnataka,Mangaluru,15.712,75.6443,City Road,Cloudy,Day,31,Female,Car,37,No,No,No,Poor Weather Visibility,Low,0.0
ACC29081,01-07-2023,22:43,Tamil Nadu,Madurai,10.7369,78.5146,City Road,Foggy,Night,18,Male,Auto,52,Yes,Yes,No,Poor Weather Visibility,High,6.0
ACC29082,25-04-2023,05:31,Andhra Pradesh,Visakhapatnam,16.0545,79.2898,City Road,Overcast,Dawn,26,Male,Auto,55,No,No,Yes,Pothole/Bad Road,Low,3.0
ACC29083,15-02-2024,20:59,Karnataka,Mangaluru,15.6795,75.9108,City Road,Cloudy,Night,68,Male,Bike,50,No,Yes,Yes,Drowsy Driving,Medium,4.0
ACC29084,13-12-2024,17:30,Karnataka,Hubballi,15.1284,75.7523,National Highway,Clear,Dusk,18,Male,Auto,74,No,No,No,Over Speeding,Medium,0.0
ACC29085,25-06-2024,10:07,Telangana,Karimnagar,17.8017,78.6864,State Highway,Clear,Day,47,Male,Car,88,No,Yes,Yes,Over Speeding,High,4.0
ACC29086,01-09-2023,18:28,Tamil Nadu,Coimbatore,10.7748,78.9484,National Highway,Overcast,Dusk,43,Female,Car,81,No,No,No,Over Speeding,Medium,2.0
ACC29087,09-07-2022,19:57,Andhra Pradesh,Vijayawada,16.0154,80.3648,State Highway,Clear,Night,49,Female,Bike,59,No,No,No,Signal Jumping,Low,0.0
ACC29088,26-07-2022,19:14,Tamil Nadu,Salem,11.2656,78.7686,Village Road,Clear,Night,68,Male,Bike,31,No,No,No,Signal Jumping,Low,0.0
ACC29089,05-11-2022,06:53,Kerala,Thiruvananthapuram,10.2938,76.6611,National Highway,Cloudy,Day,35,Male,Truck,62,No,No,No,Poor Weather Visibility,Medium,2.0
ACC29090,21-04-2023,07:54,Telangana,Nizamabad,17.4407,79.4215,Expressway,Clear,Day,19,Male,Bus,92,No,No,No,Over Speeding,High,6.0
ACC29091,18-12-2024,16:32,Karnataka,Mangaluru,14.9245,75.7348,National Highway,Cloudy,Day,38,Male,Bike,88,No,No,No,Over Speeding,Medium,3.0
ACC29092,04-07-2023,08:25,Telangana,Warangal,17.7404,78.3788,State Highway,Foggy,Day,41,Female,Bike,54,No,No,No,Poor Weather Visibility,Medium,1.0
ACC29093,29-09-2022,15:41,Karnataka,Bengaluru Urban,15.0604,75.3345,Village Road,Overcast,Day,25,Male,Auto,58,Yes,No,Yes,Drunk Driving,High,5.0
ACC29094,25-06-2023,20:44,Kerala,Ernakulam,10.2505,75.8127,Village Road,Clear,Night,42,Male,Car,65,Yes,Yes,Yes,Drunk Driving,Medium,3.0
ACC29095,15-06-2024,09:32,Tamil Nadu,Chennai,10.8249,78.531,National Highway,Rainy,Day,33,Male,Car,80,No,No,No,Poor Weather Visibility,Medium,2.0
ACC29096,12-05-2023,18:29,Telangana,Khammam,18.0357,78.9424,City Road,Overcast,Dusk,32,Male,Car,46,No,No,Yes,Signal Jumping,Low,1.0
ACC29097,22-01-2023,06:19,Telangana,Nizamabad,18.7179,78.8412,State Highway,Cloudy,Day,39,Male,Bike,70,No,No,No,Poor Weather Visibility,Medium,0.0
ACC29098,28-07-2023,20:14,Andhra Pradesh,Kurnool,15.9023,80.29,Village Road,Rainy,Night,48,Male,Car,58,No,No,No,Poor Weather Visibility,Medium,1.0
ACC29099,01-07-2022,21:44,Kerala,Kozhikode,9.9007,76.028,City Road,Rainy,Night,46,Male,Auto,49,Yes,No,No,Poor Weather Visibility,Medium,3.0
ACC29100,22-12-2022,13:36,Telangana,Khammam,17.7444,79.1583,State Highway,Clear,Day,18,Male,Bike,69,No,No,No,Over Speeding,Medium,2.0
ACC29101,03-02-2024,11:36,Karnataka,Bengaluru Urban,15.5251,75.5159,City Road,Clear,Day,51,Male,Car,46,No,No,No,Poor Weather Visibility,Low,1.0
ACC29102,28-05-2024,16:18,Andhra Pradesh,Nellore,16.0599,79.9377,Expressway,Clear,Day,42,Male,Bike,95,No,No,No,Over Speeding,High,
ACC29103,02-11-2023,12:29,Telangana,Khammam,17.9324,78.5881,City Road,Overcast,Day,38,Male,Car,64,Yes,No,No,Drunk Driving,Medium,1.0
ACC29104,23-11-2022,21:17,Kerala,Kozhikode,10.3751,75.4683,National Highway,Clear,Night,46,Male,Auto,75,No,No,No,Over Speeding,High,7.0
ACC29105,01-05-2022,22:36,Tamil Nadu,Coimbatore,11.026,78.9006,City Road,Rainy,Night,49,Male,Auto,39,No,No,No,Poor Weather Visibility,Low,1.0
ACC29106,27-07-2023,10:52,Andhra Pradesh,Nellore,15.4384,79.4875,City Road,Overcast,Day,32,Male,Bike,46,No,No,No,Poor Weather Visibility,Low,2.0
ACC29107,06-06-2022,07:59,Karnataka,Mysuru,15.6501,75.3416,National Highway,Clear,Day,24,Male,Bus,88,No,Yes,No,Signal Jumping,High,8.0
ACC29108,24-12-2024,01:09,Telangana,Warangal,17.7363,78.2553,Village Road,Rainy,Night,27,Male,Truck,50,Yes,No,No,Poor Weather Visibility,Medium,3.0
ACC29109,17-03-2024,16:54,Telangana,Khammam,18.1531,78.6751,Village Road,Rainy,Day,31,Male,Bus,31,No,Yes,Yes,Poor Weather Visibility,Low,3.0
ACC29110,04-10-2024,15:05,Tamil Nadu,Coimbatore,10.6577,78.9015,City Road,Clear,Day,34,Male,Auto,68,Yes,No,Yes,Drunk Driving,High,5.0
ACC29111,16-02-2023,15:43,Andhra Pradesh,Nellore,16.3814,80.3703,State Highway,Foggy,Day,40,Female,Car,47,No,No,No,Poor Weather Visibility,Low,2.0
ACC29112,07-11-2023,20:08,Andhra Pradesh,Guntur,15.449,79.6586,National Highway,Clear,Night,26,Male,Truck,85,Yes,No,No,Drunk Driving,High,4.0
ACC29113,15-02-2024,21:47,Andhra Pradesh,Kurnool,15.6646,79.3546,State Highway,Clear,Night,55,Male,Bike,55,No,Yes,No,Drowsy Driving,Low,1.0
ACC29114,19-11-2024,18:00,Tamil Nadu,Chennai,11.6847,78.7378,City Road,Cloudy,Dusk,26,Female,Car,33,No,No,No,Poor Weather Visibility,Low,0.0
ACC29115,28-01-2023,18:35,Andhra Pradesh,Nellore,15.4868,80.0783,City Road,Clear,Dusk,20,Male,Bike,52,No,No,No,Signal Jumping,Low,2.0
ACC29116,31-03-2022,05:33,Tamil Nadu,Chennai,11.2247,78.6917,Village Road,Foggy,Dawn,18,Male,Auto,34,No,No,No,Poor Weather Visibility,Low,1.0
ACC29117,10-02-2023,12:20,Telangana,Warangal,18.3971,79.8223,National Highway,Clear,Day,46,Male,Bike,66,No,No,No,Over Speeding,Medium,1.0
ACC29118,23-11-2023,02:54,Andhra Pradesh,Visakhapatnam,15.1481,79.2317,State Highway,Clear,Night,40,Male,Car,69,Yes,No,No,Drunk Driving,High,10.0
ACC29119,11-06-2024,07:28,Tamil Nadu,Tiruchirappalli,11.1089,78.5314,City Road,Rainy,Day,32,Male,Car,48,No,No,Yes,Poor Weather Visibility,Low,2.0
ACC29120,12-12-2024,19:46,Kerala,Ernakulam,10.9816,76.7914,City Road,Rainy,Night,21,Male,Car,66,Yes,No,No,Poor Weather Visibility,High,5.0
ACC29121,21-02-2022,07:50,Kerala,Thrissur,10.9401,76.3104,Village Road,Rainy,Day,43,Female,Car,55,No,No,Yes,Poor Weather Visibility,Medium,1.0
ACC29122,23-10-2023,05:16,Kerala,Kollam,9.9892,75.89,Expressway,Clear,Dawn,46,Male,Car,114,No,No,No,Over Speeding,High,5.0
ACC29123,06-10-2022,12:22,Kerala,Thrissur,10.2104,76.4795,Village Road,Clear,Day,48,Male,Truck,61,Yes,No,No,Drunk Driving,Medium,2.0
ACC29124,28-04-2022,13:42,Tamil Nadu,Madurai,11.1598,78.8847,City Road,Rainy,Day,38,Male,Truck,51,No,No,No,Poor Weather Visibility,Low,1.0
ACC29125,07-12-2024,09:27,Kerala,Thrissur,10.0206,76.3094,Village Road,Clear,Day,57,Male,Auto,43,No,No,Yes,Pothole/Bad Road,Low,0.0
ACC29126,12-07-2022,20:34,Kerala,Ernakulam,9.7512,76.1276,Village Road,Clear,Night,46,Male,Bike,46,No,Yes,No,Drowsy Driving,Low,0.0
ACC29127,13-10-2023,07:54,Tamil Nadu,Madurai,10.9418,78.6582,Village Road,Clear,Day,35,Male,Bike,42,No,No,No,Poor Weather Visibility,Low,0.0
ACC29128,15-10-2022,21:22,Tamil Nadu,Coimbatore,11.1238,78.2504,Village Road,Rainy,Night,49,Female,Truck,21,No,No,Yes,Poor Weather Visibility,Low,0.0
ACC29129,10-09-2023,11:05,Andhra Pradesh,Kurnool,15.8632,78.9382,Village Road,Cloudy,Day,48,Male,Bike,34,No,No,No,Poor Weather Visibility,Low,1.0
ACC29130,02-05-2023,11:21,Kerala,Kollam,9.8088,76.3997,State Highway,Cloudy,Day,26,Male,Bike,40,No,No,Yes,Pothole/Bad Road,Low,1.0
ACC29131,08-08-2023,09:50,Karnataka,Mysuru,14.6975,75.9687,City Road,Rainy,Day,27,Male,Car,66,Yes,No,No,Poor Weather Visibility,High,9.0