Accident_ID,Date,Time,State,District,Latitude,Longitude,Road_Type,Weather,Light_Condition,Driver_Age,Driver_Gender,Vehicle_Type,Speed_kmph,Alcohol_Involved,Driver_Drowsy,Pothole_Involved,Cause_of_Accident,Severity,Casualties
ACC29132,06-03-2022,13:50,Tamil Nadu,Chennai,10.7995,78.5315,City Road,Clear,Day,26,Female,Bike,35,No,Yes,Yes,Drowsy Driving,Low,0.0
ACC29133,03-11-2022,16:44,Karnataka,Mangaluru,14.9573,75.9399,City Road,Rainy,Day,48,Female,Bike,45,No,No,No,Poor Weather Visibility,Low,1.0
ACC29134,29-11-2024,18:29,Andhra Pradesh,Vijayawada,15.7128,79.6038,Expressway,Rainy,Dusk,46,Female,Bike,83,No,No,No,Poor Weather Visibility,High,7.0
ACC29135,10-03-2024,07:48,Karnataka,Belagavi,15.4627,74.7369,National Highway,Overcast,Day,35,Male,Bike,70,No,No,No,Poor Weather Visibility,Medium,2.0
ACC29136,31-05-2023,11:43,Telangana,Warangal,18.3803,78.959,State Highway,Clear,Day,38,Male,Bike,71,No,Yes,No,Drowsy Driving,Medium,3.0
ACC29137,30-04-2023,00:54,Karnataka,Belagavi,15.6413,75.0051,City Road,Clear,Night,38,Male,Car,52,No,No,No,Poor Weather Visibility,Medium,2.0
ACC29138,05-08-2022,06:09,Tamil Nadu,Salem,10.4754,78.41,State Highway,Cloudy,Day,41,Male,Bus,69,No,No,No,Signal Jumping,Medium,4.0
ACC29139,23-07-2022,12:27,Karnataka,Mysuru,15.4875,75.1848,National Highway,Clear,Day,57,Male,Truck,74,No,Yes,No,Drowsy Driving,Medium,1.0
ACC29140,04-03-2022,06:05,Telangana,Nizamabad,17.4092,78.9302,City Road,Cloudy,Day,59,Female,Bike,59,No,No,Yes,Pothole/Bad Road,Medium,1.0
ACC29141,15-06-2022,07:54,Telangana,Warangal,17.7892,79.2617,City Road,Clear,Day,38,Female,Car,54,No,Yes,No,Drowsy Driving,Low,0.0
ACC29142,24-11-2022,21:32,Karnataka,Mangaluru,15.1952,75.6063,City Road,Clear,Night,49,Male,Car,39,No,Yes,No,Drowsy Driving,Low,0.0
ACC29143,17-09-2022,06:07,Tamil Nadu,Madurai,10.7397,78.5339,National Highway,Rainy,Day,52,Male,Car,83,No,No,No,Poor Weather Visibility,Medium,5.0
ACC29144,20-01-2022,21:20,Karnataka,Bengaluru Urban,15.4925,75.6328,State Highway,Overcast,Night,62,Female,Truck,63,No,No,No,Poor Weather Visibility,Medium,1.0
ACC29145,22-09-2023,12:09,Tamil Nadu,Madurai,11.2464,78.561,Expressway,Cloudy,Day,31,Female,Car,90,No,No,No,Over Speeding,High,6.0
ACC29146,02-10-2024,12:24,Puducherry,Puducherry,11.8093,79.3832,Village Road,Cloudy,Day,51,Female,Bike,43,No,No,No,Poor Weather Visibility,Low,1.0
ACC29147,31-03-2023,03:09,Puducherry,Karaikal,12.3076,80.1066,Village Road,Cloudy,Night,33,Male,Auto,48,No,No,No,Poor Weather Visibility,Medium,2.0
ACC29148,02-09-2022,11:46,Andhra Pradesh,Kurnool,15.8299,79.7173,State Highway,Clear,Day,29,Male,Bike,84,Yes,No,No,Drunk Driving,High,2.0
ACC29149,10-03-2024,19:45,Andhra Pradesh,Kurnool,15.7162,79.6217,State Highway,Rainy,Night,46,Female,Bike,52,No,No,Yes,Poor Weather Visibility,Medium,5.0
ACC29150,21-12-2022,14:25,Andhra Pradesh,Kurnool,16.1772,80.1965,Village Road,Clear,Day,36,Male,Bike,59,No,No,Yes,Pothole/Bad Road,Medium,1.0
ACC29151,04-01-2024,19:37,Andhra Pradesh,Visakhapatnam,15.9239,80.0668,City Road,Cloudy,Night,36,Male,Car,49,Yes,No,No,Drunk Driving,Medium,3.0
ACC29152,22-11-2024,20:45,Telangana,Khammam,18.037,78.7228,State Highway,Foggy,Night,23,Male,Auto,74,Yes,No,No,Poor Weather Visibility,High,3.0
ACC29153,21-12-2024,07:55,Andhra Pradesh,Nellore,15.8572,80.787,City Road,Overcast,Day,58,Male,Car,44,No,No,No,Signal Jumping,Low,0.0
ACC29154,15-02-2024,22:04,Kerala,Kozhikode,10.0953,75.9656,State Highway,Clear,Night,40,Male,Bus,85,Yes,No,Yes,Drunk Driving,High,7.0
ACC29155,05-07-2024,06:44,Karnataka,Belagavi,15.4345,75.257,State Highway,Clear,Day,34,Female,Car,65,No,No,No,Over Speeding,Low,1.0
ACC29156,06-07-2022,03:45,Andhra Pradesh,Visakhapatnam,16.0699,79.853,City Road,Clear,Night,33,Male,Bike,51,No,Yes,No,Drowsy Driving,Low,1.0
ACC29157,28-05-2022,04:48,Telangana,Nizamabad,17.2242,78.5947,State Highway,Clear,Night,44,Male,Bike,83,Yes,No,No,Drunk Driving,High,5.0
ACC29158,22-05-2024,10:07,Tamil Nadu,Chennai,12.166,78.2891,Village Road,Overcast,Day,39,Male,Truck,41,No,No,No,Poor Weather Visibility,Low,0.0
ACC29159,11-01-2024,20:33,Puducherry,Puducherry,11.979,79.5793,State Highway,Rainy,Night,36,Male,Car,63,No,No,No,Poor Weather Visibility,Medium,3.0
ACC29160,01-09-2022,01:58,Tamil Nadu,Madurai,11.8604,78.7215,State Highway,Clear,Night,56,Male,Auto,91,Yes,No,No,Over Speeding,High,8.0
ACC29161,05-08-2023,20:09,Kerala,Kollam,10.3046,75.8211,City Road,Clear,Night,51,Male,Bike,57,No,No,Yes,Pothole/Bad Road,Low,4.0
ACC29162,17-06-2024,17:37,Telangana,Hyderabad,18.3534,78.8274,City Road,Rainy,Dusk,38,Male,Auto,50,No,No,No,Poor Weather Visibility,Low,0.0
ACC29163,06-04-2024,09:44,Puducherry,Puducherry,11.8376,79.8825,State Highway,Cloudy,Day,36,Male,Auto,64,No,No,No,Poor Weather Visibility,Low,0.0
ACC29164,25-03-2023,11:14,Karnataka,Mangaluru,15.5849,75.3409,National Highway,Cloudy,Day,44,Male,Bike,65,No,No,No,Poor Weather Visibility,Medium,4.0
ACC29165,07-03-2024,08:26,Karnataka,Bengaluru Urban,15.2926,75.6814,Village Road,Clear,Day,28,Male,Car,37,No,No,No,Signal Jumping,Low,2.0
ACC29166,12-06-2023,20:44,Karnataka,Mangaluru,15.5244,75.4199,State Highway,Cloudy,Night,34,Male,Bike,81,No,No,No,Over Speeding,Medium,1.0
ACC29167,23-01-2024,22:48,Tamil Nadu,Chennai,10.7997,78.2931,National Highway,Foggy,Night,18,Male,Truck,88,Yes,Yes,No,Poor Weather Visibility,High,6.0
ACC29168,16-04-2023,20:43,Telangana,Hyderabad,17.5576,78.8753,State Highway,Overcast,Night,53,Female,Bike,57,Yes,No,No,Drunk Driving,Medium,4.0
ACC29169,03-02-2022,04:43,Karnataka,Mangaluru,15.7057,75.0828,Village Road,Clear,Night,52,Male,Bike,26,No,No,No,Signal Jumping,Low,0.0
ACC29170,26-08-2022,19:59,Andhra Pradesh,Visakhapatnam,16.3909,79.6163,City Road,Cloudy,Night,46,Male,Auto,33,No,Yes,Yes,Drowsy Driving,Medium,4.0
ACC29171,14-09-2023,11:37,Tamil Nadu,Tiruchirappalli,11.2865,78.5306,Expressway,Clear,Day,44,Male,Bike,107,Yes,No,No,Over Speeding,High,4.0
ACC29172,18-02-2023,19:27,Tamil Nadu,Tiruchirappalli,11.498,78.3423,State Highway,Clear,Night,35,Male,Truck,67,No,No,Yes,Pothole/Bad Road,Medium,2.0
ACC29173,17-09-2023,20:54,Telangana,Karimnagar,17.5675,79.2015,Village Road,Clear,Night,26,Male,Car,49,Yes,No,No,Drunk Driving,Medium,1.0
ACC29174,13-09-2023,05:14,Andhra Pradesh,Visakhapatnam,15.1956,79.8165,City Road,Overcast,Dawn,43,Male,Truck,41,No,No,No,Poor Weather Visibility,Low,1.0
ACC29175,01-07-2023,07:39,Telangana,Warangal,17.4951,78.9261,City Road,Cloudy,Day,42,Male,Truck,59,No,No,No,Poor Weather Visibility,Low,1.0
ACC29176,22-05-2024,12:23,Telangana,Warangal,17.5639,78.9453,City Road,Foggy,Day,18,Male,Car,70,No,No,No,Poor Weather Visibility,Medium,5.0
ACC29177,22-06-2024,16:23,Karnataka,Hubballi,15.2952,75.0648,City Road,Foggy,Day,35,Male,Bike,38,No,No,No,Poor Weather Visibility,Low,1.0
ACC29178,08-01-2024,20:48,Telangana,Warangal,18.1461,79.0593,Village Road,Clear,Night,25,Male,Bike,18,No,No,Yes,Pothole/Bad Road,Low,2.0
ACC29179,04-01-2024,07:45,Karnataka,Mangaluru,15.3072,75.2309,State Highway,Rainy,Day,44,Female,Car,75,No,No,No,Poor Weather Visibility,Medium,
ACC29180,19-04-2022,21:59,Karnataka,Mysuru,15.6312,75.476,City Road,Clear,Night,39,Male,Bike,18,No,No,Yes,Pothole/Bad Road,Low,2.0
ACC29181,18-12-2022,18:17,Karnataka,Hubballi,15.2751,75.737,Village Road,Rainy,Dusk,19,Male,Auto,24,No,No,Yes,Poor Weather Visibility,Low,0.0
ACC29182,11-12-2022,22:12,Andhra Pradesh,Guntur,15.1669,79.3307,City Road,Clear,Night,19,Male,Truck,44,Yes,No,Yes,Drunk Driving,Medium,2.0
ACC29183,03-01-2023,19:36,Kerala,Thiruvananthapuram,9.777,76.1935,National Highway,Cloudy,Night,30,Male,Bus,52,No,No,No,Poor Weather Visibility,Low,1.0
ACC29184,11-11-2024,21:06,Karnataka,Belagavi,15.7163,75.5072,City Road,Clear,Night,32,Female,Car,37,No,No,No,Signal Jumping,Low,1.0
ACC29185,14-03-2023,14:01,Karnataka,Bengaluru Urban,15.1178,75.8123,State Highway,Clear,Day,52,Male,Bike,53,No,No,Yes,Pothole/Bad Road,Medium,6.0
ACC29186,16-06-2022,08:46,Karnataka,Bengaluru Urban,14.8357,76.4472,State Highway,Overcast,Day,20,Female,Bike,45,No,No,No,Poor Weather Visibility,Medium,1.0
ACC29187,26-01-2023,04:38,Tamil Nadu,Chennai,11.5315,78.1908,City Road,Rainy,Night,29,Male,Bike,59,No,Yes,Yes,Poor Weather Visibility,High,6.0
ACC29188,23-12-2023,20:15,Telangana,Karimnagar,17.7562,79.4483,National Highway,Cloudy,Night,19,Male,Bike,90,Yes,No,No,Over Speeding,High,7.0
ACC29189,05-04-2022,10:49,Kerala,Thiruvananthapuram,10.6864,76.5736,Village Road,Overcast,Day,35,Male,Car,43,No,No,No,Poor Weather Visibility,Low,0.0
ACC29190,10-12-2023,08:04,Telangana,Karimnagar,18.3501,78.8848,State Highway,Overcast,Day,32,Male,Bus,69,No,No,No,Signal Jumping,Low,1.0
ACC29191,03-12-2022,10:01,Karnataka,Mysuru,15.5302,75.9497,City Road,Overcast,Day,40,Male,Auto,41,No,No,Yes,Pothole/Bad Road,Low,0.0
ACC29192,08-02-2022,22:45,Tamil Nadu,Chennai,10.6113,78.7302,Expressway,Clear,Night,33,Male,Bike,105,No,No,No,Over Speeding,High,8.0
ACC29193,14-08-2023,18:04,Kerala,Thiruvananthapuram,9.9808,76.4698,City Road,Clear,Dusk,28,Male,Car,42,No,No,No,Signal Jumping,Low,1.0
ACC29194,23-01-2024,19:21,Telangana,Khammam,18.6482,78.7105,Village Road,Cloudy,Night,36,Male,Car,58,Yes,Yes,No,Drunk Driving,Medium,1.0
ACC29195,23-11-2022,17:34,Tamil Nadu,Coimbatore,9.9596,78.576,State Highway,Clear,Dusk,32,Male,Bike,54,No,No,No,Signal Jumping,Low,0.0
ACC29196,24-09-2022,17:26,Telangana,Warangal,17.9597,78.0749,Expressway,Overcast,Dusk,59,Male,Auto,96,No,No,Yes,Over Speeding,High,11.0
ACC29197,31-07-2024,09:14,Kerala,Kollam,11.1455,76.683,State Highway,Clear,Day,66,Male,Auto,59,No,No,No,Over Speeding,Medium,3.0
ACC29198,06-07-2022,21:54,Karnataka,Belagavi,15.8833,75.7778,National Highway,Clear,Night,49,Male,Bike,69,Yes,No,No,Drunk Driving,High,2.0
ACC29199,21-07-2023,14:34,Telangana,Nizamabad,17.7381,78.8393,Village Road,Cloudy,Day,44,Male,Bus,27,No,No,No,Poor Weather Visibility,Low,1.0
ACC29200,13-10-2023,08:56,Karnataka,Hubballi,15.5995,75.4199,National Highway,Clear,Day,19,Female,Bike,79,No,No,No,Over Speeding,Medium,2.0
ACC29201,05-06-2024,15:14,Tamil Nadu,Chennai,10.0398,78.2013,City Road,Clear,Day,59,Male,Truck,52,No,No,No,Poor Weather Visibility,Low,0.0
ACC29202,30-10-2024,13:27,Telangana,Khammam,17.6177,78.1555,State Highway,Clear,Day,35,Male,Auto,53,No,No,No,Signal Jumping,Low,1.0
ACC29203,14-08-2024,15:27,Telangana,Hyderabad,18.2233,79.2992,Expressway,Clear,Day,41,Female,Truck,66,No,No,No,Over Speeding,Medium,1.0
ACC29204,20-02-2023,21:23,Karnataka,Hubballi,15.4774,75.3821,National Highway,Rainy,Night,46,Male,Bike,89,No,Yes,No,Over Speeding,High,9.0
ACC29205,08-12-2023,12:26,Andhra Pradesh,Nellore,15.8545,79.8827,City Road,Overcast,Day,23,Male,Bike,55,No,No,No,Poor Weather Visibility,Medium,1.0
ACC29206,07-03-2023,00:53,Kerala,Thiruvananthapuram,10.608,77.1855,National Highway,Clear,Night,29,Male,Truck,78,No,Yes,No,Drowsy Driving,High,8.0
ACC29207,04-01-2022,19:38,Telangana,Hyderabad,17.6503,78.8257,National Highway,Cloudy,Night,68,Male,Truck,75,Yes,No,No,Drunk Driving,High,8.0
ACC29208,02-11-2022,18:49,Karnataka,Hubballi,14.9089,75.2173,City Road,Cloudy,Dusk,18,Male,Car,55,Yes,No,No,Drunk Driving,Medium,4.0
ACC29209,26-10-2024,22:28,Karnataka,Mysuru,14.9824,75.2631,Village Road,Clear,Night,63,Male,Bike,23,No,Yes,Yes,Drowsy Driving,Low,0.0
ACC29210,03-01-2022,13:08,Tamil Nadu,Coimbatore,10.503,78.4214,Expressway,Clear,Day,34,Male,Bike,80,No,No,No,Over Speeding,High,7.0
ACC29211,23-10-2023,08:25,Telangana,Karimnagar,18.0305,78.9555,Village Road,Clear,Day,28,Female,Car,50,No,No,No,Signal Jumping,Low,3.0
ACC29212,30-08-2024,12:13,Telangana,Karimnagar,17.6047,79.4969,City Road,Overcast,Day,29,Male,Auto,51,No,No,No,Poor Weather Visibility,Low,1.0
ACC29213,01-05-2022,18:19,Karnataka,Mysuru,15.2125,75.7533,City Road,Clear,Dusk,39,Female,Car,50,No,No,No,Signal Jumping,Low,0.0
ACC29214,06-07-2024,18:00,Telangana,Warangal,16.9675,78.4246,Village Road,Rainy,Dusk,45,Male,Auto,40,No,No,No,Poor Weather Visibility,Medium,5.0
ACC29215,24-02-2023,18:26,Karnataka,Mangaluru,15.519,74.6855,National Highway,Cloudy,Dusk,23,Female,Truck,54,No,No,No,Poor Weather Visibility,Low,1.0
ACC29216,24-01-2023,20:44,Karnataka,Mysuru,15.2883,76.0739,City Road,Cloudy,Night,34,Female,Bike,48,Yes,No,No,Drunk Driving,Medium,1.0
ACC29217,01-03-2024,17:38,Telangana,Nizamabad,17.6168,79.1434,City Road,Overcast,Dusk,18,Male,Truck,58,No,No,No,Signal Jumping,Low,3.0
ACC29218,20-09-2024,21:37,Tamil Nadu,Coimbatore,10.786,79.0049,City Road,Overcast,Night,31,Female,Bus,53,No,No,Yes,Pothole/Bad Road,Low,0.0
ACC29219,16-06-2022,00:22,Andhra Pradesh,Nellore,16.2544,80.242,Expressway,Cloudy,Night,30,Male,Car,67,No,Yes,No,Drowsy Driving,Medium,4.0
ACC29220,30-08-2024,14:36,Andhra Pradesh,Visakhapatnam,15.6149,79.7329,City Road,Cloudy,Day,36,Male,Car,51,No,No,Yes,Pothole/Bad Road,Low,0.0
ACC29221,11-08-2022,21:50,Karnataka,Bengaluru Urban,15.9282,76.2089,State Highway,Clear,Night,18,Male,Bike,73,Yes,No,No,Drunk Driving,High,4.0
ACC29222,25-07-2024,13:38,Tamil Nadu,Coimbatore,10.785,78.5968,Village Road,Cloudy,Day,18,Male,Bus,51,No,No,No,Poor Weather Visibility,Low,0.0
ACC29223,25-12-2024,22:35,Telangana,Hyderabad,17.7419,79.1894,Village Road,Clear,Night,23,Male,Auto,54,Yes,No,Yes,Drunk Driving,Medium,5.0
ACC29224,09-09-2023,03:52,Andhra Pradesh,Visakhapatnam,16.1812,79.9158,National Highway,Cloudy,Night,33,Male,Truck,71,No,No,No,Poor Weather Visibility,Medium,4.0
ACC29225,11-09-2022,21:49,Andhra Pradesh,Nellore,16.1755,79.2616,Village Road,Rainy,Night,55,Female,Bike,64,Yes,Yes,Yes,Poor Weather Visibility,High,10.0
ACC29226,26-01-2024,20:21,Karnataka,Mangaluru,15.0439,75.9185,National Highway,Clear,Night,31,Female,Truck,94,Yes,Yes,No,Over Speeding,High,9.0
ACC29227,14-08-2024,19:03,Tamil Nadu,Chennai,11.2402,78.6631,City Road,Clear,Night,56,Male,Bus,52,Yes,Yes,No,Drunk Driving,Medium,6.0
ACC29228,19-03-2022,13:22,Karnataka,Mysuru,14.717,75.915,City Road,Cloudy,Day,18,Male,Truck,68,Yes,Yes,No,Drunk Driving,High,8.0
ACC29229,30-03-2024,19:58,Karnataka,Hubballi,15.7515,76.073,Expressway,Clear,Night,22,Male,Car,100,No,Yes,No,Over Speeding,High,3.0
ACC29230,24-01-2023,21:08,Tamil Nadu,Madurai,11.445,78.1344,State Highway,Overcast,Night,29,Male,Car,43,Yes,No,No,Drunk Driving,Low,0.0
ACC29231,01-04-2024,14:39,Andhra Pradesh,Nellore,15.3415,80.4031,State Highway,Foggy,Day,53,Male,Truck,68,No,Yes,No,Poor Weather Visibility,Medium,3.0
ACC29232,21-03-2023,19:08,Karnataka,Belagavi,15.2601,75.8331,City Road,Clear,Night,51,Male,Bike,62,No,Yes,No,Drowsy Driving,Medium,0.0
ACC29233,27-04-2024,11:24,Andhra Pradesh,Nellore,16.4961,80.0776,City Road,Rainy,Day,34,Male,Truck,30,No,No,No,Poor Weather Visibility,Low,3.0
ACC29234,09-10-2024,06:31,Tamil Nadu,Salem,11.3194,78.6587,City Road,Clear,Day,42,Male,Bike,51,No,No,No,Signal Jumping,Low,
ACC29235,16-05-2023,21:29,Karnataka,Mangaluru,15.4393,75.267,State Highway,Overcast,Night,46,Male,Bike,74,No,Yes,No,Drowsy Driving,High,8.0
ACC29236,22-05-2022,23:54,Tamil Nadu,Madurai,11.3492,78.4359,Village Road,Clear,Night,48,Male,Car,51,Yes,Yes,Yes,Drunk Driving,High,7.0
ACC29237,24-08-2024,12:08,Telangana,Hyderabad,18.023,78.7433,City Road,Rainy,Day,38,Male,Bike,34,No,No,Yes,Poor Weather Visibility,Medium,3.0
ACC29238,30-11-2022,19:46,Andhra Pradesh,Kurnool,15.7339,79.7847,State Highway,Foggy,Night,24,Male,Car,68,No,No,No,Poor Weather Visibility,High,4.0
ACC29239,25-10-2024,13:51,Karnataka,Hubballi,14.7444,75.8625,National Highway,Rainy,Day,38,Male,Auto,75,No,Yes,No,Poor Weather Visibility,High,4.0
ACC29240,25-04-2023,06:56,Kerala,Kozhikode,9.7231,76.4135,Village Road,Rainy,Day,39,Male,Car,23,No,No,No,Poor Weather Visibility,Low,0.0
ACC29241,26-12-2023,07:25,Andhra Pradesh,Kurnool,15.494,79.0413,City Road,Cloudy,Day,39,Male,Car,51,No,No,No,Poor Weather Visibility,Low,2.0
ACC29242,07-02-2022,07:32,Telangana,Nizamabad,17.2139,78.838,Village Road,Overcast,Day,31,Female,Bus,40,No,No,Yes,Pothole/Bad Road,Low,1.0
ACC29243,16-09-2022,03:13,Telangana,Karimnagar,17.7314,78.7292,State Highway,Rainy,Night,53,Male,Bike,66,Yes,No,Yes,Poor Weather Visibility,High,5.0
ACC29244,23-01-2023,21:13,Karnataka,Mangaluru,15.4661,76.1191,National Highway,Cloudy,Night,40,Male,Car,82,No,No,No,Over Speeding,High,9.0
ACC29245,04-09-2022,12:00,Kerala,Ernakulam,10.8744,75.9916,National Highway,Rainy,Day,34,Male,Bike,72,No,No,No,Poor Weather Visibility,High,6.0
ACC29246,14-02-2022,15:37,Kerala,Kozhikode,9.9319,76.3423,Village Road,Clear,Day,37,Male,Auto,59,No,No,No,Signal Jumping,Low,1.0
ACC29247,21-02-2022,04:09,Karnataka,Belagavi,15.7281,75.4529,National Highway,Cloudy,Night,46,Female,Truck,78,No,Yes,No,Drowsy Driving,Medium,3.0
ACC29248,14-02-2022,19:12,Kerala,Thiruvananthapuram,9.9161,76.991,City Road,Clear,Night,39,Male,Car,61,Yes,No,No,Drunk Driving,Medium,4.0
ACC29249,04-09-2022,03:20,Karnataka,Mysuru,15.4299,75.2205,Expressway,Clear,Night,29,Female,Truck,91,Yes,Yes,No,Over Speeding,High,2.0
ACC29250,18-12-2023,22:13,Andhra Pradesh,Visakhapatnam,16.4254,80.2197,National Highway,Clear,Night,23,Male,Bike,68,No,Yes,No,Drowsy Driving,High,5.0
ACC29251,11-09-2022,14:49,Telangana,Karimnagar,17.3917,79.4452,Village Road,Cloudy,Day,19,Female,Car,36,No,No,No,Poor Weather Visibility,Low,
ACC29252,21-03-2024,19:58,Telangana,Hyderabad,18.4657,78.947,Village Road,Overcast,Night,29,Male,Bus,45,Yes,No,No,Drunk Driving,Medium,4.0
ACC29253,06-03-2022,06:48,Andhra Pradesh,Guntur,15.6975,80.1789,City Road,Clear,Day,44,Male,Bike,60,Yes,No,Yes,Drunk Driving,High,2.0
ACC29254,06-08-2022,00:11,Andhra Pradesh,Nellore,16.4529,79.9044,Expressway,Foggy,Night,62,Male,Bike,123,No,Yes,No,Over Speeding,High,10.0
ACC29255,19-02-2023,09:30,Karnataka,Mysuru,15.0716,75.6397,State Highway,Clear,Day,54,Male,Car,60,No,No,No,Over Speeding,Low,1.0
ACC29256,24-08-2023,16:14,Andhra Pradesh,Visakhapatnam,16.0776,79.4104,City Road,Cloudy,Day,29,Male,Bike,62,No,No,No,Poor Weather Visibility,Low,1.0
ACC29257,05-04-2022,11:23,Puducherry,Karaikal,12.0231,79.614,City Road,Rainy,Day,72,Male,Bike,51,No,No,No,Poor Weather Visibility,Low,5.0
ACC29258,22-07-2022,16:42,Tamil Nadu,Chennai,10.9782,78.8853,City Road,Cloudy,Day,34,Female,Bike,65,Yes,No,No,Drunk Driving,Medium,2.0
ACC29259,30-08-2023,17:49,Karnataka,Mysuru,15.4568,75.2509,National Highway,Overcast,Dusk,41,Male,Car,77,No,No,Yes,Over Speeding,High,2.0
ACC29260,27-07-2023,06:19,Puducherry,Puducherry,11.2611,79.5819,City Road,Clear,Day,75,Male,Car,50,Yes,No,No,Drunk Driving,Medium,8.0
ACC29261,21-08-2022,17:54,Tamil Nadu,Salem,11.4396,77.4776,City Road,Clear,Dusk,43,Female,Auto,43,No,No,No,Poor Weather Visibility,Low,2.0
ACC29262,21-12-2023,15:27,Kerala,Kollam,9.7804,76.7199,City Road,Cloudy,Day,43,Male,Bike,43,No,No,No,Poor Weather Visibility,Low,0.0
ACC29263,16-08-2022,04:19,Andhra Pradesh,Kurnool,15.8041,79.1743,Village Road,Cloudy,Night,24,Female,Bike,62,No,Yes,No,Drowsy Driving,Medium,3.0
ACC29264,29-12-2024,09:17,Telangana,Karimnagar,17.9629,77.8613,National Highway,Clear,Day,30,Male,Bus,67,No,No,No,Signal Jumping,Low,1.0
ACC29265,29-09-2022,08:39,Kerala,Kozhikode,10.0608,76.2717,City Road,Rainy,Day,40,Male,Auto,38,No,No,No,Poor Weather Visibility,Low,3.0
ACC29266,19-07-2024,10:40,Tamil Nadu,Madurai,10.7518,78.7015,Village Road,Clear,Day,40,Male,Auto,68,Yes,No,Yes,Drunk Driving,High,6.0
ACC29267,13-02-2023,02:12,Tamil Nadu,Madurai,10.5886,78.9441,Village Road,Cloudy,Night,40,Female,Truck,69,Yes,No,No,Drunk Driving,High,8.0
ACC29268,07-04-2022,19:45,Kerala,Thiruvananthapuram,9.9577,76.3714,State Highway,Cloudy,Night,46,Male,Bike,56,No,No,No,Poor Weather Visibility,High,
ACC29269,31-08-2024,09:28,Andhra Pradesh,Vijayawada,15.479,80.0504,City Road,Overcast,Day,44,Male,Auto,39,No,No,No,Poor Weather Visibility,Low,0.0
ACC29270,11-06-2022,21:29,Tamil Nadu,Salem,11.2483,78.8656,Expressway,Clear,Night,35,Male,Car,86,Yes,No,No,Over Speeding,High,5.0
ACC29271,24-02-2023,22:18,Tamil Nadu,Salem,11.3181,79.2721,Village Road,Rainy,Night,25,Male,Bike,87,Yes,No,No,Poor Weather Visibility,High,7.0
ACC29272,22-09-2024,09:47,Tamil Nadu,Madurai,11.5186,78.4224,Village Road,Clear,Day,54,Female,Bike,55,No,No,No,Poor Weather Visibility,Low,0.0
ACC29273,09-07-2022,20:04,Kerala,Thrissur,10.866,76.0005,State Highway,Rainy,Night,24,Male,Car,40,No,No,No,Poor Weather Visibility,Low,0.0
ACC29274,24-05-2024,14:20,Andhra Pradesh,Guntur,16.075,79.5679,Village Road,Cloudy,Day,33,Female,Truck,34,No,No,No,Poor Weather Visibility,Low,0.0
ACC29275,24-02-2022,14:17,Kerala,Thrissur,10.855,76.6411,City Road,Foggy,Day,47,Male,Truck,54,No,No,No,Poor Weather Visibility,Low,2.0
ACC29276,04-03-2024,14:17,Karnataka,Bengaluru Urban,15.3444,75.7757,State Highway,Clear,Day,55,Male,Car,53,No,No,No,Signal Jumping,Low,0.0
ACC29277,19-10-2024,21:49,Telangana,Karimnagar,17.8469,79.2332,City Road,Clear,Night,33,Female,Auto,34,Yes,No,No,Drunk Driving,Low,0.0
ACC29278,23-04-2024,21:52,Tamil Nadu,Salem,11.7827,78.0399,National Highway,Cloudy,Night,55,Male,Car,91,No,Yes,No,Over Speeding,High,8.0
ACC29279,19-09-2022,03:42,Karnataka,Hubballi,15.2708,75.9612,Expressway,Rainy,Night,30,Male,Auto,108,Yes,Yes,No,Over Speeding,High,8.0
ACC29280,24-08-2023,16:10,Telangana,Nizamabad,17.329,78.9319,National Highway,Rainy,Day,27,Male,Bus,76,No,No,No,Poor Weather Visibility,High,4.0
ACC29281,21-05-2022,06:23,Telangana,Nizamabad,18.8816,78.7374,State Highway,Clear,Day,72,Female,Bike,67,No,No,No,Signal Jumping,Low,1.0
ACC29282,08-07-2024,14:40,Karnataka,Mysuru,15.4673,75.4883,National Highway,Clear,Day,61,Male,Truck,59,No,No,No,Signal Jumping,Low,1.0
ACC29283,01-11-2024,14:40,Karnataka,Hubballi,14.9613,75.1707,Village Road,Clear,Day,44,Male,Bus,22,Yes,No,Yes,Drunk Driving,Low,3.0
ACC29284,04-04-2023,13:40,Karnataka,Mangaluru,15.3019,75.214,City Road,Overcast,Day,56,Male,Bike,47,No,No,No,Poor Weather Visibility,Low,1.0
ACC29285,06-01-2022,00:32,Tamil Nadu,Coimbatore,11.2695,79.0026,State Highway,Clear,Night,36,Male,Car,55,No,No,No,Poor Weather Visibility,Low,0.0
ACC29286,11-11-2023,11:28,Tamil Nadu,Tiruchirappalli,11.0342,78.7548,National Highway,Foggy,Day,60,Male,Car,76,No,No,No,Poor Weather Visibility,High,5.0
ACC29287,04-10-2024,03:16,Tamil Nadu,Tiruchirappalli,10.7024,78.6358,City Road,Clear,Night,61,Male,Bike,39,No,Yes,No,Drowsy Driving,Medium,0.0
ACC29288,24-10-2022,15:44,Kerala,Thrissur,10.455,76.1796,City Road,Clear,Day,49,Female,Bike,46,No,No,No,Signal Jumping,Low,1.0