Accident_ID,Date,Time,State,District,Latitude,Longitude,Road_Type,Weather,Light_Condition,Driver_Age,Driver_Gender,Vehicle_Type,Speed_kmph,Alcohol_Involved,Driver_Drowsy,Pothole_Involved,Cause_of_Accident,Severity,Casualties
ACC29289,17-04-2022,19:49,Tamil Nadu,Coimbatore,11.609,78.6447,City Road,Clear,Night,41,Male,Bike,34,No,No,No,Signal Jumping,Low,3.0
ACC29290,23-04-2023,17:20,Tamil Nadu,Madurai,10.5829,78.2993,Village Road,Clear,Dusk,25,Male,Bus,36,No,Yes,No,Drowsy Driving,Low,0.0
ACC29291,21-02-2023,05:45,Andhra Pradesh,Visakhapatnam,16.2948,79.4799,National Highway,Clear,Dawn,28,Male,Bus,69,No,No,No,Signal Jumping,Medium,1.0
ACC29292,17-05-2022,17:08,Karnataka,Hubballi,15.4795,75.3728,City Road,Rainy,Dusk,42,Male,Bus,22,No,No,No,Poor Weather Visibility,Low,1.0
ACC29293,13-06-2023,07:17,Kerala,Kozhikode,10.4072,75.9105,City Road,Clear,Day,50,Male,Bike,48,No,No,No,Poor Weather Visibility,Low,0.0
ACC29294,19-05-2023,23:53,Telangana,Hyderabad,18.4138,78.5553,City Road,Clear,Night,25,Female,Car,33,Yes,No,Yes,Drunk Driving,Low,1.0
ACC29295,07-01-2024,09:15,Kerala,Thrissur,10.6942,76.0275,Expressway,Rainy,Day,18,Male,Bike,78,No,No,No,Poor Weather Visibility,High,7.0
ACC29296,06-02-2024,17:11,Karnataka,Mysuru,15.1434,75.2521,National Highway,Rainy,Dusk,30,Male,Bike,38,No,No,No,Poor Weather Visibility,Medium,4.0
ACC29297,26-10-2022,07:44,Andhra Pradesh,Nellore,16.9694,79.267,National Highway,Clear,Day,40,Male,Truck,81,No,Yes,No,Over Speeding,High,2.0
ACC29298,03-07-2023,12:07,Karnataka,Hubballi,14.8991,75.5881,National Highway,Clear,Day,37,Male,Truck,59,No,No,No,Over Speeding,Low,1.0
ACC29299,23-11-2024,20:34,Telangana,Nizamabad,17.5267,79.048,City Road,Clear,Night,46,Male,Truck,63,No,No,No,Over Speeding,Medium,2.0
ACC29300,21-08-2022,07:48,Karnataka,Hubballi,15.6445,74.8308,National Highway,Clear,Day,46,Male,Bike,64,No,No,No,Signal Jumping,Medium,3.0
ACC29301,03-07-2024,20:21,Karnataka,Mangaluru,14.4482,75.1578,Expressway,Clear,Night,18,Male,Auto,85,No,No,No,Over Speeding,High,6.0
ACC29302,27-02-2023,22:48,Karnataka,Mangaluru,15.3869,75.2314,National Highway,Clear,Night,32,Male,Car,72,Yes,No,No,Drunk Driving,Medium,3.0
ACC29303,25-02-2023,15:54,Tamil Nadu,Madurai,11.4059,78.2559,National Highway,Clear,Day,31,Female,Bike,109,Yes,No,No,Over Speeding,High,9.0
ACC29304,04-09-2024,06:38,Telangana,Karimnagar,18.0445,78.9857,Village Road,Clear,Day,43,Female,Bus,46,No,Yes,Yes,Drowsy Driving,Low,
ACC29305,03-01-2023,09:23,Telangana,Hyderabad,18.4156,78.9869,Expressway,Cloudy,Day,41,Male,Bus,83,No,No,No,Over Speeding,High,6.0
ACC29306,15-10-2024,08:11,Karnataka,Mysuru,15.7597,75.1255,City Road,Rainy,Day,29,Male,Bus,50,No,Yes,No,Poor Weather Visibility,Medium,0.0
ACC29307,14-11-2022,08:05,Kerala,Kozhikode,10.2725,76.6,City Road,Clear,Day,44,Male,Bus,70,Yes,No,Yes,Drunk Driving,High,4.0
ACC29308,21-01-2024,03:48,Kerala,Kozhikode,10.4407,75.8615,National Highway,Clear,Night,58,Male,Car,60,No,No,No,Over Speeding,Medium,0.0
ACC29309,08-08-2024,14:47,Karnataka,Mysuru,15.6934,75.537,National Highway,Rainy,Day,43,Female,Bike,67,No,No,No,Poor Weather Visibility,Low,1.0
ACC29310,29-06-2023,05:23,Kerala,Thiruvananthapuram,10.2833,76.2334,Village Road,Rainy,Dawn,57,Male,Auto,35,No,No,Yes,Poor Weather Visibility,Low,0.0
ACC29311,09-06-2023,21:47,Karnataka,Mysuru,16.1363,75.8165,Village Road,Clear,Night,44,Male,Car,67,Yes,No,No,Drunk Driving,Medium,4.0
ACC29312,02-09-2023,01:23,Tamil Nadu,Tiruchirappalli,10.3372,78.4301,National Highway,Clear,Night,40,Male,Bike,50,No,Yes,No,Drowsy Driving,Low,1.0
ACC29313,09-04-2023,18:24,Kerala,Kollam,10.0756,76.2729,Expressway,Cloudy,Dusk,23,Male,Bus,80,No,No,Yes,Over Speeding,High,2.0
ACC29314,06-03-2024,12:48,Andhra Pradesh,Kurnool,15.0023,79.6812,Expressway,Clear,Day,42,Male,Auto,74,No,No,No,Over Speeding,Low,1.0
ACC29315,30-12-2022,02:01,Andhra Pradesh,Guntur,16.2744,79.9659,State Highway,Clear,Night,32,Male,Car,70,Yes,Yes,Yes,Drunk Driving,High,
ACC29316,10-06-2024,12:29,Kerala,Thiruvananthapuram,10.6129,76.4855,City Road,Cloudy,Day,25,Male,Truck,34,No,Yes,Yes,Drowsy Driving,Medium,2.0
ACC29317,06-01-2022,17:58,Karnataka,Hubballi,15.1668,76.0638,State Highway,Overcast,Dusk,28,Male,Bike,67,Yes,No,No,Drunk Driving,Medium,1.0
ACC29318,23-09-2022,05:53,Tamil Nadu,Salem,10.421,78.5479,City Road,Cloudy,Dawn,23,Male,Bike,46,Yes,No,No,Drunk Driving,Medium,2.0
ACC29319,12-12-2022,17:48,Telangana,Khammam,18.5941,79.4946,City Road,Cloudy,Dusk,49,Male,Bike,39,No,No,No,Poor Weather Visibility,Low,1.0
ACC29320,11-02-2022,21:39,Karnataka,Mysuru,14.5145,75.7344,State Highway,Cloudy,Night,43,Female,Bike,54,No,No,No,Poor Weather Visibility,Medium,2.0
ACC29321,07-12-2024,21:14,Kerala,Thrissur,10.5833,76.6491,Expressway,Rainy,Night,45,Female,Bike,72,No,No,No,Poor Weather Visibility,High,5.0
ACC29322,22-02-2024,21:56,Tamil Nadu,Salem,10.7512,78.6343,State Highway,Overcast,Night,49,Male,Truck,88,No,Yes,No,Over Speeding,High,3.0
ACC29323,21-05-2022,21:50,Tamil Nadu,Coimbatore,11.8195,78.7386,Expressway,Clear,Night,59,Male,Bus,101,Yes,No,No,Over Speeding,High,
ACC29324,04-11-2022,01:17,Telangana,Warangal,18.0923,78.7103,City Road,Foggy,Night,18,Male,Bike,46,No,No,Yes,Poor Weather Visibility,Medium,2.0
ACC29325,13-05-2022,17:54,Telangana,Hyderabad,17.9719,78.8994,State Highway,Cloudy,Dusk,34,Male,Bike,62,No,No,Yes,Pothole/Bad Road,Medium,4.0
ACC29326,08-10-2023,07:17,Kerala,Kollam,9.9548,76.1793,State Highway,Overcast,Day,40,Male,Car,78,Yes,No,No,Drunk Driving,High,5.0
ACC29327,15-02-2022,09:22,Kerala,Kozhikode,10.3696,75.9027,National Highway,Clear,Day,34,Female,Truck,73,No,No,Yes,Pothole/Bad Road,Low,0.0
ACC29328,16-04-2023,07:50,Puducherry,Karaikal,12.4588,79.8168,State Highway,Rainy,Day,31,Male,Car,61,No,No,No,Poor Weather Visibility,Medium,6.0
ACC29329,03-10-2024,13:31,Tamil Nadu,Salem,11.8068,78.8675,City Road,Clear,Day,29,Male,Bike,54,Yes,No,No,Drunk Driving,Medium,6.0
ACC29330,14-11-2023,11:53,Tamil Nadu,Salem,12.0306,79.2194,State Highway,Overcast,Day,64,Male,Auto,67,No,No,No,Poor Weather Visibility,Low,2.0
ACC29331,21-02-2024,02:10,Karnataka,Belagavi,15.1179,75.1841,City Road,Clear,Night,44,Male,Bike,59,Yes,No,No,Drunk Driving,Medium,6.0
ACC29332,02-06-2023,12:53,Telangana,Khammam,17.5755,78.8463,National Highway,Clear,Day,31,Male,Bus,55,No,No,No,Signal Jumping,Low,3.0
ACC29333,20-07-2022,16:13,Tamil Nadu,Chennai,11.4535,78.3101,National Highway,Cloudy,Day,26,Female,Bike,73,No,No,No,Over Speeding,Medium,0.0
ACC29334,06-05-2024,15:23,Kerala,Thrissur,11.2714,76.6238,Expressway,Clear,Day,39,Male,Car,91,Yes,No,No,Over Speeding,High,4.0
ACC29335,04-07-2024,02:08,Tamil Nadu,Coimbatore,10.7009,78.9107,City Road,Clear,Night,49,Male,Car,49,No,No,No,Poor Weather Visibility,Low,1.0
ACC29336,16-12-2022,07:05,Tamil Nadu,Salem,10.3663,78.4903,National Highway,Clear,Day,43,Female,Bike,68,No,No,No,Signal Jumping,Medium,3.0
ACC29337,30-11-2022,06:42,Karnataka,Mangaluru,14.8343,75.5203,Village Road,Clear,Day,25,Male,Bike,51,No,No,Yes,Pothole/Bad Road,Low,
ACC29338,24-02-2024,22:20,Andhra Pradesh,Kurnool,15.7925,79.645,Expressway,Clear,Night,47,Male,Bike,95,No,No,No,Over Speeding,High,
ACC29339,21-12-2022,17:02,Karnataka,Belagavi,14.8091,75.6999,Village Road,Clear,Dusk,40,Male,Bike,52,No,No,No,Poor Weather Visibility,Low,0.0
ACC29340,16-05-2024,19:08,Tamil Nadu,Coimbatore,11.0348,78.9452,State Highway,Cloudy,Night,39,Male,Truck,64,No,No,No,Poor Weather Visibility,Medium,0.0
ACC29341,02-05-2024,19:22,Karnataka,Mangaluru,15.1432,75.4042,National Highway,Clear,Night,27,Female,Car,75,No,No,No,Over Speeding,Medium,1.0
ACC29342,28-12-2022,16:36,Andhra Pradesh,Guntur,15.7541,79.6713,City Road,Foggy,Day,44,Male,Car,43,No,Yes,No,Poor Weather Visibility,Medium,3.0
ACC29343,03-06-2023,08:16,Telangana,Nizamabad,17.7031,78.6125,Expressway,Clear,Day,29,Male,Bike,99,No,No,No,Over Speeding,High,3.0
ACC29344,09-04-2023,10:48,Telangana,Hyderabad,17.3215,78.6624,National Highway,Clear,Day,30,Female,Auto,75,No,No,No,Over Speeding,Medium,3.0
ACC29345,03-07-2024,11:05,Kerala,Ernakulam,9.9442,76.5028,Village Road,Overcast,Day,43,Female,Truck,52,No,No,No,Poor Weather Visibility,Low,4.0
ACC29346,15-08-2022,20:23,Kerala,Kozhikode,10.1166,76.7682,State Highway,Clear,Night,38,Male,Bike,50,No,Yes,No,Drowsy Driving,Low,1.0
ACC29347,23-12-2024,19:04,Tamil Nadu,Tiruchirappalli,11.6224,78.1658,State Highway,Overcast,Night,56,Male,Bike,57,No,Yes,No,Drowsy Driving,Medium,1.0
ACC29348,16-08-2022,17:53,Karnataka,Mangaluru,15.4851,76.4275,State Highway,Rainy,Dusk,41,Male,Auto,58,No,No,No,Poor Weather Visibility,Medium,3.0
ACC29349,24-12-2024,21:04,Telangana,Hyderabad,17.4585,78.9049,City Road,Cloudy,Night,44,Male,Car,36,No,No,No,Poor Weather Visibility,Low,1.0
ACC29350,06-02-2023,14:51,Telangana,Karimnagar,18.1096,78.2257,City Road,Clear,Day,44,Female,Car,61,Yes,No,Yes,Drunk Driving,Medium,1.0
ACC29351,01-09-2024,17:04,Kerala,Kollam,10.6526,76.4727,State Highway,Foggy,Dusk,19,Male,Car,51,No,No,No,Poor Weather Visibility,Medium,0.0
ACC29352,01-09-2024,08:45,Kerala,Kozhikode,10.1376,75.8598,State Highway,Clear,Day,20,Female,Car,62,No,No,No,Signal Jumping,Low,3.0
ACC29353,25-03-2022,17:18,Puducherry,Puducherry,11.4829,80.5496,City Road,Clear,Dusk,34,Female,Car,53,No,No,No,Signal Jumping,Low,2.0
ACC29354,05-06-2022,17:04,Karnataka,Mysuru,15.7183,75.1645,State Highway,Clear,Dusk,24,Male,Auto,47,No,No,Yes,Pothole/Bad Road,Medium,1.0
ACC29355,14-04-2023,08:37,Karnataka,Hubballi,15.9181,75.9026,City Road,Foggy,Day,25,Male,Car,50,No,No,Yes,Poor Weather Visibility,Low,0.0
ACC29356,23-05-2024,05:37,Tamil Nadu,Salem,10.5076,79.1859,National Highway,Clear,Dawn,29,Female,Auto,60,No,No,No,Over Speeding,Medium,3.0
ACC29357,19-05-2023,04:33,Kerala,Kozhikode,10.1544,76.396,City Road,Clear,Night,18,Male,Bike,40,No,No,No,Signal Jumping,Low,0.0
ACC29358,28-01-2024,14:50,Tamil Nadu,Salem,10.7095,78.5316,Expressway,Clear,Day,31,Female,Bike,80,No,No,No,Over Speeding,Low,0.0
ACC29359,08-03-2024,13:23,Karnataka,Bengaluru Urban,15.8413,76.1918,National Highway,Cloudy,Day,50,Male,Car,64,No,No,No,Poor Weather Visibility,Low,1.0
ACC29360,23-07-2023,15:39,Kerala,Kollam,10.0848,77.2391,City Road,Overcast,Day,42,Male,Car,40,No,No,No,Poor Weather Visibility,Low,2.0
ACC29361,20-05-2023,07:35,Karnataka,Belagavi,15.1676,75.1404,State Highway,Cloudy,Day,36,Male,Truck,65,No,Yes,No,Drowsy Driving,Low,1.0
ACC29362,01-05-2024,18:18,Andhra Pradesh,Guntur,15.7746,79.789,National Highway,Cloudy,Dusk,33,Male,Car,68,No,No,Yes,Pothole/Bad Road,Medium,0.0
ACC29363,01-09-2022,09:28,Karnataka,Bengaluru Urban,15.6009,75.9493,State Highway,Overcast,Day,41,Male,Bike,72,No,No,No,Poor Weather Visibility,Low,0.0
ACC29364,12-08-2024,12:50,Kerala,Kollam,10.4755,76.7413,City Road,Rainy,Day,41,Female,Bike,40,No,No,No,Poor Weather Visibility,Low,0.0
ACC29365,01-07-2022,17:53,Kerala,Ernakulam,10.037,75.7412,National Highway,Overcast,Dusk,18,Male,Car,70,Yes,No,No,Drunk Driving,High,5.0
ACC29366,11-11-2023,18:48,Tamil Nadu,Coimbatore,11.4223,78.3836,City Road,Foggy,Dusk,40,Male,Auto,63,Yes,Yes,Yes,Poor Weather Visibility,High,5.0
ACC29367,06-09-2023,19:17,Telangana,Nizamabad,17.7374,78.7475,City Road,Clear,Night,31,Male,Car,83,No,Yes,No,Over Speeding,High,2.0
ACC29368,11-03-2023,15:49,Tamil Nadu,Chennai,11.4998,79.4074,National Highway,Clear,Day,26,Female,Car,68,Yes,No,No,Drunk Driving,Medium,2.0
ACC29369,27-09-2022,15:40,Andhra Pradesh,Visakhapatnam,16.4266,79.5204,State Highway,Rainy,Day,27,Male,Auto,58,No,No,No,Poor Weather Visibility,Medium,4.0
ACC29370,08-03-2022,09:48,Karnataka,Hubballi,15.1163,76.4386,City Road,Rainy,Day,34,Male,Bike,35,No,No,No,Poor Weather Visibility,Low,2.0
ACC29371,02-01-2024,03:00,Tamil Nadu,Tiruchirappalli,10.4424,78.7579,City Road,Cloudy,Night,25,Male,Auto,27,Yes,No,No,Drunk Driving,Low,1.0
ACC29372,27-09-2022,18:48,Karnataka,Mangaluru,15.5276,75.7191,State Highway,Overcast,Dusk,38,Male,Bike,79,Yes,No,No,Drunk Driving,High,1.0
ACC29373,11-04-2023,18:17,Tamil Nadu,Chennai,11.1586,78.4234,State Highway,Clear,Dusk,33,Male,Car,81,No,No,No,Over Speeding,Low,1.0
ACC29374,22-06-2024,08:23,Kerala,Kozhikode,9.3423,77.1545,National Highway,Clear,Day,44,Male,Bike,71,No,No,No,Over Speeding,Medium,4.0
ACC29375,01-09-2024,14:30,Telangana,Khammam,17.1852,79.9026,State Highway,Clear,Day,51,Female,Auto,57,No,No,No,Poor Weather Visibility,Low,1.0
ACC29376,18-09-2022,10:32,Kerala,Thrissur,9.9787,76.0695,State Highway,Clear,Day,37,Male,Bike,80,No,No,No,Over Speeding,Medium,2.0
ACC29377,28-11-2022,11:42,Karnataka,Belagavi,14.7017,76.0566,Village Road,Rainy,Day,59,Female,Car,43,No,Yes,Yes,Poor Weather Visibility,Low,1.0
ACC29378,11-11-2024,14:36,Telangana,Khammam,17.599,78.9421,City Road,Rainy,Day,33,Male,Bike,51,No,No,No,Poor Weather Visibility,Medium,3.0
ACC29379,18-10-2024,13:23,Karnataka,Mysuru,15.4617,75.5836,National Highway,Clear,Day,45,Female,Car,81,No,No,No,Over Speeding,Medium,3.0
ACC29380,29-04-2022,20:30,Tamil Nadu,Chennai,10.9789,78.4801,National Highway,Rainy,Night,57,Male,Car,98,Yes,Yes,No,Over Speeding,High,6.0
ACC29381,08-05-2022,13:32,Kerala,Thrissur,10.41,76.8693,City Road,Clear,Day,36,Male,Truck,45,No,No,No,Signal Jumping,Low,1.0
ACC29382,26-02-2023,11:03,Telangana,Khammam,17.1987,79.2826,National Highway,Rainy,Day,20,Male,Car,63,No,No,No,Poor Weather Visibility,Medium,2.0
ACC29383,17-04-2022,20:28,Karnataka,Hubballi,15.198,75.253,State Highway,Clear,Night,28,Male,Bus,79,No,No,No,Over Speeding,Medium,1.0
ACC29384,14-01-2022,09:13,Puducherry,Karaikal,11.8909,79.4455,City Road,Clear,Day,18,Male,Bus,74,No,No,No,Over Speeding,Medium,4.0
ACC29385,07-11-2024,01:11,Karnataka,Mangaluru,14.8016,75.9537,Village Road,Clear,Night,29,Male,Bike,45,No,No,No,Poor Weather Visibility,Low,2.0
ACC29386,22-07-2023,09:58,Andhra Pradesh,Visakhapatnam,15.9387,79.0324,Expressway,Clear,Day,36,Male,Bike,81,No,No,Yes,Over Speeding,Medium,2.0
ACC29387,07-05-2022,12:04,Karnataka,Hubballi,15.4968,76.2189,City Road,Clear,Day,47,Female,Bike,40,No,No,No,Signal Jumping,Low,1.0
ACC29388,14-12-2023,07:06,Tamil Nadu,Tiruchirappalli,10.9388,78.6578,City Road,Foggy,Day,35,Male,Car,40,No,No,No,Poor Weather Visibility,Low,0.0
ACC29389,15-08-2023,07:01,Puducherry,Puducherry,11.9605,79.6277,State Highway,Clear,Day,36,Female,Bike,61,No,No,Yes,Pothole/Bad Road,Low,1.0
ACC29390,22-10-2023,18:22,Andhra Pradesh,Vijayawada,15.3366,79.8485,State Highway,Clear,Dusk,20,Male,Car,60,No,No,No,Over Speeding,Medium,2.0
ACC29391,18-08-2023,17:32,Karnataka,Mysuru,15.4674,76.1906,State Highway,Foggy,Dusk,18,Male,Car,61,No,No,No,Poor Weather Visibility,Low,0.0
ACC29392,24-12-2023,12:11,Karnataka,Bengaluru Urban,15.8988,75.5902,Village Road,Rainy,Day,59,Male,Car,37,No,No,No,Poor Weather Visibility,Low,1.0
ACC29393,12-11-2023,13:50,Karnataka,Bengaluru Urban,15.5522,75.3362,City Road,Overcast,Day,36,Female,Bike,54,No,No,Yes,Pothole/Bad Road,Low,0.0
ACC29394,18-12-2024,12:01,Andhra Pradesh,Guntur,15.622,80.3366,Village Road,Clear,Day,40,Male,Bike,32,No,No,Yes,Pothole/Bad Road,Low,1.0
ACC29395,30-05-2024,10:28,Kerala,Kollam,10.358,75.7491,National Highway,Overcast,Day,58,Male,Truck,44,No,No,No,Signal Jumping,Low,0.0
ACC29396,18-10-2022,14:04,Telangana,Warangal,18.1422,78.6626,City Road,Clear,Day,24,Female,Bike,37,No,No,Yes,Pothole/Bad Road,Low,0.0
ACC29397,06-11-2022,20:38,Karnataka,Belagavi,15.5938,75.6784,City Road,Clear,Night,67,Male,Bike,54,No,No,No,Signal Jumping,Medium,1.0
ACC29398,04-08-2024,20:20,Karnataka,Mysuru,15.6718,75.9993,City Road,Clear,Night,68,Male,Car,57,Yes,No,No,Drunk Driving,Medium,
ACC29399,31-01-2024,07:50,Karnataka,Mangaluru,15.4961,75.0428,State Highway,Cloudy,Day,26,Male,Truck,63,No,No,No,Poor Weather Visibility,Low,2.0
ACC29400,13-02-2023,07:03,Andhra Pradesh,Kurnool,15.8104,79.7343,State Highway,Clear,Day,18,Female,Car,47,No,No,No,Signal Jumping,Low,2.0
ACC29401,17-08-2022,22:37,Kerala,Thrissur,10.3583,76.2144,State Highway,Clear,Night,48,Female,Bus,88,Yes,No,No,Over Speeding,High,5.0
ACC29402,10-07-2023,02:47,Tamil Nadu,Chennai,11.2041,78.7421,National Highway,Rainy,Night,27,Female,Bike,85,Yes,No,No,Poor Weather Visibility,High,7.0
ACC29403,06-09-2022,21:53,Karnataka,Mangaluru,14.8672,75.8243,City Road,Rainy,Night,23,Male,Car,46,No,No,No,Poor Weather Visibility,Low,1.0
ACC29404,01-10-2022,19:47,Tamil Nadu,Salem,11.2286,77.9936,City Road,Clear,Night,45,Male,Car,40,No,No,No,Signal Jumping,Medium,1.0
ACC29405,15-04-2022,06:58,Telangana,Nizamabad,18.2261,78.4464,State Highway,Overcast,Day,21,Male,Bike,65,No,No,No,Signal Jumping,Low,0.0
ACC29406,16-06-2022,11:59,Kerala,Thrissur,10.7287,76.666,Village Road,Cloudy,Day,33,Male,Bike,47,No,No,No,Poor Weather Visibility,Medium,6.0
ACC29407,08-01-2022,18:25,Karnataka,Mysuru,14.4547,75.8945,State Highway,Rainy,Dusk,18,Female,Car,50,No,No,No,Poor Weather Visibility,Medium,0.0
ACC29408,29-05-2022,16:08,Karnataka,Hubballi,14.5377,75.5385,State Highway,Overcast,Day,47,Male,Auto,61,No,No,No,Signal Jumping,Low,0.0
ACC29409,04-06-2023,03:01,Telangana,Nizamabad,18.0792,78.4464,City Road,Cloudy,Night,56,Male,Bike,47,No,No,No,Signal Jumping,Low,4.0
ACC29410,28-01-2024,19:06,Telangana,Hyderabad,18.4497,78.8008,National Highway,Clear,Night,39,Male,Bus,71,No,No,No,Over Speeding,Medium,0.0
ACC29411,30-04-2023,07:14,Tamil Nadu,Salem,11.5171,78.2488,City Road,Cloudy,Day,41,Male,Bike,68,No,No,No,Poor Weather Visibility,Low,1.0
ACC29412,21-11-2022,15:27,Tamil Nadu,Coimbatore,11.3484,78.8456,Village Road,Rainy,Day,54,Female,Bike,41,No,No,No,Poor Weather Visibility,Low,1.0
ACC29413,01-11-2024,00:45,Kerala,Kollam,10.2882,76.2503,City Road,Clear,Night,36,Male,Car,57,No,No,No,Signal Jumping,Low,
ACC29414,28-11-2023,18:04,Kerala,Ernakulam,10.9537,75.7716,City Road,Rainy,Dusk,42,Female,Car,54,No,No,No,Poor Weather Visibility,Medium,3.0
ACC29415,26-02-2023,20:39,Telangana,Warangal,17.4023,78.9595,City Road,Clear,Night,37,Male,Bike,50,No,Yes,Yes,Drowsy Driving,Medium,5.0
ACC29416,23-12-2023,07:12,Karnataka,Mysuru,14.9599,76.0917,City Road,Rainy,Day,46,Male,Auto,47,No,No,No,Poor Weather Visibility,Low,0.0
ACC29417,04-12-2022,08:14,Karnataka,Hubballi,16.0203,76.2408,State Highway,Clear,Day,34,Male,Car,84,No,No,No,Over Speeding,Medium,2.0
ACC29418,07-11-2022,16:08,Kerala,Thiruvananthapuram,9.7468,76.3386,National Highway,Clear,Day,45,Male,Car,71,No,No,No,Over Speeding,Medium,1.0
ACC29419,14-05-2022,10:19,Telangana,Warangal,18.0196,79.2532,City Road,Clear,Day,56,Male,Bike,40,Yes,No,No,Drunk Driving,Low,0.0
ACC29420,30-07-2024,11:57,Kerala,Kollam,10.6693,76.713,Village Road,Clear,Day,35,Male,Truck,43,No,No,No,Poor Weather Visibility,Low,2.0
ACC29421,21-10-2023,18:33,Karnataka,Mangaluru,15.6762,75.6522,National Highway,Rainy,Dusk,58,Male,Car,72,No,No,No,Poor Weather Visibility,Medium,2.0
ACC29422,10-07-2024,09:41,Karnataka,Bengaluru Urban,14.8171,76.0845,Village Road,Overcast,Day,43,Male,Bus,36,No,Yes,No,Drowsy Driving,Low,1.0
ACC29423,17-03-2023,15:43,Kerala,Thrissur,10.79,76.1844,State Highway,Clear,Day,23,Male,Bike,92,Yes,No,No,Over Speeding,High,5.0
ACC29424,11-01-2023,11:49,Telangana,Hyderabad,17.5997,79.4739,City Road,Clear,Day,41,Male,Bike,56,Yes,Yes,Yes,Drunk Driving,Medium,4.0
ACC29425,18-09-2024,06:12,Kerala,Thrissur,10.9525,76.4273,City Road,Rainy,Day,21,Male,Car,38,No,No,No,Poor Weather Visibility,Low,1.0
ACC29426,01-01-2022,13:22,Tamil Nadu,Coimbatore,10.6959,78.6778,City Road,Clear,Day,25,Female,Truck,47,No,No,No,Signal Jumping,Low,0.0
ACC29427,06-11-2023,19:55,Karnataka,Belagavi,15.5049,75.4625,City Road,Cloudy,Night,18,Male,Car,53,Yes,Yes,Yes,Drunk Driving,High,9.0
ACC29428,11-11-2024,18:48,Tamil Nadu,Madurai,10.4006,78.492,State Highway,Overcast,Dusk,35,Female,Bike,68,No,No,No,Poor Weather Visibility,High,6.0
ACC29429,03-07-2024,12:16,Karnataka,Mangaluru,15.5728,75.1475,Village Road,Clear,Day,45,Male,Bike,54,Yes,No,Yes,Drunk Driving,Medium,0.0
ACC29430,28-01-2023,20:21,Telangana,Karimnagar,17.5559,78.9599,State Highway,Overcast,Night,21,Male,Auto,92,Yes,No,No,Over Speeding,High,3.0
ACC29431,25-07-2024,20:34,Karnataka,Bengaluru Urban,15.7429,75.3028,Expressway,Rainy,Night,47,Male,Truck,82,No,No,No,Poor Weather Visibility,Medium,4.0
ACC29432,18-08-2024,13:46,Karnataka,Bengaluru Urban,15.4685,76.2514,State Highway,Clear,Day,36,Male,Bus,68,No,No,No,Over Speeding,Medium,
ACC29433,12-01-2022,00:23,Karnataka,Mysuru,15.5481,74.8734,National Highway,Cloudy,Night,46,Male,Bike,86,No,No,No,Over Speeding,High,8.0
ACC29434,17-09-2022,15:05,Kerala,Kollam,10.0491,75.5664,City Road,Clear,Day,51,Female,Truck,42,No,No,No,Signal Jumping,Low,0.0
ACC29435,15-12-2023,06:07,Andhra Pradesh,Guntur,15.7464,79.9529,City Road,Rainy,Day,40,Female,Bike,57,No,No,No,Poor Weather Visibility,Low,1.0
ACC29436,27-10-2022,11:14,Puducherry,Karaikal,12.194,80.3413,National Highway,Cloudy,Day,45,Male,Bus,90,Yes,No,No,Over Speeding,Medium,2.0
ACC29437,06-08-2022,17:25,Kerala,Ernakulam,10.5079,76.0482,State Highway,Cloudy,Dusk,33,Male,Auto,66,No,No,No,Poor Weather Visibility,Medium,1.0
ACC29438,15-01-2024,08:45,Telangana,Karimnagar,18.4427,78.8341,Village Road,Clear,Day,38,Female,Bus,40,No,No,No,Signal Jumping,Low,2.0
ACC29439,27-02-2023,08:11,Tamil Nadu,Coimbatore,11.4691,78.9196,Village Road,Clear,Day,43,Male,Bus,63,No,No,Yes,Pothole/Bad Road,Low,1.0
ACC29440,03-11-2022,08:20,Telangana,Nizamabad,17.8217,79.4531,City Road,Rainy,Day,33,Male,Car,45,No,No,No,Poor Weather Visibility,Low,3.0
ACC29441,28-11-2023,08:09,Tamil Nadu,Chennai,10.67,78.6275,National Highway,Rainy,Day,18,Male,Car,56,No,No,No,Poor Weather Visibility,Medium,1.0
ACC29442,22-11-2022,19:17,Karnataka,Mangaluru,14.7531,75.9343,National Highway,Clear,Night,32,Male,Bike,54,No,No,Yes,Pothole/Bad Road,Medium,0.0
ACC29443,27-11-2022,19:03,Karnataka,Mysuru,15.7588,75.8833,State Highway,Overcast,Night,55,Female,Auto,81,No,Yes,Yes,Over Speeding,High,4.0
ACC29444,02-04-2022,22:36,Kerala,Thiruvananthapuram,10.4786,75.8151,Village Road,Rainy,Night,44,Female,Car,66,Yes,Yes,No,Poor Weather Visibility,High,8.0
ACC29445,07-04-2023,23:14,Andhra Pradesh,Kurnool,16.9722,79.9049,City Road,Foggy,Night,18,Male,Bus,60,No,Yes,No,Poor Weather Visibility,High,8.0
ACC29446,17-10-2022,08:25,Telangana,Warangal,18.016,78.71,State Highway,Overcast,Day,45,Female,Auto,72,No,No,No,Poor Weather Visibility,Medium,2.0
ACC29447,05-10-2023,22:38,Telangana,Khammam,17.4246,79.1303,National Highway,Overcast,Night,44,Male,Car,70,No,No,No,Poor Weather Visibility,High,3.0