Accident_ID,Date,Time,State,District,Latitude,Longitude,Road_Type,Weather,Light_Condition,Driver_Age,Driver_Gender,Vehicle_Type,Speed_kmph,Alcohol_Involved,Driver_Drowsy,Pothole_Involved,Cause_of_Accident,Severity,Casualties
ACC29448,24-11-2022,10:04,Andhra Pradesh,Visakhapatnam,15.8477,79.1979,City Road,Clear,Day,42,Male,Bus,29,No,No,Yes,Pothole/Bad Road,Low,2.0
ACC29449,03-03-2024,08:50,Karnataka,Bengaluru Urban,15.7734,75.61,Village Road,Clear,Day,29,Male,Truck,69,Yes,Yes,Yes,Drunk Driving,High,3.0
ACC29450,07-11-2022,14:39,Tamil Nadu,Tiruchirappalli,10.5216,78.2418,City Road,Cloudy,Day,55,Male,Truck,52,No,No,Yes,Pothole/Bad Road,Low,1.0
ACC29451,29-02-2024,22:11,Karnataka,Hubballi,15.5708,75.34,Village Road,Rainy,Night,47,Male,Car,56,No,No,Yes,Poor Weather Visibility,Medium,2.0
ACC29452,27-12-2023,18:38,Karnataka,Belagavi,15.333,76.0629,State Highway,Clear,Dusk,18,Male,Car,55,No,No,No,Poor Weather Visibility,Low,0.0
ACC29453,09-10-2024,15:17,Karnataka,Bengaluru Urban,15.022,75.8438,City Road,Foggy,Day,54,Female,Auto,50,No,No,No,Poor Weather Visibility,Low,1.0
ACC29454,05-08-2023,20:24,Andhra Pradesh,Vijayawada,15.8421,80.192,National Highway,Cloudy,Night,26,Male,Bus,81,Yes,Yes,No,Drunk Driving,High,6.0
ACC29455,24-07-2022,00:55,Karnataka,Bengaluru Urban,15.0232,75.6418,City Road,Rainy,Night,30,Female,Car,41,No,No,No,Poor Weather Visibility,Low,1.0
ACC29456,30-01-2022,18:29,Tamil Nadu,Madurai,11.5767,78.4376,Village Road,Clear,Dusk,43,Male,Bus,69,No,Yes,Yes,Drowsy Driving,Medium,4.0
ACC29457,23-04-2023,13:29,Telangana,Khammam,17.7145,78.7973,City Road,Clear,Day,39,Male,Bike,40,No,No,No,Poor Weather Visibility,Low,0.0
ACC29458,09-11-2023,16:37,Tamil Nadu,Chennai,10.8042,78.7911,Expressway,Foggy,Day,31,Male,Bike,67,No,No,No,Poor Weather Visibility,High,8.0
ACC29459,15-12-2024,12:07,Kerala,Kollam,10.0957,76.75,Expressway,Clear,Day,26,Female,Truck,74,No,No,No,Over Speeding,Medium,0.0
ACC29460,10-11-2024,23:24,Andhra Pradesh,Vijayawada,15.6798,78.6721,City Road,Clear,Night,43,Male,Truck,55,Yes,No,No,Drunk Driving,Medium,4.0
ACC29461,30-07-2023,09:23,Telangana,Warangal,17.8953,79.4675,City Road,Cloudy,Day,18,Male,Auto,60,Yes,No,No,Drunk Driving,Medium,1.0
ACC29462,22-01-2022,08:15,Karnataka,Mysuru,15.1424,76.736,National Highway,Foggy,Day,37,Male,Truck,73,Yes,Yes,No,Poor Weather Visibility,High,4.0
ACC29463,19-02-2023,06:29,Karnataka,Hubballi,15.3681,75.6186,City Road,Rainy,Day,18,Male,Bike,56,No,No,No,Poor Weather Visibility,Medium,3.0
ACC29464,15-12-2022,11:18,Telangana,Nizamabad,17.8066,78.8822,State Highway,Clear,Day,52,Male,Car,42,No,No,No,Signal Jumping,Low,1.0
ACC29465,08-12-2024,19:43,Karnataka,Hubballi,15.4264,76.1585,National Highway,Overcast,Night,26,Male,Bus,77,Yes,Yes,No,Drunk Driving,High,4.0
ACC29466,12-07-2022,10:38,Andhra Pradesh,Guntur,16.4836,80.7545,City Road,Cloudy,Day,42,Male,Bike,51,No,Yes,No,Drowsy Driving,Low,0.0
ACC29467,19-03-2023,13:20,Karnataka,Mysuru,15.6911,76.2204,National Highway,Rainy,Day,52,Male,Bike,83,No,No,Yes,Poor Weather Visibility,Medium,1.0
ACC29468,31-10-2024,11:37,Tamil Nadu,Salem,10.7965,79.0863,State Highway,Rainy,Day,50,Female,Bike,62,No,No,No,Poor Weather Visibility,Low,0.0
ACC29469,24-06-2022,06:53,Karnataka,Bengaluru Urban,15.3986,76.1584,Expressway,Rainy,Day,25,Male,Auto,91,Yes,No,No,Over Speeding,High,5.0
ACC29470,31-10-2023,06:25,Andhra Pradesh,Guntur,15.8736,80.5356,City Road,Clear,Day,43,Female,Bike,33,No,No,No,Poor Weather Visibility,Low,1.0
ACC29471,24-11-2023,18:33,Karnataka,Mysuru,15.1978,75.8286,City Road,Rainy,Dusk,58,Male,Bike,38,No,No,No,Poor Weather Visibility,Low,6.0
ACC29472,30-10-2023,18:03,Andhra Pradesh,Guntur,15.7435,79.8086,Village Road,Clear,Dusk,18,Male,Car,55,No,No,Yes,Pothole/Bad Road,Low,0.0
ACC29473,05-05-2022,22:09,Tamil Nadu,Coimbatore,11.0355,78.7172,Expressway,Clear,Night,39,Female,Auto,86,Yes,No,No,Over Speeding,High,7.0
ACC29474,09-02-2024,20:28,Tamil Nadu,Tiruchirappalli,11.4122,78.4269,Village Road,Rainy,Night,29,Male,Car,73,Yes,No,No,Poor Weather Visibility,High,8.0
ACC29475,22-11-2022,16:00,Telangana,Hyderabad,18.1267,78.8664,Village Road,Rainy,Day,34,Male,Car,44,Yes,No,No,Poor Weather Visibility,Low,1.0
ACC29476,19-03-2023,21:25,Telangana,Karimnagar,17.9949,79.1061,National Highway,Rainy,Night,32,Female,Bike,70,Yes,No,No,Poor Weather Visibility,High,5.0
ACC29477,31-03-2024,19:36,Tamil Nadu,Tiruchirappalli,10.9737,78.803,City Road,Clear,Night,26,Male,Bike,74,Yes,No,No,Drunk Driving,High,9.0
ACC29478,03-04-2024,23:33,Andhra Pradesh,Guntur,16.1277,80.0802,City Road,Rainy,Night,19,Female,Car,74,Yes,No,No,Poor Weather Visibility,Medium,2.0
ACC29479,29-01-2023,18:50,Andhra Pradesh,Kurnool,15.1958,79.4918,City Road,Clear,Dusk,29,Male,Bike,47,No,No,No,Signal Jumping,Low,2.0
ACC29480,06-06-2022,12:09,Karnataka,Bengaluru Urban,15.4522,75.6002,Village Road,Rainy,Day,43,Female,Auto,49,No,No,Yes,Poor Weather Visibility,Low,1.0
ACC29481,04-04-2024,18:06,Kerala,Thiruvananthapuram,11.0899,76.9728,Village Road,Clear,Dusk,33,Male,Bike,43,No,No,No,Signal Jumping,Low,
ACC29482,11-06-2024,08:46,Tamil Nadu,Madurai,11.4738,77.9106,City Road,Rainy,Day,36,Female,Auto,49,No,No,No,Poor Weather Visibility,Low,0.0
ACC29483,04-05-2023,19:07,Karnataka,Mangaluru,15.6714,75.2443,City Road,Clear,Night,22,Male,Bike,56,No,Yes,No,Drowsy Driving,Medium,2.0
ACC29484,01-01-2024,09:58,Telangana,Warangal,17.331,79.351,National Highway,Clear,Day,35,Female,Truck,69,No,No,No,Over Speeding,Low,4.0
ACC29485,05-03-2023,14:25,Andhra Pradesh,Kurnool,15.9155,79.3045,City Road,Foggy,Day,44,Male,Car,50,No,No,No,Poor Weather Visibility,Low,2.0
ACC29486,24-12-2023,17:30,Andhra Pradesh,Vijayawada,15.6955,79.6793,Expressway,Foggy,Dusk,27,Male,Car,84,No,No,No,Poor Weather Visibility,High,7.0
ACC29487,26-06-2024,20:38,Kerala,Thrissur,10.2234,76.4383,Village Road,Overcast,Night,18,Male,Car,25,No,No,No,Poor Weather Visibility,Medium,4.0
ACC29488,25-01-2023,00:44,Karnataka,Belagavi,14.6798,76.1963,Village Road,Overcast,Night,35,Male,Bike,24,No,No,No,Poor Weather Visibility,Low,0.0
ACC29489,30-09-2022,10:03,Puducherry,Puducherry,11.9822,79.84,Expressway,Cloudy,Day,38,Female,Bike,84,No,No,No,Over Speeding,High,5.0
ACC29490,12-10-2022,22:44,Karnataka,Belagavi,15.1128,75.371,City Road,Cloudy,Night,35,Male,Bike,50,No,No,No,Signal Jumping,Medium,2.0
ACC29491,04-02-2023,14:26,Karnataka,Belagavi,15.7482,76.477,Village Road,Clear,Day,33,Male,Bike,23,No,No,No,Poor Weather Visibility,Low,0.0
ACC29492,20-05-2024,07:08,Karnataka,Belagavi,15.2053,75.4558,State Highway,Clear,Day,42,Male,Bus,48,No,No,Yes,Pothole/Bad Road,Low,1.0
ACC29493,27-05-2023,17:12,Andhra Pradesh,Guntur,16.049,79.8842,City Road,Rainy,Dusk,40,Male,Bike,56,No,No,No,Poor Weather Visibility,Low,2.0
ACC29494,22-09-2024,12:26,Karnataka,Mangaluru,14.9878,76.0654,Expressway,Cloudy,Day,51,Male,Bike,107,Yes,No,No,Over Speeding,High,5.0
ACC29495,05-12-2023,21:14,Karnataka,Belagavi,15.237,75.6983,Village Road,Rainy,Night,21,Male,Truck,61,Yes,No,Yes,Poor Weather Visibility,High,6.0
ACC29496,17-09-2023,07:20,Tamil Nadu,Salem,11.2913,78.8722,Expressway,Cloudy,Day,23,Male,Auto,72,Yes,No,No,Drunk Driving,High,6.0
ACC29497,30-01-2023,14:33,Karnataka,Belagavi,15.9576,76.4355,Village Road,Cloudy,Day,33,Male,Car,35,No,No,Yes,Pothole/Bad Road,Low,1.0
ACC29498,15-05-2024,13:22,Tamil Nadu,Madurai,11.2646,78.9935,City Road,Clear,Day,42,Female,Car,33,No,No,Yes,Pothole/Bad Road,Low,0.0
ACC29499,15-11-2023,13:19,Telangana,Khammam,17.8289,78.4307,City Road,Cloudy,Day,45,Male,Bike,63,No,Yes,Yes,Drowsy Driving,Medium,6.0
ACC29500,13-06-2024,21:44,Karnataka,Mangaluru,15.3178,75.3548,State Highway,Overcast,Night,25,Male,Car,88,No,No,No,Over Speeding,High,5.0
ACC29501,01-01-2022,18:16,Telangana,Nizamabad,18.0948,78.9696,National Highway,Clear,Dusk,50,Male,Auto,77,No,No,No,Over Speeding,Medium,1.0
ACC29502,10-07-2024,12:39,Karnataka,Mangaluru,15.2552,75.6228,National Highway,Cloudy,Day,68,Male,Auto,95,Yes,No,No,Over Speeding,High,6.0
ACC29503,10-01-2023,22:15,Kerala,Thiruvananthapuram,10.7579,76.3448,City Road,Rainy,Night,54,Female,Bus,43,No,Yes,Yes,Poor Weather Visibility,Medium,5.0
ACC29504,02-05-2023,22:41,Telangana,Khammam,17.2117,79.0022,Expressway,Cloudy,Night,32,Male,Auto,88,No,No,No,Over Speeding,High,4.0
ACC29505,16-08-2022,13:55,Karnataka,Belagavi,14.5901,75.8535,City Road,Overcast,Day,26,Male,Bike,59,No,Yes,Yes,Drowsy Driving,Low,1.0
ACC29506,26-09-2024,05:12,Kerala,Thrissur,9.7572,76.1188,State Highway,Overcast,Dawn,22,Male,Car,60,No,No,Yes,Signal Jumping,Low,1.0
ACC29507,04-06-2022,10:25,Kerala,Kozhikode,9.9079,76.7418,City Road,Rainy,Day,31,Male,Car,74,Yes,No,No,Poor Weather Visibility,High,5.0
ACC29508,11-11-2024,19:18,Telangana,Karimnagar,17.8235,78.7455,State Highway,Cloudy,Night,56,Male,Car,60,No,Yes,No,Drowsy Driving,Medium,3.0
ACC29509,17-01-2022,14:29,Karnataka,Bengaluru Urban,15.7226,75.6758,National Highway,Clear,Day,39,Male,Truck,73,No,No,No,Over Speeding,Low,1.0
ACC29510,28-05-2022,18:05,Telangana,Khammam,18.5532,79.2277,National Highway,Foggy,Dusk,57,Male,Bike,44,No,No,No,Poor Weather Visibility,Medium,4.0
ACC29511,18-11-2022,20:23,Telangana,Warangal,18.4454,79.1167,Village Road,Clear,Night,40,Female,Truck,48,No,No,Yes,Pothole/Bad Road,Low,2.0
ACC29512,02-04-2022,19:30,Telangana,Khammam,18.1986,78.9252,Village Road,Foggy,Night,36,Male,Car,15,No,No,Yes,Poor Weather Visibility,Low,1.0
ACC29513,28-12-2024,14:57,Andhra Pradesh,Guntur,16.2107,80.0259,Expressway,Clear,Day,47,Male,Auto,59,No,No,No,Over Speeding,Low,
ACC29514,06-03-2024,21:36,Tamil Nadu,Coimbatore,11.0179,79.0301,National Highway,Clear,Night,35,Male,Auto,78,Yes,No,No,Drunk Driving,High,8.0
ACC29515,07-10-2024,10:23,Tamil Nadu,Coimbatore,11.2639,78.3682,National Highway,Rainy,Day,21,Male,Bike,64,No,No,No,Poor Weather Visibility,Medium,0.0
ACC29516,24-08-2023,19:54,Telangana,Khammam,18.2153,79.0711,State Highway,Cloudy,Night,47,Male,Car,68,Yes,No,No,Drunk Driving,High,
ACC29517,23-02-2024,12:40,Telangana,Nizamabad,18.5051,79.3878,Village Road,Overcast,Day,34,Male,Car,33,No,No,No,Poor Weather Visibility,Low,0.0
ACC29518,03-03-2023,04:35,Karnataka,Mysuru,15.2445,75.7586,City Road,Cloudy,Night,23,Female,Truck,42,No,No,No,Poor Weather Visibility,Low,0.0
ACC29519,12-08-2022,02:14,Tamil Nadu,Tiruchirappalli,11.3986,79.3183,State Highway,Cloudy,Night,44,Male,Bike,78,No,Yes,No,Drowsy Driving,High,5.0
ACC29520,06-06-2023,21:07,Andhra Pradesh,Guntur,16.1382,80.2108,Village Road,Rainy,Night,50,Male,Auto,40,No,Yes,No,Poor Weather Visibility,Low,2.0
ACC29521,09-09-2022,12:01,Karnataka,Hubballi,15.2436,76.3088,National Highway,Rainy,Day,18,Male,Car,73,No,No,No,Poor Weather Visibility,Medium,1.0
ACC29522,18-12-2023,18:04,Karnataka,Hubballi,15.725,75.7863,State Highway,Overcast,Dusk,18,Male,Car,55,No,Yes,No,Drowsy Driving,Medium,1.0
ACC29523,17-12-2022,07:13,Puducherry,Karaikal,13.1175,80.468,National Highway,Clear,Day,57,Female,Truck,86,No,No,No,Over Speeding,Medium,4.0
ACC29524,26-10-2024,22:02,Kerala,Thiruvananthapuram,9.836,76.8614,Village Road,Rainy,Night,39,Male,Bus,56,Yes,No,No,Poor Weather Visibility,High,7.0
ACC29525,05-09-2024,13:55,Tamil Nadu,Tiruchirappalli,11.7156,78.7633,City Road,Rainy,Day,55,Male,Bike,44,No,No,Yes,Poor Weather Visibility,Medium,2.0
ACC29526,23-06-2024,14:44,Tamil Nadu,Madurai,11.2769,78.3261,Expressway,Rainy,Day,41,Male,Car,83,No,No,No,Poor Weather Visibility,High,5.0
ACC29527,30-09-2023,17:12,Telangana,Nizamabad,17.8479,79.0315,City Road,Clear,Dusk,26,Male,Bus,48,No,No,No,Poor Weather Visibility,Low,1.0
ACC29528,27-07-2022,11:57,Karnataka,Belagavi,14.9533,75.9926,State Highway,Clear,Day,29,Male,Car,53,No,No,No,Signal Jumping,Low,0.0
ACC29529,09-02-2022,21:51,Tamil Nadu,Salem,11.8778,78.768,City Road,Cloudy,Night,48,Male,Bike,46,No,No,No,Poor Weather Visibility,Low,2.0
ACC29530,12-08-2023,17:09,Karnataka,Belagavi,15.4391,75.3169,City Road,Cloudy,Dusk,51,Female,Bike,50,No,No,Yes,Pothole/Bad Road,Low,0.0
ACC29531,11-10-2022,12:00,Telangana,Hyderabad,17.7681,78.6157,Village Road,Clear,Day,18,Male,Bus,39,No,No,No,Poor Weather Visibility,Low,1.0
ACC29532,02-06-2023,19:52,Kerala,Kollam,10.6325,76.7906,City Road,Clear,Night,39,Male,Bus,51,No,Yes,No,Drowsy Driving,Low,0.0
ACC29533,13-05-2024,16:44,Tamil Nadu,Salem,11.1081,78.2996,Expressway,Clear,Day,23,Male,Bike,67,No,No,No,Over Speeding,Medium,3.0
ACC29534,06-02-2024,22:53,Kerala,Thrissur,10.4424,75.8374,Village Road,Clear,Night,30,Female,Bike,62,Yes,No,No,Drunk Driving,High,6.0
ACC29535,24-10-2022,19:27,Telangana,Karimnagar,17.7494,78.8055,Village Road,Clear,Night,35,Male,Car,55,No,Yes,Yes,Drowsy Driving,Low,0.0
ACC29536,04-04-2023,11:11,Telangana,Hyderabad,18.601,78.7855,National Highway,Clear,Day,58,Male,Car,68,No,No,No,Over Speeding,Medium,1.0
ACC29537,15-06-2022,12:13,Tamil Nadu,Coimbatore,11.3201,78.2982,City Road,Rainy,Day,31,Female,Bike,58,No,No,No,Poor Weather Visibility,Low,2.0
ACC29538,04-12-2022,22:11,Karnataka,Mangaluru,14.5425,76.2535,City Road,Cloudy,Night,41,Male,Bike,43,No,No,No,Poor Weather Visibility,Low,
ACC29539,09-03-2023,21:28,Kerala,Kollam,9.8751,76.0081,State Highway,Clear,Night,41,Male,Truck,73,Yes,No,No,Drunk Driving,High,6.0
ACC29540,21-09-2022,17:43,Karnataka,Hubballi,15.8672,75.0903,Village Road,Clear,Dusk,41,Female,Auto,25,Yes,No,No,Drunk Driving,Low,1.0
ACC29541,11-09-2024,13:51,Telangana,Hyderabad,17.8408,79.2377,Village Road,Overcast,Day,28,Male,Truck,29,No,No,No,Poor Weather Visibility,Low,0.0
ACC29542,13-09-2022,18:43,Telangana,Nizamabad,18.4463,79.3145,State Highway,Clear,Dusk,43,Male,Bike,76,No,Yes,No,Drowsy Driving,Medium,2.0
ACC29543,06-12-2022,18:00,Telangana,Karimnagar,17.2181,78.3986,National Highway,Rainy,Dusk,49,Female,Car,91,No,Yes,No,Over Speeding,High,5.0
ACC29544,05-10-2024,08:33,Kerala,Ernakulam,10.404,76.7345,City Road,Foggy,Day,31,Female,Truck,46,No,Yes,Yes,Poor Weather Visibility,Medium,6.0
ACC29545,03-05-2023,05:03,Tamil Nadu,Madurai,11.7822,78.8329,City Road,Overcast,Dawn,35,Male,Car,54,No,No,No,Poor Weather Visibility,Low,2.0
ACC29546,21-12-2022,13:29,Kerala,Ernakulam,10.3405,76.0212,State Highway,Rainy,Day,34,Male,Bus,51,No,No,No,Poor Weather Visibility,Low,1.0
ACC29547,18-11-2023,09:47,Tamil Nadu,Madurai,10.8551,78.515,Village Road,Clear,Day,53,Male,Car,38,No,No,No,Signal Jumping,Low,2.0
ACC29548,26-08-2022,06:28,Karnataka,Hubballi,14.8574,75.5522,State Highway,Rainy,Day,55,Male,Auto,52,No,No,Yes,Poor Weather Visibility,Low,0.0
ACC29549,29-01-2022,11:01,Andhra Pradesh,Nellore,16.7899,79.2443,Village Road,Cloudy,Day,18,Male,Car,59,No,No,No,Poor Weather Visibility,Medium,5.0
ACC29550,02-02-2022,08:41,Andhra Pradesh,Vijayawada,15.4001,79.033,National Highway,Overcast,Day,26,Male,Auto,49,No,No,No,Poor Weather Visibility,Low,1.0
ACC29551,10-05-2023,05:44,Karnataka,Mangaluru,15.1544,75.6371,Expressway,Clear,Dawn,42,Female,Bus,95,No,No,Yes,Over Speeding,High,5.0
ACC29552,27-02-2022,18:59,Telangana,Warangal,17.8676,79.2305,Village Road,Overcast,Dusk,31,Male,Bike,41,No,No,No,Poor Weather Visibility,Low,1.0
ACC29553,14-11-2022,16:49,Andhra Pradesh,Kurnool,15.6544,80.3268,City Road,Clear,Day,20,Male,Car,57,No,No,Yes,Pothole/Bad Road,Low,1.0
ACC29554,08-03-2024,09:54,Karnataka,Mangaluru,15.2712,76.0053,State Highway,Overcast,Day,18,Female,Car,65,No,No,No,Poor Weather Visibility,Medium,2.0
ACC29555,15-02-2023,09:00,Karnataka,Belagavi,14.732,75.5701,State Highway,Rainy,Day,38,Female,Auto,54,No,No,No,Poor Weather Visibility,Low,1.0
ACC29556,22-12-2022,20:22,Karnataka,Bengaluru Urban,15.2982,75.8308,City Road,Cloudy,Night,46,Male,Bike,40,No,Yes,No,Drowsy Driving,Low,1.0
ACC29557,03-10-2024,00:36,Andhra Pradesh,Kurnool,15.8237,79.5259,Village Road,Clear,Night,40,Female,Auto,52,Yes,No,No,Drunk Driving,Medium,
ACC29558,26-12-2022,08:11,Puducherry,Puducherry,12.2738,79.8003,City Road,Cloudy,Day,56,Male,Truck,52,No,No,Yes,Pothole/Bad Road,Low,1.0
ACC29559,16-06-2024,15:07,Tamil Nadu,Chennai,11.3081,79.5787,National Highway,Clear,Day,18,Male,Bike,55,No,No,No,Signal Jumping,Low,0.0
ACC29560,01-08-2023,15:28,Telangana,Warangal,18.2726,78.9251,Village Road,Clear,Day,24,Male,Bike,55,No,No,No,Poor Weather Visibility,Low,1.0
ACC29561,21-06-2023,10:15,Telangana,Hyderabad,17.1513,78.6362,Village Road,Overcast,Day,36,Male,Bike,61,No,Yes,No,Drowsy Driving,Medium,5.0
ACC29562,06-05-2023,15:40,Kerala,Ernakulam,9.4743,75.8482,National Highway,Cloudy,Day,29,Male,Car,64,No,Yes,No,Drowsy Driving,Medium,
ACC29563,24-04-2024,12:31,Tamil Nadu,Tiruchirappalli,10.8522,78.4634,City Road,Rainy,Day,51,Male,Bike,46,No,No,No,Poor Weather Visibility,Low,0.0
ACC29564,25-11-2022,17:02,Tamil Nadu,Coimbatore,11.7776,78.3302,City Road,Clear,Dusk,43,Female,Car,68,No,Yes,No,Drowsy Driving,Low,0.0
ACC29565,16-07-2023,06:13,Telangana,Khammam,17.9859,78.9227,City Road,Cloudy,Day,50,Male,Bike,21,No,No,No,Poor Weather Visibility,Low,0.0
ACC29566,19-06-2024,12:32,Kerala,Ernakulam,10.6228,76.4221,City Road,Cloudy,Day,55,Male,Truck,56,No,No,No,Poor Weather Visibility,Low,2.0
ACC29567,21-02-2023,04:30,Karnataka,Bengaluru Urban,15.7739,75.3117,Village Road,Cloudy,Night,44,Male,Car,59,Yes,No,No,Drunk Driving,Medium,3.0
ACC29568,03-08-2022,15:05,Andhra Pradesh,Nellore,16.0874,80.1556,Village Road,Clear,Day,30,Male,Auto,44,No,No,No,Poor Weather Visibility,Low,0.0
ACC29569,17-03-2023,05:28,Karnataka,Belagavi,15.4214,75.6479,State Highway,Clear,Dawn,33,Male,Auto,53,No,No,No,Poor Weather Visibility,Low,1.0
ACC29570,25-01-2024,14:34,Karnataka,Bengaluru Urban,15.2504,75.2075,State Highway,Rainy,Day,43,Male,Car,45,No,No,No,Poor Weather Visibility,Low,0.0
ACC29571,21-03-2024,04:23,Andhra Pradesh,Kurnool,15.8303,79.2395,State Highway,Clear,Night,45,Female,Car,65,No,No,No,Signal Jumping,Low,1.0
ACC29572,28-12-2023,14:10,Telangana,Khammam,17.7981,79.2698,City Road,Clear,Day,43,Male,Car,51,Yes,No,No,Drunk Driving,Low,2.0
ACC29573,16-12-2024,09:26,Telangana,Khammam,18.4436,79.1682,Expressway,Rainy,Day,41,Male,Auto,105,No,No,No,Over Speeding,High,10.0
ACC29574,07-03-2024,23:47,Telangana,Khammam,18.2025,79.2305,State Highway,Clear,Night,55,Female,Bike,69,No,No,Yes,Pothole/Bad Road,Medium,2.0
ACC29575,06-07-2022,19:52,Andhra Pradesh,Kurnool,16.0291,78.8908,National Highway,Rainy,Night,59,Male,Bike,53,No,No,No,Poor Weather Visibility,Medium,1.0
ACC29576,13-11-2022,10:53,Telangana,Karimnagar,17.8395,78.7607,National Highway,Rainy,Day,18,Male,Bike,70,No,No,Yes,Poor Weather Visibility,High,6.0
ACC29577,27-04-2022,21:30,Tamil Nadu,Tiruchirappalli,10.643,79.7055,State Highway,Overcast,Night,45,Male,Auto,59,Yes,No,No,Drunk Driving,Medium,3.0
ACC29578,12-03-2023,23:12,Telangana,Karimnagar,17.3289,78.9141,National Highway,Clear,Night,26,Female,Truck,57,No,No,No,Signal Jumping,Low,0.0
ACC29579,14-11-2024,21:57,Tamil Nadu,Chennai,11.496,78.5695,City Road,Rainy,Night,49,Female,Car,76,Yes,No,No,Poor Weather Visibility,Medium,5.0
ACC29580,14-12-2024,18:32,Andhra Pradesh,Visakhapatnam,16.1555,79.6536,City Road,Cloudy,Dusk,18,Female,Bike,70,Yes,No,No,Drunk Driving,High,7.0
ACC29581,21-09-2023,07:12,Kerala,Kozhikode,9.9531,77.2976,City Road,Overcast,Day,32,Male,Bus,49,No,No,No,Poor Weather Visibility,Low,1.0
ACC29582,21-09-2023,13:45,Kerala,Kozhikode,10.3954,75.9695,Village Road,Cloudy,Day,65,Male,Auto,37,Yes,No,No,Drunk Driving,Medium,1.0
ACC29583,19-01-2022,22:37,Andhra Pradesh,Guntur,16.4629,79.7555,State Highway,Rainy,Night,42,Male,Car,64,No,No,No,Poor Weather Visibility,Medium,3.0
ACC29584,11-03-2022,18:24,Andhra Pradesh,Guntur,16.1027,79.5804,Village Road,Overcast,Dusk,29,Male,Car,50,No,No,No,Poor Weather Visibility,Low,4.0
ACC29585,25-07-2023,07:46,Tamil Nadu,Tiruchirappalli,11.2198,79.0672,State Highway,Clear,Day,38,Male,Auto,67,No,No,No,Over Speeding,Medium,2.0
ACC29586,02-02-2022,15:37,Andhra Pradesh,Nellore,16.2278,79.2347,National Highway,Rainy,Day,35,Male,Bike,63,No,No,No,Poor Weather Visibility,Medium,2.0
ACC29587,21-07-2022,19:04,Karnataka,Mangaluru,15.4471,75.8993,National Highway,Foggy,Night,30,Male,Auto,49,No,No,No,Poor Weather Visibility,Medium,3.0
ACC29588,28-03-2023,14:51,Telangana,Karimnagar,17.8437,79.9619,Village Road,Overcast,Day,32,Male,Bike,37,No,No,Yes,Pothole/Bad Road,Low,2.0
ACC29589,29-03-2023,18:59,Kerala,Thrissur,10.3514,76.8861,City Road,Clear,Dusk,49,Male,Auto,43,No,No,No,Poor Weather Visibility,Low,0.0
ACC29590,11-08-2023,20:48,Kerala,Kozhikode,10.2068,76.705,City Road,Cloudy,Night,25,Female,Car,51,Yes,No,Yes,Drunk Driving,Medium,6.0
ACC29591,24-09-2024,18:59,Karnataka,Hubballi,15.871,75.235,National Highway,Rainy,Dusk,22,Male,Bike,84,No,No,No,Poor Weather Visibility,High,3.0
ACC29592,07-04-2023,16:57,Tamil Nadu,Salem,10.8075,78.5934,City Road,Clear,Day,62,Male,Truck,50,No,No,No,Signal Jumping,Low,0.0
ACC29593,25-06-2023,19:46,Puducherry,Karaikal,12.4999,80.0997,State Highway,Cloudy,Night,40,Female,Car,74,Yes,No,No,Drunk Driving,High,2.0
ACC29594,24-10-2023,09:46,Tamil Nadu,Chennai,10.0142,77.8968,City Road,Cloudy,Day,50,Male,Bus,42,No,No,No,Poor Weather Visibility,Low,0.0
ACC29595,27-04-2022,14:46,Tamil Nadu,Chennai,10.6505,78.6539,State Highway,Rainy,Day,28,Female,Car,79,Yes,No,No,Poor Weather Visibility,High,9.0
ACC29596,29-06-2023,12:05,Kerala,Thrissur,10.4626,75.9216,Village Road,Clear,Day,35,Male,Car,44,No,No,No,Poor Weather Visibility,Low,0.0
ACC29597,10-01-2022,14:08,Tamil Nadu,Tiruchirappalli,10.8427,78.5934,National Highway,Rainy,Day,27,Male,Car,84,Yes,No,No,Poor Weather Visibility,High,2.0
ACC29598,20-10-2022,17:44,Telangana,Karimnagar,18.2365,79.1453,State Highway,Rainy,Dusk,67,Male,Bike,59,No,No,No,Poor Weather Visibility,Medium,3.0
ACC29599,03-03-2023,11:21,Telangana,Hyderabad,17.233,79.3092,Expressway,Rainy,Day,47,Male,Auto,92,No,No,No,Over Speeding,High,6.0
ACC29600,02-02-2023,19:29,Andhra Pradesh,Visakhapatnam,15.9789,79.4604,State Highway,Clear,Night,34,Male,Auto,60,Yes,No,No,Drunk Driving,High,3.0
ACC29601,07-04-2022,17:33,Karnataka,Bengaluru Urban,15.446,76.0749,Village Road,Rainy,Dusk,42,Male,Auto,45,No,No,No,Poor Weather Visibility,Low,0.0
ACC29602,12-07-2024,18:05,Tamil Nadu,Salem,11.5966,77.95,National Highway,Cloudy,Dusk,31,Male,Bike,72,No,No,No,Poor Weather Visibility,Medium,1.0
ACC29603,22-06-2024,20:26,Tamil Nadu,Coimbatore,10.7867,78.6593,City Road,Foggy,Night,18,Female,Auto,19,No,No,No,Poor Weather Visibility,Low,3.0