Accident_ID,Date,Time,State,District,Latitude,Longitude,Road_Type,Weather,Light_Condition,Driver_Age,Driver_Gender,Vehicle_Type,Speed_kmph,Alcohol_Involved,Driver_Drowsy,Pothole_Involved,Cause_of_Accident,Severity,Casualties
ACC29604,08-11-2023,09:24,Tamil Nadu,Chennai,11.0124,78.0741,State Highway,Rainy,Day,18,Male,Auto,48,No,No,Yes,Poor Weather Visibility,Medium,3.0
ACC29605,06-07-2023,07:16,Tamil Nadu,Madurai,10.6649,78.0775,City Road,Rainy,Day,27,Female,Car,53,No,No,Yes,Poor Weather Visibility,Medium,2.0
ACC29606,05-07-2024,19:32,Andhra Pradesh,Visakhapatnam,16.2918,79.8107,City Road,Clear,Night,34,Male,Car,63,Yes,No,No,Drunk Driving,Medium,3.0
ACC29607,24-02-2024,10:57,Tamil Nadu,Coimbatore,11.3027,79.2316,National Highway,Clear,Day,47,Male,Auto,53,No,No,No,Poor Weather Visibility,Low,
ACC29608,13-06-2024,07:58,Tamil Nadu,Tiruchirappalli,10.5851,77.6655,Village Road,Clear,Day,23,Male,Car,69,Yes,No,No,Drunk Driving,Medium,3.0
ACC29609,07-04-2022,17:54,Kerala,Thiruvananthapuram,9.9154,76.9099,National Highway,Clear,Dusk,18,Male,Car,51,No,No,No,Signal Jumping,Low,0.0
ACC29610,01-10-2022,12:55,Kerala,Thrissur,9.9309,76.371,City Road,Clear,Day,40,Female,Car,40,No,No,Yes,Pothole/Bad Road,Low,2.0
ACC29611,26-03-2023,16:43,Karnataka,Belagavi,15.5882,76.1358,State Highway,Clear,Day,31,Male,Truck,44,No,No,No,Poor Weather Visibility,Low,0.0
ACC29612,16-10-2022,09:23,Kerala,Ernakulam,11.2171,77.307,Village Road,Rainy,Day,44,Female,Truck,48,No,Yes,No,Poor Weather Visibility,Medium,3.0
ACC29613,05-06-2024,17:41,Tamil Nadu,Madurai,10.8366,78.0736,Village Road,Clear,Dusk,57,Male,Auto,56,No,No,No,Signal Jumping,Medium,0.0
ACC29614,26-05-2022,07:57,Kerala,Thrissur,10.2922,76.844,Expressway,Clear,Day,18,Male,Bike,85,No,No,Yes,Over Speeding,Medium,2.0
ACC29615,13-03-2023,14:49,Tamil Nadu,Madurai,11.1964,78.4385,National Highway,Clear,Day,48,Male,Car,61,No,No,No,Signal Jumping,Medium,4.0
ACC29616,04-12-2023,08:43,Kerala,Thiruvananthapuram,10.9545,76.7259,Village Road,Clear,Day,51,Male,Bike,30,No,No,Yes,Pothole/Bad Road,Low,1.0
ACC29617,18-11-2022,18:33,Tamil Nadu,Salem,11.7096,78.7322,Expressway,Rainy,Dusk,30,Female,Truck,86,No,Yes,No,Poor Weather Visibility,High,5.0
ACC29618,06-01-2022,08:49,Telangana,Warangal,17.4902,79.174,State Highway,Cloudy,Day,41,Male,Car,65,No,No,No,Poor Weather Visibility,Low,3.0
ACC29619,04-02-2022,18:20,Karnataka,Mysuru,15.4222,76.2353,National Highway,Cloudy,Dusk,52,Female,Car,51,No,No,No,Poor Weather Visibility,Medium,4.0
ACC29620,15-06-2022,09:17,Telangana,Warangal,17.4751,78.9055,State Highway,Clear,Day,44,Male,Car,50,No,No,No,Signal Jumping,Low,2.0
ACC29621,25-02-2024,05:34,Tamil Nadu,Coimbatore,10.4591,78.6551,State Highway,Cloudy,Dawn,35,Male,Bike,65,No,No,No,Signal Jumping,Medium,2.0
ACC29622,10-07-2024,12:23,Telangana,Khammam,18.2176,79.13,City Road,Rainy,Day,47,Male,Bike,51,No,No,Yes,Poor Weather Visibility,Medium,0.0
ACC29623,28-08-2024,13:52,Karnataka,Hubballi,15.1631,76.1428,Village Road,Clear,Day,64,Male,Bike,34,No,No,No,Poor Weather Visibility,Low,0.0
ACC29624,24-09-2022,12:34,Puducherry,Karaikal,11.8392,79.3234,City Road,Foggy,Day,37,Male,Bike,35,No,No,No,Poor Weather Visibility,Low,
ACC29625,24-09-2024,14:31,Telangana,Nizamabad,17.8118,78.1923,City Road,Clear,Day,59,Male,Auto,34,No,No,No,Signal Jumping,Low,1.0
ACC29626,20-01-2024,17:40,Tamil Nadu,Coimbatore,10.7503,78.8146,State Highway,Clear,Dusk,42,Male,Bike,49,No,No,Yes,Pothole/Bad Road,Low,1.0
ACC29627,05-06-2023,12:02,Tamil Nadu,Salem,10.8867,78.8196,National Highway,Clear,Day,18,Male,Bike,65,No,No,No,Over Speeding,Low,3.0
ACC29628,21-02-2024,21:16,Karnataka,Mysuru,15.4817,75.4796,State Highway,Rainy,Night,48,Male,Auto,95,Yes,Yes,No,Over Speeding,High,6.0
ACC29629,03-02-2022,17:58,Karnataka,Belagavi,15.8958,75.1332,City Road,Clear,Dusk,18,Female,Car,51,No,No,No,Signal Jumping,Low,0.0
ACC29630,06-03-2022,16:19,Karnataka,Mysuru,15.513,76.2814,City Road,Cloudy,Day,31,Female,Car,35,No,No,No,Poor Weather Visibility,Low,1.0
ACC29631,31-12-2023,17:03,Puducherry,Karaikal,12.7931,80.3178,State Highway,Overcast,Dusk,22,Male,Bike,58,No,No,No,Poor Weather Visibility,Low,1.0
ACC29632,19-05-2023,04:17,Kerala,Kozhikode,10.7013,76.3556,Expressway,Rainy,Night,41,Male,Bike,102,Yes,No,No,Over Speeding,High,7.0
ACC29633,10-04-2022,01:48,Andhra Pradesh,Guntur,16.3818,79.6488,National Highway,Clear,Night,47,Male,Bike,92,Yes,No,No,Over Speeding,High,6.0
ACC29634,07-04-2023,07:13,Kerala,Thrissur,10.0054,75.7108,State Highway,Rainy,Day,18,Female,Truck,89,No,Yes,No,Over Speeding,High,4.0
ACC29635,23-01-2023,11:12,Kerala,Thiruvananthapuram,9.5008,76.2322,State Highway,Overcast,Day,21,Male,Truck,55,No,Yes,No,Drowsy Driving,Low,1.0
ACC29636,27-10-2023,21:47,Tamil Nadu,Tiruchirappalli,10.9084,78.5058,Village Road,Clear,Night,32,Female,Bike,55,Yes,No,Yes,Drunk Driving,Medium,2.0
ACC29637,07-04-2023,19:42,Kerala,Thrissur,9.779,76.382,Village Road,Clear,Night,35,Male,Bike,74,Yes,Yes,No,Drunk Driving,High,6.0
ACC29638,11-06-2024,20:28,Telangana,Nizamabad,17.8124,79.1892,Expressway,Clear,Night,52,Male,Car,77,No,No,No,Over Speeding,Medium,0.0
ACC29639,26-10-2024,11:30,Karnataka,Belagavi,15.3525,75.2894,City Road,Clear,Day,18,Male,Bike,55,No,No,No,Signal Jumping,Low,1.0
ACC29640,14-11-2023,17:54,Telangana,Hyderabad,17.2875,79.2042,Village Road,Clear,Dusk,48,Male,Bus,56,No,Yes,No,Drowsy Driving,Medium,2.0
ACC29641,26-06-2023,18:11,Kerala,Kozhikode,9.8418,76.5084,State Highway,Cloudy,Dusk,63,Male,Truck,84,No,No,No,Over Speeding,Medium,0.0
ACC29642,19-11-2024,15:15,Kerala,Kozhikode,10.395,76.2701,Village Road,Clear,Day,18,Male,Bike,24,No,No,Yes,Pothole/Bad Road,Low,0.0
ACC29643,21-08-2024,20:19,Tamil Nadu,Madurai,11.6064,78.9475,State Highway,Rainy,Night,47,Male,Bus,88,Yes,Yes,No,Over Speeding,High,
ACC29644,07-09-2024,22:20,Andhra Pradesh,Nellore,16.0851,80.0187,Village Road,Clear,Night,18,Male,Bike,77,No,Yes,Yes,Drowsy Driving,High,4.0
ACC29645,17-10-2022,19:05,Telangana,Khammam,16.8529,78.8578,City Road,Clear,Night,66,Female,Auto,45,No,No,No,Signal Jumping,Low,1.0
ACC29646,25-11-2024,07:07,Telangana,Nizamabad,16.5442,79.2067,City Road,Rainy,Day,27,Female,Car,54,Yes,No,Yes,Poor Weather Visibility,Medium,3.0
ACC29647,12-10-2022,10:58,Telangana,Hyderabad,18.687,78.8646,City Road,Overcast,Day,34,Male,Bike,40,No,No,No,Poor Weather Visibility,Low,0.0
ACC29648,25-12-2023,20:43,Karnataka,Belagavi,15.3175,75.7987,State Highway,Overcast,Night,32,Female,Bike,66,No,No,No,Poor Weather Visibility,Medium,2.0
ACC29649,04-02-2023,12:08,Telangana,Hyderabad,18.568,79.6944,Expressway,Clear,Day,18,Male,Bike,66,No,No,Yes,Pothole/Bad Road,Medium,1.0
ACC29650,14-12-2024,01:16,Karnataka,Mysuru,15.6252,75.6297,Village Road,Rainy,Night,41,Male,Bike,57,No,No,No,Poor Weather Visibility,Medium,1.0
ACC29651,14-04-2023,17:06,Telangana,Warangal,18.3435,79.194,State Highway,Cloudy,Dusk,56,Male,Bike,50,Yes,No,No,Drunk Driving,Low,0.0
ACC29652,21-03-2023,11:22,Kerala,Kozhikode,9.9461,75.5871,State Highway,Foggy,Day,46,Male,Car,44,No,No,No,Poor Weather Visibility,Low,0.0
ACC29653,17-05-2022,18:11,Puducherry,Puducherry,12.3685,78.8844,Village Road,Clear,Dusk,55,Female,Car,59,Yes,No,Yes,Drunk Driving,Medium,1.0
ACC29654,12-09-2023,20:10,Kerala,Ernakulam,10.2702,76.1903,City Road,Rainy,Night,23,Male,Car,43,Yes,No,Yes,Poor Weather Visibility,Medium,3.0
ACC29655,10-07-2023,04:51,Kerala,Ernakulam,10.3485,75.7723,National Highway,Clear,Night,39,Male,Car,94,No,Yes,No,Over Speeding,High,9.0
ACC29656,11-06-2022,18:49,Karnataka,Belagavi,15.655,75.3779,State Highway,Cloudy,Dusk,26,Female,Car,69,No,No,No,Poor Weather Visibility,Low,1.0
ACC29657,11-06-2022,19:22,Karnataka,Mysuru,14.8756,74.8522,Village Road,Clear,Night,40,Male,Bike,46,No,No,Yes,Pothole/Bad Road,Medium,1.0
ACC29658,03-12-2022,11:47,Puducherry,Puducherry,12.0982,79.7005,National Highway,Overcast,Day,52,Female,Auto,84,No,No,No,Over Speeding,Medium,3.0
ACC29659,20-01-2022,11:19,Andhra Pradesh,Nellore,15.5659,79.0781,State Highway,Cloudy,Day,18,Male,Auto,54,No,No,No,Poor Weather Visibility,Low,
ACC29660,29-03-2024,12:22,Andhra Pradesh,Guntur,15.1707,79.6558,National Highway,Rainy,Day,32,Male,Truck,75,No,No,Yes,Poor Weather Visibility,Medium,2.0
ACC29661,13-02-2024,15:58,Puducherry,Karaikal,11.5967,79.6906,City Road,Clear,Day,27,Female,Bike,58,No,No,No,Signal Jumping,Low,0.0
ACC29662,08-05-2023,18:11,Andhra Pradesh,Guntur,15.5154,79.1522,City Road,Cloudy,Dusk,49,Male,Car,82,Yes,No,No,Drunk Driving,High,9.0
ACC29663,23-02-2023,08:22,Tamil Nadu,Chennai,10.8702,78.7847,City Road,Clear,Day,22,Male,Bike,40,No,No,No,Signal Jumping,Low,1.0
ACC29664,23-10-2023,22:38,Tamil Nadu,Chennai,11.1644,78.3826,Expressway,Cloudy,Night,31,Male,Bike,85,No,No,No,Over Speeding,High,1.0
ACC29665,27-08-2023,22:24,Tamil Nadu,Madurai,10.8457,78.435,Village Road,Clear,Night,52,Male,Bike,39,No,No,No,Poor Weather Visibility,Low,2.0
ACC29666,30-10-2023,09:50,Telangana,Warangal,17.6124,79.1627,City Road,Cloudy,Day,20,Male,Bike,64,No,Yes,No,Drowsy Driving,Medium,3.0
ACC29667,14-03-2024,14:27,Telangana,Khammam,17.6463,79.0413,State Highway,Clear,Day,46,Female,Car,68,No,No,No,Over Speeding,Low,1.0
ACC29668,04-01-2023,18:57,Telangana,Nizamabad,18.05,80.0218,State Highway,Clear,Dusk,45,Male,Bike,47,No,Yes,No,Drowsy Driving,Low,2.0
ACC29669,05-02-2024,13:15,Tamil Nadu,Madurai,10.9123,78.3671,Village Road,Clear,Day,34,Male,Bike,48,No,No,No,Poor Weather Visibility,Low,2.0
ACC29670,24-08-2024,12:09,Telangana,Khammam,18.5761,78.897,State Highway,Clear,Day,58,Male,Car,38,No,No,No,Signal Jumping,Low,2.0
ACC29671,23-01-2024,08:42,Karnataka,Mangaluru,14.7911,75.8483,State Highway,Clear,Day,36,Male,Auto,62,No,No,No,Over Speeding,Low,0.0
ACC29672,27-04-2024,06:41,Tamil Nadu,Chennai,11.6613,77.6245,Village Road,Rainy,Day,32,Male,Bike,45,No,No,Yes,Poor Weather Visibility,Medium,1.0
ACC29673,28-01-2022,03:55,Karnataka,Mangaluru,14.8793,75.5301,State Highway,Rainy,Night,18,Male,Car,33,No,Yes,No,Poor Weather Visibility,Medium,1.0
ACC29674,10-12-2022,18:39,Tamil Nadu,Coimbatore,10.4433,78.2707,City Road,Clear,Dusk,37,Male,Truck,60,No,No,No,Signal Jumping,Low,1.0
ACC29675,30-09-2024,06:54,Karnataka,Mangaluru,15.2135,76.2635,City Road,Rainy,Day,35,Male,Car,37,No,No,No,Poor Weather Visibility,Low,1.0
ACC29676,14-03-2023,07:39,Tamil Nadu,Tiruchirappalli,12.2132,78.6584,State Highway,Clear,Day,41,Male,Bike,50,No,No,No,Signal Jumping,Low,0.0
ACC29677,28-02-2024,00:42,Karnataka,Bengaluru Urban,14.9311,75.6652,City Road,Cloudy,Night,41,Male,Car,31,No,Yes,Yes,Drowsy Driving,Low,1.0
ACC29678,08-11-2023,18:35,Karnataka,Belagavi,15.1634,75.5664,Village Road,Rainy,Dusk,41,Male,Bike,35,No,No,Yes,Poor Weather Visibility,Low,1.0
ACC29679,27-02-2024,13:26,Kerala,Kollam,10.6251,75.6106,Village Road,Clear,Day,24,Female,Auto,43,No,No,No,Poor Weather Visibility,Medium,3.0
ACC29680,22-04-2024,17:52,Tamil Nadu,Tiruchirappalli,10.9269,77.7836,Village Road,Rainy,Dusk,34,Male,Car,60,Yes,No,No,Poor Weather Visibility,Medium,3.0
ACC29681,23-09-2024,22:02,Telangana,Khammam,17.8516,78.8556,State Highway,Overcast,Night,18,Male,Car,38,No,No,No,Poor Weather Visibility,Low,0.0
ACC29682,23-01-2022,13:50,Telangana,Warangal,17.9291,79.0822,City Road,Clear,Day,28,Female,Car,72,Yes,No,Yes,Drunk Driving,Medium,6.0
ACC29683,14-10-2024,16:48,Tamil Nadu,Chennai,10.9321,78.8536,City Road,Clear,Day,18,Male,Bike,63,Yes,No,No,Drunk Driving,Medium,3.0
ACC29684,17-11-2023,20:09,Telangana,Hyderabad,18.2298,79.3462,City Road,Cloudy,Night,28,Male,Truck,38,No,No,Yes,Pothole/Bad Road,Low,0.0
ACC29685,25-03-2023,14:05,Tamil Nadu,Salem,11.3359,78.4244,City Road,Rainy,Day,40,Male,Car,51,No,No,No,Poor Weather Visibility,Low,1.0
ACC29686,24-01-2024,22:07,Tamil Nadu,Madurai,11.2686,78.6605,Village Road,Clear,Night,60,Female,Bike,56,No,No,No,Signal Jumping,Medium,3.0
ACC29687,01-11-2022,14:11,Karnataka,Mangaluru,14.5844,76.6061,Village Road,Foggy,Day,58,Female,Auto,15,No,No,Yes,Poor Weather Visibility,Low,1.0
ACC29688,15-11-2024,20:16,Puducherry,Puducherry,12.0415,79.4508,Village Road,Clear,Night,34,Male,Truck,21,No,No,No,Signal Jumping,Low,1.0
ACC29689,29-11-2022,00:54,Karnataka,Mangaluru,14.4776,75.552,City Road,Clear,Night,33,Male,Auto,69,No,No,No,Signal Jumping,Medium,1.0
ACC29690,24-06-2022,17:25,Kerala,Ernakulam,10.3977,75.7902,City Road,Cloudy,Dusk,55,Female,Auto,50,No,No,No,Poor Weather Visibility,Low,0.0
ACC29691,07-12-2023,22:07,Karnataka,Hubballi,15.4946,75.6605,Village Road,Clear,Night,53,Male,Bus,61,No,Yes,No,Drowsy Driving,Medium,1.0
ACC29692,24-08-2023,04:13,Telangana,Khammam,18.2432,78.5376,City Road,Clear,Night,43,Female,Bike,49,No,Yes,No,Drowsy Driving,Medium,1.0
ACC29693,30-11-2023,19:50,Karnataka,Mangaluru,15.3533,75.8555,Expressway,Clear,Night,30,Female,Bike,77,No,No,No,Signal Jumping,Medium,4.0
ACC29694,14-04-2024,19:39,Karnataka,Belagavi,15.1211,76.5089,City Road,Clear,Night,65,Male,Car,53,No,No,No,Signal Jumping,Low,0.0
ACC29695,25-02-2024,13:34,Andhra Pradesh,Guntur,15.5087,80.0551,Expressway,Clear,Day,34,Female,Car,89,No,No,No,Over Speeding,Medium,2.0
ACC29696,04-10-2023,23:03,Karnataka,Hubballi,15.3364,75.7676,City Road,Rainy,Night,38,Male,Bike,53,No,No,No,Poor Weather Visibility,Medium,1.0
ACC29697,06-01-2023,18:58,Karnataka,Belagavi,15.5264,76.1369,City Road,Overcast,Dusk,39,Male,Truck,52,No,Yes,Yes,Drowsy Driving,High,7.0
ACC29698,10-05-2022,11:25,Tamil Nadu,Salem,10.8171,78.4436,National Highway,Rainy,Day,19,Male,Car,59,No,Yes,No,Poor Weather Visibility,High,10.0
ACC29699,20-07-2024,19:41,Kerala,Thiruvananthapuram,11.7835,75.729,Village Road,Overcast,Night,34,Male,Auto,40,No,Yes,Yes,Drowsy Driving,Medium,8.0
ACC29700,16-11-2023,14:33,Andhra Pradesh,Vijayawada,15.8429,79.6926,Village Road,Clear,Day,48,Female,Bike,54,No,No,No,Signal Jumping,Low,1.0
ACC29701,15-09-2023,22:14,Karnataka,Hubballi,14.5393,75.6359,City Road,Clear,Night,30,Male,Truck,66,No,No,No,Over Speeding,Low,2.0
ACC29702,01-04-2024,11:51,Telangana,Hyderabad,17.5024,79.0638,Village Road,Rainy,Day,24,Male,Bike,55,No,Yes,Yes,Poor Weather Visibility,High,3.0
ACC29703,25-07-2024,19:23,Karnataka,Belagavi,14.644,75.2874,Village Road,Rainy,Night,25,Male,Truck,73,Yes,Yes,No,Poor Weather Visibility,High,3.0
ACC29704,22-12-2023,16:46,Andhra Pradesh,Nellore,15.9694,78.6864,State Highway,Rainy,Day,18,Male,Bike,66,No,No,Yes,Poor Weather Visibility,Medium,2.0
ACC29705,11-12-2023,14:47,Andhra Pradesh,Nellore,16.0307,79.4912,Expressway,Clear,Day,48,Male,Auto,80,No,No,No,Over Speeding,Medium,6.0
ACC29706,20-11-2022,15:42,Kerala,Thrissur,9.9946,76.4878,National Highway,Clear,Day,39,Male,Truck,72,No,No,No,Over Speeding,Medium,3.0
ACC29707,17-05-2023,21:57,Tamil Nadu,Tiruchirappalli,11.0072,78.9258,National Highway,Foggy,Night,30,Female,Bike,95,Yes,Yes,No,Poor Weather Visibility,High,4.0
ACC29708,10-12-2022,07:41,Andhra Pradesh,Nellore,15.8271,79.4264,National Highway,Clear,Day,47,Female,Auto,56,No,No,No,Signal Jumping,Low,0.0
ACC29709,04-06-2024,22:22,Andhra Pradesh,Kurnool,15.8682,79.2767,State Highway,Rainy,Night,36,Male,Bike,68,No,No,No,Poor Weather Visibility,Medium,5.0
ACC29710,03-08-2022,19:06,Puducherry,Karaikal,12.3886,79.349,City Road,Clear,Night,35,Male,Bike,49,No,No,Yes,Pothole/Bad Road,Low,2.0
ACC29711,21-11-2024,11:15,Andhra Pradesh,Visakhapatnam,15.6198,78.8629,State Highway,Rainy,Day,34,Female,Car,61,No,No,No,Poor Weather Visibility,Low,1.0
ACC29712,22-08-2022,17:58,Karnataka,Mysuru,15.684,76.1231,City Road,Clear,Dusk,41,Male,Bike,36,No,No,Yes,Pothole/Bad Road,Low,
ACC29713,24-09-2023,19:42,Tamil Nadu,Coimbatore,11.3603,79.1289,National Highway,Clear,Night,18,Male,Bike,65,No,No,No,Signal Jumping,Low,1.0
ACC29714,01-12-2022,17:13,Andhra Pradesh,Vijayawada,15.5358,79.7103,National Highway,Clear,Dusk,44,Male,Auto,66,No,No,No,Signal Jumping,Medium,2.0
ACC29715,31-05-2023,02:21,Puducherry,Karaikal,12.1096,80.0901,State Highway,Rainy,Night,39,Male,Car,64,Yes,Yes,Yes,Poor Weather Visibility,High,3.0
ACC29716,14-10-2022,19:00,Tamil Nadu,Salem,11.2385,79.0384,National Highway,Overcast,Night,43,Male,Auto,68,No,No,No,Poor Weather Visibility,Medium,2.0
ACC29717,14-08-2023,12:42,Karnataka,Mangaluru,15.2004,75.3977,Village Road,Overcast,Day,46,Male,Bike,47,Yes,No,Yes,Drunk Driving,Medium,5.0
ACC29718,11-02-2023,16:36,Tamil Nadu,Chennai,10.9628,78.3484,National Highway,Clear,Day,18,Male,Bus,71,No,Yes,Yes,Drowsy Driving,Medium,5.0
ACC29719,23-11-2024,19:58,Tamil Nadu,Tiruchirappalli,10.6495,79.4537,National Highway,Clear,Night,18,Female,Truck,79,No,No,No,Over Speeding,Medium,6.0
ACC29720,11-08-2024,19:22,Tamil Nadu,Madurai,11.7671,78.4317,City Road,Clear,Night,69,Female,Truck,56,No,Yes,No,Drowsy Driving,Medium,0.0
ACC29721,13-05-2023,09:10,Karnataka,Mysuru,15.9047,75.9997,City Road,Cloudy,Day,52,Male,Truck,60,No,No,No,Poor Weather Visibility,Low,0.0
ACC29722,04-07-2023,15:02,Tamil Nadu,Coimbatore,11.2296,79.0506,City Road,Overcast,Day,36,Female,Bus,41,No,No,No,Poor Weather Visibility,Low,1.0
ACC29723,03-09-2023,14:11,Tamil Nadu,Coimbatore,10.6432,78.6417,Expressway,Cloudy,Day,46,Male,Auto,82,No,No,No,Over Speeding,Medium,6.0
ACC29724,18-11-2023,18:17,Tamil Nadu,Salem,10.8607,78.6435,City Road,Cloudy,Dusk,43,Male,Bike,50,No,No,No,Poor Weather Visibility,Low,1.0
ACC29725,03-02-2024,15:43,Andhra Pradesh,Kurnool,15.5597,79.8922,City Road,Clear,Day,41,Male,Bike,40,No,No,No,Poor Weather Visibility,Low,0.0
ACC29726,04-10-2023,08:52,Karnataka,Bengaluru Urban,15.3812,76.53,City Road,Clear,Day,43,Male,Car,44,No,No,No,Signal Jumping,Low,
ACC29727,07-10-2022,10:35,Tamil Nadu,Madurai,10.7264,78.3331,Expressway,Rainy,Day,24,Female,Car,83,No,No,No,Poor Weather Visibility,Medium,2.0
ACC29728,24-01-2023,08:31,Telangana,Warangal,18.0647,79.7502,National Highway,Clear,Day,43,Male,Auto,69,Yes,No,No,Drunk Driving,High,6.0
ACC29729,16-09-2023,15:49,Karnataka,Hubballi,16.1001,75.2304,National Highway,Clear,Day,53,Male,Car,73,No,No,No,Over Speeding,Low,2.0
ACC29730,24-02-2022,17:19,Puducherry,Puducherry,11.9446,80.3546,Expressway,Cloudy,Dusk,40,Male,Truck,79,No,No,No,Over Speeding,Medium,7.0
ACC29731,05-04-2024,14:23,Andhra Pradesh,Vijayawada,15.8018,80.1581,City Road,Rainy,Day,26,Female,Bus,35,No,No,Yes,Poor Weather Visibility,Low,0.0
ACC29732,04-05-2022,07:57,Karnataka,Belagavi,15.8227,76.4405,Village Road,Rainy,Day,58,Male,Bike,38,No,No,Yes,Poor Weather Visibility,Low,0.0
ACC29733,10-06-2023,20:50,Kerala,Thiruvananthapuram,10.3691,77.2533,State Highway,Clear,Night,35,Male,Bike,76,No,Yes,No,Drowsy Driving,Medium,2.0
ACC29734,14-05-2022,18:56,Kerala,Kozhikode,9.353,76.6491,State Highway,Cloudy,Dusk,43,Male,Auto,80,No,No,No,Over Speeding,Medium,2.0
ACC29735,18-08-2023,04:54,Kerala,Kollam,10.0365,76.567,Village Road,Overcast,Night,24,Male,Bike,47,Yes,Yes,No,Drunk Driving,High,9.0
ACC29736,02-01-2023,13:25,Telangana,Khammam,17.8164,79.1931,Village Road,Overcast,Day,18,Male,Bike,49,No,Yes,No,Drowsy Driving,Medium,6.0
ACC29737,26-05-2022,08:55,Tamil Nadu,Chennai,11.0993,78.4362,State Highway,Overcast,Day,31,Male,Truck,49,No,No,No,Poor Weather Visibility,Low,0.0
ACC29738,01-09-2024,09:55,Telangana,Khammam,18.0785,78.6382,State Highway,Rainy,Day,34,Male,Auto,43,No,No,Yes,Poor Weather Visibility,Low,2.0
ACC29739,11-01-2023,09:03,Tamil Nadu,Coimbatore,11.527,77.7063,City Road,Overcast,Day,37,Male,Car,36,No,Yes,No,Drowsy Driving,Low,1.0
ACC29740,06-12-2022,21:40,Andhra Pradesh,Kurnool,15.8756,79.6487,City Road,Cloudy,Night,18,Male,Bike,47,No,Yes,No,Drowsy Driving,Medium,2.0
ACC29741,06-08-2023,21:50,Telangana,Nizamabad,17.7472,79.0698,City Road,Rainy,Night,40,Male,Bike,43,No,No,No,Poor Weather Visibility,Low,
ACC29742,18-03-2022,19:39,Tamil Nadu,Coimbatore,10.833,78.8101,Village Road,Overcast,Night,21,Female,Bus,47,No,Yes,Yes,Drowsy Driving,High,4.0
ACC29743,09-07-2022,18:58,Telangana,Karimnagar,17.7291,78.4212,Expressway,Overcast,Dusk,29,Male,Car,101,No,No,No,Over Speeding,High,4.0
ACC29744,19-04-2024,05:01,Andhra Pradesh,Nellore,15.7573,79.0189,City Road,Cloudy,Dawn,43,Male,Truck,57,No,Yes,No,Drowsy Driving,Low,0.0
ACC29745,21-04-2024,04:17,Kerala,Kozhikode,10.3512,76.1817,Expressway,Clear,Night,32,Female,Bike,94,No,Yes,Yes,Over Speeding,High,6.0
ACC29746,01-08-2022,18:39,Andhra Pradesh,Nellore,16.2229,80.0165,National Highway,Rainy,Dusk,32,Male,Car,75,No,No,No,Poor Weather Visibility,High,5.0
ACC29747,17-02-2023,16:49,Karnataka,Bengaluru Urban,14.973,76.471,National Highway,Rainy,Day,47,Male,Car,82,No,No,No,Poor Weather Visibility,High,7.0
ACC29748,05-02-2022,07:48,Kerala,Thrissur,9.914,76.2704,Village Road,Clear,Day,33,Male,Auto,39,No,No,No,Signal Jumping,Low,0.0
ACC29749,02-12-2024,17:37,Kerala,Thrissur,10.3424,75.7557,City Road,Clear,Dusk,26,Female,Bike,63,No,Yes,Yes,Drowsy Driving,Medium,0.0
ACC29750,20-07-2022,20:09,Andhra Pradesh,Guntur,16.0857,79.7565,State Highway,Cloudy,Night,39,Female,Car,62,No,No,Yes,Pothole/Bad Road,Medium,2.0
ACC29751,21-01-2023,07:46,Kerala,Kollam,9.9449,76.2916,City Road,Cloudy,Day,40,Male,Bike,63,Yes,No,No,Drunk Driving,Medium,4.0
ACC29752,09-08-2022,09:51,Tamil Nadu,Salem,11.2162,78.7741,State Highway,Overcast,Day,18,Female,Car,63,No,No,No,Poor Weather Visibility,Low,0.0
ACC29753,06-07-2024,19:11,Andhra Pradesh,Visakhapatnam,15.8158,80.0361,City Road,Clear,Night,48,Male,Car,56,Yes,No,No,Drunk Driving,Low,1.0
ACC29754,22-09-2022,00:27,Andhra Pradesh,Visakhapatnam,16.2572,79.4426,City Road,Cloudy,Night,27,Male,Auto,60,Yes,No,No,Drunk Driving,Medium,0.0
ACC29755,02-05-2022,14:12,Karnataka,Belagavi,15.0879,75.3423,National Highway,Rainy,Day,31,Male,Bike,75,No,No,Yes,Poor Weather Visibility,Medium,3.0
ACC29756,18-12-2024,17:18,Karnataka,Mangaluru,15.2947,75.1986,City Road,Cloudy,Dusk,40,Female,Truck,45,No,No,No,Poor Weather Visibility,Medium,5.0
ACC29757,14-11-2024,21:59,Tamil Nadu,Salem,11.1886,78.6401,National Highway,Clear,Night,36,Male,Bike,53,No,No,No,Signal Jumping,Low,1.0
ACC29758,24-05-2022,22:51,Puducherry,Karaikal,12.1476,80.0619,Expressway,Clear,Night,41,Male,Bike,102,No,No,No,Over Speeding,High,6.0
ACC29759,04-08-2024,13:01,Tamil Nadu,Chennai,10.8082,78.2388,National Highway,Rainy,Day,28,Male,Bike,71,No,No,No,Poor Weather Visibility,Medium,5.0
ACC29760,31-05-2023,15:03,Karnataka,Belagavi,15.1848,75.9678,Expressway,Rainy,Day,18,Male,Car,99,Yes,No,No,Over Speeding,High,8.0
ACC29761,18-03-2022,18:10,Andhra Pradesh,Kurnool,15.8391,79.1466,State Highway,Cloudy,Dusk,18,Male,Car,68,No,No,No,Poor Weather Visibility,Medium,1.0