Accident_ID,Date,Time,State,District,Latitude,Longitude,Road_Type,Weather,Light_Condition,Driver_Age,Driver_Gender,Vehicle_Type,Speed_kmph,Alcohol_Involved,Driver_Drowsy,Pothole_Involved,Cause_of_Accident,Severity,Casualties
ACC29762,24-12-2023,07:56,Andhra Pradesh,Visakhapatnam,16.0908,79.4458,State Highway,Rainy,Day,44,Male,Auto,70,No,No,Yes,Poor Weather Visibility,Medium,4.0
ACC29763,29-10-2023,20:48,Kerala,Thiruvananthapuram,10.5869,77.1707,State Highway,Clear,Night,66,Male,Truck,68,No,No,No,Over Speeding,Low,1.0
ACC29764,29-01-2023,15:14,Kerala,Thiruvananthapuram,10.2598,75.987,City Road,Cloudy,Day,35,Male,Car,48,Yes,No,No,Drunk Driving,Medium,5.0
ACC29765,17-06-2023,14:08,Andhra Pradesh,Vijayawada,15.7251,79.916,Expressway,Foggy,Day,45,Male,Auto,85,No,No,No,Poor Weather Visibility,High,10.0
ACC29766,27-08-2024,17:06,Andhra Pradesh,Vijayawada,16.3429,79.8825,State Highway,Clear,Dusk,59,Male,Bike,52,No,No,No,Signal Jumping,Low,0.0
ACC29767,02-06-2022,08:27,Karnataka,Mangaluru,15.4355,75.731,State Highway,Overcast,Day,25,Male,Auto,60,No,No,No,Poor Weather Visibility,Medium,2.0
ACC29768,08-04-2022,22:07,Kerala,Thiruvananthapuram,10.9783,76.1397,State Highway,Clear,Night,33,Male,Bike,57,No,No,No,Signal Jumping,Low,1.0
ACC29769,02-03-2023,09:38,Telangana,Khammam,17.7111,78.9959,National Highway,Clear,Day,45,Male,Auto,85,Yes,No,No,Drunk Driving,High,7.0
ACC29770,03-05-2023,00:47,Telangana,Karimnagar,17.3808,79.2081,State Highway,Cloudy,Night,38,Male,Truck,78,Yes,Yes,No,Drunk Driving,High,5.0
ACC29771,06-09-2022,19:47,Tamil Nadu,Coimbatore,10.5136,79.399,State Highway,Clear,Night,21,Male,Car,49,No,No,No,Signal Jumping,Low,0.0
ACC29772,07-01-2024,18:44,Karnataka,Mangaluru,14.5413,75.5317,Expressway,Clear,Dusk,18,Male,Bike,64,No,No,Yes,Pothole/Bad Road,Medium,3.0
ACC29773,14-08-2024,11:48,Karnataka,Bengaluru Urban,14.7725,76.4182,Village Road,Rainy,Day,37,Female,Bike,32,No,No,No,Poor Weather Visibility,Low,0.0
ACC29774,13-11-2023,11:30,Tamil Nadu,Coimbatore,11.2673,78.5872,Expressway,Cloudy,Day,24,Male,Bike,94,No,Yes,No,Over Speeding,High,2.0
ACC29775,04-09-2023,18:41,Telangana,Khammam,17.5591,78.9423,Expressway,Clear,Dusk,18,Male,Car,78,Yes,No,No,Drunk Driving,High,8.0
ACC29776,10-03-2023,13:10,Tamil Nadu,Madurai,11.0154,78.2495,Expressway,Clear,Day,18,Female,Auto,96,No,No,No,Over Speeding,High,10.0
ACC29777,27-08-2024,19:21,Tamil Nadu,Tiruchirappalli,12.2924,79.0297,City Road,Rainy,Night,42,Male,Bike,62,No,Yes,No,Poor Weather Visibility,High,6.0
ACC29778,03-11-2022,08:52,Kerala,Thiruvananthapuram,10.2073,75.8924,Village Road,Clear,Day,41,Male,Bike,33,No,No,No,Signal Jumping,Low,
ACC29779,04-03-2024,15:34,Karnataka,Mysuru,15.3685,76.1816,Village Road,Cloudy,Day,20,Male,Auto,41,No,No,No,Poor Weather Visibility,Low,0.0
ACC29780,01-08-2023,20:06,Tamil Nadu,Tiruchirappalli,11.3795,79.1853,National Highway,Cloudy,Night,66,Male,Bike,57,No,No,No,Poor Weather Visibility,Medium,5.0
ACC29781,26-07-2024,05:27,Andhra Pradesh,Vijayawada,15.7711,80.1612,City Road,Clear,Dawn,28,Male,Bike,53,No,No,No,Poor Weather Visibility,Low,3.0
ACC29782,22-06-2023,17:58,Telangana,Karimnagar,17.9629,78.5067,State Highway,Clear,Dusk,71,Male,Car,70,No,No,No,Over Speeding,Low,1.0
ACC29783,19-08-2022,18:47,Karnataka,Mysuru,15.4874,75.4605,Village Road,Cloudy,Dusk,33,Male,Truck,42,Yes,No,No,Drunk Driving,Low,1.0
ACC29784,22-11-2023,21:31,Telangana,Karimnagar,17.5418,79.8045,City Road,Clear,Night,35,Male,Bike,53,No,No,No,Signal Jumping,Low,1.0
ACC29785,15-07-2022,01:07,Tamil Nadu,Salem,11.5377,78.4828,State Highway,Cloudy,Night,33,Male,Car,59,No,No,No,Poor Weather Visibility,Low,0.0
ACC29786,18-11-2024,12:36,Tamil Nadu,Salem,11.1878,78.57,State Highway,Overcast,Day,49,Female,Truck,63,No,No,No,Poor Weather Visibility,Low,0.0
ACC29787,29-01-2022,11:29,Andhra Pradesh,Vijayawada,15.6229,79.5998,Expressway,Clear,Day,37,Female,Bus,91,No,No,No,Over Speeding,Medium,2.0
ACC29788,29-11-2022,06:40,Karnataka,Mangaluru,15.9526,75.9387,State Highway,Clear,Day,37,Male,Truck,58,No,No,No,Signal Jumping,Low,1.0
ACC29789,25-09-2024,19:00,Telangana,Khammam,17.4525,79.0022,National Highway,Rainy,Night,34,Male,Car,85,Yes,Yes,No,Poor Weather Visibility,High,4.0
ACC29790,07-01-2023,09:32,Kerala,Kollam,10.6788,76.3181,Village Road,Rainy,Day,36,Male,Car,30,No,No,No,Poor Weather Visibility,Low,0.0
ACC29791,03-10-2022,07:04,Tamil Nadu,Madurai,11.1664,78.5199,State Highway,Clear,Day,56,Male,Auto,86,No,No,Yes,Over Speeding,Medium,4.0
ACC29792,12-07-2024,17:37,Tamil Nadu,Tiruchirappalli,11.5027,78.5986,National Highway,Rainy,Dusk,34,Male,Bike,58,No,No,No,Poor Weather Visibility,Medium,5.0
ACC29793,28-05-2023,05:57,Tamil Nadu,Tiruchirappalli,10.523,78.8955,National Highway,Clear,Dawn,37,Male,Bike,50,No,No,No,Poor Weather Visibility,Medium,0.0
ACC29794,09-12-2022,08:01,Andhra Pradesh,Guntur,15.4285,79.3242,Village Road,Rainy,Day,34,Male,Bus,44,No,Yes,Yes,Poor Weather Visibility,Medium,4.0
ACC29795,27-11-2024,16:37,Tamil Nadu,Coimbatore,11.3828,79.0785,National Highway,Clear,Day,38,Female,Auto,75,No,No,No,Over Speeding,Medium,1.0
ACC29796,07-09-2022,22:14,Telangana,Warangal,17.2969,78.2922,City Road,Clear,Night,34,Female,Car,47,No,No,No,Poor Weather Visibility,Low,2.0
ACC29797,06-02-2022,18:39,Kerala,Thiruvananthapuram,9.6135,76.6448,City Road,Clear,Dusk,30,Male,Car,65,No,No,Yes,Pothole/Bad Road,Medium,1.0
ACC29798,26-11-2023,20:29,Karnataka,Hubballi,15.2122,76.4506,National Highway,Overcast,Night,42,Male,Car,68,No,No,No,Poor Weather Visibility,Medium,2.0
ACC29799,27-06-2024,08:22,Kerala,Kollam,10.428,76.1148,Village Road,Clear,Day,33,Male,Bus,47,No,No,No,Signal Jumping,Low,1.0
ACC29800,25-05-2022,11:23,Andhra Pradesh,Kurnool,15.943,79.7287,Village Road,Rainy,Day,32,Female,Car,45,No,No,No,Poor Weather Visibility,Low,
ACC29801,20-02-2023,18:15,Karnataka,Mysuru,14.6171,75.7088,State Highway,Rainy,Dusk,18,Male,Bike,47,No,No,No,Poor Weather Visibility,Medium,2.0
ACC29802,09-12-2023,19:39,Telangana,Hyderabad,17.8759,78.3122,Village Road,Clear,Night,25,Female,Bike,37,No,No,No,Poor Weather Visibility,Low,0.0
ACC29803,16-03-2024,21:43,Tamil Nadu,Tiruchirappalli,10.6941,78.5889,National Highway,Overcast,Night,37,Male,Bus,71,Yes,No,No,Drunk Driving,Medium,1.0
ACC29804,21-08-2024,20:30,Tamil Nadu,Salem,10.4304,78.2407,State Highway,Clear,Night,18,Female,Truck,49,No,No,No,Signal Jumping,Low,0.0
ACC29805,11-02-2023,14:58,Andhra Pradesh,Guntur,15.7902,78.8751,National Highway,Rainy,Day,33,Male,Car,65,No,No,No,Poor Weather Visibility,Medium,3.0
ACC29806,31-10-2022,06:56,Andhra Pradesh,Guntur,16.286,79.5864,Village Road,Rainy,Day,44,Male,Car,45,Yes,No,No,Poor Weather Visibility,Medium,5.0
ACC29807,16-08-2022,09:39,Karnataka,Mysuru,14.6906,75.8478,City Road,Clear,Day,44,Male,Car,33,No,No,No,Poor Weather Visibility,Low,
ACC29808,25-09-2023,22:37,Kerala,Ernakulam,10.4313,76.0167,City Road,Foggy,Night,37,Male,Bike,76,No,Yes,No,Poor Weather Visibility,High,6.0
ACC29809,11-10-2023,12:13,Karnataka,Bengaluru Urban,15.2844,75.6428,Village Road,Clear,Day,56,Male,Bike,46,No,No,Yes,Pothole/Bad Road,Low,0.0
ACC29810,18-05-2024,15:33,Karnataka,Mangaluru,15.2812,75.0903,State Highway,Cloudy,Day,47,Male,Car,52,No,No,No,Poor Weather Visibility,Low,3.0
ACC29811,03-06-2022,07:29,Telangana,Khammam,17.9261,78.7229,National Highway,Cloudy,Day,32,Male,Bike,60,No,No,No,Poor Weather Visibility,Low,1.0
ACC29812,28-12-2022,08:24,Telangana,Karimnagar,17.681,79.3982,State Highway,Foggy,Day,34,Male,Car,68,No,Yes,No,Poor Weather Visibility,Medium,7.0
ACC29813,15-02-2023,13:07,Karnataka,Mangaluru,15.9249,75.2104,Expressway,Clear,Day,24,Female,Auto,79,No,No,No,Over Speeding,High,2.0
ACC29814,20-12-2023,16:54,Telangana,Nizamabad,18.2803,79.1749,Village Road,Clear,Day,27,Male,Car,52,No,No,No,Poor Weather Visibility,Low,0.0
ACC29815,17-09-2022,18:01,Kerala,Thiruvananthapuram,11.1448,75.7759,Village Road,Foggy,Dusk,36,Female,Car,50,No,No,Yes,Poor Weather Visibility,Medium,1.0
ACC29816,11-12-2022,08:23,Karnataka,Bengaluru Urban,14.7579,76.3347,Expressway,Clear,Day,23,Male,Bike,78,No,No,No,Over Speeding,High,3.0
ACC29817,12-01-2023,23:57,Telangana,Warangal,17.4825,79.1511,City Road,Cloudy,Night,21,Male,Auto,36,No,No,No,Poor Weather Visibility,Medium,3.0
ACC29818,18-01-2023,10:22,Puducherry,Karaikal,11.7598,79.8486,State Highway,Clear,Day,40,Male,Bike,79,No,No,No,Over Speeding,Medium,7.0
ACC29819,22-06-2024,14:15,Kerala,Thrissur,10.0379,76.7229,National Highway,Cloudy,Day,55,Female,Car,75,No,No,No,Over Speeding,Medium,4.0
ACC29820,17-07-2024,11:38,Puducherry,Puducherry,12.0571,80.1762,City Road,Clear,Day,49,Male,Car,50,No,No,No,Signal Jumping,Low,0.0
ACC29821,25-01-2022,21:29,Telangana,Warangal,17.8489,79.5115,National Highway,Clear,Night,18,Male,Car,86,Yes,Yes,No,Over Speeding,High,12.0
ACC29822,02-02-2023,13:15,Kerala,Thiruvananthapuram,9.9644,76.3007,Expressway,Clear,Day,42,Female,Car,98,No,No,No,Over Speeding,Medium,3.0
ACC29823,21-04-2024,19:12,Tamil Nadu,Madurai,11.4878,79.0555,Expressway,Overcast,Night,41,Female,Car,66,No,No,No,Poor Weather Visibility,Medium,4.0
ACC29824,29-05-2023,20:13,Karnataka,Belagavi,15.7052,76.3894,National Highway,Clear,Night,53,Female,Auto,82,No,No,No,Over Speeding,High,9.0
ACC29825,02-12-2022,14:25,Kerala,Thrissur,9.9554,76.3147,National Highway,Rainy,Day,18,Male,Car,61,No,No,No,Poor Weather Visibility,Medium,
ACC29826,23-08-2022,19:18,Tamil Nadu,Coimbatore,10.7933,78.3302,Village Road,Cloudy,Night,18,Female,Auto,50,Yes,No,No,Drunk Driving,High,4.0
ACC29827,11-01-2024,14:57,Tamil Nadu,Tiruchirappalli,10.2461,78.425,National Highway,Clear,Day,29,Female,Bus,68,Yes,No,No,Drunk Driving,Medium,3.0
ACC29828,03-01-2023,07:23,Tamil Nadu,Salem,11.6488,78.5243,National Highway,Clear,Day,40,Male,Car,93,No,Yes,No,Over Speeding,High,5.0
ACC29829,20-04-2022,20:04,Tamil Nadu,Salem,11.1429,78.5123,City Road,Clear,Night,40,Male,Car,31,No,No,No,Signal Jumping,Low,1.0
ACC29830,07-07-2022,15:57,Telangana,Hyderabad,18.3709,79.0628,National Highway,Cloudy,Day,26,Male,Bus,62,No,No,No,Poor Weather Visibility,Low,1.0
ACC29831,11-01-2024,13:39,Telangana,Warangal,18.42,79.3257,National Highway,Clear,Day,37,Female,Car,60,No,No,No,Over Speeding,Medium,2.0
ACC29832,31-03-2024,20:13,Tamil Nadu,Coimbatore,11.2005,79.3658,Village Road,Cloudy,Night,21,Male,Car,31,No,No,No,Poor Weather Visibility,Low,0.0
ACC29833,30-07-2024,07:18,Andhra Pradesh,Nellore,16.0435,79.2004,State Highway,Cloudy,Day,32,Male,Bike,55,No,No,No,Poor Weather Visibility,Low,0.0
ACC29834,24-01-2022,14:28,Karnataka,Bengaluru Urban,15.5842,76.1208,City Road,Cloudy,Day,18,Male,Car,31,No,No,No,Poor Weather Visibility,Low,1.0
ACC29835,13-11-2023,11:31,Tamil Nadu,Chennai,10.419,78.1541,National Highway,Clear,Day,46,Female,Bike,75,No,No,No,Over Speeding,Medium,4.0
ACC29836,02-07-2022,22:11,Telangana,Hyderabad,18.4124,78.6568,City Road,Rainy,Night,30,Male,Bike,40,No,No,Yes,Poor Weather Visibility,Medium,1.0
ACC29837,09-08-2023,11:07,Andhra Pradesh,Visakhapatnam,15.7358,79.3543,Expressway,Clear,Day,47,Female,Bike,83,No,No,No,Over Speeding,Medium,2.0
ACC29838,10-01-2022,16:54,Andhra Pradesh,Nellore,15.7038,79.6032,State Highway,Clear,Day,58,Male,Car,67,No,No,No,Over Speeding,Low,1.0
ACC29839,24-09-2024,08:18,Tamil Nadu,Madurai,10.9638,78.1104,Expressway,Clear,Day,42,Male,Bike,83,No,No,No,Over Speeding,Low,0.0
ACC29840,30-12-2024,18:51,Kerala,Thiruvananthapuram,10.1967,76.2559,Village Road,Clear,Dusk,25,Male,Bike,51,No,No,Yes,Pothole/Bad Road,Medium,2.0
ACC29841,15-05-2024,23:48,Andhra Pradesh,Nellore,15.9796,79.594,City Road,Overcast,Night,18,Male,Car,42,No,No,Yes,Pothole/Bad Road,Medium,3.0
ACC29842,26-09-2022,19:01,Andhra Pradesh,Kurnool,15.637,79.2402,National Highway,Foggy,Night,18,Male,Bike,69,Yes,No,No,Poor Weather Visibility,High,4.0
ACC29843,07-11-2024,10:35,Telangana,Hyderabad,17.7143,79.1063,State Highway,Cloudy,Day,18,Male,Bike,53,No,No,No,Poor Weather Visibility,Medium,3.0
ACC29844,01-01-2024,06:28,Andhra Pradesh,Nellore,15.8039,79.9099,Expressway,Rainy,Day,48,Male,Auto,87,No,No,No,Poor Weather Visibility,High,10.0
ACC29845,16-04-2022,18:24,Tamil Nadu,Chennai,12.0999,77.9844,Village Road,Clear,Dusk,22,Female,Car,43,No,No,Yes,Pothole/Bad Road,Low,0.0
ACC29846,06-11-2023,19:50,Tamil Nadu,Tiruchirappalli,11.083,78.6478,National Highway,Clear,Night,38,Male,Truck,66,No,No,No,Signal Jumping,Medium,2.0
ACC29847,10-06-2024,21:34,Andhra Pradesh,Guntur,15.3196,79.6399,Village Road,Cloudy,Night,31,Male,Car,45,No,Yes,Yes,Drowsy Driving,Medium,2.0
ACC29848,13-10-2024,14:36,Kerala,Kozhikode,9.9287,76.027,City Road,Clear,Day,47,Male,Auto,48,No,No,No,Signal Jumping,Low,2.0
ACC29849,03-02-2024,11:38,Telangana,Warangal,17.3833,78.1694,City Road,Cloudy,Day,32,Male,Truck,47,No,No,No,Poor Weather Visibility,Low,2.0
ACC29850,25-06-2022,05:59,Kerala,Ernakulam,10.3609,76.4021,State Highway,Clear,Dawn,45,Male,Bike,58,No,No,No,Poor Weather Visibility,Low,2.0
ACC29851,20-03-2024,20:53,Andhra Pradesh,Vijayawada,17.0548,80.1537,Village Road,Overcast,Night,35,Female,Car,47,Yes,No,Yes,Drunk Driving,Medium,
ACC29852,08-08-2024,21:29,Telangana,Hyderabad,18.0067,78.0123,Village Road,Clear,Night,33,Male,Truck,38,No,No,Yes,Pothole/Bad Road,Low,0.0
ACC29853,03-07-2022,15:35,Tamil Nadu,Chennai,11.1531,78.3519,State Highway,Cloudy,Day,35,Male,Truck,81,No,Yes,No,Over Speeding,High,6.0
ACC29854,18-04-2023,14:21,Tamil Nadu,Salem,10.59,78.5414,Expressway,Clear,Day,22,Male,Bus,88,No,Yes,No,Over Speeding,Medium,1.0
ACC29855,14-11-2023,21:09,Puducherry,Puducherry,12.3615,80.3122,State Highway,Clear,Night,59,Male,Car,65,No,Yes,No,Drowsy Driving,Medium,4.0
ACC29856,08-03-2024,08:40,Andhra Pradesh,Guntur,15.8599,79.5403,Village Road,Clear,Day,44,Male,Car,47,No,No,No,Signal Jumping,Low,0.0
ACC29857,16-02-2023,17:14,Karnataka,Bengaluru Urban,14.2678,75.7848,State Highway,Clear,Dusk,39,Male,Bike,57,No,No,No,Signal Jumping,Low,0.0
ACC29858,13-03-2022,15:24,Andhra Pradesh,Nellore,16.1457,79.5075,National Highway,Cloudy,Day,48,Male,Bike,51,No,No,No,Poor Weather Visibility,Low,0.0
ACC29859,25-10-2023,21:58,Andhra Pradesh,Vijayawada,16.0145,80.2938,Village Road,Overcast,Night,24,Male,Auto,50,Yes,Yes,Yes,Drunk Driving,High,6.0
ACC29860,21-06-2022,23:11,Tamil Nadu,Madurai,11.2601,78.2754,Expressway,Cloudy,Night,42,Male,Car,80,No,No,No,Signal Jumping,Medium,2.0
ACC29861,23-10-2022,15:30,Telangana,Khammam,17.6271,78.864,Expressway,Overcast,Day,52,Male,Auto,96,No,No,No,Over Speeding,High,7.0
ACC29862,15-10-2024,19:54,Tamil Nadu,Madurai,10.5935,78.215,State Highway,Rainy,Night,43,Male,Truck,49,No,Yes,Yes,Poor Weather Visibility,Medium,3.0
ACC29863,30-05-2023,00:02,Telangana,Karimnagar,17.9929,78.8423,Expressway,Clear,Night,41,Male,Car,63,No,No,No,Over Speeding,Medium,0.0
ACC29864,08-05-2024,07:07,Tamil Nadu,Salem,10.4623,78.5707,Expressway,Overcast,Day,44,Male,Truck,78,No,No,No,Over Speeding,Medium,2.0
ACC29865,16-01-2023,21:18,Tamil Nadu,Coimbatore,10.7292,78.6848,City Road,Clear,Night,26,Female,Car,32,No,No,No,Signal Jumping,Low,2.0
ACC29866,02-03-2024,16:02,Karnataka,Hubballi,15.0234,75.0285,Village Road,Clear,Day,19,Male,Auto,50,No,No,Yes,Pothole/Bad Road,Low,0.0
ACC29867,21-04-2022,10:53,Andhra Pradesh,Guntur,15.0282,79.6921,State Highway,Clear,Day,33,Female,Car,68,No,No,Yes,Pothole/Bad Road,Low,0.0
ACC29868,03-07-2024,14:42,Kerala,Kozhikode,10.6245,76.8359,City Road,Overcast,Day,39,Female,Bike,37,No,No,Yes,Pothole/Bad Road,Low,0.0
ACC29869,25-05-2022,07:53,Telangana,Khammam,17.0044,78.726,Expressway,Rainy,Day,51,Female,Truck,74,No,No,No,Poor Weather Visibility,Medium,2.0
ACC29870,25-09-2023,15:11,Karnataka,Belagavi,16.2704,75.8531,State Highway,Clear,Day,37,Male,Bus,60,No,No,No,Signal Jumping,Low,0.0
ACC29871,14-12-2023,20:35,Tamil Nadu,Chennai,10.9755,78.5308,City Road,Rainy,Night,50,Male,Car,63,Yes,No,No,Poor Weather Visibility,Medium,3.0
ACC29872,14-11-2023,16:34,Telangana,Karimnagar,17.9426,79.0271,Village Road,Rainy,Day,33,Female,Bus,42,No,No,No,Poor Weather Visibility,Low,1.0
ACC29873,19-01-2024,20:18,Puducherry,Puducherry,11.4714,79.43,Village Road,Clear,Night,29,Male,Bike,25,No,No,No,Poor Weather Visibility,Low,2.0
ACC29874,19-12-2022,10:26,Telangana,Warangal,17.8789,78.8263,Expressway,Rainy,Day,47,Male,Bike,79,No,No,No,Poor Weather Visibility,Medium,2.0
ACC29875,27-08-2024,11:43,Tamil Nadu,Tiruchirappalli,11.0252,78.446,State Highway,Overcast,Day,18,Male,Bike,75,Yes,No,No,Drunk Driving,High,6.0
ACC29876,13-03-2023,14:20,Kerala,Kozhikode,10.6482,76.1286,City Road,Cloudy,Day,48,Male,Bike,42,No,No,No,Poor Weather Visibility,Low,1.0
ACC29877,11-05-2023,12:01,Tamil Nadu,Salem,11.9751,78.4098,State Highway,Clear,Day,43,Male,Auto,76,No,No,No,Over Speeding,Low,2.0
ACC29878,30-12-2022,12:23,Telangana,Hyderabad,17.3975,79.2483,Village Road,Rainy,Day,37,Male,Bike,43,No,No,No,Poor Weather Visibility,Medium,1.0
ACC29879,31-07-2022,15:24,Karnataka,Mangaluru,15.343,76.0615,National Highway,Rainy,Day,50,Male,Auto,88,No,No,No,Over Speeding,High,5.0
ACC29880,08-09-2023,19:17,Karnataka,Mysuru,15.2238,75.8561,City Road,Cloudy,Night,50,Male,Car,46,Yes,No,Yes,Drunk Driving,Medium,4.0
ACC29881,13-03-2022,22:49,Andhra Pradesh,Vijayawada,16.2211,79.8901,City Road,Cloudy,Night,49,Male,Auto,56,No,No,No,Poor Weather Visibility,Low,0.0
ACC29882,22-12-2023,08:24,Tamil Nadu,Tiruchirappalli,11.033,78.4741,City Road,Clear,Day,44,Male,Car,49,No,No,No,Signal Jumping,Low,1.0
ACC29883,16-01-2023,16:54,Andhra Pradesh,Kurnool,15.5589,79.7406,City Road,Clear,Day,62,Female,Bike,38,No,No,No,Signal Jumping,Low,0.0
ACC29884,06-04-2022,00:17,Tamil Nadu,Madurai,10.8346,78.1406,National Highway,Clear,Night,31,Male,Bus,65,No,No,Yes,Pothole/Bad Road,Medium,0.0
ACC29885,01-05-2022,13:30,Tamil Nadu,Chennai,10.9574,78.8322,City Road,Rainy,Day,33,Male,Bike,59,No,Yes,No,Poor Weather Visibility,Medium,1.0
ACC29886,25-05-2023,23:08,Karnataka,Mysuru,14.8664,76.0986,Expressway,Cloudy,Night,41,Female,Bus,83,No,Yes,No,Over Speeding,High,4.0
ACC29887,14-11-2022,11:28,Tamil Nadu,Salem,10.1678,78.7168,City Road,Clear,Day,18,Male,Car,71,No,No,No,Over Speeding,Medium,3.0
ACC29888,01-04-2023,17:44,Kerala,Thrissur,10.3833,76.0154,City Road,Clear,Dusk,38,Male,Bus,70,Yes,No,No,Drunk Driving,Medium,3.0
ACC29889,10-12-2023,09:07,Kerala,Kozhikode,10.7446,76.0839,City Road,Clear,Day,41,Male,Car,89,Yes,No,No,Over Speeding,High,6.0
ACC29890,09-05-2022,21:40,Tamil Nadu,Chennai,11.4829,78.6039,Village Road,Clear,Night,58,Male,Car,44,No,No,Yes,Pothole/Bad Road,Low,3.0
ACC29891,16-06-2024,13:45,Tamil Nadu,Madurai,10.8714,78.5224,City Road,Rainy,Day,41,Male,Car,57,Yes,No,Yes,Poor Weather Visibility,High,9.0
ACC29892,18-02-2022,10:49,Kerala,Ernakulam,11.0382,76.5838,Village Road,Cloudy,Day,46,Male,Car,18,No,No,Yes,Pothole/Bad Road,Low,1.0
ACC29893,06-10-2022,15:59,Andhra Pradesh,Guntur,15.8553,79.4798,Village Road,Overcast,Day,29,Male,Auto,48,No,No,Yes,Pothole/Bad Road,Low,2.0
ACC29894,17-09-2024,13:56,Karnataka,Bengaluru Urban,14.2948,75.5385,Village Road,Clear,Day,44,Female,Bike,52,No,No,No,Signal Jumping,Low,
ACC29895,25-09-2024,14:06,Andhra Pradesh,Visakhapatnam,16.0911,80.191,City Road,Cloudy,Day,51,Male,Auto,43,No,No,Yes,Pothole/Bad Road,Medium,2.0
ACC29896,11-11-2024,15:58,Karnataka,Hubballi,15.6084,75.5493,Village Road,Cloudy,Day,32,Female,Bike,16,No,Yes,No,Drowsy Driving,Low,0.0
ACC29897,20-04-2022,08:31,Telangana,Hyderabad,17.7735,79.3359,Expressway,Clear,Day,52,Female,Car,105,No,No,No,Over Speeding,Medium,
ACC29898,27-08-2023,08:04,Kerala,Ernakulam,10.453,76.3302,State Highway,Rainy,Day,18,Female,Truck,80,No,No,No,Poor Weather Visibility,High,5.0
ACC29899,22-09-2024,13:32,Karnataka,Belagavi,14.7693,76.049,Village Road,Clear,Day,54,Male,Bike,27,No,No,Yes,Signal Jumping,Low,2.0
ACC29900,05-07-2023,00:52,Andhra Pradesh,Guntur,15.7387,79.0772,Village Road,Cloudy,Night,40,Male,Auto,45,Yes,No,No,Drunk Driving,Medium,4.0
ACC29901,14-07-2022,11:08,Tamil Nadu,Tiruchirappalli,10.9128,78.4078,Expressway,Clear,Day,32,Male,Bus,79,No,No,No,Over Speeding,High,8.0
ACC29902,21-08-2024,22:43,Telangana,Warangal,18.1601,78.9556,Village Road,Cloudy,Night,34,Male,Auto,59,No,No,Yes,Pothole/Bad Road,Medium,1.0
ACC29903,08-03-2024,12:06,Karnataka,Hubballi,15.132,74.9542,National Highway,Rainy,Day,25,Female,Car,53,No,No,No,Poor Weather Visibility,Low,1.0
ACC29904,20-09-2023,22:50,Karnataka,Hubballi,15.6402,75.4352,Village Road,Clear,Night,18,Female,Car,29,No,No,No,Poor Weather Visibility,Low,0.0
ACC29905,21-11-2022,17:04,Karnataka,Hubballi,14.9221,75.6508,Village Road,Clear,Dusk,49,Male,Bike,52,No,No,No,Signal Jumping,Low,1.0
ACC29906,08-03-2023,13:39,Kerala,Ernakulam,10.4494,76.2313,State Highway,Clear,Day,25,Male,Bus,68,No,No,No,Over Speeding,Low,1.0
ACC29907,01-06-2024,13:40,Andhra Pradesh,Visakhapatnam,15.9416,79.6886,State Highway,Clear,Day,23,Male,Bike,68,No,No,Yes,Pothole/Bad Road,High,6.0
ACC29908,06-11-2024,08:37,Tamil Nadu,Madurai,11.0615,79.1292,State Highway,Clear,Day,31,Female,Bike,77,No,Yes,Yes,Drowsy Driving,Medium,5.0
ACC29909,09-03-2024,20:58,Kerala,Thiruvananthapuram,10.5006,75.9737,Village Road,Foggy,Night,51,Male,Bike,42,No,No,No,Poor Weather Visibility,Medium,1.0
ACC29910,10-05-2023,16:02,Kerala,Ernakulam,10.1942,75.8226,City Road,Clear,Day,19,Female,Auto,29,No,No,Yes,Pothole/Bad Road,Low,1.0
ACC29911,14-07-2024,18:16,Kerala,Thrissur,10.7047,76.7582,National Highway,Overcast,Dusk,30,Male,Auto,46,No,No,No,Poor Weather Visibility,Low,3.0
ACC29912,08-09-2022,09:08,Tamil Nadu,Chennai,11.1614,78.3328,City Road,Cloudy,Day,65,Male,Auto,62,No,No,No,Signal Jumping,Medium,5.0
ACC29913,12-12-2022,21:14,Tamil Nadu,Chennai,11.604,78.3425,National Highway,Clear,Night,40,Male,Bike,68,No,No,No,Over Speeding,Medium,2.0
ACC29914,13-02-2023,15:00,Andhra Pradesh,Vijayawada,15.4077,79.3242,Expressway,Clear,Day,44,Female,Bike,77,No,No,No,Over Speeding,Medium,2.0
ACC29915,20-06-2023,06:41,Tamil Nadu,Tiruchirappalli,11.0055,78.8128,City Road,Rainy,Day,26,Female,Bike,37,No,No,No,Poor Weather Visibility,Low,2.0
ACC29916,17-01-2022,17:49,Tamil Nadu,Madurai,11.2573,78.3172,Expressway,Clear,Dusk,26,Male,Auto,82,No,No,No,Over Speeding,Medium,3.0
ACC29917,06-05-2023,13:47,Kerala,Kollam,10.3248,76.2638,City Road,Clear,Day,56,Male,Auto,37,No,No,No,Poor Weather Visibility,Low,2.0
ACC29918,21-10-2023,15:05,Telangana,Khammam,17.9668,79.7399,Village Road,Cloudy,Day,28,Male,Car,39,No,No,No,Poor Weather Visibility,Low,0.0
ACC29919,01-02-2024,11:37,Karnataka,Hubballi,15.8106,75.4482,Expressway,Rainy,Day,28,Male,Car,82,No,No,Yes,Poor Weather Visibility,High,