Accident_ID,Date,Time,State,District,Latitude,Longitude,Road_Type,Weather,Light_Condition,Driver_Age,Driver_Gender,Vehicle_Type,Speed_kmph,Alcohol_Involved,Driver_Drowsy,Pothole_Involved,Cause_of_Accident,Severity,Casualties
ACC29920,07-02-2022,16:28,Kerala,Ernakulam,10.1393,76.5736,National Highway,Rainy,Day,46,Male,Car,66,No,No,Yes,Poor Weather Visibility,High,5.0
ACC29921,15-07-2024,11:32,Tamil Nadu,Coimbatore,11.8618,78.9553,City Road,Overcast,Day,34,Female,Bike,55,No,No,Yes,Pothole/Bad Road,Low,3.0
ACC29922,14-06-2023,04:29,Tamil Nadu,Tiruchirappalli,10.9764,78.1987,City Road,Clear,Night,41,Male,Car,41,No,No,Yes,Pothole/Bad Road,Low,2.0
ACC29923,28-08-2022,10:09,Telangana,Nizamabad,18.1599,79.1696,City Road,Rainy,Day,33,Female,Bus,58,No,No,No,Poor Weather Visibility,Medium,7.0
ACC29924,22-07-2024,07:37,Andhra Pradesh,Visakhapatnam,15.4394,79.0572,State Highway,Clear,Day,50,Male,Truck,53,No,No,No,Signal Jumping,Low,0.0
ACC29925,16-07-2023,16:44,Andhra Pradesh,Vijayawada,15.4685,79.8095,State Highway,Cloudy,Day,62,Male,Car,52,No,No,No,Poor Weather Visibility,Low,0.0
ACC29926,12-04-2022,16:53,Kerala,Kollam,10.1133,76.9336,Expressway,Clear,Day,35,Male,Bike,73,No,No,No,Over Speeding,Low,1.0
ACC29927,28-01-2024,17:38,Karnataka,Belagavi,16.3308,75.9281,City Road,Clear,Dusk,39,Male,Bike,40,No,No,No,Signal Jumping,Low,2.0
ACC29928,17-08-2022,07:16,Karnataka,Hubballi,15.6225,75.971,City Road,Clear,Day,42,Male,Auto,47,No,No,No,Signal Jumping,Low,0.0
ACC29929,03-05-2022,12:12,Karnataka,Hubballi,15.8825,74.8593,National Highway,Cloudy,Day,43,Male,Car,68,No,No,No,Poor Weather Visibility,Medium,2.0
ACC29930,01-06-2022,21:42,Tamil Nadu,Tiruchirappalli,11.5428,78.7302,Expressway,Foggy,Night,18,Male,Auto,92,No,No,No,Poor Weather Visibility,High,6.0
ACC29931,08-06-2022,08:46,Kerala,Kollam,10.8239,76.2374,Village Road,Rainy,Day,22,Female,Bike,31,No,No,No,Poor Weather Visibility,Low,3.0
ACC29932,30-10-2024,08:51,Karnataka,Mangaluru,15.9927,75.988,State Highway,Rainy,Day,65,Female,Bike,53,No,No,Yes,Poor Weather Visibility,Medium,2.0
ACC29933,25-09-2022,19:07,Kerala,Ernakulam,9.8986,76.7074,National Highway,Overcast,Night,28,Male,Bike,73,Yes,No,No,Drunk Driving,High,7.0
ACC29934,12-02-2022,08:40,Puducherry,Puducherry,11.4761,79.9845,City Road,Clear,Day,37,Male,Car,60,Yes,No,No,Drunk Driving,Medium,7.0
ACC29935,25-02-2024,22:08,Andhra Pradesh,Visakhapatnam,16.0582,79.506,State Highway,Clear,Night,36,Female,Bike,58,No,No,No,Signal Jumping,Medium,
ACC29936,03-06-2022,19:35,Telangana,Warangal,17.1663,79.2792,Village Road,Cloudy,Night,57,Male,Bike,45,No,No,Yes,Pothole/Bad Road,Medium,
ACC29937,24-06-2022,18:06,Karnataka,Bengaluru Urban,15.4583,75.2887,State Highway,Cloudy,Dusk,27,Male,Bike,79,No,No,No,Over Speeding,Medium,2.0
ACC29938,26-03-2022,16:23,Karnataka,Mangaluru,14.8858,76.2621,City Road,Clear,Day,41,Male,Bike,35,No,No,No,Signal Jumping,Low,2.0
ACC29939,29-08-2024,12:03,Telangana,Khammam,18.194,79.0105,State Highway,Cloudy,Day,21,Male,Bike,65,No,No,No,Poor Weather Visibility,Low,0.0
ACC29940,20-07-2024,17:11,Puducherry,Karaikal,11.67,79.7142,City Road,Rainy,Dusk,63,Male,Bike,47,No,No,No,Poor Weather Visibility,Low,0.0
ACC29941,20-01-2023,00:24,Tamil Nadu,Salem,11.2506,79.323,National Highway,Cloudy,Night,55,Male,Car,59,No,No,No,Poor Weather Visibility,Medium,3.0
ACC29942,05-07-2023,17:16,Kerala,Thrissur,10.2988,76.7433,City Road,Rainy,Dusk,34,Male,Bike,52,No,No,No,Poor Weather Visibility,Low,0.0
ACC29943,20-07-2022,15:00,Telangana,Karimnagar,17.7248,79.7347,State Highway,Clear,Day,18,Male,Bus,47,No,No,Yes,Pothole/Bad Road,Low,0.0
ACC29944,13-02-2023,13:50,Andhra Pradesh,Kurnool,16.5486,79.4693,National Highway,Clear,Day,20,Male,Bus,67,No,Yes,No,Drowsy Driving,Medium,1.0
ACC29945,18-01-2022,18:48,Andhra Pradesh,Visakhapatnam,16.0132,80.2246,State Highway,Clear,Dusk,18,Male,Bike,56,No,No,Yes,Pothole/Bad Road,Medium,2.0
ACC29946,03-01-2023,22:53,Andhra Pradesh,Visakhapatnam,15.7538,79.8484,Village Road,Clear,Night,21,Male,Auto,64,Yes,No,No,Drunk Driving,High,5.0
ACC29947,12-07-2022,19:36,Karnataka,Belagavi,16.1476,75.2076,Village Road,Cloudy,Night,45,Female,Bike,31,No,Yes,Yes,Drowsy Driving,Medium,3.0
ACC29948,02-01-2024,19:54,Andhra Pradesh,Visakhapatnam,15.5094,79.7743,State Highway,Foggy,Night,59,Male,Bike,65,No,No,No,Poor Weather Visibility,High,6.0
ACC29949,08-05-2024,02:00,Tamil Nadu,Tiruchirappalli,11.3077,78.9148,City Road,Overcast,Night,39,Male,Bike,24,No,No,No,Poor Weather Visibility,Low,0.0
ACC29950,06-12-2023,05:15,Tamil Nadu,Salem,11.3816,78.617,Village Road,Clear,Dawn,46,Male,Bike,34,No,No,No,Poor Weather Visibility,Low,1.0
ACC29951,10-03-2022,19:43,Tamil Nadu,Coimbatore,11.3236,78.5757,National Highway,Rainy,Night,24,Male,Bike,84,No,No,No,Poor Weather Visibility,High,10.0
ACC29952,10-11-2023,15:01,Tamil Nadu,Coimbatore,11.4592,78.3614,National Highway,Cloudy,Day,34,Male,Bike,83,No,No,Yes,Over Speeding,Medium,2.0
ACC29953,02-06-2024,16:59,Andhra Pradesh,Nellore,16.1827,78.905,City Road,Clear,Day,36,Male,Bus,51,No,No,No,Signal Jumping,Low,3.0
ACC29954,29-04-2023,18:06,Telangana,Hyderabad,17.472,79.4527,National Highway,Clear,Dusk,35,Male,Car,59,No,No,No,Signal Jumping,Low,2.0
ACC29955,03-06-2022,13:53,Tamil Nadu,Salem,10.8212,78.1826,Expressway,Clear,Day,31,Male,Auto,87,No,No,Yes,Over Speeding,Medium,4.0
ACC29956,28-04-2022,08:31,Andhra Pradesh,Nellore,15.2272,80.0469,City Road,Rainy,Day,41,Male,Bike,33,No,No,Yes,Poor Weather Visibility,Low,0.0
ACC29957,04-09-2022,19:23,Tamil Nadu,Chennai,11.1099,78.6005,Village Road,Rainy,Night,59,Male,Bike,41,No,Yes,No,Poor Weather Visibility,Medium,1.0
ACC29958,01-02-2022,08:07,Karnataka,Bengaluru Urban,15.7537,75.5798,National Highway,Clear,Day,50,Male,Bus,77,No,No,No,Over Speeding,Low,0.0
ACC29959,12-02-2023,20:05,Telangana,Karimnagar,17.2653,78.8701,Village Road,Rainy,Night,35,Male,Bike,36,No,No,Yes,Poor Weather Visibility,Medium,4.0
ACC29960,07-09-2022,08:32,Telangana,Nizamabad,18.1365,78.8697,City Road,Rainy,Day,55,Female,Car,53,No,No,No,Poor Weather Visibility,Low,2.0
ACC29961,10-05-2023,16:17,Karnataka,Bengaluru Urban,15.0949,75.7649,State Highway,Cloudy,Day,49,Male,Bike,63,No,No,No,Poor Weather Visibility,Medium,3.0
ACC29962,24-11-2024,13:33,Tamil Nadu,Madurai,11.0871,78.5183,State Highway,Clear,Day,29,Male,Auto,50,No,No,No,Signal Jumping,Low,0.0
ACC29963,17-06-2022,17:24,Telangana,Warangal,18.4001,78.8765,National Highway,Rainy,Dusk,52,Male,Car,64,No,No,No,Poor Weather Visibility,Medium,4.0
ACC29964,08-08-2024,19:44,Telangana,Khammam,18.0167,78.5671,City Road,Clear,Night,18,Female,Car,44,No,Yes,Yes,Drowsy Driving,Low,0.0
ACC29965,21-11-2024,11:18,Kerala,Thrissur,9.8305,76.5037,Expressway,Overcast,Day,33,Male,Auto,55,No,No,No,Poor Weather Visibility,Low,1.0
ACC29966,05-02-2022,06:24,Tamil Nadu,Tiruchirappalli,11.202,78.8733,State Highway,Rainy,Day,43,Female,Car,37,No,No,Yes,Poor Weather Visibility,Low,0.0
ACC29967,25-09-2022,07:39,Karnataka,Mysuru,15.5808,75.4744,Village Road,Rainy,Day,47,Male,Bike,32,No,Yes,No,Poor Weather Visibility,Low,0.0
ACC29968,19-12-2023,18:20,Tamil Nadu,Salem,11.2633,78.6348,Village Road,Cloudy,Dusk,48,Female,Car,47,No,No,No,Poor Weather Visibility,Low,1.0
ACC29969,07-04-2023,09:42,Tamil Nadu,Salem,10.4696,78.7626,City Road,Cloudy,Day,30,Male,Auto,64,No,No,No,Poor Weather Visibility,Low,1.0
ACC29970,28-12-2023,16:32,Telangana,Hyderabad,17.9026,79.1029,City Road,Clear,Day,37,Male,Bike,40,No,No,No,Signal Jumping,Low,1.0
ACC29971,14-02-2022,15:43,Tamil Nadu,Chennai,11.4499,79.1109,National Highway,Clear,Day,31,Female,Bike,110,Yes,No,Yes,Over Speeding,High,2.0
ACC29972,21-11-2022,18:26,Telangana,Nizamabad,17.6524,79.5527,Expressway,Clear,Dusk,25,Male,Car,71,No,No,No,Over Speeding,Medium,2.0
ACC29973,29-08-2024,20:46,Tamil Nadu,Madurai,11.0121,79.0423,City Road,Clear,Night,35,Male,Bike,33,No,No,No,Signal Jumping,Low,1.0
ACC29974,14-07-2023,17:52,Puducherry,Karaikal,12.8612,79.8413,City Road,Cloudy,Dusk,24,Female,Car,57,No,No,No,Poor Weather Visibility,Low,0.0
ACC29975,17-10-2024,08:03,Karnataka,Belagavi,15.477,75.7554,Expressway,Clear,Day,47,Male,Car,76,No,No,No,Over Speeding,Medium,2.0
ACC29976,17-11-2024,07:54,Tamil Nadu,Chennai,10.7349,78.461,National Highway,Cloudy,Day,39,Female,Truck,80,Yes,No,No,Drunk Driving,High,9.0
ACC29977,20-11-2024,19:22,Tamil Nadu,Chennai,10.7839,79.4843,City Road,Clear,Night,42,Male,Bike,18,No,No,Yes,Pothole/Bad Road,Low,1.0
ACC29978,08-08-2023,19:35,Karnataka,Mysuru,15.0614,75.6127,City Road,Clear,Night,23,Male,Auto,64,Yes,No,Yes,Drunk Driving,Medium,6.0
ACC29979,11-12-2024,08:35,Kerala,Ernakulam,10.6207,76.5559,National Highway,Clear,Day,52,Female,Car,59,No,No,No,Signal Jumping,Medium,1.0
ACC29980,09-08-2024,15:15,Tamil Nadu,Tiruchirappalli,11.4077,79.2015,Expressway,Clear,Day,33,Male,Bike,92,No,No,No,Over Speeding,Medium,1.0
ACC29981,04-10-2024,02:06,Tamil Nadu,Tiruchirappalli,11.2424,79.1405,State Highway,Cloudy,Night,31,Male,Car,58,No,No,Yes,Pothole/Bad Road,Medium,1.0
ACC29982,07-06-2023,21:07,Karnataka,Belagavi,15.1369,76.2249,City Road,Clear,Night,33,Male,Car,67,No,Yes,No,Drowsy Driving,Low,2.0
ACC29983,10-02-2023,22:15,Tamil Nadu,Tiruchirappalli,11.4784,78.2915,City Road,Rainy,Night,27,Male,Car,27,No,No,No,Poor Weather Visibility,Low,0.0
ACC29984,08-07-2023,20:30,Andhra Pradesh,Guntur,15.3659,79.602,State Highway,Clear,Night,31,Male,Bike,56,Yes,No,No,Drunk Driving,Medium,4.0
ACC29985,19-03-2023,16:42,Tamil Nadu,Coimbatore,10.9718,78.2817,Village Road,Clear,Day,27,Female,Car,65,No,Yes,Yes,Drowsy Driving,Medium,1.0
ACC29986,26-12-2023,08:54,Telangana,Khammam,17.958,79.568,Village Road,Clear,Day,33,Female,Car,25,No,No,Yes,Pothole/Bad Road,Low,0.0
ACC29987,06-12-2022,16:39,Telangana,Karimnagar,17.4244,79.0872,Village Road,Cloudy,Day,19,Male,Bike,48,No,No,Yes,Pothole/Bad Road,Medium,4.0
ACC29988,14-02-2024,21:02,Andhra Pradesh,Vijayawada,15.7251,79.7151,State Highway,Rainy,Night,62,Male,Auto,68,Yes,No,No,Poor Weather Visibility,High,3.0
ACC29989,07-02-2024,20:40,Puducherry,Puducherry,12.1497,79.4379,State Highway,Clear,Night,30,Female,Car,71,Yes,No,No,Drunk Driving,Medium,8.0
ACC29990,27-04-2023,00:26,Andhra Pradesh,Guntur,16.6613,79.8736,City Road,Clear,Night,62,Male,Auto,48,No,Yes,Yes,Drowsy Driving,Medium,2.0
ACC29991,29-04-2024,21:16,Andhra Pradesh,Kurnool,16.755,79.8316,Village Road,Clear,Night,32,Male,Bike,39,No,Yes,No,Drowsy Driving,Low,1.0
ACC29992,22-04-2022,15:15,Tamil Nadu,Madurai,11.0654,79.7227,Village Road,Overcast,Day,28,Male,Bike,25,No,No,No,Poor Weather Visibility,Low,2.0
ACC29993,13-10-2022,13:41,Telangana,Khammam,17.7754,79.4214,State Highway,Clear,Day,42,Female,Bus,59,No,No,No,Over Speeding,Low,0.0
ACC29994,21-05-2023,00:16,Karnataka,Mysuru,15.3354,75.6211,State Highway,Clear,Night,33,Male,Car,71,No,Yes,No,Drowsy Driving,Medium,1.0
ACC29995,09-08-2023,10:03,Karnataka,Mangaluru,15.3375,75.3655,Village Road,Clear,Day,27,Male,Truck,41,No,No,No,Poor Weather Visibility,Low,1.0
ACC29996,26-05-2023,07:00,Telangana,Karimnagar,17.4539,79.3836,Expressway,Rainy,Day,33,Male,Truck,79,No,No,No,Poor Weather Visibility,High,6.0
ACC29997,03-05-2023,04:06,Telangana,Warangal,18.2532,78.8383,National Highway,Rainy,Night,45,Female,Auto,79,Yes,Yes,No,Poor Weather Visibility,High,4.0
ACC29998,22-01-2023,20:09,Kerala,Kozhikode,10.1947,76.128,National Highway,Rainy,Night,28,Male,Auto,84,No,No,Yes,Poor Weather Visibility,High,7.0
ACC29999,13-01-2022,04:17,Tamil Nadu,Chennai,10.6848,79.1575,Expressway,Clear,Night,30,Male,Car,91,Yes,No,No,Over Speeding,High,8.0
ACC30000,13-07-2022,23:34,Telangana,Karimnagar,17.6139,78.504,National Highway,Rainy,Night,22,Male,Bus,69,No,No,No,Poor Weather Visibility,High,3.0
ACC30001,22-05-2023,17:54,Tamil Nadu,Madurai,10.442,78.5238,State Highway,Cloudy,Dusk,54,Male,Bike,67,No,No,No,Poor Weather Visibility,Medium,2.0
ACC30002,21-06-2022,21:13,Telangana,Hyderabad,17.9108,79.2259,City Road,Rainy,Night,18,Male,Truck,31,Yes,No,No,Poor Weather Visibility,Low,3.0
ACC30003,26-01-2022,19:42,Andhra Pradesh,Nellore,15.7621,79.2683,City Road,Clear,Night,48,Male,Bike,65,Yes,Yes,Yes,Drunk Driving,High,6.0
ACC30004,12-09-2024,09:01,Telangana,Warangal,18.2614,78.8387,City Road,Clear,Day,43,Male,Bike,43,No,No,Yes,Pothole/Bad Road,Low,
ACC30005,25-04-2024,17:14,Tamil Nadu,Coimbatore,11.5541,78.7359,Village Road,Clear,Dusk,33,Male,Truck,49,No,Yes,No,Drowsy Driving,Medium,2.0
ACC30006,28-05-2022,11:00,Telangana,Warangal,17.6356,79.1117,National Highway,Rainy,Day,27,Male,Car,85,No,No,No,Poor Weather Visibility,High,4.0
ACC30007,30-03-2024,04:07,Karnataka,Belagavi,15.7493,75.8839,National Highway,Cloudy,Night,32,Female,Truck,66,No,Yes,No,Drowsy Driving,High,6.0
ACC30008,20-05-2023,07:40,Telangana,Nizamabad,17.4831,79.0556,State Highway,Cloudy,Day,20,Female,Bike,74,No,No,No,Over Speeding,Medium,0.0
ACC30009,07-06-2023,18:37,Andhra Pradesh,Nellore,15.902,79.648,Expressway,Rainy,Dusk,52,Male,Car,81,No,No,Yes,Poor Weather Visibility,Medium,1.0
ACC30010,28-07-2024,14:51,Puducherry,Puducherry,11.9812,79.7283,City Road,Overcast,Day,24,Male,Bike,62,No,No,No,Signal Jumping,Low,1.0
ACC30011,01-06-2022,08:30,Telangana,Hyderabad,18.0222,78.868,City Road,Clear,Day,53,Female,Bike,39,No,No,No,Signal Jumping,Low,1.0
ACC30012,21-10-2024,15:05,Tamil Nadu,Chennai,11.723,78.7649,City Road,Clear,Day,45,Male,Bike,35,No,No,No,Signal Jumping,Low,0.0
ACC30013,19-05-2022,06:44,Kerala,Ernakulam,10.4263,76.278,National Highway,Clear,Day,18,Male,Car,73,Yes,No,No,Drunk Driving,Medium,2.0
ACC30014,01-11-2024,16:33,Kerala,Thrissur,10.4619,76.2009,National Highway,Clear,Day,49,Male,Bike,72,No,No,No,Over Speeding,Medium,4.0
ACC30015,04-02-2024,21:34,Puducherry,Puducherry,11.4356,81.2499,State Highway,Clear,Night,31,Male,Truck,67,No,No,No,Over Speeding,Medium,2.0
ACC30016,19-04-2022,18:17,Telangana,Nizamabad,18.3483,78.9689,Village Road,Cloudy,Dusk,18,Male,Bike,27,No,No,Yes,Pothole/Bad Road,Low,0.0
ACC30017,18-10-2024,15:34,Kerala,Kollam,10.342,76.7054,City Road,Cloudy,Day,18,Male,Bike,45,No,No,No,Poor Weather Visibility,Low,1.0
ACC30018,30-05-2023,01:21,Telangana,Khammam,17.9943,78.8223,State Highway,Clear,Night,38,Male,Bike,68,No,No,No,Over Speeding,Medium,5.0
ACC30019,20-09-2022,20:56,Telangana,Khammam,18.3255,79.2622,Village Road,Cloudy,Night,38,Female,Car,52,No,Yes,No,Drowsy Driving,Medium,6.0
ACC30020,04-02-2023,15:16,Telangana,Nizamabad,17.5234,78.6317,City Road,Clear,Day,46,Male,Car,57,Yes,No,No,Drunk Driving,Low,0.0
ACC30021,17-10-2023,12:14,Tamil Nadu,Madurai,10.7446,78.3066,National Highway,Foggy,Day,45,Male,Bike,54,No,No,No,Poor Weather Visibility,High,6.0
ACC30022,14-09-2022,15:33,Tamil Nadu,Coimbatore,10.8147,78.1663,City Road,Cloudy,Day,29,Male,Car,49,No,No,No,Poor Weather Visibility,Low,0.0
ACC30023,12-06-2024,16:16,Karnataka,Mangaluru,15.0228,75.6942,State Highway,Overcast,Day,31,Male,Bike,50,No,No,No,Signal Jumping,Low,0.0
ACC30024,03-11-2023,09:14,Kerala,Thrissur,10.7937,76.5602,State Highway,Clear,Day,48,Female,Auto,72,No,No,No,Over Speeding,Medium,3.0
ACC30025,28-09-2022,08:23,Kerala,Ernakulam,10.4555,76.2165,City Road,Rainy,Day,25,Male,Car,42,No,No,Yes,Poor Weather Visibility,Low,1.0
ACC30026,21-11-2023,12:29,Karnataka,Mysuru,15.3055,75.8004,State Highway,Clear,Day,45,Male,Truck,36,No,No,Yes,Pothole/Bad Road,Low,0.0
ACC30027,26-06-2023,10:09,Karnataka,Belagavi,14.9984,75.2505,National Highway,Clear,Day,53,Male,Auto,84,Yes,No,No,Drunk Driving,High,4.0
ACC30028,25-09-2024,19:47,Kerala,Kozhikode,10.5939,76.5104,City Road,Clear,Night,55,Male,Car,37,No,No,Yes,Pothole/Bad Road,Low,2.0
ACC30029,28-04-2023,09:54,Tamil Nadu,Tiruchirappalli,10.7234,79.0328,City Road,Rainy,Day,36,Male,Auto,54,No,No,No,Poor Weather Visibility,Low,0.0
ACC30030,05-04-2023,20:06,Kerala,Thrissur,10.0994,76.2085,National Highway,Cloudy,Night,62,Male,Bike,50,No,No,No,Signal Jumping,Medium,2.0
ACC30031,18-03-2024,17:11,Karnataka,Belagavi,14.5278,76.4347,City Road,Rainy,Dusk,36,Male,Bike,53,No,No,Yes,Poor Weather Visibility,Medium,4.0
ACC30032,20-10-2022,10:29,Tamil Nadu,Madurai,10.6547,78.4188,State Highway,Rainy,Day,32,Male,Auto,85,No,No,Yes,Poor Weather Visibility,High,1.0
ACC30033,09-01-2023,22:57,Tamil Nadu,Tiruchirappalli,11.4194,78.7457,Expressway,Cloudy,Night,38,Male,Bike,75,No,No,No,Over Speeding,Medium,1.0
ACC30034,23-06-2024,07:06,Tamil Nadu,Tiruchirappalli,11.5529,79.0838,Village Road,Clear,Day,35,Male,Bike,47,No,No,Yes,Pothole/Bad Road,Low,0.0
ACC30035,27-01-2023,14:18,Tamil Nadu,Tiruchirappalli,10.5918,79.041,National Highway,Clear,Day,41,Male,Auto,60,No,No,No,Signal Jumping,Low,0.0
ACC30036,09-11-2022,15:26,Karnataka,Mysuru,15.8244,75.5902,National Highway,Clear,Day,34,Male,Car,81,No,No,Yes,Over Speeding,High,8.0
ACC30037,09-07-2023,00:25,Andhra Pradesh,Guntur,16.2161,79.6241,National Highway,Clear,Night,42,Male,Truck,88,No,No,No,Over Speeding,High,5.0
ACC30038,25-02-2024,09:50,Andhra Pradesh,Nellore,16.0605,79.9301,State Highway,Cloudy,Day,18,Male,Car,59,No,No,No,Poor Weather Visibility,Low,0.0
ACC30039,20-02-2022,09:52,Andhra Pradesh,Vijayawada,15.4561,80.2734,National Highway,Rainy,Day,22,Male,Auto,75,Yes,No,Yes,Poor Weather Visibility,High,6.0
ACC30040,27-10-2023,19:09,Kerala,Ernakulam,11.3235,76.213,City Road,Overcast,Night,37,Male,Car,40,No,No,No,Poor Weather Visibility,Low,0.0
ACC30041,30-03-2023,00:37,Karnataka,Belagavi,14.9869,76.0197,Expressway,Cloudy,Night,39,Male,Car,83,No,No,No,Over Speeding,High,6.0
ACC30042,03-08-2023,20:41,Telangana,Khammam,17.2177,78.0499,Expressway,Rainy,Night,36,Female,Bike,91,Yes,Yes,Yes,Over Speeding,High,4.0
ACC30043,18-05-2022,15:35,Telangana,Karimnagar,18.2664,78.6024,Village Road,Rainy,Day,46,Male,Car,41,No,Yes,No,Poor Weather Visibility,Low,1.0
ACC30044,29-08-2024,00:02,Tamil Nadu,Salem,11.1517,78.9338,Village Road,Rainy,Night,27,Male,Bike,46,No,No,Yes,Poor Weather Visibility,Medium,5.0
ACC30045,19-10-2024,22:24,Kerala,Kozhikode,10.0198,76.8172,City Road,Clear,Night,35,Male,Car,67,No,Yes,Yes,Drowsy Driving,High,5.0
ACC30046,21-03-2024,09:40,Karnataka,Mangaluru,15.1383,75.4807,City Road,Clear,Day,32,Male,Bike,42,No,No,No,Signal Jumping,Low,2.0
ACC30047,27-02-2024,18:26,Puducherry,Karaikal,11.7951,79.3516,City Road,Cloudy,Dusk,35,Male,Car,70,Yes,No,Yes,Drunk Driving,High,2.0
ACC30048,23-12-2023,06:19,Andhra Pradesh,Nellore,15.7126,79.3151,City Road,Clear,Day,47,Male,Car,51,Yes,No,Yes,Drunk Driving,Low,4.0
ACC30049,13-12-2023,16:08,Kerala,Kozhikode,9.8008,75.7442,City Road,Rainy,Day,43,Male,Car,55,No,No,No,Poor Weather Visibility,Low,1.0
ACC30050,21-11-2024,08:04,Tamil Nadu,Coimbatore,11.3307,78.9974,State Highway,Clear,Day,47,Male,Bike,69,No,No,No,Over Speeding,Medium,1.0
ACC30051,06-11-2022,04:21,Puducherry,Karaikal,11.8857,79.6842,National Highway,Clear,Night,47,Female,Car,60,No,No,No,Over Speeding,Low,1.0
ACC30052,16-12-2024,08:51,Tamil Nadu,Tiruchirappalli,10.8404,78.4792,National Highway,Cloudy,Day,55,Male,Bike,59,No,No,No,Signal Jumping,Medium,0.0
ACC30053,29-10-2024,08:55,Kerala,Kollam,10.5476,76.3514,City Road,Rainy,Day,51,Male,Bike,44,No,No,No,Poor Weather Visibility,Medium,3.0
ACC30054,14-08-2023,16:44,Tamil Nadu,Madurai,11.3608,78.6617,Expressway,Clear,Day,30,Male,Bike,108,Yes,No,No,Over Speeding,High,5.0
ACC30055,25-11-2024,20:35,Tamil Nadu,Tiruchirappalli,11.6393,78.5023,National Highway,Rainy,Night,27,Male,Car,58,No,No,No,Poor Weather Visibility,Medium,2.0
ACC30056,03-09-2024,09:04,Tamil Nadu,Tiruchirappalli,10.2003,78.8058,National Highway,Clear,Day,68,Male,Bike,67,No,No,No,Signal Jumping,Medium,1.0
ACC30057,17-11-2023,10:17,Telangana,Hyderabad,18.3383,78.5584,City Road,Clear,Day,54,Male,Car,45,No,No,No,Poor Weather Visibility,Low,1.0
ACC30058,09-09-2023,11:49,Andhra Pradesh,Guntur,15.9196,79.6521,National Highway,Clear,Day,46,Male,Auto,76,No,No,No,Over Speeding,Medium,5.0
ACC30059,15-03-2022,08:31,Andhra Pradesh,Kurnool,16.595,79.1643,Expressway,Clear,Day,32,Male,Bike,84,No,No,No,Over Speeding,High,3.0
ACC30060,23-09-2023,18:20,Tamil Nadu,Tiruchirappalli,10.8527,78.7023,City Road,Rainy,Dusk,34,Male,Bike,35,Yes,No,No,Poor Weather Visibility,Low,0.0
ACC30061,12-07-2024,09:40,Andhra Pradesh,Vijayawada,15.6176,80.854,Village Road,Clear,Day,25,Male,Car,55,No,No,Yes,Pothole/Bad Road,Low,
ACC30062,26-09-2023,21:05,Kerala,Thrissur,10.4481,76.0123,National Highway,Cloudy,Night,18,Male,Bus,89,Yes,No,No,Over Speeding,High,3.0
ACC30063,08-01-2022,04:39,Telangana,Nizamabad,18.4918,78.5201,National Highway,Clear,Night,42,Female,Car,53,Yes,No,No,Drunk Driving,High,8.0
ACC30064,08-12-2023,12:53,Andhra Pradesh,Vijayawada,16.4886,79.8974,National Highway,Clear,Day,42,Male,Auto,57,No,No,No,Poor Weather Visibility,Low,0.0
ACC30065,07-02-2022,19:56,Kerala,Thiruvananthapuram,10.3584,76.3424,Village Road,Clear,Night,41,Female,Auto,57,No,No,Yes,Pothole/Bad Road,Medium,0.0
ACC30066,29-03-2024,13:33,Tamil Nadu,Coimbatore,10.62,78.4306,City Road,Cloudy,Day,48,Male,Auto,48,No,No,Yes,Pothole/Bad Road,Low,1.0
ACC30067,21-05-2022,12:03,Karnataka,Mysuru,16.1558,75.9432,City Road,Foggy,Day,23,Female,Truck,55,No,No,Yes,Poor Weather Visibility,Medium,1.0
ACC30068,18-07-2024,12:01,Karnataka,Mysuru,14.9482,76.1702,National Highway,Rainy,Day,46,Male,Car,56,No,No,No,Poor Weather Visibility,Low,0.0
ACC30069,18-01-2024,12:00,Telangana,Karimnagar,18.1124,78.0988,Village Road,Foggy,Day,36,Female,Bike,51,No,Yes,No,Poor Weather Visibility,Medium,2.0
ACC30070,09-11-2023,18:02,Karnataka,Mangaluru,15.5428,75.4602,State Highway,Overcast,Dusk,18,Male,Truck,53,No,No,No,Poor Weather Visibility,Low,0.0
ACC30071,10-10-2024,10:58,Telangana,Khammam,17.3153,78.8513,City Road,Cloudy,Day,18,Male,Truck,51,Yes,Yes,No,Drunk Driving,Medium,4.0
ACC30072,06-12-2024,17:24,Andhra Pradesh,Nellore,15.6415,79.9106,City Road,Clear,Dusk,46,Male,Bike,47,No,No,No,Poor Weather Visibility,Low,0.0
ACC30073,25-07-2023,17:57,Tamil Nadu,Madurai,11.1919,78.5302,City Road,Clear,Dusk,27,Female,Bike,62,No,No,Yes,Pothole/Bad Road,Medium,1.0
ACC30074,20-08-2024,13:48,Tamil Nadu,Tiruchirappalli,10.8873,78.3108,Village Road,Clear,Day,26,Male,Car,26,No,No,Yes,Pothole/Bad Road,Low,1.0
ACC30075,26-01-2024,15:12,Andhra Pradesh,Nellore,15.2439,79.433,City Road,Clear,Day,36,Male,Truck,56,No,No,Yes,Pothole/Bad Road,Low,0.0
ACC30076,25-06-2023,18:49,Karnataka,Belagavi,15.3029,75.9599,National Highway,Cloudy,Dusk,41,Male,Car,71,No,No,No,Poor Weather Visibility,Medium,8.0