Accident_ID,Date,Time,State,District,Latitude,Longitude,Road_Type,Weather,Light_Condition,Driver_Age,Driver_Gender,Vehicle_Type,Speed_kmph,Alcohol_Involved,Driver_Drowsy,Pothole_Involved,Cause_of_Accident,Severity,Casualties
ACC30077,07-03-2024,18:05,Andhra Pradesh,Kurnool,15.9871,79.538,State Highway,Rainy,Dusk,28,Male,Car,67,No,No,Yes,Poor Weather Visibility,High,7.0
ACC30078,08-04-2024,03:55,Tamil Nadu,Tiruchirappalli,11.113,78.4737,State Highway,Clear,Night,30,Male,Auto,51,No,No,No,Signal Jumping,Medium,3.0
ACC30079,24-06-2024,00:53,Andhra Pradesh,Guntur,15.7774,80.0964,Village Road,Clear,Night,29,Male,Car,49,Yes,No,No,Drunk Driving,Medium,2.0
ACC30080,07-05-2023,09:33,Tamil Nadu,Salem,11.1086,78.5894,Village Road,Rainy,Day,18,Male,Bike,31,No,No,Yes,Poor Weather Visibility,Low,0.0
ACC30081,24-03-2022,03:38,Tamil Nadu,Madurai,11.1528,78.6218,State Highway,Clear,Night,39,Male,Car,62,No,No,No,Signal Jumping,Low,2.0
ACC30082,01-07-2022,16:12,Telangana,Karimnagar,17.662,79.7254,City Road,Clear,Day,47,Male,Car,34,No,No,Yes,Pothole/Bad Road,Low,1.0
ACC30083,29-09-2023,09:23,Telangana,Hyderabad,18.1147,79.2418,City Road,Clear,Day,22,Male,Bike,56,No,No,No,Signal Jumping,Low,1.0
ACC30084,11-09-2022,21:58,Kerala,Kozhikode,10.4572,76.6456,Expressway,Clear,Night,54,Male,Auto,64,No,Yes,No,Drowsy Driving,Medium,5.0
ACC30085,02-02-2022,16:16,Puducherry,Karaikal,12.2574,79.6643,City Road,Clear,Day,27,Female,Auto,56,No,No,No,Signal Jumping,Low,0.0
ACC30086,19-10-2023,20:03,Puducherry,Puducherry,11.4371,79.7811,Expressway,Clear,Night,41,Male,Car,88,No,No,No,Over Speeding,Medium,4.0
ACC30087,08-09-2024,22:03,Andhra Pradesh,Vijayawada,15.785,78.6025,City Road,Clear,Night,44,Female,Auto,56,Yes,No,No,Drunk Driving,Medium,2.0
ACC30088,02-03-2022,15:35,Andhra Pradesh,Nellore,16.0232,79.832,National Highway,Clear,Day,42,Male,Car,66,No,No,No,Over Speeding,Low,0.0
ACC30089,18-03-2023,15:44,Andhra Pradesh,Kurnool,16.5028,80.1239,National Highway,Clear,Day,18,Male,Truck,58,No,No,No,Poor Weather Visibility,Low,1.0
ACC30090,19-12-2023,06:06,Andhra Pradesh,Vijayawada,15.8327,79.5391,Village Road,Rainy,Day,51,Male,Car,43,No,No,No,Poor Weather Visibility,Low,0.0
ACC30091,04-10-2022,17:51,Tamil Nadu,Chennai,11.3252,78.2711,State Highway,Clear,Dusk,42,Male,Bike,53,No,No,No,Signal Jumping,Low,1.0
ACC30092,17-06-2024,16:38,Telangana,Karimnagar,17.5345,78.9391,Village Road,Overcast,Day,64,Male,Bike,41,No,No,No,Poor Weather Visibility,Low,2.0
ACC30093,09-12-2023,21:47,Andhra Pradesh,Visakhapatnam,16.4262,79.0836,National Highway,Clear,Night,18,Male,Bike,61,No,No,No,Signal Jumping,Medium,3.0
ACC30094,12-04-2022,06:22,Karnataka,Mysuru,15.5234,75.1627,State Highway,Clear,Day,41,Male,Car,43,No,No,No,Signal Jumping,Low,0.0
ACC30095,25-07-2024,14:49,Telangana,Hyderabad,18.0304,79.4704,City Road,Cloudy,Day,39,Male,Car,56,No,No,Yes,Pothole/Bad Road,Low,2.0
ACC30096,24-01-2024,22:30,Andhra Pradesh,Nellore,15.8346,79.9264,National Highway,Rainy,Night,33,Female,Bike,82,No,Yes,No,Poor Weather Visibility,High,6.0
ACC30097,09-11-2022,04:25,Tamil Nadu,Coimbatore,10.9889,78.7134,National Highway,Clear,Night,56,Male,Car,100,Yes,Yes,No,Over Speeding,High,5.0
ACC30098,24-05-2023,19:13,Tamil Nadu,Chennai,11.4811,78.1405,City Road,Cloudy,Night,53,Male,Auto,36,No,No,No,Poor Weather Visibility,Low,1.0
ACC30099,01-05-2022,20:18,Andhra Pradesh,Kurnool,15.7968,79.6509,National Highway,Clear,Night,18,Male,Car,92,Yes,No,No,Over Speeding,High,9.0
ACC30100,07-03-2024,18:47,Karnataka,Bengaluru Urban,15.1394,75.4723,State Highway,Rainy,Dusk,24,Male,Bus,68,No,Yes,Yes,Poor Weather Visibility,High,6.0
ACC30101,28-04-2023,06:18,Tamil Nadu,Salem,11.5973,77.8573,State Highway,Clear,Day,41,Male,Bike,59,No,Yes,No,Drowsy Driving,Low,1.0
ACC30102,01-04-2024,10:12,Tamil Nadu,Tiruchirappalli,10.8131,78.4112,City Road,Clear,Day,19,Male,Car,60,No,No,No,Signal Jumping,Low,1.0
ACC30103,11-04-2024,02:13,Kerala,Kollam,10.0141,75.9873,State Highway,Rainy,Night,33,Female,Car,54,No,No,No,Poor Weather Visibility,Low,1.0
ACC30104,25-01-2024,08:23,Telangana,Warangal,17.8915,79.1099,City Road,Cloudy,Day,35,Male,Bike,55,No,No,No,Poor Weather Visibility,Low,3.0
ACC30105,01-10-2024,11:02,Puducherry,Karaikal,12.0632,80.1242,City Road,Cloudy,Day,56,Male,Bike,43,No,No,Yes,Pothole/Bad Road,Medium,4.0
ACC30106,02-12-2023,23:18,Tamil Nadu,Coimbatore,11.0671,78.9071,Expressway,Foggy,Night,34,Female,Bike,100,Yes,No,No,Poor Weather Visibility,High,9.0
ACC30107,21-03-2023,17:26,Karnataka,Bengaluru Urban,14.8483,75.2148,State Highway,Clear,Dusk,24,Male,Car,85,Yes,No,No,Drunk Driving,High,3.0
ACC30108,26-05-2023,20:31,Karnataka,Bengaluru Urban,15.1489,75.3715,Village Road,Clear,Night,29,Male,Car,45,No,No,Yes,Pothole/Bad Road,Medium,4.0
ACC30109,23-03-2022,15:55,Kerala,Kollam,10.9404,75.9357,City Road,Overcast,Day,27,Male,Truck,85,Yes,Yes,No,Drunk Driving,High,6.0
ACC30110,19-07-2024,00:10,Tamil Nadu,Chennai,11.3062,78.4192,City Road,Rainy,Night,36,Female,Bike,72,Yes,No,Yes,Poor Weather Visibility,High,4.0
ACC30111,21-10-2023,01:25,Puducherry,Puducherry,11.2962,80.7454,City Road,Clear,Night,39,Male,Bike,44,No,No,No,Signal Jumping,Low,0.0
ACC30112,08-10-2024,17:58,Tamil Nadu,Madurai,10.5584,78.3734,National Highway,Clear,Dusk,18,Male,Bus,51,No,No,No,Signal Jumping,Low,0.0
ACC30113,26-08-2024,12:19,Kerala,Ernakulam,10.0857,76.4689,Expressway,Cloudy,Day,35,Female,Car,92,Yes,No,No,Over Speeding,High,3.0
ACC30114,06-08-2023,09:09,Puducherry,Puducherry,11.9992,80.6372,National Highway,Clear,Day,36,Male,Bike,60,No,No,No,Signal Jumping,Low,1.0
ACC30115,10-12-2024,20:04,Kerala,Kollam,10.0281,76.3356,City Road,Cloudy,Night,34,Female,Car,53,No,Yes,No,Drowsy Driving,Medium,1.0
ACC30116,18-03-2022,17:26,Kerala,Kozhikode,9.9649,76.3523,Village Road,Clear,Dusk,18,Male,Bike,25,No,No,No,Signal Jumping,Low,
ACC30117,27-11-2024,07:45,Kerala,Kozhikode,10.3142,76.1121,Expressway,Rainy,Day,54,Male,Bike,80,No,No,No,Poor Weather Visibility,High,2.0
ACC30118,27-04-2022,01:01,Andhra Pradesh,Kurnool,15.6544,79.5551,National Highway,Clear,Night,18,Male,Bike,49,No,Yes,Yes,Drowsy Driving,High,
ACC30119,29-08-2023,18:38,Kerala,Thiruvananthapuram,9.7667,76.4876,State Highway,Cloudy,Dusk,30,Male,Bike,71,No,No,No,Poor Weather Visibility,Medium,0.0
ACC30120,26-03-2023,18:39,Andhra Pradesh,Guntur,16.5089,79.8469,State Highway,Cloudy,Dusk,35,Male,Bike,74,Yes,No,No,Drunk Driving,Medium,4.0
ACC30121,03-10-2023,10:27,Andhra Pradesh,Guntur,15.1859,79.6919,Village Road,Clear,Day,18,Female,Bus,35,No,No,Yes,Pothole/Bad Road,Low,1.0
ACC30122,05-10-2023,09:20,Andhra Pradesh,Visakhapatnam,15.4679,79.783,State Highway,Cloudy,Day,38,Female,Bus,71,No,No,No,Poor Weather Visibility,Medium,3.0
ACC30123,17-06-2024,23:41,Kerala,Ernakulam,9.4506,76.2916,State Highway,Cloudy,Night,18,Male,Bus,103,Yes,Yes,No,Over Speeding,High,7.0
ACC30124,18-01-2023,12:37,Puducherry,Karaikal,12.2849,79.8805,Village Road,Clear,Day,18,Male,Car,48,No,No,No,Poor Weather Visibility,Low,0.0
ACC30125,11-06-2022,13:05,Tamil Nadu,Tiruchirappalli,10.9401,79.229,National Highway,Clear,Day,34,Female,Bike,76,No,No,No,Over Speeding,Medium,5.0
ACC30126,05-07-2022,08:50,Kerala,Thiruvananthapuram,10.1585,75.7404,National Highway,Clear,Day,25,Male,Bike,84,Yes,Yes,No,Drunk Driving,High,5.0
ACC30127,18-08-2022,13:13,Tamil Nadu,Coimbatore,11.5727,78.5412,State Highway,Clear,Day,18,Male,Bike,50,No,No,No,Signal Jumping,Low,1.0
ACC30128,19-02-2024,23:12,Andhra Pradesh,Visakhapatnam,15.9527,79.7679,State Highway,Overcast,Night,58,Male,Bike,59,No,No,No,Poor Weather Visibility,Medium,5.0
ACC30129,29-04-2022,15:56,Puducherry,Karaikal,11.7574,79.5747,Village Road,Clear,Day,62,Male,Car,35,No,No,Yes,Pothole/Bad Road,Low,0.0
ACC30130,25-01-2022,21:09,Andhra Pradesh,Vijayawada,16.5504,79.6046,City Road,Clear,Night,51,Male,Bike,34,No,No,No,Signal Jumping,Low,0.0
ACC30131,06-02-2024,09:27,Karnataka,Belagavi,15.5424,75.695,National Highway,Rainy,Day,18,Male,Auto,75,No,No,No,Poor Weather Visibility,High,8.0
ACC30132,30-03-2022,13:16,Telangana,Warangal,17.0984,78.3589,Village Road,Rainy,Day,18,Male,Bike,39,No,No,No,Poor Weather Visibility,Medium,
ACC30133,03-08-2022,03:55,Tamil Nadu,Madurai,11.6138,78.4981,Village Road,Cloudy,Night,29,Female,Truck,65,Yes,Yes,Yes,Drunk Driving,High,5.0
ACC30134,13-02-2023,09:16,Andhra Pradesh,Vijayawada,15.7294,79.6483,State Highway,Cloudy,Day,21,Female,Bike,76,No,Yes,No,Drowsy Driving,High,8.0
ACC30135,12-01-2024,18:44,Kerala,Kozhikode,10.1555,76.5047,National Highway,Clear,Dusk,43,Male,Bike,60,No,No,No,Signal Jumping,Medium,1.0
ACC30136,17-07-2024,14:18,Tamil Nadu,Coimbatore,10.5637,78.7883,Village Road,Rainy,Day,53,Female,Car,43,No,No,Yes,Poor Weather Visibility,Low,0.0
ACC30137,31-08-2024,06:40,Tamil Nadu,Coimbatore,10.9884,78.6123,State Highway,Rainy,Day,19,Male,Bus,71,Yes,Yes,No,Poor Weather Visibility,High,6.0
ACC30138,10-07-2023,18:53,Tamil Nadu,Salem,10.7677,78.8023,National Highway,Clear,Dusk,48,Female,Car,63,No,No,No,Signal Jumping,Low,2.0
ACC30139,09-07-2024,14:19,Telangana,Karimnagar,18.1579,79.1033,City Road,Clear,Day,49,Male,Bike,62,Yes,No,No,Drunk Driving,Medium,2.0
ACC30140,08-07-2024,14:12,Tamil Nadu,Chennai,11.2575,78.2561,Expressway,Clear,Day,25,Male,Car,79,No,No,No,Over Speeding,Medium,6.0
ACC30141,02-04-2022,13:16,Karnataka,Belagavi,14.8577,76.005,Village Road,Clear,Day,25,Male,Truck,18,No,No,No,Signal Jumping,Low,0.0
ACC30142,18-12-2024,18:10,Kerala,Thrissur,10.6195,76.197,State Highway,Clear,Dusk,22,Male,Bike,91,Yes,No,No,Over Speeding,High,6.0
ACC30143,15-02-2023,11:14,Karnataka,Belagavi,15.2356,75.7162,Expressway,Overcast,Day,34,Male,Bus,81,No,Yes,No,Over Speeding,Medium,2.0
ACC30144,06-06-2022,08:32,Tamil Nadu,Chennai,10.8418,78.1784,State Highway,Clear,Day,18,Male,Bike,62,No,No,No,Over Speeding,Medium,3.0
ACC30145,16-06-2024,06:09,Tamil Nadu,Tiruchirappalli,11.0304,78.1933,Village Road,Clear,Day,46,Male,Auto,58,No,No,No,Signal Jumping,Low,0.0
ACC30146,10-10-2022,13:03,Andhra Pradesh,Nellore,15.6029,80.1873,National Highway,Clear,Day,33,Male,Car,66,Yes,No,No,Drunk Driving,Low,2.0
ACC30147,14-12-2024,06:25,Tamil Nadu,Coimbatore,11.1163,77.9899,National Highway,Cloudy,Day,31,Male,Bus,45,No,No,No,Poor Weather Visibility,Low,1.0
ACC30148,06-11-2023,10:41,Telangana,Karimnagar,18.3333,79.5381,Expressway,Clear,Day,28,Female,Bike,75,No,No,No,Over Speeding,High,1.0
ACC30149,02-06-2023,01:58,Telangana,Karimnagar,18.3148,79.3725,City Road,Clear,Night,29,Male,Bike,61,Yes,No,No,Drunk Driving,High,8.0
ACC30150,07-08-2023,18:36,Tamil Nadu,Chennai,9.9727,78.2995,National Highway,Clear,Dusk,18,Male,Car,67,No,No,No,Signal Jumping,Medium,1.0
ACC30151,04-02-2023,11:33,Tamil Nadu,Tiruchirappalli,11.1244,77.8223,National Highway,Clear,Day,18,Female,Bike,69,No,No,No,Over Speeding,Medium,4.0
ACC30152,09-01-2024,03:30,Kerala,Thiruvananthapuram,9.5813,76.8725,State Highway,Clear,Night,21,Male,Bike,66,No,No,No,Signal Jumping,Medium,3.0
ACC30153,04-04-2024,18:32,Tamil Nadu,Salem,10.9904,78.7799,Village Road,Clear,Dusk,41,Male,Bus,51,No,No,No,Signal Jumping,Low,1.0
ACC30154,01-10-2023,01:27,Kerala,Thrissur,10.2084,76.079,City Road,Clear,Night,36,Male,Car,60,No,No,Yes,Pothole/Bad Road,Low,1.0
ACC30155,04-02-2023,20:32,Tamil Nadu,Coimbatore,10.7207,78.7046,State Highway,Clear,Night,62,Male,Car,69,No,No,No,Over Speeding,Medium,1.0
ACC30156,12-05-2023,14:47,Puducherry,Karaikal,12.1337,79.5266,National Highway,Cloudy,Day,26,Female,Bike,76,No,No,No,Over Speeding,Medium,1.0
ACC30157,09-07-2024,15:54,Telangana,Warangal,18.2791,78.5382,Village Road,Clear,Day,41,Male,Auto,34,No,Yes,No,Drowsy Driving,Low,1.0
ACC30158,21-06-2023,18:05,Tamil Nadu,Chennai,11.2482,78.6244,State Highway,Clear,Dusk,46,Male,Bike,39,No,No,Yes,Pothole/Bad Road,Low,2.0
ACC30159,29-03-2024,02:54,Tamil Nadu,Coimbatore,10.8267,77.686,Expressway,Cloudy,Night,31,Male,Bus,77,No,No,No,Over Speeding,Medium,4.0
ACC30160,27-10-2022,13:24,Kerala,Ernakulam,9.9493,76.0611,City Road,Clear,Day,33,Male,Car,46,No,No,Yes,Pothole/Bad Road,Low,1.0
ACC30161,11-10-2024,22:00,Tamil Nadu,Chennai,11.9166,78.7572,Expressway,Clear,Night,38,Male,Bike,79,No,No,No,Over Speeding,High,2.0
ACC30162,16-09-2023,06:48,Karnataka,Hubballi,15.3203,75.6601,State Highway,Clear,Day,44,Male,Car,86,No,No,No,Over Speeding,Medium,2.0
ACC30163,23-03-2022,08:28,Telangana,Nizamabad,17.6997,78.6018,State Highway,Overcast,Day,38,Female,Truck,51,No,No,No,Poor Weather Visibility,Low,1.0
ACC30164,12-02-2024,18:19,Telangana,Karimnagar,17.4706,79.1427,City Road,Overcast,Dusk,27,Male,Bike,54,No,No,No,Poor Weather Visibility,Low,1.0
ACC30165,11-03-2023,13:17,Tamil Nadu,Salem,11.4886,78.7232,City Road,Clear,Day,48,Male,Bike,42,No,No,No,Signal Jumping,Low,
ACC30166,25-06-2024,14:11,Karnataka,Belagavi,15.1224,76.0823,National Highway,Clear,Day,61,Male,Bike,60,No,No,No,Over Speeding,Low,4.0
ACC30167,21-08-2022,09:13,Telangana,Karimnagar,18.3296,79.0451,State Highway,Cloudy,Day,58,Male,Auto,56,No,No,No,Signal Jumping,Low,1.0
ACC30168,06-07-2024,19:02,Kerala,Kollam,10.8221,76.5837,City Road,Clear,Night,37,Female,Car,44,No,No,No,Poor Weather Visibility,Low,0.0
ACC30169,29-08-2024,17:31,Kerala,Thiruvananthapuram,10.608,76.3872,Village Road,Cloudy,Dusk,29,Male,Bike,70,Yes,No,Yes,Drunk Driving,High,4.0
ACC30170,08-10-2024,21:25,Kerala,Ernakulam,10.2637,76.0215,State Highway,Clear,Night,25,Male,Bike,65,No,No,No,Signal Jumping,Medium,0.0
ACC30171,09-06-2022,16:30,Andhra Pradesh,Kurnool,15.8847,79.9591,Expressway,Foggy,Day,24,Male,Bike,77,No,No,No,Poor Weather Visibility,Medium,0.0
ACC30172,24-02-2024,07:34,Tamil Nadu,Tiruchirappalli,11.2833,78.2305,National Highway,Rainy,Day,27,Male,Bike,88,Yes,No,Yes,Over Speeding,High,3.0
ACC30173,04-09-2023,09:52,Tamil Nadu,Chennai,11.4701,77.9873,State Highway,Cloudy,Day,22,Male,Bike,62,Yes,No,No,Drunk Driving,Medium,3.0
ACC30174,06-02-2024,10:16,Tamil Nadu,Tiruchirappalli,11.086,78.7853,City Road,Rainy,Day,33,Female,Truck,56,No,No,No,Poor Weather Visibility,Medium,1.0
ACC30175,20-09-2023,15:14,Andhra Pradesh,Guntur,15.1963,79.643,National Highway,Clear,Day,75,Male,Auto,98,No,No,No,Over Speeding,High,3.0
ACC30176,23-08-2023,05:51,Andhra Pradesh,Kurnool,16.2352,79.9859,City Road,Foggy,Dawn,50,Female,Car,39,No,No,No,Poor Weather Visibility,Low,0.0
ACC30177,10-08-2024,12:00,Tamil Nadu,Salem,10.4086,77.6612,City Road,Overcast,Day,63,Male,Bike,38,No,No,Yes,Pothole/Bad Road,Low,0.0
ACC30178,18-08-2023,15:12,Tamil Nadu,Tiruchirappalli,10.6735,78.6894,National Highway,Clear,Day,22,Female,Car,70,No,Yes,No,Drowsy Driving,Low,0.0
ACC30179,14-06-2023,16:13,Tamil Nadu,Coimbatore,11.5961,79.3051,State Highway,Clear,Day,22,Male,Bike,39,No,No,No,Signal Jumping,Low,0.0
ACC30180,29-03-2023,04:41,Puducherry,Karaikal,11.7935,80.5305,National Highway,Overcast,Night,40,Female,Auto,69,No,No,No,Poor Weather Visibility,High,11.0
ACC30181,07-08-2023,20:21,Tamil Nadu,Madurai,11.0748,78.467,City Road,Overcast,Night,46,Male,Bus,74,Yes,Yes,Yes,Drunk Driving,High,4.0
ACC30182,18-04-2023,15:43,Karnataka,Belagavi,15.5453,75.2382,City Road,Clear,Day,27,Male,Auto,43,No,No,No,Poor Weather Visibility,Low,0.0
ACC30183,23-12-2023,22:45,Telangana,Karimnagar,17.5819,78.6911,Village Road,Clear,Night,34,Male,Car,54,No,No,Yes,Pothole/Bad Road,Low,1.0
ACC30184,12-04-2022,15:18,Telangana,Nizamabad,17.9573,78.9278,Village Road,Cloudy,Day,51,Male,Truck,43,No,No,Yes,Pothole/Bad Road,Medium,3.0
ACC30185,10-09-2022,07:22,Tamil Nadu,Tiruchirappalli,11.4968,78.6837,City Road,Cloudy,Day,26,Male,Bike,55,No,Yes,No,Signal Jumping,Low,
ACC30186,29-08-2024,21:38,Andhra Pradesh,Vijayawada,16.5738,80.2786,Village Road,Clear,Night,50,Male,Bike,37,Yes,No,Yes,Drunk Driving,Medium,2.0
ACC30187,25-02-2022,09:26,Karnataka,Mysuru,15.6443,75.656,National Highway,Overcast,Day,18,Male,Truck,71,No,No,No,Signal Jumping,Low,1.0
ACC30188,01-08-2024,07:08,Tamil Nadu,Tiruchirappalli,11.6327,78.6598,State Highway,Rainy,Day,35,Female,Bike,56,No,No,No,Poor Weather Visibility,Low,1.0
ACC30189,09-11-2023,19:54,Tamil Nadu,Coimbatore,11.1036,78.5595,State Highway,Clear,Night,19,Male,Car,50,No,No,No,Poor Weather Visibility,Low,0.0
ACC30190,26-03-2024,10:46,Karnataka,Mangaluru,15.3814,75.8963,Expressway,Foggy,Day,39,Male,Auto,102,Yes,No,No,Over Speeding,High,6.0
ACC30191,24-08-2024,18:43,Tamil Nadu,Madurai,11.1633,78.7972,City Road,Rainy,Dusk,37,Female,Bus,36,No,No,Yes,Poor Weather Visibility,Low,0.0
ACC30192,13-12-2023,19:22,Telangana,Karimnagar,17.9658,78.0651,City Road,Overcast,Night,41,Male,Bike,56,No,Yes,No,Drowsy Driving,Medium,2.0
ACC30193,07-12-2023,10:46,Telangana,Hyderabad,17.6518,78.8942,Expressway,Cloudy,Day,45,Male,Car,80,No,Yes,No,Drowsy Driving,Medium,2.0
ACC30194,13-03-2024,12:11,Telangana,Hyderabad,17.4291,79.1566,City Road,Foggy,Day,73,Male,Bus,51,No,No,No,Poor Weather Visibility,Low,
ACC30195,11-08-2022,09:17,Tamil Nadu,Tiruchirappalli,11.2515,79.0189,Expressway,Cloudy,Day,64,Female,Auto,73,No,No,No,Over Speeding,Medium,3.0
ACC30196,15-06-2022,09:18,Telangana,Hyderabad,17.3247,78.736,Expressway,Overcast,Day,31,Male,Bus,90,No,Yes,No,Over Speeding,High,7.0
ACC30197,05-03-2023,08:55,Kerala,Thiruvananthapuram,10.9013,76.2148,City Road,Cloudy,Day,22,Female,Bike,40,No,No,No,Poor Weather Visibility,Low,0.0
ACC30198,10-07-2022,20:15,Tamil Nadu,Salem,11.1204,78.8275,City Road,Clear,Night,44,Male,Truck,42,No,No,No,Signal Jumping,Low,1.0
ACC30199,18-12-2024,12:11,Kerala,Kozhikode,10.5994,76.33,Expressway,Cloudy,Day,67,Female,Bike,73,No,No,Yes,Pothole/Bad Road,Medium,4.0
ACC30200,26-03-2022,08:03,Karnataka,Mysuru,15.5393,75.9183,Expressway,Rainy,Day,32,Male,Bike,83,No,No,Yes,Poor Weather Visibility,High,8.0
ACC30201,05-04-2023,08:31,Kerala,Thrissur,10.0509,76.9152,State Highway,Cloudy,Day,29,Male,Bike,66,No,No,No,Poor Weather Visibility,Low,4.0
ACC30202,14-09-2024,01:30,Tamil Nadu,Tiruchirappalli,12.1058,78.4226,City Road,Cloudy,Night,32,Male,Truck,62,No,Yes,Yes,Drowsy Driving,Medium,4.0
ACC30203,22-07-2022,09:57,Telangana,Warangal,17.4806,78.8148,City Road,Clear,Day,50,Male,Truck,48,No,No,No,Signal Jumping,Low,0.0
ACC30204,11-03-2023,07:24,Telangana,Khammam,17.9034,79.0902,City Road,Clear,Day,18,Female,Truck,39,No,No,No,Signal Jumping,Low,4.0
ACC30205,19-08-2024,18:08,Telangana,Khammam,17.8692,79.7365,Expressway,Clear,Dusk,38,Male,Car,82,No,No,No,Over Speeding,Medium,
ACC30206,17-06-2024,09:32,Tamil Nadu,Coimbatore,10.7193,78.3983,Expressway,Clear,Day,18,Female,Car,97,No,No,No,Over Speeding,High,5.0
ACC30207,09-12-2022,06:17,Tamil Nadu,Coimbatore,10.7104,78.8597,Village Road,Clear,Day,54,Male,Car,39,No,No,No,Signal Jumping,Low,0.0
ACC30208,20-07-2024,11:26,Andhra Pradesh,Vijayawada,15.8038,79.3416,State Highway,Clear,Day,33,Male,Bike,56,No,No,No,Signal Jumping,Low,0.0
ACC30209,09-10-2024,14:52,Telangana,Khammam,17.4037,79.0789,City Road,Clear,Day,30,Male,Car,62,No,No,Yes,Pothole/Bad Road,Low,2.0
ACC30210,30-05-2022,00:19,Karnataka,Belagavi,16.7536,75.2747,Village Road,Cloudy,Night,19,Male,Bike,62,Yes,Yes,No,Drunk Driving,High,7.0
ACC30211,04-03-2023,11:54,Telangana,Warangal,18.0297,78.5636,City Road,Clear,Day,57,Male,Bus,50,No,Yes,Yes,Drowsy Driving,Low,1.0
ACC30212,12-04-2024,18:30,Kerala,Thiruvananthapuram,10.2062,77.0448,City Road,Foggy,Dusk,43,Male,Bike,35,No,No,No,Poor Weather Visibility,Low,3.0
ACC30213,01-11-2023,02:30,Kerala,Kozhikode,10.6151,76.7127,City Road,Rainy,Night,43,Male,Bike,47,No,No,No,Poor Weather Visibility,Low,0.0
ACC30214,14-03-2022,12:52,Karnataka,Mangaluru,15.3797,76.2772,Village Road,Cloudy,Day,42,Female,Auto,39,No,No,Yes,Pothole/Bad Road,Low,1.0
ACC30215,10-08-2023,09:32,Karnataka,Belagavi,14.9028,75.1559,City Road,Clear,Day,19,Male,Car,42,No,No,No,Signal Jumping,Low,1.0
ACC30216,30-05-2023,13:05,Puducherry,Puducherry,11.1754,80.1977,State Highway,Clear,Day,28,Male,Bike,74,Yes,No,No,Drunk Driving,High,
ACC30217,26-03-2024,12:15,Tamil Nadu,Chennai,11.4059,78.6843,Expressway,Overcast,Day,26,Male,Car,87,No,No,No,Over Speeding,Medium,1.0
ACC30218,22-07-2022,19:13,Tamil Nadu,Tiruchirappalli,10.3188,78.8633,Village Road,Clear,Night,34,Male,Bus,34,No,No,No,Signal Jumping,Low,1.0
ACC30219,04-10-2022,16:46,Kerala,Kollam,10.1633,76.0107,Expressway,Clear,Day,50,Male,Auto,85,No,No,No,Over Speeding,Medium,2.0
ACC30220,09-01-2024,16:13,Tamil Nadu,Madurai,11.5872,78.4908,State Highway,Clear,Day,36,Female,Bus,51,No,Yes,No,Drowsy Driving,Low,1.0
ACC30221,27-12-2024,17:10,Tamil Nadu,Tiruchirappalli,10.8621,78.1706,Village Road,Cloudy,Dusk,22,Male,Bus,68,No,No,No,Poor Weather Visibility,Medium,5.0
ACC30222,03-06-2024,12:54,Andhra Pradesh,Nellore,15.5757,80.1801,City Road,Rainy,Day,28,Male,Auto,34,No,No,No,Poor Weather Visibility,Low,
ACC30223,18-05-2024,10:15,Karnataka,Mangaluru,15.1691,75.4851,State Highway,Clear,Day,22,Female,Car,36,No,No,No,Poor Weather Visibility,Low,1.0
ACC30224,11-03-2022,04:15,Telangana,Hyderabad,17.4703,79.0013,State Highway,Cloudy,Night,63,Male,Bike,77,Yes,No,No,Drunk Driving,High,6.0
ACC30225,29-06-2024,19:31,Andhra Pradesh,Vijayawada,15.2977,79.3907,National Highway,Foggy,Night,29,Male,Bike,86,No,No,No,Poor Weather Visibility,High,7.0
ACC30226,20-08-2023,17:56,Kerala,Kollam,10.2792,76.3843,Expressway,Rainy,Dusk,23,Female,Bike,83,No,No,Yes,Poor Weather Visibility,Medium,3.0
ACC30227,04-01-2024,18:00,Kerala,Thiruvananthapuram,10.0926,76.427,Village Road,Clear,Dusk,43,Male,Bike,15,No,No,No,Signal Jumping,Low,0.0
ACC30228,29-03-2022,03:56,Karnataka,Mysuru,15.6876,76.3466,State Highway,Cloudy,Night,22,Female,Bike,47,No,No,No,Poor Weather Visibility,Low,1.0
ACC30229,25-09-2023,05:42,Andhra Pradesh,Nellore,15.3132,79.5912,State Highway,Clear,Dawn,33,Male,Auto,58,Yes,No,Yes,Drunk Driving,Low,1.0
ACC30230,10-11-2023,12:09,Tamil Nadu,Tiruchirappalli,11.2064,78.624,Village Road,Clear,Day,31,Male,Car,24,No,No,No,Signal Jumping,Low,2.0
ACC30231,02-12-2022,17:10,Andhra Pradesh,Visakhapatnam,16.7904,79.1559,State Highway,Clear,Dusk,25,Female,Auto,64,No,No,No,Signal Jumping,Medium,2.0
ACC30232,07-07-2022,16:29,Karnataka,Hubballi,15.1762,75.9668,Expressway,Clear,Day,45,Male,Car,77,No,No,No,Over Speeding,Low,1.0
ACC30233,30-10-2024,17:44,Tamil Nadu,Tiruchirappalli,11.488,78.9123,City Road,Clear,Dusk,26,Female,Bike,35,No,No,No,Poor Weather Visibility,Low,2.0
ACC30234,08-06-2024,19:37,Karnataka,Bengaluru Urban,15.0732,75.5578,National Highway,Clear,Night,36,Female,Auto,73,No,No,No,Over Speeding,Medium,7.0