Accident_ID,Date,Time,State,District,Latitude,Longitude,Road_Type,Weather,Light_Condition,Driver_Age,Driver_Gender,Vehicle_Type,Speed_kmph,Alcohol_Involved,Driver_Drowsy,Pothole_Involved,Cause_of_Accident,Severity,Casualties
ACC30235,02-03-2024,13:49,Karnataka,Mangaluru,15.4508,75.8734,State Highway,Overcast,Day,37,Male,Auto,75,No,No,No,Over Speeding,Medium,6.0
ACC30236,27-07-2023,10:12,Andhra Pradesh,Kurnool,15.2418,79.7015,City Road,Clear,Day,51,Male,Truck,47,No,No,No,Poor Weather Visibility,Low,0.0
ACC30237,13-11-2022,16:48,Tamil Nadu,Salem,10.3724,79.0786,City Road,Clear,Day,20,Male,Bike,29,No,No,Yes,Pothole/Bad Road,Low,1.0
ACC30238,08-12-2023,16:46,Kerala,Thrissur,10.5746,76.6551,State Highway,Clear,Day,32,Female,Truck,77,No,No,No,Over Speeding,Medium,2.0
ACC30239,28-07-2022,13:26,Karnataka,Bengaluru Urban,15.3197,75.6293,City Road,Rainy,Day,29,Male,Auto,62,No,No,Yes,Poor Weather Visibility,Medium,1.0
ACC30240,22-02-2022,03:03,Karnataka,Bengaluru Urban,15.0739,74.9484,City Road,Clear,Night,31,Male,Truck,42,No,No,No,Signal Jumping,Low,2.0
ACC30241,18-06-2024,19:34,Karnataka,Mangaluru,15.8446,75.0828,City Road,Rainy,Night,34,Male,Auto,53,No,No,No,Poor Weather Visibility,Medium,1.0
ACC30242,20-02-2022,08:25,Telangana,Khammam,17.9951,79.3077,Village Road,Clear,Day,22,Male,Auto,64,No,Yes,No,Drowsy Driving,Medium,
ACC30243,28-04-2022,18:24,Karnataka,Mangaluru,15.4627,75.9026,National Highway,Overcast,Dusk,31,Male,Bike,77,No,No,No,Over Speeding,Medium,3.0
ACC30244,14-05-2024,07:11,Tamil Nadu,Chennai,11.1239,79.3481,City Road,Clear,Day,25,Male,Car,23,No,No,No,Signal Jumping,Low,2.0
ACC30245,06-07-2023,16:43,Kerala,Thrissur,10.4021,76.0202,City Road,Cloudy,Day,39,Male,Bike,54,Yes,No,Yes,Drunk Driving,Medium,5.0
ACC30246,10-03-2023,12:40,Tamil Nadu,Salem,11.1574,79.3544,National Highway,Cloudy,Day,18,Male,Car,74,No,Yes,No,Drowsy Driving,High,5.0
ACC30247,24-08-2023,20:58,Telangana,Hyderabad,18.7695,79.4777,National Highway,Clear,Night,64,Male,Bike,61,No,No,No,Over Speeding,Low,1.0
ACC30248,16-07-2023,00:14,Karnataka,Hubballi,15.9464,75.9933,State Highway,Clear,Night,40,Male,Auto,73,No,Yes,No,Drowsy Driving,Medium,2.0
ACC30249,14-09-2023,14:34,Tamil Nadu,Chennai,10.7192,78.7021,State Highway,Clear,Day,44,Male,Bike,64,No,No,No,Signal Jumping,Low,3.0
ACC30250,12-09-2023,16:58,Andhra Pradesh,Visakhapatnam,16.2269,79.5361,City Road,Rainy,Day,42,Male,Bus,54,No,No,No,Poor Weather Visibility,Low,2.0
ACC30251,04-08-2022,12:03,Tamil Nadu,Tiruchirappalli,10.9406,78.2452,City Road,Rainy,Day,36,Male,Bus,56,No,No,No,Poor Weather Visibility,Low,4.0
ACC30252,11-09-2022,16:24,Kerala,Ernakulam,10.261,76.7314,National Highway,Foggy,Day,18,Male,Car,65,No,No,No,Poor Weather Visibility,Medium,1.0
ACC30253,17-04-2023,16:34,Telangana,Khammam,18.0341,78.4141,National Highway,Clear,Day,60,Male,Auto,67,No,No,No,Over Speeding,Low,4.0
ACC30254,28-12-2022,11:45,Telangana,Khammam,18.6631,78.7354,City Road,Rainy,Day,47,Male,Bike,61,No,No,No,Poor Weather Visibility,Medium,2.0
ACC30255,24-01-2024,05:16,Tamil Nadu,Salem,10.9274,78.6769,National Highway,Clear,Dawn,18,Male,Truck,81,No,No,No,Over Speeding,Medium,4.0
ACC30256,05-05-2022,19:35,Tamil Nadu,Salem,11.1088,78.6341,National Highway,Clear,Night,72,Female,Car,67,Yes,No,No,Drunk Driving,High,3.0
ACC30257,26-07-2022,18:32,Karnataka,Bengaluru Urban,15.3366,75.5504,Village Road,Foggy,Dusk,43,Male,Bus,63,No,No,No,Poor Weather Visibility,Medium,3.0
ACC30258,07-03-2024,11:15,Karnataka,Mangaluru,15.7209,75.5032,Village Road,Clear,Day,18,Male,Car,33,No,No,No,Poor Weather Visibility,Low,0.0
ACC30259,03-11-2024,15:50,Andhra Pradesh,Kurnool,16.8799,79.6542,City Road,Rainy,Day,18,Male,Auto,65,Yes,No,Yes,Poor Weather Visibility,High,5.0
ACC30260,24-11-2022,19:51,Telangana,Nizamabad,17.1203,78.7147,City Road,Clear,Night,32,Male,Car,82,No,Yes,No,Over Speeding,High,9.0
ACC30261,23-01-2022,18:47,Tamil Nadu,Madurai,10.3467,78.3246,National Highway,Clear,Dusk,28,Female,Truck,104,Yes,Yes,No,Over Speeding,High,4.0
ACC30262,23-08-2024,00:37,Karnataka,Mysuru,14.9492,75.4603,City Road,Rainy,Night,18,Male,Car,53,No,Yes,No,Poor Weather Visibility,Medium,4.0
ACC30263,21-01-2023,07:22,Kerala,Kollam,10.8045,76.5791,Village Road,Cloudy,Day,18,Male,Car,38,No,No,No,Poor Weather Visibility,Low,2.0
ACC30264,01-01-2024,18:33,Andhra Pradesh,Guntur,16.5215,79.2979,National Highway,Clear,Dusk,45,Male,Auto,58,No,No,No,Signal Jumping,Low,2.0
ACC30265,13-10-2024,00:55,Andhra Pradesh,Guntur,14.654,79.8947,Village Road,Clear,Night,20,Male,Bike,43,Yes,No,Yes,Drunk Driving,Medium,5.0
ACC30266,17-07-2023,16:47,Karnataka,Mysuru,15.4774,75.7272,City Road,Clear,Day,23,Male,Truck,37,No,Yes,No,Drowsy Driving,Low,1.0
ACC30267,01-06-2023,12:16,Kerala,Thiruvananthapuram,10.2988,76.4225,Expressway,Clear,Day,44,Male,Car,99,Yes,No,No,Over Speeding,High,4.0
ACC30268,18-03-2023,20:32,Karnataka,Hubballi,15.6471,75.6481,City Road,Clear,Night,29,Male,Car,34,No,No,No,Signal Jumping,Low,2.0
ACC30269,21-07-2022,16:31,Tamil Nadu,Chennai,11.1749,78.7675,Village Road,Cloudy,Day,46,Female,Car,35,No,No,Yes,Pothole/Bad Road,Low,2.0
ACC30270,30-03-2022,14:13,Tamil Nadu,Coimbatore,11.3416,79.1804,City Road,Cloudy,Day,28,Male,Car,57,No,Yes,No,Drowsy Driving,Medium,5.0
ACC30271,19-02-2023,14:58,Kerala,Ernakulam,10.0641,75.7783,Village Road,Cloudy,Day,44,Male,Car,23,No,No,Yes,Pothole/Bad Road,Low,1.0
ACC30272,28-05-2024,13:27,Telangana,Warangal,17.7109,79.3942,State Highway,Cloudy,Day,48,Male,Bus,67,Yes,No,No,Drunk Driving,Medium,3.0
ACC30273,06-05-2023,21:26,Karnataka,Bengaluru Urban,15.9409,75.5031,State Highway,Cloudy,Night,31,Female,Bike,63,No,No,No,Poor Weather Visibility,Medium,1.0
ACC30274,07-06-2023,09:05,Karnataka,Hubballi,14.7263,75.8413,City Road,Clear,Day,37,Male,Bike,49,No,No,No,Signal Jumping,Low,0.0
ACC30275,23-11-2024,13:24,Tamil Nadu,Salem,10.5355,78.4556,City Road,Overcast,Day,21,Male,Bike,69,No,No,No,Poor Weather Visibility,Medium,2.0
ACC30276,04-01-2024,19:45,Telangana,Khammam,17.019,78.8215,City Road,Rainy,Night,62,Male,Bike,59,No,No,No,Poor Weather Visibility,Medium,5.0
ACC30277,23-10-2022,16:28,Tamil Nadu,Coimbatore,10.5729,78.6416,National Highway,Clear,Day,18,Male,Auto,58,No,No,No,Signal Jumping,Low,2.0
ACC30278,23-02-2022,13:37,Tamil Nadu,Chennai,11.1662,78.7527,Village Road,Rainy,Day,36,Male,Truck,40,No,Yes,No,Poor Weather Visibility,Low,0.0
ACC30279,14-05-2022,19:01,Telangana,Khammam,17.884,78.5254,Village Road,Clear,Night,40,Male,Bike,69,Yes,Yes,No,Drunk Driving,High,3.0
ACC30280,14-12-2024,16:39,Tamil Nadu,Chennai,11.0866,79.3194,Expressway,Clear,Day,18,Male,Bike,102,Yes,No,No,Over Speeding,High,7.0
ACC30281,15-07-2022,08:58,Karnataka,Mysuru,15.5468,75.8071,State Highway,Clear,Day,26,Male,Truck,64,No,Yes,No,Drowsy Driving,Low,1.0
ACC30282,03-11-2024,18:32,Karnataka,Belagavi,14.3893,75.361,City Road,Clear,Dusk,54,Male,Truck,35,No,Yes,No,Drowsy Driving,Low,0.0
ACC30283,13-06-2022,22:46,Tamil Nadu,Salem,11.1784,78.9705,National Highway,Rainy,Night,19,Female,Auto,62,No,No,No,Poor Weather Visibility,Medium,2.0
ACC30284,12-04-2024,01:45,Tamil Nadu,Tiruchirappalli,11.0432,78.8778,Expressway,Clear,Night,19,Female,Car,83,No,No,Yes,Over Speeding,High,5.0
ACC30285,20-02-2022,19:48,Andhra Pradesh,Vijayawada,16.4552,79.8798,National Highway,Cloudy,Night,29,Female,Bike,80,No,Yes,Yes,Drowsy Driving,High,5.0
ACC30286,15-01-2024,11:01,Karnataka,Mysuru,15.0533,75.5128,City Road,Overcast,Day,41,Male,Bike,59,No,No,Yes,Pothole/Bad Road,Medium,2.0
ACC30287,09-10-2023,09:01,Tamil Nadu,Tiruchirappalli,10.7079,78.0378,National Highway,Clear,Day,41,Male,Car,94,No,No,No,Over Speeding,Medium,2.0
ACC30288,24-05-2024,10:32,Andhra Pradesh,Nellore,16.1064,79.2365,City Road,Clear,Day,52,Male,Bike,48,Yes,No,Yes,Drunk Driving,High,2.0
ACC30289,10-10-2023,19:36,Tamil Nadu,Salem,11.793,78.7191,State Highway,Clear,Night,34,Female,Car,45,No,No,No,Signal Jumping,Low,0.0
ACC30290,26-03-2024,12:26,Karnataka,Bengaluru Urban,15.2104,75.5879,National Highway,Clear,Day,51,Female,Bike,72,No,No,No,Over Speeding,High,3.0
ACC30291,10-03-2023,00:00,Karnataka,Mangaluru,14.9898,75.9216,Village Road,Clear,Night,44,Male,Bike,26,No,No,No,Poor Weather Visibility,Low,1.0
ACC30292,26-09-2022,18:24,Karnataka,Hubballi,14.9209,75.9394,City Road,Clear,Dusk,29,Male,Car,34,No,No,No,Signal Jumping,Low,
ACC30293,21-03-2024,20:03,Telangana,Warangal,18.0255,78.5649,City Road,Foggy,Night,45,Male,Bike,30,No,No,No,Poor Weather Visibility,Low,1.0
ACC30294,10-07-2023,08:43,Telangana,Hyderabad,17.5379,79.9173,City Road,Rainy,Day,23,Female,Car,51,No,No,No,Poor Weather Visibility,Medium,2.0
ACC30295,02-09-2024,09:08,Andhra Pradesh,Nellore,15.7887,79.6948,National Highway,Clear,Day,48,Male,Car,79,No,No,No,Over Speeding,Medium,2.0
ACC30296,27-04-2024,10:52,Karnataka,Hubballi,15.8835,76.0885,Village Road,Clear,Day,39,Male,Car,15,No,No,No,Poor Weather Visibility,Low,0.0
ACC30297,25-02-2022,10:39,Andhra Pradesh,Visakhapatnam,14.9274,78.8866,City Road,Clear,Day,24,Male,Bike,49,No,No,Yes,Pothole/Bad Road,Low,0.0
ACC30298,15-02-2023,08:41,Kerala,Thiruvananthapuram,10.5719,76.6685,State Highway,Clear,Day,55,Male,Auto,55,No,No,No,Signal Jumping,Low,1.0
ACC30299,05-10-2023,18:57,Telangana,Hyderabad,17.3077,78.7577,State Highway,Clear,Dusk,38,Female,Bike,66,No,No,No,Over Speeding,Low,1.0
ACC30300,25-03-2023,09:50,Tamil Nadu,Salem,11.5053,78.843,City Road,Clear,Day,59,Male,Car,64,No,No,No,Over Speeding,Low,1.0
ACC30301,09-08-2023,09:11,Andhra Pradesh,Vijayawada,15.2922,79.3995,City Road,Clear,Day,18,Male,Bus,59,No,No,No,Signal Jumping,Low,1.0
ACC30302,06-08-2022,18:13,Andhra Pradesh,Nellore,15.2298,80.0986,National Highway,Clear,Dusk,64,Male,Car,90,No,No,No,Over Speeding,Medium,3.0
ACC30303,28-11-2023,20:39,Tamil Nadu,Madurai,11.09,78.9348,State Highway,Clear,Night,35,Male,Bike,48,No,Yes,No,Drowsy Driving,Low,0.0
ACC30304,18-12-2024,02:40,Tamil Nadu,Salem,11.3014,78.7648,City Road,Clear,Night,24,Male,Bike,64,No,Yes,Yes,Drowsy Driving,High,6.0
ACC30305,07-08-2022,08:48,Tamil Nadu,Tiruchirappalli,10.842,78.8865,City Road,Overcast,Day,27,Male,Bike,38,No,No,Yes,Pothole/Bad Road,Low,2.0
ACC30306,10-04-2023,11:00,Telangana,Nizamabad,17.9298,79.3896,City Road,Clear,Day,36,Male,Auto,46,No,No,No,Signal Jumping,Low,1.0
ACC30307,18-09-2024,17:11,Kerala,Kollam,10.0121,75.9995,Village Road,Cloudy,Dusk,34,Male,Bike,69,No,Yes,Yes,Drowsy Driving,High,5.0
ACC30308,18-02-2024,12:35,Karnataka,Belagavi,15.1755,76.0107,Expressway,Overcast,Day,42,Male,Car,108,No,No,No,Over Speeding,High,4.0
ACC30309,13-01-2023,18:40,Andhra Pradesh,Visakhapatnam,15.557,79.9334,City Road,Overcast,Dusk,25,Male,Car,35,No,No,Yes,Pothole/Bad Road,Low,1.0
ACC30310,30-11-2024,21:42,Telangana,Khammam,17.3586,78.8987,Expressway,Foggy,Night,18,Female,Auto,75,Yes,No,No,Poor Weather Visibility,High,4.0
ACC30311,19-02-2022,18:35,Tamil Nadu,Coimbatore,11.9582,79.7116,Expressway,Clear,Dusk,42,Male,Bus,73,No,No,No,Over Speeding,Medium,2.0
ACC30312,15-07-2024,04:16,Kerala,Kozhikode,10.2524,76.1352,Village Road,Clear,Night,46,Male,Car,37,No,No,Yes,Pothole/Bad Road,Low,3.0
ACC30313,01-03-2022,19:01,Andhra Pradesh,Kurnool,15.3906,80.0777,State Highway,Cloudy,Night,26,Female,Bike,66,No,Yes,No,Drowsy Driving,Medium,1.0
ACC30314,29-03-2024,04:20,Karnataka,Belagavi,15.2591,75.9847,National Highway,Foggy,Night,30,Male,Bike,66,No,No,No,Poor Weather Visibility,High,2.0
ACC30315,26-03-2024,17:52,Tamil Nadu,Tiruchirappalli,11.3872,78.1246,State Highway,Rainy,Dusk,36,Male,Truck,76,No,Yes,No,Poor Weather Visibility,Medium,
ACC30316,04-04-2024,04:30,Telangana,Karimnagar,17.9253,79.0055,State Highway,Foggy,Night,59,Male,Auto,58,No,No,No,Poor Weather Visibility,Medium,4.0
ACC30317,20-11-2024,14:13,Tamil Nadu,Coimbatore,11.0251,78.8511,City Road,Clear,Day,26,Male,Car,39,No,No,No,Signal Jumping,Low,1.0
ACC30318,11-04-2022,04:58,Telangana,Nizamabad,17.4652,78.8562,Village Road,Cloudy,Night,18,Male,Car,25,No,Yes,Yes,Drowsy Driving,Low,0.0
ACC30319,27-02-2023,06:49,Kerala,Kollam,10.6935,76.7455,National Highway,Overcast,Day,38,Female,Car,68,No,No,No,Poor Weather Visibility,Low,0.0
ACC30320,13-01-2024,13:20,Andhra Pradesh,Nellore,14.9889,79.1032,City Road,Rainy,Day,53,Female,Bike,54,No,No,No,Poor Weather Visibility,Medium,4.0
ACC30321,03-09-2022,17:29,Karnataka,Bengaluru Urban,16.1892,76.0481,National Highway,Clear,Dusk,27,Male,Car,32,No,No,No,Signal Jumping,Low,0.0
ACC30322,13-06-2023,22:24,Karnataka,Mangaluru,15.7315,75.8574,State Highway,Rainy,Night,35,Male,Bus,59,No,Yes,No,Poor Weather Visibility,Medium,4.0
ACC30323,26-01-2023,20:33,Tamil Nadu,Chennai,10.8141,78.6476,City Road,Clear,Night,18,Female,Bike,53,Yes,No,No,Drunk Driving,Medium,3.0
ACC30324,06-03-2022,12:34,Tamil Nadu,Chennai,11.119,78.4901,State Highway,Clear,Day,33,Male,Truck,61,No,No,No,Signal Jumping,Medium,3.0
ACC30325,29-05-2022,15:01,Karnataka,Hubballi,15.515,76.3817,Expressway,Clear,Day,58,Female,Car,87,No,No,No,Over Speeding,High,4.0
ACC30326,07-10-2022,10:54,Karnataka,Bengaluru Urban,14.7939,75.943,City Road,Cloudy,Day,34,Male,Bus,58,No,No,No,Poor Weather Visibility,Medium,5.0
ACC30327,17-10-2024,23:39,Tamil Nadu,Tiruchirappalli,11.7268,78.4476,State Highway,Rainy,Night,22,Male,Bike,49,No,Yes,No,Poor Weather Visibility,High,3.0
ACC30328,04-07-2024,14:33,Telangana,Karimnagar,17.8907,78.5003,Village Road,Cloudy,Day,47,Male,Car,59,No,No,No,Poor Weather Visibility,Low,0.0
ACC30329,28-11-2024,19:42,Tamil Nadu,Chennai,11.1935,78.6559,State Highway,Overcast,Night,18,Male,Car,79,Yes,No,No,Drunk Driving,High,2.0
ACC30330,20-09-2022,01:05,Tamil Nadu,Coimbatore,10.5881,78.5635,State Highway,Cloudy,Night,38,Male,Car,75,No,Yes,Yes,Drowsy Driving,Medium,4.0
ACC30331,25-09-2022,07:47,Karnataka,Mangaluru,15.5694,75.551,Expressway,Overcast,Day,49,Female,Car,93,No,No,No,Over Speeding,High,7.0
ACC30332,03-06-2022,21:02,Karnataka,Belagavi,16.005,74.9813,Village Road,Cloudy,Night,48,Male,Car,36,No,Yes,Yes,Drowsy Driving,Medium,1.0
ACC30333,03-03-2024,15:58,Kerala,Ernakulam,10.3918,76.2301,City Road,Clear,Day,18,Female,Bike,57,No,No,No,Signal Jumping,Low,1.0
ACC30334,16-08-2023,17:58,Andhra Pradesh,Vijayawada,15.8043,79.7385,National Highway,Cloudy,Dusk,44,Male,Auto,65,No,No,No,Signal Jumping,Medium,6.0
ACC30335,30-09-2023,11:50,Kerala,Thiruvananthapuram,11.0201,76.5849,City Road,Clear,Day,50,Male,Auto,60,No,Yes,No,Drowsy Driving,Low,1.0
ACC30336,04-01-2023,18:02,Kerala,Thiruvananthapuram,10.0888,76.2078,City Road,Cloudy,Dusk,18,Male,Car,33,No,No,No,Poor Weather Visibility,Low,1.0
ACC30337,22-01-2024,11:19,Andhra Pradesh,Nellore,15.6266,79.7465,Expressway,Clear,Day,18,Male,Bike,84,No,Yes,No,Over Speeding,High,5.0
ACC30338,20-06-2022,20:11,Telangana,Khammam,17.8123,79.0742,Village Road,Rainy,Night,33,Male,Bike,42,No,No,Yes,Poor Weather Visibility,High,8.0
ACC30339,29-06-2022,11:55,Tamil Nadu,Chennai,10.9725,78.3974,Expressway,Clear,Day,61,Male,Bike,75,No,No,No,Over Speeding,Medium,5.0
ACC30340,22-09-2024,07:16,Tamil Nadu,Chennai,11.2426,78.6474,National Highway,Clear,Day,25,Male,Car,55,Yes,No,No,Drunk Driving,Medium,2.0
ACC30341,09-05-2023,06:07,Tamil Nadu,Tiruchirappalli,10.7681,78.6528,Village Road,Clear,Day,52,Male,Bike,50,Yes,No,No,Drunk Driving,Medium,4.0
ACC30342,21-11-2023,14:47,Telangana,Khammam,17.8847,79.3079,Expressway,Clear,Day,38,Male,Auto,93,No,No,No,Over Speeding,High,5.0
ACC30343,20-09-2022,08:38,Kerala,Ernakulam,10.8811,76.2069,Village Road,Clear,Day,32,Male,Car,32,No,No,No,Signal Jumping,Low,0.0
ACC30344,12-03-2023,23:01,Tamil Nadu,Tiruchirappalli,10.9158,78.6845,Village Road,Clear,Night,37,Male,Bus,36,No,No,No,Signal Jumping,Low,1.0
ACC30345,15-11-2023,17:58,Telangana,Nizamabad,17.8337,79.037,Village Road,Clear,Dusk,18,Male,Car,54,Yes,Yes,No,Drunk Driving,High,6.0
ACC30346,29-11-2024,02:21,Tamil Nadu,Salem,11.3341,78.2942,State Highway,Rainy,Night,28,Male,Bike,81,No,No,No,Poor Weather Visibility,High,7.0
ACC30347,01-05-2023,14:47,Karnataka,Hubballi,14.6058,75.6109,Expressway,Cloudy,Day,66,Male,Car,81,No,No,No,Over Speeding,Medium,2.0
ACC30348,30-04-2022,10:28,Tamil Nadu,Tiruchirappalli,11.7426,78.675,City Road,Clear,Day,18,Male,Bus,40,No,Yes,Yes,Drowsy Driving,Low,0.0
ACC30349,13-05-2022,08:01,Kerala,Kozhikode,10.914,76.9912,City Road,Clear,Day,47,Male,Car,56,No,No,No,Signal Jumping,Low,0.0
ACC30350,22-03-2023,12:45,Andhra Pradesh,Nellore,15.9264,80.0126,City Road,Clear,Day,33,Male,Car,40,No,No,Yes,Pothole/Bad Road,Low,1.0
ACC30351,28-03-2023,19:54,Andhra Pradesh,Visakhapatnam,15.0331,79.4231,National Highway,Rainy,Night,31,Male,Car,87,No,No,Yes,Poor Weather Visibility,High,6.0
ACC30352,04-11-2022,21:42,Andhra Pradesh,Vijayawada,16.3818,79.0854,National Highway,Clear,Night,21,Female,Bike,77,Yes,No,No,Drunk Driving,High,6.0
ACC30353,30-12-2024,14:17,Andhra Pradesh,Guntur,15.3087,79.9149,City Road,Clear,Day,18,Female,Car,26,No,No,No,Signal Jumping,Low,2.0
ACC30354,28-08-2022,08:04,Karnataka,Hubballi,15.3399,75.6499,National Highway,Cloudy,Day,44,Male,Bike,74,No,No,No,Over Speeding,Medium,2.0
ACC30355,12-11-2024,08:06,Tamil Nadu,Madurai,10.5261,78.5404,National Highway,Overcast,Day,28,Female,Bike,96,Yes,No,Yes,Over Speeding,High,
ACC30356,29-08-2023,18:27,Andhra Pradesh,Nellore,16.3654,79.9758,Village Road,Rainy,Dusk,19,Male,Car,53,Yes,No,Yes,Poor Weather Visibility,Medium,3.0
ACC30357,26-05-2024,21:44,Tamil Nadu,Tiruchirappalli,10.6547,78.2942,Expressway,Rainy,Night,23,Male,Bike,87,No,No,Yes,Poor Weather Visibility,High,6.0
ACC30358,16-04-2023,10:42,Puducherry,Puducherry,12.0262,79.1102,National Highway,Rainy,Day,69,Male,Bus,63,No,Yes,No,Poor Weather Visibility,Medium,5.0
ACC30359,18-09-2024,02:08,Telangana,Hyderabad,18.119,79.4007,Expressway,Cloudy,Night,50,Male,Car,92,Yes,No,No,Over Speeding,High,8.0
ACC30360,11-09-2023,06:32,Karnataka,Mysuru,15.0412,76.2846,National Highway,Cloudy,Day,46,Male,Car,76,No,No,No,Over Speeding,High,4.0
ACC30361,25-01-2023,19:23,Kerala,Kollam,10.8662,76.2448,National Highway,Rainy,Night,55,Male,Car,85,No,No,No,Poor Weather Visibility,High,7.0
ACC30362,15-09-2022,15:26,Andhra Pradesh,Guntur,15.6784,80.1802,State Highway,Cloudy,Day,18,Female,Car,42,No,No,No,Poor Weather Visibility,Low,0.0
ACC30363,19-03-2022,18:55,Andhra Pradesh,Guntur,16.1673,79.2839,State Highway,Overcast,Dusk,28,Male,Bike,54,No,Yes,Yes,Drowsy Driving,Medium,3.0
ACC30364,30-05-2024,09:36,Telangana,Warangal,18.4133,79.2333,National Highway,Clear,Day,26,Male,Truck,76,No,No,No,Over Speeding,Medium,6.0
ACC30365,24-02-2024,11:41,Puducherry,Puducherry,11.8442,79.1204,City Road,Clear,Day,34,Male,Bike,47,No,No,No,Signal Jumping,Low,0.0
ACC30366,01-09-2024,08:49,Kerala,Kozhikode,10.0173,76.7126,State Highway,Overcast,Day,37,Male,Car,64,No,No,Yes,Pothole/Bad Road,Medium,3.0
ACC30367,14-07-2024,23:47,Karnataka,Hubballi,14.88,75.459,Village Road,Clear,Night,29,Male,Bike,47,No,No,No,Signal Jumping,Low,1.0
ACC30368,30-05-2023,13:48,Karnataka,Hubballi,15.589,75.7737,Village Road,Clear,Day,18,Male,Truck,42,No,No,Yes,Pothole/Bad Road,Low,0.0
ACC30369,13-04-2023,18:12,Tamil Nadu,Salem,11.4603,78.9153,City Road,Rainy,Dusk,19,Female,Car,46,No,No,No,Poor Weather Visibility,Low,1.0
ACC30370,09-08-2022,10:04,Telangana,Warangal,18.259,79.6036,City Road,Overcast,Day,37,Male,Car,55,No,No,No,Poor Weather Visibility,Low,0.0
ACC30371,02-08-2022,23:00,Andhra Pradesh,Kurnool,16.0313,80.0361,Village Road,Clear,Night,57,Male,Car,54,Yes,No,Yes,Drunk Driving,High,5.0
ACC30372,25-02-2024,09:23,Tamil Nadu,Coimbatore,10.8099,78.6328,City Road,Clear,Day,31,Male,Auto,64,No,No,Yes,Pothole/Bad Road,Medium,2.0
ACC30373,02-02-2023,10:31,Tamil Nadu,Coimbatore,10.6863,78.4754,National Highway,Clear,Day,19,Male,Bike,43,No,No,No,Signal Jumping,Low,0.0
ACC30374,04-08-2024,02:35,Karnataka,Mangaluru,15.0777,75.5742,City Road,Clear,Night,30,Female,Truck,69,Yes,Yes,Yes,Drunk Driving,High,7.0
ACC30375,10-07-2023,19:49,Telangana,Nizamabad,18.4107,79.0448,City Road,Clear,Night,35,Female,Auto,61,No,No,No,Over Speeding,Medium,2.0
ACC30376,29-09-2023,12:42,Puducherry,Puducherry,11.7294,80.1856,Expressway,Clear,Day,60,Male,Bike,75,No,No,No,Over Speeding,Medium,2.0
ACC30377,28-10-2022,21:17,Puducherry,Karaikal,12.3505,79.5883,City Road,Rainy,Night,38,Male,Bike,37,No,Yes,No,Poor Weather Visibility,Low,0.0
ACC30378,11-09-2022,08:20,Karnataka,Bengaluru Urban,15.0542,75.686,City Road,Clear,Day,39,Male,Auto,47,No,No,Yes,Pothole/Bad Road,Low,0.0
ACC30379,17-12-2024,12:03,Kerala,Thiruvananthapuram,10.395,76.3893,City Road,Cloudy,Day,45,Female,Bike,55,No,Yes,Yes,Drowsy Driving,Medium,3.0
ACC30380,27-08-2024,09:50,Telangana,Khammam,17.7218,79.0497,National Highway,Cloudy,Day,35,Male,Bike,61,No,No,No,Poor Weather Visibility,Medium,5.0
ACC30381,26-09-2022,13:18,Karnataka,Belagavi,15.3584,74.8763,City Road,Rainy,Day,38,Female,Auto,73,Yes,No,No,Poor Weather Visibility,High,3.0
ACC30382,08-09-2022,22:00,Andhra Pradesh,Kurnool,15.4913,80.043,Village Road,Rainy,Night,53,Male,Bike,38,No,Yes,Yes,Poor Weather Visibility,Medium,3.0
ACC30383,08-11-2023,10:45,Tamil Nadu,Coimbatore,10.8944,78.5427,State Highway,Foggy,Day,31,Male,Bus,75,No,Yes,No,Poor Weather Visibility,Medium,2.0
ACC30384,02-03-2024,23:18,Kerala,Thiruvananthapuram,9.9446,76.4599,National Highway,Rainy,Night,35,Male,Bike,62,No,No,No,Poor Weather Visibility,Medium,1.0
ACC30385,24-07-2022,17:17,Telangana,Karimnagar,17.9532,78.8132,Village Road,Rainy,Dusk,43,Male,Truck,35,No,No,Yes,Poor Weather Visibility,Low,1.0
ACC30386,23-06-2022,12:45,Puducherry,Puducherry,12.5688,79.4892,National Highway,Clear,Day,43,Female,Auto,72,Yes,No,No,Drunk Driving,High,5.0
ACC30387,03-05-2023,13:01,Telangana,Khammam,17.2188,78.2005,City Road,Rainy,Day,38,Male,Bike,25,No,No,Yes,Poor Weather Visibility,Low,
ACC30388,10-05-2023,10:34,Tamil Nadu,Salem,11.3331,78.1332,Expressway,Rainy,Day,18,Male,Bike,79,No,No,No,Poor Weather Visibility,High,6.0
ACC30389,16-06-2024,13:12,Tamil Nadu,Coimbatore,11.4472,78.4664,National Highway,Clear,Day,47,Male,Auto,63,No,No,No,Over Speeding,Low,1.0
ACC30390,10-11-2022,13:17,Karnataka,Bengaluru Urban,15.7321,75.7597,Expressway,Cloudy,Day,36,Male,Bike,94,No,No,No,Over Speeding,High,2.0
ACC30391,25-06-2023,13:38,Kerala,Kollam,10.927,75.6965,City Road,Clear,Day,56,Male,Car,46,No,No,No,Signal Jumping,Low,0.0
ACC30392,20-04-2024,10:06,Telangana,Khammam,18.0682,79.6435,City Road,Cloudy,Day,48,Male,Bike,50,No,Yes,Yes,Drowsy Driving,Medium,2.0