Accident_ID,Date,Time,State,District,Latitude,Longitude,Road_Type,Weather,Light_Condition,Driver_Age,Driver_Gender,Vehicle_Type,Speed_kmph,Alcohol_Involved,Driver_Drowsy,Pothole_Involved,Cause_of_Accident,Severity,Casualties
ACC30393,06-11-2024,12:44,Tamil Nadu,Chennai,11.0673,78.6118,City Road,Foggy,Day,25,Male,Bike,49,Yes,No,No,Poor Weather Visibility,High,7.0
ACC30394,30-01-2023,05:49,Karnataka,Bengaluru Urban,15.6626,75.1388,Expressway,Clear,Dawn,63,Female,Bus,77,No,No,No,Over Speeding,Medium,2.0
ACC30395,28-02-2023,18:59,Andhra Pradesh,Kurnool,16.0828,79.4873,Village Road,Rainy,Dusk,33,Male,Bus,36,No,No,No,Poor Weather Visibility,Low,2.0
ACC30396,24-09-2023,19:48,Tamil Nadu,Tiruchirappalli,11.2775,78.7092,State Highway,Clear,Night,28,Male,Car,72,No,No,No,Signal Jumping,Medium,1.0
ACC30397,15-01-2023,22:21,Tamil Nadu,Madurai,11.1565,78.6202,Expressway,Foggy,Night,44,Male,Car,78,No,No,No,Poor Weather Visibility,High,
ACC30398,07-04-2022,17:35,Telangana,Hyderabad,18.1434,78.8611,City Road,Clear,Dusk,41,Male,Bike,35,No,No,No,Signal Jumping,Low,2.0
ACC30399,01-05-2023,04:45,Tamil Nadu,Madurai,11.8177,78.8038,Expressway,Rainy,Night,28,Male,Bus,76,No,No,No,Poor Weather Visibility,Medium,3.0
ACC30400,07-08-2023,21:56,Kerala,Kozhikode,10.5305,76.3625,Village Road,Rainy,Night,18,Male,Truck,53,No,No,Yes,Poor Weather Visibility,Medium,
ACC30401,07-09-2024,20:08,Telangana,Nizamabad,18.0717,78.2375,State Highway,Clear,Night,41,Female,Bus,36,No,Yes,Yes,Signal Jumping,Low,1.0
ACC30402,21-10-2023,13:25,Karnataka,Bengaluru Urban,14.696,76.2711,City Road,Clear,Day,47,Male,Car,45,Yes,No,No,Drunk Driving,Low,1.0
ACC30403,22-06-2022,07:24,Andhra Pradesh,Nellore,15.5702,79.531,Village Road,Clear,Day,29,Male,Car,48,No,No,Yes,Pothole/Bad Road,Medium,3.0
ACC30404,28-12-2024,21:57,Telangana,Khammam,17.4155,78.9943,Village Road,Clear,Night,49,Male,Bike,33,No,No,Yes,Pothole/Bad Road,Medium,1.0
ACC30405,15-08-2022,03:07,Andhra Pradesh,Visakhapatnam,15.7222,79.7203,Village Road,Rainy,Night,27,Male,Car,42,No,No,Yes,Poor Weather Visibility,Medium,0.0
ACC30406,23-02-2024,21:00,Telangana,Nizamabad,17.8206,78.4192,National Highway,Overcast,Night,20,Female,Truck,87,No,Yes,No,Over Speeding,High,7.0
ACC30407,01-05-2022,07:13,Kerala,Ernakulam,10.331,75.6627,State Highway,Clear,Day,33,Male,Bike,32,No,No,Yes,Pothole/Bad Road,Low,2.0
ACC30408,04-05-2023,10:36,Andhra Pradesh,Guntur,15.4231,79.3946,Village Road,Cloudy,Day,29,Male,Bike,35,No,No,Yes,Pothole/Bad Road,Low,2.0
ACC30409,22-05-2024,23:29,Karnataka,Hubballi,15.1516,75.7782,Village Road,Cloudy,Night,65,Female,Bike,30,Yes,No,Yes,Drunk Driving,Low,3.0
ACC30410,31-12-2023,20:51,Kerala,Ernakulam,10.4345,75.9619,Village Road,Clear,Night,44,Male,Bike,55,No,Yes,No,Drowsy Driving,Low,0.0
ACC30411,04-01-2022,17:53,Telangana,Warangal,18.716,79.9617,Expressway,Clear,Dusk,45,Male,Bus,91,No,No,No,Over Speeding,Medium,4.0
ACC30412,05-06-2023,07:39,Telangana,Karimnagar,17.7858,78.4064,National Highway,Clear,Day,18,Male,Auto,67,No,No,No,Over Speeding,Medium,3.0
ACC30413,20-01-2022,20:22,Karnataka,Belagavi,15.1258,75.6219,National Highway,Rainy,Night,53,Male,Bike,94,Yes,No,No,Over Speeding,High,7.0
ACC30414,23-09-2022,07:01,Andhra Pradesh,Vijayawada,15.5872,79.7424,City Road,Clear,Day,37,Male,Car,45,No,No,No,Signal Jumping,Low,0.0
ACC30415,06-09-2024,13:10,Tamil Nadu,Madurai,11.0935,78.7709,State Highway,Cloudy,Day,37,Male,Bike,60,No,No,No,Signal Jumping,Medium,4.0
ACC30416,08-09-2024,20:19,Kerala,Thrissur,10.6573,76.4389,National Highway,Rainy,Night,51,Male,Bike,75,No,No,Yes,Poor Weather Visibility,High,10.0
ACC30417,31-10-2024,09:17,Kerala,Thiruvananthapuram,10.243,76.2696,City Road,Foggy,Day,23,Male,Car,32,No,No,No,Poor Weather Visibility,Low,
ACC30418,10-07-2022,19:59,Puducherry,Karaikal,12.192,79.559,State Highway,Clear,Night,54,Male,Bike,46,No,No,No,Signal Jumping,Low,4.0
ACC30419,01-02-2022,22:01,Tamil Nadu,Salem,10.8611,78.9045,National Highway,Overcast,Night,59,Male,Bus,71,No,Yes,No,Drowsy Driving,High,5.0
ACC30420,26-03-2024,18:03,Telangana,Nizamabad,17.6789,78.685,National Highway,Clear,Dusk,37,Male,Auto,82,No,No,No,Over Speeding,Medium,5.0
ACC30421,13-05-2022,11:59,Kerala,Kozhikode,10.7216,76.2923,Expressway,Rainy,Day,39,Female,Car,85,No,No,No,Poor Weather Visibility,Medium,
ACC30422,09-06-2022,21:11,Karnataka,Mysuru,15.3147,74.9969,City Road,Clear,Night,33,Female,Bike,44,No,No,No,Signal Jumping,Low,1.0
ACC30423,15-07-2023,07:24,Kerala,Kozhikode,10.0919,76.1216,Village Road,Clear,Day,32,Male,Truck,39,No,Yes,Yes,Drowsy Driving,Low,1.0
ACC30424,27-07-2022,17:12,Telangana,Khammam,18.1167,79.492,City Road,Cloudy,Dusk,58,Male,Car,51,No,No,No,Poor Weather Visibility,Low,0.0
ACC30425,05-06-2023,10:44,Telangana,Warangal,18.3405,78.9947,State Highway,Cloudy,Day,18,Female,Bike,70,No,No,No,Poor Weather Visibility,Medium,3.0
ACC30426,12-09-2023,21:36,Tamil Nadu,Madurai,10.8565,79.1079,State Highway,Clear,Night,42,Male,Bike,56,No,No,No,Signal Jumping,Low,0.0
ACC30427,14-08-2022,04:48,Telangana,Warangal,17.7403,78.9328,State Highway,Overcast,Night,24,Female,Bike,81,No,No,No,Over Speeding,High,4.0
ACC30428,04-06-2023,23:39,Karnataka,Hubballi,14.82,75.6646,National Highway,Clear,Night,19,Male,Bike,76,No,Yes,No,Drowsy Driving,High,5.0
ACC30429,08-11-2024,09:38,Tamil Nadu,Chennai,11.7318,78.5777,National Highway,Cloudy,Day,44,Female,Auto,62,No,No,No,Poor Weather Visibility,Medium,1.0
ACC30430,01-12-2023,08:08,Andhra Pradesh,Nellore,15.9452,79.1454,Expressway,Foggy,Day,44,Male,Auto,91,No,No,No,Poor Weather Visibility,High,2.0
ACC30431,15-10-2023,21:45,Andhra Pradesh,Visakhapatnam,16.2974,79.7981,Expressway,Rainy,Night,54,Male,Truck,78,No,No,Yes,Poor Weather Visibility,High,11.0
ACC30432,30-07-2024,22:12,Telangana,Khammam,17.1833,78.7519,State Highway,Clear,Night,46,Male,Bike,70,No,Yes,No,Drowsy Driving,High,5.0
ACC30433,26-12-2024,22:41,Karnataka,Bengaluru Urban,14.4588,75.3155,City Road,Foggy,Night,25,Male,Bike,41,No,No,No,Poor Weather Visibility,Low,0.0
ACC30434,14-01-2022,16:54,Tamil Nadu,Salem,10.7028,78.51,State Highway,Cloudy,Day,18,Male,Car,42,No,No,No,Poor Weather Visibility,Low,2.0
ACC30435,19-10-2023,13:37,Tamil Nadu,Tiruchirappalli,11.6253,77.9338,City Road,Clear,Day,41,Male,Car,71,Yes,No,Yes,Drunk Driving,Medium,1.0
ACC30436,30-07-2023,12:19,Karnataka,Bengaluru Urban,15.4124,75.4534,City Road,Clear,Day,56,Male,Car,60,No,No,No,Signal Jumping,Low,3.0
ACC30437,05-11-2024,07:46,Kerala,Ernakulam,9.6964,76.8233,Village Road,Cloudy,Day,34,Male,Car,59,No,Yes,Yes,Drowsy Driving,Medium,1.0
ACC30438,28-12-2022,08:21,Andhra Pradesh,Kurnool,15.3733,79.7175,City Road,Clear,Day,59,Male,Bike,44,No,No,Yes,Pothole/Bad Road,Low,1.0
ACC30439,19-12-2022,07:19,Andhra Pradesh,Nellore,15.4566,79.7821,City Road,Cloudy,Day,30,Female,Bike,56,No,No,No,Poor Weather Visibility,Low,2.0
ACC30440,10-04-2024,07:06,Tamil Nadu,Coimbatore,11.3492,78.4443,National Highway,Clear,Day,48,Male,Auto,74,No,No,No,Over Speeding,Low,0.0
ACC30441,23-11-2023,22:01,Tamil Nadu,Coimbatore,10.9155,78.7663,State Highway,Clear,Night,44,Male,Auto,57,No,No,No,Poor Weather Visibility,Medium,
ACC30442,03-10-2024,19:58,Karnataka,Bengaluru Urban,14.9914,75.675,National Highway,Rainy,Night,44,Male,Car,80,Yes,No,No,Poor Weather Visibility,High,7.0
ACC30443,02-02-2023,18:26,Karnataka,Mangaluru,15.7635,75.4171,State Highway,Cloudy,Dusk,23,Male,Bike,47,No,No,Yes,Pothole/Bad Road,Medium,5.0
ACC30444,03-03-2022,19:56,Tamil Nadu,Madurai,11.3636,78.6658,Village Road,Clear,Night,37,Male,Car,34,No,No,No,Signal Jumping,Low,2.0
ACC30445,04-11-2024,11:16,Tamil Nadu,Tiruchirappalli,10.7393,79.0954,City Road,Cloudy,Day,46,Male,Car,48,No,No,No,Poor Weather Visibility,Low,0.0
ACC30446,01-01-2022,11:26,Andhra Pradesh,Kurnool,15.9815,79.9426,National Highway,Clear,Day,34,Male,Car,98,Yes,No,No,Over Speeding,High,8.0
ACC30447,27-08-2023,08:25,Andhra Pradesh,Vijayawada,16.099,80.4002,City Road,Clear,Day,42,Male,Truck,40,No,No,No,Poor Weather Visibility,Low,2.0
ACC30448,07-07-2023,10:18,Telangana,Karimnagar,17.9158,79.5012,National Highway,Rainy,Day,30,Female,Bike,67,No,No,Yes,Poor Weather Visibility,High,1.0
ACC30449,24-10-2022,16:11,Karnataka,Bengaluru Urban,15.5489,75.193,Village Road,Rainy,Day,56,Female,Car,28,No,No,Yes,Poor Weather Visibility,Low,1.0
ACC30450,13-09-2023,13:20,Karnataka,Belagavi,15.5713,76.4425,City Road,Foggy,Day,54,Male,Truck,21,No,No,Yes,Poor Weather Visibility,Low,0.0
ACC30451,03-02-2024,12:20,Tamil Nadu,Tiruchirappalli,10.808,77.8878,City Road,Cloudy,Day,43,Male,Bike,54,No,No,No,Poor Weather Visibility,Low,1.0
ACC30452,26-01-2022,14:11,Telangana,Nizamabad,18.5262,79.1493,National Highway,Clear,Day,43,Male,Car,63,No,No,No,Over Speeding,Low,0.0
ACC30453,24-02-2024,19:08,Andhra Pradesh,Vijayawada,15.7872,79.8155,State Highway,Clear,Night,52,Female,Bike,73,Yes,Yes,Yes,Drunk Driving,High,8.0
ACC30454,26-07-2024,12:38,Andhra Pradesh,Guntur,16.3577,79.353,Expressway,Cloudy,Day,28,Male,Auto,90,No,No,No,Over Speeding,High,6.0
ACC30455,20-04-2023,11:03,Karnataka,Bengaluru Urban,14.8237,75.8569,City Road,Clear,Day,45,Male,Bike,53,No,No,No,Poor Weather Visibility,Low,0.0
ACC30456,13-12-2024,15:21,Tamil Nadu,Tiruchirappalli,11.4419,78.6894,Village Road,Clear,Day,49,Male,Car,26,No,No,No,Poor Weather Visibility,Low,1.0
ACC30457,30-10-2024,07:52,Telangana,Hyderabad,18.1463,79.1187,State Highway,Overcast,Day,41,Male,Car,62,No,No,No,Poor Weather Visibility,Low,1.0
ACC30458,24-03-2023,22:26,Kerala,Kollam,10.75,76.0449,State Highway,Clear,Night,38,Male,Car,55,No,Yes,No,Drowsy Driving,Low,2.0
ACC30459,12-07-2023,05:54,Puducherry,Puducherry,12.2603,79.897,Expressway,Cloudy,Dawn,32,Female,Auto,77,No,No,No,Over Speeding,High,8.0
ACC30460,26-03-2022,09:34,Karnataka,Belagavi,15.4505,76.3955,City Road,Clear,Day,24,Female,Auto,45,No,No,No,Signal Jumping,Low,1.0
ACC30461,04-08-2023,03:58,Telangana,Warangal,18.4621,79.0343,Village Road,Rainy,Night,67,Male,Car,52,No,No,Yes,Poor Weather Visibility,Medium,1.0
ACC30462,08-01-2024,20:08,Karnataka,Belagavi,15.4753,75.7754,City Road,Clear,Night,27,Male,Car,74,Yes,Yes,Yes,Drunk Driving,High,6.0
ACC30463,15-12-2022,13:40,Kerala,Ernakulam,10.5833,76.0514,Village Road,Clear,Day,45,Male,Car,47,No,Yes,No,Drowsy Driving,Low,1.0
ACC30464,08-03-2024,18:42,Karnataka,Mysuru,15.9649,75.7496,State Highway,Rainy,Dusk,29,Male,Car,59,No,No,Yes,Poor Weather Visibility,Low,1.0
ACC30465,01-07-2023,20:20,Karnataka,Mysuru,14.8111,75.7011,Village Road,Clear,Night,40,Female,Car,17,No,No,No,Signal Jumping,Low,0.0
ACC30466,01-02-2024,12:32,Karnataka,Belagavi,15.4377,75.7618,Village Road,Clear,Day,43,Male,Bike,38,No,No,Yes,Pothole/Bad Road,Low,0.0
ACC30467,10-12-2023,17:44,Puducherry,Karaikal,11.532,79.2343,State Highway,Rainy,Dusk,24,Male,Car,68,No,No,No,Poor Weather Visibility,High,2.0
ACC30468,21-11-2022,17:44,Telangana,Karimnagar,17.7419,78.5905,City Road,Clear,Dusk,18,Male,Auto,29,No,No,No,Signal Jumping,Low,0.0
ACC30469,05-12-2024,18:23,Puducherry,Karaikal,12.2492,79.8679,National Highway,Clear,Dusk,37,Male,Car,55,No,No,Yes,Pothole/Bad Road,Medium,5.0
ACC30470,02-09-2023,17:34,Tamil Nadu,Tiruchirappalli,11.1541,78.3618,Village Road,Clear,Dusk,32,Male,Bike,42,No,Yes,Yes,Drowsy Driving,Medium,2.0
ACC30471,05-11-2022,19:12,Tamil Nadu,Chennai,10.5842,78.129,City Road,Clear,Night,43,Male,Auto,63,No,Yes,Yes,Drowsy Driving,Medium,2.0
ACC30472,16-02-2023,07:37,Telangana,Hyderabad,17.6555,79.3729,Village Road,Clear,Day,30,Male,Car,51,No,No,Yes,Pothole/Bad Road,Medium,1.0
ACC30473,20-08-2024,06:39,Tamil Nadu,Tiruchirappalli,10.5488,79.3548,Village Road,Clear,Day,23,Male,Car,71,No,No,Yes,Pothole/Bad Road,Low,0.0
ACC30474,02-09-2023,17:31,Karnataka,Mysuru,14.8124,75.8004,City Road,Foggy,Dusk,50,Male,Bike,57,No,No,No,Poor Weather Visibility,Medium,1.0
ACC30475,30-09-2024,14:01,Telangana,Nizamabad,18.0838,79.6839,State Highway,Clear,Day,32,Male,Car,46,No,No,No,Signal Jumping,Low,4.0
ACC30476,29-05-2024,20:47,Andhra Pradesh,Guntur,16.1504,79.373,State Highway,Cloudy,Night,48,Male,Bike,77,Yes,No,No,Drunk Driving,High,3.0
ACC30477,02-12-2024,15:30,Telangana,Hyderabad,17.7754,78.7699,State Highway,Clear,Day,31,Female,Bike,44,No,No,No,Poor Weather Visibility,Low,0.0
ACC30478,08-11-2024,19:53,Karnataka,Mysuru,15.5229,76.5085,State Highway,Clear,Night,27,Male,Truck,72,No,No,No,Over Speeding,Medium,5.0
ACC30479,22-09-2022,19:35,Karnataka,Mangaluru,15.6724,75.7359,State Highway,Clear,Night,18,Female,Truck,56,No,Yes,No,Drowsy Driving,Medium,
ACC30480,20-04-2023,20:04,Telangana,Warangal,18.1277,79.0354,City Road,Overcast,Night,44,Male,Auto,41,Yes,No,No,Drunk Driving,Medium,3.0
ACC30481,02-08-2022,12:17,Kerala,Ernakulam,10.9165,76.4004,National Highway,Clear,Day,48,Female,Car,70,No,Yes,No,Drowsy Driving,Medium,3.0
ACC30482,09-08-2022,10:29,Karnataka,Belagavi,15.0523,75.791,City Road,Clear,Day,50,Male,Bike,43,No,No,No,Signal Jumping,Low,1.0
ACC30483,04-06-2024,08:47,Karnataka,Bengaluru Urban,15.374,75.3789,City Road,Overcast,Day,45,Male,Truck,50,No,No,Yes,Pothole/Bad Road,Low,0.0
ACC30484,22-07-2024,18:56,Andhra Pradesh,Vijayawada,15.3714,80.4379,National Highway,Clear,Dusk,60,Female,Truck,57,No,No,No,Signal Jumping,Low,0.0
ACC30485,27-11-2022,12:56,Andhra Pradesh,Vijayawada,15.9508,79.1153,State Highway,Rainy,Day,26,Male,Car,50,No,No,Yes,Poor Weather Visibility,Low,1.0
ACC30486,02-12-2024,22:50,Tamil Nadu,Coimbatore,10.8258,78.6843,National Highway,Cloudy,Night,43,Male,Car,82,No,No,No,Over Speeding,Medium,3.0
ACC30487,20-09-2023,20:38,Puducherry,Karaikal,12.1183,79.4468,State Highway,Clear,Night,43,Male,Auto,70,No,No,No,Signal Jumping,Medium,2.0
ACC30488,08-05-2024,11:24,Telangana,Hyderabad,17.703,78.8861,Village Road,Clear,Day,18,Male,Bus,44,No,No,No,Poor Weather Visibility,Low,3.0
ACC30489,07-11-2022,05:44,Karnataka,Bengaluru Urban,14.9279,75.2716,National Highway,Cloudy,Dawn,32,Male,Bus,77,No,No,No,Over Speeding,High,5.0
ACC30490,16-06-2022,04:04,Tamil Nadu,Tiruchirappalli,10.9339,78.695,State Highway,Clear,Night,41,Male,Bike,62,Yes,Yes,No,Drunk Driving,Medium,3.0
ACC30491,05-09-2023,15:03,Telangana,Nizamabad,18.0782,77.891,National Highway,Clear,Day,28,Male,Car,81,Yes,No,No,Drunk Driving,Medium,2.0
ACC30492,03-05-2023,17:25,Karnataka,Bengaluru Urban,14.9087,75.8509,State Highway,Cloudy,Dusk,47,Male,Auto,54,No,No,No,Poor Weather Visibility,Low,0.0
ACC30493,27-02-2022,14:58,Andhra Pradesh,Kurnool,15.9396,79.861,City Road,Cloudy,Day,42,Male,Bike,59,No,No,No,Poor Weather Visibility,Low,1.0
ACC30494,20-08-2022,06:55,Tamil Nadu,Tiruchirappalli,10.9078,78.2213,National Highway,Cloudy,Day,53,Male,Bike,59,No,No,No,Poor Weather Visibility,Low,0.0
ACC30495,06-05-2023,19:37,Tamil Nadu,Chennai,11.0604,78.6981,Village Road,Clear,Night,23,Male,Car,62,No,No,No,Signal Jumping,Medium,3.0
ACC30496,25-07-2024,04:20,Karnataka,Hubballi,15.126,75.7603,Village Road,Rainy,Night,27,Male,Truck,19,No,No,Yes,Poor Weather Visibility,Low,1.0
ACC30497,15-12-2023,18:32,Andhra Pradesh,Kurnool,16.3329,79.9446,National Highway,Clear,Dusk,29,Male,Truck,87,Yes,Yes,No,Over Speeding,High,5.0
ACC30498,01-01-2024,17:34,Telangana,Khammam,18.0966,78.6102,National Highway,Rainy,Dusk,53,Female,Car,56,No,No,Yes,Poor Weather Visibility,Low,2.0
ACC30499,23-07-2024,18:59,Karnataka,Bengaluru Urban,15.3464,76.253,State Highway,Clear,Dusk,25,Male,Bike,66,No,No,No,Over Speeding,Medium,4.0
ACC30500,04-07-2023,08:17,Andhra Pradesh,Nellore,16.0387,79.2923,State Highway,Clear,Day,34,Male,Car,47,No,No,No,Signal Jumping,Low,1.0
ACC30501,01-06-2022,17:14,Andhra Pradesh,Guntur,16.6935,80.7327,State Highway,Overcast,Dusk,36,Female,Car,68,No,No,No,Poor Weather Visibility,Low,2.0
ACC30502,21-08-2024,17:49,Andhra Pradesh,Visakhapatnam,15.9177,80.4995,National Highway,Cloudy,Dusk,53,Male,Car,79,No,Yes,No,Drowsy Driving,High,5.0
ACC30503,30-06-2023,21:13,Tamil Nadu,Madurai,11.5386,78.7108,National Highway,Cloudy,Night,43,Male,Car,89,No,No,No,Over Speeding,High,4.0
ACC30504,02-02-2022,21:58,Telangana,Hyderabad,18.0976,79.1334,Village Road,Rainy,Night,38,Male,Bike,16,No,No,No,Poor Weather Visibility,Low,
ACC30505,06-10-2023,12:53,Karnataka,Belagavi,15.3329,75.6523,Village Road,Clear,Day,35,Male,Car,37,No,No,Yes,Pothole/Bad Road,Low,
ACC30506,27-10-2024,15:37,Telangana,Khammam,18.0839,79.1365,Expressway,Rainy,Day,34,Male,Car,79,No,No,No,Poor Weather Visibility,Medium,3.0
ACC30507,08-01-2023,16:49,Andhra Pradesh,Visakhapatnam,15.6661,79.7704,City Road,Cloudy,Day,34,Female,Car,48,No,No,No,Poor Weather Visibility,Low,0.0
ACC30508,27-07-2022,19:15,Telangana,Khammam,18.1663,78.6173,National Highway,Rainy,Night,33,Male,Car,86,Yes,No,No,Poor Weather Visibility,High,4.0
ACC30509,20-10-2023,18:08,Tamil Nadu,Madurai,11.3609,78.7476,National Highway,Rainy,Dusk,32,Male,Car,70,No,No,No,Poor Weather Visibility,Medium,
ACC30510,05-06-2022,18:34,Karnataka,Mysuru,14.7618,75.1217,City Road,Clear,Dusk,54,Male,Bus,59,No,No,No,Signal Jumping,Low,0.0
ACC30511,23-07-2023,15:59,Telangana,Khammam,17.9218,78.9608,National Highway,Cloudy,Day,18,Female,Auto,72,No,No,No,Poor Weather Visibility,Medium,6.0
ACC30512,22-04-2024,18:39,Tamil Nadu,Coimbatore,10.6453,79.0631,Village Road,Clear,Dusk,56,Male,Bike,22,No,No,No,Signal Jumping,Low,1.0
ACC30513,24-10-2024,19:45,Andhra Pradesh,Nellore,15.7519,80.0056,State Highway,Cloudy,Night,18,Male,Car,75,No,No,No,Signal Jumping,Medium,3.0
ACC30514,14-04-2023,12:44,Tamil Nadu,Tiruchirappalli,11.1576,78.8854,City Road,Cloudy,Day,34,Male,Auto,38,No,No,No,Signal Jumping,Low,0.0
ACC30515,08-10-2024,10:08,Tamil Nadu,Madurai,10.9552,78.6209,Village Road,Clear,Day,29,Male,Bike,26,No,No,No,Poor Weather Visibility,Low,
ACC30516,24-01-2024,13:07,Karnataka,Bengaluru Urban,15.6364,76.4409,Village Road,Clear,Day,54,Male,Car,57,No,No,No,Signal Jumping,Low,0.0
ACC30517,11-10-2023,08:12,Karnataka,Mangaluru,15.8749,75.1685,City Road,Cloudy,Day,31,Female,Car,48,No,No,Yes,Signal Jumping,Low,0.0
ACC30518,19-07-2023,07:20,Telangana,Hyderabad,17.2328,78.4053,State Highway,Overcast,Day,55,Female,Car,74,No,Yes,No,Drowsy Driving,Medium,
ACC30519,23-06-2022,18:20,Karnataka,Hubballi,15.1326,76.0952,City Road,Clear,Dusk,31,Male,Bike,77,No,Yes,No,Drowsy Driving,Medium,3.0
ACC30520,27-03-2023,21:50,Karnataka,Bengaluru Urban,15.6208,76.1102,Village Road,Clear,Night,35,Male,Auto,48,No,No,Yes,Pothole/Bad Road,Medium,4.0
ACC30521,29-07-2022,19:03,Kerala,Thrissur,10.3542,76.1756,State Highway,Rainy,Night,43,Male,Auto,92,No,No,Yes,Over Speeding,High,5.0
ACC30522,21-03-2022,22:26,Tamil Nadu,Chennai,11.6159,79.0528,National Highway,Clear,Night,53,Female,Car,100,Yes,Yes,No,Over Speeding,High,6.0
ACC30523,17-09-2023,09:45,Tamil Nadu,Madurai,11.7017,78.5605,State Highway,Rainy,Day,41,Male,Car,63,No,No,No,Poor Weather Visibility,Low,0.0
ACC30524,14-11-2023,08:46,Telangana,Karimnagar,18.2345,78.564,Village Road,Clear,Day,54,Female,Bike,41,No,No,Yes,Pothole/Bad Road,Low,0.0
ACC30525,27-11-2022,09:21,Andhra Pradesh,Nellore,15.8101,80.3052,State Highway,Rainy,Day,36,Male,Car,63,No,No,Yes,Poor Weather Visibility,Medium,1.0
ACC30526,15-10-2022,05:27,Telangana,Nizamabad,18.0795,79.0419,State Highway,Clear,Dawn,37,Female,Bus,42,No,No,No,Signal Jumping,Low,0.0
ACC30527,15-02-2024,17:40,Tamil Nadu,Chennai,11.0509,78.9527,State Highway,Clear,Dusk,45,Male,Bike,52,No,No,No,Signal Jumping,Low,1.0
ACC30528,16-02-2022,10:11,Telangana,Hyderabad,17.5665,79.0303,Village Road,Clear,Day,35,Male,Car,64,Yes,No,No,Drunk Driving,Low,0.0
ACC30529,16-08-2023,00:33,Telangana,Warangal,17.6215,78.5584,Village Road,Foggy,Night,43,Female,Auto,43,No,No,Yes,Poor Weather Visibility,Medium,2.0
ACC30530,02-04-2022,18:01,Kerala,Kollam,10.262,76.3497,Village Road,Clear,Dusk,55,Male,Bike,39,Yes,No,No,Drunk Driving,Low,0.0
ACC30531,12-10-2023,12:15,Puducherry,Puducherry,11.7996,79.2032,Expressway,Foggy,Day,27,Male,Truck,57,No,No,No,Poor Weather Visibility,Medium,1.0
ACC30532,28-05-2023,14:27,Telangana,Khammam,17.475,79.655,City Road,Clear,Day,37,Male,Bus,32,No,No,No,Signal Jumping,Low,0.0
ACC30533,08-04-2022,17:03,Telangana,Warangal,17.6386,78.5707,National Highway,Overcast,Dusk,23,Male,Car,78,No,Yes,No,Drowsy Driving,High,5.0
ACC30534,09-03-2024,06:58,Tamil Nadu,Salem,11.576,77.942,Expressway,Rainy,Day,39,Male,Car,68,No,No,No,Poor Weather Visibility,Medium,5.0
ACC30535,23-03-2023,14:20,Kerala,Ernakulam,11.2993,76.0716,State Highway,Clear,Day,35,Male,Car,40,No,No,No,Poor Weather Visibility,Low,1.0
ACC30536,08-06-2023,13:53,Telangana,Karimnagar,17.6585,79.5537,Expressway,Clear,Day,39,Male,Bike,75,No,No,No,Over Speeding,High,3.0
ACC30537,28-05-2024,19:00,Karnataka,Belagavi,15.1073,75.7212,Expressway,Clear,Night,39,Male,Bike,73,No,No,No,Over Speeding,Medium,1.0
ACC30538,05-05-2023,19:40,Andhra Pradesh,Visakhapatnam,15.7661,79.841,Village Road,Clear,Night,25,Male,Auto,48,No,Yes,Yes,Drowsy Driving,High,6.0
ACC30539,01-12-2024,17:49,Kerala,Kollam,10.5241,76.0595,City Road,Rainy,Dusk,54,Male,Auto,38,No,No,No,Poor Weather Visibility,Low,0.0
ACC30540,20-09-2023,16:14,Kerala,Thrissur,10.1679,76.1742,State Highway,Foggy,Day,40,Female,Car,72,No,No,No,Poor Weather Visibility,High,4.0
ACC30541,29-12-2022,07:52,Kerala,Thiruvananthapuram,10.5512,76.1939,City Road,Clear,Day,31,Female,Bike,49,No,No,No,Poor Weather Visibility,Low,0.0
ACC30542,16-01-2024,15:52,Tamil Nadu,Tiruchirappalli,11.071,78.4934,National Highway,Rainy,Day,55,Male,Car,78,No,No,Yes,Poor Weather Visibility,High,4.0
ACC30543,31-12-2023,08:50,Tamil Nadu,Chennai,11.2877,78.6333,State Highway,Clear,Day,39,Male,Car,54,No,No,No,Signal Jumping,Low,1.0
ACC30544,07-10-2024,16:46,Tamil Nadu,Chennai,10.7575,78.5241,City Road,Clear,Day,32,Male,Bus,67,No,Yes,No,Drowsy Driving,Low,0.0
ACC30545,18-08-2023,13:39,Telangana,Karimnagar,18.2327,79.4147,National Highway,Cloudy,Day,45,Female,Car,58,No,No,No,Poor Weather Visibility,Low,1.0
ACC30546,21-07-2022,17:15,Tamil Nadu,Salem,10.719,78.914,City Road,Rainy,Dusk,49,Male,Bike,22,No,No,No,Poor Weather Visibility,Low,1.0
ACC30547,02-03-2023,08:25,Tamil Nadu,Salem,11.1497,78.7568,State Highway,Clear,Day,34,Female,Bike,56,No,No,Yes,Pothole/Bad Road,Medium,1.0
ACC30548,27-08-2022,21:29,Karnataka,Hubballi,14.9312,75.2765,State Highway,Clear,Night,18,Male,Bike,66,No,Yes,No,Drowsy Driving,Medium,4.0
ACC30549,30-12-2024,17:27,Andhra Pradesh,Kurnool,15.4016,79.3903,City Road,Clear,Dusk,34,Female,Truck,32,No,No,No,Signal Jumping,Low,1.0
ACC30550,28-06-2024,21:06,Karnataka,Bengaluru Urban,15.1251,75.9344,City Road,Clear,Night,28,Female,Bike,70,No,No,No,Signal Jumping,Medium,0.0