Accident_ID,Date,Time,State,District,Latitude,Longitude,Road_Type,Weather,Light_Condition,Driver_Age,Driver_Gender,Vehicle_Type,Speed_kmph,Alcohol_Involved,Driver_Drowsy,Pothole_Involved,Cause_of_Accident,Severity,Casualties
ACC30551,20-11-2023,17:13,Andhra Pradesh,Vijayawada,16.6556,80.2245,City Road,Cloudy,Dusk,43,Male,Bus,48,Yes,Yes,No,Drunk Driving,Medium,5.0
ACC30552,31-01-2022,17:21,Telangana,Warangal,18.4021,78.9108,City Road,Rainy,Dusk,36,Male,Car,38,No,No,Yes,Poor Weather Visibility,Low,0.0
ACC30553,03-06-2023,05:32,Karnataka,Mysuru,14.898,75.4627,City Road,Rainy,Dawn,28,Female,Auto,44,No,No,Yes,Poor Weather Visibility,Medium,4.0
ACC30554,28-03-2023,09:18,Telangana,Warangal,17.767,78.6906,State Highway,Rainy,Day,35,Male,Bike,71,No,No,Yes,Poor Weather Visibility,Medium,3.0
ACC30555,10-04-2024,17:44,Karnataka,Hubballi,15.6088,75.3864,State Highway,Clear,Dusk,26,Male,Bus,50,No,No,No,Signal Jumping,Low,4.0
ACC30556,29-12-2022,01:13,Karnataka,Bengaluru Urban,15.3439,75.9156,City Road,Clear,Night,38,Male,Bike,50,No,Yes,No,Drowsy Driving,Low,1.0
ACC30557,12-08-2024,13:00,Telangana,Hyderabad,18.0094,79.1708,State Highway,Overcast,Day,38,Male,Truck,42,No,Yes,No,Drowsy Driving,Low,2.0
ACC30558,26-08-2023,23:02,Andhra Pradesh,Kurnool,16.3718,80.029,City Road,Clear,Night,27,Male,Auto,60,No,No,No,Signal Jumping,Medium,1.0
ACC30559,02-07-2023,06:12,Telangana,Hyderabad,18.182,79.377,City Road,Rainy,Day,50,Female,Auto,39,No,No,No,Poor Weather Visibility,Low,
ACC30560,08-06-2023,16:06,Puducherry,Karaikal,12.5034,79.2975,State Highway,Foggy,Day,31,Female,Car,60,No,No,No,Poor Weather Visibility,Low,3.0
ACC30561,05-12-2024,16:15,Karnataka,Bengaluru Urban,14.9596,76.0085,Village Road,Clear,Day,62,Male,Auto,38,No,No,No,Poor Weather Visibility,Low,1.0
ACC30562,18-12-2024,19:24,Tamil Nadu,Madurai,10.7621,79.1521,National Highway,Clear,Night,18,Female,Bike,71,No,Yes,No,Drowsy Driving,Medium,2.0
ACC30563,28-06-2022,13:05,Andhra Pradesh,Visakhapatnam,15.4284,79.9174,National Highway,Foggy,Day,47,Male,Bike,46,No,No,No,Poor Weather Visibility,Medium,5.0
ACC30564,29-05-2024,22:44,Karnataka,Belagavi,15.3583,75.9621,National Highway,Clear,Night,25,Female,Auto,76,No,No,No,Over Speeding,Medium,0.0
ACC30565,01-08-2023,08:11,Telangana,Khammam,18.2922,79.1294,National Highway,Clear,Day,29,Male,Auto,72,No,No,No,Over Speeding,Medium,5.0
ACC30566,27-03-2022,17:19,Puducherry,Karaikal,11.928,79.7934,National Highway,Clear,Dusk,47,Male,Auto,58,No,No,No,Signal Jumping,Low,2.0
ACC30567,02-05-2022,07:14,Kerala,Thrissur,9.6372,76.0085,National Highway,Clear,Day,43,Male,Car,54,No,No,No,Signal Jumping,Low,1.0
ACC30568,30-10-2023,16:54,Puducherry,Puducherry,12.5345,79.5969,City Road,Rainy,Day,49,Male,Bike,64,No,Yes,No,Poor Weather Visibility,Medium,3.0
ACC30569,18-02-2022,14:26,Karnataka,Bengaluru Urban,15.5874,75.9546,City Road,Clear,Day,36,Male,Car,61,Yes,No,Yes,Drunk Driving,Medium,1.0
ACC30570,31-08-2022,16:37,Telangana,Warangal,17.8626,78.9227,National Highway,Clear,Day,51,Male,Bike,79,No,No,No,Over Speeding,High,1.0
ACC30571,15-08-2024,11:01,Telangana,Khammam,17.9967,78.4368,State Highway,Cloudy,Day,30,Male,Auto,75,No,No,Yes,Signal Jumping,High,3.0
ACC30572,02-11-2024,22:08,Telangana,Khammam,18.1039,78.9158,City Road,Overcast,Night,41,Male,Bike,71,No,No,No,Poor Weather Visibility,Medium,
ACC30573,23-03-2023,19:19,Kerala,Kollam,9.7364,76.6234,National Highway,Clear,Night,33,Male,Bike,51,No,No,No,Signal Jumping,Low,
ACC30574,11-03-2022,14:40,Puducherry,Karaikal,11.4752,80.1408,City Road,Clear,Day,57,Female,Auto,74,Yes,No,No,Drunk Driving,Medium,2.0
ACC30575,01-07-2023,13:09,Andhra Pradesh,Kurnool,15.5597,79.6954,City Road,Rainy,Day,18,Male,Car,63,No,No,Yes,Poor Weather Visibility,Medium,5.0
ACC30576,17-07-2024,13:43,Tamil Nadu,Salem,11.1003,78.4748,City Road,Cloudy,Day,36,Male,Bus,47,No,No,Yes,Pothole/Bad Road,Low,
ACC30577,18-02-2023,12:20,Tamil Nadu,Chennai,12.0199,78.448,Village Road,Foggy,Day,26,Male,Car,50,No,No,Yes,Poor Weather Visibility,Medium,0.0
ACC30578,04-04-2022,08:53,Karnataka,Hubballi,15.7245,75.9388,Village Road,Overcast,Day,18,Female,Bike,36,Yes,No,Yes,Drunk Driving,Low,1.0
ACC30579,31-07-2023,17:14,Karnataka,Belagavi,15.3553,75.2053,National Highway,Rainy,Dusk,27,Male,Bike,58,No,No,Yes,Poor Weather Visibility,Medium,4.0
ACC30580,10-04-2023,15:28,Andhra Pradesh,Kurnool,14.9867,79.0878,City Road,Cloudy,Day,38,Male,Car,58,No,No,No,Poor Weather Visibility,Low,0.0
ACC30581,09-09-2022,18:39,Telangana,Khammam,17.5937,79.0516,City Road,Clear,Dusk,40,Male,Truck,54,No,No,No,Signal Jumping,Low,
ACC30582,22-10-2024,10:08,Karnataka,Mangaluru,16.1629,75.3086,State Highway,Cloudy,Day,67,Male,Car,57,No,No,No,Poor Weather Visibility,Low,1.0
ACC30583,27-03-2024,10:20,Andhra Pradesh,Nellore,15.9072,79.1657,Expressway,Clear,Day,50,Female,Bike,86,No,No,No,Over Speeding,High,6.0
ACC30584,26-01-2023,02:23,Karnataka,Bengaluru Urban,15.0895,75.4583,Village Road,Foggy,Night,60,Male,Bus,55,No,No,No,Poor Weather Visibility,Low,3.0
ACC30585,16-08-2024,11:20,Tamil Nadu,Madurai,11.201,78.4824,National Highway,Clear,Day,53,Male,Truck,61,No,No,No,Signal Jumping,Medium,2.0
ACC30586,16-06-2023,18:52,Kerala,Kollam,10.2164,76.9174,State Highway,Cloudy,Dusk,42,Male,Car,62,No,No,No,Signal Jumping,Medium,3.0
ACC30587,06-12-2024,05:10,Andhra Pradesh,Vijayawada,16.2592,80.5079,National Highway,Clear,Dawn,33,Male,Bike,64,No,No,No,Signal Jumping,Low,0.0
ACC30588,02-10-2023,18:42,Andhra Pradesh,Nellore,15.5969,79.7995,City Road,Clear,Dusk,39,Male,Truck,77,Yes,No,No,Signal Jumping,High,7.0
ACC30589,12-01-2023,23:46,Tamil Nadu,Salem,11.3031,78.3679,Village Road,Clear,Night,38,Female,Truck,40,No,No,Yes,Pothole/Bad Road,Low,5.0
ACC30590,09-10-2024,21:02,Telangana,Hyderabad,18.2078,79.1665,National Highway,Clear,Night,32,Male,Truck,72,No,Yes,No,Drowsy Driving,High,4.0
ACC30591,09-07-2023,16:23,Andhra Pradesh,Guntur,16.2679,79.7671,Expressway,Clear,Day,34,Female,Auto,80,No,No,No,Over Speeding,Medium,1.0
ACC30592,31-07-2022,15:05,Telangana,Nizamabad,18.1011,79.297,Village Road,Clear,Day,18,Male,Car,47,Yes,Yes,Yes,Drunk Driving,Medium,5.0
ACC30593,26-07-2024,17:10,Puducherry,Karaikal,11.8294,79.3539,City Road,Clear,Dusk,31,Female,Auto,39,No,No,No,Signal Jumping,Low,0.0
ACC30594,07-04-2024,00:41,Tamil Nadu,Chennai,10.847,78.4813,National Highway,Foggy,Night,29,Male,Car,62,Yes,No,No,Poor Weather Visibility,Medium,3.0
ACC30595,09-11-2023,20:53,Kerala,Kollam,10.1863,76.7614,State Highway,Clear,Night,35,Male,Bike,56,No,No,No,Signal Jumping,Low,1.0
ACC30596,21-08-2024,15:52,Tamil Nadu,Chennai,11.3748,78.5585,Village Road,Clear,Day,42,Male,Truck,50,No,No,Yes,Pothole/Bad Road,Low,2.0
ACC30597,16-11-2024,11:23,Andhra Pradesh,Vijayawada,16.7361,80.3167,City Road,Clear,Day,23,Male,Car,51,No,No,No,Signal Jumping,Low,1.0
ACC30598,14-12-2023,22:56,Telangana,Warangal,17.7254,78.5064,National Highway,Cloudy,Night,20,Male,Bus,76,No,Yes,No,Drowsy Driving,High,9.0
ACC30599,30-09-2024,02:57,Kerala,Thiruvananthapuram,10.6581,76.106,State Highway,Cloudy,Night,35,Male,Bike,62,No,No,No,Signal Jumping,Medium,1.0
ACC30600,16-02-2024,17:28,Tamil Nadu,Salem,11.4258,78.2296,National Highway,Cloudy,Dusk,45,Female,Bike,52,No,No,No,Signal Jumping,Medium,2.0
ACC30601,24-12-2022,13:31,Andhra Pradesh,Vijayawada,15.8113,78.9867,State Highway,Clear,Day,34,Female,Car,56,No,No,No,Poor Weather Visibility,Low,1.0
ACC30602,19-03-2022,20:48,Telangana,Nizamabad,17.5267,78.871,Village Road,Clear,Night,59,Female,Bike,34,No,Yes,No,Drowsy Driving,Low,1.0
ACC30603,26-07-2023,09:30,Telangana,Nizamabad,18.3,78.9111,Village Road,Cloudy,Day,40,Male,Car,52,No,No,No,Poor Weather Visibility,Low,2.0
ACC30604,19-09-2023,15:22,Telangana,Warangal,17.5046,79.4928,National Highway,Rainy,Day,45,Male,Truck,69,No,No,No,Poor Weather Visibility,Medium,2.0
ACC30605,20-11-2022,05:42,Tamil Nadu,Chennai,10.6622,78.8631,State Highway,Clear,Dawn,36,Female,Car,91,Yes,No,No,Over Speeding,Medium,
ACC30606,15-12-2024,19:17,Telangana,Karimnagar,18.1312,79.4017,National Highway,Overcast,Night,27,Male,Car,75,Yes,No,No,Drunk Driving,Medium,
ACC30607,07-11-2022,16:14,Karnataka,Belagavi,14.656,75.7459,State Highway,Clear,Day,44,Male,Bike,59,No,No,No,Signal Jumping,Medium,4.0
ACC30608,22-06-2022,22:55,Tamil Nadu,Madurai,10.9955,78.7017,Village Road,Rainy,Night,45,Female,Truck,41,No,No,No,Poor Weather Visibility,Low,0.0
ACC30609,21-03-2023,12:22,Karnataka,Mangaluru,15.2604,75.7213,Village Road,Clear,Day,55,Male,Bike,58,No,No,Yes,Pothole/Bad Road,Low,1.0
ACC30610,23-07-2022,12:04,Tamil Nadu,Madurai,9.985,78.5594,State Highway,Cloudy,Day,41,Male,Bike,85,No,No,Yes,Over Speeding,High,4.0
ACC30611,15-04-2022,09:29,Karnataka,Mangaluru,15.0043,76.0979,State Highway,Clear,Day,57,Male,Bus,55,No,Yes,No,Drowsy Driving,Low,0.0
ACC30612,06-09-2022,18:39,Kerala,Thrissur,10.283,75.9579,National Highway,Rainy,Dusk,53,Male,Bike,70,No,No,Yes,Poor Weather Visibility,High,5.0
ACC30613,15-09-2023,11:05,Tamil Nadu,Tiruchirappalli,11.2844,78.2484,State Highway,Clear,Day,26,Male,Car,51,No,No,No,Poor Weather Visibility,Low,
ACC30614,21-11-2022,10:21,Tamil Nadu,Tiruchirappalli,11.0649,78.6836,Village Road,Clear,Day,47,Male,Bike,68,No,No,No,Over Speeding,Low,2.0
ACC30615,21-04-2022,05:20,Tamil Nadu,Salem,11.6434,78.9662,Village Road,Overcast,Dawn,18,Male,Car,52,No,Yes,Yes,Drowsy Driving,Medium,4.0
ACC30616,22-12-2024,04:24,Andhra Pradesh,Guntur,16.17,79.847,National Highway,Foggy,Night,18,Male,Car,76,Yes,No,No,Poor Weather Visibility,High,4.0
ACC30617,01-02-2023,04:20,Telangana,Warangal,17.8377,79.6594,City Road,Rainy,Night,55,Male,Car,66,Yes,No,Yes,Poor Weather Visibility,High,9.0
ACC30618,11-09-2022,12:35,Kerala,Thrissur,10.1417,76.3124,National Highway,Clear,Day,57,Male,Car,69,No,No,No,Over Speeding,Medium,3.0
ACC30619,12-06-2022,16:11,Telangana,Khammam,17.824,78.9965,City Road,Cloudy,Day,41,Male,Bike,58,No,No,No,Poor Weather Visibility,Medium,0.0
ACC30620,01-05-2023,00:02,Tamil Nadu,Chennai,10.7096,78.1084,National Highway,Rainy,Night,46,Male,Bike,79,No,No,No,Poor Weather Visibility,High,2.0
ACC30621,31-12-2023,18:41,Telangana,Karimnagar,18.1287,79.5634,National Highway,Cloudy,Dusk,38,Female,Bike,56,No,No,No,Signal Jumping,Low,1.0
ACC30622,13-09-2024,16:11,Telangana,Karimnagar,17.7011,79.0142,Expressway,Cloudy,Day,43,Female,Car,89,No,No,No,Over Speeding,High,3.0
ACC30623,30-10-2024,08:43,Tamil Nadu,Chennai,11.0053,78.163,City Road,Overcast,Day,31,Male,Truck,59,No,Yes,No,Drowsy Driving,Low,2.0
ACC30624,13-06-2023,20:25,Karnataka,Belagavi,14.5512,75.4866,City Road,Rainy,Night,49,Male,Bike,57,No,Yes,No,Poor Weather Visibility,Medium,2.0
ACC30625,01-11-2022,22:12,Karnataka,Mangaluru,16.0884,75.8771,Village Road,Clear,Night,35,Male,Truck,35,No,No,Yes,Pothole/Bad Road,Low,0.0
ACC30626,26-12-2022,22:35,Karnataka,Mysuru,15.7756,75.7977,National Highway,Cloudy,Night,31,Female,Truck,62,No,Yes,No,Drowsy Driving,Medium,1.0
ACC30627,19-05-2023,04:53,Telangana,Hyderabad,17.2614,78.4056,State Highway,Cloudy,Night,35,Male,Car,97,Yes,Yes,No,Over Speeding,High,6.0
ACC30628,25-09-2023,04:38,Tamil Nadu,Chennai,10.9638,78.5044,National Highway,Clear,Night,26,Female,Bike,58,No,Yes,No,Drowsy Driving,Medium,5.0
ACC30629,08-07-2023,13:15,Karnataka,Bengaluru Urban,15.3725,75.6831,City Road,Rainy,Day,44,Male,Bike,54,No,No,Yes,Poor Weather Visibility,Medium,2.0
ACC30630,10-08-2023,13:57,Tamil Nadu,Salem,10.9946,78.7586,State Highway,Rainy,Day,35,Male,Truck,61,No,No,No,Poor Weather Visibility,Medium,1.0
ACC30631,18-05-2022,07:37,Kerala,Kozhikode,10.1895,75.4988,City Road,Overcast,Day,61,Male,Bike,50,Yes,No,No,Drunk Driving,Medium,2.0
ACC30632,12-10-2024,16:09,Kerala,Thiruvananthapuram,9.9364,76.5794,Village Road,Overcast,Day,62,Female,Bike,46,No,No,No,Poor Weather Visibility,Low,1.0
ACC30633,09-03-2024,16:14,Telangana,Karimnagar,18.0779,79.0589,City Road,Cloudy,Day,18,Male,Truck,27,No,No,No,Poor Weather Visibility,Low,0.0
ACC30634,22-10-2024,08:47,Telangana,Hyderabad,18.4105,78.7996,City Road,Clear,Day,43,Male,Car,32,No,No,No,Poor Weather Visibility,Low,1.0
ACC30635,05-05-2022,08:02,Telangana,Khammam,17.9027,79.2391,State Highway,Clear,Day,30,Male,Bus,41,No,No,No,Signal Jumping,Low,4.0
ACC30636,17-12-2022,08:20,Karnataka,Belagavi,15.8648,76.1066,City Road,Cloudy,Day,34,Male,Car,53,No,No,No,Poor Weather Visibility,Low,1.0
ACC30637,26-11-2024,20:34,Karnataka,Mangaluru,16.0497,76.1876,Village Road,Cloudy,Night,28,Male,Bus,76,Yes,No,Yes,Drunk Driving,High,2.0
ACC30638,20-08-2024,14:19,Andhra Pradesh,Nellore,15.6605,79.6756,National Highway,Clear,Day,31,Female,Auto,74,No,Yes,Yes,Drowsy Driving,High,5.0
ACC30639,21-10-2022,09:53,Tamil Nadu,Coimbatore,10.9392,78.4064,City Road,Cloudy,Day,50,Male,Truck,57,No,No,Yes,Pothole/Bad Road,Medium,0.0
ACC30640,30-08-2022,09:25,Tamil Nadu,Salem,11.1288,78.9165,National Highway,Rainy,Day,43,Male,Car,72,No,No,No,Poor Weather Visibility,Medium,2.0
ACC30641,10-12-2023,19:04,Telangana,Warangal,18.2481,78.8814,Expressway,Clear,Night,51,Male,Bike,71,No,No,No,Over Speeding,Medium,4.0
ACC30642,06-03-2022,18:26,Andhra Pradesh,Nellore,16.1698,79.6167,State Highway,Overcast,Dusk,18,Male,Bus,52,No,No,No,Poor Weather Visibility,Low,0.0
ACC30643,19-06-2024,02:25,Tamil Nadu,Salem,10.7481,78.3648,National Highway,Overcast,Night,66,Male,Bus,78,Yes,Yes,No,Drunk Driving,High,5.0
ACC30644,20-03-2023,04:30,Tamil Nadu,Chennai,11.5354,78.8796,Expressway,Cloudy,Night,31,Female,Bike,64,No,No,No,Poor Weather Visibility,Medium,1.0
ACC30645,12-12-2022,07:48,Telangana,Hyderabad,18.387,78.7901,State Highway,Overcast,Day,44,Male,Bike,73,No,No,No,Over Speeding,High,3.0
ACC30646,11-11-2022,21:32,Telangana,Hyderabad,18.5341,78.9211,City Road,Clear,Night,34,Male,Bus,76,No,No,No,Over Speeding,Medium,2.0
ACC30647,09-06-2022,08:20,Telangana,Karimnagar,17.9945,79.4072,Expressway,Clear,Day,48,Male,Bike,72,No,No,No,Over Speeding,Medium,4.0
ACC30648,08-02-2024,13:32,Andhra Pradesh,Vijayawada,15.7097,79.7191,City Road,Clear,Day,36,Male,Car,49,No,No,Yes,Pothole/Bad Road,Low,3.0
ACC30649,28-02-2023,12:32,Karnataka,Hubballi,14.8358,76.3115,City Road,Clear,Day,26,Male,Auto,51,No,No,No,Poor Weather Visibility,Low,1.0
ACC30650,28-12-2024,16:09,Andhra Pradesh,Guntur,15.8583,79.8478,City Road,Clear,Day,41,Male,Auto,49,Yes,No,No,Drunk Driving,Medium,2.0
ACC30651,14-09-2024,08:48,Tamil Nadu,Chennai,10.5896,78.8471,Village Road,Cloudy,Day,37,Male,Bike,45,No,No,No,Signal Jumping,Low,3.0
ACC30652,09-06-2022,14:41,Kerala,Thrissur,10.1119,76.6286,Village Road,Rainy,Day,18,Male,Truck,54,No,No,Yes,Poor Weather Visibility,Medium,0.0
ACC30653,07-06-2023,13:46,Karnataka,Hubballi,15.6681,75.4103,National Highway,Clear,Day,64,Female,Bike,49,No,No,No,Signal Jumping,Low,0.0
ACC30654,01-05-2022,20:28,Andhra Pradesh,Vijayawada,16.0326,79.2219,City Road,Rainy,Night,39,Female,Auto,81,Yes,No,No,Poor Weather Visibility,High,6.0
ACC30655,03-07-2024,07:35,Tamil Nadu,Salem,11.1084,78.8006,National Highway,Cloudy,Day,18,Male,Car,67,No,No,No,Poor Weather Visibility,Medium,2.0
ACC30656,17-10-2022,08:20,Tamil Nadu,Tiruchirappalli,11.0594,78.9169,Village Road,Clear,Day,19,Male,Bus,42,No,No,No,Signal Jumping,Low,1.0
ACC30657,03-05-2024,09:38,Tamil Nadu,Tiruchirappalli,11.1645,78.373,Expressway,Clear,Day,45,Female,Auto,69,No,No,No,Signal Jumping,Medium,0.0
ACC30658,13-12-2023,15:45,Tamil Nadu,Coimbatore,11.3047,78.291,National Highway,Cloudy,Day,34,Male,Car,86,Yes,No,No,Over Speeding,High,5.0
ACC30659,12-12-2023,22:05,Andhra Pradesh,Visakhapatnam,16.3248,78.9283,City Road,Foggy,Night,37,Male,Auto,45,No,Yes,No,Poor Weather Visibility,Medium,1.0
ACC30660,13-02-2022,23:25,Puducherry,Puducherry,11.9147,79.8113,City Road,Overcast,Night,26,Female,Bike,30,No,Yes,Yes,Drowsy Driving,Medium,2.0
ACC30661,26-05-2023,06:17,Telangana,Khammam,17.9378,79.7927,National Highway,Clear,Day,18,Male,Car,87,No,No,No,Over Speeding,Medium,1.0
ACC30662,12-06-2023,16:55,Karnataka,Hubballi,15.1533,75.6887,National Highway,Overcast,Day,43,Male,Bike,68,No,No,No,Poor Weather Visibility,Low,0.0
ACC30663,18-12-2024,20:02,Telangana,Nizamabad,18.4137,79.0214,City Road,Clear,Night,32,Male,Bus,56,Yes,Yes,No,Drunk Driving,Low,3.0
ACC30664,05-06-2022,07:20,Kerala,Ernakulam,10.5155,76.1177,City Road,Cloudy,Day,30,Male,Car,40,No,No,No,Signal Jumping,Low,2.0
ACC30665,23-07-2023,01:28,Kerala,Kozhikode,10.2946,75.9395,City Road,Clear,Night,39,Male,Car,53,No,No,Yes,Pothole/Bad Road,Low,4.0
ACC30666,10-10-2024,16:01,Tamil Nadu,Tiruchirappalli,10.6699,78.4805,City Road,Overcast,Day,38,Female,Car,54,No,Yes,No,Drowsy Driving,Low,3.0
ACC30667,08-09-2024,06:15,Kerala,Thiruvananthapuram,10.6945,75.8844,State Highway,Rainy,Day,24,Male,Auto,69,Yes,No,Yes,Poor Weather Visibility,High,4.0
ACC30668,01-07-2022,18:20,Andhra Pradesh,Guntur,15.5781,80.1282,Expressway,Overcast,Dusk,40,Male,Bus,65,No,No,No,Poor Weather Visibility,Medium,4.0
ACC30669,29-12-2023,06:12,Karnataka,Mysuru,15.3977,75.317,City Road,Overcast,Day,37,Male,Bike,27,No,No,Yes,Pothole/Bad Road,Low,1.0
ACC30670,23-05-2024,20:50,Tamil Nadu,Tiruchirappalli,10.895,78.9576,City Road,Clear,Night,52,Female,Bus,42,No,Yes,No,Drowsy Driving,Low,3.0
ACC30671,23-08-2022,15:13,Tamil Nadu,Chennai,11.7006,77.9733,National Highway,Clear,Day,35,Male,Bike,69,No,No,No,Over Speeding,Medium,2.0
ACC30672,18-08-2024,20:29,Puducherry,Karaikal,11.2309,79.9007,City Road,Rainy,Night,31,Male,Bus,46,No,No,Yes,Poor Weather Visibility,Low,1.0
ACC30673,13-09-2023,18:18,Karnataka,Hubballi,15.2539,75.61,National Highway,Cloudy,Dusk,50,Female,Bike,78,No,No,No,Over Speeding,High,2.0
ACC30674,18-12-2024,17:16,Telangana,Hyderabad,17.8815,78.5783,Village Road,Foggy,Dusk,58,Female,Bike,42,No,No,No,Poor Weather Visibility,Low,2.0
ACC30675,26-05-2023,02:14,Karnataka,Mysuru,15.4945,75.6761,City Road,Cloudy,Night,31,Male,Truck,33,No,No,No,Poor Weather Visibility,Low,1.0
ACC30676,24-11-2024,09:35,Karnataka,Bengaluru Urban,15.8858,75.7874,City Road,Cloudy,Day,56,Male,Bus,39,No,No,No,Poor Weather Visibility,Low,1.0
ACC30677,21-03-2024,23:17,Telangana,Nizamabad,17.6127,78.513,City Road,Cloudy,Night,32,Female,Bike,46,No,No,No,Poor Weather Visibility,Low,0.0
ACC30678,11-07-2022,17:04,Tamil Nadu,Tiruchirappalli,10.8257,77.7239,City Road,Overcast,Dusk,18,Male,Bike,37,No,No,No,Poor Weather Visibility,Low,0.0
ACC30679,30-08-2022,09:03,Kerala,Thrissur,10.4563,76.9329,National Highway,Cloudy,Day,43,Female,Car,83,No,Yes,No,Over Speeding,Medium,2.0
ACC30680,21-10-2024,13:24,Karnataka,Mangaluru,14.7944,76.4385,National Highway,Foggy,Day,53,Male,Truck,72,No,No,Yes,Poor Weather Visibility,High,7.0
ACC30681,08-10-2024,17:58,Puducherry,Puducherry,11.6443,79.9402,National Highway,Clear,Dusk,39,Male,Bike,67,No,No,No,Over Speeding,Low,2.0
ACC30682,26-09-2023,11:39,Kerala,Thrissur,10.5649,76.5208,Village Road,Rainy,Day,28,Female,Car,33,No,No,Yes,Poor Weather Visibility,Low,0.0
ACC30683,25-06-2023,09:44,Andhra Pradesh,Visakhapatnam,15.7264,79.0811,Expressway,Cloudy,Day,55,Male,Car,67,No,No,No,Poor Weather Visibility,Medium,4.0
ACC30684,01-05-2024,16:07,Tamil Nadu,Salem,11.088,78.511,National Highway,Clear,Day,34,Male,Car,87,No,Yes,No,Over Speeding,High,5.0
ACC30685,12-10-2023,15:09,Karnataka,Mangaluru,14.5986,75.4055,City Road,Foggy,Day,42,Male,Bus,51,No,No,No,Poor Weather Visibility,Low,0.0
ACC30686,07-11-2024,21:14,Karnataka,Mangaluru,14.8511,76.1957,National Highway,Clear,Night,25,Female,Car,67,No,Yes,No,Drowsy Driving,Medium,3.0
ACC30687,10-08-2024,20:40,Tamil Nadu,Madurai,10.609,79.2131,National Highway,Clear,Night,18,Female,Car,66,No,Yes,No,Drowsy Driving,Medium,3.0
ACC30688,11-04-2023,12:38,Telangana,Khammam,17.7382,78.8101,Village Road,Clear,Day,55,Female,Bus,57,Yes,No,Yes,Drunk Driving,High,3.0
ACC30689,04-11-2022,22:36,Telangana,Warangal,17.83,78.1158,State Highway,Rainy,Night,61,Male,Car,59,No,No,Yes,Poor Weather Visibility,Low,2.0
ACC30690,14-11-2023,07:02,Telangana,Hyderabad,17.7713,79.5621,Village Road,Clear,Day,44,Male,Bus,35,No,No,Yes,Pothole/Bad Road,Low,3.0
ACC30691,05-08-2024,20:39,Andhra Pradesh,Guntur,16.088,79.1056,State Highway,Cloudy,Night,34,Male,Bike,37,No,No,No,Poor Weather Visibility,Low,1.0
ACC30692,20-04-2024,20:36,Karnataka,Bengaluru Urban,15.7513,75.27,City Road,Rainy,Night,26,Female,Bike,60,No,Yes,Yes,Poor Weather Visibility,High,5.0
ACC30693,16-03-2024,11:31,Karnataka,Hubballi,15.2711,75.5186,National Highway,Rainy,Day,45,Female,Car,71,No,No,No,Poor Weather Visibility,Medium,3.0
ACC30694,05-02-2024,11:09,Tamil Nadu,Madurai,11.8274,78.3423,State Highway,Clear,Day,23,Male,Car,63,Yes,No,No,Drunk Driving,Low,1.0
ACC30695,04-07-2022,19:07,Tamil Nadu,Madurai,10.9542,77.8788,Village Road,Overcast,Night,35,Male,Bus,28,No,Yes,No,Drowsy Driving,Low,2.0
ACC30696,02-12-2024,07:19,Tamil Nadu,Coimbatore,10.7799,78.5626,City Road,Rainy,Day,45,Male,Car,62,No,Yes,No,Poor Weather Visibility,Medium,3.0
ACC30697,14-06-2022,13:12,Kerala,Thrissur,10.1504,76.3075,State Highway,Rainy,Day,42,Male,Bike,47,No,No,No,Poor Weather Visibility,Low,0.0
ACC30698,14-06-2022,00:14,Karnataka,Hubballi,15.6083,75.4151,Village Road,Overcast,Night,44,Male,Auto,34,No,No,No,Poor Weather Visibility,Medium,3.0
ACC30699,19-05-2022,08:21,Kerala,Kozhikode,10.3868,76.3199,Expressway,Rainy,Day,18,Female,Bike,80,No,No,No,Poor Weather Visibility,Medium,2.0
ACC30700,04-07-2023,06:09,Tamil Nadu,Tiruchirappalli,11.191,79.0474,State Highway,Rainy,Day,18,Male,Bike,67,No,Yes,Yes,Poor Weather Visibility,High,4.0
ACC30701,27-01-2022,11:27,Telangana,Karimnagar,17.3602,79.691,State Highway,Clear,Day,30,Male,Car,77,No,Yes,No,Drowsy Driving,Medium,3.0
ACC30702,04-04-2023,13:09,Tamil Nadu,Salem,10.5978,78.061,National Highway,Cloudy,Day,23,Male,Car,47,No,No,No,Poor Weather Visibility,Low,0.0
ACC30703,02-03-2023,02:37,Andhra Pradesh,Nellore,15.9097,79.6311,National Highway,Clear,Night,36,Male,Bike,70,No,Yes,No,Signal Jumping,Medium,3.0
ACC30704,11-09-2024,08:48,Tamil Nadu,Salem,11.1552,78.7633,City Road,Cloudy,Day,27,Male,Bike,48,No,No,No,Poor Weather Visibility,Low,1.0
ACC30705,01-01-2024,14:40,Tamil Nadu,Coimbatore,11.4947,78.5987,State Highway,Clear,Day,34,Male,Auto,64,No,No,No,Signal Jumping,Low,1.0
ACC30706,31-10-2022,03:55,Tamil Nadu,Madurai,11.2282,78.3242,State Highway,Clear,Night,35,Male,Bike,56,No,No,No,Poor Weather Visibility,Low,2.0
ACC30707,13-11-2023,18:39,Karnataka,Belagavi,15.9425,75.6862,State Highway,Clear,Dusk,53,Female,Bike,67,No,Yes,No,Drowsy Driving,Low,2.0