Accident_ID,Date,Time,State,District,Latitude,Longitude,Road_Type,Weather,Light_Condition,Driver_Age,Driver_Gender,Vehicle_Type,Speed_kmph,Alcohol_Involved,Driver_Drowsy,Pothole_Involved,Cause_of_Accident,Severity,Casualties
ACC30708,29-01-2023,11:37,Telangana,Khammam,17.8837,79.3644,Village Road,Foggy,Day,41,Male,Car,36,No,No,No,Poor Weather Visibility,Low,1.0
ACC30709,06-01-2023,22:21,Andhra Pradesh,Vijayawada,15.2264,79.2536,City Road,Cloudy,Night,24,Female,Bike,22,No,Yes,No,Drowsy Driving,Low,0.0
ACC30710,15-08-2024,15:48,Karnataka,Belagavi,15.214,75.6633,State Highway,Rainy,Day,51,Female,Car,44,No,No,No,Poor Weather Visibility,Low,0.0
ACC30711,22-09-2024,20:30,Telangana,Khammam,18.3934,78.6734,Village Road,Cloudy,Night,43,Male,Car,44,No,Yes,Yes,Drowsy Driving,Low,2.0
ACC30712,25-06-2024,17:41,Tamil Nadu,Salem,10.892,78.148,State Highway,Rainy,Dusk,34,Male,Bike,57,No,No,No,Poor Weather Visibility,Medium,1.0
ACC30713,30-12-2024,18:04,Karnataka,Belagavi,15.1762,75.4188,State Highway,Clear,Dusk,63,Female,Bike,40,No,No,No,Poor Weather Visibility,Low,0.0
ACC30714,05-12-2023,20:33,Karnataka,Mysuru,15.1872,75.2184,National Highway,Cloudy,Night,58,Male,Car,70,No,No,No,Poor Weather Visibility,Low,1.0
ACC30715,17-02-2022,21:47,Tamil Nadu,Salem,11.3775,78.5891,Expressway,Clear,Night,37,Female,Car,104,Yes,No,No,Over Speeding,High,4.0
ACC30716,27-01-2023,20:21,Tamil Nadu,Coimbatore,11.2492,79.3573,Village Road,Rainy,Night,18,Male,Bike,57,Yes,No,No,Poor Weather Visibility,Medium,3.0
ACC30717,04-06-2024,18:38,Tamil Nadu,Salem,11.1473,78.8016,City Road,Clear,Dusk,18,Male,Car,55,No,No,No,Signal Jumping,Medium,4.0
ACC30718,27-02-2024,01:19,Telangana,Nizamabad,17.7859,79.2014,Expressway,Cloudy,Night,58,Female,Bike,91,No,No,No,Over Speeding,High,7.0
ACC30719,18-07-2022,09:26,Tamil Nadu,Coimbatore,10.8977,78.7751,National Highway,Cloudy,Day,31,Male,Bike,83,No,Yes,No,Over Speeding,High,8.0
ACC30720,05-04-2022,15:51,Telangana,Nizamabad,18.1113,78.711,City Road,Clear,Day,21,Male,Car,46,No,No,Yes,Pothole/Bad Road,Low,1.0
ACC30721,05-08-2022,21:22,Kerala,Thiruvananthapuram,9.9439,77.0918,City Road,Cloudy,Night,48,Female,Auto,27,No,No,No,Poor Weather Visibility,Low,0.0
ACC30722,13-06-2023,13:48,Karnataka,Mangaluru,15.3401,76.2476,City Road,Cloudy,Day,30,Female,Bike,33,No,No,No,Poor Weather Visibility,Low,0.0
ACC30723,24-10-2024,19:22,Tamil Nadu,Madurai,11.2423,78.9843,Village Road,Cloudy,Night,29,Male,Car,49,Yes,No,Yes,Drunk Driving,Medium,2.0
ACC30724,26-04-2023,07:02,Puducherry,Karaikal,11.5728,79.8817,City Road,Rainy,Day,38,Male,Car,68,Yes,No,No,Poor Weather Visibility,Medium,4.0
ACC30725,06-01-2024,21:21,Telangana,Nizamabad,18.3958,78.5879,Village Road,Overcast,Night,38,Male,Truck,47,No,No,No,Poor Weather Visibility,Medium,4.0
ACC30726,03-06-2022,13:39,Andhra Pradesh,Kurnool,15.822,79.0966,Expressway,Cloudy,Day,37,Male,Bike,68,No,No,No,Poor Weather Visibility,Medium,6.0
ACC30727,10-12-2023,17:17,Telangana,Khammam,18.9599,78.7517,State Highway,Clear,Dusk,19,Male,Bike,70,No,No,Yes,Pothole/Bad Road,Medium,5.0
ACC30728,25-02-2024,17:37,Karnataka,Bengaluru Urban,15.025,75.8451,Expressway,Clear,Dusk,32,Male,Car,94,No,No,No,Over Speeding,Medium,3.0
ACC30729,18-04-2023,08:15,Karnataka,Mysuru,15.3625,75.54,Village Road,Rainy,Day,41,Male,Car,42,Yes,No,Yes,Poor Weather Visibility,Medium,1.0
ACC30730,27-08-2023,16:11,Tamil Nadu,Madurai,10.3824,77.9553,City Road,Clear,Day,46,Male,Car,62,Yes,No,No,Drunk Driving,Medium,3.0
ACC30731,10-02-2024,22:45,Andhra Pradesh,Kurnool,16.1592,80.0392,State Highway,Rainy,Night,45,Male,Bike,51,No,No,No,Poor Weather Visibility,Medium,3.0
ACC30732,09-01-2023,10:38,Tamil Nadu,Tiruchirappalli,11.1307,78.5834,State Highway,Cloudy,Day,18,Female,Bus,87,Yes,No,No,Over Speeding,High,5.0
ACC30733,14-08-2022,16:25,Puducherry,Puducherry,11.9031,79.6153,Village Road,Clear,Day,18,Male,Bus,36,No,No,No,Signal Jumping,Low,0.0
ACC30734,13-11-2022,16:37,Tamil Nadu,Tiruchirappalli,10.4098,77.7345,Village Road,Rainy,Day,36,Female,Car,36,No,No,No,Poor Weather Visibility,Low,0.0
ACC30735,12-12-2023,21:44,Kerala,Ernakulam,10.565,76.1261,State Highway,Clear,Night,37,Male,Car,62,No,No,No,Over Speeding,Low,0.0
ACC30736,31-08-2022,08:07,Karnataka,Mysuru,15.3994,75.5989,Expressway,Rainy,Day,35,Male,Truck,90,No,No,No,Over Speeding,High,9.0
ACC30737,05-06-2023,19:26,Andhra Pradesh,Guntur,15.8135,79.9205,Expressway,Cloudy,Night,18,Male,Car,89,No,No,No,Over Speeding,High,8.0
ACC30738,12-02-2023,19:59,Tamil Nadu,Coimbatore,11.2818,78.3847,City Road,Clear,Night,25,Female,Bike,64,No,No,Yes,Pothole/Bad Road,Low,2.0
ACC30739,26-02-2023,09:10,Tamil Nadu,Tiruchirappalli,11.2073,78.8389,City Road,Clear,Day,28,Male,Bike,44,No,No,Yes,Pothole/Bad Road,Low,0.0
ACC30740,07-12-2024,07:29,Tamil Nadu,Coimbatore,11.0806,78.2497,National Highway,Overcast,Day,41,Male,Auto,95,No,Yes,No,Over Speeding,High,6.0
ACC30741,20-08-2023,07:57,Karnataka,Bengaluru Urban,15.7863,76.2111,State Highway,Cloudy,Day,31,Female,Bus,64,No,No,No,Poor Weather Visibility,Low,0.0
ACC30742,19-01-2022,10:51,Kerala,Kozhikode,10.612,75.9243,Village Road,Cloudy,Day,49,Female,Auto,41,No,No,Yes,Pothole/Bad Road,Medium,1.0
ACC30743,04-12-2023,00:19,Andhra Pradesh,Vijayawada,15.1,79.4203,City Road,Cloudy,Night,27,Male,Auto,36,No,No,No,Poor Weather Visibility,Low,0.0
ACC30744,04-10-2023,19:21,Andhra Pradesh,Guntur,15.6725,80.3546,City Road,Clear,Night,31,Female,Car,44,No,Yes,No,Drowsy Driving,Low,2.0
ACC30745,25-02-2022,20:19,Andhra Pradesh,Guntur,16.0773,79.5036,City Road,Cloudy,Night,30,Male,Bike,47,No,No,No,Poor Weather Visibility,Low,0.0
ACC30746,27-09-2023,19:49,Tamil Nadu,Madurai,11.1933,78.3415,State Highway,Clear,Night,40,Male,Bike,47,No,No,No,Signal Jumping,Low,0.0
ACC30747,03-12-2022,12:07,Telangana,Karimnagar,17.8851,78.9974,City Road,Cloudy,Day,21,Male,Bus,49,No,No,No,Poor Weather Visibility,Low,1.0
ACC30748,29-09-2023,16:39,Kerala,Thiruvananthapuram,9.9876,75.3779,National Highway,Clear,Day,48,Male,Truck,76,No,No,No,Over Speeding,Medium,4.0
ACC30749,08-09-2023,14:01,Kerala,Thrissur,10.6303,75.9504,Village Road,Clear,Day,30,Female,Car,42,No,No,Yes,Pothole/Bad Road,Low,0.0
ACC30750,30-11-2022,06:13,Tamil Nadu,Tiruchirappalli,10.5593,78.9457,State Highway,Clear,Day,36,Male,Bike,60,No,No,No,Signal Jumping,Low,0.0
ACC30751,27-03-2023,21:42,Kerala,Thiruvananthapuram,10.3593,76.1963,State Highway,Cloudy,Night,53,Male,Bus,83,No,Yes,No,Over Speeding,High,3.0
ACC30752,24-07-2024,16:06,Tamil Nadu,Tiruchirappalli,11.162,79.3088,City Road,Clear,Day,33,Male,Car,59,No,Yes,No,Drowsy Driving,Medium,3.0
ACC30753,29-01-2024,17:57,Tamil Nadu,Salem,11.6946,78.5063,State Highway,Clear,Dusk,20,Male,Bike,73,No,No,No,Over Speeding,Medium,3.0
ACC30754,04-09-2024,16:04,Puducherry,Karaikal,11.5835,79.1465,National Highway,Clear,Day,30,Male,Bus,78,No,Yes,No,Drowsy Driving,High,4.0
ACC30755,06-03-2024,08:54,Kerala,Ernakulam,10.6341,76.1091,Village Road,Rainy,Day,44,Female,Auto,51,No,No,No,Poor Weather Visibility,Medium,4.0
ACC30756,17-06-2022,13:56,Telangana,Nizamabad,18.0878,79.104,Expressway,Clear,Day,43,Male,Bike,86,No,No,No,Over Speeding,Medium,2.0
ACC30757,28-10-2024,14:42,Tamil Nadu,Coimbatore,10.9246,77.8689,City Road,Rainy,Day,39,Male,Car,48,No,No,Yes,Poor Weather Visibility,Medium,2.0
ACC30758,28-07-2022,11:11,Kerala,Thrissur,10.3384,76.6012,City Road,Clear,Day,30,Male,Bike,66,No,Yes,No,Drowsy Driving,Medium,2.0
ACC30759,06-02-2022,18:00,Tamil Nadu,Salem,10.6913,78.3386,Expressway,Clear,Dusk,43,Male,Car,85,No,Yes,No,Over Speeding,High,4.0
ACC30760,12-10-2022,05:44,Tamil Nadu,Salem,11.2537,78.4492,National Highway,Clear,Dawn,20,Male,Auto,75,No,No,No,Over Speeding,Medium,1.0
ACC30761,03-11-2023,18:26,Tamil Nadu,Chennai,10.9504,78.4186,Village Road,Cloudy,Dusk,54,Male,Auto,30,No,No,No,Poor Weather Visibility,Low,1.0
ACC30762,04-06-2023,10:41,Telangana,Hyderabad,17.8826,79.6865,National Highway,Cloudy,Day,38,Male,Bus,79,No,Yes,No,Drowsy Driving,High,6.0
ACC30763,07-09-2022,01:53,Andhra Pradesh,Vijayawada,15.8166,79.7455,City Road,Overcast,Night,29,Male,Bus,67,No,Yes,No,Drowsy Driving,Medium,3.0
ACC30764,24-01-2022,17:11,Tamil Nadu,Coimbatore,11.1427,78.3225,City Road,Cloudy,Dusk,48,Male,Truck,83,Yes,No,No,Drunk Driving,High,6.0
ACC30765,21-12-2024,08:32,Telangana,Warangal,18.4478,78.2727,City Road,Rainy,Day,51,Male,Bus,59,Yes,No,Yes,Poor Weather Visibility,Medium,3.0
ACC30766,10-11-2023,19:13,Karnataka,Mysuru,15.746,76.5294,City Road,Cloudy,Night,29,Male,Bike,45,No,No,No,Signal Jumping,Low,1.0
ACC30767,01-08-2022,13:37,Karnataka,Mangaluru,15.2729,76.3814,Village Road,Rainy,Day,25,Male,Car,45,No,No,Yes,Poor Weather Visibility,Low,0.0
ACC30768,18-02-2024,16:24,Tamil Nadu,Coimbatore,10.9748,78.206,National Highway,Clear,Day,38,Female,Truck,67,No,Yes,Yes,Drowsy Driving,Low,0.0
ACC30769,26-01-2022,17:00,Andhra Pradesh,Visakhapatnam,16.09,79.6072,City Road,Clear,Dusk,45,Male,Auto,37,No,No,No,Signal Jumping,Low,0.0
ACC30770,10-01-2022,17:48,Tamil Nadu,Coimbatore,11.0203,79.1674,City Road,Foggy,Dusk,19,Female,Car,52,No,No,No,Poor Weather Visibility,Low,
ACC30771,13-01-2024,06:03,Puducherry,Karaikal,11.8723,80.0292,State Highway,Clear,Day,31,Male,Bike,74,No,No,No,Over Speeding,Medium,1.0
ACC30772,12-07-2024,03:28,Tamil Nadu,Tiruchirappalli,10.3505,78.7969,Village Road,Clear,Night,52,Male,Auto,22,No,No,Yes,Pothole/Bad Road,Low,0.0
ACC30773,27-10-2022,19:57,Karnataka,Mysuru,15.8038,75.896,Village Road,Cloudy,Night,18,Male,Bike,46,Yes,No,Yes,Drunk Driving,Medium,6.0
ACC30774,05-08-2024,19:46,Tamil Nadu,Madurai,10.366,78.2138,City Road,Clear,Night,42,Male,Truck,44,No,No,No,Signal Jumping,Low,0.0
ACC30775,03-03-2022,22:18,Tamil Nadu,Tiruchirappalli,11.4961,78.9271,National Highway,Clear,Night,18,Male,Bus,64,No,No,No,Signal Jumping,Medium,4.0
ACC30776,04-01-2023,19:22,Andhra Pradesh,Guntur,16.2882,79.8043,State Highway,Cloudy,Night,34,Male,Bike,53,No,No,Yes,Pothole/Bad Road,Low,2.0
ACC30777,28-02-2024,20:32,Kerala,Thrissur,11.1126,75.7998,State Highway,Cloudy,Night,26,Male,Car,68,No,Yes,No,Drowsy Driving,Medium,0.0
ACC30778,02-07-2024,17:52,Andhra Pradesh,Nellore,15.503,79.2817,City Road,Rainy,Dusk,31,Female,Bike,48,No,No,No,Poor Weather Visibility,Low,2.0
ACC30779,15-02-2023,14:30,Karnataka,Hubballi,14.9806,75.6736,City Road,Cloudy,Day,37,Female,Car,51,No,No,No,Poor Weather Visibility,Low,1.0
ACC30780,06-07-2022,08:42,Tamil Nadu,Chennai,11.4017,78.4865,National Highway,Rainy,Day,54,Male,Bike,77,No,No,No,Poor Weather Visibility,Medium,1.0
ACC30781,04-12-2022,19:43,Andhra Pradesh,Vijayawada,15.1704,79.3326,National Highway,Rainy,Night,20,Male,Car,67,No,No,No,Poor Weather Visibility,High,7.0
ACC30782,05-09-2024,16:51,Andhra Pradesh,Visakhapatnam,15.8165,79.4998,State Highway,Clear,Day,26,Male,Car,58,No,No,No,Poor Weather Visibility,Low,1.0
ACC30783,08-12-2022,12:13,Kerala,Thrissur,10.5205,76.5367,Village Road,Rainy,Day,46,Male,Car,57,No,Yes,Yes,Poor Weather Visibility,High,2.0
ACC30784,26-08-2022,08:36,Tamil Nadu,Coimbatore,11.7391,78.8503,State Highway,Clear,Day,34,Male,Bike,58,No,No,No,Signal Jumping,Low,2.0
ACC30785,27-03-2024,05:14,Tamil Nadu,Madurai,11.3966,78.8503,Expressway,Clear,Dawn,36,Male,Bus,53,No,No,No,Poor Weather Visibility,Low,0.0
ACC30786,21-03-2024,08:34,Kerala,Thiruvananthapuram,9.739,76.306,National Highway,Clear,Day,29,Female,Auto,69,No,No,No,Over Speeding,Medium,2.0
ACC30787,04-03-2023,14:23,Andhra Pradesh,Visakhapatnam,14.9605,79.732,State Highway,Rainy,Day,46,Male,Auto,63,No,No,No,Poor Weather Visibility,Low,2.0
ACC30788,03-04-2024,16:09,Kerala,Thiruvananthapuram,10.1512,76.2405,National Highway,Cloudy,Day,26,Male,Car,38,No,No,No,Poor Weather Visibility,Low,0.0
ACC30789,27-07-2022,08:00,Karnataka,Hubballi,15.4997,75.8598,City Road,Cloudy,Day,37,Male,Bike,52,No,No,No,Poor Weather Visibility,Low,
ACC30790,20-03-2022,11:43,Telangana,Hyderabad,17.8995,78.2066,City Road,Clear,Day,54,Female,Auto,67,No,Yes,No,Drowsy Driving,Medium,2.0
ACC30791,28-02-2022,19:11,Telangana,Warangal,18.0506,78.619,State Highway,Clear,Night,42,Male,Bike,62,No,No,No,Over Speeding,Low,1.0
ACC30792,14-12-2024,20:21,Karnataka,Mangaluru,15.9118,75.0598,State Highway,Clear,Night,59,Male,Bike,64,No,Yes,No,Drowsy Driving,Medium,1.0
ACC30793,04-03-2024,17:21,Tamil Nadu,Salem,10.9521,78.0129,Village Road,Overcast,Dusk,35,Male,Bike,48,No,No,Yes,Pothole/Bad Road,Medium,4.0
ACC30794,21-03-2023,06:21,Puducherry,Karaikal,12.0645,79.771,National Highway,Clear,Day,65,Male,Bike,71,No,No,No,Signal Jumping,Low,0.0
ACC30795,16-04-2022,08:50,Tamil Nadu,Salem,10.5928,78.5933,City Road,Cloudy,Day,34,Male,Bus,63,No,Yes,No,Drowsy Driving,Medium,3.0
ACC30796,15-12-2023,17:25,Tamil Nadu,Salem,10.9663,78.0591,Village Road,Clear,Dusk,48,Male,Bike,41,No,No,No,Poor Weather Visibility,Low,0.0
ACC30797,18-04-2023,14:07,Kerala,Ernakulam,9.9132,76.3405,National Highway,Rainy,Day,66,Male,Auto,95,Yes,No,No,Over Speeding,High,7.0
ACC30798,14-05-2023,16:31,Andhra Pradesh,Nellore,15.8041,79.6212,City Road,Clear,Day,34,Male,Car,51,No,No,Yes,Signal Jumping,Low,
ACC30799,16-11-2022,19:41,Kerala,Thiruvananthapuram,10.8766,75.6652,City Road,Rainy,Night,25,Male,Car,54,No,No,Yes,Poor Weather Visibility,Medium,2.0
ACC30800,07-11-2024,14:41,Kerala,Kollam,9.5001,76.2071,National Highway,Rainy,Day,46,Male,Car,84,Yes,No,No,Poor Weather Visibility,High,5.0
ACC30801,12-11-2023,08:36,Tamil Nadu,Chennai,11.1855,79.0314,National Highway,Rainy,Day,31,Male,Bike,63,No,No,No,Poor Weather Visibility,Medium,1.0
ACC30802,09-12-2024,19:00,Karnataka,Hubballi,15.0474,75.6376,Village Road,Foggy,Night,59,Male,Bus,58,Yes,Yes,Yes,Poor Weather Visibility,High,
ACC30803,19-09-2022,12:17,Kerala,Thrissur,9.9264,76.0874,Expressway,Rainy,Day,32,Female,Car,67,Yes,No,No,Poor Weather Visibility,Medium,3.0
ACC30804,07-05-2023,19:53,Telangana,Warangal,17.7499,78.3167,State Highway,Clear,Night,20,Male,Bus,61,No,No,No,Over Speeding,Low,1.0
ACC30805,19-03-2022,20:31,Tamil Nadu,Chennai,10.8281,78.5742,Village Road,Clear,Night,55,Male,Car,39,No,No,No,Signal Jumping,Low,1.0
ACC30806,22-09-2023,22:23,Karnataka,Mysuru,15.3793,75.0288,Village Road,Clear,Night,30,Female,Car,44,No,No,Yes,Signal Jumping,Low,1.0
ACC30807,12-05-2023,18:13,Karnataka,Bengaluru Urban,15.5887,75.739,National Highway,Overcast,Dusk,54,Male,Bike,83,Yes,No,No,Drunk Driving,High,8.0
ACC30808,01-06-2024,07:15,Karnataka,Hubballi,15.71,75.2563,National Highway,Cloudy,Day,22,Male,Auto,90,Yes,No,No,Over Speeding,High,6.0
ACC30809,27-02-2023,00:35,Andhra Pradesh,Visakhapatnam,16.2092,79.9727,National Highway,Clear,Night,34,Male,Car,89,Yes,No,No,Over Speeding,High,8.0
ACC30810,19-07-2023,08:17,Tamil Nadu,Madurai,11.1206,78.4464,State Highway,Clear,Day,28,Female,Bike,67,No,No,No,Over Speeding,Medium,2.0
ACC30811,26-10-2023,00:14,Kerala,Thiruvananthapuram,10.2181,76.0383,Expressway,Clear,Night,34,Male,Car,83,No,No,No,Over Speeding,Medium,2.0
ACC30812,29-06-2024,13:31,Kerala,Thiruvananthapuram,10.3257,76.5091,Expressway,Clear,Day,45,Male,Bike,80,No,No,No,Over Speeding,Medium,3.0
ACC30813,22-06-2022,11:21,Tamil Nadu,Madurai,11.4765,78.9842,State Highway,Clear,Day,52,Male,Car,72,Yes,No,No,Drunk Driving,Medium,2.0
ACC30814,18-03-2022,22:03,Karnataka,Hubballi,15.5571,76.0983,Expressway,Overcast,Night,34,Male,Truck,99,No,Yes,No,Over Speeding,High,7.0
ACC30815,29-12-2022,08:15,Andhra Pradesh,Visakhapatnam,15.6739,79.9685,City Road,Foggy,Day,24,Female,Truck,57,No,No,No,Poor Weather Visibility,Medium,4.0
ACC30816,08-04-2023,13:38,Kerala,Thrissur,10.5038,76.3147,National Highway,Cloudy,Day,18,Male,Car,55,No,No,No,Poor Weather Visibility,Low,1.0
ACC30817,04-09-2022,08:14,Tamil Nadu,Madurai,11.0517,78.5023,National Highway,Overcast,Day,36,Male,Bike,57,No,Yes,No,Drowsy Driving,Medium,3.0
ACC30818,11-02-2023,17:06,Karnataka,Belagavi,15.8277,75.4693,City Road,Clear,Dusk,18,Male,Car,65,No,No,No,Signal Jumping,Low,3.0
ACC30819,04-12-2022,20:14,Karnataka,Mysuru,15.792,76.1057,National Highway,Clear,Night,37,Male,Auto,80,No,No,No,Over Speeding,Low,0.0
ACC30820,04-05-2023,04:12,Kerala,Ernakulam,9.8456,76.4893,State Highway,Cloudy,Night,43,Male,Bike,82,No,No,No,Over Speeding,High,4.0
ACC30821,06-02-2024,08:38,Tamil Nadu,Tiruchirappalli,11.2786,78.6446,National Highway,Rainy,Day,42,Male,Bus,43,No,No,No,Poor Weather Visibility,Low,0.0
ACC30822,05-02-2023,13:20,Kerala,Ernakulam,9.6527,75.9816,City Road,Clear,Day,41,Male,Car,75,Yes,No,No,Drunk Driving,Medium,1.0
ACC30823,20-08-2024,19:32,Kerala,Kozhikode,10.1868,76.2737,State Highway,Cloudy,Night,40,Male,Bike,60,No,No,Yes,Pothole/Bad Road,Medium,2.0
ACC30824,25-07-2023,17:21,Telangana,Warangal,17.5923,78.6248,Expressway,Overcast,Dusk,32,Male,Bus,85,No,No,No,Over Speeding,Medium,5.0
ACC30825,25-01-2023,20:40,Telangana,Hyderabad,18.0938,78.6211,City Road,Overcast,Night,39,Male,Truck,46,No,No,No,Poor Weather Visibility,Low,1.0
ACC30826,21-03-2023,08:43,Andhra Pradesh,Vijayawada,14.903,79.6695,City Road,Clear,Day,41,Male,Truck,62,No,No,No,Over Speeding,Low,1.0
ACC30827,02-09-2022,17:59,Andhra Pradesh,Visakhapatnam,16.2254,79.3637,National Highway,Foggy,Dusk,44,Male,Car,63,No,No,No,Poor Weather Visibility,Medium,4.0
ACC30828,11-12-2023,01:33,Tamil Nadu,Tiruchirappalli,10.5465,78.3179,City Road,Clear,Night,36,Male,Bike,41,No,Yes,No,Signal Jumping,Low,1.0
ACC30829,17-10-2023,19:30,Karnataka,Belagavi,14.8912,75.2796,State Highway,Cloudy,Night,59,Male,Car,60,Yes,Yes,No,Drunk Driving,High,5.0
ACC30830,10-03-2022,06:42,Tamil Nadu,Chennai,11.3415,77.9935,Village Road,Rainy,Day,43,Female,Car,15,No,No,No,Poor Weather Visibility,Low,
ACC30831,14-10-2024,03:27,Tamil Nadu,Salem,10.6854,78.5418,State Highway,Clear,Night,46,Male,Bike,73,No,Yes,No,Drowsy Driving,Medium,
ACC30832,29-07-2022,20:27,Tamil Nadu,Chennai,10.8175,78.9296,City Road,Clear,Night,57,Female,Bike,37,No,No,No,Signal Jumping,Low,0.0
ACC30833,14-04-2023,06:58,Andhra Pradesh,Kurnool,16.0452,79.5038,City Road,Clear,Day,49,Male,Auto,72,No,No,No,Over Speeding,Low,2.0
ACC30834,03-02-2024,19:00,Telangana,Hyderabad,17.5848,79.5584,Village Road,Cloudy,Night,24,Female,Bus,57,No,No,No,Poor Weather Visibility,Medium,3.0
ACC30835,16-02-2024,16:30,Telangana,Khammam,17.5859,79.2787,Village Road,Overcast,Day,41,Male,Bike,57,No,No,No,Poor Weather Visibility,Low,0.0
ACC30836,20-03-2024,13:50,Karnataka,Hubballi,15.5103,75.5688,Village Road,Rainy,Day,20,Female,Auto,40,No,No,No,Poor Weather Visibility,Low,1.0
ACC30837,13-11-2023,22:29,Andhra Pradesh,Kurnool,16.2562,79.5105,State Highway,Clear,Night,47,Male,Truck,90,Yes,Yes,Yes,Over Speeding,High,8.0
ACC30838,01-07-2024,14:59,Andhra Pradesh,Vijayawada,15.3291,79.6,State Highway,Overcast,Day,37,Male,Car,63,No,No,No,Poor Weather Visibility,Low,4.0
ACC30839,08-09-2022,21:14,Andhra Pradesh,Nellore,15.8857,79.8837,Village Road,Clear,Night,18,Female,Auto,37,No,No,Yes,Pothole/Bad Road,Low,1.0
ACC30840,16-04-2023,17:58,Karnataka,Belagavi,15.343,74.8447,State Highway,Overcast,Dusk,30,Female,Car,62,No,No,No,Poor Weather Visibility,Medium,6.0
ACC30841,21-03-2023,13:05,Tamil Nadu,Chennai,11.3859,78.1426,State Highway,Overcast,Day,22,Female,Truck,62,No,No,No,Poor Weather Visibility,Medium,2.0
ACC30842,16-02-2022,20:04,Kerala,Thrissur,10.6924,76.1156,Expressway,Rainy,Night,62,Female,Bike,88,Yes,Yes,No,Over Speeding,High,3.0
ACC30843,08-07-2024,05:33,Tamil Nadu,Madurai,11.1749,77.9769,City Road,Rainy,Dawn,26,Male,Auto,58,No,No,Yes,Poor Weather Visibility,Medium,1.0
ACC30844,29-05-2023,14:54,Telangana,Karimnagar,18.7021,78.2699,State Highway,Foggy,Day,36,Female,Bike,41,No,No,No,Poor Weather Visibility,Medium,6.0
ACC30845,10-12-2023,19:19,Tamil Nadu,Salem,11.4651,78.1655,City Road,Clear,Night,47,Male,Car,64,No,Yes,No,Drowsy Driving,Medium,6.0
ACC30846,18-05-2023,16:32,Kerala,Kollam,10.8431,77.0185,Village Road,Clear,Day,55,Female,Bike,45,No,No,Yes,Pothole/Bad Road,Low,0.0
ACC30847,08-04-2022,07:17,Puducherry,Puducherry,11.4709,79.8429,National Highway,Clear,Day,50,Male,Bus,72,No,No,No,Signal Jumping,Medium,3.0
ACC30848,27-06-2022,18:10,Kerala,Kollam,10.678,76.3499,Village Road,Cloudy,Dusk,31,Female,Car,64,Yes,No,No,Drunk Driving,High,5.0
ACC30849,02-07-2022,16:32,Tamil Nadu,Tiruchirappalli,10.4688,78.0159,Village Road,Cloudy,Day,41,Male,Bike,26,No,No,No,Poor Weather Visibility,Low,0.0
ACC30850,08-09-2022,19:58,Andhra Pradesh,Nellore,15.3778,79.1423,Village Road,Foggy,Night,25,Male,Car,60,Yes,No,No,Poor Weather Visibility,High,
ACC30851,22-07-2023,12:18,Andhra Pradesh,Vijayawada,15.5309,80.5113,Village Road,Cloudy,Day,32,Male,Auto,72,Yes,No,No,Drunk Driving,Medium,0.0
ACC30852,14-04-2024,16:11,Tamil Nadu,Chennai,11.4421,78.2841,Village Road,Cloudy,Day,52,Female,Auto,34,No,No,Yes,Pothole/Bad Road,Low,3.0
ACC30853,04-05-2022,19:59,Andhra Pradesh,Kurnool,15.9951,79.1094,City Road,Foggy,Night,29,Male,Car,73,Yes,No,No,Poor Weather Visibility,High,5.0
ACC30854,09-12-2024,10:25,Telangana,Warangal,18.2965,79.2393,National Highway,Clear,Day,58,Male,Bike,81,No,No,Yes,Over Speeding,High,5.0
ACC30855,08-10-2022,13:41,Tamil Nadu,Salem,11.1237,78.648,Village Road,Cloudy,Day,38,Female,Truck,37,No,No,Yes,Pothole/Bad Road,Low,2.0
ACC30856,03-09-2022,16:05,Tamil Nadu,Chennai,11.3263,78.5628,City Road,Clear,Day,49,Female,Truck,53,No,No,No,Poor Weather Visibility,Low,2.0
ACC30857,09-01-2023,09:05,Karnataka,Hubballi,15.6686,75.5837,State Highway,Cloudy,Day,40,Male,Bus,57,No,No,No,Poor Weather Visibility,Medium,5.0
ACC30858,17-04-2024,10:09,Kerala,Kozhikode,10.3931,76.2615,Expressway,Clear,Day,33,Male,Bike,86,No,No,No,Over Speeding,High,5.0
ACC30859,19-10-2024,09:12,Telangana,Hyderabad,18.0361,79.5119,City Road,Foggy,Day,39,Male,Bike,43,No,No,Yes,Poor Weather Visibility,Medium,2.0
ACC30860,11-06-2023,04:51,Tamil Nadu,Coimbatore,10.6021,78.6447,City Road,Clear,Night,20,Female,Bike,60,No,No,No,Signal Jumping,Low,0.0
ACC30861,04-03-2024,19:29,Kerala,Thiruvananthapuram,10.1058,75.0845,City Road,Foggy,Night,19,Male,Bus,38,No,No,No,Poor Weather Visibility,Medium,3.0
ACC30862,10-10-2023,08:10,Tamil Nadu,Salem,11.6384,79.1091,Village Road,Rainy,Day,46,Male,Bus,23,No,No,No,Poor Weather Visibility,Low,0.0
ACC30863,12-10-2023,17:28,Andhra Pradesh,Nellore,15.5898,79.7965,State Highway,Clear,Dusk,56,Male,Bike,85,Yes,Yes,No,Drunk Driving,High,12.0
ACC30864,20-01-2024,13:42,Puducherry,Puducherry,12.9372,79.6921,National Highway,Cloudy,Day,30,Female,Auto,97,No,Yes,No,Over Speeding,High,6.0