Accident_ID,Date,Time,State,District,Latitude,Longitude,Road_Type,Weather,Light_Condition,Driver_Age,Driver_Gender,Vehicle_Type,Speed_kmph,Alcohol_Involved,Driver_Drowsy,Pothole_Involved,Cause_of_Accident,Severity,Casualties
ACC30865,18-08-2024,08:28,Tamil Nadu,Chennai,10.6297,78.3956,Expressway,Rainy,Day,55,Female,Bike,96,No,No,No,Over Speeding,High,7.0
ACC30866,26-08-2023,06:50,Telangana,Hyderabad,17.952,79.283,City Road,Rainy,Day,63,Female,Bike,42,No,No,No,Poor Weather Visibility,Low,1.0
ACC30867,07-04-2022,12:03,Andhra Pradesh,Nellore,16.3233,80.1016,City Road,Cloudy,Day,34,Male,Bike,47,Yes,No,Yes,Drunk Driving,Medium,3.0
ACC30868,13-07-2022,15:58,Tamil Nadu,Coimbatore,10.8539,78.8099,City Road,Clear,Day,64,Male,Bike,40,No,No,No,Poor Weather Visibility,Low,0.0
ACC30869,19-07-2022,09:20,Kerala,Kozhikode,10.2771,75.8497,National Highway,Cloudy,Day,37,Male,Car,83,No,No,No,Over Speeding,Medium,4.0
ACC30870,10-09-2023,13:26,Telangana,Khammam,18.268,79.0154,City Road,Cloudy,Day,30,Male,Bike,27,No,No,No,Poor Weather Visibility,Low,0.0
ACC30871,18-08-2023,14:17,Tamil Nadu,Chennai,11.4485,78.2973,Expressway,Cloudy,Day,32,Female,Car,94,No,Yes,No,Over Speeding,High,
ACC30872,19-09-2022,17:45,Telangana,Nizamabad,18.063,79.3686,National Highway,Cloudy,Dusk,39,Male,Truck,73,No,No,No,Over Speeding,Medium,1.0
ACC30873,15-10-2024,19:02,Kerala,Ernakulam,10.2075,77.3476,Village Road,Clear,Night,29,Male,Auto,56,Yes,No,Yes,Drunk Driving,Medium,5.0
ACC30874,08-10-2022,06:58,Karnataka,Mysuru,15.4867,75.8837,State Highway,Cloudy,Day,23,Male,Bike,74,No,No,No,Over Speeding,Medium,8.0
ACC30875,30-04-2022,16:32,Tamil Nadu,Tiruchirappalli,10.7521,78.4037,National Highway,Cloudy,Day,22,Male,Bus,74,Yes,No,No,Drunk Driving,Medium,2.0
ACC30876,12-07-2024,01:23,Tamil Nadu,Madurai,11.2648,77.8326,City Road,Clear,Night,38,Male,Bike,52,No,Yes,No,Drowsy Driving,Medium,4.0
ACC30877,28-10-2023,18:05,Tamil Nadu,Chennai,10.3301,78.5718,Expressway,Rainy,Dusk,37,Male,Auto,79,No,No,No,Poor Weather Visibility,High,7.0
ACC30878,10-07-2024,18:17,Karnataka,Mangaluru,15.9217,75.7048,State Highway,Rainy,Dusk,33,Male,Car,69,No,Yes,No,Poor Weather Visibility,Medium,3.0
ACC30879,07-01-2023,18:53,Telangana,Warangal,17.4027,78.7371,City Road,Overcast,Dusk,26,Male,Bike,32,No,No,No,Poor Weather Visibility,Low,0.0
ACC30880,19-10-2022,06:59,Karnataka,Mangaluru,15.5584,75.6543,City Road,Clear,Day,18,Male,Truck,30,No,No,No,Signal Jumping,Low,1.0
ACC30881,08-09-2023,08:04,Kerala,Thrissur,10.5136,75.4996,State Highway,Rainy,Day,47,Male,Bike,63,No,No,No,Poor Weather Visibility,Medium,3.0
ACC30882,14-01-2023,14:51,Andhra Pradesh,Visakhapatnam,16.5697,79.8455,Expressway,Clear,Day,26,Male,Truck,96,No,No,No,Over Speeding,High,9.0
ACC30883,15-11-2023,18:30,Karnataka,Mysuru,15.52,75.1539,City Road,Clear,Dusk,39,Female,Bus,53,No,No,No,Signal Jumping,Low,1.0
ACC30884,29-10-2023,20:51,Andhra Pradesh,Nellore,16.5232,80.0126,Village Road,Cloudy,Night,36,Male,Bike,46,No,No,No,Poor Weather Visibility,Low,0.0
ACC30885,20-05-2023,22:38,Telangana,Hyderabad,18.1195,78.8733,National Highway,Overcast,Night,18,Male,Car,90,No,No,No,Over Speeding,High,5.0
ACC30886,08-05-2023,15:30,Andhra Pradesh,Vijayawada,15.3343,79.6705,State Highway,Cloudy,Day,28,Male,Car,55,Yes,No,No,Drunk Driving,Low,0.0
ACC30887,16-12-2024,06:01,Andhra Pradesh,Guntur,16.035,80.1682,State Highway,Clear,Day,28,Male,Bike,67,No,No,No,Over Speeding,Low,2.0
ACC30888,12-07-2024,20:12,Andhra Pradesh,Kurnool,16.2026,79.685,City Road,Cloudy,Night,51,Male,Bike,48,No,No,No,Poor Weather Visibility,Low,1.0
ACC30889,12-02-2022,17:39,Karnataka,Mysuru,15.8602,75.0628,Expressway,Cloudy,Dusk,52,Male,Car,92,No,No,No,Over Speeding,Medium,3.0
ACC30890,13-07-2023,14:25,Tamil Nadu,Coimbatore,11.0188,79.0001,City Road,Clear,Day,31,Male,Car,43,No,No,No,Signal Jumping,Low,1.0
ACC30891,18-01-2022,14:35,Puducherry,Karaikal,12.4013,80.2004,State Highway,Clear,Day,30,Male,Bike,49,No,No,Yes,Pothole/Bad Road,Low,0.0
ACC30892,17-08-2023,08:24,Telangana,Hyderabad,17.6893,78.9159,City Road,Rainy,Day,40,Female,Bus,57,No,No,Yes,Poor Weather Visibility,Medium,0.0
ACC30893,03-11-2023,21:05,Tamil Nadu,Tiruchirappalli,10.9621,78.3109,National Highway,Clear,Night,37,Male,Car,65,Yes,Yes,No,Drunk Driving,High,4.0
ACC30894,22-07-2022,06:21,Tamil Nadu,Madurai,11.4537,78.5201,State Highway,Clear,Day,35,Male,Auto,67,No,No,No,Signal Jumping,Medium,2.0
ACC30895,05-05-2024,21:14,Telangana,Warangal,18.276,79.2948,City Road,Overcast,Night,33,Female,Truck,36,No,No,No,Poor Weather Visibility,Low,0.0
ACC30896,14-03-2024,17:08,Karnataka,Mangaluru,15.4771,75.139,City Road,Rainy,Dusk,29,Male,Bike,55,No,No,No,Poor Weather Visibility,Low,2.0
ACC30897,12-11-2024,16:41,Andhra Pradesh,Guntur,15.4378,79.402,City Road,Clear,Day,32,Male,Auto,64,No,No,No,Signal Jumping,Low,0.0
ACC30898,15-03-2023,12:52,Kerala,Thrissur,11.1416,76.2919,State Highway,Clear,Day,52,Male,Truck,77,No,No,No,Over Speeding,Medium,2.0
ACC30899,17-09-2023,12:39,Tamil Nadu,Chennai,10.7761,78.4552,State Highway,Clear,Day,42,Male,Bike,52,No,No,No,Signal Jumping,Low,0.0
ACC30900,02-02-2024,10:30,Andhra Pradesh,Kurnool,16.4243,79.9551,National Highway,Cloudy,Day,36,Male,Bike,61,No,No,No,Poor Weather Visibility,Medium,2.0
ACC30901,18-08-2022,09:25,Tamil Nadu,Coimbatore,11.3642,78.1153,Expressway,Rainy,Day,46,Male,Auto,71,No,Yes,Yes,Poor Weather Visibility,High,1.0
ACC30902,13-01-2023,22:59,Tamil Nadu,Salem,10.9643,78.596,City Road,Clear,Night,18,Male,Bike,68,Yes,No,No,Drunk Driving,High,3.0
ACC30903,22-01-2022,18:23,Tamil Nadu,Tiruchirappalli,12.0514,78.4036,State Highway,Clear,Dusk,32,Male,Bus,48,No,No,No,Signal Jumping,Medium,1.0
ACC30904,24-08-2023,18:09,Karnataka,Mysuru,15.0817,76.0182,State Highway,Clear,Dusk,24,Male,Auto,55,No,No,No,Poor Weather Visibility,Medium,4.0
ACC30905,21-05-2023,20:20,Karnataka,Mysuru,14.8797,75.488,City Road,Rainy,Night,53,Female,Auto,35,No,No,Yes,Poor Weather Visibility,Low,1.0
ACC30906,07-12-2023,10:32,Karnataka,Bengaluru Urban,15.3476,75.918,State Highway,Cloudy,Day,46,Male,Auto,66,No,No,Yes,Pothole/Bad Road,Medium,5.0
ACC30907,24-07-2022,22:43,Tamil Nadu,Madurai,11.3702,79.1749,Expressway,Overcast,Night,37,Male,Car,65,No,No,No,Poor Weather Visibility,High,3.0
ACC30908,23-01-2024,09:53,Telangana,Hyderabad,17.7994,78.8044,State Highway,Clear,Day,28,Male,Truck,60,No,No,No,Over Speeding,Low,1.0
ACC30909,16-04-2022,07:42,Karnataka,Hubballi,15.664,76.0273,Expressway,Rainy,Day,29,Female,Truck,89,No,No,No,Over Speeding,High,8.0
ACC30910,22-12-2023,06:16,Andhra Pradesh,Nellore,15.858,78.9638,City Road,Rainy,Day,62,Female,Car,45,No,No,Yes,Poor Weather Visibility,Low,0.0
ACC30911,10-08-2022,04:53,Tamil Nadu,Salem,10.5465,78.1,Village Road,Rainy,Night,43,Male,Car,35,No,Yes,Yes,Poor Weather Visibility,Medium,5.0
ACC30912,10-03-2022,21:46,Tamil Nadu,Coimbatore,11.5715,78.5211,City Road,Clear,Night,30,Male,Bus,40,No,No,Yes,Pothole/Bad Road,Low,0.0
ACC30913,25-08-2022,18:41,Tamil Nadu,Madurai,11.3871,79.1031,Village Road,Rainy,Dusk,33,Male,Bike,36,No,No,Yes,Poor Weather Visibility,Low,2.0
ACC30914,27-05-2022,14:49,Kerala,Kozhikode,10.6865,76.2273,State Highway,Rainy,Day,37,Female,Car,58,No,No,No,Poor Weather Visibility,Medium,2.0
ACC30915,13-08-2024,04:15,Karnataka,Hubballi,15.6179,75.6176,State Highway,Rainy,Night,37,Female,Bike,53,No,No,No,Poor Weather Visibility,Medium,2.0
ACC30916,24-11-2023,16:09,Kerala,Thiruvananthapuram,10.6826,75.9266,City Road,Rainy,Day,41,Male,Car,42,No,No,No,Poor Weather Visibility,Low,1.0
ACC30917,31-01-2024,20:42,Karnataka,Mangaluru,15.1557,75.7888,National Highway,Cloudy,Night,20,Male,Bus,99,Yes,No,No,Over Speeding,High,9.0
ACC30918,23-02-2023,20:55,Telangana,Hyderabad,18.3,78.6173,City Road,Clear,Night,34,Male,Car,51,Yes,No,No,Drunk Driving,Low,0.0
ACC30919,01-06-2022,05:45,Puducherry,Karaikal,11.7957,80.36,City Road,Cloudy,Dawn,43,Male,Car,38,No,No,No,Poor Weather Visibility,Low,
ACC30920,10-02-2023,02:51,Andhra Pradesh,Guntur,15.3946,79.5066,Expressway,Rainy,Night,44,Male,Car,69,No,Yes,No,Poor Weather Visibility,High,6.0
ACC30921,31-07-2023,15:02,Telangana,Hyderabad,17.4805,78.434,Village Road,Clear,Day,18,Male,Bike,40,No,No,No,Signal Jumping,Low,1.0
ACC30922,10-11-2024,13:38,Kerala,Thrissur,10.3556,76.5716,City Road,Rainy,Day,29,Female,Bike,72,Yes,No,Yes,Poor Weather Visibility,High,8.0
ACC30923,09-03-2024,18:35,Andhra Pradesh,Guntur,15.9826,79.3469,State Highway,Rainy,Dusk,44,Male,Auto,58,No,No,Yes,Poor Weather Visibility,Medium,1.0
ACC30924,21-12-2024,23:40,Karnataka,Belagavi,14.5004,75.8985,City Road,Clear,Night,40,Female,Auto,38,No,No,No,Signal Jumping,Low,
ACC30925,12-01-2022,21:51,Telangana,Karimnagar,18.1148,78.7219,Village Road,Clear,Night,35,Male,Car,58,No,No,No,Signal Jumping,Low,0.0
ACC30926,30-06-2024,23:52,Tamil Nadu,Tiruchirappalli,10.9645,78.6142,Expressway,Cloudy,Night,18,Female,Car,93,Yes,Yes,Yes,Over Speeding,High,
ACC30927,21-11-2024,13:42,Kerala,Kollam,10.6035,76.5369,Village Road,Clear,Day,46,Male,Car,42,No,No,Yes,Pothole/Bad Road,Low,1.0
ACC30928,12-02-2024,17:54,Tamil Nadu,Salem,11.1056,78.0249,National Highway,Clear,Dusk,42,Male,Auto,77,No,No,No,Over Speeding,Medium,1.0
ACC30929,18-03-2022,07:00,Puducherry,Karaikal,11.3646,80.1457,City Road,Clear,Day,33,Male,Car,49,No,No,No,Signal Jumping,Low,
ACC30930,11-03-2024,16:25,Telangana,Karimnagar,17.3974,79.0399,State Highway,Cloudy,Day,32,Male,Bike,59,No,No,No,Poor Weather Visibility,Low,1.0
ACC30931,17-03-2024,06:37,Karnataka,Hubballi,15.4731,76.0914,Village Road,Clear,Day,24,Male,Auto,60,Yes,No,No,Drunk Driving,Medium,1.0
ACC30932,14-01-2024,11:14,Tamil Nadu,Coimbatore,11.0699,78.4778,City Road,Overcast,Day,52,Male,Truck,48,No,Yes,Yes,Drowsy Driving,Medium,3.0
ACC30933,28-08-2024,05:17,Karnataka,Hubballi,15.173,76.275,Expressway,Clear,Dawn,40,Male,Bike,79,Yes,No,No,Drunk Driving,High,7.0
ACC30934,13-03-2022,11:42,Telangana,Khammam,18.3869,78.9977,Village Road,Rainy,Day,19,Male,Bike,45,No,No,Yes,Poor Weather Visibility,Medium,7.0
ACC30935,05-07-2023,12:09,Karnataka,Mysuru,15.8419,75.2243,City Road,Clear,Day,18,Male,Bike,52,No,No,No,Signal Jumping,Low,0.0
ACC30936,19-02-2023,14:33,Tamil Nadu,Madurai,11.5201,78.801,Village Road,Clear,Day,18,Male,Auto,29,No,No,Yes,Pothole/Bad Road,Low,2.0
ACC30937,09-12-2023,14:24,Tamil Nadu,Salem,11.7313,78.1263,National Highway,Clear,Day,32,Male,Bike,88,No,No,No,Over Speeding,High,8.0
ACC30938,15-09-2023,12:00,Tamil Nadu,Madurai,10.7566,78.9396,National Highway,Rainy,Day,52,Male,Truck,86,No,No,No,Poor Weather Visibility,Medium,3.0
ACC30939,13-09-2022,16:18,Tamil Nadu,Tiruchirappalli,11.0053,78.6136,State Highway,Cloudy,Day,19,Female,Auto,84,Yes,No,Yes,Drunk Driving,High,3.0
ACC30940,10-09-2023,22:35,Karnataka,Bengaluru Urban,15.6516,76.0041,State Highway,Clear,Night,32,Male,Auto,76,Yes,Yes,Yes,Drunk Driving,High,3.0
ACC30941,14-07-2024,14:31,Kerala,Thiruvananthapuram,10.4842,76.6065,State Highway,Clear,Day,48,Male,Car,64,No,No,No,Over Speeding,Medium,4.0
ACC30942,13-01-2024,10:50,Tamil Nadu,Chennai,10.7539,78.4838,Village Road,Overcast,Day,18,Male,Bike,55,No,No,No,Poor Weather Visibility,Medium,2.0
ACC30943,10-05-2022,14:51,Karnataka,Mysuru,15.1224,75.5273,City Road,Cloudy,Day,41,Female,Truck,55,Yes,No,No,Drunk Driving,Medium,5.0
ACC30944,20-06-2022,12:29,Karnataka,Belagavi,15.425,75.5505,City Road,Clear,Day,48,Male,Car,86,Yes,Yes,Yes,Over Speeding,High,9.0
ACC30945,20-07-2023,16:08,Tamil Nadu,Salem,10.9199,78.5197,National Highway,Cloudy,Day,45,Male,Auto,87,No,No,No,Over Speeding,High,6.0
ACC30946,03-07-2023,15:40,Telangana,Warangal,18.4679,79.3902,Expressway,Foggy,Day,23,Male,Truck,85,No,No,No,Poor Weather Visibility,High,6.0
ACC30947,06-01-2023,18:12,Andhra Pradesh,Visakhapatnam,16.163,79.6019,National Highway,Rainy,Dusk,34,Female,Auto,44,No,No,No,Poor Weather Visibility,Medium,1.0
ACC30948,13-09-2024,10:18,Karnataka,Mysuru,15.1726,75.5469,National Highway,Rainy,Day,19,Female,Car,69,Yes,No,No,Poor Weather Visibility,High,
ACC30949,04-07-2023,15:34,Karnataka,Belagavi,15.1856,75.4471,National Highway,Rainy,Day,71,Male,Car,59,No,No,Yes,Poor Weather Visibility,High,5.0
ACC30950,16-06-2023,19:36,Tamil Nadu,Madurai,11.6007,78.4241,National Highway,Rainy,Night,44,Male,Truck,106,No,Yes,No,Over Speeding,High,5.0
ACC30951,10-11-2024,23:41,Kerala,Kozhikode,10.77,75.7884,Expressway,Rainy,Night,30,Female,Auto,79,Yes,No,No,Poor Weather Visibility,High,7.0
ACC30952,23-01-2024,19:29,Tamil Nadu,Coimbatore,10.7159,77.9996,Village Road,Cloudy,Night,47,Female,Truck,17,No,Yes,Yes,Drowsy Driving,Low,0.0
ACC30953,19-11-2022,13:45,Andhra Pradesh,Nellore,16.0548,80.6989,Village Road,Clear,Day,63,Male,Truck,23,No,Yes,No,Drowsy Driving,Low,0.0
ACC30954,13-01-2024,15:29,Tamil Nadu,Chennai,11.5188,79.1982,Village Road,Overcast,Day,42,Male,Bus,40,No,Yes,Yes,Drowsy Driving,Low,2.0
ACC30955,21-09-2022,13:09,Karnataka,Mysuru,14.881,75.7918,State Highway,Rainy,Day,30,Male,Car,63,No,No,Yes,Poor Weather Visibility,Medium,3.0
ACC30956,05-06-2022,07:08,Kerala,Thiruvananthapuram,10.2664,75.5261,City Road,Cloudy,Day,27,Male,Bike,44,No,No,No,Poor Weather Visibility,Low,1.0
ACC30957,12-08-2022,06:24,Kerala,Kozhikode,9.1992,76.57,National Highway,Clear,Day,24,Male,Auto,78,No,No,No,Over Speeding,Medium,3.0
ACC30958,18-01-2023,01:27,Telangana,Karimnagar,18.3235,79.5909,State Highway,Clear,Night,23,Male,Car,60,No,No,No,Over Speeding,Low,3.0
ACC30959,11-04-2023,09:16,Karnataka,Belagavi,15.3413,75.428,Expressway,Clear,Day,18,Male,Bus,72,Yes,No,No,Drunk Driving,Medium,1.0
ACC30960,18-12-2024,07:30,Telangana,Nizamabad,17.5557,79.2818,State Highway,Rainy,Day,45,Female,Auto,59,No,No,No,Poor Weather Visibility,Medium,3.0
ACC30961,15-04-2022,19:40,Karnataka,Mangaluru,15.3942,75.6186,City Road,Rainy,Night,42,Male,Car,51,Yes,Yes,No,Poor Weather Visibility,Medium,2.0
ACC30962,19-03-2024,14:59,Andhra Pradesh,Visakhapatnam,15.3341,79.9281,State Highway,Clear,Day,21,Female,Car,59,No,No,Yes,Pothole/Bad Road,Low,0.0
ACC30963,04-07-2024,00:39,Tamil Nadu,Salem,11.0517,79.147,National Highway,Overcast,Night,45,Male,Auto,69,No,Yes,Yes,Drowsy Driving,High,6.0
ACC30964,18-02-2023,16:48,Karnataka,Hubballi,15.0713,75.5572,Village Road,Clear,Day,50,Male,Auto,44,No,No,No,Signal Jumping,Medium,2.0
ACC30965,10-04-2023,08:15,Kerala,Kozhikode,9.9917,77.1028,Village Road,Clear,Day,42,Male,Bike,63,No,No,No,Signal Jumping,Medium,0.0
ACC30966,18-07-2023,18:01,Kerala,Thrissur,9.8859,76.5342,State Highway,Clear,Dusk,44,Male,Car,82,No,No,No,Over Speeding,Medium,4.0
ACC30967,15-03-2022,17:11,Karnataka,Belagavi,15.1919,75.8119,National Highway,Clear,Dusk,21,Female,Bike,62,No,No,No,Signal Jumping,Low,0.0
ACC30968,20-06-2024,10:26,Tamil Nadu,Madurai,11.1767,78.7724,State Highway,Clear,Day,48,Male,Car,59,No,No,No,Over Speeding,Low,0.0
ACC30969,15-06-2024,14:05,Andhra Pradesh,Kurnool,15.4844,79.2302,Expressway,Foggy,Day,32,Male,Bus,74,No,No,No,Poor Weather Visibility,High,5.0
ACC30970,25-01-2022,12:46,Tamil Nadu,Salem,10.2079,78.9577,Expressway,Cloudy,Day,46,Male,Car,91,No,No,No,Over Speeding,High,5.0
ACC30971,14-10-2022,20:42,Telangana,Khammam,18.2007,79.3638,City Road,Overcast,Night,32,Male,Truck,51,No,Yes,No,Drowsy Driving,Medium,4.0
ACC30972,10-03-2022,14:15,Karnataka,Hubballi,14.8846,75.5638,City Road,Clear,Day,46,Male,Car,26,No,No,No,Poor Weather Visibility,Low,
ACC30973,07-09-2023,08:26,Tamil Nadu,Salem,11.1951,78.47,National Highway,Cloudy,Day,34,Male,Car,73,No,No,No,Over Speeding,Medium,
ACC30974,24-09-2022,15:22,Karnataka,Belagavi,15.3718,75.3919,Village Road,Cloudy,Day,29,Male,Car,47,No,No,No,Poor Weather Visibility,Low,0.0
ACC30975,07-11-2024,06:49,Kerala,Thrissur,10.5192,76.9609,National Highway,Overcast,Day,48,Male,Bus,78,No,No,No,Over Speeding,Medium,4.0
ACC30976,01-01-2022,12:25,Tamil Nadu,Chennai,10.5763,78.3941,National Highway,Cloudy,Day,46,Male,Car,68,No,No,No,Poor Weather Visibility,Low,2.0
ACC30977,05-10-2022,22:00,Puducherry,Puducherry,12.0263,79.868,Expressway,Rainy,Night,18,Female,Bus,80,No,No,Yes,Poor Weather Visibility,High,6.0
ACC30978,05-09-2022,08:38,Telangana,Khammam,17.4235,79.5208,City Road,Clear,Day,40,Male,Auto,40,No,No,Yes,Pothole/Bad Road,Low,0.0
ACC30979,04-02-2023,12:05,Andhra Pradesh,Vijayawada,15.7999,79.8823,State Highway,Cloudy,Day,49,Male,Auto,58,No,No,Yes,Pothole/Bad Road,Low,1.0
ACC30980,12-02-2024,20:49,Karnataka,Mangaluru,15.8703,75.7846,Village Road,Clear,Night,47,Male,Bike,49,No,Yes,No,Drowsy Driving,Low,0.0
ACC30981,23-10-2023,16:45,Karnataka,Mysuru,15.2551,75.7424,Expressway,Rainy,Day,29,Male,Bike,66,No,No,No,Poor Weather Visibility,Low,4.0
ACC30982,04-12-2022,14:39,Tamil Nadu,Coimbatore,11.5911,78.6842,City Road,Rainy,Day,50,Male,Car,79,No,No,No,Poor Weather Visibility,Medium,6.0
ACC30983,19-09-2023,17:49,Puducherry,Puducherry,11.3616,80.2883,City Road,Rainy,Dusk,34,Male,Auto,48,No,No,Yes,Poor Weather Visibility,Medium,4.0
ACC30984,07-11-2024,16:47,Tamil Nadu,Madurai,11.3968,78.9743,City Road,Cloudy,Day,44,Male,Car,52,No,No,Yes,Pothole/Bad Road,Low,0.0
ACC30985,07-10-2022,18:10,Karnataka,Belagavi,15.1564,75.668,Village Road,Cloudy,Dusk,24,Male,Bike,34,No,No,Yes,Pothole/Bad Road,Medium,5.0
ACC30986,16-03-2023,07:36,Kerala,Thiruvananthapuram,10.5404,76.3465,Village Road,Overcast,Day,18,Male,Truck,42,No,No,No,Poor Weather Visibility,Low,1.0
ACC30987,23-02-2024,11:22,Telangana,Nizamabad,18.4141,78.9776,City Road,Clear,Day,33,Male,Bike,66,No,No,No,Over Speeding,Medium,1.0
ACC30988,25-09-2024,09:07,Andhra Pradesh,Kurnool,16.0153,79.7084,Village Road,Clear,Day,53,Male,Truck,39,No,Yes,Yes,Signal Jumping,Low,0.0
ACC30989,12-08-2024,06:31,Tamil Nadu,Chennai,11.0595,79.0536,National Highway,Rainy,Day,68,Male,Truck,85,No,No,Yes,Poor Weather Visibility,Medium,3.0
ACC30990,30-12-2024,17:56,Karnataka,Mangaluru,15.0472,75.2762,National Highway,Cloudy,Dusk,32,Female,Truck,82,No,Yes,No,Over Speeding,High,7.0
ACC30991,02-05-2024,10:05,Telangana,Hyderabad,17.1663,79.1859,State Highway,Cloudy,Day,38,Female,Car,65,No,No,No,Poor Weather Visibility,Low,0.0
ACC30992,10-10-2023,21:35,Andhra Pradesh,Kurnool,16.0736,80.0903,State Highway,Cloudy,Night,56,Male,Car,46,No,No,No,Poor Weather Visibility,Low,0.0
ACC30993,16-09-2024,14:55,Tamil Nadu,Chennai,11.8779,78.6548,City Road,Rainy,Day,18,Female,Bus,36,No,No,Yes,Poor Weather Visibility,Low,0.0
ACC30994,05-11-2024,11:07,Kerala,Thiruvananthapuram,9.7039,75.4246,State Highway,Foggy,Day,32,Male,Bike,61,No,No,No,Poor Weather Visibility,Medium,1.0
ACC30995,25-05-2024,23:14,Kerala,Ernakulam,9.917,76.6388,City Road,Clear,Night,44,Male,Bike,68,No,No,No,Over Speeding,Medium,3.0
ACC30996,18-04-2023,04:53,Karnataka,Bengaluru Urban,14.9896,75.6774,City Road,Cloudy,Night,24,Male,Bike,53,Yes,No,No,Drunk Driving,Medium,1.0
ACC30997,08-02-2022,14:25,Telangana,Hyderabad,17.6435,78.9494,City Road,Clear,Day,18,Male,Auto,54,No,Yes,Yes,Drowsy Driving,High,7.0
ACC30998,07-11-2024,01:23,Andhra Pradesh,Kurnool,15.9848,79.5917,Village Road,Cloudy,Night,40,Male,Bike,36,No,No,No,Poor Weather Visibility,Low,0.0
ACC30999,14-07-2024,07:47,Telangana,Warangal,18.0435,78.6431,National Highway,Rainy,Day,27,Female,Car,114,Yes,No,No,Over Speeding,High,5.0
ACC31000,23-07-2024,21:41,Telangana,Warangal,18.1077,78.4832,National Highway,Overcast,Night,41,Male,Truck,75,No,No,No,Over Speeding,Low,0.0
ACC31001,17-03-2024,08:23,Andhra Pradesh,Kurnool,15.9014,80.2147,State Highway,Rainy,Day,41,Male,Bike,54,No,No,No,Poor Weather Visibility,Low,1.0
ACC31002,17-11-2022,15:18,Karnataka,Mysuru,15.2874,75.4866,City Road,Clear,Day,44,Male,Auto,58,No,No,No,Signal Jumping,Low,0.0
ACC31003,19-04-2024,16:33,Telangana,Khammam,17.5834,78.8847,City Road,Clear,Day,37,Male,Auto,30,No,Yes,No,Drowsy Driving,Low,1.0
ACC31004,25-06-2024,02:44,Andhra Pradesh,Vijayawada,15.4126,79.8842,City Road,Rainy,Night,34,Male,Car,52,No,No,No,Poor Weather Visibility,Low,0.0
ACC31005,20-12-2024,17:13,Andhra Pradesh,Vijayawada,16.1226,79.8466,National Highway,Clear,Dusk,18,Male,Bus,78,No,No,No,Over Speeding,Medium,4.0
ACC31006,24-01-2022,18:16,Andhra Pradesh,Visakhapatnam,15.9045,79.6992,Village Road,Clear,Dusk,24,Male,Car,33,No,No,No,Signal Jumping,Low,0.0
ACC31007,21-10-2023,08:07,Tamil Nadu,Tiruchirappalli,11.3304,78.1228,State Highway,Clear,Day,35,Male,Car,56,No,No,No,Signal Jumping,Low,0.0
ACC31008,02-05-2023,20:36,Kerala,Ernakulam,10.8518,76.442,National Highway,Clear,Night,39,Male,Auto,94,No,No,No,Over Speeding,High,7.0
ACC31009,31-08-2023,22:07,Tamil Nadu,Madurai,10.8382,79.3652,Expressway,Cloudy,Night,58,Male,Auto,93,Yes,Yes,No,Over Speeding,High,11.0
ACC31010,04-04-2023,22:58,Telangana,Hyderabad,17.8509,78.4962,Village Road,Cloudy,Night,18,Male,Truck,34,No,No,Yes,Pothole/Bad Road,Low,3.0
ACC31011,24-04-2023,16:46,Karnataka,Mysuru,14.5078,76.0753,Village Road,Cloudy,Day,26,Male,Bike,39,No,No,No,Poor Weather Visibility,Low,0.0
ACC31012,20-02-2023,19:54,Tamil Nadu,Salem,10.6269,78.1821,National Highway,Clear,Night,47,Male,Car,77,No,No,No,Over Speeding,Medium,3.0
ACC31013,16-03-2024,19:58,Tamil Nadu,Tiruchirappalli,11.6041,78.1892,Village Road,Clear,Night,38,Male,Car,33,Yes,No,No,Drunk Driving,Low,0.0
ACC31014,16-03-2023,14:38,Tamil Nadu,Madurai,11.0195,78.657,City Road,Cloudy,Day,45,Male,Car,42,No,No,Yes,Signal Jumping,Low,1.0
ACC31015,19-08-2022,18:45,Tamil Nadu,Madurai,10.936,78.281,State Highway,Clear,Dusk,36,Male,Car,63,No,No,No,Over Speeding,Low,1.0
ACC31016,23-03-2022,08:17,Tamil Nadu,Chennai,10.3813,78.7613,State Highway,Overcast,Day,35,Male,Car,53,No,Yes,No,Drowsy Driving,Medium,2.0
ACC31017,03-02-2024,18:00,Tamil Nadu,Chennai,11.3984,78.1066,City Road,Cloudy,Dusk,25,Male,Bike,35,No,No,No,Poor Weather Visibility,Low,2.0
ACC31018,07-12-2023,16:09,Kerala,Thrissur,10.1986,76.1695,State Highway,Cloudy,Day,40,Male,Auto,51,No,No,No,Poor Weather Visibility,Low,0.0
ACC31019,22-11-2023,06:10,Tamil Nadu,Salem,11.5607,79.1075,State Highway,Clear,Day,37,Male,Auto,70,No,No,Yes,Pothole/Bad Road,Medium,4.0
ACC31020,26-08-2022,17:46,Andhra Pradesh,Nellore,16.0908,79.7736,National Highway,Clear,Dusk,40,Male,Auto,53,No,No,No,Signal Jumping,Low,2.0
ACC31021,11-08-2024,18:16,Tamil Nadu,Tiruchirappalli,11.4646,78.095,State Highway,Cloudy,Dusk,43,Male,Bike,71,No,No,No,Signal Jumping,High,7.0
ACC31022,28-05-2023,21:47,Puducherry,Karaikal,11.6966,79.7961,City Road,Cloudy,Night,52,Male,Bike,66,Yes,No,No,Drunk Driving,High,5.0