Accident_ID,Date,Time,State,District,Latitude,Longitude,Road_Type,Weather,Light_Condition,Driver_Age,Driver_Gender,Vehicle_Type,Speed_kmph,Alcohol_Involved,Driver_Drowsy,Pothole_Involved,Cause_of_Accident,Severity,Casualties
ACC31023,09-02-2024,16:31,Karnataka,Hubballi,15.598,75.6572,City Road,Clear,Day,39,Female,Car,53,No,No,No,Signal Jumping,Low,
ACC31024,14-04-2022,21:39,Tamil Nadu,Coimbatore,11.0116,78.2638,Expressway,Cloudy,Night,51,Female,Car,75,Yes,No,No,Drunk Driving,High,2.0
ACC31025,24-05-2024,18:07,Kerala,Ernakulam,10.3886,76.2891,National Highway,Overcast,Dusk,48,Male,Auto,62,No,No,No,Poor Weather Visibility,Medium,3.0
ACC31026,12-11-2022,06:17,Telangana,Karimnagar,18.1276,79.0445,State Highway,Cloudy,Day,30,Male,Bike,44,No,No,No,Poor Weather Visibility,Low,1.0
ACC31027,26-07-2023,22:11,Tamil Nadu,Madurai,11.4533,78.4378,State Highway,Rainy,Night,18,Male,Auto,76,No,Yes,No,Poor Weather Visibility,High,12.0
ACC31028,11-05-2024,14:29,Tamil Nadu,Salem,10.8401,78.1048,Expressway,Clear,Day,28,Female,Car,82,No,No,No,Over Speeding,Medium,2.0
ACC31029,01-04-2022,23:57,Tamil Nadu,Coimbatore,11.5695,78.1194,National Highway,Rainy,Night,18,Female,Car,82,No,No,Yes,Poor Weather Visibility,High,5.0
ACC31030,29-02-2024,05:17,Telangana,Karimnagar,17.9707,79.0863,City Road,Overcast,Dawn,35,Female,Bus,50,No,No,No,Poor Weather Visibility,Low,1.0
ACC31031,08-05-2023,18:52,Kerala,Thiruvananthapuram,10.6811,75.8795,City Road,Clear,Dusk,29,Male,Auto,80,No,No,No,Over Speeding,Medium,3.0
ACC31032,01-02-2023,10:19,Telangana,Nizamabad,17.8952,79.0005,City Road,Overcast,Day,28,Male,Car,62,No,No,No,Signal Jumping,Low,0.0
ACC31033,03-09-2022,09:15,Andhra Pradesh,Guntur,15.178,79.5265,National Highway,Clear,Day,48,Male,Bike,71,No,No,Yes,Pothole/Bad Road,Medium,5.0
ACC31034,13-03-2022,14:09,Tamil Nadu,Coimbatore,11.0268,78.3018,National Highway,Clear,Day,60,Male,Car,57,No,No,No,Signal Jumping,Low,4.0
ACC31035,08-04-2024,16:30,Telangana,Khammam,17.7979,78.1482,National Highway,Foggy,Day,43,Male,Car,100,Yes,No,No,Poor Weather Visibility,High,9.0
ACC31036,22-03-2023,07:08,Puducherry,Karaikal,12.0753,79.8319,State Highway,Clear,Day,57,Male,Car,81,No,No,No,Over Speeding,Low,0.0
ACC31037,24-08-2022,14:51,Tamil Nadu,Chennai,11.2108,77.8932,City Road,Rainy,Day,51,Female,Car,47,No,No,No,Poor Weather Visibility,Low,1.0
ACC31038,30-08-2024,13:21,Andhra Pradesh,Visakhapatnam,16.0256,79.7604,National Highway,Cloudy,Day,35,Male,Bike,71,No,No,No,Poor Weather Visibility,Medium,1.0
ACC31039,08-08-2022,20:25,Kerala,Ernakulam,9.722,75.874,City Road,Clear,Night,32,Female,Car,45,No,No,No,Poor Weather Visibility,Low,1.0
ACC31040,11-09-2023,07:35,Tamil Nadu,Salem,11.2109,79.1022,National Highway,Clear,Day,18,Male,Car,55,No,No,Yes,Pothole/Bad Road,Low,0.0
ACC31041,01-05-2023,17:54,Tamil Nadu,Coimbatore,10.4902,78.1099,State Highway,Rainy,Dusk,23,Male,Car,55,No,No,No,Poor Weather Visibility,Medium,4.0
ACC31042,22-09-2023,14:10,Telangana,Warangal,17.719,78.745,State Highway,Cloudy,Day,18,Male,Bike,44,No,No,No,Poor Weather Visibility,Low,4.0
ACC31043,15-10-2024,18:35,Kerala,Ernakulam,9.6494,76.4624,City Road,Cloudy,Dusk,32,Male,Car,45,No,No,No,Poor Weather Visibility,Low,1.0
ACC31044,04-06-2022,17:12,Kerala,Thrissur,10.7247,75.9682,City Road,Rainy,Dusk,25,Female,Car,50,No,No,No,Poor Weather Visibility,Low,0.0
ACC31045,07-07-2022,20:41,Kerala,Ernakulam,10.7363,76.0679,National Highway,Cloudy,Night,45,Male,Auto,65,No,No,No,Signal Jumping,Medium,2.0
ACC31046,10-10-2024,21:40,Tamil Nadu,Coimbatore,11.2781,77.6964,State Highway,Rainy,Night,37,Female,Bike,53,No,No,No,Poor Weather Visibility,Low,0.0
ACC31047,28-09-2023,13:01,Tamil Nadu,Tiruchirappalli,11.8871,78.1669,Expressway,Clear,Day,26,Male,Bike,73,No,No,No,Over Speeding,Low,0.0
ACC31048,12-01-2023,12:41,Tamil Nadu,Madurai,11.2681,78.1011,City Road,Clear,Day,33,Male,Bike,65,No,No,Yes,Pothole/Bad Road,Low,2.0
ACC31049,12-01-2023,10:42,Kerala,Ernakulam,10.2797,76.0992,State Highway,Clear,Day,46,Male,Bike,57,No,No,No,Signal Jumping,Low,0.0
ACC31050,10-01-2022,08:37,Kerala,Ernakulam,10.2274,76.6389,State Highway,Cloudy,Day,32,Female,Car,39,No,No,No,Poor Weather Visibility,Low,3.0
ACC31051,07-11-2022,20:04,Karnataka,Mysuru,15.6802,75.869,National Highway,Clear,Night,33,Female,Car,95,No,No,No,Over Speeding,High,5.0
ACC31052,13-02-2022,14:51,Tamil Nadu,Salem,12.259,79.2551,City Road,Cloudy,Day,41,Male,Car,46,No,Yes,No,Drowsy Driving,Low,2.0
ACC31053,03-08-2023,14:05,Kerala,Kollam,10.5068,76.3896,National Highway,Clear,Day,23,Male,Car,73,No,No,No,Over Speeding,Low,1.0
ACC31054,26-03-2023,18:22,Tamil Nadu,Madurai,10.9727,78.701,National Highway,Clear,Dusk,44,Female,Bike,83,Yes,No,No,Drunk Driving,High,4.0
ACC31055,02-07-2024,20:06,Karnataka,Mysuru,14.7366,75.9643,National Highway,Cloudy,Night,19,Male,Bike,78,Yes,Yes,No,Drunk Driving,High,6.0
ACC31056,21-01-2023,13:03,Tamil Nadu,Chennai,10.6589,78.4486,City Road,Cloudy,Day,39,Female,Auto,30,No,No,Yes,Pothole/Bad Road,Low,1.0
ACC31057,09-02-2023,06:12,Kerala,Ernakulam,9.5359,76.9797,State Highway,Overcast,Day,67,Male,Bike,71,No,No,No,Poor Weather Visibility,Medium,5.0
ACC31058,23-08-2022,19:11,Andhra Pradesh,Guntur,15.7839,79.5808,Village Road,Rainy,Night,38,Male,Auto,47,Yes,No,Yes,Poor Weather Visibility,Medium,3.0
ACC31059,20-07-2024,06:02,Kerala,Thiruvananthapuram,10.5763,76.0049,State Highway,Cloudy,Day,38,Female,Car,62,No,No,No,Poor Weather Visibility,Low,0.0
ACC31060,13-06-2024,06:22,Kerala,Thrissur,10.2943,76.1787,Village Road,Cloudy,Day,18,Male,Auto,40,No,No,Yes,Pothole/Bad Road,Low,3.0
ACC31061,19-07-2024,11:42,Puducherry,Karaikal,11.6691,80.2623,National Highway,Clear,Day,40,Male,Bike,59,Yes,No,No,Drunk Driving,Medium,0.0
ACC31062,15-02-2023,12:21,Telangana,Karimnagar,17.9926,78.7232,City Road,Overcast,Day,32,Male,Car,53,No,No,No,Poor Weather Visibility,Low,1.0
ACC31063,09-10-2024,09:44,Kerala,Thrissur,9.6932,76.3973,National Highway,Clear,Day,21,Male,Truck,68,No,No,No,Over Speeding,Low,5.0
ACC31064,18-05-2024,09:01,Karnataka,Belagavi,15.078,76.6719,State Highway,Clear,Day,33,Male,Car,78,No,No,No,Over Speeding,Medium,1.0
ACC31065,26-10-2022,09:53,Karnataka,Hubballi,15.6345,75.5581,City Road,Clear,Day,40,Male,Auto,67,No,No,Yes,Pothole/Bad Road,Medium,1.0
ACC31066,05-11-2023,18:23,Tamil Nadu,Coimbatore,11.0032,79.0595,City Road,Foggy,Dusk,18,Male,Auto,72,No,No,No,Poor Weather Visibility,High,2.0
ACC31067,18-01-2024,15:45,Karnataka,Mysuru,15.7682,75.9561,National Highway,Clear,Day,30,Male,Bike,67,Yes,No,No,Drunk Driving,High,4.0
ACC31068,14-08-2022,14:17,Tamil Nadu,Chennai,11.1337,78.9602,Village Road,Cloudy,Day,30,Female,Car,59,No,No,Yes,Pothole/Bad Road,Medium,2.0
ACC31069,09-05-2023,17:53,Telangana,Warangal,17.9632,78.7723,City Road,Clear,Dusk,18,Male,Bike,69,Yes,No,No,Drunk Driving,Medium,3.0
ACC31070,05-08-2024,05:23,Andhra Pradesh,Guntur,15.9392,80.1517,National Highway,Cloudy,Dawn,49,Male,Bike,97,No,Yes,No,Over Speeding,High,4.0
ACC31071,11-02-2023,05:05,Tamil Nadu,Coimbatore,10.9834,78.7316,Village Road,Clear,Dawn,43,Male,Bike,59,No,No,No,Signal Jumping,Medium,1.0
ACC31072,11-01-2024,09:39,Telangana,Karimnagar,17.4249,79.1494,National Highway,Rainy,Day,55,Male,Car,81,No,No,No,Poor Weather Visibility,High,6.0
ACC31073,07-07-2022,15:29,Tamil Nadu,Coimbatore,10.9365,78.9669,National Highway,Clear,Day,19,Male,Bike,70,No,No,No,Over Speeding,Medium,3.0
ACC31074,03-09-2024,07:40,Puducherry,Karaikal,12.0049,79.8731,State Highway,Rainy,Day,55,Male,Auto,56,No,No,No,Poor Weather Visibility,Medium,5.0
ACC31075,25-07-2024,18:29,Karnataka,Hubballi,14.7154,75.8373,Village Road,Clear,Dusk,22,Female,Truck,63,Yes,No,No,Drunk Driving,High,6.0
ACC31076,13-06-2024,13:58,Tamil Nadu,Tiruchirappalli,11.5046,78.5469,City Road,Rainy,Day,47,Male,Truck,41,No,No,Yes,Poor Weather Visibility,Low,1.0
ACC31077,21-06-2022,17:55,Kerala,Ernakulam,9.6234,75.445,City Road,Rainy,Dusk,45,Male,Car,41,No,No,No,Poor Weather Visibility,Low,0.0
ACC31078,17-04-2023,17:24,Andhra Pradesh,Nellore,15.5032,79.0271,Expressway,Clear,Dusk,44,Male,Bike,86,No,No,No,Over Speeding,Medium,0.0
ACC31079,25-04-2024,22:32,Tamil Nadu,Chennai,11.7701,78.2627,Village Road,Clear,Night,29,Female,Auto,43,Yes,No,Yes,Drunk Driving,Medium,4.0
ACC31080,23-04-2023,06:28,Andhra Pradesh,Vijayawada,15.7337,80.3383,State Highway,Rainy,Day,47,Female,Bike,46,No,No,Yes,Poor Weather Visibility,Low,1.0
ACC31081,07-09-2022,17:59,Karnataka,Bengaluru Urban,15.0387,75.5236,Expressway,Cloudy,Dusk,42,Male,Bus,75,No,No,No,Over Speeding,Medium,3.0
ACC31082,19-05-2023,15:14,Karnataka,Mangaluru,15.2497,75.1262,State Highway,Rainy,Day,43,Male,Bike,76,No,No,No,Poor Weather Visibility,Medium,3.0
ACC31083,22-11-2023,12:21,Puducherry,Puducherry,12.1964,79.6393,State Highway,Clear,Day,37,Female,Bike,52,No,No,No,Signal Jumping,Low,1.0
ACC31084,11-05-2022,01:56,Andhra Pradesh,Vijayawada,16.6556,79.9997,National Highway,Overcast,Night,33,Male,Car,77,No,No,No,Over Speeding,Medium,6.0
ACC31085,19-11-2024,12:32,Karnataka,Bengaluru Urban,15.3474,75.8989,City Road,Clear,Day,27,Male,Car,40,No,No,No,Signal Jumping,Low,1.0
ACC31086,06-12-2023,06:01,Telangana,Warangal,17.7285,79.0601,City Road,Clear,Day,18,Male,Car,72,No,Yes,No,Drowsy Driving,Low,1.0
ACC31087,16-03-2024,02:37,Karnataka,Mysuru,14.8746,76.3263,State Highway,Rainy,Night,36,Female,Bike,94,No,Yes,Yes,Over Speeding,High,4.0
ACC31088,31-01-2024,06:41,Telangana,Karimnagar,17.7164,79.6501,National Highway,Clear,Day,46,Male,Car,70,No,No,No,Over Speeding,Medium,0.0
ACC31089,06-01-2024,07:19,Karnataka,Belagavi,15.1398,75.5728,City Road,Clear,Day,32,Female,Bus,58,Yes,No,No,Drunk Driving,Low,
ACC31090,14-08-2024,17:03,Telangana,Nizamabad,17.7194,78.7796,State Highway,Clear,Dusk,28,Male,Bike,64,No,No,Yes,Pothole/Bad Road,Medium,3.0
ACC31091,22-07-2022,21:51,Andhra Pradesh,Nellore,16.1625,79.1808,Village Road,Rainy,Night,40,Male,Car,42,No,No,No,Poor Weather Visibility,Low,
ACC31092,19-05-2023,09:25,Karnataka,Mysuru,16.1918,75.7105,Expressway,Clear,Day,40,Male,Bike,68,Yes,No,No,Drunk Driving,Medium,3.0
ACC31093,23-01-2023,21:30,Telangana,Hyderabad,18.5184,79.4605,Expressway,Clear,Night,18,Female,Car,111,Yes,Yes,No,Over Speeding,High,9.0
ACC31094,06-03-2024,20:42,Kerala,Thiruvananthapuram,9.7135,76.5631,National Highway,Rainy,Night,26,Female,Bike,51,Yes,No,Yes,Poor Weather Visibility,High,0.0
ACC31095,17-02-2023,17:45,Tamil Nadu,Madurai,11.2215,78.7226,Village Road,Clear,Dusk,40,Male,Bike,42,No,No,Yes,Pothole/Bad Road,Low,0.0
ACC31096,03-10-2024,11:41,Karnataka,Hubballi,15.4426,75.5208,Village Road,Rainy,Day,24,Female,Car,66,Yes,No,No,Poor Weather Visibility,High,3.0
ACC31097,06-06-2022,09:57,Tamil Nadu,Salem,11.7931,77.8042,Village Road,Rainy,Day,28,Male,Car,40,No,No,Yes,Poor Weather Visibility,Low,1.0
ACC31098,18-11-2024,13:41,Kerala,Kollam,10.3859,76.351,City Road,Rainy,Day,58,Male,Truck,30,No,No,No,Poor Weather Visibility,Low,0.0
ACC31099,13-02-2023,16:09,Andhra Pradesh,Visakhapatnam,15.9737,79.6744,City Road,Clear,Day,44,Male,Bus,65,No,No,No,Over Speeding,Medium,1.0
ACC31100,26-05-2024,18:25,Telangana,Warangal,18.1249,79.2992,Expressway,Clear,Dusk,25,Male,Auto,98,Yes,No,No,Over Speeding,High,9.0
ACC31101,10-07-2023,07:48,Andhra Pradesh,Visakhapatnam,17.0436,80.1381,Expressway,Clear,Day,53,Male,Truck,78,No,Yes,Yes,Drowsy Driving,High,5.0
ACC31102,16-10-2023,13:40,Kerala,Kozhikode,10.3625,76.5063,Expressway,Clear,Day,49,Male,Bike,90,Yes,No,No,Over Speeding,High,12.0
ACC31103,24-11-2024,07:03,Telangana,Khammam,18.1805,78.8041,State Highway,Foggy,Day,59,Male,Truck,47,No,No,No,Poor Weather Visibility,Low,1.0
ACC31104,14-12-2024,22:53,Telangana,Karimnagar,18.1747,79.0072,City Road,Overcast,Night,46,Male,Truck,59,No,No,No,Poor Weather Visibility,Low,1.0
ACC31105,24-08-2024,22:57,Tamil Nadu,Madurai,11.8723,78.803,Village Road,Rainy,Night,54,Male,Bike,45,No,Yes,No,Poor Weather Visibility,High,4.0
ACC31106,27-10-2022,16:16,Puducherry,Puducherry,12.7413,79.4451,City Road,Overcast,Day,29,Female,Bus,31,No,No,No,Signal Jumping,Low,0.0
ACC31107,29-10-2024,10:32,Kerala,Thiruvananthapuram,10.19,76.0434,National Highway,Clear,Day,44,Male,Bike,70,No,No,No,Over Speeding,Medium,1.0
ACC31108,27-03-2022,12:34,Andhra Pradesh,Vijayawada,15.4903,78.8167,Expressway,Rainy,Day,25,Male,Car,76,No,No,No,Poor Weather Visibility,Medium,
ACC31109,19-11-2022,19:08,Kerala,Thiruvananthapuram,10.5454,76.5625,City Road,Cloudy,Night,18,Female,Bike,42,No,No,No,Poor Weather Visibility,Low,0.0
ACC31110,13-02-2022,21:03,Kerala,Thrissur,10.6268,76.601,National Highway,Foggy,Night,30,Male,Auto,79,No,No,No,Poor Weather Visibility,High,5.0
ACC31111,10-03-2023,16:38,Tamil Nadu,Tiruchirappalli,10.8136,78.3634,National Highway,Overcast,Day,56,Male,Auto,64,No,No,No,Poor Weather Visibility,Medium,4.0
ACC31112,21-02-2022,07:58,Kerala,Thrissur,9.6783,76.0824,State Highway,Cloudy,Day,32,Male,Truck,51,No,No,Yes,Pothole/Bad Road,Low,0.0
ACC31113,06-03-2024,21:11,Kerala,Kollam,10.4815,75.8601,City Road,Clear,Night,36,Male,Auto,79,Yes,Yes,No,Drunk Driving,High,8.0
ACC31114,21-11-2022,16:59,Telangana,Karimnagar,18.251,79.0466,Village Road,Overcast,Day,49,Male,Bike,49,No,No,No,Poor Weather Visibility,Low,0.0
ACC31115,25-04-2022,05:57,Tamil Nadu,Coimbatore,11.1504,78.5773,Village Road,Rainy,Dawn,56,Male,Bike,35,No,No,No,Poor Weather Visibility,Low,1.0
ACC31116,07-08-2022,20:38,Telangana,Hyderabad,17.7456,79.0331,State Highway,Clear,Night,47,Male,Truck,56,Yes,No,No,Drunk Driving,Low,1.0
ACC31117,05-10-2022,22:41,Karnataka,Belagavi,15.5409,75.3436,Expressway,Clear,Night,18,Male,Auto,92,Yes,Yes,No,Over Speeding,High,3.0
ACC31118,03-08-2022,16:25,Andhra Pradesh,Visakhapatnam,15.8376,79.6552,State Highway,Clear,Day,40,Male,Car,65,No,No,No,Signal Jumping,Medium,
ACC31119,25-07-2023,13:06,Telangana,Khammam,18.2886,78.8982,National Highway,Cloudy,Day,51,Female,Auto,61,Yes,No,No,Drunk Driving,Medium,2.0
ACC31120,20-05-2024,20:59,Andhra Pradesh,Vijayawada,15.6926,79.7989,National Highway,Cloudy,Night,59,Male,Car,73,Yes,Yes,No,Drunk Driving,High,4.0
ACC31121,04-10-2024,17:48,Telangana,Nizamabad,17.9878,79.5187,City Road,Rainy,Dusk,38,Male,Truck,50,No,Yes,Yes,Poor Weather Visibility,Medium,3.0
ACC31122,27-12-2023,17:11,Andhra Pradesh,Vijayawada,15.3451,79.2059,City Road,Clear,Dusk,47,Male,Bike,34,No,Yes,No,Drowsy Driving,Low,1.0
ACC31123,18-02-2022,07:53,Kerala,Ernakulam,10.9185,75.3987,City Road,Overcast,Day,18,Male,Bike,60,Yes,Yes,No,Drunk Driving,High,7.0
ACC31124,05-12-2023,14:41,Karnataka,Mysuru,15.6355,75.5608,State Highway,Overcast,Day,18,Male,Bike,49,No,No,No,Poor Weather Visibility,Medium,7.0
ACC31125,01-06-2022,21:58,Karnataka,Mysuru,14.7599,75.6943,National Highway,Clear,Night,26,Male,Bike,66,No,Yes,No,Drowsy Driving,Medium,2.0
ACC31126,23-09-2024,11:10,Telangana,Nizamabad,17.6815,78.9113,City Road,Foggy,Day,18,Male,Car,49,No,Yes,No,Poor Weather Visibility,Medium,1.0
ACC31127,05-04-2024,17:48,Tamil Nadu,Chennai,11.1506,79.2019,State Highway,Cloudy,Dusk,21,Male,Bike,70,No,No,Yes,Pothole/Bad Road,Medium,5.0
ACC31128,14-01-2023,13:46,Telangana,Nizamabad,17.8412,78.8244,Village Road,Overcast,Day,45,Female,Truck,52,No,Yes,No,Drowsy Driving,Medium,2.0
ACC31129,15-03-2024,15:46,Karnataka,Mysuru,14.7513,75.8394,City Road,Cloudy,Day,18,Male,Car,32,No,No,No,Poor Weather Visibility,Low,0.0
ACC31130,10-09-2023,15:19,Andhra Pradesh,Guntur,16.1127,79.6756,State Highway,Cloudy,Day,33,Male,Bike,61,No,No,No,Poor Weather Visibility,Low,1.0
ACC31131,30-01-2024,09:59,Tamil Nadu,Coimbatore,11.4747,78.1621,State Highway,Clear,Day,48,Male,Bus,65,No,No,No,Signal Jumping,Low,0.0
ACC31132,20-12-2023,19:31,Andhra Pradesh,Kurnool,15.8901,79.7036,City Road,Clear,Night,27,Female,Auto,44,No,No,No,Signal Jumping,Low,0.0
ACC31133,29-10-2023,13:08,Andhra Pradesh,Visakhapatnam,16.1588,79.5143,National Highway,Cloudy,Day,34,Female,Car,51,No,No,No,Poor Weather Visibility,Low,1.0
ACC31134,30-03-2024,14:42,Telangana,Karimnagar,18.0465,78.8774,City Road,Rainy,Day,49,Male,Car,53,No,No,No,Poor Weather Visibility,Medium,2.0
ACC31135,27-03-2023,19:55,Andhra Pradesh,Visakhapatnam,16.473,79.2502,National Highway,Clear,Night,18,Female,Car,54,No,No,No,Signal Jumping,Low,1.0
ACC31136,30-11-2022,11:07,Telangana,Warangal,18.0506,79.473,City Road,Clear,Day,29,Male,Bike,23,No,No,No,Signal Jumping,Low,0.0
ACC31137,11-09-2024,08:20,Kerala,Thrissur,10.6573,75.978,Village Road,Clear,Day,24,Male,Bike,42,No,No,No,Signal Jumping,Low,1.0
ACC31138,29-10-2024,16:09,Tamil Nadu,Tiruchirappalli,10.966,78.1131,National Highway,Clear,Day,50,Male,Truck,104,Yes,Yes,No,Over Speeding,High,
ACC31139,21-01-2024,14:11,Tamil Nadu,Coimbatore,10.2525,79.1531,City Road,Clear,Day,53,Female,Bike,54,No,No,Yes,Signal Jumping,Low,1.0
ACC31140,07-04-2024,13:54,Andhra Pradesh,Vijayawada,15.2129,80.1387,Village Road,Rainy,Day,42,Male,Bus,38,No,No,Yes,Poor Weather Visibility,Low,3.0
ACC31141,06-06-2022,18:10,Kerala,Ernakulam,11.0632,76.8235,City Road,Clear,Dusk,18,Male,Car,55,No,No,Yes,Signal Jumping,Medium,1.0
ACC31142,04-05-2024,08:38,Tamil Nadu,Coimbatore,10.9344,77.8297,City Road,Clear,Day,18,Male,Bike,45,No,No,No,Signal Jumping,Low,2.0
ACC31143,15-12-2024,10:38,Telangana,Warangal,18.6532,78.7773,City Road,Clear,Day,32,Male,Bike,57,No,No,No,Signal Jumping,Low,1.0
ACC31144,13-03-2024,21:28,Kerala,Kollam,11.0598,76.7098,State Highway,Clear,Night,46,Male,Bike,71,No,No,No,Signal Jumping,Medium,3.0
ACC31145,07-10-2024,07:27,Telangana,Warangal,17.8923,78.1384,Village Road,Cloudy,Day,32,Male,Bus,15,No,No,Yes,Pothole/Bad Road,Low,0.0
ACC31146,14-10-2023,20:16,Andhra Pradesh,Nellore,15.3624,79.946,City Road,Foggy,Night,21,Male,Bike,57,No,No,Yes,Poor Weather Visibility,Medium,3.0
ACC31147,21-07-2024,04:07,Andhra Pradesh,Guntur,16.0574,78.8415,Expressway,Clear,Night,39,Female,Bike,82,No,No,No,Over Speeding,High,5.0
ACC31148,24-03-2022,12:05,Andhra Pradesh,Guntur,16.3064,79.4434,State Highway,Cloudy,Day,51,Male,Bike,53,No,No,No,Poor Weather Visibility,Medium,2.0
ACC31149,18-06-2022,08:29,Telangana,Khammam,18.3348,79.1915,City Road,Rainy,Day,29,Female,Car,37,No,No,No,Poor Weather Visibility,Low,0.0
ACC31150,21-04-2024,06:43,Karnataka,Mysuru,15.4707,75.3168,National Highway,Cloudy,Day,27,Male,Bike,73,No,No,No,Signal Jumping,Medium,5.0
ACC31151,06-03-2022,20:40,Tamil Nadu,Coimbatore,10.5311,79.2953,Village Road,Clear,Night,54,Male,Bike,36,No,Yes,Yes,Drowsy Driving,Medium,5.0
ACC31152,03-03-2023,12:46,Andhra Pradesh,Nellore,15.4272,79.6943,State Highway,Clear,Day,54,Male,Bike,69,Yes,No,No,Drunk Driving,Medium,6.0
ACC31153,09-01-2023,20:04,Andhra Pradesh,Nellore,15.4765,79.1636,Expressway,Foggy,Night,18,Male,Car,76,No,No,Yes,Poor Weather Visibility,High,9.0
ACC31154,10-10-2024,09:03,Puducherry,Puducherry,11.536,79.437,National Highway,Rainy,Day,50,Male,Bike,61,No,No,No,Poor Weather Visibility,Medium,4.0
ACC31155,27-05-2023,14:16,Karnataka,Belagavi,15.3843,75.698,State Highway,Cloudy,Day,58,Male,Bike,62,No,No,No,Poor Weather Visibility,Medium,2.0
ACC31156,17-08-2024,14:36,Karnataka,Hubballi,15.1094,75.6028,City Road,Clear,Day,33,Male,Truck,45,No,No,No,Poor Weather Visibility,Low,1.0
ACC31157,07-05-2022,08:53,Karnataka,Mangaluru,15.7458,75.3433,National Highway,Clear,Day,32,Male,Truck,75,No,No,No,Over Speeding,Low,1.0
ACC31158,08-02-2022,14:54,Karnataka,Belagavi,15.5,75.1906,National Highway,Cloudy,Day,27,Male,Car,71,No,Yes,No,Drowsy Driving,Medium,1.0
ACC31159,09-11-2024,18:17,Karnataka,Mysuru,15.9102,75.4453,National Highway,Clear,Dusk,45,Male,Bike,96,No,No,No,Over Speeding,High,4.0
ACC31160,05-04-2022,08:27,Karnataka,Mangaluru,15.5458,75.698,National Highway,Clear,Day,18,Male,Bike,53,No,No,No,Poor Weather Visibility,Low,1.0
ACC31161,15-05-2022,18:15,Telangana,Karimnagar,17.6797,78.8459,City Road,Clear,Dusk,46,Female,Car,17,No,No,No,Signal Jumping,Low,3.0
ACC31162,31-08-2024,18:12,Andhra Pradesh,Visakhapatnam,15.6625,80.2361,Expressway,Overcast,Dusk,42,Female,Bike,81,No,No,No,Over Speeding,High,6.0
ACC31163,10-05-2022,11:56,Kerala,Thrissur,9.6616,76.1579,National Highway,Clear,Day,29,Female,Car,76,Yes,No,No,Drunk Driving,Medium,1.0
ACC31164,15-12-2022,17:20,Tamil Nadu,Madurai,11.6385,78.2772,National Highway,Clear,Dusk,41,Female,Bike,72,No,Yes,No,Drowsy Driving,Medium,0.0
ACC31165,15-03-2024,14:53,Karnataka,Mysuru,15.8979,75.529,National Highway,Cloudy,Day,48,Female,Car,86,No,No,No,Over Speeding,Medium,4.0
ACC31166,25-09-2024,11:47,Kerala,Kollam,10.8195,76.9596,City Road,Rainy,Day,45,Male,Car,58,Yes,No,No,Poor Weather Visibility,Medium,6.0
ACC31167,23-09-2024,00:19,Tamil Nadu,Chennai,10.7205,78.8837,State Highway,Rainy,Night,42,Male,Auto,52,No,No,Yes,Poor Weather Visibility,Medium,2.0
ACC31168,25-02-2023,16:14,Telangana,Khammam,17.7785,79.0714,Expressway,Rainy,Day,26,Male,Car,92,No,No,No,Over Speeding,High,4.0
ACC31169,08-08-2022,20:14,Andhra Pradesh,Guntur,16.3139,79.5166,Expressway,Cloudy,Night,52,Male,Bike,90,No,No,No,Over Speeding,High,8.0
ACC31170,05-12-2024,11:34,Andhra Pradesh,Guntur,15.8031,79.2234,National Highway,Overcast,Day,38,Male,Bus,62,Yes,No,No,Drunk Driving,Medium,7.0
ACC31171,04-03-2024,15:51,Andhra Pradesh,Visakhapatnam,16.1838,79.9165,State Highway,Clear,Day,42,Male,Car,69,No,No,No,Over Speeding,Low,2.0
ACC31172,20-04-2022,14:45,Tamil Nadu,Tiruchirappalli,10.737,78.6095,Village Road,Rainy,Day,18,Male,Bus,22,No,No,Yes,Poor Weather Visibility,Low,0.0
ACC31173,07-01-2022,11:59,Andhra Pradesh,Guntur,15.5006,79.5236,City Road,Clear,Day,30,Male,Bus,66,No,No,No,Signal Jumping,Low,0.0
ACC31174,04-10-2022,13:09,Kerala,Thrissur,10.9184,76.0657,City Road,Rainy,Day,53,Male,Bus,75,No,Yes,No,Poor Weather Visibility,Medium,1.0
ACC31175,12-05-2022,19:50,Kerala,Thrissur,10.0574,76.7423,City Road,Rainy,Night,33,Female,Car,60,Yes,Yes,No,Poor Weather Visibility,Medium,1.0
ACC31176,13-06-2022,12:40,Kerala,Kollam,10.5315,76.5196,National Highway,Cloudy,Day,57,Male,Bike,78,No,No,No,Over Speeding,Medium,2.0
ACC31177,05-12-2023,19:50,Tamil Nadu,Tiruchirappalli,11.3032,78.8658,City Road,Clear,Night,22,Male,Bike,49,No,No,No,Signal Jumping,Low,1.0
ACC31178,02-03-2023,16:08,Karnataka,Hubballi,15.5334,76.0145,National Highway,Clear,Day,28,Male,Bike,83,No,Yes,No,Over Speeding,High,7.0
ACC31179,27-09-2024,16:57,Telangana,Hyderabad,18.3711,78.7972,City Road,Clear,Day,45,Male,Car,32,No,No,Yes,Pothole/Bad Road,Low,0.0
ACC31180,25-09-2024,16:31,Telangana,Nizamabad,18.1213,78.7526,Village Road,Cloudy,Day,32,Female,Auto,36,No,No,No,Poor Weather Visibility,Low,3.0