Accident_ID,Date,Time,State,District,Latitude,Longitude,Road_Type,Weather,Light_Condition,Driver_Age,Driver_Gender,Vehicle_Type,Speed_kmph,Alcohol_Involved,Driver_Drowsy,Pothole_Involved,Cause_of_Accident,Severity,Casualties
ACC31181,25-07-2022,16:11,Tamil Nadu,Chennai,11.2935,78.3249,State Highway,Rainy,Day,31,Male,Car,51,No,No,No,Poor Weather Visibility,Low,0.0
ACC31182,01-02-2022,13:18,Telangana,Karimnagar,17.5574,78.8352,City Road,Clear,Day,29,Male,Bus,36,No,No,Yes,Pothole/Bad Road,Low,0.0
ACC31183,12-04-2024,16:20,Telangana,Nizamabad,18.5628,78.6475,City Road,Rainy,Day,42,Female,Bike,44,No,No,No,Poor Weather Visibility,Low,0.0
ACC31184,05-02-2022,08:51,Kerala,Thrissur,10.8994,76.0708,State Highway,Clear,Day,43,Female,Bike,72,No,No,No,Over Speeding,Low,1.0
ACC31185,09-01-2022,02:48,Telangana,Karimnagar,17.8103,79.16,State Highway,Rainy,Night,38,Male,Car,89,No,No,No,Over Speeding,Medium,5.0
ACC31186,28-05-2023,15:14,Andhra Pradesh,Guntur,15.9038,79.1498,Village Road,Clear,Day,51,Male,Auto,41,No,No,No,Signal Jumping,Low,0.0
ACC31187,26-01-2024,11:12,Kerala,Kozhikode,10.5099,76.0697,State Highway,Cloudy,Day,44,Male,Bike,84,Yes,No,No,Drunk Driving,High,3.0
ACC31188,15-06-2024,11:09,Karnataka,Hubballi,15.4366,76.1518,State Highway,Clear,Day,45,Male,Bike,68,No,No,No,Signal Jumping,Low,0.0
ACC31189,18-10-2024,17:24,Telangana,Khammam,17.3783,79.3416,National Highway,Rainy,Dusk,22,Female,Truck,67,No,No,No,Poor Weather Visibility,Medium,1.0
ACC31190,10-03-2024,07:19,Kerala,Thrissur,10.6475,76.2899,City Road,Rainy,Day,32,Male,Bike,29,No,No,No,Poor Weather Visibility,Low,0.0
ACC31191,16-04-2024,18:43,Tamil Nadu,Chennai,11.5769,79.2492,State Highway,Clear,Dusk,33,Male,Car,73,No,No,No,Over Speeding,Medium,2.0
ACC31192,13-06-2024,17:24,Kerala,Kozhikode,9.8478,76.8927,Village Road,Clear,Dusk,54,Male,Auto,35,No,No,No,Poor Weather Visibility,Low,1.0
ACC31193,12-07-2023,09:26,Telangana,Hyderabad,17.9844,78.611,Village Road,Rainy,Day,58,Male,Bike,45,No,No,No,Poor Weather Visibility,Low,1.0
ACC31194,19-01-2024,08:38,Karnataka,Mangaluru,14.7104,75.5667,City Road,Foggy,Day,37,Male,Auto,49,No,No,No,Poor Weather Visibility,Medium,4.0
ACC31195,16-02-2022,15:03,Karnataka,Bengaluru Urban,15.7095,76.1916,Expressway,Foggy,Day,36,Male,Car,64,No,No,No,Poor Weather Visibility,Medium,2.0
ACC31196,16-12-2022,22:35,Andhra Pradesh,Guntur,16.0704,80.3015,City Road,Clear,Night,21,Male,Car,38,No,No,No,Signal Jumping,Low,0.0
ACC31197,16-12-2023,08:55,Telangana,Nizamabad,18.3255,79.9408,Expressway,Clear,Day,18,Male,Bus,71,No,Yes,No,Signal Jumping,Medium,2.0
ACC31198,06-08-2024,19:21,Puducherry,Puducherry,11.4513,79.7658,National Highway,Clear,Night,35,Male,Bike,82,No,No,No,Over Speeding,High,2.0
ACC31199,06-06-2023,19:51,Tamil Nadu,Coimbatore,11.2087,78.2264,City Road,Cloudy,Night,28,Male,Auto,55,Yes,No,No,Drunk Driving,Medium,4.0
ACC31200,28-01-2024,18:31,Tamil Nadu,Salem,11.5374,78.26,City Road,Clear,Dusk,72,Female,Bike,47,No,Yes,No,Drowsy Driving,Low,1.0
ACC31201,10-10-2023,18:04,Telangana,Warangal,18.3064,79.4394,City Road,Cloudy,Dusk,24,Female,Bus,46,Yes,No,Yes,Drunk Driving,Medium,
ACC31202,03-02-2023,00:14,Andhra Pradesh,Visakhapatnam,15.3612,79.2351,Expressway,Cloudy,Night,38,Male,Bike,72,No,No,No,Poor Weather Visibility,High,10.0
ACC31203,01-07-2024,15:07,Tamil Nadu,Tiruchirappalli,11.3084,78.667,State Highway,Rainy,Day,41,Male,Auto,46,No,No,No,Poor Weather Visibility,Low,0.0
ACC31204,24-09-2022,08:35,Telangana,Karimnagar,18.0446,78.9196,State Highway,Clear,Day,40,Male,Truck,53,No,No,No,Poor Weather Visibility,Low,0.0
ACC31205,06-02-2023,10:31,Kerala,Kollam,10.4998,76.2461,National Highway,Rainy,Day,29,Male,Auto,63,No,No,No,Poor Weather Visibility,Medium,2.0
ACC31206,17-08-2022,08:45,Tamil Nadu,Tiruchirappalli,11.2334,78.2228,State Highway,Cloudy,Day,36,Female,Car,62,No,No,No,Poor Weather Visibility,Low,0.0
ACC31207,09-08-2023,18:31,Karnataka,Mangaluru,15.4353,75.986,National Highway,Clear,Dusk,31,Male,Car,87,No,No,No,Over Speeding,Medium,3.0
ACC31208,26-04-2023,09:31,Karnataka,Mangaluru,14.6661,75.847,City Road,Clear,Day,18,Female,Car,54,No,No,No,Signal Jumping,Medium,2.0
ACC31209,29-10-2024,01:13,Karnataka,Mangaluru,15.6526,76.0544,City Road,Rainy,Night,34,Male,Car,55,No,Yes,No,Poor Weather Visibility,Medium,4.0
ACC31210,27-10-2024,13:35,Tamil Nadu,Salem,10.8411,78.4591,Village Road,Rainy,Day,38,Male,Bike,38,No,No,Yes,Poor Weather Visibility,Medium,2.0
ACC31211,18-07-2023,14:58,Tamil Nadu,Tiruchirappalli,11.4205,77.5989,Village Road,Overcast,Day,18,Male,Car,66,Yes,No,Yes,Drunk Driving,High,9.0
ACC31212,25-09-2022,17:11,Puducherry,Karaikal,11.6241,79.6997,Village Road,Clear,Dusk,44,Male,Car,38,No,Yes,Yes,Drowsy Driving,Low,1.0
ACC31213,14-09-2023,11:29,Karnataka,Hubballi,14.7775,76.1099,State Highway,Cloudy,Day,49,Male,Auto,77,No,No,No,Over Speeding,Medium,0.0
ACC31214,21-08-2022,20:42,Tamil Nadu,Tiruchirappalli,10.9741,78.5765,Village Road,Clear,Night,49,Male,Truck,45,No,No,Yes,Pothole/Bad Road,Medium,0.0
ACC31215,24-11-2024,19:26,Telangana,Khammam,17.8844,79.2066,Village Road,Clear,Night,27,Male,Bike,38,No,No,No,Poor Weather Visibility,Low,0.0
ACC31216,14-03-2024,05:23,Tamil Nadu,Madurai,11.6109,78.6465,Village Road,Clear,Dawn,64,Male,Bike,60,No,No,No,Over Speeding,Low,1.0
ACC31217,16-10-2023,17:36,Puducherry,Karaikal,11.8093,80.19,City Road,Clear,Dusk,26,Male,Car,60,No,No,No,Over Speeding,Low,1.0
ACC31218,20-07-2023,09:12,Tamil Nadu,Tiruchirappalli,10.6611,79.4988,National Highway,Rainy,Day,22,Male,Truck,84,No,Yes,Yes,Poor Weather Visibility,High,4.0
ACC31219,11-03-2024,10:48,Karnataka,Belagavi,16.2487,75.7236,Village Road,Overcast,Day,37,Male,Bike,58,No,No,No,Poor Weather Visibility,Medium,2.0
ACC31220,24-04-2023,22:52,Telangana,Karimnagar,18.0545,78.4172,City Road,Clear,Night,33,Male,Bus,52,No,No,No,Poor Weather Visibility,Low,0.0
ACC31221,07-11-2022,04:37,Andhra Pradesh,Nellore,15.6703,79.935,City Road,Cloudy,Night,22,Female,Bus,65,Yes,No,No,Drunk Driving,High,7.0
ACC31222,18-04-2022,18:24,Kerala,Ernakulam,9.3999,76.1077,State Highway,Rainy,Dusk,51,Male,Truck,95,No,Yes,No,Over Speeding,High,9.0
ACC31223,15-05-2023,05:41,Kerala,Thiruvananthapuram,10.4529,76.1352,State Highway,Cloudy,Dawn,18,Male,Car,67,No,No,No,Poor Weather Visibility,Low,1.0
ACC31224,25-06-2024,12:20,Kerala,Kollam,11.1822,76.7362,National Highway,Clear,Day,25,Male,Car,79,Yes,No,No,Drunk Driving,Medium,1.0
ACC31225,16-01-2023,15:37,Karnataka,Bengaluru Urban,15.6364,76.0462,National Highway,Clear,Day,33,Male,Bike,64,No,No,No,Signal Jumping,Medium,2.0
ACC31226,25-01-2024,08:43,Telangana,Nizamabad,17.7607,78.6085,Village Road,Cloudy,Day,23,Male,Car,43,Yes,No,No,Drunk Driving,Medium,1.0
ACC31227,23-03-2022,13:57,Tamil Nadu,Salem,11.3082,78.6555,Village Road,Clear,Day,18,Male,Bus,54,No,No,No,Poor Weather Visibility,Low,2.0
ACC31228,26-06-2024,15:42,Tamil Nadu,Chennai,11.0405,79.2856,City Road,Rainy,Day,55,Male,Auto,30,No,No,Yes,Poor Weather Visibility,Low,0.0
ACC31229,07-12-2024,08:09,Tamil Nadu,Madurai,10.8212,78.5917,State Highway,Foggy,Day,31,Male,Bike,69,No,No,No,Poor Weather Visibility,High,11.0
ACC31230,24-11-2023,03:06,Andhra Pradesh,Visakhapatnam,16.2355,79.32,Expressway,Cloudy,Night,38,Male,Bike,76,No,No,No,Over Speeding,High,7.0
ACC31231,18-11-2024,13:18,Tamil Nadu,Madurai,11.3041,79.1306,State Highway,Clear,Day,25,Male,Truck,86,Yes,Yes,Yes,Over Speeding,High,9.0
ACC31232,28-06-2022,20:20,Andhra Pradesh,Kurnool,15.6092,79.6941,City Road,Clear,Night,18,Female,Auto,60,Yes,No,No,Drunk Driving,Medium,0.0
ACC31233,15-02-2023,05:16,Telangana,Hyderabad,17.4616,79.9815,State Highway,Clear,Dawn,51,Male,Bike,56,No,No,No,Signal Jumping,Low,0.0
ACC31234,18-02-2022,18:38,Andhra Pradesh,Kurnool,16.2068,79.9591,National Highway,Clear,Dusk,23,Male,Car,50,No,No,No,Signal Jumping,Low,0.0
ACC31235,08-08-2023,17:20,Kerala,Kollam,10.4934,76.7338,Expressway,Clear,Dusk,24,Male,Bike,97,Yes,No,No,Over Speeding,High,3.0
ACC31236,13-09-2022,20:18,Kerala,Thrissur,10.7266,77.3217,City Road,Cloudy,Night,18,Male,Car,49,Yes,No,No,Drunk Driving,Low,0.0
ACC31237,17-02-2023,01:21,Tamil Nadu,Chennai,11.7558,78.4838,City Road,Cloudy,Night,39,Male,Auto,55,No,Yes,No,Drowsy Driving,Medium,4.0
ACC31238,31-03-2022,22:18,Tamil Nadu,Tiruchirappalli,11.0171,78.3974,Village Road,Overcast,Night,18,Male,Car,31,No,No,No,Poor Weather Visibility,Low,2.0
ACC31239,17-11-2024,10:09,Telangana,Khammam,17.7776,78.7178,Village Road,Cloudy,Day,69,Male,Car,68,Yes,No,No,Drunk Driving,High,8.0
ACC31240,26-01-2024,20:38,Tamil Nadu,Tiruchirappalli,11.012,78.4717,City Road,Cloudy,Night,63,Male,Truck,61,No,Yes,No,Drowsy Driving,Medium,2.0
ACC31241,09-02-2024,10:11,Tamil Nadu,Salem,10.8743,78.8495,State Highway,Clear,Day,23,Male,Bike,40,No,No,No,Poor Weather Visibility,Low,0.0
ACC31242,07-12-2022,11:02,Tamil Nadu,Tiruchirappalli,10.8894,78.574,City Road,Clear,Day,24,Male,Car,54,No,No,No,Signal Jumping,Low,0.0
ACC31243,11-07-2023,06:36,Andhra Pradesh,Vijayawada,16.0034,80.6878,Village Road,Clear,Day,64,Male,Bike,43,No,No,Yes,Pothole/Bad Road,Low,1.0
ACC31244,10-12-2022,19:39,Tamil Nadu,Salem,11.0559,78.8439,State Highway,Clear,Night,41,Male,Truck,67,No,Yes,No,Drowsy Driving,Medium,4.0
ACC31245,19-09-2022,18:44,Karnataka,Mysuru,15.2323,75.9196,Expressway,Cloudy,Dusk,21,Male,Bike,99,No,No,No,Over Speeding,High,4.0
ACC31246,02-08-2023,11:19,Tamil Nadu,Chennai,10.66,79.0253,National Highway,Rainy,Day,52,Male,Car,73,No,No,No,Poor Weather Visibility,High,5.0
ACC31247,05-02-2022,20:34,Karnataka,Bengaluru Urban,14.9836,75.4813,City Road,Clear,Night,51,Male,Bike,64,No,No,No,Over Speeding,Medium,3.0
ACC31248,17-09-2024,14:41,Karnataka,Mangaluru,15.5265,75.7855,Village Road,Clear,Day,40,Male,Bus,66,No,No,No,Over Speeding,Low,1.0
ACC31249,18-04-2022,21:35,Tamil Nadu,Coimbatore,11.3462,78.5275,Village Road,Clear,Night,34,Male,Bus,53,No,Yes,No,Drowsy Driving,Low,1.0
ACC31250,05-09-2023,13:48,Telangana,Nizamabad,17.4095,78.8944,State Highway,Clear,Day,39,Female,Bike,76,No,No,No,Over Speeding,High,3.0
ACC31251,25-12-2023,16:50,Andhra Pradesh,Guntur,15.9901,79.6504,City Road,Foggy,Day,25,Male,Car,39,No,No,No,Poor Weather Visibility,Low,1.0
ACC31252,28-12-2023,09:02,Karnataka,Belagavi,15.3803,75.9071,State Highway,Clear,Day,35,Male,Car,80,Yes,No,No,Drunk Driving,High,12.0
ACC31253,22-11-2024,23:54,Kerala,Kollam,9.6965,76.448,City Road,Cloudy,Night,45,Male,Bike,38,No,No,No,Poor Weather Visibility,Low,1.0
ACC31254,05-08-2023,15:38,Karnataka,Bengaluru Urban,15.8456,75.6742,Village Road,Overcast,Day,41,Male,Bike,27,No,No,No,Signal Jumping,Low,2.0
ACC31255,24-06-2022,18:29,Karnataka,Belagavi,15.4424,75.602,State Highway,Overcast,Dusk,60,Female,Car,63,No,No,Yes,Pothole/Bad Road,Medium,2.0
ACC31256,17-06-2024,23:01,Telangana,Warangal,17.721,78.8333,City Road,Clear,Night,18,Male,Car,51,No,No,No,Signal Jumping,Low,1.0
ACC31257,19-07-2023,07:00,Andhra Pradesh,Nellore,15.2094,79.8231,Village Road,Cloudy,Day,29,Female,Bike,59,Yes,No,No,Drunk Driving,High,1.0
ACC31258,04-08-2023,13:36,Telangana,Nizamabad,18.0689,78.8424,State Highway,Rainy,Day,26,Male,Truck,80,No,No,No,Poor Weather Visibility,Medium,2.0
ACC31259,10-12-2024,14:37,Karnataka,Belagavi,15.1977,76.0261,Expressway,Overcast,Day,47,Male,Auto,98,No,No,No,Over Speeding,High,9.0
ACC31260,24-12-2022,16:38,Tamil Nadu,Coimbatore,11.7776,78.772,State Highway,Clear,Day,45,Male,Bike,61,Yes,No,No,Drunk Driving,Medium,2.0
ACC31261,07-12-2022,14:44,Tamil Nadu,Salem,10.7164,78.9586,State Highway,Clear,Day,20,Male,Bus,82,No,No,No,Over Speeding,Low,0.0
ACC31262,29-05-2024,21:00,Andhra Pradesh,Nellore,16.468,80.441,State Highway,Overcast,Night,33,Male,Bike,32,No,Yes,No,Drowsy Driving,Low,1.0
ACC31263,28-11-2023,09:16,Tamil Nadu,Coimbatore,10.721,78.812,Expressway,Rainy,Day,41,Female,Bus,80,No,No,No,Poor Weather Visibility,Medium,3.0
ACC31264,05-02-2024,10:39,Telangana,Khammam,18.0609,78.7595,Village Road,Clear,Day,29,Male,Bike,53,Yes,No,Yes,Drunk Driving,Medium,2.0
ACC31265,23-09-2022,07:30,Telangana,Karimnagar,17.4291,79.4403,City Road,Foggy,Day,52,Male,Car,54,No,No,No,Poor Weather Visibility,Low,0.0
ACC31266,01-10-2024,18:05,Telangana,Hyderabad,18.2444,78.959,Village Road,Clear,Dusk,19,Male,Bike,40,Yes,No,No,Drunk Driving,Low,0.0
ACC31267,14-04-2024,03:51,Karnataka,Bengaluru Urban,15.1274,76.0593,National Highway,Clear,Night,52,Male,Bike,65,No,No,No,Over Speeding,Medium,2.0
ACC31268,09-01-2022,04:56,Andhra Pradesh,Guntur,15.1239,80.2762,City Road,Clear,Night,20,Male,Bike,43,No,No,No,Poor Weather Visibility,Low,1.0
ACC31269,09-12-2023,18:31,Andhra Pradesh,Nellore,15.7946,79.4881,State Highway,Clear,Dusk,37,Male,Bus,58,No,No,Yes,Pothole/Bad Road,Low,1.0
ACC31270,19-02-2022,16:06,Telangana,Hyderabad,18.1199,78.9975,National Highway,Cloudy,Day,19,Male,Auto,74,No,No,No,Over Speeding,Medium,1.0
ACC31271,07-10-2023,21:02,Telangana,Warangal,17.5529,78.4551,State Highway,Cloudy,Night,43,Male,Car,55,No,No,No,Poor Weather Visibility,Medium,1.0
ACC31272,23-10-2023,18:44,Karnataka,Hubballi,15.2206,75.6603,Expressway,Clear,Dusk,52,Male,Car,82,No,Yes,Yes,Over Speeding,High,2.0
ACC31273,09-06-2024,18:30,Karnataka,Belagavi,15.0057,75.8625,Village Road,Rainy,Dusk,24,Male,Truck,44,No,No,Yes,Poor Weather Visibility,Medium,2.0
ACC31274,09-02-2022,16:11,Karnataka,Belagavi,15.0403,76.0027,National Highway,Cloudy,Day,29,Male,Bike,86,No,Yes,No,Over Speeding,High,7.0
ACC31275,11-03-2023,10:09,Karnataka,Mangaluru,15.1272,76.1061,State Highway,Overcast,Day,41,Male,Car,59,No,No,Yes,Pothole/Bad Road,Low,1.0
ACC31276,07-07-2023,13:35,Puducherry,Puducherry,12.435,79.6321,Village Road,Cloudy,Day,53,Female,Bike,41,No,No,No,Poor Weather Visibility,Low,2.0
ACC31277,03-10-2024,17:37,Tamil Nadu,Chennai,11.8069,77.729,National Highway,Cloudy,Dusk,31,Male,Car,66,No,No,No,Poor Weather Visibility,Medium,3.0
ACC31278,15-08-2023,04:23,Tamil Nadu,Madurai,11.5833,78.3725,State Highway,Rainy,Night,40,Male,Car,64,No,Yes,No,Poor Weather Visibility,Medium,1.0
ACC31279,19-12-2022,23:08,Kerala,Thiruvananthapuram,10.4231,76.5536,National Highway,Overcast,Night,33,Male,Truck,51,No,No,No,Signal Jumping,Low,1.0
ACC31280,21-05-2024,12:28,Tamil Nadu,Chennai,11.3753,79.2007,City Road,Rainy,Day,29,Male,Bike,55,No,No,Yes,Poor Weather Visibility,Medium,1.0
ACC31281,23-10-2022,20:45,Karnataka,Mangaluru,14.9119,75.8249,National Highway,Cloudy,Night,38,Male,Bus,74,No,Yes,No,Drowsy Driving,High,4.0
ACC31282,19-01-2022,06:10,Tamil Nadu,Coimbatore,11.0327,78.5598,City Road,Cloudy,Day,58,Male,Bus,53,No,Yes,No,Drowsy Driving,Low,0.0
ACC31283,02-04-2024,07:18,Kerala,Thiruvananthapuram,10.4576,76.3785,City Road,Rainy,Day,18,Male,Auto,61,Yes,No,Yes,Poor Weather Visibility,Medium,3.0
ACC31284,07-04-2024,09:29,Andhra Pradesh,Nellore,15.9854,79.9445,National Highway,Clear,Day,36,Male,Car,77,No,No,No,Over Speeding,Medium,5.0
ACC31285,14-03-2024,13:32,Andhra Pradesh,Kurnool,15.8877,79.7463,City Road,Clear,Day,42,Male,Bus,32,No,No,No,Signal Jumping,Low,1.0
ACC31286,16-02-2024,08:51,Tamil Nadu,Chennai,10.5594,78.5618,City Road,Clear,Day,43,Female,Bike,45,No,No,Yes,Signal Jumping,Low,1.0
ACC31287,02-02-2024,09:37,Telangana,Warangal,18.1793,78.5484,Expressway,Rainy,Day,35,Male,Car,108,Yes,No,No,Over Speeding,High,8.0
ACC31288,20-09-2024,03:30,Puducherry,Karaikal,12.5303,79.7194,Village Road,Cloudy,Night,57,Male,Auto,15,No,No,Yes,Pothole/Bad Road,Low,1.0
ACC31289,29-03-2022,20:23,Karnataka,Hubballi,14.4314,75.895,Village Road,Overcast,Night,35,Male,Auto,21,No,No,No,Poor Weather Visibility,Low,2.0
ACC31290,23-05-2022,17:11,Tamil Nadu,Chennai,11.2386,78.7127,City Road,Rainy,Dusk,56,Female,Auto,51,No,No,No,Poor Weather Visibility,Low,2.0
ACC31291,14-11-2022,14:44,Telangana,Karimnagar,17.9891,78.5905,National Highway,Clear,Day,45,Female,Car,91,No,No,No,Over Speeding,High,6.0
ACC31292,17-08-2023,00:10,Kerala,Thiruvananthapuram,9.9146,76.3785,National Highway,Overcast,Night,37,Male,Bike,94,No,No,No,Over Speeding,High,5.0
ACC31293,02-05-2024,19:18,Andhra Pradesh,Kurnool,15.8643,80.0963,State Highway,Overcast,Night,25,Female,Car,93,No,Yes,No,Over Speeding,High,5.0
ACC31294,04-03-2024,15:02,Kerala,Thrissur,10.1269,76.0215,Village Road,Clear,Day,45,Male,Bike,56,No,No,Yes,Pothole/Bad Road,Low,1.0
ACC31295,10-07-2024,17:56,Karnataka,Hubballi,14.9753,75.3434,National Highway,Cloudy,Dusk,18,Female,Car,74,No,No,No,Over Speeding,High,7.0
ACC31296,24-08-2023,19:04,Kerala,Kollam,9.9447,76.086,City Road,Clear,Night,30,Male,Car,44,No,No,No,Poor Weather Visibility,Low,2.0
ACC31297,08-02-2024,19:56,Andhra Pradesh,Vijayawada,15.4789,79.5592,State Highway,Foggy,Night,35,Female,Truck,50,No,No,Yes,Poor Weather Visibility,Medium,4.0
ACC31298,12-06-2022,18:05,Kerala,Kozhikode,10.5079,75.9538,National Highway,Rainy,Dusk,41,Female,Car,88,Yes,No,No,Over Speeding,Medium,1.0
ACC31299,10-11-2022,15:51,Telangana,Warangal,17.7219,78.6008,Expressway,Cloudy,Day,55,Male,Car,77,No,No,No,Over Speeding,Medium,3.0
ACC31300,03-09-2023,04:31,Tamil Nadu,Tiruchirappalli,11.4664,78.4538,City Road,Clear,Night,37,Male,Bike,64,Yes,No,Yes,Drunk Driving,High,3.0
ACC31301,29-01-2023,09:06,Telangana,Khammam,17.8065,79.2364,Expressway,Clear,Day,45,Female,Bike,108,No,No,No,Over Speeding,High,7.0
ACC31302,31-12-2023,20:22,Tamil Nadu,Coimbatore,10.9115,78.4431,State Highway,Clear,Night,35,Male,Auto,70,No,Yes,No,Drowsy Driving,High,4.0
ACC31303,27-02-2023,13:15,Tamil Nadu,Salem,11.17,78.2229,City Road,Clear,Day,31,Male,Car,68,Yes,No,Yes,Drunk Driving,Medium,2.0
ACC31304,15-03-2023,19:49,Kerala,Kollam,10.2534,76.7018,State Highway,Rainy,Night,31,Male,Car,42,No,No,No,Poor Weather Visibility,Low,2.0
ACC31305,08-04-2023,18:58,Karnataka,Bengaluru Urban,15.3437,76.0054,National Highway,Rainy,Dusk,52,Male,Bus,78,No,Yes,Yes,Poor Weather Visibility,High,6.0
ACC31306,24-08-2024,07:20,Telangana,Karimnagar,18.3422,78.9877,Village Road,Clear,Day,64,Female,Car,58,No,Yes,Yes,Drowsy Driving,Medium,2.0
ACC31307,30-10-2024,09:41,Kerala,Kollam,10.2494,76.407,City Road,Foggy,Day,24,Male,Bike,61,No,No,No,Poor Weather Visibility,Medium,2.0
ACC31308,21-01-2022,11:38,Puducherry,Karaikal,12.2205,79.6257,City Road,Rainy,Day,52,Female,Bike,48,No,No,Yes,Poor Weather Visibility,Medium,1.0
ACC31309,01-11-2024,10:02,Karnataka,Hubballi,15.2877,75.8727,Expressway,Clear,Day,46,Male,Bike,102,No,Yes,No,Over Speeding,High,6.0
ACC31310,19-12-2023,21:37,Kerala,Thrissur,10.667,75.8436,City Road,Clear,Night,30,Male,Auto,73,Yes,No,No,Drunk Driving,Medium,1.0
ACC31311,04-11-2022,13:02,Kerala,Ernakulam,9.9288,76.3807,National Highway,Rainy,Day,27,Female,Auto,74,No,No,No,Poor Weather Visibility,Medium,3.0
ACC31312,04-01-2023,14:58,Telangana,Warangal,18.2622,78.3942,City Road,Clear,Day,29,Male,Bike,49,Yes,No,No,Drunk Driving,Medium,3.0
ACC31313,25-05-2024,08:07,Karnataka,Belagavi,15.0014,75.9023,National Highway,Clear,Day,25,Male,Bike,85,No,Yes,No,Over Speeding,Medium,3.0
ACC31314,07-12-2022,13:05,Telangana,Khammam,18.2937,79.2565,City Road,Overcast,Day,34,Male,Bike,51,No,No,No,Poor Weather Visibility,Low,2.0
ACC31315,09-04-2024,08:11,Kerala,Kollam,9.7788,76.3643,State Highway,Clear,Day,18,Male,Bike,56,No,No,No,Signal Jumping,Low,1.0
ACC31316,11-05-2022,16:15,Telangana,Warangal,17.107,79.277,City Road,Cloudy,Day,58,Male,Bike,39,No,No,No,Poor Weather Visibility,Low,0.0
ACC31317,05-06-2023,16:53,Karnataka,Mangaluru,15.8809,75.2539,Expressway,Rainy,Day,31,Female,Car,74,No,No,No,Poor Weather Visibility,Medium,2.0
ACC31318,02-09-2023,14:05,Karnataka,Bengaluru Urban,15.0259,76.1881,National Highway,Clear,Day,20,Male,Car,105,Yes,No,No,Over Speeding,High,12.0
ACC31319,06-11-2022,07:15,Tamil Nadu,Coimbatore,10.9155,78.3583,City Road,Rainy,Day,39,Male,Bike,41,No,Yes,Yes,Poor Weather Visibility,Low,2.0
ACC31320,26-01-2023,09:05,Karnataka,Hubballi,15.9206,75.9978,State Highway,Cloudy,Day,46,Female,Car,61,No,No,No,Poor Weather Visibility,Low,2.0
ACC31321,21-10-2024,12:19,Kerala,Kozhikode,11.1269,76.2041,National Highway,Cloudy,Day,18,Female,Bike,83,No,No,No,Over Speeding,High,7.0
ACC31322,02-10-2023,09:31,Puducherry,Puducherry,11.6796,80.0958,City Road,Clear,Day,37,Male,Bike,51,No,No,No,Signal Jumping,Low,1.0
ACC31323,11-06-2024,16:48,Andhra Pradesh,Nellore,16.9498,79.8198,Village Road,Clear,Day,47,Female,Truck,38,No,No,No,Signal Jumping,Low,0.0
ACC31324,29-11-2024,17:07,Tamil Nadu,Tiruchirappalli,11.2729,78.1666,Expressway,Clear,Dusk,41,Male,Bike,74,No,No,No,Over Speeding,Medium,3.0
ACC31325,04-10-2022,14:07,Telangana,Hyderabad,17.7344,78.619,State Highway,Overcast,Day,47,Female,Car,55,No,No,No,Poor Weather Visibility,Low,0.0
ACC31326,20-03-2022,17:02,Kerala,Kollam,10.0655,76.414,City Road,Clear,Dusk,33,Male,Car,49,No,No,No,Poor Weather Visibility,Low,0.0
ACC31327,27-03-2023,15:31,Tamil Nadu,Chennai,10.4214,78.7493,City Road,Clear,Day,21,Female,Bus,23,No,No,Yes,Signal Jumping,Low,1.0
ACC31328,02-02-2023,09:02,Kerala,Kollam,10.6395,76.5364,Village Road,Foggy,Day,34,Female,Auto,28,No,No,No,Poor Weather Visibility,Low,1.0
ACC31329,11-05-2022,14:33,Kerala,Kollam,10.6001,76.6521,Village Road,Clear,Day,47,Male,Bike,30,No,No,Yes,Pothole/Bad Road,Low,0.0
ACC31330,05-12-2022,21:01,Tamil Nadu,Coimbatore,10.8634,78.1584,Expressway,Clear,Night,18,Male,Car,79,No,No,No,Over Speeding,Medium,4.0
ACC31331,02-02-2023,15:41,Kerala,Kollam,10.2222,75.9014,City Road,Cloudy,Day,18,Male,Truck,29,No,No,Yes,Pothole/Bad Road,Low,1.0
ACC31332,08-03-2024,16:02,Telangana,Karimnagar,18.6235,78.523,Village Road,Clear,Day,48,Male,Bike,49,No,No,No,Signal Jumping,Low,0.0
ACC31333,27-05-2023,00:50,Karnataka,Hubballi,14.926,75.4472,City Road,Clear,Night,31,Female,Truck,48,No,Yes,Yes,Drowsy Driving,Low,0.0
ACC31334,30-10-2023,18:35,Karnataka,Belagavi,14.9068,75.6069,City Road,Clear,Dusk,34,Female,Car,30,No,No,No,Signal Jumping,Low,5.0
ACC31335,21-06-2023,20:56,Puducherry,Puducherry,12.3148,79.252,State Highway,Cloudy,Night,22,Male,Bike,78,No,Yes,No,Drowsy Driving,High,9.0
ACC31336,22-01-2023,19:05,Tamil Nadu,Madurai,11.1449,78.9089,Village Road,Clear,Night,38,Male,Auto,18,No,No,No,Signal Jumping,Low,1.0
ACC31337,16-03-2022,09:32,Karnataka,Hubballi,16.0473,75.1027,National Highway,Rainy,Day,31,Female,Bike,78,No,No,No,Poor Weather Visibility,High,3.0
ACC31338,05-07-2023,08:04,Karnataka,Mysuru,15.1071,75.7331,City Road,Rainy,Day,60,Male,Car,73,Yes,Yes,No,Poor Weather Visibility,Medium,4.0
ACC31339,11-01-2022,07:16,Tamil Nadu,Tiruchirappalli,10.8641,78.5714,National Highway,Cloudy,Day,22,Male,Bike,76,No,No,No,Over Speeding,Medium,3.0