Accident_ID,Date,Time,State,District,Latitude,Longitude,Road_Type,Weather,Light_Condition,Driver_Age,Driver_Gender,Vehicle_Type,Speed_kmph,Alcohol_Involved,Driver_Drowsy,Pothole_Involved,Cause_of_Accident,Severity,Casualties
ACC31340,07-07-2022,09:59,Karnataka,Mysuru,14.2214,76.1689,National Highway,Clear,Day,52,Male,Auto,81,Yes,No,No,Drunk Driving,High,5.0
ACC31341,04-04-2024,19:54,Karnataka,Belagavi,14.7904,75.9245,City Road,Clear,Night,37,Male,Car,40,No,Yes,No,Drowsy Driving,Low,1.0
ACC31342,26-11-2024,22:13,Telangana,Nizamabad,18.5055,79.7671,City Road,Clear,Night,23,Male,Bike,52,No,No,No,Poor Weather Visibility,Medium,3.0
ACC31343,09-05-2024,13:58,Karnataka,Belagavi,15.4975,75.8662,City Road,Foggy,Day,42,Male,Bike,32,No,No,No,Poor Weather Visibility,Low,1.0
ACC31344,15-07-2022,21:45,Karnataka,Belagavi,15.7903,75.3271,Village Road,Rainy,Night,36,Male,Car,37,No,No,No,Poor Weather Visibility,Low,1.0
ACC31345,11-02-2024,17:48,Karnataka,Mysuru,15.6158,75.8346,State Highway,Clear,Dusk,41,Male,Bus,70,No,Yes,No,Drowsy Driving,Medium,1.0
ACC31346,03-06-2024,23:21,Tamil Nadu,Chennai,10.0764,78.267,City Road,Clear,Night,19,Male,Bike,75,Yes,Yes,No,Drunk Driving,High,5.0
ACC31347,27-09-2024,15:41,Kerala,Ernakulam,10.0995,76.0802,City Road,Cloudy,Day,31,Male,Bike,48,No,No,Yes,Pothole/Bad Road,Low,1.0
ACC31348,31-07-2022,07:42,Telangana,Khammam,18.3824,78.954,State Highway,Overcast,Day,19,Male,Auto,64,No,No,No,Poor Weather Visibility,Medium,4.0
ACC31349,12-06-2023,16:12,Tamil Nadu,Madurai,11.0874,78.4551,State Highway,Clear,Day,35,Male,Truck,66,No,No,No,Over Speeding,Low,1.0
ACC31350,09-05-2024,11:23,Tamil Nadu,Chennai,11.4421,78.5209,City Road,Clear,Day,33,Female,Truck,67,No,No,No,Over Speeding,Medium,
ACC31351,04-11-2024,17:25,Telangana,Warangal,18.247,78.8953,Expressway,Cloudy,Dusk,28,Male,Bike,76,No,No,No,Over Speeding,High,6.0
ACC31352,27-02-2022,11:03,Tamil Nadu,Madurai,11.5047,78.3926,State Highway,Clear,Day,43,Male,Car,98,Yes,Yes,No,Over Speeding,High,7.0
ACC31353,17-11-2023,20:28,Karnataka,Bengaluru Urban,15.096,75.6984,National Highway,Rainy,Night,24,Female,Car,75,No,No,No,Poor Weather Visibility,High,6.0
ACC31354,30-08-2024,19:54,Puducherry,Puducherry,12.4623,79.7872,National Highway,Overcast,Night,31,Female,Car,57,No,No,No,Poor Weather Visibility,Low,2.0
ACC31355,02-02-2023,09:18,Telangana,Karimnagar,17.6791,79.2204,State Highway,Clear,Day,27,Male,Bike,53,No,No,Yes,Signal Jumping,Low,0.0
ACC31356,31-07-2024,01:30,Karnataka,Bengaluru Urban,15.8793,75.9299,City Road,Overcast,Night,29,Female,Bus,40,No,No,Yes,Pothole/Bad Road,Low,1.0
ACC31357,03-08-2023,22:18,Andhra Pradesh,Vijayawada,15.4296,80.0989,City Road,Clear,Night,36,Male,Bus,36,No,No,No,Poor Weather Visibility,Low,2.0
ACC31358,10-03-2024,11:04,Kerala,Thrissur,10.0173,76.2112,National Highway,Clear,Day,43,Male,Auto,108,No,No,No,Over Speeding,High,4.0
ACC31359,12-02-2024,20:12,Telangana,Khammam,17.8972,78.9431,City Road,Rainy,Night,50,Male,Bus,39,No,No,No,Poor Weather Visibility,Low,0.0
ACC31360,01-05-2023,01:51,Karnataka,Mysuru,15.3192,75.8347,City Road,Clear,Night,59,Female,Bike,43,No,No,No,Poor Weather Visibility,Low,2.0
ACC31361,27-02-2024,15:49,Andhra Pradesh,Nellore,15.8099,80.2349,State Highway,Clear,Day,44,Female,Bike,47,No,No,No,Poor Weather Visibility,Low,3.0
ACC31362,13-06-2023,18:38,Tamil Nadu,Chennai,11.9167,78.4756,City Road,Rainy,Dusk,48,Male,Truck,51,No,No,No,Poor Weather Visibility,Low,0.0
ACC31363,07-05-2024,15:29,Tamil Nadu,Madurai,11.694,78.7807,City Road,Cloudy,Day,46,Male,Bike,30,No,No,No,Poor Weather Visibility,Low,0.0
ACC31364,04-04-2022,00:40,Karnataka,Mangaluru,15.3398,75.6013,City Road,Clear,Night,53,Male,Bike,44,No,Yes,Yes,Drowsy Driving,Low,1.0
ACC31365,05-09-2024,21:55,Kerala,Thrissur,10.7575,76.3714,City Road,Clear,Night,58,Male,Auto,61,Yes,No,No,Drunk Driving,Medium,2.0
ACC31366,03-04-2023,12:41,Andhra Pradesh,Vijayawada,15.2994,79.7136,National Highway,Rainy,Day,61,Male,Car,73,Yes,No,No,Poor Weather Visibility,Medium,0.0
ACC31367,22-07-2024,16:02,Andhra Pradesh,Visakhapatnam,16.8037,80.7695,Village Road,Clear,Day,18,Male,Bike,48,Yes,No,Yes,Drunk Driving,Medium,2.0
ACC31368,19-07-2022,20:35,Tamil Nadu,Coimbatore,11.3253,78.189,Village Road,Clear,Night,28,Male,Bus,34,No,No,Yes,Pothole/Bad Road,Low,3.0
ACC31369,15-03-2023,15:14,Andhra Pradesh,Kurnool,15.8333,80.0146,Expressway,Clear,Day,18,Female,Car,92,No,No,No,Over Speeding,High,
ACC31370,19-07-2024,16:59,Andhra Pradesh,Guntur,15.9116,79.4556,National Highway,Clear,Day,59,Female,Car,51,No,No,No,Poor Weather Visibility,Low,
ACC31371,12-09-2022,10:39,Kerala,Ernakulam,10.7421,76.8404,National Highway,Cloudy,Day,31,Male,Bike,66,No,No,No,Poor Weather Visibility,Medium,5.0
ACC31372,23-05-2022,17:05,Kerala,Thiruvananthapuram,9.5844,76.5189,Village Road,Clear,Dusk,57,Male,Auto,44,No,No,No,Signal Jumping,Low,1.0
ACC31373,25-02-2024,07:23,Kerala,Kozhikode,10.5542,76.0419,Village Road,Clear,Day,28,Male,Car,44,No,No,Yes,Pothole/Bad Road,Low,0.0
ACC31374,29-07-2024,16:23,Kerala,Kollam,9.5508,76.2513,Expressway,Rainy,Day,18,Male,Bike,94,No,No,No,Over Speeding,High,4.0
ACC31375,04-07-2024,23:36,Andhra Pradesh,Kurnool,16.4691,79.4548,Expressway,Rainy,Night,56,Male,Auto,90,No,No,No,Over Speeding,High,5.0
ACC31376,27-04-2024,12:12,Tamil Nadu,Salem,11.1062,78.1275,National Highway,Cloudy,Day,47,Male,Car,82,No,No,No,Over Speeding,High,9.0
ACC31377,29-07-2023,07:06,Telangana,Hyderabad,17.5852,78.7567,Village Road,Clear,Day,36,Male,Bus,32,No,No,No,Poor Weather Visibility,Low,0.0
ACC31378,06-11-2023,09:08,Kerala,Thrissur,9.965,76.4553,National Highway,Clear,Day,31,Male,Car,64,No,No,No,Over Speeding,Medium,5.0
ACC31379,20-09-2022,08:27,Puducherry,Karaikal,11.7258,79.0975,Village Road,Rainy,Day,30,Female,Bike,48,No,No,Yes,Poor Weather Visibility,Medium,4.0
ACC31380,09-12-2024,14:29,Karnataka,Mangaluru,16.2229,75.3547,City Road,Overcast,Day,27,Female,Car,25,No,No,No,Poor Weather Visibility,Low,1.0
ACC31381,07-07-2023,07:41,Karnataka,Hubballi,15.4882,75.8943,Village Road,Rainy,Day,20,Male,Auto,35,No,No,No,Poor Weather Visibility,Low,0.0
ACC31382,11-06-2024,20:31,Karnataka,Hubballi,15.2315,74.6655,City Road,Clear,Night,18,Male,Bike,36,No,No,No,Poor Weather Visibility,Low,3.0
ACC31383,04-07-2024,18:15,Kerala,Thiruvananthapuram,9.9756,76.7517,City Road,Rainy,Dusk,20,Male,Car,56,No,No,No,Poor Weather Visibility,Medium,4.0
ACC31384,13-10-2024,10:09,Puducherry,Karaikal,12.115,79.9453,City Road,Clear,Day,39,Male,Bike,52,No,No,No,Poor Weather Visibility,Low,0.0
ACC31385,29-11-2024,21:28,Tamil Nadu,Tiruchirappalli,10.9936,78.6185,National Highway,Clear,Night,24,Male,Bus,80,No,No,Yes,Over Speeding,High,10.0
ACC31386,19-07-2024,17:08,Andhra Pradesh,Guntur,15.3894,80.0082,City Road,Clear,Dusk,34,Female,Car,44,No,No,No,Signal Jumping,Low,0.0
ACC31387,30-09-2023,13:52,Kerala,Kozhikode,10.5226,76.2801,Expressway,Clear,Day,37,Male,Car,100,No,Yes,No,Over Speeding,High,5.0
ACC31388,01-05-2022,15:28,Tamil Nadu,Coimbatore,11.3445,78.683,Village Road,Rainy,Day,26,Male,Car,62,No,No,No,Poor Weather Visibility,Medium,6.0
ACC31389,09-09-2024,11:18,Kerala,Ernakulam,10.9274,75.9809,State Highway,Rainy,Day,33,Male,Truck,57,No,No,No,Poor Weather Visibility,Low,1.0
ACC31390,09-12-2023,15:30,Andhra Pradesh,Visakhapatnam,16.0528,80.2845,Village Road,Rainy,Day,31,Male,Car,55,No,No,No,Poor Weather Visibility,Medium,3.0
ACC31391,03-09-2024,15:47,Karnataka,Mysuru,15.6922,75.8615,State Highway,Rainy,Day,53,Male,Bus,41,No,No,Yes,Poor Weather Visibility,Low,0.0
ACC31392,05-11-2022,13:41,Karnataka,Mangaluru,14.8857,75.3706,National Highway,Cloudy,Day,18,Male,Truck,51,No,No,No,Poor Weather Visibility,Medium,2.0
ACC31393,08-01-2024,13:30,Tamil Nadu,Chennai,11.4534,77.9759,State Highway,Clear,Day,42,Male,Bus,87,No,Yes,Yes,Over Speeding,Medium,4.0
ACC31394,26-05-2023,12:56,Kerala,Kozhikode,10.9484,75.5632,National Highway,Cloudy,Day,33,Male,Truck,72,No,No,No,Poor Weather Visibility,Medium,1.0
ACC31395,03-05-2024,21:18,Tamil Nadu,Madurai,11.7194,78.6485,Village Road,Cloudy,Night,37,Female,Bike,40,No,No,Yes,Pothole/Bad Road,Low,
ACC31396,01-01-2024,10:18,Telangana,Khammam,17.4431,79.1092,National Highway,Clear,Day,28,Male,Car,91,Yes,No,No,Over Speeding,High,6.0
ACC31397,23-11-2024,16:53,Karnataka,Belagavi,15.0926,75.6861,National Highway,Overcast,Day,27,Male,Car,50,No,No,No,Poor Weather Visibility,Low,1.0
ACC31398,10-02-2024,19:00,Telangana,Nizamabad,18.1233,79.9031,State Highway,Rainy,Night,30,Male,Bike,94,Yes,No,No,Over Speeding,High,3.0
ACC31399,23-04-2024,14:23,Tamil Nadu,Coimbatore,10.9999,79.2794,City Road,Cloudy,Day,19,Male,Car,44,No,No,No,Poor Weather Visibility,Low,0.0
ACC31400,25-08-2022,05:20,Tamil Nadu,Tiruchirappalli,11.4418,78.4958,Village Road,Cloudy,Dawn,25,Male,Car,45,No,No,No,Signal Jumping,Low,0.0
ACC31401,08-03-2022,04:04,Tamil Nadu,Tiruchirappalli,10.9006,78.1811,Village Road,Cloudy,Night,18,Male,Bike,32,No,Yes,No,Drowsy Driving,Low,1.0
ACC31402,26-08-2023,05:24,Karnataka,Hubballi,15.4735,75.571,State Highway,Clear,Dawn,53,Male,Bike,45,No,No,No,Signal Jumping,Medium,4.0
ACC31403,06-06-2023,12:01,Tamil Nadu,Tiruchirappalli,12.203,78.8589,State Highway,Clear,Day,42,Male,Bike,60,No,No,No,Over Speeding,Low,1.0
ACC31404,11-05-2022,18:36,Kerala,Kozhikode,10.0162,76.4388,Expressway,Cloudy,Dusk,23,Female,Truck,65,No,No,No,Poor Weather Visibility,Medium,1.0
ACC31405,05-07-2023,11:07,Karnataka,Mangaluru,14.7726,75.881,Village Road,Clear,Day,52,Female,Bus,36,No,No,Yes,Pothole/Bad Road,Low,0.0
ACC31406,26-08-2022,12:22,Karnataka,Belagavi,15.2285,75.6416,National Highway,Overcast,Day,40,Male,Car,64,No,No,No,Poor Weather Visibility,Low,0.0
ACC31407,29-06-2022,21:15,Telangana,Hyderabad,17.7483,78.9337,City Road,Foggy,Night,23,Male,Car,53,No,No,No,Poor Weather Visibility,Low,3.0
ACC31408,28-01-2023,13:32,Telangana,Nizamabad,17.7885,78.8962,State Highway,Rainy,Day,55,Male,Bike,64,No,Yes,No,Poor Weather Visibility,Medium,3.0
ACC31409,29-09-2023,19:29,Andhra Pradesh,Vijayawada,16.0245,79.8686,Village Road,Cloudy,Night,48,Male,Auto,38,No,No,Yes,Pothole/Bad Road,Medium,2.0
ACC31410,02-01-2024,21:30,Karnataka,Belagavi,14.6507,75.4205,State Highway,Rainy,Night,43,Male,Auto,58,No,No,No,Poor Weather Visibility,Medium,4.0
ACC31411,08-05-2022,09:35,Kerala,Ernakulam,10.7108,76.3413,City Road,Cloudy,Day,43,Male,Bike,58,No,No,No,Signal Jumping,Low,1.0
ACC31412,25-04-2023,20:04,Kerala,Thiruvananthapuram,9.8367,76.0966,National Highway,Cloudy,Night,45,Male,Car,85,Yes,No,No,Drunk Driving,Medium,
ACC31413,27-02-2023,15:19,Karnataka,Mangaluru,15.8328,76.039,State Highway,Clear,Day,40,Male,Car,52,No,No,No,Poor Weather Visibility,Low,0.0
ACC31414,01-02-2023,08:12,Andhra Pradesh,Visakhapatnam,16.009,79.8212,State Highway,Cloudy,Day,45,Male,Auto,61,No,No,No,Poor Weather Visibility,Medium,4.0
ACC31415,04-05-2023,22:10,Telangana,Khammam,17.2303,79.2616,City Road,Cloudy,Night,39,Female,Car,65,No,No,No,Signal Jumping,Medium,2.0
ACC31416,28-05-2024,09:18,Tamil Nadu,Chennai,11.155,78.3776,Village Road,Overcast,Day,45,Male,Truck,83,No,Yes,No,Over Speeding,High,6.0
ACC31417,04-03-2024,19:18,Tamil Nadu,Chennai,10.9254,78.2849,State Highway,Cloudy,Night,25,Male,Truck,24,No,Yes,No,Drowsy Driving,Low,1.0
ACC31418,07-01-2022,09:23,Telangana,Warangal,17.5394,79.8958,Expressway,Rainy,Day,37,Male,Bike,87,No,Yes,No,Poor Weather Visibility,High,2.0
ACC31419,11-08-2022,16:04,Kerala,Thrissur,10.4369,75.7992,State Highway,Rainy,Day,26,Male,Truck,66,No,No,No,Poor Weather Visibility,Low,0.0
ACC31420,05-03-2022,10:11,Andhra Pradesh,Visakhapatnam,15.5242,79.9078,City Road,Clear,Day,56,Female,Bus,61,No,No,No,Over Speeding,Low,1.0
ACC31421,08-11-2023,10:38,Andhra Pradesh,Guntur,15.9873,79.5272,Village Road,Rainy,Day,26,Female,Car,34,No,No,No,Poor Weather Visibility,Low,0.0
ACC31422,30-09-2023,12:21,Kerala,Kollam,10.3914,75.6466,State Highway,Rainy,Day,38,Male,Car,74,No,No,Yes,Poor Weather Visibility,Medium,6.0
ACC31423,04-07-2022,08:52,Tamil Nadu,Coimbatore,11.1083,78.881,National Highway,Rainy,Day,20,Male,Bus,79,No,No,No,Poor Weather Visibility,Medium,0.0
ACC31424,05-12-2022,18:53,Telangana,Hyderabad,17.6672,78.2742,Village Road,Clear,Dusk,41,Male,Bike,25,No,No,Yes,Pothole/Bad Road,Low,3.0
ACC31425,11-01-2024,08:49,Telangana,Hyderabad,17.7692,79.3327,National Highway,Clear,Day,25,Male,Car,68,No,Yes,No,Drowsy Driving,Low,0.0
ACC31426,11-12-2023,16:01,Tamil Nadu,Tiruchirappalli,10.6302,77.7845,Village Road,Clear,Day,67,Female,Car,32,No,No,No,Poor Weather Visibility,Low,
ACC31427,16-06-2022,08:33,Tamil Nadu,Tiruchirappalli,10.4505,78.0294,Expressway,Clear,Day,57,Male,Car,74,No,Yes,No,Drowsy Driving,Medium,1.0
ACC31428,03-12-2024,08:21,Telangana,Khammam,18.0098,79.3718,State Highway,Rainy,Day,46,Male,Truck,61,No,No,No,Poor Weather Visibility,Medium,
ACC31429,24-06-2022,01:30,Tamil Nadu,Tiruchirappalli,11.078,78.6536,City Road,Cloudy,Night,32,Male,Car,66,Yes,No,No,Drunk Driving,High,1.0
ACC31430,29-04-2022,09:47,Karnataka,Hubballi,14.6929,75.6739,State Highway,Overcast,Day,23,Male,Car,66,No,No,No,Poor Weather Visibility,Medium,3.0
ACC31431,23-05-2024,08:11,Tamil Nadu,Coimbatore,11.1888,78.1071,Expressway,Cloudy,Day,39,Male,Bike,79,No,No,No,Over Speeding,Medium,5.0
ACC31432,26-06-2022,12:37,Tamil Nadu,Coimbatore,10.7653,78.7105,Village Road,Clear,Day,41,Male,Bike,43,No,No,No,Signal Jumping,Low,1.0
ACC31433,14-04-2022,13:07,Tamil Nadu,Chennai,10.5367,78.3139,National Highway,Clear,Day,49,Female,Bus,78,No,Yes,No,Drowsy Driving,Medium,0.0
ACC31434,04-07-2023,00:50,Karnataka,Hubballi,15.7083,76.2383,City Road,Rainy,Night,26,Male,Truck,36,No,No,No,Poor Weather Visibility,Low,1.0
ACC31435,15-06-2022,11:27,Tamil Nadu,Tiruchirappalli,11.1369,79.1732,Village Road,Rainy,Day,23,Female,Bike,44,No,No,Yes,Poor Weather Visibility,Medium,0.0
ACC31436,16-06-2024,18:20,Telangana,Khammam,18.0755,78.8483,Expressway,Clear,Dusk,40,Male,Bike,73,No,No,No,Over Speeding,Medium,7.0
ACC31437,30-09-2024,16:22,Telangana,Hyderabad,17.7492,80.2356,National Highway,Clear,Day,50,Male,Auto,81,No,No,No,Over Speeding,High,7.0
ACC31438,07-09-2023,15:42,Telangana,Warangal,17.5475,78.8676,City Road,Clear,Day,34,Male,Truck,38,No,Yes,No,Drowsy Driving,Low,0.0
ACC31439,02-08-2024,21:40,Andhra Pradesh,Vijayawada,15.7394,79.9427,City Road,Clear,Night,52,Male,Bike,59,Yes,No,No,Drunk Driving,Medium,2.0
ACC31440,18-09-2023,15:11,Telangana,Khammam,17.7512,78.8871,National Highway,Clear,Day,48,Male,Bike,72,No,No,No,Over Speeding,Low,
ACC31441,04-01-2023,03:11,Andhra Pradesh,Guntur,16.0042,80.0529,Village Road,Rainy,Night,29,Male,Car,66,Yes,No,Yes,Poor Weather Visibility,High,4.0
ACC31442,24-09-2022,11:38,Tamil Nadu,Coimbatore,11.0245,78.7905,City Road,Clear,Day,32,Male,Bike,45,No,Yes,No,Drowsy Driving,Low,1.0
ACC31443,15-06-2024,17:22,Kerala,Thiruvananthapuram,10.1057,76.562,National Highway,Clear,Dusk,18,Male,Car,62,No,No,No,Over Speeding,Low,1.0
ACC31444,17-03-2022,14:26,Tamil Nadu,Chennai,11.5035,78.8433,Expressway,Cloudy,Day,43,Male,Bike,88,No,No,No,Over Speeding,High,
ACC31445,01-12-2024,15:09,Kerala,Kollam,9.9879,76.6767,National Highway,Cloudy,Day,54,Male,Truck,67,No,Yes,No,Drowsy Driving,Medium,1.0
ACC31446,27-06-2022,06:33,Tamil Nadu,Madurai,11.1026,78.5408,National Highway,Overcast,Day,27,Male,Car,71,No,No,Yes,Pothole/Bad Road,Medium,6.0
ACC31447,06-07-2023,09:32,Tamil Nadu,Tiruchirappalli,10.9348,78.5476,City Road,Foggy,Day,35,Male,Bike,63,No,No,No,Poor Weather Visibility,Medium,5.0
ACC31448,31-07-2024,02:20,Karnataka,Mysuru,14.6717,76.6582,State Highway,Cloudy,Night,23,Female,Bike,78,Yes,No,Yes,Drunk Driving,High,3.0
ACC31449,16-03-2024,07:12,Karnataka,Mangaluru,14.9196,75.5139,Village Road,Cloudy,Day,45,Male,Car,27,No,No,Yes,Pothole/Bad Road,Low,0.0
ACC31450,04-12-2024,16:54,Telangana,Nizamabad,18.3113,78.765,City Road,Rainy,Day,29,Female,Truck,81,Yes,Yes,No,Poor Weather Visibility,High,10.0
ACC31451,15-03-2024,15:27,Andhra Pradesh,Nellore,15.9463,79.9195,City Road,Clear,Day,39,Male,Truck,56,No,No,No,Signal Jumping,Low,0.0
ACC31452,08-09-2023,04:06,Tamil Nadu,Salem,10.395,78.6958,State Highway,Clear,Night,41,Male,Car,63,No,Yes,No,Drowsy Driving,Medium,1.0
ACC31453,01-09-2022,14:39,Kerala,Ernakulam,9.9171,76.5673,Expressway,Clear,Day,50,Male,Bike,76,No,No,Yes,Pothole/Bad Road,Medium,4.0
ACC31454,17-08-2022,13:28,Telangana,Hyderabad,18.1999,78.6473,National Highway,Clear,Day,50,Male,Car,75,No,No,Yes,Pothole/Bad Road,Medium,2.0
ACC31455,04-03-2022,12:23,Telangana,Hyderabad,18.2136,79.3174,City Road,Overcast,Day,18,Male,Bike,51,No,Yes,No,Drowsy Driving,Low,2.0
ACC31456,15-02-2022,08:42,Tamil Nadu,Madurai,11.4482,78.8297,City Road,Clear,Day,43,Female,Bike,33,No,No,Yes,Pothole/Bad Road,Low,0.0
ACC31457,27-05-2022,21:19,Kerala,Thiruvananthapuram,9.7099,77.055,City Road,Clear,Night,55,Female,Auto,55,No,No,No,Signal Jumping,Medium,1.0
ACC31458,25-04-2023,09:10,Karnataka,Hubballi,15.3648,75.5043,National Highway,Clear,Day,41,Female,Car,67,No,No,No,Over Speeding,Low,1.0
ACC31459,26-09-2022,05:49,Andhra Pradesh,Nellore,15.5062,79.9137,City Road,Clear,Dawn,24,Female,Bus,75,Yes,No,Yes,Drunk Driving,High,12.0
ACC31460,28-12-2024,16:16,Karnataka,Mysuru,15.1815,75.7892,National Highway,Clear,Day,19,Male,Auto,78,No,No,No,Over Speeding,High,
ACC31461,27-09-2022,09:14,Telangana,Warangal,17.538,78.8556,State Highway,Cloudy,Day,32,Male,Auto,57,No,No,No,Poor Weather Visibility,Low,2.0
ACC31462,06-10-2023,13:33,Andhra Pradesh,Nellore,16.0937,79.4994,City Road,Cloudy,Day,55,Male,Car,51,Yes,No,No,Drunk Driving,Low,
ACC31463,25-01-2023,16:54,Tamil Nadu,Chennai,11.2756,78.8271,Village Road,Cloudy,Day,39,Female,Car,19,No,No,Yes,Pothole/Bad Road,Low,1.0
ACC31464,11-09-2024,07:10,Tamil Nadu,Tiruchirappalli,11.084,78.8074,State Highway,Foggy,Day,23,Female,Bus,65,No,No,No,Poor Weather Visibility,High,5.0
ACC31465,28-02-2022,23:51,Telangana,Warangal,17.824,78.8999,Village Road,Rainy,Night,36,Male,Bike,41,No,No,Yes,Poor Weather Visibility,Medium,0.0
ACC31466,01-07-2023,01:53,Tamil Nadu,Tiruchirappalli,10.4594,78.6324,City Road,Foggy,Night,55,Male,Bike,66,No,No,No,Poor Weather Visibility,High,6.0
ACC31467,26-07-2023,17:07,Andhra Pradesh,Kurnool,16.4785,79.996,Village Road,Rainy,Dusk,26,Male,Bike,18,No,No,No,Poor Weather Visibility,Low,1.0
ACC31468,26-11-2023,12:54,Kerala,Ernakulam,10.4562,76.1187,State Highway,Clear,Day,38,Male,Car,56,No,No,No,Poor Weather Visibility,Low,
ACC31469,01-09-2023,20:37,Puducherry,Karaikal,11.9931,80.4647,Village Road,Cloudy,Night,49,Male,Bus,54,No,No,No,Poor Weather Visibility,Medium,
ACC31470,14-06-2022,03:59,Tamil Nadu,Madurai,10.8286,79.0729,Village Road,Cloudy,Night,21,Male,Car,46,No,Yes,No,Drowsy Driving,Medium,3.0
ACC31471,15-10-2023,10:16,Karnataka,Belagavi,15.5071,75.8071,City Road,Rainy,Day,25,Male,Truck,36,No,No,No,Poor Weather Visibility,Low,2.0
ACC31472,25-12-2024,08:01,Karnataka,Mangaluru,15.0019,76.2561,City Road,Clear,Day,25,Male,Auto,37,No,No,No,Signal Jumping,Low,2.0
ACC31473,22-12-2024,19:40,Karnataka,Bengaluru Urban,15.0675,75.3247,Expressway,Clear,Night,45,Male,Auto,103,Yes,No,No,Over Speeding,High,4.0
ACC31474,27-10-2023,08:07,Karnataka,Mangaluru,15.1588,75.5432,State Highway,Clear,Day,18,Female,Truck,75,No,No,No,Signal Jumping,Medium,1.0
ACC31475,15-08-2023,12:33,Telangana,Nizamabad,17.8882,79.3527,City Road,Clear,Day,31,Male,Car,46,Yes,No,No,Drunk Driving,Low,1.0
ACC31476,16-08-2024,13:36,Karnataka,Mangaluru,16.0355,75.5324,National Highway,Overcast,Day,24,Male,Bike,55,No,No,No,Poor Weather Visibility,Medium,5.0
ACC31477,02-07-2024,06:02,Kerala,Thiruvananthapuram,9.7392,75.8687,City Road,Overcast,Day,18,Male,Truck,40,No,No,No,Poor Weather Visibility,Low,1.0
ACC31478,19-03-2024,11:25,Kerala,Kollam,10.639,76.8703,City Road,Clear,Day,33,Female,Bike,35,No,No,Yes,Pothole/Bad Road,Low,0.0
ACC31479,06-12-2023,14:30,Andhra Pradesh,Guntur,15.471,79.6402,Village Road,Rainy,Day,28,Male,Bus,23,No,No,Yes,Poor Weather Visibility,Low,0.0
ACC31480,15-08-2024,08:36,Telangana,Warangal,16.8954,79.3207,City Road,Clear,Day,60,Male,Bike,37,No,No,Yes,Pothole/Bad Road,Low,
ACC31481,20-03-2022,17:48,Tamil Nadu,Chennai,11.0025,78.4739,Village Road,Clear,Dusk,18,Male,Bus,39,No,No,No,Poor Weather Visibility,Low,4.0
ACC31482,01-02-2024,16:10,Karnataka,Mysuru,15.7497,76.2708,National Highway,Foggy,Day,28,Male,Bus,72,No,No,No,Poor Weather Visibility,High,7.0
ACC31483,14-09-2023,15:37,Karnataka,Mangaluru,14.6974,76.1671,National Highway,Clear,Day,33,Male,Truck,59,No,No,No,Over Speeding,Low,3.0
ACC31484,27-12-2024,18:18,Karnataka,Mangaluru,15.4714,75.4956,National Highway,Rainy,Dusk,58,Female,Bike,57,No,No,Yes,Poor Weather Visibility,Medium,3.0
ACC31485,10-03-2024,12:31,Kerala,Kollam,11.0087,76.2213,Village Road,Rainy,Day,45,Male,Car,26,No,No,No,Poor Weather Visibility,Low,1.0
ACC31486,19-03-2023,19:04,Telangana,Hyderabad,17.1883,79.318,National Highway,Clear,Night,35,Female,Car,66,No,Yes,No,Drowsy Driving,Medium,2.0
ACC31487,06-01-2022,12:25,Kerala,Kozhikode,10.1893,77.1502,City Road,Foggy,Day,27,Female,Bike,27,Yes,No,No,Poor Weather Visibility,Medium,5.0
ACC31488,13-06-2022,16:14,Telangana,Karimnagar,17.9155,78.308,City Road,Clear,Day,45,Female,Car,45,No,No,No,Poor Weather Visibility,Low,2.0
ACC31489,02-05-2023,13:55,Kerala,Thrissur,10.5615,76.8892,State Highway,Rainy,Day,43,Male,Bike,62,No,No,Yes,Poor Weather Visibility,Medium,2.0
ACC31490,12-09-2022,12:04,Telangana,Karimnagar,18.0327,79.2562,Village Road,Cloudy,Day,21,Male,Car,43,No,No,Yes,Pothole/Bad Road,Low,1.0
ACC31491,11-12-2023,21:37,Karnataka,Belagavi,14.9929,75.0091,City Road,Clear,Night,18,Male,Bike,60,No,No,No,Signal Jumping,Medium,3.0
ACC31492,26-04-2024,22:12,Tamil Nadu,Chennai,10.4872,78.9316,City Road,Cloudy,Night,64,Female,Bike,51,No,No,No,Poor Weather Visibility,Low,1.0
ACC31493,18-11-2022,18:12,Karnataka,Belagavi,14.7058,74.7515,State Highway,Cloudy,Dusk,45,Female,Car,66,Yes,No,No,Drunk Driving,High,4.0
ACC31494,30-12-2023,05:48,Andhra Pradesh,Nellore,16.4824,79.8952,Village Road,Rainy,Dawn,34,Male,Car,35,No,No,Yes,Poor Weather Visibility,Low,0.0
ACC31495,23-04-2022,19:26,Andhra Pradesh,Vijayawada,15.9493,79.6553,Expressway,Clear,Night,37,Male,Car,62,No,No,No,Over Speeding,Low,0.0
ACC31496,23-06-2022,02:54,Telangana,Nizamabad,17.7996,78.745,National Highway,Clear,Night,35,Male,Auto,76,No,No,No,Over Speeding,Medium,5.0