Accident_ID,Date,Time,State,District,Latitude,Longitude,Road_Type,Weather,Light_Condition,Driver_Age,Driver_Gender,Vehicle_Type,Speed_kmph,Alcohol_Involved,Driver_Drowsy,Pothole_Involved,Cause_of_Accident,Severity,Casualties
ACC31497,11-07-2024,05:27,Kerala,Kollam,10.2584,76.344,Village Road,Rainy,Dawn,26,Male,Bike,28,No,Yes,No,Poor Weather Visibility,Low,0.0
ACC31498,21-09-2023,21:49,Andhra Pradesh,Vijayawada,15.4664,79.3917,National Highway,Cloudy,Night,19,Male,Truck,84,No,Yes,No,Over Speeding,High,6.0
ACC31499,16-09-2024,15:31,Karnataka,Bengaluru Urban,15.2676,75.6103,City Road,Clear,Day,34,Female,Car,34,No,No,Yes,Pothole/Bad Road,Low,2.0
ACC31500,25-07-2024,15:13,Andhra Pradesh,Vijayawada,15.7076,79.7326,State Highway,Clear,Day,26,Male,Auto,84,Yes,Yes,No,Drunk Driving,High,
ACC31501,18-01-2022,19:19,Tamil Nadu,Coimbatore,11.0814,79.4996,State Highway,Clear,Night,65,Male,Bus,73,No,Yes,No,Drowsy Driving,Medium,3.0
ACC31502,20-09-2022,12:21,Telangana,Khammam,18.171,78.4,City Road,Foggy,Day,41,Female,Car,52,No,No,No,Poor Weather Visibility,Low,0.0
ACC31503,28-09-2024,17:43,Andhra Pradesh,Vijayawada,16.2888,79.9866,Expressway,Cloudy,Dusk,42,Male,Car,93,Yes,No,No,Over Speeding,High,10.0
ACC31504,18-11-2023,15:26,Andhra Pradesh,Nellore,15.2629,79.5334,City Road,Overcast,Day,36,Male,Auto,59,No,No,No,Poor Weather Visibility,Medium,2.0
ACC31505,19-08-2024,04:15,Kerala,Ernakulam,10.0702,75.5779,City Road,Rainy,Night,38,Male,Auto,36,No,No,Yes,Poor Weather Visibility,Low,1.0
ACC31506,22-07-2024,17:22,Telangana,Hyderabad,18.2424,79.3238,Village Road,Rainy,Dusk,50,Male,Bike,44,No,No,Yes,Poor Weather Visibility,Medium,
ACC31507,05-08-2022,17:23,Telangana,Nizamabad,18.0756,79.451,State Highway,Cloudy,Dusk,44,Male,Bike,76,No,Yes,No,Drowsy Driving,Medium,1.0
ACC31508,17-10-2024,15:55,Kerala,Kollam,10.0769,76.8174,City Road,Rainy,Day,20,Male,Car,74,No,No,Yes,Poor Weather Visibility,High,2.0
ACC31509,28-09-2024,15:23,Telangana,Warangal,17.3502,79.1529,Expressway,Clear,Day,18,Male,Bike,81,Yes,No,No,Drunk Driving,High,4.0
ACC31510,06-03-2022,15:19,Tamil Nadu,Coimbatore,10.4941,79.1264,Village Road,Clear,Day,29,Male,Bike,43,No,No,No,Poor Weather Visibility,Low,2.0
ACC31511,26-04-2022,19:20,Kerala,Ernakulam,10.325,76.5291,National Highway,Cloudy,Night,51,Female,Bike,85,Yes,Yes,No,Drunk Driving,High,3.0
ACC31512,27-04-2024,01:27,Kerala,Thiruvananthapuram,10.2156,76.6765,Expressway,Foggy,Night,36,Male,Bike,91,No,Yes,No,Poor Weather Visibility,High,7.0
ACC31513,14-03-2022,09:03,Andhra Pradesh,Guntur,14.7262,79.485,State Highway,Clear,Day,50,Male,Car,57,No,No,No,Signal Jumping,Low,0.0
ACC31514,07-11-2023,21:31,Andhra Pradesh,Visakhapatnam,16.4932,79.3946,City Road,Clear,Night,40,Male,Car,25,No,No,No,Poor Weather Visibility,Low,0.0
ACC31515,20-07-2023,18:55,Tamil Nadu,Salem,10.981,77.9366,City Road,Clear,Dusk,18,Male,Bike,38,No,No,No,Signal Jumping,Low,0.0
ACC31516,20-03-2022,01:03,Karnataka,Belagavi,15.3901,74.7796,City Road,Clear,Night,65,Female,Car,37,No,No,No,Signal Jumping,Low,0.0
ACC31517,25-09-2023,17:29,Andhra Pradesh,Vijayawada,16.6488,79.9448,Village Road,Overcast,Dusk,31,Male,Bike,56,Yes,Yes,Yes,Drunk Driving,High,5.0
ACC31518,16-04-2024,09:15,Kerala,Kozhikode,10.4091,76.5582,State Highway,Rainy,Day,36,Female,Bus,72,Yes,Yes,No,Poor Weather Visibility,High,
ACC31519,15-04-2023,08:05,Puducherry,Karaikal,11.232,79.0412,Village Road,Clear,Day,45,Male,Bus,50,No,No,Yes,Signal Jumping,Low,1.0
ACC31520,10-12-2023,10:31,Telangana,Nizamabad,17.9305,79.982,State Highway,Rainy,Day,36,Male,Bike,43,No,No,No,Poor Weather Visibility,Low,2.0
ACC31521,01-11-2023,07:09,Puducherry,Puducherry,12.5018,78.9073,Expressway,Rainy,Day,39,Female,Car,87,No,No,No,Poor Weather Visibility,Medium,2.0
ACC31522,25-05-2022,08:01,Andhra Pradesh,Vijayawada,15.8065,79.9008,National Highway,Overcast,Day,26,Male,Bike,83,No,No,No,Over Speeding,Medium,4.0
ACC31523,04-05-2024,01:05,Tamil Nadu,Tiruchirappalli,11.5268,78.8905,State Highway,Clear,Night,46,Female,Bike,65,No,No,Yes,Pothole/Bad Road,Medium,2.0
ACC31524,30-03-2023,20:12,Kerala,Thiruvananthapuram,10.4149,75.8984,City Road,Rainy,Night,36,Female,Bike,54,Yes,No,Yes,Poor Weather Visibility,High,4.0
ACC31525,04-06-2024,20:30,Karnataka,Mysuru,15.3209,74.4671,National Highway,Clear,Night,32,Male,Bike,87,No,Yes,No,Over Speeding,High,6.0
ACC31526,22-03-2022,18:16,Andhra Pradesh,Kurnool,16.1727,79.2445,National Highway,Clear,Dusk,57,Male,Car,61,No,Yes,No,Drowsy Driving,Medium,1.0
ACC31527,20-04-2022,01:33,Tamil Nadu,Coimbatore,11.5219,78.0657,National Highway,Overcast,Night,56,Male,Bike,95,Yes,No,No,Over Speeding,High,6.0
ACC31528,13-05-2022,14:10,Kerala,Kollam,9.9235,77.0408,City Road,Clear,Day,33,Male,Bus,39,No,No,No,Poor Weather Visibility,Low,0.0
ACC31529,20-01-2024,11:52,Kerala,Kollam,10.3574,75.9306,State Highway,Rainy,Day,29,Female,Car,56,No,No,No,Poor Weather Visibility,Medium,3.0
ACC31530,14-07-2023,20:35,Karnataka,Hubballi,15.4438,76.207,National Highway,Clear,Night,36,Female,Auto,103,Yes,No,No,Over Speeding,High,6.0
ACC31531,03-03-2023,13:19,Kerala,Kollam,10.3618,76.2165,Village Road,Clear,Day,19,Male,Bike,70,Yes,No,Yes,Drunk Driving,High,5.0
ACC31532,26-07-2023,05:09,Karnataka,Hubballi,15.017,75.9707,Village Road,Clear,Dawn,43,Male,Car,42,No,Yes,No,Drowsy Driving,Low,0.0
ACC31533,11-04-2024,18:17,Tamil Nadu,Coimbatore,10.9039,78.5957,Expressway,Clear,Dusk,45,Male,Auto,62,No,No,No,Signal Jumping,Medium,1.0
ACC31534,11-02-2023,14:46,Tamil Nadu,Madurai,10.4206,78.1503,Village Road,Clear,Day,23,Male,Truck,41,Yes,No,Yes,Drunk Driving,Low,2.0
ACC31535,18-06-2023,20:41,Telangana,Khammam,18.0197,79.1533,State Highway,Rainy,Night,30,Male,Car,83,No,Yes,No,Poor Weather Visibility,High,
ACC31536,09-05-2024,22:55,Karnataka,Bengaluru Urban,15.4239,75.7244,National Highway,Clear,Night,39,Male,Bike,78,No,No,No,Over Speeding,High,6.0
ACC31537,12-05-2022,22:47,Karnataka,Hubballi,15.6792,74.7832,City Road,Clear,Night,22,Male,Car,41,No,No,Yes,Pothole/Bad Road,Low,0.0
ACC31538,23-08-2022,18:06,Karnataka,Mysuru,14.7123,75.5171,State Highway,Clear,Dusk,35,Male,Bike,42,No,No,Yes,Pothole/Bad Road,Low,1.0
ACC31539,20-12-2023,19:01,Karnataka,Mysuru,14.5021,75.8408,Village Road,Cloudy,Night,32,Male,Bike,72,Yes,No,No,Drunk Driving,High,2.0
ACC31540,25-05-2022,22:59,Telangana,Karimnagar,18.1667,78.4689,Village Road,Rainy,Night,45,Male,Truck,36,No,No,Yes,Poor Weather Visibility,Low,1.0
ACC31541,21-01-2023,20:10,Telangana,Warangal,18.0417,78.7584,City Road,Clear,Night,32,Male,Car,70,Yes,No,No,Drunk Driving,High,2.0
ACC31542,14-06-2023,15:36,Kerala,Ernakulam,10.1816,77.3279,City Road,Clear,Day,26,Male,Auto,31,No,Yes,No,Drowsy Driving,Low,0.0
ACC31543,02-11-2023,17:05,Telangana,Warangal,18.0833,79.3214,Village Road,Rainy,Dusk,33,Male,Car,59,No,No,Yes,Poor Weather Visibility,Medium,0.0
ACC31544,21-04-2023,18:08,Kerala,Kollam,10.1715,76.9335,Expressway,Clear,Dusk,29,Male,Car,87,No,No,No,Over Speeding,Medium,0.0
ACC31545,25-10-2023,15:33,Karnataka,Mysuru,14.9006,75.7944,State Highway,Clear,Day,18,Male,Auto,60,No,No,No,Signal Jumping,Medium,3.0
ACC31546,12-09-2023,14:02,Karnataka,Bengaluru Urban,15.4927,75.734,City Road,Rainy,Day,31,Male,Bike,33,No,No,Yes,Poor Weather Visibility,Low,2.0
ACC31547,27-05-2023,23:30,Andhra Pradesh,Vijayawada,15.0591,79.1185,State Highway,Clear,Night,50,Male,Car,77,No,No,No,Over Speeding,High,6.0
ACC31548,24-01-2023,19:09,Telangana,Nizamabad,17.9529,79.0085,Village Road,Clear,Night,18,Male,Car,40,No,Yes,No,Drowsy Driving,Low,0.0
ACC31549,18-09-2024,19:58,Andhra Pradesh,Vijayawada,15.294,79.9462,National Highway,Rainy,Night,60,Female,Bike,89,Yes,No,No,Over Speeding,High,9.0
ACC31550,02-06-2024,09:59,Tamil Nadu,Coimbatore,11.0771,78.2967,City Road,Clear,Day,40,Female,Car,36,No,No,No,Poor Weather Visibility,Low,0.0
ACC31551,03-01-2024,14:22,Tamil Nadu,Madurai,11.6753,79.1756,National Highway,Clear,Day,47,Male,Bus,70,No,No,No,Over Speeding,Low,1.0
ACC31552,31-03-2022,15:14,Karnataka,Hubballi,14.7807,75.3538,City Road,Cloudy,Day,29,Male,Bike,31,No,No,No,Poor Weather Visibility,Low,1.0
ACC31553,25-04-2022,20:06,Tamil Nadu,Chennai,11.0807,78.5835,Expressway,Cloudy,Night,18,Male,Bike,78,No,No,No,Over Speeding,High,4.0
ACC31554,30-08-2023,09:27,Tamil Nadu,Coimbatore,10.1852,78.7626,State Highway,Cloudy,Day,31,Male,Auto,55,No,No,No,Poor Weather Visibility,Low,1.0
ACC31555,10-02-2022,17:39,Tamil Nadu,Coimbatore,10.9846,78.3331,City Road,Cloudy,Dusk,41,Male,Car,64,No,Yes,No,Drowsy Driving,Medium,4.0
ACC31556,25-12-2023,10:51,Karnataka,Hubballi,14.8454,75.3149,City Road,Rainy,Day,42,Female,Auto,26,No,No,No,Poor Weather Visibility,Low,1.0
ACC31557,05-02-2024,13:37,Tamil Nadu,Coimbatore,10.7012,78.5181,City Road,Clear,Day,34,Male,Auto,49,No,No,No,Poor Weather Visibility,Low,2.0
ACC31558,08-06-2024,17:27,Andhra Pradesh,Kurnool,16.1345,79.9511,National Highway,Overcast,Dusk,18,Female,Bus,64,No,Yes,No,Drowsy Driving,High,
ACC31559,05-12-2023,02:35,Karnataka,Bengaluru Urban,15.8335,75.7648,State Highway,Clear,Night,19,Male,Bike,66,No,No,No,Signal Jumping,Medium,2.0
ACC31560,05-03-2024,18:52,Kerala,Thiruvananthapuram,10.2032,76.4239,Village Road,Overcast,Dusk,28,Male,Bus,50,No,Yes,No,Drowsy Driving,Low,1.0
ACC31561,15-02-2022,09:33,Telangana,Hyderabad,17.2866,78.9651,City Road,Clear,Day,29,Male,Bus,71,No,No,No,Over Speeding,Low,1.0
ACC31562,20-10-2022,15:22,Andhra Pradesh,Visakhapatnam,15.9417,79.9034,State Highway,Clear,Day,44,Male,Auto,60,No,No,No,Signal Jumping,Medium,2.0
ACC31563,01-09-2024,16:10,Telangana,Warangal,18.2514,79.684,State Highway,Overcast,Day,40,Male,Car,74,No,No,No,Over Speeding,High,8.0
ACC31564,08-06-2024,07:05,Karnataka,Belagavi,15.4873,75.8399,City Road,Rainy,Day,29,Male,Auto,51,Yes,No,Yes,Poor Weather Visibility,High,9.0
ACC31565,02-07-2023,19:23,Karnataka,Hubballi,14.7024,75.5239,City Road,Rainy,Night,63,Male,Auto,47,No,No,Yes,Poor Weather Visibility,Low,1.0
ACC31566,31-07-2023,17:09,Karnataka,Bengaluru Urban,15.324,75.65,State Highway,Cloudy,Dusk,28,Male,Car,55,No,Yes,Yes,Drowsy Driving,Medium,2.0
ACC31567,10-04-2023,20:09,Karnataka,Bengaluru Urban,15.2687,75.9441,City Road,Overcast,Night,43,Male,Bus,52,No,No,No,Signal Jumping,Low,2.0
ACC31568,30-01-2022,03:33,Andhra Pradesh,Visakhapatnam,15.6222,79.7465,Expressway,Clear,Night,39,Female,Truck,61,No,No,No,Over Speeding,Medium,0.0
ACC31569,21-02-2022,15:21,Andhra Pradesh,Guntur,15.5871,80.1177,National Highway,Clear,Day,44,Male,Bike,82,No,No,No,Over Speeding,Medium,2.0
ACC31570,22-09-2024,19:24,Karnataka,Belagavi,15.4751,76.0863,Expressway,Cloudy,Night,27,Male,Bike,78,No,No,No,Over Speeding,High,8.0
ACC31571,05-05-2022,11:59,Andhra Pradesh,Nellore,16.2134,79.5018,Village Road,Overcast,Day,50,Male,Bike,57,No,No,Yes,Pothole/Bad Road,Low,0.0
ACC31572,15-10-2022,14:18,Telangana,Hyderabad,18.1897,78.0559,City Road,Overcast,Day,33,Male,Bike,42,No,No,No,Poor Weather Visibility,Low,0.0
ACC31573,11-09-2023,18:51,Kerala,Thiruvananthapuram,9.8263,75.999,National Highway,Clear,Dusk,42,Male,Truck,85,Yes,No,No,Drunk Driving,High,3.0
ACC31574,16-01-2024,14:43,Tamil Nadu,Tiruchirappalli,11.1955,78.7001,Village Road,Clear,Day,54,Male,Bike,43,No,No,Yes,Pothole/Bad Road,Low,2.0
ACC31575,11-02-2022,00:46,Karnataka,Hubballi,15.5499,75.6522,City Road,Clear,Night,34,Male,Bike,55,Yes,No,No,Drunk Driving,Low,0.0
ACC31576,16-04-2022,12:32,Kerala,Kollam,10.4284,75.9026,State Highway,Clear,Day,18,Male,Car,46,No,No,No,Signal Jumping,Low,1.0
ACC31577,13-09-2023,08:32,Andhra Pradesh,Guntur,16.0424,79.8963,City Road,Cloudy,Day,36,Male,Truck,35,No,Yes,No,Drowsy Driving,Low,0.0
ACC31578,13-11-2022,10:54,Tamil Nadu,Madurai,10.5652,78.7522,City Road,Clear,Day,43,Male,Bus,50,Yes,No,No,Drunk Driving,Low,1.0
ACC31579,19-09-2022,21:44,Tamil Nadu,Chennai,10.9645,78.7448,City Road,Rainy,Night,20,Male,Bike,63,No,No,No,Poor Weather Visibility,Medium,2.0
ACC31580,27-03-2024,06:14,Tamil Nadu,Madurai,11.0984,78.6037,Village Road,Clear,Day,18,Male,Bus,41,No,No,No,Signal Jumping,Low,1.0
ACC31581,11-11-2023,13:08,Tamil Nadu,Coimbatore,10.8694,78.5645,State Highway,Rainy,Day,32,Male,Car,65,No,No,Yes,Poor Weather Visibility,Medium,6.0
ACC31582,21-03-2024,11:31,Telangana,Khammam,16.9131,78.7673,City Road,Clear,Day,60,Male,Car,65,No,No,Yes,Pothole/Bad Road,Low,1.0
ACC31583,18-01-2024,17:13,Andhra Pradesh,Kurnool,16.4945,79.9465,City Road,Clear,Dusk,48,Male,Car,48,No,No,No,Poor Weather Visibility,Low,0.0
ACC31584,06-02-2022,20:46,Karnataka,Belagavi,15.386,75.7537,City Road,Cloudy,Night,41,Female,Car,61,Yes,No,No,Drunk Driving,High,3.0
ACC31585,23-02-2023,02:17,Telangana,Warangal,17.8061,78.8372,Village Road,Clear,Night,39,Male,Auto,51,No,No,No,Poor Weather Visibility,Low,1.0
ACC31586,14-01-2023,18:33,Karnataka,Belagavi,15.0986,75.629,City Road,Cloudy,Dusk,50,Male,Truck,29,No,No,No,Poor Weather Visibility,Low,0.0
ACC31587,07-12-2023,16:51,Andhra Pradesh,Vijayawada,14.7979,79.7031,State Highway,Clear,Day,20,Male,Truck,62,No,Yes,No,Drowsy Driving,Medium,4.0
ACC31588,02-12-2023,16:41,Andhra Pradesh,Kurnool,16.3189,79.4878,State Highway,Rainy,Day,32,Female,Car,72,No,No,Yes,Poor Weather Visibility,Medium,0.0
ACC31589,12-09-2022,18:46,Kerala,Kozhikode,10.0582,76.5542,Village Road,Clear,Dusk,33,Male,Bike,38,No,No,No,Poor Weather Visibility,Low,0.0
ACC31590,05-09-2023,05:10,Andhra Pradesh,Vijayawada,15.8118,79.6848,State Highway,Cloudy,Dawn,47,Female,Truck,69,No,No,Yes,Pothole/Bad Road,Medium,3.0
ACC31591,19-08-2022,01:17,Telangana,Karimnagar,17.8637,78.9144,City Road,Cloudy,Night,24,Female,Car,41,No,No,No,Signal Jumping,Low,2.0
ACC31592,25-12-2024,08:45,Karnataka,Belagavi,15.5102,75.5724,National Highway,Clear,Day,50,Male,Bus,70,No,No,No,Signal Jumping,Low,0.0
ACC31593,12-02-2024,12:17,Tamil Nadu,Salem,11.3444,78.68,State Highway,Clear,Day,31,Male,Truck,54,No,No,No,Signal Jumping,Low,
ACC31594,02-03-2022,14:53,Tamil Nadu,Chennai,12.0694,78.6895,State Highway,Clear,Day,40,Female,Auto,55,No,No,No,Poor Weather Visibility,Low,0.0
ACC31595,14-05-2024,14:29,Tamil Nadu,Tiruchirappalli,12.1891,78.6512,National Highway,Clear,Day,40,Male,Car,89,No,No,No,Over Speeding,High,7.0
ACC31596,16-04-2022,20:43,Andhra Pradesh,Guntur,15.6817,80.0464,City Road,Foggy,Night,70,Male,Truck,48,No,No,No,Poor Weather Visibility,Medium,2.0
ACC31597,15-07-2022,12:51,Karnataka,Bengaluru Urban,16.281,75.4486,City Road,Clear,Day,21,Male,Car,57,Yes,No,No,Drunk Driving,Low,0.0
ACC31598,25-01-2023,17:14,Telangana,Khammam,18.2613,78.8568,State Highway,Cloudy,Dusk,45,Male,Auto,38,No,No,No,Poor Weather Visibility,Low,1.0
ACC31599,11-12-2024,22:54,Telangana,Warangal,17.5888,78.8659,Village Road,Clear,Night,26,Male,Auto,57,Yes,Yes,Yes,Drunk Driving,High,5.0
ACC31600,09-01-2023,10:20,Karnataka,Mysuru,14.8973,75.444,Village Road,Clear,Day,44,Female,Bike,37,No,No,Yes,Pothole/Bad Road,Low,0.0
ACC31601,04-03-2023,23:30,Tamil Nadu,Coimbatore,11.6053,78.7004,Expressway,Clear,Night,35,Male,Car,77,No,No,No,Over Speeding,Medium,2.0
ACC31602,16-08-2023,16:02,Tamil Nadu,Chennai,11.8673,78.1131,Village Road,Cloudy,Day,37,Male,Bike,35,No,No,No,Signal Jumping,Low,2.0
ACC31603,01-07-2024,09:33,Puducherry,Puducherry,11.7615,80.1536,National Highway,Rainy,Day,40,Female,Bus,88,Yes,No,Yes,Over Speeding,High,7.0
ACC31604,03-06-2022,20:11,Kerala,Ernakulam,10.4381,76.2944,City Road,Cloudy,Night,32,Female,Car,37,Yes,No,Yes,Drunk Driving,Medium,1.0
ACC31605,30-06-2024,12:37,Telangana,Warangal,17.5092,78.9714,National Highway,Clear,Day,28,Male,Bike,79,No,No,No,Over Speeding,Medium,
ACC31606,09-12-2024,06:42,Kerala,Thiruvananthapuram,10.2695,75.9112,City Road,Clear,Day,54,Male,Bike,36,No,No,Yes,Pothole/Bad Road,Low,
ACC31607,26-11-2022,07:09,Kerala,Thiruvananthapuram,10.4682,76.7638,National Highway,Cloudy,Day,18,Female,Truck,63,No,No,No,Poor Weather Visibility,Medium,3.0
ACC31608,26-05-2023,09:07,Tamil Nadu,Chennai,11.3601,79.2951,Village Road,Cloudy,Day,53,Male,Truck,49,No,No,Yes,Pothole/Bad Road,Medium,4.0
ACC31609,26-05-2023,14:11,Tamil Nadu,Tiruchirappalli,11.5066,78.801,City Road,Rainy,Day,27,Male,Car,56,Yes,No,Yes,Poor Weather Visibility,Medium,2.0
ACC31610,30-08-2024,20:52,Telangana,Hyderabad,18.0338,80.1807,City Road,Rainy,Night,40,Male,Bike,38,No,No,Yes,Poor Weather Visibility,Low,0.0
ACC31611,24-02-2022,17:06,Andhra Pradesh,Visakhapatnam,16.6892,79.676,State Highway,Rainy,Dusk,44,Male,Car,71,No,No,No,Poor Weather Visibility,Medium,1.0
ACC31612,05-01-2024,10:25,Kerala,Thrissur,9.8277,76.286,National Highway,Cloudy,Day,48,Male,Car,70,No,No,No,Poor Weather Visibility,Medium,3.0
ACC31613,09-05-2024,16:32,Tamil Nadu,Tiruchirappalli,11.6003,78.9775,State Highway,Clear,Day,35,Female,Truck,43,No,No,No,Signal Jumping,Low,
ACC31614,21-04-2023,18:18,Kerala,Kollam,10.3308,76.6071,State Highway,Foggy,Dusk,46,Male,Bike,58,No,No,No,Poor Weather Visibility,Low,1.0
ACC31615,04-04-2022,00:17,Andhra Pradesh,Vijayawada,15.9059,79.7479,National Highway,Clear,Night,18,Male,Auto,59,No,No,No,Signal Jumping,Medium,0.0
ACC31616,02-11-2022,13:20,Tamil Nadu,Chennai,11.149,79.2247,Expressway,Cloudy,Day,35,Male,Bike,94,No,No,No,Over Speeding,Medium,5.0
ACC31617,06-09-2022,09:55,Tamil Nadu,Salem,11.6586,78.1561,National Highway,Foggy,Day,30,Male,Car,80,No,No,No,Poor Weather Visibility,Medium,0.0
ACC31618,12-03-2022,15:51,Kerala,Kollam,10.437,76.1933,Village Road,Clear,Day,27,Male,Bike,39,No,Yes,No,Drowsy Driving,Low,0.0
ACC31619,26-12-2023,15:36,Kerala,Kozhikode,10.4836,76.619,City Road,Clear,Day,39,Female,Bike,42,No,No,No,Poor Weather Visibility,Low,0.0
ACC31620,25-11-2023,03:28,Karnataka,Mysuru,15.3526,75.1126,City Road,Clear,Night,18,Female,Bike,77,Yes,No,No,Drunk Driving,High,7.0
ACC31621,23-12-2022,10:04,Andhra Pradesh,Guntur,16.0147,79.1082,Village Road,Clear,Day,34,Male,Bike,52,No,No,Yes,Pothole/Bad Road,Low,0.0
ACC31622,30-10-2023,16:28,Telangana,Karimnagar,18.1197,79.239,National Highway,Cloudy,Day,26,Male,Bike,73,No,No,Yes,Pothole/Bad Road,High,0.0
ACC31623,02-01-2022,16:02,Telangana,Nizamabad,18.0495,79.3752,City Road,Foggy,Day,23,Male,Truck,36,No,No,Yes,Poor Weather Visibility,Low,
ACC31624,12-04-2022,09:03,Telangana,Hyderabad,18.418,78.858,Village Road,Rainy,Day,26,Male,Car,56,No,No,Yes,Poor Weather Visibility,Medium,1.0
ACC31625,05-02-2022,13:51,Tamil Nadu,Coimbatore,11.2977,78.5228,Village Road,Clear,Day,44,Male,Car,45,No,No,No,Poor Weather Visibility,Low,1.0
ACC31626,08-01-2023,08:03,Karnataka,Bengaluru Urban,15.0286,75.0081,City Road,Clear,Day,33,Male,Bike,45,No,No,No,Signal Jumping,Low,1.0
ACC31627,03-03-2024,20:23,Kerala,Thiruvananthapuram,9.7657,76.5058,City Road,Rainy,Night,18,Female,Car,49,No,No,No,Poor Weather Visibility,Low,0.0
ACC31628,14-10-2024,23:57,Andhra Pradesh,Visakhapatnam,15.9177,79.7582,City Road,Clear,Night,34,Male,Bike,62,Yes,No,Yes,Drunk Driving,Medium,1.0
ACC31629,20-04-2024,08:05,Telangana,Nizamabad,17.2966,79.0323,Expressway,Cloudy,Day,55,Female,Car,84,No,No,No,Over Speeding,Low,1.0
ACC31630,22-11-2024,15:40,Tamil Nadu,Coimbatore,11.4957,78.2558,City Road,Clear,Day,19,Male,Car,44,No,No,No,Signal Jumping,Low,1.0
ACC31631,15-06-2024,13:13,Karnataka,Hubballi,15.1622,75.662,National Highway,Clear,Day,30,Male,Bike,111,Yes,No,Yes,Over Speeding,High,4.0
ACC31632,30-09-2022,22:09,Tamil Nadu,Salem,11.2534,78.9473,Expressway,Cloudy,Night,26,Male,Car,84,No,Yes,No,Over Speeding,High,8.0
ACC31633,19-08-2024,16:54,Tamil Nadu,Madurai,11.314,78.5066,State Highway,Overcast,Day,32,Male,Bike,47,No,No,No,Poor Weather Visibility,Medium,2.0
ACC31634,06-01-2022,21:22,Kerala,Thrissur,10.1245,75.61,National Highway,Rainy,Night,24,Male,Bus,96,Yes,Yes,No,Over Speeding,High,7.0
ACC31635,20-01-2022,09:04,Kerala,Kollam,10.5645,75.7924,Village Road,Clear,Day,34,Male,Truck,40,No,Yes,No,Drowsy Driving,Low,0.0
ACC31636,23-01-2023,12:40,Karnataka,Hubballi,14.6161,76.3837,City Road,Foggy,Day,43,Male,Bike,33,No,No,No,Poor Weather Visibility,Low,1.0
ACC31637,23-05-2022,19:09,Tamil Nadu,Madurai,11.8534,78.0734,National Highway,Clear,Night,35,Male,Bike,98,Yes,No,No,Over Speeding,High,4.0
ACC31638,01-10-2022,12:25,Tamil Nadu,Madurai,10.8643,78.8224,Village Road,Clear,Day,27,Male,Bike,24,No,No,No,Signal Jumping,Low,2.0
ACC31639,12-06-2022,22:11,Karnataka,Bengaluru Urban,15.1942,76.0976,State Highway,Overcast,Night,32,Male,Truck,67,Yes,Yes,No,Drunk Driving,High,3.0
ACC31640,17-09-2024,10:32,Kerala,Ernakulam,10.7414,76.5432,City Road,Clear,Day,34,Male,Bike,55,No,No,No,Poor Weather Visibility,Low,0.0
ACC31641,19-12-2022,07:31,Andhra Pradesh,Kurnool,16.4705,79.2604,City Road,Clear,Day,29,Male,Bus,84,Yes,Yes,No,Drunk Driving,High,5.0
ACC31642,17-12-2023,22:05,Telangana,Warangal,18.2543,78.4692,Expressway,Clear,Night,50,Female,Truck,96,No,No,No,Over Speeding,High,5.0
ACC31643,09-11-2022,17:42,Kerala,Ernakulam,9.4302,75.8503,City Road,Rainy,Dusk,55,Female,Car,30,No,No,Yes,Poor Weather Visibility,Low,0.0
ACC31644,26-09-2023,04:38,Karnataka,Mysuru,15.6567,75.5411,State Highway,Clear,Night,36,Female,Bike,63,No,No,Yes,Pothole/Bad Road,Low,0.0
ACC31645,07-08-2024,10:26,Puducherry,Karaikal,12.0897,80.0408,Village Road,Overcast,Day,22,Male,Bike,39,No,No,No,Signal Jumping,Low,0.0
ACC31646,17-03-2024,17:44,Telangana,Warangal,18.1773,78.6386,City Road,Clear,Dusk,42,Female,Bike,69,Yes,No,No,Drunk Driving,Medium,3.0
ACC31647,06-12-2024,21:17,Telangana,Khammam,18.5549,78.6096,State Highway,Clear,Night,42,Male,Car,73,Yes,No,No,Drunk Driving,Medium,5.0
ACC31648,11-12-2024,18:30,Karnataka,Belagavi,15.2928,75.3581,City Road,Rainy,Dusk,50,Male,Bus,58,No,No,No,Poor Weather Visibility,Medium,2.0
ACC31649,26-08-2023,16:13,Tamil Nadu,Tiruchirappalli,10.4264,78.8237,State Highway,Clear,Day,41,Male,Bike,77,No,No,No,Over Speeding,Medium,3.0
ACC31650,29-01-2023,07:07,Tamil Nadu,Salem,10.795,78.6117,State Highway,Clear,Day,35,Male,Auto,57,No,No,No,Signal Jumping,Low,1.0
ACC31651,11-03-2024,11:38,Karnataka,Belagavi,15.6969,75.2002,State Highway,Foggy,Day,40,Female,Bus,57,No,No,No,Poor Weather Visibility,Medium,5.0
ACC31652,24-09-2022,19:29,Telangana,Karimnagar,18.2785,79.4676,National Highway,Foggy,Night,41,Male,Auto,61,No,No,No,Poor Weather Visibility,Medium,
ACC31653,08-04-2022,12:24,Kerala,Ernakulam,10.4114,76.0711,Village Road,Clear,Day,43,Female,Bike,46,No,No,No,Poor Weather Visibility,Low,
ACC31654,03-11-2024,19:33,Tamil Nadu,Chennai,11.0426,78.4183,State Highway,Rainy,Night,48,Male,Auto,53,No,No,No,Poor Weather Visibility,Medium,4.0