Accident_ID,Date,Time,State,District,Latitude,Longitude,Road_Type,Weather,Light_Condition,Driver_Age,Driver_Gender,Vehicle_Type,Speed_kmph,Alcohol_Involved,Driver_Drowsy,Pothole_Involved,Cause_of_Accident,Severity,Casualties
ACC31655,01-04-2022,14:18,Telangana,Hyderabad,17.3134,78.2851,Expressway,Cloudy,Day,22,Male,Bike,63,No,No,No,Poor Weather Visibility,Medium,2.0
ACC31656,04-02-2024,04:18,Tamil Nadu,Madurai,11.209,78.1983,State Highway,Rainy,Night,43,Male,Bike,92,Yes,Yes,No,Over Speeding,High,4.0
ACC31657,25-03-2022,18:47,Tamil Nadu,Chennai,10.869,78.7092,City Road,Overcast,Dusk,36,Male,Truck,36,No,No,No,Poor Weather Visibility,Low,3.0
ACC31658,18-11-2023,11:00,Tamil Nadu,Chennai,11.1961,79.124,Expressway,Rainy,Day,41,Male,Car,70,No,No,No,Poor Weather Visibility,Medium,2.0
ACC31659,29-09-2023,17:33,Tamil Nadu,Madurai,11.3247,78.62,City Road,Clear,Dusk,40,Male,Auto,36,No,No,No,Signal Jumping,Low,4.0
ACC31660,25-10-2023,17:42,Andhra Pradesh,Visakhapatnam,16.4814,79.9143,State Highway,Rainy,Dusk,39,Male,Bus,83,No,No,Yes,Poor Weather Visibility,Medium,5.0
ACC31661,03-08-2023,17:16,Tamil Nadu,Coimbatore,10.7933,78.5554,Expressway,Cloudy,Dusk,23,Male,Car,103,No,Yes,No,Over Speeding,High,6.0
ACC31662,07-10-2023,07:06,Kerala,Thrissur,10.3947,76.4302,City Road,Cloudy,Day,47,Male,Car,29,No,No,No,Poor Weather Visibility,Low,1.0
ACC31663,11-01-2024,12:14,Telangana,Nizamabad,17.6284,78.8819,National Highway,Clear,Day,40,Female,Car,84,No,Yes,No,Over Speeding,Medium,1.0
ACC31664,09-10-2022,07:23,Telangana,Hyderabad,18.0182,78.5909,City Road,Clear,Day,33,Male,Bike,42,No,No,No,Signal Jumping,Low,1.0
ACC31665,13-12-2023,08:19,Kerala,Thrissur,10.6144,75.8585,Village Road,Overcast,Day,19,Male,Car,39,No,No,Yes,Pothole/Bad Road,Low,0.0
ACC31666,10-09-2024,02:30,Tamil Nadu,Chennai,11.7159,78.7367,Expressway,Foggy,Night,23,Male,Truck,93,No,No,No,Poor Weather Visibility,High,8.0
ACC31667,16-04-2023,11:40,Tamil Nadu,Coimbatore,11.2593,78.566,City Road,Clear,Day,33,Male,Car,42,No,No,Yes,Pothole/Bad Road,Low,0.0
ACC31668,26-11-2024,22:20,Telangana,Nizamabad,18.4057,78.7686,National Highway,Rainy,Night,55,Female,Bike,87,No,Yes,Yes,Poor Weather Visibility,High,5.0
ACC31669,22-05-2024,18:43,Karnataka,Belagavi,15.6811,75.5974,Expressway,Clear,Dusk,49,Male,Car,96,No,No,No,Over Speeding,High,4.0
ACC31670,20-02-2023,23:40,Andhra Pradesh,Vijayawada,15.6385,79.5821,City Road,Clear,Night,54,Male,Car,53,Yes,No,No,Drunk Driving,Medium,1.0
ACC31671,08-11-2022,12:04,Telangana,Karimnagar,17.4571,79.2603,State Highway,Rainy,Day,43,Male,Car,58,No,No,No,Poor Weather Visibility,Low,0.0
ACC31672,06-12-2022,12:59,Telangana,Hyderabad,18.2701,78.8665,State Highway,Clear,Day,42,Male,Truck,49,No,No,No,Signal Jumping,Low,0.0
ACC31673,02-05-2022,21:15,Andhra Pradesh,Visakhapatnam,16.2554,79.6249,National Highway,Clear,Night,26,Male,Truck,90,No,No,Yes,Over Speeding,High,7.0
ACC31674,19-04-2022,09:11,Karnataka,Hubballi,15.0342,75.8614,Village Road,Cloudy,Day,55,Male,Car,24,No,No,No,Poor Weather Visibility,Low,0.0
ACC31675,25-04-2022,12:25,Andhra Pradesh,Guntur,16.5026,79.7201,Village Road,Clear,Day,36,Female,Car,61,No,No,Yes,Pothole/Bad Road,Low,1.0
ACC31676,14-07-2024,08:20,Karnataka,Hubballi,15.3288,74.7407,National Highway,Clear,Day,43,Male,Auto,67,No,No,No,Over Speeding,Medium,3.0
ACC31677,19-07-2022,18:33,Telangana,Khammam,17.7596,79.2863,City Road,Overcast,Dusk,38,Female,Car,47,No,No,No,Poor Weather Visibility,Low,1.0
ACC31678,16-05-2024,20:47,Andhra Pradesh,Vijayawada,15.6597,78.6197,National Highway,Rainy,Night,61,Male,Car,78,No,No,No,Poor Weather Visibility,High,9.0
ACC31679,22-06-2024,13:47,Tamil Nadu,Salem,11.3026,78.1546,City Road,Clear,Day,28,Female,Truck,72,No,Yes,No,Drowsy Driving,Medium,3.0
ACC31680,17-12-2023,05:02,Karnataka,Bengaluru Urban,15.832,75.4784,City Road,Rainy,Dawn,31,Male,Bike,47,No,No,No,Poor Weather Visibility,Low,1.0
ACC31681,20-11-2022,20:56,Kerala,Ernakulam,10.2272,75.8512,City Road,Rainy,Night,28,Male,Bike,42,Yes,No,Yes,Poor Weather Visibility,Medium,2.0
ACC31682,28-04-2023,18:10,Karnataka,Hubballi,15.5988,75.6349,Village Road,Cloudy,Dusk,18,Female,Car,15,No,No,No,Poor Weather Visibility,Low,1.0
ACC31683,03-06-2023,09:27,Andhra Pradesh,Vijayawada,15.3302,79.9285,State Highway,Overcast,Day,55,Male,Car,67,No,No,Yes,Pothole/Bad Road,Low,1.0
ACC31684,08-02-2023,20:33,Andhra Pradesh,Kurnool,15.7928,79.938,City Road,Rainy,Night,31,Male,Auto,48,No,No,Yes,Poor Weather Visibility,Medium,3.0
ACC31685,07-08-2022,11:15,Telangana,Karimnagar,18.0188,78.9946,State Highway,Rainy,Day,18,Male,Car,58,No,No,No,Poor Weather Visibility,Low,2.0
ACC31686,23-07-2022,00:33,Kerala,Thiruvananthapuram,11.3065,76.9762,State Highway,Rainy,Night,54,Female,Bike,68,No,No,No,Poor Weather Visibility,Medium,3.0
ACC31687,16-09-2024,14:22,Telangana,Karimnagar,17.7946,78.6992,City Road,Foggy,Day,18,Male,Auto,55,No,Yes,Yes,Poor Weather Visibility,Medium,4.0
ACC31688,26-06-2022,17:52,Andhra Pradesh,Guntur,15.8364,80.0927,National Highway,Clear,Dusk,31,Male,Bike,83,No,Yes,No,Over Speeding,High,6.0
ACC31689,31-07-2023,09:38,Telangana,Warangal,17.6676,79.7321,City Road,Cloudy,Day,40,Male,Bus,26,No,No,No,Poor Weather Visibility,Low,0.0
ACC31690,02-12-2022,22:30,Telangana,Hyderabad,18.1867,78.8371,City Road,Rainy,Night,37,Male,Car,72,No,Yes,No,Poor Weather Visibility,High,5.0
ACC31691,01-01-2023,17:06,Karnataka,Bengaluru Urban,14.1692,75.612,National Highway,Overcast,Dusk,42,Male,Bus,69,No,No,No,Poor Weather Visibility,Medium,3.0
ACC31692,13-04-2022,15:04,Telangana,Khammam,17.6946,79.6211,Village Road,Clear,Day,31,Male,Bike,57,No,No,No,Signal Jumping,Low,0.0
ACC31693,07-12-2024,22:19,Andhra Pradesh,Visakhapatnam,15.3325,78.9546,National Highway,Rainy,Night,20,Male,Bike,72,No,No,No,Poor Weather Visibility,Medium,0.0
ACC31694,12-07-2022,15:55,Telangana,Khammam,17.5132,79.2935,Village Road,Cloudy,Day,39,Male,Car,49,No,No,No,Poor Weather Visibility,Low,0.0
ACC31695,18-12-2022,06:40,Andhra Pradesh,Nellore,16.5392,79.8197,Village Road,Cloudy,Day,27,Male,Bike,39,No,No,Yes,Pothole/Bad Road,Low,2.0
ACC31696,27-09-2023,19:01,Tamil Nadu,Coimbatore,10.7006,79.5179,Village Road,Cloudy,Night,36,Male,Bike,26,Yes,Yes,Yes,Drunk Driving,Medium,7.0
ACC31697,01-09-2023,22:18,Puducherry,Puducherry,11.7097,79.0718,Village Road,Foggy,Night,47,Female,Auto,37,No,No,No,Poor Weather Visibility,Low,0.0
ACC31698,05-06-2022,14:02,Tamil Nadu,Coimbatore,11.3667,78.6908,State Highway,Clear,Day,36,Male,Bike,62,Yes,No,No,Drunk Driving,Low,0.0
ACC31699,30-11-2024,11:14,Tamil Nadu,Coimbatore,11.1506,78.7083,State Highway,Clear,Day,37,Male,Car,58,No,No,No,Signal Jumping,Low,2.0
ACC31700,13-07-2023,07:24,Tamil Nadu,Salem,11.0877,78.7903,State Highway,Cloudy,Day,20,Male,Car,91,Yes,No,No,Over Speeding,High,9.0
ACC31701,05-02-2024,09:28,Kerala,Kozhikode,9.906,75.4079,National Highway,Overcast,Day,40,Male,Car,64,No,No,No,Poor Weather Visibility,Low,2.0
ACC31702,17-02-2023,15:16,Karnataka,Hubballi,15.2385,76.2848,City Road,Rainy,Day,46,Female,Auto,55,No,No,No,Poor Weather Visibility,Medium,1.0
ACC31703,30-08-2024,14:39,Andhra Pradesh,Visakhapatnam,15.8626,79.5995,City Road,Rainy,Day,29,Female,Bike,58,No,No,No,Poor Weather Visibility,Medium,4.0
ACC31704,02-05-2023,09:06,Andhra Pradesh,Vijayawada,16.0073,79.2922,State Highway,Rainy,Day,29,Male,Bike,58,No,No,Yes,Poor Weather Visibility,Medium,2.0
ACC31705,08-09-2022,13:55,Puducherry,Puducherry,11.8584,79.2367,Village Road,Rainy,Day,21,Male,Bike,70,No,No,No,Poor Weather Visibility,High,4.0
ACC31706,07-12-2024,21:30,Tamil Nadu,Chennai,10.6001,78.0504,Village Road,Rainy,Night,45,Female,Bike,44,Yes,Yes,Yes,Poor Weather Visibility,Medium,4.0
ACC31707,30-01-2023,19:01,Karnataka,Mangaluru,15.4438,76.1665,National Highway,Cloudy,Night,18,Male,Bike,45,No,No,No,Poor Weather Visibility,Low,0.0
ACC31708,20-08-2024,06:43,Telangana,Nizamabad,17.9032,79.2673,State Highway,Clear,Day,21,Female,Bike,65,Yes,Yes,Yes,Drunk Driving,High,5.0
ACC31709,03-12-2023,19:51,Andhra Pradesh,Nellore,16.1946,79.9223,State Highway,Cloudy,Night,52,Male,Bike,33,No,No,Yes,Pothole/Bad Road,Low,0.0
ACC31710,29-09-2024,11:28,Karnataka,Bengaluru Urban,15.1763,74.7263,National Highway,Clear,Day,50,Female,Auto,55,No,No,No,Poor Weather Visibility,Medium,3.0
ACC31711,20-08-2022,23:27,Telangana,Hyderabad,18.1013,79.3361,Village Road,Clear,Night,24,Male,Auto,55,Yes,No,No,Drunk Driving,Medium,4.0
ACC31712,12-11-2024,19:35,Kerala,Kozhikode,10.2323,76.5448,Village Road,Cloudy,Night,52,Male,Auto,58,Yes,No,Yes,Drunk Driving,High,2.0
ACC31713,11-07-2023,14:38,Tamil Nadu,Madurai,10.8544,78.8285,Village Road,Rainy,Day,27,Male,Bike,61,No,No,No,Poor Weather Visibility,Medium,4.0
ACC31714,31-01-2022,10:08,Tamil Nadu,Tiruchirappalli,11.2628,78.3822,National Highway,Clear,Day,46,Male,Bike,53,No,No,No,Signal Jumping,Low,0.0
ACC31715,19-01-2023,11:27,Telangana,Nizamabad,17.8018,79.313,State Highway,Clear,Day,34,Female,Truck,86,Yes,No,No,Over Speeding,High,7.0
ACC31716,21-01-2022,14:30,Tamil Nadu,Coimbatore,10.8172,77.8246,State Highway,Overcast,Day,32,Female,Bike,69,No,No,No,Poor Weather Visibility,Medium,2.0
ACC31717,04-07-2023,11:51,Kerala,Kollam,10.4767,76.1006,National Highway,Rainy,Day,18,Male,Bike,55,No,No,Yes,Poor Weather Visibility,Medium,1.0
ACC31718,23-05-2023,12:39,Karnataka,Bengaluru Urban,15.2542,75.3354,Expressway,Rainy,Day,41,Male,Auto,71,No,No,Yes,Poor Weather Visibility,High,12.0
ACC31719,21-08-2024,10:25,Andhra Pradesh,Visakhapatnam,16.1441,79.7104,Expressway,Rainy,Day,31,Male,Bike,78,No,No,No,Poor Weather Visibility,High,3.0
ACC31720,27-01-2023,04:55,Andhra Pradesh,Vijayawada,16.222,79.7674,Village Road,Overcast,Night,36,Male,Bike,65,Yes,No,Yes,Drunk Driving,High,9.0
ACC31721,09-02-2023,07:07,Karnataka,Belagavi,15.4712,75.5409,National Highway,Cloudy,Day,50,Female,Car,68,No,No,No,Poor Weather Visibility,Medium,
ACC31722,05-11-2023,18:20,Karnataka,Mysuru,15.1843,74.9096,Expressway,Cloudy,Dusk,50,Male,Bike,91,No,No,No,Over Speeding,High,7.0
ACC31723,17-09-2022,00:39,Tamil Nadu,Madurai,11.5885,78.9377,National Highway,Clear,Night,23,Female,Auto,87,No,No,No,Over Speeding,Medium,2.0
ACC31724,25-02-2023,17:49,Karnataka,Belagavi,15.0223,75.5814,State Highway,Clear,Dusk,36,Male,Car,51,No,No,No,Signal Jumping,Low,0.0
ACC31725,29-08-2022,16:28,Karnataka,Hubballi,14.7926,75.9788,City Road,Cloudy,Day,45,Male,Bus,49,No,No,No,Poor Weather Visibility,Low,0.0
ACC31726,05-09-2022,16:44,Tamil Nadu,Salem,10.9762,79.0308,City Road,Foggy,Day,28,Male,Car,79,Yes,No,No,Poor Weather Visibility,High,9.0
ACC31727,28-10-2022,21:13,Tamil Nadu,Salem,11.6138,78.3702,State Highway,Overcast,Night,49,Male,Bus,63,No,No,No,Poor Weather Visibility,Low,2.0
ACC31728,28-11-2022,14:36,Karnataka,Bengaluru Urban,15.9232,76.4345,National Highway,Foggy,Day,45,Male,Truck,69,No,No,Yes,Poor Weather Visibility,Medium,2.0
ACC31729,01-03-2024,06:50,Karnataka,Mysuru,15.634,75.9173,Expressway,Overcast,Day,39,Male,Car,57,No,No,No,Poor Weather Visibility,Low,1.0
ACC31730,01-04-2024,05:27,Andhra Pradesh,Visakhapatnam,15.6645,80.7607,National Highway,Clear,Dawn,23,Male,Bike,69,No,No,No,Over Speeding,Medium,3.0
ACC31731,13-03-2022,08:16,Telangana,Nizamabad,17.8454,80.1834,Village Road,Rainy,Day,43,Female,Bike,35,No,No,No,Poor Weather Visibility,Medium,0.0
ACC31732,24-11-2024,14:36,Kerala,Thrissur,10.3907,76.8542,Village Road,Clear,Day,39,Male,Car,31,No,No,No,Signal Jumping,Low,1.0
ACC31733,30-03-2023,18:10,Andhra Pradesh,Guntur,16.2141,79.7766,City Road,Clear,Dusk,37,Male,Bike,62,No,No,No,Signal Jumping,Low,1.0
ACC31734,02-07-2023,10:22,Telangana,Hyderabad,18.2026,79.0589,City Road,Clear,Day,32,Male,Car,55,No,No,No,Signal Jumping,Low,2.0
ACC31735,20-11-2023,21:10,Karnataka,Mangaluru,15.9895,75.2951,City Road,Overcast,Night,32,Male,Bus,56,Yes,No,No,Drunk Driving,Low,1.0
ACC31736,26-09-2024,22:53,Telangana,Hyderabad,17.9099,79.2411,City Road,Clear,Night,37,Male,Bike,45,No,No,No,Signal Jumping,Low,2.0
ACC31737,23-06-2022,07:42,Karnataka,Bengaluru Urban,15.5505,75.3005,National Highway,Cloudy,Day,31,Male,Truck,63,No,Yes,No,Drowsy Driving,Medium,3.0
ACC31738,15-09-2022,21:24,Telangana,Karimnagar,17.4138,78.7878,Village Road,Overcast,Night,48,Male,Auto,45,No,No,Yes,Pothole/Bad Road,Medium,0.0
ACC31739,05-10-2024,08:44,Andhra Pradesh,Nellore,15.5953,79.1856,State Highway,Clear,Day,29,Male,Bike,74,Yes,Yes,No,Drunk Driving,High,3.0
ACC31740,19-07-2022,17:24,Karnataka,Hubballi,15.1138,75.5328,State Highway,Clear,Dusk,22,Female,Bike,60,Yes,No,No,Drunk Driving,Medium,2.0
ACC31741,06-07-2024,09:30,Karnataka,Hubballi,14.8071,75.792,Village Road,Rainy,Day,37,Male,Bus,42,No,No,Yes,Poor Weather Visibility,Medium,6.0
ACC31742,11-05-2024,20:52,Tamil Nadu,Madurai,11.048,78.7898,Expressway,Cloudy,Night,21,Male,Bike,79,Yes,No,No,Drunk Driving,High,6.0
ACC31743,29-07-2022,04:42,Tamil Nadu,Madurai,10.7068,78.5188,City Road,Clear,Night,28,Male,Bike,51,Yes,No,No,Drunk Driving,Medium,0.0
ACC31744,18-10-2023,09:52,Karnataka,Mysuru,15.4405,75.3641,Village Road,Rainy,Day,38,Female,Car,49,Yes,Yes,Yes,Poor Weather Visibility,Medium,4.0
ACC31745,18-01-2022,10:18,Telangana,Hyderabad,17.9958,79.8395,Village Road,Cloudy,Day,38,Male,Car,18,Yes,No,No,Drunk Driving,Low,0.0
ACC31746,13-09-2023,08:34,Telangana,Hyderabad,17.7663,79.0411,Expressway,Clear,Day,43,Male,Car,91,No,Yes,No,Over Speeding,High,3.0
ACC31747,01-03-2022,14:08,Telangana,Khammam,17.3794,78.8115,Village Road,Rainy,Day,25,Female,Car,25,No,No,No,Poor Weather Visibility,Low,0.0
ACC31748,12-03-2024,10:51,Tamil Nadu,Chennai,11.121,78.263,City Road,Clear,Day,40,Female,Bus,59,Yes,No,Yes,Drunk Driving,Low,
ACC31749,31-10-2022,08:27,Telangana,Khammam,17.7207,78.9148,National Highway,Foggy,Day,66,Male,Bike,69,No,No,No,Poor Weather Visibility,High,6.0
ACC31750,25-04-2023,08:32,Karnataka,Bengaluru Urban,15.1864,76.1741,City Road,Clear,Day,33,Female,Car,76,Yes,No,Yes,Drunk Driving,High,4.0
ACC31751,21-07-2023,19:44,Karnataka,Bengaluru Urban,15.0684,75.4066,City Road,Cloudy,Night,18,Male,Car,53,Yes,No,No,Drunk Driving,Medium,3.0
ACC31752,22-04-2022,22:05,Karnataka,Hubballi,15.7686,75.5681,National Highway,Clear,Night,18,Male,Bike,85,No,No,No,Over Speeding,High,4.0
ACC31753,15-08-2024,17:06,Karnataka,Hubballi,15.8879,75.6141,National Highway,Cloudy,Dusk,52,Female,Auto,64,No,No,No,Poor Weather Visibility,Medium,2.0
ACC31754,20-03-2022,22:08,Telangana,Nizamabad,17.9713,79.3418,State Highway,Overcast,Night,26,Male,Car,52,Yes,No,No,Drunk Driving,Medium,0.0
ACC31755,11-09-2022,18:18,Kerala,Kollam,10.5193,75.952,City Road,Overcast,Dusk,44,Female,Bus,38,No,No,No,Signal Jumping,Low,
ACC31756,14-08-2024,20:14,Tamil Nadu,Chennai,10.8831,78.6015,State Highway,Clear,Night,25,Male,Car,72,Yes,No,No,Drunk Driving,High,4.0
ACC31757,28-04-2024,18:54,Karnataka,Bengaluru Urban,14.627,75.6715,State Highway,Clear,Dusk,33,Female,Bus,59,No,No,No,Signal Jumping,Low,0.0
ACC31758,07-09-2022,20:26,Andhra Pradesh,Nellore,16.012,79.636,State Highway,Clear,Night,36,Male,Bike,63,Yes,No,No,Drunk Driving,Medium,1.0
ACC31759,03-04-2024,18:21,Tamil Nadu,Tiruchirappalli,10.5707,78.3932,City Road,Overcast,Dusk,43,Male,Bike,60,No,No,No,Poor Weather Visibility,Low,0.0
ACC31760,11-10-2024,06:44,Tamil Nadu,Coimbatore,11.215,78.4326,City Road,Clear,Day,27,Female,Bike,26,No,No,No,Poor Weather Visibility,Low,1.0
ACC31761,04-09-2023,19:45,Andhra Pradesh,Nellore,16.032,79.4203,Village Road,Rainy,Night,47,Male,Bus,64,No,No,Yes,Poor Weather Visibility,Medium,2.0
ACC31762,13-06-2022,16:35,Karnataka,Hubballi,15.606,75.3709,City Road,Overcast,Day,33,Male,Bike,45,No,No,No,Poor Weather Visibility,Low,0.0
ACC31763,15-06-2022,04:07,Kerala,Ernakulam,10.173,76.1127,Village Road,Cloudy,Night,27,Male,Truck,44,Yes,No,Yes,Drunk Driving,Medium,1.0
ACC31764,11-10-2024,22:17,Kerala,Thiruvananthapuram,9.8284,76.7273,State Highway,Clear,Night,26,Male,Bike,47,No,No,Yes,Pothole/Bad Road,Medium,5.0
ACC31765,24-09-2022,20:24,Kerala,Thiruvananthapuram,9.8871,76.1837,City Road,Cloudy,Night,45,Female,Bike,37,No,No,No,Poor Weather Visibility,Low,1.0
ACC31766,05-02-2023,07:00,Kerala,Thiruvananthapuram,9.8206,75.9661,Expressway,Clear,Day,26,Female,Car,79,No,No,Yes,Over Speeding,Medium,1.0
ACC31767,26-05-2023,07:59,Tamil Nadu,Tiruchirappalli,11.3147,78.9051,City Road,Rainy,Day,18,Male,Bus,47,No,No,No,Poor Weather Visibility,Low,0.0
ACC31768,01-08-2023,17:46,Telangana,Nizamabad,17.7932,78.3823,City Road,Cloudy,Dusk,18,Male,Bike,39,No,No,No,Poor Weather Visibility,Low,2.0
ACC31769,10-01-2024,17:19,Andhra Pradesh,Vijayawada,15.8542,79.8734,Village Road,Clear,Dusk,26,Male,Auto,54,No,No,No,Signal Jumping,Low,1.0
ACC31770,22-05-2024,14:59,Telangana,Warangal,18.5594,78.7683,City Road,Rainy,Day,60,Female,Bus,47,Yes,Yes,No,Poor Weather Visibility,High,6.0
ACC31771,09-01-2022,07:36,Tamil Nadu,Madurai,11.0538,78.3992,National Highway,Clear,Day,25,Male,Auto,71,No,No,No,Over Speeding,Medium,7.0
ACC31772,25-11-2023,13:56,Kerala,Kollam,10.1691,75.9445,National Highway,Foggy,Day,49,Male,Bike,76,No,No,No,Poor Weather Visibility,Medium,6.0
ACC31773,10-02-2022,18:04,Kerala,Thrissur,10.0937,76.9328,Village Road,Rainy,Dusk,18,Male,Car,27,No,No,Yes,Poor Weather Visibility,Low,1.0
ACC31774,28-11-2023,14:10,Tamil Nadu,Salem,11.249,78.8985,City Road,Rainy,Day,69,Male,Car,52,No,No,No,Poor Weather Visibility,Low,0.0
ACC31775,26-05-2022,20:38,Kerala,Thiruvananthapuram,10.2452,75.8566,Village Road,Foggy,Night,29,Female,Bike,41,No,Yes,Yes,Poor Weather Visibility,Medium,4.0
ACC31776,21-01-2023,09:46,Kerala,Thiruvananthapuram,10.0715,76.5416,Village Road,Clear,Day,18,Male,Bike,43,Yes,No,No,Drunk Driving,Medium,5.0
ACC31777,15-05-2024,17:49,Telangana,Hyderabad,18.3843,78.4617,City Road,Clear,Dusk,19,Male,Bus,48,No,Yes,No,Drowsy Driving,Medium,2.0
ACC31778,25-03-2024,21:41,Tamil Nadu,Tiruchirappalli,11.2784,78.676,City Road,Clear,Night,32,Male,Auto,29,No,No,No,Signal Jumping,Low,1.0
ACC31779,16-03-2023,01:00,Andhra Pradesh,Nellore,15.6724,80.2192,Village Road,Clear,Night,32,Male,Auto,66,Yes,No,No,Drunk Driving,Medium,2.0
ACC31780,30-07-2023,12:31,Andhra Pradesh,Kurnool,16.3168,79.8411,State Highway,Cloudy,Day,21,Male,Car,47,No,No,No,Poor Weather Visibility,Low,4.0
ACC31781,04-09-2022,18:45,Telangana,Khammam,18.3669,79.2832,Village Road,Cloudy,Dusk,37,Male,Car,15,No,No,No,Poor Weather Visibility,Low,0.0
ACC31782,23-02-2023,14:55,Telangana,Hyderabad,17.2184,79.3338,Village Road,Cloudy,Day,61,Male,Auto,33,No,No,No,Poor Weather Visibility,Low,0.0
ACC31783,14-11-2023,10:31,Tamil Nadu,Salem,11.3987,78.7964,State Highway,Overcast,Day,38,Male,Auto,26,No,Yes,No,Drowsy Driving,Low,0.0
ACC31784,23-06-2022,18:03,Tamil Nadu,Madurai,11.1093,78.7163,Expressway,Cloudy,Dusk,43,Male,Bike,86,No,Yes,No,Over Speeding,High,
ACC31785,25-08-2023,18:21,Tamil Nadu,Madurai,11.1237,78.7454,City Road,Rainy,Dusk,18,Male,Bus,42,No,No,Yes,Poor Weather Visibility,Low,0.0
ACC31786,20-09-2024,16:11,Tamil Nadu,Madurai,11.447,78.5,City Road,Clear,Day,38,Male,Bike,49,No,No,No,Signal Jumping,Low,1.0
ACC31787,11-10-2022,11:20,Karnataka,Belagavi,15.6409,75.373,City Road,Cloudy,Day,45,Male,Truck,42,No,No,No,Poor Weather Visibility,Low,2.0
ACC31788,09-07-2024,18:47,Andhra Pradesh,Nellore,15.47,80.1648,State Highway,Cloudy,Dusk,20,Male,Bus,85,No,No,No,Over Speeding,High,
ACC31789,08-06-2022,20:28,Karnataka,Hubballi,14.9916,75.2722,City Road,Clear,Night,27,Male,Bike,59,Yes,No,No,Drunk Driving,High,2.0
ACC31790,03-11-2023,07:24,Tamil Nadu,Coimbatore,11.235,78.6076,City Road,Rainy,Day,41,Male,Bus,51,No,No,Yes,Poor Weather Visibility,Low,1.0
ACC31791,26-01-2022,09:01,Kerala,Kollam,10.272,76.3622,City Road,Rainy,Day,18,Male,Car,48,No,No,No,Poor Weather Visibility,Low,1.0
ACC31792,26-06-2023,04:09,Andhra Pradesh,Kurnool,15.6928,79.3079,Expressway,Cloudy,Night,19,Male,Truck,75,Yes,No,No,Drunk Driving,High,8.0
ACC31793,05-11-2023,18:37,Karnataka,Mangaluru,15.4367,74.8509,Village Road,Rainy,Dusk,18,Female,Bike,36,No,Yes,Yes,Poor Weather Visibility,Medium,1.0
ACC31794,17-05-2024,10:52,Andhra Pradesh,Vijayawada,16.0129,80.0598,National Highway,Cloudy,Day,49,Male,Bike,95,No,No,Yes,Over Speeding,High,8.0
ACC31795,10-04-2023,09:06,Tamil Nadu,Chennai,10.712,78.1628,City Road,Clear,Day,52,Female,Car,73,Yes,No,No,Drunk Driving,High,5.0
ACC31796,20-03-2023,08:48,Karnataka,Belagavi,15.9018,75.0796,Village Road,Rainy,Day,19,Male,Car,45,No,No,No,Poor Weather Visibility,Medium,3.0
ACC31797,29-12-2024,12:03,Karnataka,Hubballi,15.4995,75.8546,City Road,Cloudy,Day,26,Female,Car,48,No,No,No,Poor Weather Visibility,Low,2.0
ACC31798,08-09-2023,18:59,Karnataka,Bengaluru Urban,15.9543,75.8016,State Highway,Clear,Dusk,25,Male,Car,65,No,No,Yes,Pothole/Bad Road,Low,1.0
ACC31799,14-06-2024,11:50,Kerala,Ernakulam,10.8554,76.0871,National Highway,Cloudy,Day,36,Male,Bike,67,No,No,No,Poor Weather Visibility,Medium,3.0
ACC31800,27-04-2022,18:14,Telangana,Warangal,17.2343,79.5066,City Road,Cloudy,Dusk,37,Female,Bike,61,No,No,Yes,Pothole/Bad Road,Medium,3.0
ACC31801,24-07-2024,07:26,Kerala,Thiruvananthapuram,10.1389,75.5628,Expressway,Cloudy,Day,55,Male,Auto,75,No,No,No,Over Speeding,Medium,1.0
ACC31802,23-05-2022,08:48,Tamil Nadu,Tiruchirappalli,10.8917,78.9767,Village Road,Clear,Day,45,Female,Bike,62,No,No,No,Signal Jumping,Low,2.0
ACC31803,14-08-2024,18:20,Tamil Nadu,Tiruchirappalli,10.6626,78.2279,National Highway,Clear,Dusk,55,Male,Car,87,No,No,No,Over Speeding,Medium,3.0
ACC31804,13-07-2022,04:17,Karnataka,Hubballi,15.2123,74.9906,City Road,Rainy,Night,50,Male,Car,59,No,Yes,No,Poor Weather Visibility,High,3.0
ACC31805,19-04-2024,17:49,Tamil Nadu,Madurai,10.5641,77.5168,City Road,Cloudy,Dusk,22,Male,Bus,57,No,No,No,Poor Weather Visibility,Medium,1.0
ACC31806,10-01-2022,17:37,Tamil Nadu,Salem,11.4021,78.2779,State Highway,Cloudy,Dusk,32,Male,Bike,48,No,No,No,Poor Weather Visibility,Low,0.0
ACC31807,05-12-2023,11:35,Karnataka,Hubballi,16.3448,76.1624,City Road,Clear,Day,51,Female,Bike,52,No,No,No,Poor Weather Visibility,Low,
ACC31808,28-05-2022,14:14,Tamil Nadu,Madurai,11.3115,78.5737,State Highway,Clear,Day,46,Male,Bike,54,No,Yes,No,Drowsy Driving,Medium,3.0
ACC31809,15-12-2022,17:53,Tamil Nadu,Chennai,10.4001,78.1615,State Highway,Clear,Dusk,25,Female,Bike,78,Yes,No,No,Drunk Driving,High,
ACC31810,22-09-2022,20:27,Andhra Pradesh,Kurnool,16.0997,79.3535,State Highway,Rainy,Night,37,Male,Bus,59,No,Yes,No,Poor Weather Visibility,Medium,1.0