Accident_ID,Date,Time,State,District,Latitude,Longitude,Road_Type,Weather,Light_Condition,Driver_Age,Driver_Gender,Vehicle_Type,Speed_kmph,Alcohol_Involved,Driver_Drowsy,Pothole_Involved,Cause_of_Accident,Severity,Casualties
ACC31811,04-09-2023,08:11,Tamil Nadu,Madurai,11.6085,78.8635,National Highway,Cloudy,Day,18,Male,Bus,62,No,No,No,Poor Weather Visibility,Medium,3.0
ACC31812,07-09-2024,08:28,Telangana,Hyderabad,18.8886,78.7034,City Road,Cloudy,Day,44,Male,Bike,44,Yes,Yes,No,Drunk Driving,Medium,1.0
ACC31813,29-05-2023,22:07,Telangana,Nizamabad,17.6038,78.5323,Village Road,Overcast,Night,23,Male,Bike,36,No,Yes,No,Drowsy Driving,Medium,4.0
ACC31814,14-05-2022,18:48,Tamil Nadu,Tiruchirappalli,10.862,78.752,State Highway,Clear,Dusk,22,Male,Car,74,No,No,No,Over Speeding,Medium,1.0
ACC31815,25-01-2024,20:11,Kerala,Thrissur,9.8983,75.9728,Village Road,Rainy,Night,29,Female,Car,77,Yes,No,Yes,Poor Weather Visibility,High,4.0
ACC31816,13-02-2022,18:40,Telangana,Warangal,18.2065,78.5937,National Highway,Clear,Dusk,43,Male,Car,82,No,No,No,Over Speeding,Medium,2.0
ACC31817,24-05-2023,10:29,Andhra Pradesh,Nellore,15.5926,79.0592,State Highway,Clear,Day,51,Male,Bus,57,No,Yes,No,Drowsy Driving,Medium,4.0
ACC31818,16-12-2023,23:02,Puducherry,Puducherry,12.4996,79.8515,City Road,Clear,Night,25,Male,Car,69,No,No,No,Over Speeding,Medium,6.0
ACC31819,18-01-2022,06:16,Andhra Pradesh,Kurnool,15.6108,79.4148,State Highway,Cloudy,Day,31,Male,Car,73,No,No,No,Over Speeding,Medium,4.0
ACC31820,23-07-2024,12:14,Tamil Nadu,Coimbatore,11.3143,78.8029,State Highway,Clear,Day,54,Male,Car,89,Yes,Yes,No,Over Speeding,High,4.0
ACC31821,25-10-2024,19:19,Andhra Pradesh,Vijayawada,16.9268,79.6352,Village Road,Clear,Night,44,Male,Car,35,No,No,No,Signal Jumping,Low,1.0
ACC31822,18-08-2022,01:47,Kerala,Thiruvananthapuram,10.0589,76.3649,City Road,Rainy,Night,35,Male,Truck,32,No,No,No,Poor Weather Visibility,Low,1.0
ACC31823,22-03-2022,11:46,Kerala,Ernakulam,10.8986,76.0914,Village Road,Rainy,Day,39,Male,Auto,24,No,No,No,Poor Weather Visibility,Low,1.0
ACC31824,07-05-2023,08:20,Andhra Pradesh,Guntur,15.5292,80.0688,Expressway,Clear,Day,29,Male,Bike,90,No,No,No,Over Speeding,Medium,1.0
ACC31825,20-12-2023,20:42,Telangana,Nizamabad,18.2776,79.1824,State Highway,Clear,Night,30,Male,Car,54,Yes,No,No,Drunk Driving,Low,1.0
ACC31826,01-12-2023,10:47,Kerala,Thrissur,10.4935,76.2498,City Road,Clear,Day,18,Male,Bike,58,Yes,No,No,Drunk Driving,Low,1.0
ACC31827,30-03-2024,18:32,Kerala,Kollam,9.9441,76.8161,National Highway,Cloudy,Dusk,18,Male,Bus,89,Yes,No,No,Over Speeding,High,3.0
ACC31828,16-02-2022,17:27,Karnataka,Hubballi,14.7398,75.7497,Expressway,Rainy,Dusk,18,Female,Auto,72,No,No,No,Poor Weather Visibility,Medium,4.0
ACC31829,10-07-2023,19:17,Telangana,Warangal,18.2605,79.3811,Village Road,Clear,Night,67,Male,Car,33,No,No,No,Poor Weather Visibility,Low,0.0
ACC31830,02-09-2022,08:05,Tamil Nadu,Tiruchirappalli,10.6728,79.1291,National Highway,Rainy,Day,46,Male,Auto,61,No,No,Yes,Poor Weather Visibility,Medium,3.0
ACC31831,23-02-2024,09:10,Andhra Pradesh,Vijayawada,15.8662,79.2198,Village Road,Clear,Day,54,Male,Bike,56,No,No,Yes,Pothole/Bad Road,Medium,1.0
ACC31832,09-12-2023,10:08,Tamil Nadu,Coimbatore,11.3358,78.5021,State Highway,Rainy,Day,21,Male,Bike,68,No,No,No,Poor Weather Visibility,Medium,0.0
ACC31833,14-05-2022,20:54,Kerala,Thrissur,9.5368,75.5053,State Highway,Overcast,Night,18,Male,Car,75,No,Yes,No,Drowsy Driving,High,
ACC31834,26-11-2022,17:07,Karnataka,Hubballi,15.0675,75.8537,Village Road,Overcast,Dusk,45,Male,Auto,60,No,No,Yes,Pothole/Bad Road,Medium,5.0
ACC31835,29-06-2024,11:49,Kerala,Kollam,10.2199,76.3042,State Highway,Clear,Day,23,Male,Car,45,No,No,No,Poor Weather Visibility,Low,0.0
ACC31836,08-12-2022,14:15,Andhra Pradesh,Nellore,15.6202,79.5285,Village Road,Clear,Day,35,Female,Auto,34,No,Yes,No,Drowsy Driving,Low,0.0
ACC31837,13-06-2023,21:05,Tamil Nadu,Madurai,11.7032,78.5124,City Road,Clear,Night,39,Male,Auto,61,Yes,No,No,Drunk Driving,Medium,4.0
ACC31838,04-08-2024,11:29,Tamil Nadu,Madurai,10.8727,77.9285,City Road,Clear,Day,36,Male,Bike,60,Yes,No,No,Drunk Driving,High,9.0
ACC31839,31-07-2023,14:08,Karnataka,Hubballi,15.6829,76.2257,National Highway,Rainy,Day,32,Male,Auto,71,No,No,No,Poor Weather Visibility,Medium,3.0
ACC31840,17-03-2022,23:56,Karnataka,Belagavi,15.7836,76.126,State Highway,Rainy,Night,23,Male,Bike,66,Yes,Yes,Yes,Poor Weather Visibility,High,5.0
ACC31841,28-12-2022,12:08,Tamil Nadu,Chennai,11.2244,79.5912,City Road,Cloudy,Day,28,Female,Car,37,No,No,No,Poor Weather Visibility,Low,3.0
ACC31842,19-03-2023,14:47,Karnataka,Belagavi,15.1987,75.5106,City Road,Rainy,Day,41,Male,Bike,51,No,No,No,Poor Weather Visibility,Low,0.0
ACC31843,29-05-2023,12:55,Andhra Pradesh,Guntur,15.9668,79.9811,National Highway,Cloudy,Day,18,Male,Bike,57,No,No,No,Poor Weather Visibility,Medium,4.0
ACC31844,21-08-2023,13:11,Karnataka,Belagavi,14.9127,75.7737,National Highway,Clear,Day,39,Male,Auto,59,No,No,No,Signal Jumping,Low,0.0
ACC31845,30-07-2024,10:08,Karnataka,Belagavi,15.3559,76.1962,Village Road,Overcast,Day,48,Male,Auto,60,No,No,Yes,Pothole/Bad Road,Low,0.0
ACC31846,23-01-2024,17:15,Telangana,Karimnagar,17.5847,78.9639,City Road,Clear,Dusk,30,Male,Car,61,No,No,No,Signal Jumping,Low,0.0
ACC31847,30-04-2022,18:43,Tamil Nadu,Coimbatore,11.1627,79.1788,State Highway,Clear,Dusk,23,Female,Car,75,No,No,No,Over Speeding,Medium,0.0
ACC31848,09-11-2024,09:12,Telangana,Khammam,18.203,78.9222,Expressway,Clear,Day,25,Male,Bus,75,No,No,No,Over Speeding,Medium,4.0
ACC31849,09-01-2022,18:47,Karnataka,Hubballi,14.6558,75.3539,City Road,Cloudy,Dusk,49,Male,Bike,61,Yes,No,No,Drunk Driving,Medium,0.0
ACC31850,04-01-2023,07:23,Telangana,Khammam,18.4893,79.143,Expressway,Rainy,Day,18,Male,Car,75,No,No,No,Poor Weather Visibility,Medium,8.0
ACC31851,13-09-2022,20:05,Karnataka,Bengaluru Urban,15.1754,75.5907,State Highway,Clear,Night,30,Male,Bus,58,Yes,No,No,Drunk Driving,Medium,5.0
ACC31852,02-08-2024,19:00,Karnataka,Bengaluru Urban,15.0993,75.3671,National Highway,Clear,Night,48,Male,Bike,55,No,No,No,Signal Jumping,Low,0.0
ACC31853,01-12-2023,11:56,Andhra Pradesh,Kurnool,16.4354,80.4713,State Highway,Cloudy,Day,55,Male,Bike,60,No,No,No,Signal Jumping,Medium,
ACC31854,13-07-2023,08:20,Tamil Nadu,Coimbatore,11.2782,78.2287,State Highway,Foggy,Day,64,Male,Bike,79,No,No,No,Poor Weather Visibility,High,8.0
ACC31855,07-11-2023,16:47,Telangana,Warangal,17.8265,78.5812,Expressway,Cloudy,Day,39,Male,Bike,105,No,No,No,Over Speeding,High,7.0
ACC31856,23-09-2023,09:27,Andhra Pradesh,Guntur,15.6137,79.2329,National Highway,Clear,Day,28,Male,Bus,69,No,No,No,Over Speeding,Low,0.0
ACC31857,19-12-2022,06:08,Andhra Pradesh,Kurnool,15.7829,79.8163,City Road,Cloudy,Day,41,Male,Car,56,No,Yes,No,Drowsy Driving,Low,2.0
ACC31858,02-03-2022,20:42,Tamil Nadu,Salem,11.4378,78.1715,Village Road,Clear,Night,26,Male,Car,37,No,No,Yes,Pothole/Bad Road,Low,1.0
ACC31859,09-10-2022,11:12,Andhra Pradesh,Guntur,16.0873,79.669,Village Road,Overcast,Day,37,Male,Car,37,Yes,No,Yes,Drunk Driving,Medium,0.0
ACC31860,25-08-2022,06:02,Karnataka,Bengaluru Urban,15.4382,75.4371,National Highway,Clear,Day,57,Male,Car,53,No,No,No,Poor Weather Visibility,Low,1.0
ACC31861,31-03-2023,20:01,Tamil Nadu,Salem,11.0064,78.4601,City Road,Clear,Night,18,Female,Bike,33,No,Yes,Yes,Drowsy Driving,Low,1.0
ACC31862,27-12-2023,23:26,Tamil Nadu,Tiruchirappalli,11.1081,78.3044,City Road,Clear,Night,29,Male,Bike,64,No,No,No,Signal Jumping,Medium,2.0
ACC31863,29-09-2023,10:21,Karnataka,Mangaluru,15.8119,76.1519,National Highway,Cloudy,Day,39,Female,Bike,52,No,No,No,Signal Jumping,Medium,3.0
ACC31864,12-09-2023,04:02,Telangana,Hyderabad,17.5564,78.3985,Expressway,Rainy,Night,42,Male,Car,77,No,No,Yes,Poor Weather Visibility,High,8.0
ACC31865,16-03-2024,18:47,Andhra Pradesh,Visakhapatnam,16.1985,79.7658,Expressway,Clear,Dusk,31,Male,Auto,66,Yes,No,No,Drunk Driving,Medium,7.0
ACC31866,16-01-2023,17:47,Tamil Nadu,Salem,11.3383,79.1479,City Road,Rainy,Dusk,22,Male,Bike,56,No,No,Yes,Poor Weather Visibility,Medium,5.0
ACC31867,25-10-2024,19:06,Andhra Pradesh,Visakhapatnam,15.7118,79.5858,State Highway,Clear,Night,55,Female,Bike,70,No,No,No,Over Speeding,Medium,1.0
ACC31868,25-10-2024,11:27,Andhra Pradesh,Nellore,15.2618,79.3919,City Road,Clear,Day,56,Male,Bike,42,No,No,No,Signal Jumping,Low,2.0
ACC31869,04-08-2023,18:13,Tamil Nadu,Salem,11.35,78.8656,National Highway,Clear,Dusk,34,Male,Car,65,No,No,No,Over Speeding,Low,0.0
ACC31870,08-03-2022,11:37,Tamil Nadu,Chennai,11.4378,78.3534,State Highway,Clear,Day,18,Male,Car,74,Yes,No,No,Drunk Driving,Medium,4.0
ACC31871,27-02-2022,09:35,Karnataka,Belagavi,15.8852,75.9241,City Road,Clear,Day,48,Male,Auto,51,Yes,No,No,Drunk Driving,Low,1.0
ACC31872,21-07-2024,18:56,Andhra Pradesh,Kurnool,15.3491,80.1282,Village Road,Clear,Dusk,18,Male,Bus,58,Yes,No,No,Drunk Driving,Medium,3.0
ACC31873,15-05-2023,08:15,Tamil Nadu,Madurai,11.0777,79.2777,State Highway,Clear,Day,23,Male,Bike,54,No,No,Yes,Pothole/Bad Road,Medium,2.0
ACC31874,30-04-2022,21:34,Karnataka,Mangaluru,15.5354,75.6435,State Highway,Clear,Night,43,Male,Bike,55,No,No,No,Poor Weather Visibility,Low,0.0
ACC31875,03-07-2022,10:01,Tamil Nadu,Madurai,10.8725,78.1802,State Highway,Clear,Day,47,Male,Bike,92,Yes,No,No,Over Speeding,Medium,2.0
ACC31876,25-05-2022,12:40,Tamil Nadu,Salem,10.7797,79.0103,National Highway,Rainy,Day,45,Male,Bus,55,No,No,No,Poor Weather Visibility,Medium,5.0
ACC31877,25-11-2023,11:16,Tamil Nadu,Coimbatore,11.6794,78.2558,Expressway,Cloudy,Day,44,Male,Bike,73,No,No,No,Over Speeding,Medium,1.0
ACC31878,28-02-2022,00:37,Karnataka,Mysuru,16.195,75.3899,Village Road,Clear,Night,23,Male,Car,61,Yes,Yes,No,Drunk Driving,High,1.0
ACC31879,23-09-2023,04:39,Telangana,Nizamabad,17.8525,78.8547,City Road,Clear,Night,18,Female,Auto,80,Yes,No,No,Drunk Driving,High,4.0
ACC31880,08-08-2024,19:24,Tamil Nadu,Coimbatore,11.0931,79.3119,Village Road,Clear,Night,40,Female,Car,52,No,No,No,Signal Jumping,Low,1.0
ACC31881,01-07-2022,06:54,Kerala,Ernakulam,11.1356,76.2154,Village Road,Clear,Day,66,Male,Car,42,No,No,No,Signal Jumping,Low,2.0
ACC31882,24-07-2024,14:28,Telangana,Nizamabad,18.1824,78.5298,National Highway,Clear,Day,33,Male,Bus,70,No,No,No,Over Speeding,Low,1.0
ACC31883,17-03-2023,03:27,Tamil Nadu,Chennai,11.3121,78.7435,City Road,Clear,Night,41,Female,Auto,60,Yes,No,No,Drunk Driving,High,4.0
ACC31884,02-08-2023,10:55,Karnataka,Belagavi,15.5257,75.6298,City Road,Clear,Day,37,Male,Car,43,No,Yes,Yes,Drowsy Driving,Low,1.0
ACC31885,03-05-2023,19:01,Telangana,Khammam,18.0527,79.155,Village Road,Rainy,Night,33,Male,Car,44,Yes,No,Yes,Poor Weather Visibility,Medium,3.0
ACC31886,03-08-2023,19:54,Andhra Pradesh,Nellore,15.4119,78.844,National Highway,Clear,Night,44,Male,Bike,84,No,No,No,Over Speeding,High,2.0
ACC31887,19-05-2023,06:33,Andhra Pradesh,Guntur,15.554,80.3978,National Highway,Rainy,Day,36,Male,Auto,72,No,No,No,Poor Weather Visibility,Medium,2.0
ACC31888,20-01-2023,21:06,Puducherry,Karaikal,12.583,79.6118,National Highway,Clear,Night,45,Male,Car,71,No,No,No,Over Speeding,Medium,4.0
ACC31889,15-09-2023,16:53,Kerala,Thiruvananthapuram,10.6677,76.5777,State Highway,Rainy,Day,45,Male,Car,70,No,No,No,Poor Weather Visibility,Medium,2.0
ACC31890,23-06-2024,14:22,Karnataka,Bengaluru Urban,15.4737,76.0777,State Highway,Clear,Day,47,Male,Car,70,No,Yes,No,Drowsy Driving,Medium,6.0
ACC31891,21-04-2023,11:34,Tamil Nadu,Coimbatore,10.8225,78.8632,City Road,Clear,Day,42,Female,Car,49,No,No,No,Poor Weather Visibility,Low,1.0
ACC31892,24-12-2022,18:29,Kerala,Ernakulam,10.0513,76.2302,Expressway,Clear,Dusk,45,Male,Auto,87,No,Yes,No,Over Speeding,High,10.0
ACC31893,01-04-2022,11:43,Karnataka,Bengaluru Urban,16.0595,75.0635,National Highway,Clear,Day,31,Female,Bike,78,No,No,No,Over Speeding,Medium,3.0
ACC31894,07-08-2024,22:24,Andhra Pradesh,Guntur,15.7833,79.9467,City Road,Clear,Night,18,Male,Bus,65,Yes,No,No,Drunk Driving,High,8.0
ACC31895,25-05-2023,13:09,Kerala,Thrissur,10.423,76.3072,Village Road,Overcast,Day,44,Female,Bus,39,No,Yes,No,Drowsy Driving,Medium,1.0
ACC31896,14-11-2022,22:41,Puducherry,Puducherry,11.6087,79.3949,Village Road,Cloudy,Night,31,Male,Auto,85,Yes,No,Yes,Drunk Driving,High,2.0
ACC31897,09-12-2023,13:47,Andhra Pradesh,Vijayawada,16.4045,79.3046,State Highway,Cloudy,Day,33,Male,Car,50,No,No,No,Poor Weather Visibility,Medium,1.0
ACC31898,11-04-2022,17:44,Andhra Pradesh,Visakhapatnam,16.6803,80.075,State Highway,Rainy,Dusk,51,Male,Bus,73,No,No,No,Poor Weather Visibility,Medium,2.0
ACC31899,22-10-2023,02:47,Andhra Pradesh,Kurnool,16.5952,79.653,City Road,Overcast,Night,34,Male,Auto,56,No,Yes,No,Drowsy Driving,Medium,6.0
ACC31900,09-04-2022,19:23,Tamil Nadu,Chennai,11.1936,78.7442,City Road,Cloudy,Night,47,Male,Car,39,No,Yes,No,Drowsy Driving,Low,2.0
ACC31901,23-02-2023,15:29,Kerala,Kozhikode,10.4895,76.0299,National Highway,Clear,Day,35,Male,Auto,68,No,No,No,Signal Jumping,Medium,3.0
ACC31902,19-02-2023,12:03,Andhra Pradesh,Vijayawada,16.4467,79.5039,National Highway,Clear,Day,26,Male,Car,71,No,No,No,Over Speeding,Low,1.0
ACC31903,26-04-2023,21:45,Kerala,Thrissur,10.1962,76.2696,National Highway,Cloudy,Night,46,Male,Bus,79,Yes,Yes,No,Drunk Driving,High,9.0
ACC31904,05-04-2022,15:36,Telangana,Khammam,18.1441,79.3383,City Road,Cloudy,Day,44,Male,Auto,57,No,No,No,Poor Weather Visibility,Low,1.0
ACC31905,30-11-2023,09:51,Andhra Pradesh,Nellore,16.2937,79.52,City Road,Cloudy,Day,65,Male,Auto,34,No,No,No,Poor Weather Visibility,Low,1.0
ACC31906,20-11-2022,12:40,Puducherry,Puducherry,12.0822,79.8161,Village Road,Foggy,Day,18,Male,Car,52,Yes,No,Yes,Poor Weather Visibility,Medium,4.0
ACC31907,06-05-2024,04:54,Telangana,Hyderabad,17.5922,79.2621,City Road,Clear,Night,43,Male,Auto,50,No,No,Yes,Pothole/Bad Road,Low,1.0
ACC31908,13-08-2023,19:57,Andhra Pradesh,Kurnool,15.2248,79.5936,State Highway,Cloudy,Night,32,Male,Bike,72,Yes,No,No,Drunk Driving,Medium,2.0
ACC31909,01-01-2022,11:14,Telangana,Khammam,18.5874,78.8974,National Highway,Cloudy,Day,20,Male,Bus,77,No,No,No,Over Speeding,Medium,2.0
ACC31910,07-07-2024,04:40,Tamil Nadu,Salem,11.5019,78.6872,National Highway,Cloudy,Night,48,Male,Car,81,No,Yes,No,Over Speeding,High,4.0
ACC31911,03-08-2022,18:19,Karnataka,Bengaluru Urban,15.0216,75.9471,State Highway,Clear,Dusk,42,Male,Truck,72,No,Yes,No,Drowsy Driving,Medium,6.0
ACC31912,25-03-2024,20:51,Karnataka,Hubballi,15.029,76.3061,Expressway,Foggy,Night,41,Male,Bus,95,No,No,No,Poor Weather Visibility,High,7.0
ACC31913,11-05-2022,13:17,Andhra Pradesh,Kurnool,15.5778,79.9804,City Road,Cloudy,Day,29,Male,Bike,47,No,No,No,Poor Weather Visibility,Low,0.0
ACC31914,18-02-2022,15:26,Kerala,Kozhikode,9.7299,75.9709,Expressway,Foggy,Day,35,Male,Truck,81,No,No,No,Poor Weather Visibility,Medium,0.0
ACC31915,17-07-2024,07:45,Andhra Pradesh,Nellore,15.2428,79.9911,Village Road,Overcast,Day,35,Male,Bike,28,No,No,No,Poor Weather Visibility,Low,1.0
ACC31916,05-12-2023,07:05,Kerala,Ernakulam,10.6107,76.7839,State Highway,Rainy,Day,50,Male,Bike,61,No,No,Yes,Poor Weather Visibility,Medium,6.0
ACC31917,20-11-2023,14:11,Telangana,Nizamabad,18.5735,79.0688,City Road,Clear,Day,47,Male,Car,66,Yes,Yes,No,Drunk Driving,Medium,5.0
ACC31918,07-07-2022,15:43,Karnataka,Hubballi,14.9462,75.5546,State Highway,Cloudy,Day,18,Male,Auto,38,No,No,No,Poor Weather Visibility,Low,2.0
ACC31919,04-01-2022,17:23,Karnataka,Hubballi,14.9366,75.9671,City Road,Rainy,Dusk,18,Male,Auto,53,No,No,Yes,Poor Weather Visibility,Medium,3.0
ACC31920,28-12-2023,20:02,Karnataka,Bengaluru Urban,15.5027,76.2813,City Road,Cloudy,Night,30,Male,Bike,80,Yes,No,No,Drunk Driving,High,6.0
ACC31921,21-08-2022,17:34,Andhra Pradesh,Kurnool,16.118,80.1008,Village Road,Cloudy,Dusk,42,Male,Auto,52,Yes,No,No,Drunk Driving,Medium,3.0
ACC31922,13-12-2024,16:21,Andhra Pradesh,Guntur,16.3387,79.522,National Highway,Overcast,Day,35,Male,Bike,65,No,No,No,Poor Weather Visibility,Low,1.0
ACC31923,21-06-2023,08:02,Karnataka,Hubballi,15.4936,75.3962,Village Road,Rainy,Day,36,Male,Bus,39,No,No,Yes,Poor Weather Visibility,Low,1.0
ACC31924,20-03-2023,08:15,Kerala,Thiruvananthapuram,9.6751,76.3958,State Highway,Clear,Day,52,Male,Bus,50,No,No,No,Signal Jumping,Low,1.0
ACC31925,28-03-2024,08:29,Karnataka,Hubballi,15.2055,75.8412,Expressway,Cloudy,Day,43,Male,Car,83,No,No,No,Over Speeding,Medium,7.0
ACC31926,29-03-2022,08:40,Andhra Pradesh,Kurnool,16.3474,78.8214,State Highway,Cloudy,Day,41,Male,Truck,77,No,No,No,Over Speeding,Medium,0.0
ACC31927,17-03-2024,13:00,Kerala,Kozhikode,10.2099,76.8852,Village Road,Cloudy,Day,58,Female,Car,47,No,Yes,No,Drowsy Driving,Low,0.0
ACC31928,01-12-2022,00:43,Andhra Pradesh,Vijayawada,15.5728,79.9931,Village Road,Overcast,Night,47,Male,Car,48,No,No,Yes,Pothole/Bad Road,Low,1.0
ACC31929,26-03-2022,14:01,Telangana,Khammam,17.6107,79.7125,Village Road,Clear,Day,37,Male,Auto,28,No,No,No,Signal Jumping,Low,1.0
ACC31930,19-11-2022,13:09,Kerala,Kozhikode,10.085,76.1764,City Road,Rainy,Day,41,Male,Bike,60,No,No,Yes,Poor Weather Visibility,Medium,1.0
ACC31931,03-06-2022,17:43,Karnataka,Mysuru,15.5937,75.0902,City Road,Cloudy,Dusk,21,Female,Bike,61,No,No,Yes,Pothole/Bad Road,Medium,4.0
ACC31932,29-12-2022,10:08,Kerala,Kozhikode,10.1676,76.3524,National Highway,Clear,Day,48,Male,Auto,49,No,No,No,Signal Jumping,Low,0.0
ACC31933,02-02-2024,21:11,Karnataka,Bengaluru Urban,14.842,75.9816,City Road,Clear,Night,30,Male,Bike,33,No,No,No,Poor Weather Visibility,Low,0.0
ACC31934,02-08-2022,14:38,Andhra Pradesh,Visakhapatnam,16.3634,79.8273,State Highway,Rainy,Day,49,Female,Auto,75,No,No,Yes,Poor Weather Visibility,High,9.0
ACC31935,11-06-2024,10:47,Karnataka,Bengaluru Urban,15.5568,75.5782,State Highway,Clear,Day,64,Female,Truck,62,No,No,No,Signal Jumping,Low,0.0
ACC31936,08-06-2023,14:53,Tamil Nadu,Chennai,10.6458,78.4271,Expressway,Clear,Day,33,Male,Bike,95,No,Yes,No,Over Speeding,High,
ACC31937,11-12-2024,15:11,Telangana,Hyderabad,17.5279,79.2849,City Road,Cloudy,Day,18,Male,Car,47,No,No,No,Poor Weather Visibility,Low,
ACC31938,12-08-2022,21:40,Andhra Pradesh,Nellore,15.755,79.6258,City Road,Clear,Night,45,Male,Bus,72,No,Yes,No,Drowsy Driving,Medium,5.0
ACC31939,13-09-2022,17:34,Telangana,Karimnagar,18.4346,79.4635,State Highway,Clear,Dusk,32,Male,Car,72,No,No,No,Over Speeding,Low,0.0
ACC31940,13-04-2023,22:21,Andhra Pradesh,Nellore,16.5005,79.5646,City Road,Clear,Night,38,Male,Bike,71,No,No,No,Over Speeding,Medium,0.0
ACC31941,15-01-2023,10:28,Puducherry,Karaikal,12.7775,79.8556,State Highway,Cloudy,Day,34,Male,Bus,64,No,Yes,No,Drowsy Driving,Medium,4.0
ACC31942,04-08-2024,02:59,Kerala,Thiruvananthapuram,10.3611,76.2485,National Highway,Clear,Night,35,Male,Car,65,No,Yes,No,Drowsy Driving,Medium,4.0
ACC31943,15-04-2024,15:05,Telangana,Hyderabad,17.355,78.4587,Village Road,Overcast,Day,41,Male,Auto,39,No,No,Yes,Pothole/Bad Road,Low,1.0
ACC31944,15-09-2023,18:07,Telangana,Hyderabad,18.3769,78.5453,National Highway,Clear,Dusk,36,Male,Bike,63,No,No,No,Over Speeding,Low,1.0
ACC31945,08-10-2023,18:13,Tamil Nadu,Chennai,11.8144,78.9349,National Highway,Cloudy,Dusk,27,Female,Bike,57,Yes,No,No,Drunk Driving,Medium,2.0
ACC31946,22-12-2023,20:40,Andhra Pradesh,Visakhapatnam,15.0942,80.6677,City Road,Overcast,Night,61,Male,Car,57,Yes,Yes,No,Drunk Driving,Medium,2.0
ACC31947,23-07-2024,05:22,Karnataka,Mangaluru,15.0393,75.4392,National Highway,Rainy,Dawn,48,Male,Car,57,No,Yes,Yes,Poor Weather Visibility,Medium,4.0
ACC31948,25-09-2024,14:43,Karnataka,Mysuru,15.7756,75.8472,National Highway,Foggy,Day,18,Male,Truck,59,No,Yes,No,Poor Weather Visibility,High,5.0
ACC31949,09-02-2022,07:21,Kerala,Kozhikode,10.863,75.4837,State Highway,Overcast,Day,35,Female,Bike,56,No,No,No,Poor Weather Visibility,Low,2.0
ACC31950,30-11-2023,12:13,Karnataka,Bengaluru Urban,15.0922,74.3203,National Highway,Clear,Day,42,Male,Auto,74,No,No,No,Over Speeding,Medium,3.0
ACC31951,15-06-2022,00:57,Tamil Nadu,Madurai,11.3619,79.164,City Road,Rainy,Night,22,Male,Bike,71,Yes,No,Yes,Poor Weather Visibility,High,2.0
ACC31952,29-05-2023,05:10,Tamil Nadu,Tiruchirappalli,11.3243,77.7031,Village Road,Clear,Dawn,41,Female,Bike,53,Yes,No,Yes,Drunk Driving,Medium,4.0
ACC31953,28-10-2022,11:06,Tamil Nadu,Madurai,11.2641,77.8127,National Highway,Rainy,Day,49,Male,Truck,66,No,Yes,Yes,Poor Weather Visibility,High,3.0
ACC31954,18-12-2023,19:48,Puducherry,Puducherry,11.5037,80.1057,National Highway,Rainy,Night,37,Male,Bike,86,Yes,No,No,Poor Weather Visibility,High,7.0
ACC31955,31-01-2024,08:05,Kerala,Thrissur,10.034,76.1417,National Highway,Cloudy,Day,38,Male,Auto,81,No,No,Yes,Over Speeding,High,8.0
ACC31956,14-10-2024,14:20,Karnataka,Mangaluru,15.5326,75.3926,State Highway,Overcast,Day,18,Male,Bike,76,Yes,No,No,Drunk Driving,Medium,1.0
ACC31957,04-04-2024,11:09,Telangana,Hyderabad,17.9649,78.834,National Highway,Clear,Day,57,Male,Bike,67,No,No,No,Over Speeding,Medium,2.0
ACC31958,20-03-2024,01:23,Andhra Pradesh,Kurnool,15.1778,79.2502,National Highway,Clear,Night,27,Male,Bike,63,Yes,No,No,Drunk Driving,Medium,2.0
ACC31959,06-05-2023,19:20,Andhra Pradesh,Nellore,15.8075,79.2452,Village Road,Overcast,Night,58,Male,Car,50,Yes,No,No,Drunk Driving,High,7.0
ACC31960,28-12-2022,11:52,Kerala,Kollam,10.4819,76.2985,Expressway,Clear,Day,38,Female,Truck,82,No,No,No,Over Speeding,Medium,2.0
ACC31961,12-11-2022,16:14,Karnataka,Belagavi,16.0458,74.9323,Expressway,Foggy,Day,37,Female,Bike,81,No,No,No,Poor Weather Visibility,High,7.0
ACC31962,15-07-2022,17:14,Kerala,Kollam,10.4474,76.076,Expressway,Clear,Dusk,36,Female,Bike,81,No,No,No,Over Speeding,Medium,1.0
ACC31963,23-12-2023,08:47,Karnataka,Bengaluru Urban,15.2911,75.5722,National Highway,Clear,Day,37,Male,Bus,53,No,No,No,Poor Weather Visibility,Low,0.0
ACC31964,14-11-2022,12:53,Telangana,Karimnagar,17.2753,79.4216,National Highway,Rainy,Day,45,Female,Bike,90,Yes,No,No,Over Speeding,High,4.0
ACC31965,24-03-2022,08:05,Tamil Nadu,Chennai,10.5768,79.4636,Expressway,Clear,Day,18,Male,Car,112,Yes,No,No,Over Speeding,High,4.0
ACC31966,09-09-2024,09:36,Tamil Nadu,Coimbatore,11.1204,77.9348,City Road,Rainy,Day,35,Male,Bus,26,No,No,No,Poor Weather Visibility,Low,
ACC31967,16-01-2023,05:54,Tamil Nadu,Madurai,10.7007,79.1123,City Road,Rainy,Dawn,44,Male,Car,38,No,No,No,Poor Weather Visibility,Low,1.0
ACC31968,14-12-2023,16:50,Tamil Nadu,Coimbatore,10.6527,78.6987,City Road,Clear,Day,30,Female,Auto,35,No,Yes,No,Drowsy Driving,Low,0.0