Accident_ID,Date,Time,State,District,Latitude,Longitude,Road_Type,Weather,Light_Condition,Driver_Age,Driver_Gender,Vehicle_Type,Speed_kmph,Alcohol_Involved,Driver_Drowsy,Pothole_Involved,Cause_of_Accident,Severity,Casualties
ACC31969,17-01-2022,07:00,Andhra Pradesh,Kurnool,16.0386,79.1793,Village Road,Overcast,Day,22,Female,Car,63,Yes,No,No,Drunk Driving,High,7.0
ACC31970,08-10-2022,20:01,Tamil Nadu,Tiruchirappalli,10.8256,78.6573,City Road,Cloudy,Night,36,Female,Car,51,Yes,No,No,Drunk Driving,Low,1.0
ACC31971,02-08-2022,15:06,Tamil Nadu,Coimbatore,11.3428,78.0013,City Road,Cloudy,Day,22,Male,Bike,42,No,No,No,Poor Weather Visibility,Low,0.0
ACC31972,28-07-2024,17:09,Tamil Nadu,Madurai,10.6047,78.2093,State Highway,Overcast,Dusk,30,Male,Bike,60,No,No,No,Poor Weather Visibility,Low,2.0
ACC31973,16-01-2024,22:24,Puducherry,Puducherry,12.344,80.4947,State Highway,Cloudy,Night,38,Male,Car,80,No,Yes,No,Drowsy Driving,High,2.0
ACC31974,18-01-2022,14:20,Karnataka,Mangaluru,15.2964,75.5367,National Highway,Foggy,Day,19,Male,Car,72,No,No,No,Poor Weather Visibility,Medium,3.0
ACC31975,24-08-2024,14:22,Telangana,Hyderabad,18.6929,78.9639,Village Road,Cloudy,Day,39,Male,Car,65,No,No,No,Poor Weather Visibility,Low,0.0
ACC31976,06-12-2022,07:57,Telangana,Khammam,18.3493,79.6061,National Highway,Rainy,Day,18,Male,Auto,73,No,No,No,Poor Weather Visibility,Medium,2.0
ACC31977,29-06-2023,18:42,Tamil Nadu,Tiruchirappalli,11.6304,78.7351,Village Road,Clear,Dusk,37,Female,Car,44,No,No,No,Signal Jumping,Low,1.0
ACC31978,05-03-2022,17:09,Karnataka,Bengaluru Urban,15.8192,75.424,City Road,Clear,Dusk,46,Male,Truck,40,No,No,No,Poor Weather Visibility,Low,1.0
ACC31979,10-06-2024,04:10,Andhra Pradesh,Guntur,15.2401,79.2813,Village Road,Clear,Night,32,Male,Car,30,No,Yes,No,Drowsy Driving,Low,1.0
ACC31980,12-04-2023,14:57,Tamil Nadu,Tiruchirappalli,11.3386,78.5514,City Road,Overcast,Day,35,Male,Auto,56,No,Yes,No,Drowsy Driving,Medium,3.0
ACC31981,02-12-2023,20:22,Andhra Pradesh,Kurnool,16.3889,79.6975,City Road,Clear,Night,25,Male,Bike,58,Yes,Yes,No,Drunk Driving,Medium,3.0
ACC31982,17-11-2023,16:00,Karnataka,Mangaluru,14.4912,75.6885,State Highway,Foggy,Day,35,Female,Bus,55,No,No,No,Poor Weather Visibility,Medium,1.0
ACC31983,19-05-2022,19:04,Andhra Pradesh,Visakhapatnam,15.9289,80.041,State Highway,Cloudy,Night,29,Male,Truck,58,Yes,No,No,Drunk Driving,Medium,2.0
ACC31984,19-08-2022,17:52,Telangana,Nizamabad,17.4805,79.2263,City Road,Overcast,Dusk,32,Male,Auto,28,No,No,Yes,Pothole/Bad Road,Low,1.0
ACC31985,07-11-2023,22:14,Telangana,Nizamabad,17.9163,79.794,City Road,Cloudy,Night,35,Female,Bus,98,Yes,Yes,Yes,Over Speeding,High,5.0
ACC31986,21-12-2022,20:40,Telangana,Nizamabad,18.2107,78.8746,City Road,Cloudy,Night,19,Male,Car,65,Yes,No,No,Drunk Driving,High,2.0
ACC31987,14-03-2023,22:29,Karnataka,Mysuru,15.0316,75.7058,Expressway,Clear,Night,24,Male,Car,98,No,Yes,No,Over Speeding,High,3.0
ACC31988,08-12-2022,17:54,Kerala,Kollam,9.9249,76.2151,National Highway,Clear,Dusk,31,Female,Auto,80,No,No,No,Over Speeding,High,5.0
ACC31989,18-06-2024,18:53,Andhra Pradesh,Nellore,14.8264,80.0678,Village Road,Rainy,Dusk,32,Male,Truck,72,No,No,Yes,Poor Weather Visibility,Medium,2.0
ACC31990,04-12-2023,18:34,Andhra Pradesh,Guntur,16.029,79.3203,City Road,Overcast,Dusk,66,Male,Truck,40,No,No,No,Poor Weather Visibility,Low,0.0
ACC31991,06-04-2024,18:26,Telangana,Karimnagar,17.0207,78.144,City Road,Rainy,Dusk,57,Male,Bike,40,No,No,No,Signal Jumping,Low,0.0
ACC31992,05-02-2023,04:40,Andhra Pradesh,Vijayawada,16.0445,79.0892,City Road,Clear,Night,41,Male,Truck,43,No,No,No,Signal Jumping,Low,0.0
ACC31993,27-03-2022,20:23,Andhra Pradesh,Vijayawada,16.6087,80.1642,Expressway,Clear,Night,53,Male,Bus,131,Yes,No,No,Over Speeding,High,1.0
ACC31994,04-08-2022,22:33,Karnataka,Mangaluru,15.5461,75.2919,City Road,Rainy,Night,39,Male,Bus,64,No,Yes,No,Poor Weather Visibility,Medium,2.0
ACC31995,07-12-2022,13:02,Telangana,Hyderabad,17.472,78.956,Village Road,Cloudy,Day,48,Male,Auto,41,No,Yes,No,Drowsy Driving,Low,0.0
ACC31996,06-12-2023,20:19,Karnataka,Mangaluru,14.8991,75.885,Village Road,Rainy,Night,50,Male,Car,32,No,Yes,Yes,Poor Weather Visibility,Low,1.0
ACC31997,05-11-2022,06:53,Tamil Nadu,Tiruchirappalli,11.7571,79.1425,City Road,Clear,Day,55,Male,Bus,75,Yes,Yes,No,Drunk Driving,Medium,2.0
ACC31998,12-12-2022,08:00,Telangana,Hyderabad,17.4715,78.4136,State Highway,Rainy,Day,55,Male,Car,77,No,No,No,Poor Weather Visibility,Medium,4.0
ACC31999,06-12-2022,15:46,Tamil Nadu,Coimbatore,11.0743,78.5437,Expressway,Clear,Day,32,Male,Bike,72,No,No,No,Over Speeding,Low,3.0
ACC32000,26-07-2024,19:50,Andhra Pradesh,Nellore,16.0278,79.1345,City Road,Clear,Night,42,Male,Bus,74,Yes,Yes,No,Drunk Driving,High,7.0
ACC32001,04-10-2022,11:54,Kerala,Thrissur,10.0159,76.1938,Village Road,Rainy,Day,35,Male,Bike,48,No,Yes,Yes,Poor Weather Visibility,Medium,1.0
ACC32002,03-08-2024,14:37,Karnataka,Mangaluru,15.3789,76.0834,State Highway,Clear,Day,41,Male,Bike,53,No,No,No,Poor Weather Visibility,Low,0.0
ACC32003,22-09-2024,16:42,Kerala,Ernakulam,10.682,76.9689,State Highway,Cloudy,Day,34,Male,Bike,67,No,No,Yes,Pothole/Bad Road,Medium,5.0
ACC32004,12-03-2022,18:27,Telangana,Warangal,17.96,78.6664,Village Road,Rainy,Dusk,31,Male,Car,24,No,No,Yes,Poor Weather Visibility,Low,2.0
ACC32005,02-03-2024,16:02,Telangana,Hyderabad,18.0047,79.1956,Village Road,Cloudy,Day,59,Male,Truck,43,No,No,No,Poor Weather Visibility,Low,0.0
ACC32006,07-04-2022,18:25,Telangana,Nizamabad,18.2342,79.5632,National Highway,Clear,Dusk,29,Male,Bike,95,No,No,No,Over Speeding,Medium,4.0
ACC32007,23-06-2022,16:29,Karnataka,Bengaluru Urban,15.059,75.4317,City Road,Rainy,Day,27,Male,Bike,35,No,No,No,Poor Weather Visibility,Low,0.0
ACC32008,15-11-2022,10:54,Karnataka,Mangaluru,14.5494,75.8843,City Road,Clear,Day,18,Male,Car,39,No,No,No,Poor Weather Visibility,Low,0.0
ACC32009,13-10-2022,05:31,Kerala,Ernakulam,9.9187,76.4363,City Road,Clear,Dawn,18,Male,Bike,31,No,Yes,Yes,Drowsy Driving,Low,1.0
ACC32010,18-08-2022,10:55,Andhra Pradesh,Visakhapatnam,15.6511,80.433,Village Road,Foggy,Day,40,Male,Bike,40,No,Yes,No,Poor Weather Visibility,Low,1.0
ACC32011,15-02-2024,08:48,Kerala,Kollam,10.0543,76.285,City Road,Cloudy,Day,42,Male,Car,69,No,No,No,Poor Weather Visibility,Medium,3.0
ACC32012,21-03-2022,00:07,Karnataka,Bengaluru Urban,15.0919,75.4663,City Road,Clear,Night,31,Male,Bike,40,No,No,No,Signal Jumping,Low,3.0
ACC32013,28-11-2022,16:03,Tamil Nadu,Salem,11.1792,78.0357,City Road,Clear,Day,46,Male,Auto,51,No,No,Yes,Pothole/Bad Road,Low,0.0
ACC32014,13-04-2022,10:19,Tamil Nadu,Chennai,10.4297,78.8794,National Highway,Overcast,Day,58,Male,Bus,79,No,No,Yes,Over Speeding,High,4.0
ACC32015,27-09-2024,15:31,Kerala,Thrissur,10.6096,76.3744,State Highway,Clear,Day,35,Male,Bus,44,No,No,Yes,Pothole/Bad Road,Low,1.0
ACC32016,03-01-2023,09:36,Kerala,Kollam,10.1249,75.6583,City Road,Overcast,Day,35,Female,Bike,57,No,No,No,Poor Weather Visibility,Medium,2.0
ACC32017,25-04-2022,17:34,Telangana,Warangal,17.6044,79.2751,Village Road,Clear,Dusk,36,Female,Auto,46,No,No,Yes,Pothole/Bad Road,Low,0.0
ACC32018,12-07-2023,20:25,Tamil Nadu,Madurai,10.8519,78.6768,City Road,Clear,Night,37,Male,Auto,53,Yes,No,No,Drunk Driving,Medium,0.0
ACC32019,05-12-2024,13:54,Andhra Pradesh,Kurnool,15.8899,78.9306,State Highway,Rainy,Day,68,Male,Bus,49,No,No,No,Poor Weather Visibility,Low,0.0
ACC32020,04-05-2023,07:26,Telangana,Nizamabad,17.6557,79.5602,State Highway,Cloudy,Day,48,Female,Bus,80,Yes,No,No,Drunk Driving,High,5.0
ACC32021,14-07-2023,20:57,Tamil Nadu,Coimbatore,11.509,78.6635,Village Road,Clear,Night,36,Male,Car,46,No,No,Yes,Pothole/Bad Road,Low,0.0
ACC32022,19-07-2023,14:33,Karnataka,Belagavi,14.8375,75.7291,Village Road,Clear,Day,26,Male,Bike,42,Yes,No,Yes,Drunk Driving,Medium,1.0
ACC32023,17-01-2022,04:47,Telangana,Warangal,17.9709,79.48,Village Road,Clear,Night,41,Male,Car,53,No,No,No,Signal Jumping,Low,2.0
ACC32024,03-08-2024,05:46,Karnataka,Bengaluru Urban,15.419,75.8498,City Road,Rainy,Dawn,56,Male,Auto,53,No,No,Yes,Poor Weather Visibility,Medium,3.0
ACC32025,19-12-2024,04:21,Tamil Nadu,Coimbatore,11.1906,79.2047,City Road,Clear,Night,18,Male,Bike,48,Yes,No,Yes,Drunk Driving,High,11.0
ACC32026,30-01-2022,10:51,Karnataka,Mangaluru,14.6406,76.2475,National Highway,Cloudy,Day,47,Male,Bike,68,No,No,No,Poor Weather Visibility,Medium,3.0
ACC32027,21-02-2023,08:18,Tamil Nadu,Tiruchirappalli,11.3134,78.8261,City Road,Overcast,Day,46,Male,Bike,47,No,No,Yes,Pothole/Bad Road,Low,0.0
ACC32028,20-04-2022,00:07,Puducherry,Puducherry,11.6681,79.9278,City Road,Foggy,Night,36,Female,Bike,71,No,Yes,Yes,Poor Weather Visibility,High,6.0
ACC32029,10-12-2024,13:01,Kerala,Thrissur,10.1193,76.5027,State Highway,Clear,Day,43,Male,Truck,66,No,No,No,Over Speeding,Low,0.0
ACC32030,15-03-2023,11:23,Kerala,Thiruvananthapuram,10.4405,76.4259,Village Road,Cloudy,Day,31,Male,Car,46,No,No,Yes,Pothole/Bad Road,Low,2.0
ACC32031,21-12-2024,18:55,Kerala,Kozhikode,10.3935,77.2496,State Highway,Clear,Dusk,18,Male,Truck,72,No,Yes,No,Drowsy Driving,Low,1.0
ACC32032,19-02-2022,11:02,Kerala,Thrissur,10.0889,76.5803,State Highway,Rainy,Day,46,Male,Bus,84,Yes,No,No,Poor Weather Visibility,Medium,2.0
ACC32033,03-06-2024,15:05,Tamil Nadu,Madurai,10.6922,78.0769,State Highway,Overcast,Day,45,Male,Bike,73,Yes,No,No,Drunk Driving,Medium,1.0
ACC32034,03-09-2023,13:56,Puducherry,Karaikal,12.2225,79.5359,National Highway,Rainy,Day,24,Male,Truck,91,No,Yes,No,Over Speeding,High,2.0
ACC32035,17-08-2024,16:14,Andhra Pradesh,Nellore,16.2324,79.5353,City Road,Clear,Day,22,Male,Truck,50,No,No,No,Poor Weather Visibility,Low,0.0
ACC32036,04-05-2022,19:08,Telangana,Hyderabad,17.5727,78.5475,State Highway,Clear,Night,46,Female,Car,64,No,Yes,Yes,Drowsy Driving,Medium,3.0
ACC32037,01-08-2024,19:57,Tamil Nadu,Chennai,11.3469,78.3511,National Highway,Clear,Night,64,Male,Bike,76,No,No,No,Over Speeding,Medium,2.0
ACC32038,29-04-2022,08:15,Telangana,Hyderabad,18.1926,78.8213,National Highway,Clear,Day,30,Male,Bike,83,No,Yes,No,Over Speeding,High,7.0
ACC32039,13-03-2023,18:19,Telangana,Hyderabad,18.1196,79.5102,City Road,Clear,Dusk,31,Female,Auto,60,No,No,Yes,Pothole/Bad Road,Medium,0.0
ACC32040,19-01-2022,14:19,Karnataka,Mangaluru,15.7941,75.5421,City Road,Cloudy,Day,28,Male,Auto,48,No,No,No,Poor Weather Visibility,Low,2.0
ACC32041,10-10-2022,21:36,Kerala,Kozhikode,10.5482,76.4925,City Road,Foggy,Night,31,Female,Bike,52,Yes,No,No,Poor Weather Visibility,High,7.0
ACC32042,18-12-2022,14:22,Karnataka,Hubballi,15.1125,75.7282,Village Road,Clear,Day,35,Female,Car,15,No,No,No,Signal Jumping,Low,3.0
ACC32043,12-10-2023,12:41,Kerala,Kollam,11.2069,75.7831,State Highway,Overcast,Day,20,Female,Truck,54,No,No,No,Poor Weather Visibility,Low,1.0
ACC32044,24-10-2024,22:33,Puducherry,Puducherry,11.8653,79.9264,State Highway,Rainy,Night,36,Male,Car,51,No,Yes,No,Poor Weather Visibility,Medium,5.0
ACC32045,30-11-2024,17:57,Karnataka,Hubballi,14.9668,75.3033,Village Road,Cloudy,Dusk,35,Male,Bike,62,Yes,Yes,Yes,Drunk Driving,High,4.0
ACC32046,07-03-2023,14:32,Andhra Pradesh,Nellore,15.9246,79.1552,City Road,Clear,Day,43,Male,Bike,38,No,No,No,Signal Jumping,Low,1.0
ACC32047,25-02-2023,10:02,Telangana,Nizamabad,18.2807,78.7886,State Highway,Clear,Day,45,Male,Car,54,No,No,Yes,Pothole/Bad Road,Low,
ACC32048,13-11-2022,11:19,Karnataka,Mysuru,15.4543,76.4169,Village Road,Rainy,Day,30,Male,Bus,29,No,No,No,Poor Weather Visibility,Low,1.0
ACC32049,23-04-2023,08:47,Kerala,Thiruvananthapuram,9.8262,76.199,City Road,Clear,Day,18,Male,Car,60,No,No,No,Signal Jumping,Low,0.0
ACC32050,19-01-2024,09:11,Puducherry,Karaikal,11.8041,80.5099,Expressway,Clear,Day,27,Male,Auto,77,No,No,No,Over Speeding,Medium,2.0
ACC32051,15-11-2024,23:17,Andhra Pradesh,Visakhapatnam,15.6938,79.5815,City Road,Rainy,Night,26,Male,Car,52,Yes,No,No,Poor Weather Visibility,Medium,3.0
ACC32052,22-09-2023,20:54,Andhra Pradesh,Guntur,15.5858,79.3246,City Road,Clear,Night,42,Male,Bike,51,Yes,No,No,Signal Jumping,Medium,2.0
ACC32053,12-01-2023,08:15,Tamil Nadu,Madurai,11.6205,78.9113,National Highway,Cloudy,Day,26,Male,Car,74,No,No,Yes,Pothole/Bad Road,Medium,1.0
ACC32054,03-09-2023,08:10,Kerala,Kollam,11.2704,75.9032,Expressway,Clear,Day,42,Male,Bike,101,No,No,No,Over Speeding,High,7.0
ACC32055,15-02-2024,23:05,Karnataka,Mangaluru,14.6483,75.7801,City Road,Overcast,Night,51,Male,Car,46,Yes,No,No,Drunk Driving,Medium,2.0
ACC32056,09-05-2023,22:23,Karnataka,Mangaluru,16.2471,75.4837,City Road,Clear,Night,45,Male,Bike,81,No,No,No,Over Speeding,Medium,3.0
ACC32057,23-07-2022,00:01,Karnataka,Mangaluru,15.4971,75.6804,Expressway,Cloudy,Night,23,Male,Car,107,Yes,No,No,Over Speeding,High,5.0
ACC32058,25-06-2024,08:54,Karnataka,Mysuru,16.0039,76.5972,City Road,Clear,Day,18,Male,Auto,73,Yes,No,No,Drunk Driving,High,4.0
ACC32059,23-05-2022,17:51,Karnataka,Hubballi,15.3735,75.1281,National Highway,Rainy,Dusk,22,Male,Car,66,No,No,Yes,Poor Weather Visibility,High,11.0
ACC32060,10-07-2023,19:08,Kerala,Thiruvananthapuram,9.897,75.8299,City Road,Clear,Night,41,Male,Truck,38,No,No,No,Signal Jumping,Low,0.0
ACC32061,18-03-2022,14:12,Karnataka,Hubballi,15.4439,75.7522,City Road,Rainy,Day,27,Male,Car,41,No,No,No,Poor Weather Visibility,Low,0.0
ACC32062,26-09-2023,09:33,Tamil Nadu,Coimbatore,11.4907,78.875,Expressway,Clear,Day,48,Male,Bus,88,No,No,No,Over Speeding,Medium,
ACC32063,09-01-2022,19:20,Telangana,Karimnagar,18.3224,78.1531,National Highway,Clear,Night,45,Male,Bike,75,No,No,No,Over Speeding,Medium,4.0
ACC32064,26-07-2022,12:58,Telangana,Karimnagar,17.7088,79.3075,Expressway,Clear,Day,39,Female,Car,94,No,No,Yes,Over Speeding,High,2.0
ACC32065,29-06-2024,21:33,Andhra Pradesh,Vijayawada,16.4768,80.1214,Village Road,Clear,Night,45,Female,Auto,19,No,No,No,Poor Weather Visibility,Low,0.0
ACC32066,05-05-2022,04:23,Andhra Pradesh,Nellore,15.6587,79.156,National Highway,Clear,Night,54,Male,Bus,77,No,No,No,Over Speeding,Medium,3.0
ACC32067,26-01-2022,22:53,Puducherry,Karaikal,11.7105,79.8573,City Road,Clear,Night,29,Male,Car,48,No,No,No,Poor Weather Visibility,Low,1.0
ACC32068,22-11-2024,20:29,Tamil Nadu,Madurai,11.3473,78.8778,Village Road,Overcast,Night,27,Male,Car,15,No,Yes,Yes,Drowsy Driving,Low,0.0
ACC32069,12-07-2023,16:02,Telangana,Nizamabad,18.7084,79.2512,National Highway,Clear,Day,40,Male,Auto,87,No,No,No,Over Speeding,Medium,2.0
ACC32070,24-03-2022,11:16,Tamil Nadu,Salem,11.5313,78.3382,State Highway,Clear,Day,28,Male,Truck,52,No,No,No,Poor Weather Visibility,Low,
ACC32071,14-11-2022,00:56,Tamil Nadu,Tiruchirappalli,10.9221,78.3279,State Highway,Clear,Night,18,Male,Car,62,No,No,No,Over Speeding,Low,1.0
ACC32072,04-09-2024,16:21,Tamil Nadu,Coimbatore,11.4395,78.3766,Expressway,Overcast,Day,75,Male,Bike,121,Yes,No,Yes,Over Speeding,High,6.0
ACC32073,12-05-2022,17:39,Andhra Pradesh,Vijayawada,15.9622,80.3947,State Highway,Cloudy,Dusk,24,Male,Car,47,No,No,No,Signal Jumping,Low,0.0
ACC32074,21-03-2023,18:28,Andhra Pradesh,Kurnool,15.8119,79.7812,City Road,Overcast,Dusk,26,Male,Auto,32,No,No,No,Poor Weather Visibility,Low,0.0
ACC32075,26-09-2024,12:06,Tamil Nadu,Tiruchirappalli,10.1459,79.5869,State Highway,Clear,Day,32,Male,Truck,62,No,Yes,No,Drowsy Driving,Medium,5.0
ACC32076,11-09-2023,05:08,Kerala,Thrissur,10.2417,76.2586,City Road,Clear,Dawn,67,Male,Auto,52,No,No,Yes,Pothole/Bad Road,Low,3.0
ACC32077,01-09-2024,06:22,Karnataka,Bengaluru Urban,15.2645,74.9613,Expressway,Clear,Day,22,Male,Car,75,No,No,No,Over Speeding,Medium,
ACC32078,26-01-2022,13:06,Kerala,Thrissur,10.5798,76.1675,National Highway,Clear,Day,39,Female,Auto,61,No,No,No,Signal Jumping,Medium,
ACC32079,15-04-2023,11:07,Kerala,Kollam,10.1969,75.2103,City Road,Clear,Day,30,Male,Auto,51,No,No,No,Poor Weather Visibility,Low,1.0
ACC32080,19-12-2023,18:56,Telangana,Nizamabad,18.0935,78.8456,City Road,Clear,Dusk,39,Male,Auto,54,No,No,No,Signal Jumping,Medium,1.0
ACC32081,11-12-2024,13:47,Tamil Nadu,Madurai,11.5812,79.2367,Village Road,Cloudy,Day,33,Female,Auto,28,No,No,No,Poor Weather Visibility,Low,1.0
ACC32082,16-03-2023,22:30,Andhra Pradesh,Kurnool,16.031,79.9976,State Highway,Clear,Night,28,Female,Bike,60,No,No,No,Over Speeding,Low,0.0
ACC32083,28-12-2022,12:31,Kerala,Kollam,10.042,75.9661,National Highway,Rainy,Day,35,Male,Bike,92,No,No,No,Over Speeding,High,4.0
ACC32084,09-04-2022,06:08,Karnataka,Bengaluru Urban,16.0396,75.3081,City Road,Cloudy,Day,39,Male,Bus,60,No,Yes,Yes,Signal Jumping,Medium,2.0
ACC32085,29-06-2024,20:29,Andhra Pradesh,Visakhapatnam,15.9908,79.6129,State Highway,Cloudy,Night,29,Female,Bike,70,Yes,Yes,No,Drunk Driving,High,3.0
ACC32086,20-01-2022,18:21,Karnataka,Hubballi,15.4068,76.0591,National Highway,Overcast,Dusk,34,Male,Auto,57,No,No,No,Poor Weather Visibility,Medium,1.0
ACC32087,10-02-2022,18:40,Tamil Nadu,Madurai,10.6046,78.6998,State Highway,Rainy,Dusk,22,Male,Car,49,No,No,No,Poor Weather Visibility,Low,1.0
ACC32088,23-03-2023,06:32,Andhra Pradesh,Vijayawada,15.3165,79.764,City Road,Clear,Day,31,Male,Bike,29,No,No,No,Signal Jumping,Low,3.0
ACC32089,11-06-2024,17:02,Karnataka,Mysuru,14.9961,75.537,Expressway,Cloudy,Dusk,52,Male,Bus,96,No,No,No,Over Speeding,Medium,3.0
ACC32090,13-01-2023,18:30,Karnataka,Belagavi,14.9808,75.8078,State Highway,Clear,Dusk,44,Female,Bike,59,No,No,No,Signal Jumping,Low,3.0
ACC32091,23-11-2024,09:30,Karnataka,Bengaluru Urban,14.6276,75.8341,City Road,Rainy,Day,27,Male,Car,45,Yes,No,Yes,Poor Weather Visibility,Medium,1.0
ACC32092,21-08-2022,19:19,Karnataka,Mangaluru,16.1107,75.1178,Village Road,Clear,Night,27,Male,Bike,42,Yes,No,Yes,Drunk Driving,Medium,2.0
ACC32093,22-10-2023,09:34,Karnataka,Mysuru,15.9761,75.5551,Village Road,Overcast,Day,31,Male,Car,70,Yes,No,No,Drunk Driving,Medium,1.0
ACC32094,26-06-2022,06:04,Tamil Nadu,Coimbatore,10.8039,78.8949,State Highway,Rainy,Day,48,Female,Bike,61,No,No,Yes,Poor Weather Visibility,Medium,
ACC32095,02-12-2024,11:07,Andhra Pradesh,Kurnool,15.6353,79.0168,City Road,Clear,Day,42,Male,Car,50,No,No,No,Poor Weather Visibility,Low,0.0
ACC32096,10-01-2024,20:14,Andhra Pradesh,Nellore,15.3566,79.8032,Village Road,Foggy,Night,18,Male,Bike,46,Yes,No,Yes,Poor Weather Visibility,High,3.0
ACC32097,26-06-2023,23:11,Kerala,Kollam,10.3552,76.4475,City Road,Clear,Night,40,Female,Bike,35,No,No,No,Signal Jumping,Low,2.0
ACC32098,03-07-2022,08:09,Tamil Nadu,Salem,10.8288,78.3535,State Highway,Overcast,Day,29,Male,Bus,67,Yes,No,Yes,Drunk Driving,Medium,3.0
ACC32099,10-08-2023,02:03,Puducherry,Puducherry,12.2015,80.37,State Highway,Rainy,Night,44,Female,Bike,72,Yes,No,No,Poor Weather Visibility,High,8.0
ACC32100,11-12-2023,19:40,Telangana,Nizamabad,18.3303,78.8153,City Road,Clear,Night,19,Male,Bike,43,No,Yes,No,Drowsy Driving,Medium,5.0
ACC32101,23-09-2022,03:30,Kerala,Thrissur,10.0208,76.7813,Village Road,Clear,Night,61,Male,Truck,52,Yes,No,Yes,Drunk Driving,Medium,1.0
ACC32102,30-08-2024,15:13,Telangana,Hyderabad,18.148,78.4701,Expressway,Cloudy,Day,51,Male,Car,69,No,No,No,Poor Weather Visibility,Low,1.0
ACC32103,17-08-2022,06:41,Tamil Nadu,Tiruchirappalli,11.3891,78.7355,Village Road,Rainy,Day,29,Male,Car,39,No,No,Yes,Poor Weather Visibility,Low,1.0
ACC32104,18-04-2022,15:15,Telangana,Warangal,17.9866,78.6155,City Road,Clear,Day,26,Male,Truck,61,Yes,No,No,Drunk Driving,Medium,7.0
ACC32105,12-12-2022,11:54,Karnataka,Mangaluru,15.1549,75.4724,City Road,Clear,Day,28,Male,Car,50,No,No,No,Poor Weather Visibility,Low,0.0
ACC32106,23-09-2024,08:08,Andhra Pradesh,Kurnool,16.2238,80.1153,Village Road,Overcast,Day,60,Male,Bus,35,No,No,Yes,Pothole/Bad Road,Low,0.0
ACC32107,19-10-2024,09:47,Puducherry,Karaikal,12.4193,79.5044,State Highway,Clear,Day,46,Male,Truck,48,No,No,No,Poor Weather Visibility,Low,4.0
ACC32108,16-03-2022,03:09,Telangana,Khammam,17.9212,78.3496,National Highway,Cloudy,Night,31,Male,Car,58,Yes,No,No,Drunk Driving,Low,
ACC32109,05-07-2022,21:47,Andhra Pradesh,Nellore,15.5583,78.9806,City Road,Clear,Night,42,Male,Bike,41,No,No,No,Signal Jumping,Low,1.0
ACC32110,29-06-2022,21:54,Andhra Pradesh,Kurnool,15.3279,79.5632,Expressway,Clear,Night,36,Female,Bike,77,No,No,No,Over Speeding,Medium,0.0
ACC32111,04-10-2023,19:29,Andhra Pradesh,Visakhapatnam,16.0889,79.4897,National Highway,Clear,Night,34,Male,Car,64,Yes,No,No,Drunk Driving,Medium,5.0
ACC32112,23-02-2023,22:29,Kerala,Thrissur,11.0271,76.7017,National Highway,Clear,Night,41,Female,Bike,64,No,No,No,Signal Jumping,Medium,3.0
ACC32113,28-04-2023,20:43,Tamil Nadu,Madurai,11.3847,78.2769,City Road,Clear,Night,37,Female,Car,38,No,No,No,Signal Jumping,Low,0.0
ACC32114,07-06-2023,14:41,Karnataka,Belagavi,14.9382,75.9285,City Road,Overcast,Day,30,Male,Bike,31,No,No,No,Poor Weather Visibility,Low,3.0
ACC32115,06-04-2023,18:26,Tamil Nadu,Coimbatore,11.2086,78.5724,State Highway,Clear,Dusk,43,Male,Bike,79,No,No,No,Over Speeding,Medium,2.0
ACC32116,26-09-2023,13:00,Telangana,Karimnagar,17.8707,79.096,City Road,Clear,Day,40,Male,Auto,44,No,No,No,Poor Weather Visibility,Low,
ACC32117,03-02-2024,16:37,Andhra Pradesh,Nellore,16.2062,79.8902,City Road,Clear,Day,20,Male,Car,52,Yes,Yes,No,Drunk Driving,Medium,3.0
ACC32118,11-03-2022,10:59,Telangana,Nizamabad,17.9448,79.3747,State Highway,Cloudy,Day,29,Male,Truck,55,No,No,No,Signal Jumping,Low,2.0
ACC32119,29-04-2024,07:19,Kerala,Kozhikode,10.5247,76.2273,Village Road,Overcast,Day,48,Female,Auto,27,No,No,Yes,Pothole/Bad Road,Low,0.0
ACC32120,26-11-2023,02:47,Tamil Nadu,Chennai,10.4677,79.0566,National Highway,Cloudy,Night,18,Male,Bike,87,No,No,No,Over Speeding,High,5.0
ACC32121,07-11-2022,14:51,Karnataka,Mangaluru,14.647,75.477,National Highway,Cloudy,Day,48,Male,Bike,71,No,No,No,Poor Weather Visibility,Low,2.0
ACC32122,25-12-2022,22:13,Kerala,Thiruvananthapuram,9.7639,77.3065,City Road,Clear,Night,22,Male,Truck,54,Yes,Yes,No,Drunk Driving,Medium,4.0
ACC32123,20-05-2022,12:26,Telangana,Hyderabad,17.5942,79.0822,Village Road,Clear,Day,36,Male,Car,27,No,No,No,Signal Jumping,Low,1.0
ACC32124,06-04-2023,00:15,Kerala,Thrissur,9.9852,75.9707,City Road,Clear,Night,56,Female,Car,72,Yes,Yes,Yes,Drunk Driving,High,5.0
ACC32125,16-12-2024,13:44,Karnataka,Hubballi,15.3767,75.196,National Highway,Cloudy,Day,37,Male,Car,74,No,No,No,Over Speeding,Medium,2.0
ACC32126,18-08-2022,16:40,Telangana,Nizamabad,17.9348,78.8059,State Highway,Foggy,Day,18,Male,Car,52,No,No,No,Poor Weather Visibility,Low,