Accident_ID,Date,Time,State,District,Latitude,Longitude,Road_Type,Weather,Light_Condition,Driver_Age,Driver_Gender,Vehicle_Type,Speed_kmph,Alcohol_Involved,Driver_Drowsy,Pothole_Involved,Cause_of_Accident,Severity,Casualties
ACC32127,01-11-2023,20:27,Karnataka,Belagavi,15.6013,75.611,State Highway,Rainy,Night,29,Male,Bike,67,Yes,No,Yes,Poor Weather Visibility,High,8.0
ACC32128,03-11-2023,15:53,Andhra Pradesh,Visakhapatnam,15.4875,79.7192,Village Road,Rainy,Day,34,Male,Bus,49,No,No,No,Poor Weather Visibility,Low,3.0
ACC32129,07-01-2022,14:50,Kerala,Kollam,11.2736,76.3339,State Highway,Clear,Day,41,Male,Car,74,No,No,No,Over Speeding,Low,0.0
ACC32130,16-04-2022,11:57,Telangana,Warangal,17.7644,78.6733,Expressway,Clear,Day,33,Male,Bus,74,No,No,No,Over Speeding,Medium,1.0
ACC32131,01-07-2023,09:16,Karnataka,Hubballi,15.6118,75.9614,State Highway,Clear,Day,29,Male,Bike,68,No,No,No,Over Speeding,Low,1.0
ACC32132,25-09-2022,20:46,Tamil Nadu,Coimbatore,10.7791,78.9675,Village Road,Rainy,Night,44,Male,Bike,54,No,No,Yes,Poor Weather Visibility,Medium,2.0
ACC32133,06-12-2023,07:02,Karnataka,Mangaluru,15.1581,75.5063,National Highway,Rainy,Day,33,Male,Car,67,Yes,No,No,Poor Weather Visibility,Medium,7.0
ACC32134,24-06-2023,18:38,Telangana,Nizamabad,17.6434,79.1074,Village Road,Foggy,Dusk,36,Male,Truck,50,No,No,Yes,Poor Weather Visibility,Medium,1.0
ACC32135,11-11-2023,17:50,Puducherry,Karaikal,11.1327,79.8699,City Road,Clear,Dusk,39,Male,Car,67,Yes,No,Yes,Drunk Driving,Medium,2.0
ACC32136,01-03-2024,21:42,Kerala,Thiruvananthapuram,10.3004,76.6095,State Highway,Rainy,Night,21,Male,Truck,75,Yes,No,Yes,Poor Weather Visibility,High,5.0
ACC32137,27-09-2022,08:47,Tamil Nadu,Chennai,11.7209,78.0272,Village Road,Clear,Day,22,Male,Car,43,No,No,No,Signal Jumping,Low,1.0
ACC32138,26-08-2022,15:23,Karnataka,Mangaluru,15.6993,76.6638,Expressway,Cloudy,Day,30,Male,Car,70,No,No,No,Poor Weather Visibility,Medium,
ACC32139,23-08-2024,15:11,Telangana,Khammam,17.2958,79.0111,National Highway,Clear,Day,52,Male,Car,94,Yes,No,Yes,Over Speeding,Medium,3.0
ACC32140,12-03-2024,08:09,Kerala,Kozhikode,11.1697,76.6057,National Highway,Clear,Day,18,Male,Bike,76,Yes,No,No,Drunk Driving,Medium,0.0
ACC32141,04-08-2022,19:03,Telangana,Nizamabad,18.2473,78.5761,Village Road,Overcast,Night,33,Male,Bike,28,No,No,No,Poor Weather Visibility,Low,1.0
ACC32142,31-01-2024,14:57,Karnataka,Hubballi,15.5827,75.3321,City Road,Cloudy,Day,39,Male,Bike,51,No,No,No,Poor Weather Visibility,Low,3.0
ACC32143,25-03-2023,13:09,Telangana,Hyderabad,17.5349,78.3249,Village Road,Cloudy,Day,21,Female,Car,68,Yes,No,No,Drunk Driving,Medium,4.0
ACC32144,20-10-2023,17:57,Tamil Nadu,Salem,11.7198,78.5372,Expressway,Clear,Dusk,41,Female,Car,89,No,No,No,Over Speeding,Medium,2.0
ACC32145,23-04-2022,10:09,Andhra Pradesh,Nellore,15.9275,79.4926,City Road,Overcast,Day,52,Male,Car,34,No,No,No,Poor Weather Visibility,Low,0.0
ACC32146,09-12-2022,14:29,Andhra Pradesh,Vijayawada,16.6477,80.1327,City Road,Rainy,Day,46,Male,Bike,38,No,No,No,Poor Weather Visibility,Low,1.0
ACC32147,22-10-2023,15:00,Kerala,Thiruvananthapuram,10.3563,76.492,Village Road,Clear,Day,40,Male,Car,53,No,No,Yes,Pothole/Bad Road,Low,0.0
ACC32148,05-10-2024,15:39,Tamil Nadu,Tiruchirappalli,11.6243,79.1117,National Highway,Cloudy,Day,49,Male,Car,64,No,No,No,Poor Weather Visibility,Medium,1.0
ACC32149,06-08-2022,00:34,Karnataka,Hubballi,15.5428,75.7086,State Highway,Rainy,Night,67,Male,Bike,35,No,No,No,Poor Weather Visibility,Low,1.0
ACC32150,27-09-2024,12:00,Karnataka,Bengaluru Urban,15.4927,75.687,Expressway,Clear,Day,46,Male,Bike,91,No,No,No,Over Speeding,Medium,4.0
ACC32151,28-05-2024,08:36,Telangana,Hyderabad,17.939,79.087,Village Road,Clear,Day,25,Male,Bike,44,No,No,No,Signal Jumping,Low,0.0
ACC32152,31-07-2023,15:19,Kerala,Thiruvananthapuram,10.7248,76.154,City Road,Overcast,Day,26,Male,Bus,67,No,No,Yes,Pothole/Bad Road,Medium,1.0
ACC32153,21-10-2022,23:04,Karnataka,Bengaluru Urban,14.9475,75.9524,National Highway,Cloudy,Night,41,Female,Car,62,No,No,No,Poor Weather Visibility,Low,3.0
ACC32154,17-08-2023,08:01,Tamil Nadu,Salem,10.9212,79.1555,City Road,Clear,Day,25,Female,Bike,38,No,No,Yes,Pothole/Bad Road,Low,0.0
ACC32155,13-02-2024,19:28,Tamil Nadu,Tiruchirappalli,11.0333,77.9965,Village Road,Rainy,Night,41,Female,Bike,37,No,No,Yes,Poor Weather Visibility,Medium,3.0
ACC32156,12-03-2024,12:50,Kerala,Thiruvananthapuram,11.4186,76.1773,City Road,Rainy,Day,37,Female,Bike,59,No,No,No,Poor Weather Visibility,Medium,3.0
ACC32157,28-02-2022,02:33,Tamil Nadu,Coimbatore,10.8656,79.0439,National Highway,Clear,Night,36,Male,Car,89,Yes,Yes,No,Over Speeding,High,12.0
ACC32158,17-01-2022,19:10,Karnataka,Hubballi,14.8059,75.8135,National Highway,Clear,Night,21,Male,Bus,88,Yes,Yes,No,Over Speeding,High,9.0
ACC32159,20-06-2023,07:28,Kerala,Kozhikode,10.5719,77.1806,National Highway,Clear,Day,28,Male,Bike,62,No,No,No,Over Speeding,Medium,5.0
ACC32160,20-10-2022,00:41,Karnataka,Mangaluru,15.9484,75.5192,National Highway,Overcast,Night,29,Male,Bike,72,No,No,Yes,Pothole/Bad Road,High,8.0
ACC32161,18-04-2024,23:32,Tamil Nadu,Salem,11.4628,78.2902,Village Road,Cloudy,Night,49,Male,Car,40,No,No,Yes,Pothole/Bad Road,Low,1.0
ACC32162,31-05-2023,19:49,Andhra Pradesh,Vijayawada,15.9533,79.9905,Expressway,Cloudy,Night,34,Male,Auto,99,Yes,Yes,No,Over Speeding,High,8.0
ACC32163,11-11-2023,05:10,Telangana,Nizamabad,17.7517,78.9357,National Highway,Clear,Dawn,35,Male,Bike,66,No,Yes,No,Drowsy Driving,Medium,
ACC32164,04-06-2023,11:16,Kerala,Kozhikode,10.7262,76.3142,National Highway,Clear,Day,40,Male,Truck,90,Yes,No,No,Over Speeding,High,
ACC32165,06-07-2023,07:51,Andhra Pradesh,Vijayawada,16.1736,79.4557,State Highway,Foggy,Day,30,Male,Car,40,No,No,No,Poor Weather Visibility,Low,0.0
ACC32166,06-07-2024,11:14,Karnataka,Bengaluru Urban,15.3667,76.0305,State Highway,Cloudy,Day,43,Male,Car,56,No,No,Yes,Pothole/Bad Road,Low,1.0
ACC32167,09-10-2023,07:36,Kerala,Thrissur,10.6645,75.7402,City Road,Clear,Day,35,Male,Bike,53,No,No,Yes,Pothole/Bad Road,Low,2.0
ACC32168,26-02-2024,11:29,Tamil Nadu,Chennai,11.0514,78.7863,City Road,Clear,Day,39,Male,Bike,46,No,No,No,Signal Jumping,Low,1.0
ACC32169,02-12-2024,18:39,Kerala,Thrissur,9.4456,76.2049,City Road,Cloudy,Dusk,26,Male,Car,57,No,No,No,Poor Weather Visibility,Low,4.0
ACC32170,12-12-2022,11:25,Telangana,Hyderabad,18.736,80.0824,City Road,Clear,Day,51,Male,Car,68,No,No,No,Signal Jumping,Low,1.0
ACC32171,26-08-2022,06:12,Kerala,Ernakulam,10.1859,76.6414,Village Road,Overcast,Day,66,Female,Truck,59,No,Yes,Yes,Drowsy Driving,Medium,2.0
ACC32172,23-01-2023,08:26,Karnataka,Mysuru,15.5842,75.0105,City Road,Foggy,Day,44,Male,Car,41,No,No,No,Poor Weather Visibility,Low,0.0
ACC32173,05-07-2023,12:49,Kerala,Thiruvananthapuram,10.5416,76.1044,National Highway,Foggy,Day,18,Male,Bike,70,No,No,No,Poor Weather Visibility,High,7.0
ACC32174,22-09-2023,11:03,Kerala,Kollam,10.008,76.1482,City Road,Clear,Day,48,Male,Auto,42,No,No,No,Signal Jumping,Low,4.0
ACC32175,03-07-2024,18:51,Andhra Pradesh,Visakhapatnam,16.4259,79.3286,National Highway,Cloudy,Dusk,37,Male,Car,71,No,No,No,Poor Weather Visibility,Medium,0.0
ACC32176,20-11-2024,11:33,Telangana,Hyderabad,18.4848,78.7922,Expressway,Rainy,Day,44,Female,Truck,104,No,No,No,Over Speeding,High,4.0
ACC32177,30-06-2023,21:00,Karnataka,Mysuru,14.8593,75.4192,Village Road,Clear,Night,48,Male,Bike,50,No,No,No,Signal Jumping,Low,2.0
ACC32178,09-03-2024,11:33,Kerala,Kollam,10.2596,76.2195,National Highway,Rainy,Day,18,Male,Truck,71,No,No,No,Poor Weather Visibility,Low,1.0
ACC32179,30-08-2024,08:23,Telangana,Karimnagar,17.8573,78.914,City Road,Rainy,Day,52,Male,Car,54,No,No,No,Poor Weather Visibility,Low,2.0
ACC32180,12-02-2022,14:05,Telangana,Karimnagar,18.4334,78.9271,National Highway,Overcast,Day,53,Male,Bus,53,No,No,No,Poor Weather Visibility,Low,1.0
ACC32181,25-09-2022,08:43,Tamil Nadu,Tiruchirappalli,11.4503,78.9467,State Highway,Cloudy,Day,50,Male,Bike,58,No,Yes,No,Drowsy Driving,Low,2.0
ACC32182,15-01-2024,12:17,Telangana,Karimnagar,18.0022,79.4181,City Road,Cloudy,Day,31,Male,Bike,32,No,No,No,Poor Weather Visibility,Low,3.0
ACC32183,19-12-2024,10:10,Andhra Pradesh,Guntur,16.1146,79.3983,City Road,Rainy,Day,31,Male,Truck,51,No,No,No,Poor Weather Visibility,Low,1.0
ACC32184,21-08-2022,14:33,Telangana,Khammam,18.0572,79.6144,State Highway,Cloudy,Day,44,Male,Bike,53,No,No,No,Poor Weather Visibility,Low,0.0
ACC32185,31-08-2023,20:33,Telangana,Warangal,17.5588,79.5441,Village Road,Foggy,Night,37,Male,Car,33,Yes,No,No,Poor Weather Visibility,Medium,1.0
ACC32186,13-06-2023,18:04,Tamil Nadu,Coimbatore,11.7037,78.3559,Village Road,Foggy,Dusk,38,Male,Car,34,No,No,No,Poor Weather Visibility,Low,1.0
ACC32187,28-02-2022,08:54,Telangana,Nizamabad,17.9882,78.5688,City Road,Clear,Day,27,Male,Car,35,No,No,Yes,Pothole/Bad Road,Low,0.0
ACC32188,11-02-2022,13:17,Kerala,Kollam,10.0086,75.6364,National Highway,Clear,Day,42,Female,Bike,68,No,No,No,Over Speeding,Medium,3.0
ACC32189,12-05-2023,14:24,Tamil Nadu,Salem,11.04,78.8136,Village Road,Clear,Day,34,Female,Bike,25,No,No,No,Signal Jumping,Low,0.0
ACC32190,12-05-2022,14:53,Kerala,Ernakulam,10.7736,76.5885,State Highway,Clear,Day,59,Male,Truck,59,No,No,Yes,Pothole/Bad Road,Low,2.0
ACC32191,27-04-2024,18:36,Andhra Pradesh,Nellore,16.3751,80.318,National Highway,Clear,Dusk,43,Male,Bike,48,No,No,No,Signal Jumping,Low,
ACC32192,17-01-2022,02:56,Andhra Pradesh,Kurnool,16.314,79.411,Village Road,Rainy,Night,58,Male,Bike,38,No,No,Yes,Poor Weather Visibility,Medium,3.0
ACC32193,05-01-2023,08:59,Kerala,Thrissur,9.8809,75.879,City Road,Cloudy,Day,24,Male,Bike,45,No,No,No,Poor Weather Visibility,Low,1.0
ACC32194,03-05-2024,10:18,Andhra Pradesh,Guntur,16.1584,79.5133,Expressway,Overcast,Day,38,Female,Car,97,No,No,No,Over Speeding,High,6.0
ACC32195,26-08-2022,17:58,Kerala,Thrissur,10.0479,76.591,State Highway,Rainy,Dusk,63,Male,Bike,55,No,No,No,Poor Weather Visibility,Medium,1.0
ACC32196,12-07-2024,04:26,Karnataka,Bengaluru Urban,15.2767,75.3741,Village Road,Cloudy,Night,18,Male,Bus,45,No,Yes,Yes,Drowsy Driving,High,4.0
ACC32197,07-02-2023,22:08,Telangana,Warangal,18.6617,79.3665,City Road,Overcast,Night,27,Male,Car,57,Yes,No,No,Drunk Driving,Medium,1.0
ACC32198,28-05-2024,13:54,Telangana,Hyderabad,17.862,78.8082,Village Road,Clear,Day,26,Male,Truck,49,No,Yes,No,Drowsy Driving,Low,2.0
ACC32199,11-10-2023,20:33,Telangana,Nizamabad,18.1699,78.6436,State Highway,Foggy,Night,29,Male,Bike,76,No,No,No,Poor Weather Visibility,High,6.0
ACC32200,20-10-2022,11:32,Kerala,Kozhikode,10.352,76.7446,City Road,Clear,Day,30,Male,Car,59,No,No,No,Signal Jumping,Low,1.0
ACC32201,23-10-2024,17:54,Karnataka,Hubballi,16.17,74.56,National Highway,Cloudy,Dusk,30,Male,Truck,66,No,No,Yes,Pothole/Bad Road,High,4.0
ACC32202,05-08-2024,15:29,Andhra Pradesh,Kurnool,15.8824,79.3808,City Road,Rainy,Day,52,Male,Bus,70,No,Yes,No,Poor Weather Visibility,Medium,5.0
ACC32203,25-04-2024,20:44,Kerala,Kozhikode,9.8511,75.9626,City Road,Clear,Night,35,Male,Car,70,Yes,No,No,Drunk Driving,Medium,2.0
ACC32204,01-08-2023,19:44,Karnataka,Bengaluru Urban,15.5126,75.1012,Village Road,Cloudy,Night,44,Male,Car,73,Yes,Yes,No,Drunk Driving,High,8.0
ACC32205,26-06-2022,18:33,Tamil Nadu,Salem,10.5219,78.7317,State Highway,Rainy,Dusk,37,Female,Car,63,No,No,Yes,Poor Weather Visibility,Medium,1.0
ACC32206,01-11-2022,09:25,Kerala,Kozhikode,10.2879,76.0895,City Road,Overcast,Day,48,Female,Car,46,No,No,No,Poor Weather Visibility,Low,0.0
ACC32207,15-10-2022,19:04,Tamil Nadu,Chennai,10.5832,78.3397,State Highway,Rainy,Night,51,Male,Truck,66,Yes,No,No,Poor Weather Visibility,Medium,2.0
ACC32208,28-04-2022,10:28,Andhra Pradesh,Kurnool,15.6334,79.5225,National Highway,Clear,Day,28,Female,Auto,56,No,No,No,Poor Weather Visibility,Medium,1.0
ACC32209,22-03-2023,17:33,Kerala,Thrissur,9.9653,76.5419,Village Road,Clear,Dusk,37,Female,Car,49,No,No,Yes,Pothole/Bad Road,Low,0.0
ACC32210,02-07-2023,17:12,Tamil Nadu,Salem,11.205,78.6159,Village Road,Foggy,Dusk,43,Female,Bike,60,No,Yes,Yes,Poor Weather Visibility,High,
ACC32211,23-03-2023,15:53,Tamil Nadu,Chennai,10.3832,77.6745,Village Road,Cloudy,Day,26,Female,Bike,47,No,No,Yes,Signal Jumping,Low,1.0
ACC32212,03-11-2024,13:53,Andhra Pradesh,Kurnool,16.0323,80.197,Village Road,Clear,Day,35,Female,Bike,45,No,No,Yes,Pothole/Bad Road,Low,2.0
ACC32213,16-07-2023,15:06,Telangana,Khammam,18.0298,78.8504,Expressway,Clear,Day,18,Male,Car,76,No,No,No,Over Speeding,Medium,4.0
ACC32214,04-08-2024,16:14,Karnataka,Hubballi,15.1554,76.7755,State Highway,Clear,Day,18,Female,Auto,61,No,No,No,Over Speeding,Low,
ACC32215,27-03-2023,17:48,Tamil Nadu,Chennai,11.3815,78.8179,City Road,Cloudy,Dusk,28,Male,Bike,43,No,No,No,Poor Weather Visibility,Low,2.0
ACC32216,20-08-2022,13:07,Andhra Pradesh,Visakhapatnam,15.1841,79.7923,Village Road,Rainy,Day,37,Male,Bike,32,No,No,No,Poor Weather Visibility,Low,2.0
ACC32217,05-03-2023,01:22,Karnataka,Belagavi,15.7475,76.5618,National Highway,Clear,Night,18,Male,Bike,57,No,No,No,Poor Weather Visibility,Low,1.0
ACC32218,29-10-2024,20:09,Karnataka,Hubballi,15.2852,76.383,Village Road,Cloudy,Night,27,Male,Auto,43,No,No,No,Poor Weather Visibility,Medium,0.0
ACC32219,14-08-2024,03:11,Tamil Nadu,Coimbatore,10.9426,78.5518,City Road,Rainy,Night,18,Male,Bike,57,No,No,No,Poor Weather Visibility,Medium,
ACC32220,16-06-2022,05:03,Karnataka,Hubballi,15.1134,75.4944,City Road,Cloudy,Dawn,45,Male,Car,54,No,No,No,Poor Weather Visibility,Low,1.0
ACC32221,20-08-2022,17:48,Telangana,Nizamabad,18.1151,79.5883,City Road,Clear,Dusk,54,Male,Car,37,No,No,No,Signal Jumping,Low,1.0
ACC32222,10-04-2022,09:37,Tamil Nadu,Chennai,10.7595,78.8614,Village Road,Cloudy,Day,38,Male,Bike,20,No,No,No,Signal Jumping,Low,2.0
ACC32223,21-07-2023,10:38,Andhra Pradesh,Nellore,15.9235,79.5908,City Road,Clear,Day,62,Male,Auto,61,No,No,No,Over Speeding,Low,0.0
ACC32224,01-10-2024,13:31,Karnataka,Bengaluru Urban,15.2299,75.8305,City Road,Clear,Day,18,Male,Car,30,No,No,No,Poor Weather Visibility,Low,1.0
ACC32225,03-03-2023,04:23,Andhra Pradesh,Vijayawada,15.795,79.0446,Expressway,Clear,Night,60,Male,Auto,77,Yes,Yes,No,Drunk Driving,High,6.0
ACC32226,13-05-2024,11:22,Andhra Pradesh,Kurnool,15.652,79.4082,City Road,Clear,Day,18,Male,Bus,58,No,Yes,Yes,Drowsy Driving,Medium,3.0
ACC32227,05-11-2024,22:45,Karnataka,Mysuru,15.6298,75.5605,National Highway,Overcast,Night,55,Male,Bike,84,Yes,No,No,Drunk Driving,High,9.0
ACC32228,20-07-2022,15:49,Tamil Nadu,Chennai,10.8072,78.8609,City Road,Clear,Day,37,Female,Bus,43,No,No,Yes,Pothole/Bad Road,Low,
ACC32229,20-07-2024,18:31,Andhra Pradesh,Kurnool,15.3047,79.7866,Expressway,Rainy,Dusk,29,Male,Bike,84,No,No,No,Poor Weather Visibility,High,8.0
ACC32230,09-02-2022,10:42,Karnataka,Hubballi,14.7038,75.5555,Expressway,Clear,Day,38,Male,Bike,75,No,No,No,Over Speeding,High,5.0
ACC32231,26-10-2023,13:35,Puducherry,Puducherry,11.4203,79.6682,Village Road,Rainy,Day,52,Male,Car,57,No,No,Yes,Poor Weather Visibility,Medium,1.0
ACC32232,09-09-2023,13:29,Karnataka,Bengaluru Urban,15.2925,76.4638,Expressway,Clear,Day,27,Male,Car,81,No,No,No,Over Speeding,Medium,1.0
ACC32233,13-12-2023,03:08,Karnataka,Mysuru,15.4551,75.6161,National Highway,Clear,Night,36,Male,Auto,75,Yes,No,No,Drunk Driving,High,6.0
ACC32234,05-04-2023,19:58,Karnataka,Mysuru,14.96,76.0056,City Road,Clear,Night,18,Male,Car,72,No,Yes,No,Drowsy Driving,High,11.0
ACC32235,09-01-2023,18:12,Telangana,Hyderabad,17.687,78.9934,City Road,Clear,Dusk,37,Male,Bike,61,No,No,Yes,Pothole/Bad Road,Medium,1.0
ACC32236,08-12-2022,07:54,Karnataka,Mysuru,15.0664,75.7274,Village Road,Clear,Day,18,Male,Truck,47,No,No,No,Signal Jumping,Low,2.0
ACC32237,28-09-2024,22:52,Puducherry,Karaikal,12.0562,79.1894,State Highway,Clear,Night,45,Male,Bike,76,Yes,No,No,Drunk Driving,High,4.0
ACC32238,14-08-2024,17:46,Kerala,Kollam,10.1434,75.6348,National Highway,Clear,Dusk,25,Male,Bike,65,Yes,No,No,Drunk Driving,High,6.0
ACC32239,17-05-2024,18:08,Kerala,Thiruvananthapuram,10.5596,77.0129,Expressway,Clear,Dusk,18,Male,Bike,69,No,No,No,Over Speeding,Medium,3.0
ACC32240,02-02-2022,20:40,Kerala,Kozhikode,10.2994,76.3005,City Road,Clear,Night,64,Male,Truck,46,No,No,No,Signal Jumping,Low,1.0
ACC32241,03-08-2022,20:20,Tamil Nadu,Madurai,11.2984,78.9913,State Highway,Clear,Night,33,Male,Bus,72,No,Yes,No,Drowsy Driving,Medium,1.0
ACC32242,29-10-2023,21:44,Kerala,Thrissur,10.0884,76.6527,National Highway,Clear,Night,41,Male,Car,50,No,No,No,Signal Jumping,Low,1.0
ACC32243,08-01-2022,15:46,Tamil Nadu,Tiruchirappalli,11.1483,78.7003,City Road,Rainy,Day,37,Male,Auto,51,No,No,No,Poor Weather Visibility,Low,0.0
ACC32244,11-07-2022,01:29,Telangana,Karimnagar,17.8313,79.702,National Highway,Cloudy,Night,45,Female,Bike,86,No,Yes,No,Over Speeding,High,3.0
ACC32245,05-11-2024,05:50,Tamil Nadu,Chennai,10.8928,77.9587,State Highway,Clear,Dawn,38,Female,Bus,68,No,Yes,No,Drowsy Driving,Low,1.0
ACC32246,27-01-2024,06:45,Karnataka,Hubballi,15.0448,76.0127,City Road,Rainy,Day,20,Male,Bike,46,No,No,No,Poor Weather Visibility,Medium,5.0
ACC32247,25-11-2024,11:15,Kerala,Ernakulam,10.1855,76.2395,City Road,Clear,Day,36,Male,Car,41,No,No,No,Poor Weather Visibility,Low,0.0
ACC32248,21-04-2024,06:38,Karnataka,Belagavi,15.7605,75.4379,City Road,Foggy,Day,18,Female,Truck,51,No,No,Yes,Poor Weather Visibility,Low,1.0
ACC32249,28-12-2023,10:32,Kerala,Ernakulam,9.8725,75.7236,State Highway,Rainy,Day,48,Male,Car,103,Yes,No,No,Over Speeding,High,6.0
ACC32250,13-09-2024,10:20,Karnataka,Hubballi,15.2534,75.9399,Expressway,Clear,Day,36,Male,Bus,65,No,Yes,No,Drowsy Driving,Medium,6.0
ACC32251,14-11-2023,17:19,Tamil Nadu,Chennai,11.3998,78.416,Village Road,Rainy,Dusk,33,Male,Bike,23,No,No,Yes,Poor Weather Visibility,Low,1.0
ACC32252,04-11-2023,09:27,Tamil Nadu,Salem,11.8576,78.8405,State Highway,Clear,Day,40,Male,Bike,69,No,No,No,Over Speeding,Medium,2.0
ACC32253,21-04-2023,22:22,Kerala,Kozhikode,9.8817,76.5963,Expressway,Cloudy,Night,23,Male,Car,101,Yes,No,No,Over Speeding,High,12.0
ACC32254,06-08-2023,15:09,Telangana,Nizamabad,17.119,79.0107,City Road,Clear,Day,43,Male,Bike,64,No,No,Yes,Pothole/Bad Road,Medium,3.0
ACC32255,08-10-2022,05:40,Telangana,Khammam,17.9302,79.7679,State Highway,Overcast,Dawn,40,Female,Car,71,No,No,No,Poor Weather Visibility,Medium,8.0
ACC32256,28-10-2024,12:37,Telangana,Nizamabad,18.0222,78.6898,State Highway,Rainy,Day,26,Male,Bike,57,No,No,Yes,Poor Weather Visibility,Low,1.0
ACC32257,10-02-2022,20:16,Tamil Nadu,Salem,11.4501,79.0878,City Road,Rainy,Night,25,Female,Bus,31,No,No,Yes,Poor Weather Visibility,Low,0.0
ACC32258,13-01-2023,05:58,Tamil Nadu,Tiruchirappalli,10.7532,78.5118,Village Road,Cloudy,Dawn,27,Male,Bus,55,No,Yes,No,Drowsy Driving,Medium,3.0
ACC32259,23-06-2024,03:00,Andhra Pradesh,Vijayawada,15.8135,80.4604,State Highway,Clear,Night,36,Male,Bus,84,Yes,Yes,No,Drunk Driving,High,2.0
ACC32260,03-01-2023,23:13,Karnataka,Hubballi,15.1193,76.3383,National Highway,Cloudy,Night,18,Male,Bike,55,No,No,No,Poor Weather Visibility,Medium,0.0
ACC32261,26-08-2022,11:40,Andhra Pradesh,Visakhapatnam,15.7657,79.8025,City Road,Overcast,Day,49,Male,Bus,42,No,No,No,Poor Weather Visibility,Low,0.0
ACC32262,02-01-2023,21:53,Telangana,Nizamabad,18.3733,78.6035,State Highway,Foggy,Night,30,Male,Auto,76,Yes,No,No,Poor Weather Visibility,High,7.0
ACC32263,08-11-2022,18:27,Andhra Pradesh,Visakhapatnam,16.0828,80.0853,Expressway,Rainy,Dusk,18,Female,Car,81,No,No,Yes,Poor Weather Visibility,High,5.0
ACC32264,16-07-2024,18:38,Tamil Nadu,Coimbatore,10.4389,78.375,State Highway,Rainy,Dusk,34,Male,Bike,56,No,Yes,Yes,Poor Weather Visibility,Medium,3.0
ACC32265,07-08-2024,09:30,Tamil Nadu,Madurai,10.7781,79.1808,City Road,Clear,Day,18,Male,Auto,52,Yes,No,No,Drunk Driving,Medium,2.0
ACC32266,17-12-2023,21:48,Telangana,Warangal,17.6259,78.8524,City Road,Cloudy,Night,22,Male,Bike,67,Yes,No,No,Drunk Driving,High,5.0
ACC32267,20-03-2022,06:45,Karnataka,Mysuru,15.5129,75.1762,City Road,Cloudy,Day,33,Male,Bike,58,No,No,No,Poor Weather Visibility,Medium,3.0
ACC32268,28-06-2023,13:20,Karnataka,Mysuru,15.846,75.6005,State Highway,Clear,Day,55,Male,Car,53,No,No,No,Signal Jumping,Low,0.0
ACC32269,30-01-2023,19:39,Telangana,Hyderabad,17.6805,79.6913,City Road,Cloudy,Night,47,Female,Bus,56,No,No,No,Signal Jumping,Medium,3.0
ACC32270,13-11-2024,09:05,Kerala,Thrissur,10.0359,75.9676,State Highway,Overcast,Day,33,Female,Bike,64,No,No,No,Poor Weather Visibility,Low,1.0
ACC32271,01-06-2023,21:05,Karnataka,Bengaluru Urban,15.4643,75.4107,Village Road,Rainy,Night,49,Male,Car,55,No,No,No,Poor Weather Visibility,Low,0.0
ACC32272,08-07-2024,11:32,Telangana,Khammam,18.9151,79.3154,National Highway,Clear,Day,19,Male,Car,103,Yes,No,No,Over Speeding,High,8.0
ACC32273,07-10-2022,13:05,Andhra Pradesh,Vijayawada,15.7526,79.4318,State Highway,Cloudy,Day,34,Male,Truck,57,No,Yes,Yes,Drowsy Driving,Medium,4.0
ACC32274,12-12-2024,13:29,Tamil Nadu,Tiruchirappalli,12.3162,78.349,State Highway,Overcast,Day,37,Male,Car,51,No,No,No,Poor Weather Visibility,Low,
ACC32275,10-06-2024,13:17,Tamil Nadu,Coimbatore,11.3226,79.0701,State Highway,Clear,Day,43,Male,Bike,43,No,No,No,Signal Jumping,Low,0.0
ACC32276,10-02-2022,18:20,Telangana,Hyderabad,18.7384,78.6492,City Road,Cloudy,Dusk,31,Male,Bike,34,No,No,No,Poor Weather Visibility,Low,1.0
ACC32277,25-02-2023,12:54,Andhra Pradesh,Nellore,16.4029,79.2631,National Highway,Overcast,Day,32,Male,Car,66,No,No,No,Poor Weather Visibility,Medium,3.0
ACC32278,31-10-2022,16:58,Tamil Nadu,Salem,11.1015,78.7389,Expressway,Cloudy,Day,37,Male,Bike,90,No,No,No,Over Speeding,Medium,3.0
ACC32279,21-05-2023,07:19,Kerala,Kollam,10.9043,76.6992,Village Road,Clear,Day,18,Female,Bike,36,No,No,Yes,Pothole/Bad Road,Low,1.0
ACC32280,11-09-2022,21:38,Tamil Nadu,Tiruchirappalli,11.2987,79.1209,Village Road,Clear,Night,20,Male,Car,50,No,Yes,Yes,Drowsy Driving,High,5.0
ACC32281,30-08-2022,10:22,Tamil Nadu,Tiruchirappalli,11.7599,78.7819,City Road,Clear,Day,26,Male,Bike,41,No,No,No,Poor Weather Visibility,Low,0.0
ACC32282,26-05-2023,20:54,Karnataka,Bengaluru Urban,15.1993,75.7934,City Road,Clear,Night,31,Female,Auto,44,Yes,Yes,No,Drunk Driving,Medium,3.0
ACC32283,27-03-2024,11:33,Karnataka,Mangaluru,14.3051,75.4447,State Highway,Clear,Day,48,Female,Car,64,Yes,No,No,Drunk Driving,Low,0.0
ACC32284,21-10-2023,13:05,Karnataka,Belagavi,15.264,75.5477,National Highway,Cloudy,Day,18,Male,Car,53,No,No,No,Signal Jumping,Medium,2.0