Accident_ID,Date,Time,State,District,Latitude,Longitude,Road_Type,Weather,Light_Condition,Driver_Age,Driver_Gender,Vehicle_Type,Speed_kmph,Alcohol_Involved,Driver_Drowsy,Pothole_Involved,Cause_of_Accident,Severity,Casualties
ACC32285,14-11-2024,15:28,Telangana,Karimnagar,19.0226,78.9238,National Highway,Clear,Day,40,Male,Car,70,No,No,No,Over Speeding,Medium,2.0
ACC32286,08-09-2023,20:55,Andhra Pradesh,Visakhapatnam,15.1488,79.2366,State Highway,Cloudy,Night,40,Male,Car,46,No,No,Yes,Pothole/Bad Road,Low,2.0
ACC32287,09-02-2022,07:33,Karnataka,Mysuru,15.5549,76.1332,City Road,Overcast,Day,21,Male,Bus,37,No,No,No,Poor Weather Visibility,Low,0.0
ACC32288,05-12-2023,07:55,Andhra Pradesh,Nellore,15.7242,79.3236,City Road,Clear,Day,38,Male,Bike,41,No,No,No,Poor Weather Visibility,Low,
ACC32289,13-12-2024,22:39,Karnataka,Hubballi,16.0089,75.9288,State Highway,Cloudy,Night,41,Female,Bus,72,No,Yes,No,Drowsy Driving,High,8.0
ACC32290,01-11-2023,10:26,Telangana,Hyderabad,17.3298,79.0245,National Highway,Rainy,Day,36,Male,Auto,82,Yes,No,No,Poor Weather Visibility,High,9.0
ACC32291,26-05-2023,19:11,Tamil Nadu,Chennai,11.5076,78.9081,Village Road,Clear,Night,27,Male,Car,44,No,Yes,Yes,Drowsy Driving,Medium,3.0
ACC32292,10-11-2024,21:38,Karnataka,Belagavi,15.7846,75.7999,Expressway,Rainy,Night,32,Female,Bus,81,No,No,No,Poor Weather Visibility,Medium,3.0
ACC32293,17-10-2024,19:48,Tamil Nadu,Tiruchirappalli,11.8654,79.1095,Expressway,Clear,Night,18,Male,Auto,82,No,No,No,Over Speeding,High,10.0
ACC32294,28-05-2022,21:12,Telangana,Hyderabad,17.6758,78.9868,National Highway,Clear,Night,44,Male,Bike,77,No,Yes,No,Drowsy Driving,High,8.0
ACC32295,22-08-2024,10:35,Tamil Nadu,Tiruchirappalli,11.9366,78.624,City Road,Clear,Day,18,Male,Truck,47,No,No,Yes,Pothole/Bad Road,Low,1.0
ACC32296,04-09-2024,16:49,Telangana,Warangal,18.0182,79.0257,State Highway,Clear,Day,60,Male,Bike,53,Yes,No,No,Drunk Driving,Medium,
ACC32297,11-03-2022,14:30,Karnataka,Mangaluru,14.9309,75.975,Expressway,Cloudy,Day,55,Male,Bike,77,No,No,Yes,Over Speeding,High,6.0
ACC32298,21-06-2022,14:03,Andhra Pradesh,Visakhapatnam,15.6876,79.7156,Expressway,Cloudy,Day,46,Male,Bike,86,No,No,Yes,Over Speeding,High,9.0
ACC32299,02-01-2024,04:46,Telangana,Karimnagar,18.1917,79.4021,City Road,Clear,Night,50,Male,Car,43,No,No,No,Poor Weather Visibility,Low,1.0
ACC32300,20-08-2022,14:32,Karnataka,Bengaluru Urban,15.0531,76.2437,State Highway,Overcast,Day,24,Female,Car,58,No,No,Yes,Pothole/Bad Road,Low,0.0
ACC32301,17-08-2023,17:24,Tamil Nadu,Chennai,9.8154,79.0927,City Road,Clear,Dusk,55,Male,Bike,37,No,No,No,Signal Jumping,Low,0.0
ACC32302,08-08-2023,00:28,Telangana,Hyderabad,16.8872,78.9345,Village Road,Clear,Night,50,Male,Car,41,No,Yes,Yes,Drowsy Driving,Medium,7.0
ACC32303,12-03-2024,11:51,Telangana,Khammam,17.7846,78.5781,State Highway,Foggy,Day,36,Male,Bike,70,No,No,Yes,Poor Weather Visibility,Medium,2.0
ACC32304,16-09-2024,20:39,Andhra Pradesh,Visakhapatnam,15.565,80.1268,State Highway,Overcast,Night,28,Male,Car,72,No,No,No,Poor Weather Visibility,Medium,3.0
ACC32305,14-04-2023,07:40,Karnataka,Bengaluru Urban,14.9228,75.5073,Village Road,Overcast,Day,37,Male,Car,40,No,No,No,Poor Weather Visibility,Low,0.0
ACC32306,28-11-2024,19:02,Karnataka,Mysuru,15.0664,75.2815,City Road,Clear,Night,53,Female,Bike,74,Yes,No,No,Drunk Driving,High,5.0
ACC32307,16-01-2024,18:39,Karnataka,Belagavi,15.1679,75.3222,Expressway,Rainy,Dusk,37,Male,Auto,74,No,No,No,Poor Weather Visibility,High,3.0
ACC32308,29-08-2022,07:35,Karnataka,Bengaluru Urban,15.4079,74.7984,State Highway,Clear,Day,48,Male,Car,66,No,No,No,Over Speeding,Low,0.0
ACC32309,07-02-2023,16:28,Karnataka,Mysuru,15.2394,74.9845,National Highway,Clear,Day,50,Female,Bike,92,No,No,No,Over Speeding,Medium,3.0
ACC32310,02-06-2023,18:02,Andhra Pradesh,Guntur,15.5997,79.6808,City Road,Clear,Dusk,36,Male,Car,59,No,Yes,No,Drowsy Driving,Medium,1.0
ACC32311,23-11-2023,19:48,Telangana,Hyderabad,17.896,79.3332,City Road,Clear,Night,57,Male,Car,46,No,No,No,Signal Jumping,Low,0.0
ACC32312,01-10-2024,18:40,Tamil Nadu,Coimbatore,11.5603,79.0351,City Road,Overcast,Dusk,18,Male,Car,46,No,Yes,No,Drowsy Driving,Medium,1.0
ACC32313,13-05-2022,18:38,Kerala,Thrissur,11.1342,76.1936,Village Road,Overcast,Dusk,38,Female,Car,25,No,No,No,Poor Weather Visibility,Low,2.0
ACC32314,14-05-2023,01:04,Karnataka,Bengaluru Urban,15.1579,75.4731,Expressway,Clear,Night,42,Male,Car,66,No,No,No,Over Speeding,Medium,6.0
ACC32315,29-12-2022,07:07,Andhra Pradesh,Kurnool,15.7959,79.3941,Village Road,Clear,Day,29,Male,Bike,26,No,No,Yes,Pothole/Bad Road,Low,0.0
ACC32316,30-09-2022,09:29,Tamil Nadu,Coimbatore,11.1486,78.4777,Expressway,Clear,Day,27,Male,Car,81,No,No,No,Over Speeding,Medium,4.0
ACC32317,23-12-2022,06:29,Telangana,Hyderabad,18.1653,79.6455,State Highway,Cloudy,Day,44,Male,Car,64,No,No,No,Poor Weather Visibility,Low,0.0
ACC32318,25-09-2022,10:48,Telangana,Nizamabad,17.6745,78.0903,National Highway,Clear,Day,55,Female,Bike,63,Yes,No,No,Drunk Driving,Medium,3.0
ACC32319,19-09-2023,10:52,Karnataka,Hubballi,15.5015,74.7637,City Road,Clear,Day,18,Male,Bike,42,No,No,No,Poor Weather Visibility,Low,1.0
ACC32320,20-02-2022,16:56,Telangana,Hyderabad,17.9905,78.5414,National Highway,Clear,Day,18,Female,Bike,88,No,No,No,Over Speeding,High,9.0
ACC32321,07-01-2022,21:25,Telangana,Karimnagar,17.6811,79.4442,Expressway,Clear,Night,27,Male,Bus,86,No,No,No,Over Speeding,High,3.0
ACC32322,28-08-2022,05:50,Kerala,Thiruvananthapuram,10.6897,76.1407,City Road,Foggy,Dawn,40,Male,Bike,52,No,No,No,Poor Weather Visibility,Medium,1.0
ACC32323,08-06-2024,14:30,Kerala,Ernakulam,10.9037,76.3716,City Road,Cloudy,Day,46,Female,Auto,47,No,No,No,Poor Weather Visibility,Low,0.0
ACC32324,31-05-2024,20:43,Karnataka,Hubballi,15.1737,75.2387,National Highway,Overcast,Night,40,Male,Bike,65,No,No,No,Poor Weather Visibility,High,9.0
ACC32325,03-06-2022,16:23,Karnataka,Bengaluru Urban,14.7146,75.9307,National Highway,Rainy,Day,37,Male,Bike,70,No,No,No,Poor Weather Visibility,Medium,2.0
ACC32326,04-10-2023,16:55,Kerala,Ernakulam,10.0255,75.9075,State Highway,Clear,Day,39,Male,Car,49,No,No,No,Signal Jumping,Low,1.0
ACC32327,20-09-2022,17:04,Andhra Pradesh,Nellore,15.8267,79.6098,City Road,Rainy,Dusk,42,Male,Bus,28,No,No,Yes,Poor Weather Visibility,Low,1.0
ACC32328,06-06-2024,01:03,Kerala,Kozhikode,10.3767,76.3004,City Road,Rainy,Night,40,Male,Bike,57,No,Yes,Yes,Poor Weather Visibility,High,8.0
ACC32329,25-03-2024,13:48,Karnataka,Mangaluru,15.6797,75.8656,State Highway,Cloudy,Day,29,Female,Bike,62,No,No,No,Poor Weather Visibility,Low,1.0
ACC32330,01-10-2024,15:47,Tamil Nadu,Tiruchirappalli,11.799,78.7095,Village Road,Clear,Day,42,Male,Bike,41,No,No,No,Signal Jumping,Low,0.0
ACC32331,16-02-2022,18:55,Tamil Nadu,Madurai,11.3269,78.9322,National Highway,Rainy,Dusk,32,Male,Bus,52,No,Yes,No,Poor Weather Visibility,Medium,2.0
ACC32332,10-05-2024,21:14,Kerala,Kozhikode,10.0476,76.2549,State Highway,Cloudy,Night,38,Male,Bike,63,No,No,No,Signal Jumping,Medium,4.0
ACC32333,19-08-2024,18:16,Kerala,Thrissur,10.3188,76.1565,Village Road,Cloudy,Dusk,56,Male,Bike,26,No,No,No,Poor Weather Visibility,Low,0.0
ACC32334,30-12-2023,18:03,Tamil Nadu,Madurai,11.12,79.0297,City Road,Cloudy,Dusk,26,Male,Bike,29,No,No,No,Poor Weather Visibility,Low,1.0
ACC32335,01-04-2022,17:14,Andhra Pradesh,Nellore,16.1723,79.9204,National Highway,Clear,Dusk,55,Male,Bus,71,No,No,No,Over Speeding,High,11.0
ACC32336,21-01-2022,20:05,Telangana,Karimnagar,17.2992,78.3895,Village Road,Overcast,Night,22,Male,Auto,56,Yes,No,No,Drunk Driving,High,7.0
ACC32337,17-04-2022,21:00,Karnataka,Hubballi,14.8563,75.1196,National Highway,Clear,Night,28,Male,Car,67,No,No,No,Signal Jumping,Medium,1.0
ACC32338,20-11-2022,13:03,Karnataka,Hubballi,15.1355,75.2408,Village Road,Clear,Day,57,Male,Car,51,No,No,No,Signal Jumping,Low,0.0
ACC32339,15-07-2023,07:17,Telangana,Nizamabad,17.3773,80.1716,National Highway,Clear,Day,23,Male,Bike,87,No,No,No,Over Speeding,High,5.0
ACC32340,20-08-2024,10:34,Karnataka,Mysuru,15.3798,75.8195,Village Road,Rainy,Day,44,Male,Bus,37,No,No,Yes,Poor Weather Visibility,Low,0.0
ACC32341,22-10-2022,09:27,Andhra Pradesh,Guntur,15.7162,79.9166,National Highway,Overcast,Day,18,Male,Car,66,No,No,No,Poor Weather Visibility,Medium,5.0
ACC32342,27-06-2022,10:50,Karnataka,Bengaluru Urban,15.7109,75.6185,Expressway,Clear,Day,52,Male,Truck,75,No,No,No,Signal Jumping,Low,1.0
ACC32343,10-04-2024,15:36,Andhra Pradesh,Guntur,15.4966,78.9182,Village Road,Rainy,Day,23,Male,Bus,43,No,No,No,Poor Weather Visibility,Low,1.0
ACC32344,01-09-2022,21:09,Karnataka,Hubballi,15.1742,75.3785,Expressway,Clear,Night,23,Male,Bike,68,No,No,No,Over Speeding,Low,0.0
ACC32345,05-06-2023,21:24,Tamil Nadu,Chennai,10.5789,78.4089,National Highway,Clear,Night,36,Male,Bus,51,No,No,No,Signal Jumping,Low,2.0
ACC32346,10-07-2024,22:25,Andhra Pradesh,Guntur,15.6398,80.1545,Village Road,Clear,Night,39,Male,Auto,43,No,No,No,Signal Jumping,Medium,
ACC32347,13-05-2024,07:18,Andhra Pradesh,Kurnool,16.1929,80.3096,Village Road,Overcast,Day,53,Male,Bike,37,No,No,No,Poor Weather Visibility,Low,0.0
ACC32348,21-04-2022,08:57,Karnataka,Bengaluru Urban,15.2758,75.639,National Highway,Foggy,Day,44,Male,Car,68,Yes,No,No,Poor Weather Visibility,High,7.0
ACC32349,05-09-2023,20:49,Karnataka,Mangaluru,15.5206,74.6532,Expressway,Foggy,Night,20,Male,Bike,65,No,No,No,Poor Weather Visibility,High,6.0
ACC32350,06-09-2022,05:07,Karnataka,Mangaluru,14.8067,75.9754,National Highway,Clear,Dawn,18,Male,Car,86,Yes,No,No,Over Speeding,Medium,3.0
ACC32351,16-07-2024,22:56,Tamil Nadu,Salem,11.0721,78.92,City Road,Clear,Night,23,Male,Car,67,No,No,No,Signal Jumping,Medium,2.0
ACC32352,31-08-2023,14:52,Karnataka,Mysuru,15.7168,76.2445,Expressway,Cloudy,Day,51,Male,Bike,67,No,No,No,Poor Weather Visibility,Medium,1.0
ACC32353,04-09-2022,00:24,Karnataka,Hubballi,15.2479,75.7566,State Highway,Clear,Night,25,Male,Bus,75,No,No,No,Over Speeding,Medium,1.0
ACC32354,24-03-2023,23:59,Kerala,Kozhikode,9.9703,76.0709,National Highway,Rainy,Night,75,Female,Car,69,No,Yes,No,Poor Weather Visibility,High,
ACC32355,24-10-2023,20:18,Andhra Pradesh,Nellore,15.1381,79.1865,Village Road,Cloudy,Night,54,Male,Truck,15,No,No,Yes,Pothole/Bad Road,Low,2.0
ACC32356,26-11-2024,01:21,Telangana,Karimnagar,18.0211,78.6965,City Road,Cloudy,Night,33,Male,Bike,34,No,No,Yes,Pothole/Bad Road,Low,2.0
ACC32357,15-11-2024,22:41,Kerala,Ernakulam,9.9822,76.2574,Village Road,Clear,Night,38,Male,Bus,47,Yes,Yes,No,Drunk Driving,Medium,4.0
ACC32358,10-11-2023,00:33,Tamil Nadu,Salem,10.7717,78.8943,National Highway,Rainy,Night,33,Male,Bike,50,No,No,No,Poor Weather Visibility,Medium,1.0
ACC32359,29-05-2022,14:46,Kerala,Thrissur,10.2296,77.0982,City Road,Rainy,Day,37,Female,Auto,49,Yes,No,No,Poor Weather Visibility,Medium,2.0
ACC32360,18-07-2024,18:49,Kerala,Kollam,10.4084,75.7827,City Road,Foggy,Dusk,18,Male,Truck,68,No,Yes,No,Poor Weather Visibility,High,6.0
ACC32361,12-03-2022,20:35,Karnataka,Hubballi,16.3087,75.5406,City Road,Clear,Night,35,Male,Auto,56,No,Yes,No,Drowsy Driving,Medium,5.0
ACC32362,27-10-2023,04:31,Tamil Nadu,Tiruchirappalli,10.7745,78.3104,City Road,Cloudy,Night,45,Male,Car,57,Yes,No,No,Drunk Driving,Medium,3.0
ACC32363,08-09-2022,17:37,Tamil Nadu,Salem,11.3646,79.163,Village Road,Clear,Dusk,42,Male,Bus,45,No,Yes,Yes,Drowsy Driving,Low,0.0
ACC32364,07-02-2022,08:22,Kerala,Thiruvananthapuram,10.3795,76.0387,City Road,Rainy,Day,36,Female,Bike,42,No,No,No,Poor Weather Visibility,Low,0.0
ACC32365,03-10-2023,15:56,Tamil Nadu,Chennai,11.5601,78.7214,Village Road,Clear,Day,41,Male,Auto,39,No,No,No,Signal Jumping,Low,0.0
ACC32366,06-08-2022,14:07,Tamil Nadu,Chennai,11.8374,78.7087,National Highway,Foggy,Day,32,Male,Car,72,No,No,No,Poor Weather Visibility,High,5.0
ACC32367,13-10-2023,18:56,Karnataka,Belagavi,15.5738,75.9769,City Road,Clear,Dusk,37,Female,Bike,40,No,No,No,Signal Jumping,Low,1.0
ACC32368,21-12-2024,10:29,Telangana,Nizamabad,18.0647,79.0465,City Road,Foggy,Day,23,Male,Bike,52,No,No,No,Poor Weather Visibility,Medium,3.0
ACC32369,12-03-2022,00:16,Kerala,Thiruvananthapuram,10.0964,75.8634,State Highway,Clear,Night,34,Female,Car,50,No,No,No,Signal Jumping,Low,0.0
ACC32370,04-06-2022,03:13,Karnataka,Mysuru,15.7098,76.3711,State Highway,Clear,Night,23,Male,Bike,82,Yes,No,No,Drunk Driving,High,5.0
ACC32371,02-12-2024,06:45,Andhra Pradesh,Kurnool,15.5979,79.6311,State Highway,Clear,Day,28,Male,Bike,65,No,No,No,Signal Jumping,Medium,
ACC32372,05-12-2022,05:04,Kerala,Kollam,9.8815,76.2053,National Highway,Clear,Dawn,32,Male,Car,64,No,No,No,Signal Jumping,Medium,2.0
ACC32373,01-03-2023,18:41,Andhra Pradesh,Kurnool,16.4841,80.0457,Village Road,Overcast,Dusk,39,Female,Bus,25,No,No,No,Signal Jumping,Low,0.0
ACC32374,02-03-2024,17:05,Kerala,Kozhikode,10.1283,76.5516,City Road,Clear,Dusk,44,Male,Auto,52,No,No,No,Signal Jumping,Low,0.0
ACC32375,10-02-2022,16:35,Andhra Pradesh,Visakhapatnam,15.5087,79.5517,State Highway,Rainy,Day,60,Female,Car,76,No,Yes,No,Poor Weather Visibility,Medium,1.0
ACC32376,02-07-2022,04:19,Telangana,Karimnagar,17.5299,79.3522,Village Road,Clear,Night,55,Male,Bike,52,No,Yes,Yes,Drowsy Driving,Medium,4.0
ACC32377,14-06-2022,12:21,Puducherry,Karaikal,12.0222,79.9417,National Highway,Foggy,Day,18,Male,Bike,89,No,No,No,Poor Weather Visibility,High,5.0
ACC32378,20-03-2022,08:14,Karnataka,Mangaluru,15.3237,75.2128,National Highway,Clear,Day,39,Male,Bike,75,No,No,No,Over Speeding,Low,1.0
ACC32379,22-09-2023,08:45,Kerala,Thiruvananthapuram,9.632,75.8418,Expressway,Clear,Day,64,Male,Bike,64,No,No,No,Over Speeding,Low,0.0
ACC32380,25-05-2024,05:45,Karnataka,Bengaluru Urban,16.2273,75.5495,City Road,Clear,Dawn,18,Male,Bike,25,No,No,No,Signal Jumping,Low,1.0
ACC32381,25-08-2023,23:59,Andhra Pradesh,Guntur,15.6705,79.739,Expressway,Cloudy,Night,34,Male,Bike,113,Yes,No,No,Over Speeding,High,5.0
ACC32382,09-07-2023,09:18,Telangana,Karimnagar,17.767,78.8839,Village Road,Clear,Day,46,Female,Bike,41,No,Yes,No,Drowsy Driving,Low,1.0
ACC32383,29-04-2022,18:28,Tamil Nadu,Chennai,12.1019,78.3503,State Highway,Overcast,Dusk,18,Male,Bike,78,No,No,No,Over Speeding,High,3.0
ACC32384,07-10-2023,00:40,Tamil Nadu,Tiruchirappalli,10.7815,78.1532,Expressway,Clear,Night,18,Male,Bike,91,No,No,No,Over Speeding,High,5.0
ACC32385,13-04-2022,08:23,Andhra Pradesh,Nellore,16.2683,79.6472,City Road,Cloudy,Day,54,Male,Car,56,No,No,No,Poor Weather Visibility,Low,2.0
ACC32386,08-12-2023,22:22,Telangana,Khammam,17.955,78.7182,Expressway,Clear,Night,42,Male,Car,52,No,No,No,Poor Weather Visibility,Medium,2.0
ACC32387,22-11-2023,21:17,Puducherry,Puducherry,12.663,79.5902,City Road,Clear,Night,47,Male,Truck,36,No,No,No,Signal Jumping,Low,1.0
ACC32388,22-05-2022,17:13,Tamil Nadu,Salem,10.8512,78.6709,City Road,Clear,Dusk,33,Female,Car,63,No,No,Yes,Pothole/Bad Road,Low,1.0
ACC32389,02-06-2024,20:10,Tamil Nadu,Tiruchirappalli,11.8737,78.0919,City Road,Clear,Night,28,Male,Auto,75,Yes,No,No,Drunk Driving,High,11.0
ACC32390,01-09-2024,07:28,Telangana,Hyderabad,18.0851,78.6572,Village Road,Overcast,Day,19,Male,Auto,24,No,No,No,Poor Weather Visibility,Low,0.0
ACC32391,07-04-2022,14:42,Andhra Pradesh,Guntur,16.3116,78.8451,National Highway,Rainy,Day,25,Male,Car,54,No,No,Yes,Poor Weather Visibility,Medium,
ACC32392,01-01-2022,00:09,Kerala,Thiruvananthapuram,9.8845,76.7406,Expressway,Rainy,Night,20,Male,Car,94,No,No,No,Over Speeding,High,7.0
ACC32393,23-09-2024,16:07,Tamil Nadu,Coimbatore,10.9707,78.6131,State Highway,Rainy,Day,55,Male,Bike,74,No,No,No,Poor Weather Visibility,Medium,0.0
ACC32394,19-09-2024,06:02,Telangana,Warangal,18.8147,79.1601,Expressway,Clear,Day,45,Male,Auto,96,Yes,No,No,Over Speeding,High,
ACC32395,16-12-2023,14:20,Telangana,Nizamabad,18.0146,78.2913,Village Road,Clear,Day,25,Male,Auto,38,No,No,No,Signal Jumping,Low,
ACC32396,04-11-2024,15:03,Kerala,Kollam,10.7445,76.694,City Road,Clear,Day,38,Male,Bike,36,No,No,No,Poor Weather Visibility,Low,0.0
ACC32397,27-03-2023,05:43,Telangana,Hyderabad,17.7665,78.7558,Village Road,Rainy,Dawn,36,Male,Bus,57,Yes,No,No,Poor Weather Visibility,Medium,5.0
ACC32398,05-09-2024,00:48,Kerala,Thrissur,9.6735,76.1848,State Highway,Rainy,Night,18,Male,Truck,63,Yes,No,No,Poor Weather Visibility,Medium,3.0
ACC32399,15-11-2023,13:46,Kerala,Thiruvananthapuram,10.1859,75.8498,Expressway,Cloudy,Day,25,Female,Auto,94,No,No,No,Over Speeding,High,8.0
ACC32400,24-11-2023,15:21,Telangana,Khammam,17.9851,78.5067,Village Road,Clear,Day,44,Male,Bike,37,No,No,No,Poor Weather Visibility,Low,2.0
ACC32401,27-10-2022,21:29,Kerala,Thrissur,10.2574,76.3033,State Highway,Cloudy,Night,35,Male,Bus,64,No,Yes,Yes,Drowsy Driving,High,12.0
ACC32402,17-05-2023,13:37,Kerala,Kozhikode,10.4486,76.7489,State Highway,Cloudy,Day,45,Male,Bike,64,No,No,No,Poor Weather Visibility,Medium,2.0
ACC32403,05-01-2024,06:54,Tamil Nadu,Coimbatore,11.5073,78.3935,State Highway,Rainy,Day,46,Male,Bus,61,No,No,No,Poor Weather Visibility,Medium,2.0
ACC32404,21-10-2023,18:09,Tamil Nadu,Tiruchirappalli,11.771,78.8136,National Highway,Rainy,Dusk,24,Male,Truck,80,Yes,No,No,Poor Weather Visibility,High,7.0
ACC32405,25-07-2022,12:29,Kerala,Thrissur,10.2599,76.4361,City Road,Clear,Day,22,Male,Bike,40,No,No,No,Signal Jumping,Low,3.0
ACC32406,25-09-2022,16:53,Karnataka,Hubballi,15.4472,76.0192,National Highway,Clear,Day,37,Female,Bike,53,No,No,No,Poor Weather Visibility,Low,2.0
ACC32407,12-06-2022,13:54,Andhra Pradesh,Kurnool,15.5293,80.0299,State Highway,Clear,Day,32,Male,Car,67,No,No,No,Over Speeding,Low,0.0
ACC32408,10-07-2022,14:39,Kerala,Ernakulam,10.2812,76.354,National Highway,Clear,Day,63,Male,Bike,53,No,No,No,Poor Weather Visibility,Low,0.0
ACC32409,11-12-2024,03:55,Kerala,Kollam,9.7673,76.2954,State Highway,Rainy,Night,26,Male,Car,87,Yes,Yes,Yes,Poor Weather Visibility,High,7.0
ACC32410,24-10-2024,08:40,Tamil Nadu,Salem,11.269,78.8423,National Highway,Clear,Day,20,Female,Auto,83,No,Yes,No,Over Speeding,Medium,4.0
ACC32411,13-07-2022,16:24,Karnataka,Mangaluru,16.0391,75.2872,City Road,Rainy,Day,44,Male,Car,42,No,No,No,Poor Weather Visibility,Low,0.0
ACC32412,23-03-2022,16:03,Tamil Nadu,Madurai,10.6511,78.6035,State Highway,Clear,Day,47,Male,Bike,55,No,No,No,Poor Weather Visibility,Low,1.0
ACC32413,01-11-2023,19:00,Karnataka,Hubballi,15.9291,76.1143,Village Road,Clear,Night,18,Male,Car,48,No,No,Yes,Pothole/Bad Road,Medium,2.0
ACC32414,07-05-2023,23:25,Telangana,Karimnagar,18.1592,79.619,Expressway,Clear,Night,34,Female,Bike,65,No,No,No,Over Speeding,Medium,1.0
ACC32415,05-07-2022,08:53,Karnataka,Bengaluru Urban,15.5653,76.2362,Village Road,Clear,Day,53,Male,Car,24,No,No,No,Signal Jumping,Low,2.0
ACC32416,26-12-2023,12:35,Karnataka,Mangaluru,15.6236,75.8432,Expressway,Clear,Day,37,Male,Bus,69,No,No,No,Over Speeding,Low,2.0
ACC32417,23-03-2022,15:42,Telangana,Hyderabad,17.9116,78.6296,National Highway,Cloudy,Day,19,Female,Auto,90,No,Yes,No,Over Speeding,High,4.0
ACC32418,27-03-2022,14:42,Telangana,Warangal,17.7076,79.2639,City Road,Cloudy,Day,40,Male,Car,64,No,No,Yes,Pothole/Bad Road,Medium,5.0
ACC32419,21-01-2024,05:50,Tamil Nadu,Tiruchirappalli,11.2867,78.9709,City Road,Rainy,Dawn,42,Male,Bike,65,Yes,No,No,Poor Weather Visibility,Medium,3.0
ACC32420,30-09-2023,15:03,Telangana,Hyderabad,16.8338,78.6607,State Highway,Clear,Day,32,Male,Bus,60,Yes,No,No,Drunk Driving,Low,0.0
ACC32421,16-10-2023,19:39,Tamil Nadu,Coimbatore,11.255,78.0449,State Highway,Cloudy,Night,27,Male,Bike,90,Yes,Yes,No,Over Speeding,High,8.0
ACC32422,24-10-2022,17:19,Telangana,Nizamabad,17.1313,79.3206,Expressway,Overcast,Dusk,27,Male,Car,89,No,No,Yes,Over Speeding,High,8.0
ACC32423,26-01-2024,10:21,Kerala,Thrissur,10.4278,75.3939,Village Road,Rainy,Day,43,Male,Car,46,No,No,Yes,Poor Weather Visibility,Low,2.0
ACC32424,26-08-2023,18:19,Karnataka,Bengaluru Urban,15.2808,75.3413,State Highway,Cloudy,Dusk,20,Male,Truck,71,Yes,No,No,Drunk Driving,High,12.0
ACC32425,02-11-2023,18:05,Tamil Nadu,Madurai,11.488,78.2071,City Road,Overcast,Dusk,42,Male,Truck,67,Yes,No,Yes,Drunk Driving,Medium,3.0
ACC32426,24-08-2024,12:09,Tamil Nadu,Chennai,10.7649,78.0141,Village Road,Clear,Day,53,Male,Car,27,No,No,Yes,Pothole/Bad Road,Low,0.0
ACC32427,20-01-2022,23:11,Tamil Nadu,Coimbatore,11.4783,77.8264,State Highway,Clear,Night,32,Female,Auto,53,Yes,No,No,Drunk Driving,Medium,3.0
ACC32428,30-12-2023,09:47,Andhra Pradesh,Nellore,15.8929,79.3532,Village Road,Rainy,Day,33,Male,Car,50,No,No,No,Poor Weather Visibility,Low,1.0
ACC32429,15-09-2024,09:26,Karnataka,Hubballi,15.5624,75.7156,City Road,Cloudy,Day,25,Female,Car,64,No,No,No,Poor Weather Visibility,Low,4.0
ACC32430,27-04-2023,19:43,Kerala,Kozhikode,10.4401,76.593,National Highway,Rainy,Night,35,Male,Bus,62,No,No,Yes,Poor Weather Visibility,Low,0.0
ACC32431,27-08-2022,10:20,Puducherry,Karaikal,12.3114,79.8706,National Highway,Foggy,Day,20,Male,Car,64,No,No,No,Poor Weather Visibility,Medium,4.0
ACC32432,10-05-2024,18:05,Karnataka,Mangaluru,15.166,75.4855,Expressway,Clear,Dusk,31,Male,Truck,88,No,No,No,Over Speeding,Medium,6.0
ACC32433,05-03-2024,07:34,Karnataka,Bengaluru Urban,15.8668,75.5225,Expressway,Rainy,Day,51,Female,Auto,79,No,No,No,Poor Weather Visibility,Medium,4.0
ACC32434,18-05-2022,14:06,Telangana,Nizamabad,17.5732,78.8785,Village Road,Overcast,Day,28,Male,Car,52,No,No,Yes,Pothole/Bad Road,Medium,6.0
ACC32435,06-11-2022,17:45,Kerala,Ernakulam,10.8591,76.3581,City Road,Rainy,Dusk,64,Female,Truck,38,No,No,No,Poor Weather Visibility,Low,1.0
ACC32436,03-03-2023,21:12,Tamil Nadu,Coimbatore,11.2779,78.8827,National Highway,Clear,Night,40,Male,Bus,82,Yes,Yes,No,Drunk Driving,High,5.0
ACC32437,24-02-2023,12:01,Kerala,Thrissur,9.6947,76.4982,Village Road,Rainy,Day,53,Male,Bus,22,No,No,No,Poor Weather Visibility,Low,1.0
ACC32438,12-11-2023,08:58,Andhra Pradesh,Kurnool,15.8425,79.3891,City Road,Clear,Day,51,Male,Bus,48,No,No,No,Signal Jumping,Low,2.0
ACC32439,04-02-2022,14:37,Karnataka,Belagavi,15.6413,75.5393,City Road,Clear,Day,26,Female,Bike,47,No,No,No,Signal Jumping,Low,1.0
ACC32440,01-08-2023,20:59,Tamil Nadu,Tiruchirappalli,11.0044,78.7717,State Highway,Clear,Night,40,Male,Truck,78,No,Yes,No,Drowsy Driving,Medium,3.0
ACC32441,25-07-2022,07:12,Telangana,Hyderabad,17.8033,78.6064,State Highway,Foggy,Day,50,Male,Car,47,No,No,Yes,Poor Weather Visibility,Low,0.0