Accident_ID,Date,Time,State,District,Latitude,Longitude,Road_Type,Weather,Light_Condition,Driver_Age,Driver_Gender,Vehicle_Type,Speed_kmph,Alcohol_Involved,Driver_Drowsy,Pothole_Involved,Cause_of_Accident,Severity,Casualties
ACC32442,21-09-2023,20:34,Andhra Pradesh,Visakhapatnam,15.2292,79.7807,City Road,Cloudy,Night,37,Male,Auto,51,Yes,Yes,No,Drunk Driving,High,4.0
ACC32443,20-09-2023,20:57,Karnataka,Bengaluru Urban,14.6126,75.8389,City Road,Overcast,Night,18,Male,Bike,73,Yes,No,No,Drunk Driving,High,4.0
ACC32444,16-08-2022,14:19,Tamil Nadu,Chennai,11.4156,79.145,City Road,Foggy,Day,32,Male,Truck,58,No,Yes,Yes,Poor Weather Visibility,High,8.0
ACC32445,22-09-2024,19:22,Andhra Pradesh,Visakhapatnam,15.6374,79.7816,National Highway,Clear,Night,21,Female,Bike,74,No,No,No,Over Speeding,Medium,
ACC32446,07-10-2023,07:25,Andhra Pradesh,Guntur,16.2954,79.7413,National Highway,Clear,Day,37,Female,Auto,59,No,No,No,Over Speeding,Low,2.0
ACC32447,13-07-2023,10:17,Karnataka,Bengaluru Urban,14.6753,75.9572,National Highway,Clear,Day,37,Male,Bus,60,No,No,No,Signal Jumping,Low,0.0
ACC32448,10-07-2022,15:51,Telangana,Nizamabad,17.5574,78.8573,Expressway,Clear,Day,37,Male,Bike,74,No,No,No,Over Speeding,High,6.0
ACC32449,25-08-2024,09:43,Karnataka,Belagavi,15.079,75.4272,State Highway,Clear,Day,75,Male,Auto,51,No,No,Yes,Pothole/Bad Road,Low,1.0
ACC32450,16-04-2023,18:43,Kerala,Ernakulam,10.0593,75.6801,State Highway,Clear,Dusk,52,Male,Bus,65,No,No,No,Over Speeding,Medium,0.0
ACC32451,14-04-2023,19:50,Karnataka,Bengaluru Urban,15.6581,75.6945,Expressway,Clear,Night,19,Male,Bike,86,No,No,No,Over Speeding,High,3.0
ACC32452,20-07-2024,16:20,Tamil Nadu,Chennai,10.8229,78.7632,City Road,Clear,Day,55,Male,Auto,43,No,No,No,Poor Weather Visibility,Low,1.0
ACC32453,11-12-2024,07:21,Telangana,Karimnagar,17.7927,78.9343,National Highway,Cloudy,Day,23,Female,Car,63,No,No,No,Poor Weather Visibility,Low,1.0
ACC32454,05-05-2022,20:21,Karnataka,Bengaluru Urban,15.4472,75.766,National Highway,Clear,Night,41,Male,Bus,80,No,No,Yes,Over Speeding,High,11.0
ACC32455,06-08-2023,21:22,Karnataka,Mysuru,15.2419,76.3859,Village Road,Rainy,Night,42,Female,Bike,42,Yes,No,No,Poor Weather Visibility,Medium,1.0
ACC32456,14-11-2022,08:50,Karnataka,Mysuru,14.7511,75.8718,Expressway,Clear,Day,47,Male,Bike,92,Yes,No,Yes,Over Speeding,High,6.0
ACC32457,10-12-2024,08:25,Tamil Nadu,Salem,10.9018,79.3278,State Highway,Cloudy,Day,22,Male,Auto,65,No,Yes,No,Drowsy Driving,Medium,
ACC32458,01-10-2023,09:34,Kerala,Thiruvananthapuram,10.0187,76.741,Village Road,Rainy,Day,33,Male,Bike,15,No,No,No,Poor Weather Visibility,Low,1.0
ACC32459,14-04-2024,20:35,Kerala,Kozhikode,9.9958,76.6383,National Highway,Clear,Night,28,Male,Truck,114,Yes,Yes,No,Over Speeding,High,4.0
ACC32460,12-08-2024,22:16,Karnataka,Belagavi,15.6703,75.6249,Expressway,Cloudy,Night,21,Male,Bus,82,Yes,No,No,Drunk Driving,High,8.0
ACC32461,10-02-2023,17:48,Karnataka,Belagavi,14.9262,75.8295,Village Road,Clear,Dusk,40,Female,Truck,44,Yes,No,No,Drunk Driving,Low,1.0
ACC32462,27-05-2024,10:12,Telangana,Warangal,18.0244,78.2711,Village Road,Clear,Day,50,Female,Auto,34,No,No,No,Poor Weather Visibility,Low,1.0
ACC32463,03-01-2022,12:57,Puducherry,Karaikal,11.9709,79.7245,Expressway,Clear,Day,53,Male,Auto,94,No,No,No,Over Speeding,High,6.0
ACC32464,30-10-2023,19:51,Telangana,Khammam,17.5944,79.3117,State Highway,Cloudy,Night,51,Male,Bike,43,No,No,No,Poor Weather Visibility,Low,1.0
ACC32465,02-06-2023,14:10,Telangana,Nizamabad,18.029,78.9268,City Road,Clear,Day,42,Male,Car,34,Yes,No,No,Drunk Driving,Low,0.0
ACC32466,15-08-2022,18:43,Tamil Nadu,Salem,11.2134,78.7854,City Road,Clear,Dusk,37,Female,Car,34,No,No,No,Signal Jumping,Low,0.0
ACC32467,16-08-2023,06:13,Telangana,Warangal,18.2045,79.4622,City Road,Rainy,Day,33,Male,Bus,46,No,No,Yes,Poor Weather Visibility,Low,0.0
ACC32468,09-08-2023,00:01,Karnataka,Mysuru,15.5702,75.8189,Village Road,Clear,Night,25,Male,Car,30,No,No,No,Signal Jumping,Low,0.0
ACC32469,27-09-2022,18:46,Andhra Pradesh,Vijayawada,16.0754,79.5971,State Highway,Clear,Dusk,45,Male,Car,67,No,No,No,Over Speeding,Low,0.0
ACC32470,06-01-2023,20:39,Karnataka,Hubballi,15.243,75.7639,Village Road,Cloudy,Night,27,Male,Auto,38,No,No,Yes,Pothole/Bad Road,Low,0.0
ACC32471,29-12-2023,07:49,Karnataka,Mysuru,14.7222,75.8641,Village Road,Cloudy,Day,32,Male,Bus,65,No,No,Yes,Pothole/Bad Road,Low,0.0
ACC32472,03-09-2022,10:09,Telangana,Hyderabad,17.4938,77.4637,City Road,Cloudy,Day,42,Female,Truck,49,No,Yes,No,Drowsy Driving,Medium,2.0
ACC32473,15-02-2023,21:56,Tamil Nadu,Madurai,10.5749,78.611,Village Road,Cloudy,Night,50,Female,Auto,59,No,No,No,Poor Weather Visibility,Medium,
ACC32474,30-09-2024,19:50,Tamil Nadu,Tiruchirappalli,10.8691,78.6087,State Highway,Clear,Night,26,Male,Car,74,No,Yes,No,Drowsy Driving,Medium,2.0
ACC32475,21-09-2024,02:50,Tamil Nadu,Salem,10.8586,78.1171,Village Road,Overcast,Night,29,Male,Bike,65,No,Yes,No,Drowsy Driving,High,7.0
ACC32476,19-06-2024,20:36,Telangana,Hyderabad,17.9993,79.2152,National Highway,Clear,Night,41,Male,Car,69,No,Yes,No,Drowsy Driving,Medium,6.0
ACC32477,12-02-2023,17:33,Tamil Nadu,Madurai,11.4953,78.3273,National Highway,Clear,Dusk,18,Female,Bike,74,No,No,No,Over Speeding,High,5.0
ACC32478,11-01-2022,09:58,Kerala,Kozhikode,10.3947,76.3979,City Road,Rainy,Day,33,Male,Auto,54,No,No,No,Poor Weather Visibility,Low,1.0
ACC32479,16-06-2022,17:22,Andhra Pradesh,Guntur,15.2647,79.9007,City Road,Clear,Dusk,45,Male,Bus,70,Yes,No,No,Drunk Driving,High,8.0
ACC32480,23-11-2022,17:51,Tamil Nadu,Chennai,11.1682,78.8313,National Highway,Overcast,Dusk,24,Male,Bike,47,No,No,No,Poor Weather Visibility,Low,0.0
ACC32481,29-12-2023,16:09,Tamil Nadu,Coimbatore,11.3373,78.6625,Village Road,Cloudy,Day,39,Male,Bus,74,Yes,Yes,No,Drunk Driving,Medium,4.0
ACC32482,27-09-2024,17:39,Andhra Pradesh,Vijayawada,15.6888,79.9071,City Road,Clear,Dusk,43,Male,Car,66,No,No,No,Over Speeding,Low,0.0
ACC32483,14-06-2023,16:31,Tamil Nadu,Madurai,11.5699,78.456,State Highway,Cloudy,Day,41,Male,Bike,77,Yes,No,No,Drunk Driving,High,7.0
ACC32484,16-11-2022,18:19,Tamil Nadu,Madurai,12.2137,78.2337,Expressway,Clear,Dusk,52,Male,Auto,91,No,No,Yes,Over Speeding,High,
ACC32485,25-07-2023,00:08,Tamil Nadu,Madurai,11.0856,78.3085,Village Road,Rainy,Night,53,Female,Auto,43,No,Yes,Yes,Poor Weather Visibility,Medium,2.0
ACC32486,10-06-2023,13:13,Andhra Pradesh,Guntur,15.7916,79.7702,City Road,Cloudy,Day,36,Female,Auto,54,No,No,No,Poor Weather Visibility,Low,1.0
ACC32487,02-03-2022,11:42,Karnataka,Bengaluru Urban,14.7961,76.3425,National Highway,Cloudy,Day,25,Male,Bike,60,No,No,No,Poor Weather Visibility,Medium,4.0
ACC32488,10-12-2024,17:36,Karnataka,Bengaluru Urban,15.825,75.2027,Village Road,Rainy,Dusk,39,Female,Car,35,No,No,No,Poor Weather Visibility,Low,0.0
ACC32489,13-02-2022,00:25,Tamil Nadu,Coimbatore,11.4328,78.925,City Road,Clear,Night,41,Male,Bike,28,No,No,Yes,Pothole/Bad Road,Low,2.0
ACC32490,13-05-2024,17:15,Karnataka,Hubballi,15.3315,75.4442,National Highway,Clear,Dusk,28,Male,Bike,66,No,No,No,Signal Jumping,Low,2.0
ACC32491,28-10-2022,12:35,Kerala,Thrissur,10.1121,76.4631,National Highway,Overcast,Day,30,Female,Bike,48,No,No,No,Poor Weather Visibility,Low,1.0
ACC32492,03-07-2024,18:00,Kerala,Thiruvananthapuram,10.112,76.0866,State Highway,Cloudy,Dusk,71,Male,Car,44,No,No,No,Signal Jumping,Low,1.0
ACC32493,28-09-2023,07:17,Puducherry,Puducherry,11.6061,78.7613,State Highway,Foggy,Day,44,Female,Bus,55,No,No,No,Poor Weather Visibility,Medium,2.0
ACC32494,12-02-2023,08:05,Andhra Pradesh,Kurnool,15.8195,79.543,City Road,Clear,Day,31,Female,Auto,52,No,No,Yes,Pothole/Bad Road,Low,3.0
ACC32495,10-04-2023,13:45,Andhra Pradesh,Kurnool,15.4066,79.4138,Village Road,Clear,Day,33,Male,Car,55,No,Yes,No,Drowsy Driving,Medium,4.0
ACC32496,18-01-2024,17:56,Kerala,Thiruvananthapuram,9.9021,76.2575,National Highway,Rainy,Dusk,52,Female,Car,72,No,No,No,Poor Weather Visibility,Medium,2.0
ACC32497,01-01-2022,14:32,Karnataka,Mangaluru,15.3493,75.6732,City Road,Rainy,Day,18,Male,Car,64,Yes,No,No,Poor Weather Visibility,Medium,2.0
ACC32498,07-06-2022,07:19,Karnataka,Bengaluru Urban,15.1433,76.0893,City Road,Clear,Day,63,Male,Car,36,No,No,No,Poor Weather Visibility,Low,0.0
ACC32499,18-05-2022,18:18,Karnataka,Hubballi,15.3397,75.0969,Village Road,Rainy,Dusk,45,Male,Car,39,No,No,Yes,Poor Weather Visibility,Low,0.0
ACC32500,16-02-2024,14:04,Andhra Pradesh,Visakhapatnam,15.3615,79.3753,City Road,Overcast,Day,31,Male,Auto,55,No,No,No,Poor Weather Visibility,Low,2.0
ACC32501,22-03-2023,11:38,Tamil Nadu,Tiruchirappalli,10.7293,78.9119,State Highway,Clear,Day,61,Male,Bus,79,No,Yes,No,Drowsy Driving,Low,1.0
ACC32502,25-12-2023,18:48,Andhra Pradesh,Kurnool,15.6554,79.9618,Village Road,Clear,Dusk,30,Male,Car,54,No,No,No,Poor Weather Visibility,Medium,3.0
ACC32503,04-05-2024,21:30,Karnataka,Hubballi,15.4404,76.1751,National Highway,Clear,Night,36,Male,Truck,72,Yes,No,No,Drunk Driving,Medium,1.0
ACC32504,25-08-2023,14:06,Kerala,Thiruvananthapuram,10.6094,76.6192,City Road,Rainy,Day,44,Male,Bike,33,No,No,Yes,Poor Weather Visibility,Low,1.0
ACC32505,22-02-2022,17:54,Tamil Nadu,Chennai,10.9516,78.0031,Expressway,Cloudy,Dusk,36,Male,Bike,98,No,Yes,No,Over Speeding,High,8.0
ACC32506,17-08-2023,06:20,Andhra Pradesh,Guntur,16.281,79.9092,City Road,Cloudy,Day,32,Female,Bike,40,No,Yes,Yes,Drowsy Driving,Medium,0.0
ACC32507,27-03-2022,18:52,Kerala,Ernakulam,10.246,75.6005,National Highway,Rainy,Dusk,31,Female,Car,63,No,No,No,Poor Weather Visibility,Medium,2.0
ACC32508,17-07-2024,14:25,Puducherry,Puducherry,11.7659,79.8797,Village Road,Cloudy,Day,37,Female,Truck,41,No,No,No,Poor Weather Visibility,Low,0.0
ACC32509,22-08-2022,11:37,Telangana,Karimnagar,17.568,79.1535,National Highway,Clear,Day,62,Male,Auto,71,No,No,No,Signal Jumping,Medium,2.0
ACC32510,15-06-2022,07:20,Telangana,Hyderabad,18.2942,78.4581,National Highway,Clear,Day,25,Female,Car,55,No,No,Yes,Pothole/Bad Road,Medium,0.0
ACC32511,27-12-2023,18:26,Tamil Nadu,Madurai,10.9776,79.3129,National Highway,Overcast,Dusk,44,Female,Car,52,No,No,No,Signal Jumping,Medium,3.0
ACC32512,22-07-2023,17:16,Andhra Pradesh,Guntur,14.9866,79.8857,Expressway,Clear,Dusk,23,Male,Car,83,No,No,No,Over Speeding,Medium,4.0
ACC32513,04-05-2024,14:24,Tamil Nadu,Chennai,10.7662,78.324,National Highway,Clear,Day,19,Male,Car,51,No,No,No,Signal Jumping,Low,0.0
ACC32514,11-12-2022,00:50,Andhra Pradesh,Guntur,16.326,79.8127,Expressway,Clear,Night,40,Male,Car,62,No,No,Yes,Pothole/Bad Road,Medium,4.0
ACC32515,10-11-2023,23:09,Puducherry,Karaikal,11.9739,80.1628,National Highway,Clear,Night,26,Male,Bus,83,Yes,Yes,No,Drunk Driving,High,8.0
ACC32516,24-02-2022,07:51,Tamil Nadu,Coimbatore,11.0022,78.4061,Expressway,Cloudy,Day,31,Female,Bus,93,No,No,No,Over Speeding,High,9.0
ACC32517,10-01-2023,13:14,Karnataka,Mysuru,15.2206,75.5648,National Highway,Cloudy,Day,36,Female,Auto,69,No,No,No,Poor Weather Visibility,Medium,2.0
ACC32518,28-01-2024,13:27,Andhra Pradesh,Guntur,16.0278,78.7193,City Road,Foggy,Day,56,Male,Car,55,No,No,No,Poor Weather Visibility,Low,1.0
ACC32519,18-12-2024,15:48,Puducherry,Puducherry,11.8868,80.2289,Expressway,Cloudy,Day,47,Male,Bike,73,No,No,No,Over Speeding,Low,0.0
ACC32520,04-02-2022,04:11,Tamil Nadu,Coimbatore,11.7361,78.3502,Village Road,Rainy,Night,31,Male,Car,64,No,Yes,No,Poor Weather Visibility,High,2.0
ACC32521,12-08-2022,13:35,Andhra Pradesh,Nellore,15.3641,79.498,Village Road,Rainy,Day,29,Female,Car,53,No,No,No,Poor Weather Visibility,Low,2.0
ACC32522,03-12-2023,20:43,Tamil Nadu,Chennai,11.0434,78.9958,State Highway,Rainy,Night,37,Male,Bus,66,No,No,No,Poor Weather Visibility,Medium,4.0
ACC32523,04-10-2023,13:47,Puducherry,Karaikal,11.6327,80.1001,Village Road,Clear,Day,41,Male,Car,29,No,No,Yes,Pothole/Bad Road,Low,0.0
ACC32524,21-08-2023,21:34,Tamil Nadu,Coimbatore,11.2904,78.1592,State Highway,Overcast,Night,31,Female,Bike,66,Yes,No,No,Drunk Driving,High,3.0
ACC32525,16-01-2023,18:08,Karnataka,Mysuru,15.3286,75.3021,City Road,Rainy,Dusk,23,Female,Auto,73,Yes,No,No,Poor Weather Visibility,High,8.0
ACC32526,25-12-2024,02:52,Karnataka,Hubballi,15.1427,75.2195,State Highway,Overcast,Night,33,Male,Bike,88,Yes,No,No,Over Speeding,High,2.0
ACC32527,19-02-2023,20:53,Tamil Nadu,Chennai,11.2909,78.2545,City Road,Overcast,Night,48,Male,Auto,48,No,No,No,Poor Weather Visibility,Low,2.0
ACC32528,05-06-2022,20:48,Tamil Nadu,Coimbatore,11.4385,78.3532,State Highway,Clear,Night,62,Male,Bike,84,No,Yes,No,Over Speeding,High,8.0
ACC32529,26-06-2024,16:43,Karnataka,Bengaluru Urban,15.7072,75.5225,National Highway,Cloudy,Day,38,Male,Car,74,No,No,No,Over Speeding,Medium,3.0
ACC32530,29-04-2022,12:47,Telangana,Nizamabad,18.1421,79.0824,City Road,Rainy,Day,53,Male,Bus,43,No,No,Yes,Poor Weather Visibility,Low,0.0
ACC32531,20-04-2023,20:33,Karnataka,Mysuru,15.4656,76.2387,National Highway,Clear,Night,30,Male,Bus,81,No,Yes,No,Over Speeding,Medium,3.0
ACC32532,13-12-2022,20:57,Tamil Nadu,Tiruchirappalli,10.513,78.7473,Village Road,Clear,Night,55,Male,Bike,20,No,No,No,Signal Jumping,Low,1.0
ACC32533,13-02-2022,06:03,Andhra Pradesh,Visakhapatnam,15.2289,80.0958,City Road,Clear,Day,25,Female,Bus,37,No,No,No,Signal Jumping,Low,2.0
ACC32534,09-04-2024,21:13,Kerala,Thiruvananthapuram,9.7533,76.4539,Village Road,Cloudy,Night,37,Female,Bike,41,No,No,No,Signal Jumping,Low,1.0
ACC32535,11-05-2023,16:15,Kerala,Thiruvananthapuram,10.9399,76.3386,National Highway,Cloudy,Day,23,Male,Auto,86,Yes,No,No,Over Speeding,High,6.0
ACC32536,19-03-2022,10:26,Andhra Pradesh,Nellore,15.5776,80.3173,City Road,Cloudy,Day,24,Female,Bike,60,No,Yes,No,Drowsy Driving,Low,0.0
ACC32537,19-07-2022,02:38,Kerala,Ernakulam,10.4318,76.4039,City Road,Overcast,Night,18,Male,Bike,58,No,No,No,Poor Weather Visibility,Medium,2.0
ACC32538,21-10-2023,19:24,Telangana,Khammam,18.2262,79.1566,National Highway,Foggy,Night,18,Male,Bike,87,Yes,No,No,Poor Weather Visibility,High,8.0
ACC32539,31-03-2023,18:01,Puducherry,Karaikal,11.221,79.7381,State Highway,Clear,Dusk,41,Male,Bike,56,No,No,No,Poor Weather Visibility,Medium,
ACC32540,22-04-2022,12:03,Telangana,Khammam,17.8098,78.8385,Village Road,Overcast,Day,24,Male,Bus,32,No,No,Yes,Pothole/Bad Road,Low,3.0
ACC32541,21-11-2024,02:47,Tamil Nadu,Coimbatore,10.9674,78.6907,Village Road,Clear,Night,21,Female,Truck,67,Yes,No,No,Drunk Driving,Medium,4.0
ACC32542,12-05-2022,20:15,Andhra Pradesh,Nellore,16.6166,80.2212,Village Road,Overcast,Night,37,Male,Car,52,Yes,No,No,Drunk Driving,Medium,4.0
ACC32543,20-04-2022,22:28,Kerala,Kozhikode,10.1063,76.2888,State Highway,Cloudy,Night,20,Male,Bike,104,Yes,No,No,Over Speeding,High,7.0
ACC32544,22-01-2023,07:06,Karnataka,Hubballi,14.8501,76.0081,City Road,Rainy,Day,53,Male,Car,44,No,No,Yes,Poor Weather Visibility,Medium,1.0
ACC32545,26-06-2024,14:18,Puducherry,Karaikal,11.6227,79.1808,Expressway,Foggy,Day,42,Male,Car,71,No,No,No,Poor Weather Visibility,Medium,4.0
ACC32546,05-10-2022,20:25,Telangana,Hyderabad,17.9306,79.347,State Highway,Clear,Night,18,Female,Car,79,Yes,No,No,Drunk Driving,High,4.0
ACC32547,05-03-2023,07:27,Tamil Nadu,Tiruchirappalli,10.966,77.4417,Village Road,Foggy,Day,58,Male,Bike,44,No,No,No,Poor Weather Visibility,Low,0.0
ACC32548,12-08-2023,18:20,Karnataka,Mangaluru,15.4877,75.0975,Village Road,Clear,Dusk,43,Female,Bike,29,No,Yes,No,Drowsy Driving,Low,0.0
ACC32549,02-03-2022,10:08,Tamil Nadu,Coimbatore,11.3916,77.911,City Road,Rainy,Day,46,Female,Bus,50,No,Yes,No,Poor Weather Visibility,Medium,2.0
ACC32550,13-04-2024,02:00,Andhra Pradesh,Visakhapatnam,16.1116,79.9734,Village Road,Rainy,Night,29,Female,Bike,50,Yes,No,No,Poor Weather Visibility,Medium,3.0
ACC32551,07-06-2022,13:19,Tamil Nadu,Tiruchirappalli,10.9551,78.6452,City Road,Clear,Day,34,Male,Bus,55,No,No,No,Signal Jumping,Low,0.0
ACC32552,08-11-2024,12:47,Puducherry,Karaikal,11.6757,79.3247,City Road,Clear,Day,43,Male,Bike,50,No,No,No,Signal Jumping,Low,0.0
ACC32553,14-06-2023,07:19,Kerala,Kozhikode,9.8142,76.0151,State Highway,Clear,Day,53,Male,Auto,46,No,No,No,Signal Jumping,Low,1.0
ACC32554,11-09-2024,13:00,Tamil Nadu,Madurai,10.6504,78.7394,City Road,Clear,Day,36,Male,Truck,53,No,Yes,Yes,Drowsy Driving,Low,1.0
ACC32555,25-12-2023,18:11,Andhra Pradesh,Visakhapatnam,15.2957,79.2136,National Highway,Clear,Dusk,47,Male,Truck,73,No,Yes,No,Drowsy Driving,Medium,4.0
ACC32556,15-05-2024,18:24,Kerala,Thrissur,10.0406,76.1266,City Road,Rainy,Dusk,30,Male,Truck,46,No,No,No,Poor Weather Visibility,Low,0.0
ACC32557,13-11-2022,12:27,Puducherry,Karaikal,11.6215,80.1519,National Highway,Rainy,Day,43,Male,Bike,87,No,No,Yes,Poor Weather Visibility,High,6.0
ACC32558,04-01-2022,15:04,Andhra Pradesh,Guntur,15.4588,80.6944,Expressway,Overcast,Day,18,Male,Car,87,No,No,No,Over Speeding,Medium,2.0
ACC32559,03-02-2023,12:59,Kerala,Ernakulam,9.7367,76.5712,City Road,Clear,Day,40,Male,Car,51,No,No,No,Signal Jumping,Low,1.0
ACC32560,03-12-2023,22:39,Karnataka,Belagavi,15.9674,75.4924,Village Road,Rainy,Night,57,Female,Car,40,No,No,No,Poor Weather Visibility,Medium,2.0
ACC32561,24-11-2023,23:59,Kerala,Ernakulam,10.6037,76.8283,City Road,Clear,Night,38,Male,Truck,56,No,No,Yes,Pothole/Bad Road,Low,3.0
ACC32562,15-02-2023,13:32,Tamil Nadu,Tiruchirappalli,10.2158,78.1768,Village Road,Foggy,Day,41,Female,Bike,25,No,No,No,Poor Weather Visibility,Low,0.0
ACC32563,01-01-2022,18:53,Tamil Nadu,Coimbatore,10.9499,78.237,City Road,Clear,Dusk,40,Male,Car,51,No,No,No,Signal Jumping,Low,0.0
ACC32564,14-10-2022,12:51,Andhra Pradesh,Guntur,15.9452,80.0461,City Road,Clear,Day,42,Male,Auto,58,No,No,Yes,Pothole/Bad Road,Low,1.0
ACC32565,19-10-2023,16:47,Tamil Nadu,Salem,11.1803,78.4721,Village Road,Clear,Day,30,Male,Bike,48,No,Yes,No,Signal Jumping,Low,1.0
ACC32566,16-09-2024,16:58,Telangana,Nizamabad,18.5419,79.1481,National Highway,Cloudy,Day,28,Female,Car,77,No,No,No,Over Speeding,Medium,1.0
ACC32567,03-02-2022,13:17,Karnataka,Hubballi,15.7069,75.1289,Expressway,Cloudy,Day,33,Male,Bike,83,No,No,No,Over Speeding,Medium,1.0
ACC32568,06-07-2022,20:42,Puducherry,Karaikal,12.7165,79.8943,City Road,Rainy,Night,41,Male,Car,69,No,No,No,Poor Weather Visibility,Medium,3.0
ACC32569,12-03-2023,12:48,Tamil Nadu,Coimbatore,11.3309,78.8117,State Highway,Clear,Day,55,Male,Bike,66,No,Yes,No,Drowsy Driving,Medium,1.0
ACC32570,10-07-2024,08:44,Kerala,Kollam,10.3225,76.2349,Village Road,Cloudy,Day,47,Female,Bus,48,No,No,No,Poor Weather Visibility,Low,0.0
ACC32571,11-01-2024,23:17,Tamil Nadu,Madurai,10.8067,78.0806,Expressway,Cloudy,Night,35,Female,Bike,68,No,No,No,Poor Weather Visibility,Medium,
ACC32572,07-05-2023,21:13,Tamil Nadu,Coimbatore,11.4579,78.5777,Expressway,Rainy,Night,34,Male,Bus,70,No,Yes,No,Poor Weather Visibility,Medium,1.0
ACC32573,03-01-2023,14:09,Tamil Nadu,Chennai,11.3395,78.2956,State Highway,Clear,Day,22,Male,Truck,39,No,No,No,Signal Jumping,Low,2.0
ACC32574,26-11-2022,06:59,Karnataka,Mangaluru,15.3715,75.8478,City Road,Clear,Day,49,Female,Auto,60,No,No,No,Over Speeding,Low,0.0
ACC32575,07-05-2023,11:34,Telangana,Karimnagar,17.5816,78.5575,City Road,Overcast,Day,44,Female,Auto,54,No,No,No,Poor Weather Visibility,Low,0.0
ACC32576,16-04-2023,13:26,Telangana,Nizamabad,18.0237,78.4201,Village Road,Clear,Day,38,Male,Car,25,No,No,Yes,Pothole/Bad Road,Low,1.0
ACC32577,15-09-2022,20:02,Karnataka,Hubballi,14.9817,75.4193,City Road,Cloudy,Night,24,Female,Bike,54,No,No,No,Poor Weather Visibility,Low,0.0
ACC32578,28-05-2022,07:52,Tamil Nadu,Salem,11.5172,78.3237,City Road,Clear,Day,35,Female,Bike,61,Yes,No,No,Drunk Driving,Medium,4.0
ACC32579,06-02-2024,12:00,Andhra Pradesh,Guntur,15.578,78.9007,City Road,Clear,Day,47,Male,Bike,41,No,No,Yes,Pothole/Bad Road,Low,
ACC32580,08-05-2024,17:26,Kerala,Ernakulam,10.3174,76.0921,City Road,Cloudy,Dusk,32,Male,Bike,58,No,No,Yes,Pothole/Bad Road,Medium,1.0
ACC32581,02-02-2023,09:19,Karnataka,Mangaluru,15.6284,74.9788,City Road,Overcast,Day,20,Female,Bike,46,No,No,No,Poor Weather Visibility,Low,0.0
ACC32582,01-02-2022,09:30,Karnataka,Mysuru,15.6597,75.6476,City Road,Overcast,Day,40,Female,Bike,43,Yes,No,No,Drunk Driving,Low,3.0
ACC32583,28-12-2022,13:11,Kerala,Thiruvananthapuram,9.6976,76.8378,City Road,Clear,Day,40,Male,Auto,41,No,No,Yes,Pothole/Bad Road,Low,0.0
ACC32584,21-03-2022,14:17,Kerala,Thiruvananthapuram,10.1816,75.9096,National Highway,Clear,Day,33,Male,Car,62,No,No,No,Over Speeding,Low,0.0
ACC32585,02-09-2022,20:30,Kerala,Thiruvananthapuram,9.9447,76.316,Village Road,Cloudy,Night,56,Male,Auto,25,No,No,No,Poor Weather Visibility,Low,2.0
ACC32586,29-05-2022,14:38,Tamil Nadu,Chennai,11.5751,78.1416,Village Road,Cloudy,Day,20,Male,Auto,25,No,No,Yes,Pothole/Bad Road,Low,1.0
ACC32587,09-04-2024,09:26,Kerala,Thrissur,10.4111,76.6765,Village Road,Foggy,Day,18,Male,Car,39,No,No,No,Poor Weather Visibility,Medium,4.0
ACC32588,07-07-2023,12:29,Puducherry,Puducherry,11.1917,80.4308,State Highway,Rainy,Day,27,Female,Auto,72,No,No,No,Poor Weather Visibility,Medium,2.0
ACC32589,26-09-2023,11:24,Tamil Nadu,Salem,10.2959,78.3999,National Highway,Cloudy,Day,28,Male,Auto,76,No,No,No,Over Speeding,Medium,3.0
ACC32590,17-12-2023,21:10,Kerala,Kollam,10.3012,76.2261,State Highway,Foggy,Night,19,Male,Car,44,No,No,No,Poor Weather Visibility,Medium,1.0
ACC32591,27-12-2023,21:50,Karnataka,Bengaluru Urban,15.2968,76.0435,National Highway,Clear,Night,40,Female,Bus,74,No,No,No,Over Speeding,Medium,2.0
ACC32592,25-03-2023,11:25,Karnataka,Hubballi,15.261,75.7887,Village Road,Clear,Day,22,Male,Bike,48,No,No,No,Signal Jumping,Low,1.0
ACC32593,17-08-2022,17:43,Kerala,Thrissur,9.7897,76.7807,Village Road,Clear,Dusk,36,Female,Bus,43,No,Yes,Yes,Drowsy Driving,Low,1.0
ACC32594,13-09-2024,00:18,Andhra Pradesh,Vijayawada,16.1809,80.0149,State Highway,Overcast,Night,31,Male,Car,52,No,No,No,Poor Weather Visibility,Low,0.0
ACC32595,06-09-2024,23:17,Kerala,Kozhikode,10.7678,76.4582,City Road,Clear,Night,18,Male,Car,43,No,No,No,Poor Weather Visibility,Low,3.0
ACC32596,04-04-2023,07:44,Karnataka,Bengaluru Urban,14.4689,76.235,State Highway,Clear,Day,18,Male,Bike,64,No,No,No,Over Speeding,Medium,4.0
ACC32597,21-09-2024,14:58,Telangana,Nizamabad,17.2957,78.795,State Highway,Clear,Day,45,Female,Bike,66,No,No,No,Over Speeding,Low,3.0
ACC32598,10-09-2022,06:04,Puducherry,Puducherry,12.3583,79.6167,State Highway,Clear,Day,35,Female,Car,54,No,No,No,Signal Jumping,Low,1.0