Accident_ID,Date,Time,State,District,Latitude,Longitude,Road_Type,Weather,Light_Condition,Driver_Age,Driver_Gender,Vehicle_Type,Speed_kmph,Alcohol_Involved,Driver_Drowsy,Pothole_Involved,Cause_of_Accident,Severity,Casualties
ACC32599,06-06-2023,09:18,Andhra Pradesh,Vijayawada,15.8303,79.9935,Village Road,Cloudy,Day,43,Male,Bike,39,No,No,Yes,Pothole/Bad Road,Low,1.0
ACC32600,23-09-2024,13:03,Karnataka,Belagavi,15.7614,75.2931,State Highway,Clear,Day,36,Female,Car,65,No,No,No,Over Speeding,Low,0.0
ACC32601,23-05-2023,20:14,Kerala,Kozhikode,10.3248,76.8165,State Highway,Clear,Night,18,Female,Bike,65,No,No,No,Signal Jumping,Medium,2.0
ACC32602,18-06-2024,18:16,Kerala,Thrissur,10.4298,76.4829,City Road,Overcast,Dusk,28,Male,Bike,34,No,No,No,Poor Weather Visibility,Low,1.0
ACC32603,10-10-2023,06:13,Puducherry,Karaikal,11.8221,79.7148,Village Road,Rainy,Day,34,Male,Car,36,No,No,No,Poor Weather Visibility,Low,1.0
ACC32604,15-10-2023,11:00,Telangana,Warangal,18.286,78.8637,Village Road,Cloudy,Day,60,Male,Auto,30,No,No,Yes,Signal Jumping,Low,0.0
ACC32605,01-06-2023,22:29,Andhra Pradesh,Guntur,16.0662,79.3774,City Road,Clear,Night,49,Male,Auto,61,Yes,No,No,Drunk Driving,Medium,3.0
ACC32606,28-02-2022,21:30,Puducherry,Karaikal,11.8971,80.0026,City Road,Rainy,Night,28,Female,Car,26,No,No,No,Poor Weather Visibility,Low,1.0
ACC32607,25-10-2024,18:31,Tamil Nadu,Madurai,11.0543,79.3997,City Road,Cloudy,Dusk,31,Male,Bus,40,No,No,No,Poor Weather Visibility,Low,1.0
ACC32608,14-08-2022,15:44,Karnataka,Hubballi,15.6061,76.1826,National Highway,Clear,Day,21,Female,Bike,68,No,No,No,Over Speeding,Medium,4.0
ACC32609,01-12-2022,18:31,Karnataka,Hubballi,16.2826,75.9809,City Road,Overcast,Dusk,40,Male,Truck,26,No,No,Yes,Pothole/Bad Road,Low,0.0
ACC32610,03-02-2024,05:39,Kerala,Ernakulam,10.2682,76.903,City Road,Clear,Dawn,49,Male,Auto,48,No,No,No,Signal Jumping,Low,1.0
ACC32611,09-09-2023,05:31,Kerala,Kollam,10.0548,76.2847,Village Road,Rainy,Dawn,18,Male,Auto,56,No,Yes,No,Poor Weather Visibility,Medium,5.0
ACC32612,18-12-2022,16:57,Tamil Nadu,Chennai,11.7029,79.081,Village Road,Clear,Day,56,Male,Bike,47,No,No,Yes,Pothole/Bad Road,Low,1.0
ACC32613,07-06-2024,14:38,Tamil Nadu,Madurai,11.2603,78.4486,City Road,Clear,Day,53,Male,Truck,29,No,No,No,Poor Weather Visibility,Low,0.0
ACC32614,07-06-2024,16:13,Kerala,Ernakulam,9.647,76.2348,National Highway,Overcast,Day,38,Male,Truck,68,No,No,Yes,Pothole/Bad Road,Medium,1.0
ACC32615,07-04-2023,12:02,Kerala,Thiruvananthapuram,10.9101,76.6143,Village Road,Rainy,Day,35,Female,Auto,19,No,No,Yes,Poor Weather Visibility,Low,1.0
ACC32616,12-03-2023,20:01,Karnataka,Mangaluru,15.9298,76.2855,State Highway,Rainy,Night,40,Female,Truck,56,No,Yes,Yes,Poor Weather Visibility,Medium,2.0
ACC32617,20-01-2023,14:24,Andhra Pradesh,Kurnool,16.0273,79.4496,State Highway,Clear,Day,47,Male,Car,37,No,No,Yes,Pothole/Bad Road,Low,
ACC32618,12-06-2022,18:40,Andhra Pradesh,Visakhapatnam,15.7174,80.0259,National Highway,Rainy,Dusk,40,Male,Truck,78,No,Yes,No,Poor Weather Visibility,Medium,2.0
ACC32619,26-11-2022,18:19,Tamil Nadu,Salem,11.6011,78.627,State Highway,Overcast,Dusk,35,Male,Car,68,No,No,No,Poor Weather Visibility,Medium,1.0
ACC32620,29-08-2022,16:46,Tamil Nadu,Salem,11.4677,78.7944,State Highway,Cloudy,Day,18,Female,Bike,76,No,No,No,Over Speeding,Medium,4.0
ACC32621,26-03-2022,11:33,Telangana,Warangal,17.7378,79.6582,City Road,Clear,Day,60,Male,Auto,34,No,No,Yes,Pothole/Bad Road,Low,0.0
ACC32622,10-08-2024,17:17,Telangana,Hyderabad,17.8838,78.4583,Village Road,Rainy,Dusk,29,Male,Car,58,No,No,No,Poor Weather Visibility,Low,0.0
ACC32623,28-01-2023,19:08,Andhra Pradesh,Vijayawada,16.1997,79.5277,Village Road,Cloudy,Night,18,Male,Bike,40,No,Yes,No,Drowsy Driving,Medium,6.0
ACC32624,16-04-2022,12:36,Karnataka,Belagavi,15.4801,76.0961,National Highway,Clear,Day,48,Male,Car,55,No,No,No,Poor Weather Visibility,Low,3.0
ACC32625,18-01-2022,21:53,Karnataka,Mangaluru,15.3093,75.5863,City Road,Clear,Night,54,Male,Auto,36,Yes,No,No,Drunk Driving,Low,0.0
ACC32626,24-10-2022,23:21,Tamil Nadu,Coimbatore,10.705,78.7844,National Highway,Overcast,Night,20,Male,Car,104,Yes,Yes,No,Over Speeding,High,11.0
ACC32627,16-04-2024,10:10,Kerala,Kollam,10.186,75.756,National Highway,Cloudy,Day,32,Female,Car,71,No,No,No,Poor Weather Visibility,Medium,6.0
ACC32628,17-10-2022,18:25,Kerala,Thrissur,10.557,76.8219,State Highway,Clear,Dusk,36,Male,Auto,59,No,No,No,Signal Jumping,Low,0.0
ACC32629,01-04-2024,15:46,Kerala,Ernakulam,9.736,76.1294,City Road,Cloudy,Day,24,Male,Car,60,Yes,No,No,Drunk Driving,Medium,1.0
ACC32630,08-06-2022,14:45,Telangana,Karimnagar,18.0614,78.391,State Highway,Clear,Day,29,Male,Auto,61,No,No,No,Over Speeding,Low,0.0
ACC32631,27-10-2023,11:57,Andhra Pradesh,Guntur,16.4517,79.7335,Village Road,Clear,Day,42,Male,Bike,55,Yes,Yes,Yes,Drunk Driving,High,7.0
ACC32632,27-04-2023,20:08,Karnataka,Mysuru,15.3946,76.1912,National Highway,Clear,Night,35,Male,Car,100,Yes,No,Yes,Over Speeding,High,5.0
ACC32633,11-06-2022,17:58,Tamil Nadu,Madurai,10.7574,78.18,City Road,Overcast,Dusk,35,Male,Bike,52,Yes,No,No,Drunk Driving,Medium,0.0
ACC32634,04-01-2023,14:41,Andhra Pradesh,Visakhapatnam,15.8099,80.0685,Expressway,Rainy,Day,28,Male,Bike,71,No,No,No,Poor Weather Visibility,Medium,2.0
ACC32635,02-10-2023,17:03,Tamil Nadu,Salem,11.1411,79.1986,Village Road,Foggy,Dusk,18,Male,Auto,57,No,No,No,Poor Weather Visibility,Medium,0.0
ACC32636,02-11-2024,09:15,Kerala,Thrissur,10.3468,76.5191,City Road,Rainy,Day,36,Male,Bike,45,No,No,No,Poor Weather Visibility,Low,0.0
ACC32637,11-07-2024,13:56,Tamil Nadu,Madurai,11.5757,79.4065,Village Road,Clear,Day,38,Male,Car,55,No,Yes,No,Drowsy Driving,Low,1.0
ACC32638,25-09-2023,17:26,Kerala,Kozhikode,10.3244,76.5715,Expressway,Cloudy,Dusk,31,Female,Car,81,No,No,No,Over Speeding,High,8.0
ACC32639,22-02-2023,21:48,Puducherry,Karaikal,11.9225,79.5635,Village Road,Clear,Night,32,Male,Bike,36,No,No,Yes,Pothole/Bad Road,Low,2.0
ACC32640,16-09-2024,16:50,Kerala,Kozhikode,9.7642,75.9358,City Road,Rainy,Day,28,Male,Bus,49,No,No,No,Poor Weather Visibility,Low,1.0
ACC32641,11-02-2023,21:55,Karnataka,Belagavi,14.6413,75.8498,Village Road,Clear,Night,28,Male,Bus,48,Yes,No,Yes,Drunk Driving,Medium,4.0
ACC32642,13-07-2024,14:57,Andhra Pradesh,Visakhapatnam,15.7658,80.0904,City Road,Clear,Day,44,Female,Auto,20,No,No,Yes,Signal Jumping,Low,
ACC32643,10-09-2022,12:13,Karnataka,Mangaluru,15.2574,75.6128,City Road,Clear,Day,29,Male,Car,53,No,No,No,Signal Jumping,Low,1.0
ACC32644,26-03-2024,08:07,Karnataka,Mangaluru,15.1954,75.8102,Village Road,Clear,Day,26,Female,Truck,38,No,No,Yes,Pothole/Bad Road,Low,0.0
ACC32645,08-11-2022,23:26,Puducherry,Puducherry,12.1556,79.2983,Village Road,Cloudy,Night,35,Female,Bike,32,No,No,No,Signal Jumping,Low,0.0
ACC32646,08-03-2024,21:51,Tamil Nadu,Tiruchirappalli,10.2975,78.6876,Village Road,Rainy,Night,18,Male,Bike,55,Yes,No,No,Poor Weather Visibility,High,8.0
ACC32647,31-03-2023,18:41,Andhra Pradesh,Visakhapatnam,16.2169,79.8698,City Road,Cloudy,Dusk,21,Male,Car,45,No,No,No,Poor Weather Visibility,Low,1.0
ACC32648,09-08-2022,20:45,Tamil Nadu,Tiruchirappalli,11.7624,78.8525,National Highway,Rainy,Night,33,Male,Car,63,No,Yes,No,Poor Weather Visibility,Medium,1.0
ACC32649,31-10-2024,11:22,Telangana,Khammam,18.044,78.6616,State Highway,Clear,Day,26,Female,Bus,66,No,No,No,Over Speeding,Low,0.0
ACC32650,03-02-2023,17:36,Tamil Nadu,Salem,11.413,78.5641,City Road,Cloudy,Dusk,70,Female,Truck,64,No,Yes,No,Drowsy Driving,Medium,1.0
ACC32651,24-08-2023,18:21,Kerala,Kozhikode,10.4056,76.4077,National Highway,Clear,Dusk,38,Male,Car,89,No,No,No,Over Speeding,Medium,6.0
ACC32652,21-02-2022,09:41,Tamil Nadu,Madurai,10.9178,77.721,City Road,Clear,Day,18,Male,Car,48,No,Yes,No,Drowsy Driving,Low,1.0
ACC32653,30-08-2024,18:01,Andhra Pradesh,Nellore,15.0296,80.1756,State Highway,Cloudy,Dusk,18,Male,Bike,41,No,No,No,Poor Weather Visibility,Low,2.0
ACC32654,17-05-2022,16:02,Puducherry,Puducherry,11.6854,80.4052,State Highway,Foggy,Day,49,Male,Bike,82,No,No,No,Poor Weather Visibility,High,4.0
ACC32655,29-04-2023,13:17,Telangana,Nizamabad,17.457,79.3575,City Road,Rainy,Day,27,Male,Car,58,No,No,No,Poor Weather Visibility,Medium,0.0
ACC32656,17-07-2023,17:43,Telangana,Karimnagar,17.9187,79.454,City Road,Rainy,Dusk,39,Female,Car,31,No,No,Yes,Poor Weather Visibility,Low,0.0
ACC32657,23-11-2022,15:07,Andhra Pradesh,Vijayawada,16.4331,79.4971,National Highway,Rainy,Day,28,Male,Bike,68,No,No,No,Poor Weather Visibility,Medium,1.0
ACC32658,05-06-2024,09:44,Karnataka,Belagavi,15.0383,75.6866,National Highway,Rainy,Day,20,Male,Car,47,No,No,No,Poor Weather Visibility,Low,3.0
ACC32659,02-07-2023,08:35,Tamil Nadu,Tiruchirappalli,11.4179,78.4729,Village Road,Clear,Day,43,Male,Auto,32,No,No,No,Signal Jumping,Low,1.0
ACC32660,27-04-2023,14:18,Andhra Pradesh,Vijayawada,16.3562,79.4416,National Highway,Rainy,Day,45,Male,Car,64,No,No,No,Poor Weather Visibility,Medium,3.0
ACC32661,06-02-2023,11:06,Karnataka,Bengaluru Urban,14.9009,75.766,City Road,Clear,Day,69,Male,Car,44,No,No,No,Poor Weather Visibility,Low,2.0
ACC32662,10-08-2023,11:08,Kerala,Thiruvananthapuram,9.6504,76.6993,National Highway,Clear,Day,41,Male,Bike,80,No,Yes,No,Drowsy Driving,Medium,6.0
ACC32663,23-05-2023,14:30,Tamil Nadu,Madurai,11.1862,78.5492,State Highway,Clear,Day,18,Male,Bus,72,No,No,No,Over Speeding,Low,0.0
ACC32664,27-01-2023,12:56,Tamil Nadu,Madurai,11.4935,78.0192,National Highway,Clear,Day,41,Female,Car,85,No,Yes,No,Over Speeding,High,
ACC32665,24-09-2023,19:06,Karnataka,Hubballi,15.7311,76.1327,City Road,Clear,Night,21,Female,Auto,54,Yes,No,No,Drunk Driving,Low,2.0
ACC32666,31-05-2023,11:27,Karnataka,Bengaluru Urban,15.8532,75.2579,State Highway,Rainy,Day,45,Female,Bus,53,No,No,No,Poor Weather Visibility,Low,2.0
ACC32667,17-10-2022,07:28,Telangana,Hyderabad,18.0622,79.7031,National Highway,Overcast,Day,28,Male,Car,81,Yes,No,No,Drunk Driving,High,4.0
ACC32668,07-07-2022,12:35,Karnataka,Mysuru,14.2521,75.5279,City Road,Clear,Day,45,Male,Bike,34,No,No,No,Signal Jumping,Low,1.0
ACC32669,08-09-2024,20:05,Andhra Pradesh,Nellore,15.5945,79.3673,State Highway,Clear,Night,28,Male,Auto,49,Yes,No,No,Drunk Driving,Medium,2.0
ACC32670,22-03-2023,20:50,Andhra Pradesh,Guntur,16.4263,79.8164,Village Road,Cloudy,Night,18,Male,Auto,32,No,No,No,Poor Weather Visibility,Low,0.0
ACC32671,07-05-2024,00:50,Kerala,Thrissur,9.7017,76.5382,Village Road,Cloudy,Night,39,Male,Car,24,No,No,Yes,Pothole/Bad Road,Medium,0.0
ACC32672,18-08-2024,14:19,Kerala,Thrissur,10.3053,76.2691,City Road,Clear,Day,35,Male,Auto,35,No,No,No,Signal Jumping,Low,0.0
ACC32673,01-09-2023,13:51,Telangana,Karimnagar,17.5198,78.806,State Highway,Clear,Day,37,Female,Auto,58,No,No,No,Signal Jumping,Medium,2.0
ACC32674,02-08-2022,20:55,Karnataka,Belagavi,15.1622,76.1346,City Road,Cloudy,Night,53,Male,Auto,47,No,No,No,Poor Weather Visibility,Low,1.0
ACC32675,24-01-2024,19:59,Andhra Pradesh,Visakhapatnam,16.1521,79.754,Village Road,Clear,Night,39,Male,Bike,48,Yes,No,No,Drunk Driving,Medium,1.0
ACC32676,20-09-2024,14:12,Andhra Pradesh,Guntur,15.6192,79.7454,Expressway,Rainy,Day,72,Male,Car,67,No,No,No,Poor Weather Visibility,Medium,1.0
ACC32677,15-05-2023,21:18,Telangana,Hyderabad,18.0323,79.6687,National Highway,Clear,Night,45,Male,Auto,107,Yes,No,No,Over Speeding,High,10.0
ACC32678,12-11-2024,19:06,Puducherry,Puducherry,12.3783,80.0253,National Highway,Rainy,Night,34,Male,Car,87,Yes,Yes,No,Poor Weather Visibility,High,7.0
ACC32679,29-01-2022,22:29,Andhra Pradesh,Visakhapatnam,15.7215,79.6188,State Highway,Cloudy,Night,24,Female,Bike,75,Yes,No,No,Drunk Driving,High,5.0
ACC32680,01-02-2022,18:18,Telangana,Warangal,18.0928,79.2071,National Highway,Rainy,Dusk,34,Female,Auto,65,No,No,No,Poor Weather Visibility,Medium,2.0
ACC32681,05-02-2023,20:56,Telangana,Hyderabad,17.6861,79.5514,National Highway,Cloudy,Night,50,Male,Bike,66,No,Yes,No,Drowsy Driving,High,7.0
ACC32682,16-03-2024,08:46,Karnataka,Bengaluru Urban,15.7201,75.5589,Village Road,Clear,Day,50,Male,Bike,43,No,No,No,Signal Jumping,Low,0.0
ACC32683,20-02-2023,16:55,Telangana,Nizamabad,18.0458,78.6965,State Highway,Clear,Day,56,Male,Car,42,No,No,No,Poor Weather Visibility,Low,0.0
ACC32684,13-03-2024,18:03,Tamil Nadu,Madurai,11.2106,78.3388,Village Road,Clear,Dusk,36,Male,Bus,35,No,Yes,No,Drowsy Driving,Low,3.0
ACC32685,25-02-2022,07:14,Karnataka,Bengaluru Urban,14.4019,75.433,City Road,Clear,Day,66,Male,Bus,59,No,Yes,No,Drowsy Driving,Low,2.0
ACC32686,30-05-2024,12:52,Tamil Nadu,Madurai,11.5361,78.4486,State Highway,Cloudy,Day,31,Female,Bus,47,No,No,Yes,Pothole/Bad Road,Low,1.0
ACC32687,01-05-2024,04:20,Andhra Pradesh,Nellore,15.5449,80.3256,National Highway,Clear,Night,64,Female,Truck,61,No,No,No,Over Speeding,Medium,1.0
ACC32688,23-11-2023,22:44,Telangana,Nizamabad,17.7149,79.1832,Village Road,Clear,Night,31,Male,Car,39,Yes,No,No,Drunk Driving,Low,2.0
ACC32689,30-09-2022,12:05,Tamil Nadu,Chennai,11.1684,78.4401,City Road,Cloudy,Day,55,Male,Auto,41,No,No,No,Poor Weather Visibility,Low,1.0
ACC32690,03-01-2024,04:56,Karnataka,Belagavi,15.9126,75.2583,State Highway,Rainy,Night,28,Female,Auto,41,No,No,No,Poor Weather Visibility,Low,0.0
ACC32691,24-01-2023,20:49,Kerala,Kozhikode,9.8367,75.916,State Highway,Cloudy,Night,33,Male,Bike,62,No,No,No,Poor Weather Visibility,Low,0.0
ACC32692,12-07-2022,16:26,Tamil Nadu,Madurai,11.6978,78.8784,Village Road,Clear,Day,21,Male,Car,39,No,No,Yes,Pothole/Bad Road,Low,1.0
ACC32693,15-07-2023,11:17,Karnataka,Bengaluru Urban,15.3299,76.2875,State Highway,Cloudy,Day,33,Male,Car,56,No,No,Yes,Pothole/Bad Road,Low,2.0
ACC32694,29-09-2022,15:30,Karnataka,Hubballi,14.9418,75.2383,State Highway,Clear,Day,56,Male,Auto,64,No,No,No,Signal Jumping,Low,1.0
ACC32695,26-01-2022,11:26,Tamil Nadu,Chennai,11.1301,78.7907,City Road,Overcast,Day,47,Male,Bike,34,No,Yes,No,Drowsy Driving,Low,1.0
ACC32696,10-07-2023,18:26,Andhra Pradesh,Visakhapatnam,16.6875,79.5754,Village Road,Clear,Dusk,18,Male,Bike,25,No,No,No,Signal Jumping,Low,1.0
ACC32697,06-02-2024,18:48,Kerala,Kollam,10.2861,76.5703,Village Road,Clear,Dusk,27,Male,Auto,28,No,No,Yes,Pothole/Bad Road,Low,0.0
ACC32698,15-08-2023,00:53,Telangana,Nizamabad,17.9668,78.8344,State Highway,Cloudy,Night,34,Female,Car,38,No,No,No,Poor Weather Visibility,Low,0.0
ACC32699,24-12-2023,15:03,Karnataka,Mangaluru,15.2639,75.6865,National Highway,Cloudy,Day,43,Female,Auto,68,No,No,No,Signal Jumping,Medium,7.0
ACC32700,09-02-2022,07:07,Karnataka,Belagavi,14.8986,75.2893,Village Road,Rainy,Day,25,Male,Bike,50,Yes,No,Yes,Poor Weather Visibility,High,6.0
ACC32701,13-07-2024,07:01,Andhra Pradesh,Nellore,15.5743,79.827,State Highway,Clear,Day,18,Male,Truck,58,No,No,No,Poor Weather Visibility,Low,1.0
ACC32702,24-10-2024,06:31,Telangana,Khammam,17.084,79.1241,National Highway,Cloudy,Day,29,Male,Bus,80,No,No,No,Over Speeding,Medium,0.0
ACC32703,26-02-2024,12:29,Karnataka,Mangaluru,14.7811,75.7331,City Road,Cloudy,Day,37,Male,Bike,20,No,No,No,Poor Weather Visibility,Low,0.0
ACC32704,20-02-2023,18:43,Karnataka,Mangaluru,15.5281,75.45,Expressway,Clear,Dusk,59,Male,Bike,66,No,No,No,Signal Jumping,Medium,5.0
ACC32705,17-11-2023,13:42,Tamil Nadu,Tiruchirappalli,10.9029,78.5156,Expressway,Clear,Day,51,Female,Bike,85,No,No,No,Over Speeding,Medium,2.0
ACC32706,03-04-2022,10:46,Telangana,Nizamabad,17.6375,79.2534,State Highway,Rainy,Day,29,Male,Bike,51,No,No,No,Poor Weather Visibility,Low,0.0
ACC32707,21-10-2022,03:56,Tamil Nadu,Coimbatore,11.3054,78.5068,Expressway,Cloudy,Night,53,Female,Car,108,Yes,No,No,Over Speeding,High,5.0
ACC32708,10-07-2023,03:49,Telangana,Nizamabad,18.6597,79.9996,Village Road,Clear,Night,62,Male,Car,45,No,No,Yes,Pothole/Bad Road,Low,1.0
ACC32709,12-12-2024,14:07,Karnataka,Mangaluru,15.1171,76.1629,City Road,Clear,Day,50,Male,Truck,47,No,No,No,Signal Jumping,Low,3.0
ACC32710,22-03-2023,19:32,Tamil Nadu,Coimbatore,10.5903,78.3066,State Highway,Clear,Night,19,Male,Truck,70,Yes,No,No,Drunk Driving,Medium,0.0
ACC32711,06-08-2022,00:03,Tamil Nadu,Madurai,10.5385,78.9078,City Road,Cloudy,Night,23,Male,Bike,59,No,No,No,Poor Weather Visibility,Medium,6.0
ACC32712,29-06-2022,04:14,Karnataka,Belagavi,15.9785,75.2689,National Highway,Rainy,Night,25,Male,Car,81,Yes,Yes,No,Poor Weather Visibility,High,9.0
ACC32713,30-07-2024,19:05,Telangana,Khammam,17.5522,78.8766,City Road,Cloudy,Night,32,Male,Auto,65,Yes,No,Yes,Drunk Driving,High,5.0
ACC32714,27-12-2024,08:16,Karnataka,Belagavi,15.3737,75.47,Village Road,Rainy,Day,18,Male,Bike,34,Yes,No,No,Poor Weather Visibility,Low,2.0
ACC32715,08-09-2024,22:19,Kerala,Kollam,9.8912,75.9437,Expressway,Rainy,Night,52,Male,Car,93,No,No,No,Over Speeding,High,3.0
ACC32716,09-09-2022,18:17,Tamil Nadu,Salem,11.1594,78.9683,City Road,Clear,Dusk,45,Male,Bike,38,No,Yes,No,Drowsy Driving,Low,1.0
ACC32717,05-07-2022,06:25,Telangana,Karimnagar,18.2871,78.6769,City Road,Clear,Day,39,Male,Bike,48,No,No,No,Signal Jumping,Low,1.0
ACC32718,30-06-2023,14:49,Karnataka,Belagavi,14.9119,75.9002,City Road,Overcast,Day,20,Male,Bike,31,No,No,Yes,Pothole/Bad Road,Low,0.0
ACC32719,30-08-2024,01:32,Karnataka,Mangaluru,15.3651,76.2067,State Highway,Overcast,Night,40,Male,Bike,78,No,Yes,No,Drowsy Driving,High,2.0
ACC32720,02-01-2024,18:49,Andhra Pradesh,Guntur,15.9039,79.0037,City Road,Clear,Dusk,21,Male,Auto,36,No,No,No,Poor Weather Visibility,Low,1.0
ACC32721,21-06-2024,18:25,Kerala,Kollam,9.8176,75.9594,Village Road,Cloudy,Dusk,52,Male,Bus,23,Yes,No,Yes,Drunk Driving,Low,0.0
ACC32722,26-07-2024,13:36,Tamil Nadu,Coimbatore,11.6858,78.6627,National Highway,Cloudy,Day,47,Male,Car,81,Yes,No,Yes,Drunk Driving,High,9.0
ACC32723,05-04-2023,11:56,Karnataka,Bengaluru Urban,14.8552,75.9884,Village Road,Clear,Day,47,Male,Auto,44,No,No,No,Poor Weather Visibility,Low,0.0
ACC32724,28-08-2023,01:30,Telangana,Warangal,18.0578,78.8759,Village Road,Foggy,Night,41,Male,Auto,46,Yes,Yes,No,Poor Weather Visibility,High,7.0
ACC32725,08-10-2022,11:36,Tamil Nadu,Tiruchirappalli,11.3867,78.8521,City Road,Clear,Day,70,Male,Truck,73,Yes,No,No,Drunk Driving,Medium,3.0
ACC32726,28-12-2022,18:50,Kerala,Thiruvananthapuram,10.5696,76.1949,City Road,Cloudy,Dusk,39,Male,Car,53,No,No,No,Poor Weather Visibility,Low,0.0
ACC32727,08-01-2022,19:44,Tamil Nadu,Coimbatore,11.2774,77.9338,Expressway,Cloudy,Night,43,Male,Car,84,No,No,No,Over Speeding,High,10.0
ACC32728,12-05-2024,20:45,Karnataka,Bengaluru Urban,15.5037,76.623,Village Road,Rainy,Night,40,Male,Bike,33,No,No,Yes,Poor Weather Visibility,Medium,3.0
ACC32729,07-10-2023,13:46,Karnataka,Bengaluru Urban,15.2859,75.2504,City Road,Overcast,Day,28,Female,Car,51,No,Yes,Yes,Drowsy Driving,Medium,4.0
ACC32730,11-11-2022,06:41,Telangana,Khammam,18.1192,78.3984,Village Road,Clear,Day,19,Male,Car,49,No,No,No,Signal Jumping,Low,0.0
ACC32731,12-11-2022,14:48,Puducherry,Karaikal,11.7955,80.3751,City Road,Cloudy,Day,40,Male,Bus,60,No,No,No,Poor Weather Visibility,Low,
ACC32732,16-12-2024,04:29,Andhra Pradesh,Nellore,16.7981,79.6784,Village Road,Overcast,Night,25,Male,Car,64,No,No,Yes,Pothole/Bad Road,Medium,3.0
ACC32733,10-09-2023,19:30,Andhra Pradesh,Nellore,15.3682,80.4241,City Road,Clear,Night,31,Male,Car,57,No,Yes,No,Drowsy Driving,Medium,3.0
ACC32734,18-06-2023,04:06,Karnataka,Mysuru,15.3787,74.6932,Village Road,Clear,Night,51,Male,Bike,47,No,No,Yes,Pothole/Bad Road,Medium,3.0
ACC32735,10-08-2023,15:00,Puducherry,Karaikal,11.243,79.874,Expressway,Clear,Day,74,Female,Truck,82,No,No,No,Over Speeding,Medium,4.0
ACC32736,23-02-2023,17:58,Telangana,Hyderabad,18.0885,79.7763,State Highway,Clear,Dusk,43,Female,Bike,47,No,No,No,Signal Jumping,Low,1.0
ACC32737,23-02-2023,17:45,Karnataka,Hubballi,14.9792,75.5197,Village Road,Overcast,Dusk,41,Male,Bike,38,No,No,Yes,Pothole/Bad Road,Low,1.0
ACC32738,25-12-2024,09:04,Kerala,Kollam,10.6652,75.9927,National Highway,Clear,Day,66,Male,Auto,64,No,No,No,Signal Jumping,Low,0.0
ACC32739,18-02-2024,03:41,Karnataka,Hubballi,15.3053,75.7014,Village Road,Clear,Night,56,Male,Car,61,No,Yes,Yes,Drowsy Driving,Medium,3.0
ACC32740,26-12-2023,01:48,Tamil Nadu,Chennai,11.119,79.1152,State Highway,Clear,Night,30,Male,Auto,62,No,No,Yes,Pothole/Bad Road,Medium,7.0
ACC32741,23-10-2024,08:46,Andhra Pradesh,Guntur,15.984,80.1603,State Highway,Clear,Day,35,Male,Bike,73,No,No,Yes,Pothole/Bad Road,Low,0.0
ACC32742,14-12-2024,21:31,Telangana,Khammam,18.132,79.6641,State Highway,Foggy,Night,31,Male,Truck,43,No,No,No,Poor Weather Visibility,Low,3.0
ACC32743,24-10-2024,12:12,Tamil Nadu,Chennai,11.9612,78.7663,National Highway,Foggy,Day,51,Female,Auto,57,No,No,No,Poor Weather Visibility,Medium,3.0
ACC32744,04-11-2024,14:49,Tamil Nadu,Coimbatore,10.8166,79.7622,National Highway,Cloudy,Day,29,Male,Bike,67,No,No,No,Signal Jumping,Low,1.0
ACC32745,12-03-2024,15:19,Puducherry,Puducherry,11.8389,80.0706,State Highway,Clear,Day,31,Female,Auto,76,No,No,Yes,Pothole/Bad Road,High,7.0
ACC32746,23-11-2024,17:32,Telangana,Karimnagar,17.6372,79.33,National Highway,Cloudy,Dusk,28,Female,Auto,88,Yes,Yes,No,Over Speeding,High,8.0
ACC32747,30-03-2023,20:15,Tamil Nadu,Tiruchirappalli,11.2106,77.8864,City Road,Cloudy,Night,23,Male,Bike,55,Yes,No,No,Drunk Driving,Medium,3.0
ACC32748,03-10-2022,17:11,Telangana,Nizamabad,18.0336,78.5306,National Highway,Clear,Dusk,31,Male,Bike,60,No,No,No,Signal Jumping,Medium,2.0
ACC32749,02-06-2022,14:26,Tamil Nadu,Salem,10.4586,79.1553,Village Road,Cloudy,Day,49,Male,Car,44,No,Yes,Yes,Drowsy Driving,Low,1.0
ACC32750,10-08-2022,13:38,Puducherry,Karaikal,12.3011,79.9853,State Highway,Rainy,Day,47,Female,Bike,54,No,No,No,Poor Weather Visibility,Low,1.0
ACC32751,18-10-2023,17:47,Karnataka,Mangaluru,15.3594,75.9206,City Road,Rainy,Dusk,35,Male,Bike,55,No,No,No,Poor Weather Visibility,Medium,5.0
ACC32752,20-11-2024,07:24,Andhra Pradesh,Vijayawada,15.953,79.7226,Village Road,Clear,Day,51,Male,Car,24,No,No,No,Signal Jumping,Low,0.0
ACC32753,07-02-2022,16:28,Tamil Nadu,Tiruchirappalli,11.1761,78.365,State Highway,Rainy,Day,30,Male,Car,55,No,No,No,Poor Weather Visibility,Low,2.0
ACC32754,09-09-2023,16:05,Karnataka,Mangaluru,15.2055,75.6727,National Highway,Clear,Day,24,Female,Bike,78,No,No,Yes,Over Speeding,High,6.0
ACC32755,12-12-2024,15:34,Andhra Pradesh,Nellore,15.5512,79.8844,City Road,Cloudy,Day,20,Male,Bike,44,No,No,No,Poor Weather Visibility,Low,1.0
ACC32756,09-07-2024,09:44,Andhra Pradesh,Kurnool,15.9695,79.8659,State Highway,Clear,Day,52,Male,Bike,54,No,No,No,Poor Weather Visibility,Low,0.0