Accident_ID,Date,Time,State,District,Latitude,Longitude,Road_Type,Weather,Light_Condition,Driver_Age,Driver_Gender,Vehicle_Type,Speed_kmph,Alcohol_Involved,Driver_Drowsy,Pothole_Involved,Cause_of_Accident,Severity,Casualties
ACC32757,23-07-2022,22:09,Telangana,Karimnagar,18.1757,79.7033,City Road,Foggy,Night,18,Male,Bus,57,Yes,Yes,No,Poor Weather Visibility,High,6.0
ACC32758,08-09-2023,06:06,Telangana,Warangal,18.0926,78.4865,Expressway,Clear,Day,18,Male,Car,86,Yes,Yes,No,Over Speeding,High,5.0
ACC32759,01-02-2022,17:43,Kerala,Ernakulam,10.4585,76.3962,Expressway,Cloudy,Dusk,34,Male,Auto,91,No,No,No,Over Speeding,High,6.0
ACC32760,12-07-2023,15:01,Tamil Nadu,Coimbatore,11.0429,78.747,City Road,Clear,Day,48,Male,Auto,50,No,No,No,Signal Jumping,Low,1.0
ACC32761,28-07-2024,19:15,Andhra Pradesh,Guntur,16.4388,79.9148,City Road,Clear,Night,29,Male,Car,53,No,No,No,Signal Jumping,Low,0.0
ACC32762,18-05-2024,07:43,Telangana,Hyderabad,19.1041,78.9182,City Road,Clear,Day,51,Male,Bus,59,No,No,No,Over Speeding,Low,0.0
ACC32763,02-06-2022,11:58,Andhra Pradesh,Nellore,16.3443,78.9551,National Highway,Overcast,Day,68,Female,Truck,59,No,Yes,No,Drowsy Driving,Medium,1.0
ACC32764,26-10-2022,13:51,Tamil Nadu,Tiruchirappalli,11.2496,78.4231,National Highway,Rainy,Day,46,Male,Truck,63,No,No,Yes,Poor Weather Visibility,Low,2.0
ACC32765,20-04-2024,13:11,Tamil Nadu,Tiruchirappalli,11.4942,78.6053,State Highway,Cloudy,Day,49,Male,Auto,60,No,No,No,Poor Weather Visibility,Low,0.0
ACC32766,25-10-2023,10:18,Tamil Nadu,Tiruchirappalli,11.5696,78.5481,State Highway,Clear,Day,39,Male,Truck,76,No,No,No,Over Speeding,Medium,3.0
ACC32767,03-02-2023,22:39,Tamil Nadu,Tiruchirappalli,10.8835,78.9802,State Highway,Clear,Night,42,Male,Truck,54,No,No,No,Signal Jumping,Low,1.0
ACC32768,21-08-2023,15:11,Tamil Nadu,Chennai,10.6697,78.6678,Expressway,Rainy,Day,60,Female,Car,75,No,No,No,Poor Weather Visibility,Medium,1.0
ACC32769,15-11-2023,13:54,Telangana,Nizamabad,17.8729,78.7053,City Road,Clear,Day,33,Female,Car,64,No,No,No,Over Speeding,Medium,3.0
ACC32770,09-08-2022,16:01,Tamil Nadu,Madurai,10.8164,78.0544,National Highway,Clear,Day,42,Male,Bike,66,No,No,No,Signal Jumping,Medium,1.0
ACC32771,20-09-2022,05:25,Karnataka,Bengaluru Urban,15.2845,75.86,City Road,Rainy,Dawn,42,Male,Bike,42,No,No,No,Poor Weather Visibility,Low,0.0
ACC32772,21-05-2023,16:21,Andhra Pradesh,Kurnool,15.721,79.5158,State Highway,Overcast,Day,38,Male,Car,62,No,No,No,Poor Weather Visibility,Low,0.0
ACC32773,18-06-2022,13:14,Tamil Nadu,Chennai,10.9988,78.4264,State Highway,Rainy,Day,57,Male,Car,67,No,Yes,Yes,Poor Weather Visibility,High,6.0
ACC32774,28-03-2023,21:37,Karnataka,Mysuru,15.5686,75.8806,Expressway,Rainy,Night,59,Male,Auto,72,Yes,No,No,Poor Weather Visibility,High,7.0
ACC32775,28-03-2022,14:09,Andhra Pradesh,Guntur,16.0385,80.0741,City Road,Clear,Day,23,Male,Bike,59,Yes,No,Yes,Drunk Driving,Medium,2.0
ACC32776,09-12-2022,22:14,Tamil Nadu,Salem,10.5044,79.1192,City Road,Clear,Night,43,Male,Bike,34,No,No,No,Signal Jumping,Low,0.0
ACC32777,19-11-2023,11:11,Karnataka,Hubballi,15.1178,75.0616,Village Road,Rainy,Day,37,Male,Car,29,No,No,Yes,Poor Weather Visibility,Low,0.0
ACC32778,12-04-2023,14:07,Andhra Pradesh,Guntur,16.0176,79.63,Village Road,Cloudy,Day,18,Male,Bike,30,Yes,No,No,Drunk Driving,Low,1.0
ACC32779,02-08-2023,10:29,Andhra Pradesh,Guntur,16.2285,80.2271,City Road,Cloudy,Day,34,Male,Truck,53,No,Yes,No,Drowsy Driving,Medium,3.0
ACC32780,26-08-2023,19:01,Telangana,Khammam,17.8596,78.7593,State Highway,Rainy,Night,32,Female,Auto,60,No,No,No,Poor Weather Visibility,Medium,5.0
ACC32781,02-09-2022,10:25,Kerala,Thiruvananthapuram,9.9665,76.6706,City Road,Clear,Day,32,Female,Car,48,No,No,Yes,Pothole/Bad Road,Medium,1.0
ACC32782,07-04-2022,13:12,Andhra Pradesh,Kurnool,15.0663,79.5553,State Highway,Clear,Day,22,Male,Truck,49,No,Yes,No,Drowsy Driving,Low,0.0
ACC32783,17-03-2022,16:41,Telangana,Hyderabad,18.4915,78.4639,National Highway,Cloudy,Day,27,Male,Car,75,No,No,No,Over Speeding,Medium,4.0
ACC32784,01-06-2023,10:55,Telangana,Khammam,17.5724,78.0263,Expressway,Rainy,Day,18,Male,Bike,71,No,No,No,Poor Weather Visibility,High,
ACC32785,12-11-2022,19:03,Tamil Nadu,Chennai,11.1143,78.7753,Expressway,Clear,Night,34,Male,Car,95,Yes,No,No,Over Speeding,Medium,4.0
ACC32786,19-08-2023,18:06,Telangana,Khammam,17.5435,78.9059,Village Road,Clear,Dusk,30,Male,Bike,55,Yes,No,Yes,Drunk Driving,Medium,2.0
ACC32787,11-04-2023,13:25,Andhra Pradesh,Visakhapatnam,15.6159,79.9538,City Road,Clear,Day,53,Male,Car,60,No,No,No,Signal Jumping,Low,2.0
ACC32788,16-10-2023,15:11,Tamil Nadu,Tiruchirappalli,11.2114,78.018,City Road,Clear,Day,37,Female,Car,60,No,No,No,Over Speeding,Low,1.0
ACC32789,19-06-2024,16:07,Karnataka,Mangaluru,15.2045,75.1519,State Highway,Clear,Day,41,Male,Bike,62,No,No,Yes,Signal Jumping,Medium,1.0
ACC32790,19-05-2024,07:34,Andhra Pradesh,Guntur,14.7967,79.8288,Village Road,Clear,Day,55,Male,Bike,55,No,No,Yes,Pothole/Bad Road,Low,1.0
ACC32791,04-02-2022,08:18,Andhra Pradesh,Kurnool,15.8085,79.7247,State Highway,Foggy,Day,21,Male,Bike,56,Yes,No,No,Poor Weather Visibility,Medium,4.0
ACC32792,20-03-2023,22:50,Kerala,Thiruvananthapuram,10.7524,76.0465,City Road,Clear,Night,32,Male,Car,62,No,No,Yes,Pothole/Bad Road,Medium,1.0
ACC32793,20-06-2024,18:54,Andhra Pradesh,Kurnool,15.6951,79.3492,City Road,Foggy,Dusk,42,Male,Truck,64,No,Yes,No,Poor Weather Visibility,High,7.0
ACC32794,01-06-2023,20:28,Telangana,Karimnagar,17.5556,79.3213,Expressway,Rainy,Night,36,Male,Bike,69,No,No,No,Poor Weather Visibility,Medium,3.0
ACC32795,13-12-2023,11:52,Tamil Nadu,Chennai,11.3017,78.6578,Expressway,Clear,Day,28,Male,Car,86,No,No,No,Over Speeding,Medium,4.0
ACC32796,24-04-2022,10:23,Andhra Pradesh,Guntur,15.5356,80.1733,National Highway,Rainy,Day,52,Male,Truck,84,Yes,No,No,Poor Weather Visibility,High,3.0
ACC32797,03-12-2024,17:53,Tamil Nadu,Salem,10.2418,77.6087,National Highway,Cloudy,Dusk,39,Female,Bus,82,Yes,No,No,Drunk Driving,High,5.0
ACC32798,31-10-2024,14:41,Karnataka,Bengaluru Urban,15.7142,75.5716,City Road,Overcast,Day,54,Male,Bike,37,No,No,No,Poor Weather Visibility,Low,
ACC32799,08-03-2024,21:27,Andhra Pradesh,Nellore,15.3657,79.2574,National Highway,Clear,Night,57,Male,Truck,68,Yes,No,No,Drunk Driving,Medium,2.0
ACC32800,11-10-2023,12:55,Telangana,Karimnagar,18.672,79.9857,National Highway,Rainy,Day,49,Male,Bike,38,No,No,No,Poor Weather Visibility,Medium,
ACC32801,25-08-2022,18:28,Puducherry,Karaikal,12.1835,78.8973,National Highway,Cloudy,Dusk,26,Male,Bike,70,No,No,No,Poor Weather Visibility,Medium,3.0
ACC32802,17-12-2024,04:28,Tamil Nadu,Tiruchirappalli,11.0779,78.2266,Village Road,Clear,Night,43,Male,Auto,45,No,No,Yes,Pothole/Bad Road,Medium,1.0
ACC32803,20-06-2023,12:11,Karnataka,Bengaluru Urban,15.4175,75.9646,State Highway,Overcast,Day,24,Female,Bike,48,No,No,No,Signal Jumping,Low,1.0
ACC32804,14-11-2022,14:06,Andhra Pradesh,Vijayawada,16.11,79.5193,Village Road,Clear,Day,47,Male,Bike,53,Yes,No,No,Drunk Driving,Medium,0.0
ACC32805,25-10-2022,20:49,Karnataka,Hubballi,15.311,74.8927,Village Road,Overcast,Night,36,Male,Bike,55,No,No,No,Poor Weather Visibility,Low,2.0
ACC32806,02-04-2024,13:11,Andhra Pradesh,Nellore,15.515,79.7572,State Highway,Cloudy,Day,29,Male,Auto,67,Yes,No,No,Drunk Driving,Medium,4.0
ACC32807,18-10-2024,08:03,Karnataka,Bengaluru Urban,15.1729,75.4312,Village Road,Cloudy,Day,18,Female,Bus,61,Yes,No,Yes,Drunk Driving,High,11.0
ACC32808,27-07-2022,22:26,Karnataka,Belagavi,15.4606,75.7793,City Road,Clear,Night,22,Male,Bike,49,Yes,Yes,No,Drunk Driving,Medium,2.0
ACC32809,30-07-2023,11:37,Karnataka,Mangaluru,15.9236,75.6846,National Highway,Overcast,Day,41,Male,Bike,76,No,No,No,Over Speeding,Medium,3.0
ACC32810,10-12-2024,16:41,Karnataka,Mysuru,15.3734,75.8398,City Road,Clear,Day,23,Male,Bike,50,No,No,Yes,Pothole/Bad Road,Low,1.0
ACC32811,01-03-2024,17:56,Karnataka,Belagavi,15.3729,75.139,City Road,Rainy,Dusk,47,Female,Auto,37,No,No,No,Poor Weather Visibility,Low,1.0
ACC32812,21-12-2024,19:00,Karnataka,Mysuru,14.8441,75.8464,Village Road,Cloudy,Night,18,Male,Auto,52,Yes,No,Yes,Drunk Driving,High,1.0
ACC32813,23-12-2024,20:43,Tamil Nadu,Madurai,10.8888,79.2076,Expressway,Clear,Night,58,Male,Bike,98,Yes,No,No,Over Speeding,High,6.0
ACC32814,13-12-2023,06:44,Andhra Pradesh,Nellore,15.9754,79.7419,National Highway,Foggy,Day,19,Male,Truck,67,Yes,No,Yes,Poor Weather Visibility,Medium,4.0
ACC32815,17-11-2022,20:40,Karnataka,Mangaluru,15.4371,75.8052,Village Road,Clear,Night,18,Male,Bike,47,No,No,No,Signal Jumping,Medium,3.0
ACC32816,07-08-2023,19:25,Karnataka,Bengaluru Urban,15.5183,75.7448,National Highway,Rainy,Night,39,Male,Car,82,Yes,No,Yes,Poor Weather Visibility,High,5.0
ACC32817,29-08-2022,11:08,Karnataka,Hubballi,15.7844,75.5448,City Road,Overcast,Day,29,Male,Truck,44,No,No,No,Signal Jumping,Low,1.0
ACC32818,27-08-2023,08:19,Puducherry,Karaikal,11.475,79.0795,City Road,Clear,Day,20,Female,Bike,58,No,No,No,Signal Jumping,Low,1.0
ACC32819,03-10-2024,13:36,Telangana,Warangal,18.5971,79.2541,State Highway,Cloudy,Day,34,Male,Car,57,No,No,No,Poor Weather Visibility,Low,2.0
ACC32820,24-03-2022,06:08,Tamil Nadu,Madurai,11.659,77.9328,City Road,Clear,Day,35,Female,Car,57,No,No,No,Signal Jumping,Low,2.0
ACC32821,15-06-2024,15:24,Telangana,Hyderabad,17.1707,79.5491,City Road,Rainy,Day,43,Female,Car,49,No,Yes,No,Poor Weather Visibility,Low,1.0
ACC32822,24-05-2024,11:56,Telangana,Karimnagar,17.9274,78.6278,Village Road,Clear,Day,32,Male,Bike,41,No,No,Yes,Pothole/Bad Road,Low,3.0
ACC32823,25-09-2022,14:45,Kerala,Kollam,10.3106,76.1426,State Highway,Overcast,Day,18,Male,Car,56,No,No,Yes,Pothole/Bad Road,Low,2.0
ACC32824,23-10-2023,07:13,Karnataka,Hubballi,15.1575,75.4102,Expressway,Clear,Day,26,Male,Auto,87,No,No,No,Over Speeding,High,6.0
ACC32825,16-04-2023,14:16,Puducherry,Puducherry,11.987,80.3129,Expressway,Cloudy,Day,57,Male,Bike,88,No,Yes,No,Over Speeding,High,8.0
ACC32826,28-10-2024,07:19,Karnataka,Mysuru,15.5546,75.4802,City Road,Cloudy,Day,34,Male,Car,43,No,No,No,Poor Weather Visibility,Low,0.0
ACC32827,23-04-2024,10:00,Telangana,Nizamabad,18.5572,78.5791,City Road,Clear,Day,25,Male,Car,40,No,No,No,Poor Weather Visibility,Low,
ACC32828,29-11-2024,17:11,Telangana,Hyderabad,18.0303,79.2333,State Highway,Rainy,Dusk,38,Male,Bus,89,Yes,Yes,Yes,Over Speeding,High,6.0
ACC32829,02-01-2024,16:18,Tamil Nadu,Tiruchirappalli,11.0096,78.6077,National Highway,Rainy,Day,36,Male,Car,73,No,No,No,Poor Weather Visibility,Medium,4.0
ACC32830,19-04-2024,06:57,Kerala,Thrissur,10.4228,76.178,City Road,Rainy,Day,24,Female,Bus,43,No,No,Yes,Poor Weather Visibility,Low,0.0
ACC32831,09-09-2023,10:38,Tamil Nadu,Coimbatore,11.1791,78.665,State Highway,Clear,Day,42,Male,Bike,48,No,No,Yes,Pothole/Bad Road,Low,1.0
ACC32832,10-12-2022,21:29,Andhra Pradesh,Kurnool,15.1688,80.4118,City Road,Clear,Night,68,Male,Bike,42,Yes,No,No,Drunk Driving,Low,1.0
ACC32833,27-04-2024,18:44,Tamil Nadu,Salem,11.1429,78.011,State Highway,Clear,Dusk,55,Male,Bike,70,No,No,No,Over Speeding,Medium,
ACC32834,26-10-2022,17:10,Telangana,Karimnagar,17.9516,78.7939,State Highway,Rainy,Dusk,29,Male,Auto,74,No,No,Yes,Poor Weather Visibility,Medium,5.0
ACC32835,14-01-2024,06:47,Karnataka,Hubballi,14.9061,75.4087,City Road,Overcast,Day,53,Male,Bike,62,No,No,Yes,Pothole/Bad Road,Medium,5.0
ACC32836,23-02-2022,18:11,Tamil Nadu,Coimbatore,10.8703,78.4924,City Road,Rainy,Dusk,48,Male,Bike,32,No,No,No,Poor Weather Visibility,Low,0.0
ACC32837,21-05-2023,16:55,Tamil Nadu,Tiruchirappalli,11.4624,78.1537,State Highway,Cloudy,Day,44,Male,Bike,78,Yes,No,No,Drunk Driving,High,6.0
ACC32838,06-08-2023,02:54,Tamil Nadu,Chennai,10.8767,78.7723,National Highway,Overcast,Night,18,Male,Bus,74,No,No,No,Signal Jumping,Medium,2.0
ACC32839,02-02-2022,03:56,Tamil Nadu,Tiruchirappalli,10.7216,78.8936,Village Road,Cloudy,Night,50,Male,Car,38,No,No,No,Poor Weather Visibility,Low,0.0
ACC32840,13-05-2022,00:05,Telangana,Nizamabad,17.8639,78.0015,State Highway,Clear,Night,18,Male,Bike,57,No,No,Yes,Pothole/Bad Road,Medium,3.0
ACC32841,27-03-2022,15:47,Tamil Nadu,Madurai,10.9739,78.7384,State Highway,Clear,Day,43,Male,Car,58,No,No,Yes,Signal Jumping,Medium,4.0
ACC32842,15-06-2024,15:09,Andhra Pradesh,Nellore,15.4398,79.7505,Village Road,Clear,Day,43,Male,Car,25,No,No,No,Poor Weather Visibility,Low,1.0
ACC32843,20-08-2022,09:29,Telangana,Karimnagar,17.9528,78.9744,State Highway,Clear,Day,56,Female,Truck,73,No,No,No,Over Speeding,Medium,0.0
ACC32844,11-05-2022,03:36,Andhra Pradesh,Guntur,16.2147,79.5237,National Highway,Clear,Night,31,Male,Truck,54,No,Yes,No,Drowsy Driving,Low,0.0
ACC32845,22-08-2022,20:22,Tamil Nadu,Chennai,10.9916,78.2527,City Road,Clear,Night,19,Male,Car,66,Yes,Yes,No,Drunk Driving,Medium,5.0
ACC32846,27-12-2024,04:44,Kerala,Kollam,10.1196,76.6584,State Highway,Rainy,Night,51,Male,Truck,81,No,Yes,No,Poor Weather Visibility,High,9.0
ACC32847,29-01-2024,20:12,Karnataka,Belagavi,15.1322,75.0039,Expressway,Clear,Night,38,Male,Bus,98,No,Yes,Yes,Over Speeding,High,11.0
ACC32848,29-03-2024,11:14,Kerala,Thiruvananthapuram,9.9332,75.8922,City Road,Overcast,Day,48,Male,Bike,42,No,No,No,Poor Weather Visibility,Low,1.0
ACC32849,23-01-2023,09:13,Telangana,Warangal,18.3311,79.3769,Expressway,Overcast,Day,34,Male,Auto,92,No,No,No,Over Speeding,Medium,3.0
ACC32850,11-11-2023,18:40,Karnataka,Mysuru,14.458,76.3709,National Highway,Cloudy,Dusk,31,Female,Car,64,No,No,No,Poor Weather Visibility,Low,1.0
ACC32851,19-11-2022,16:33,Kerala,Kollam,9.2161,76.0474,City Road,Rainy,Day,31,Male,Auto,50,No,No,No,Poor Weather Visibility,Low,1.0
ACC32852,21-02-2022,08:45,Tamil Nadu,Madurai,10.7466,78.663,Village Road,Foggy,Day,59,Male,Car,32,No,No,No,Poor Weather Visibility,Low,1.0
ACC32853,06-02-2022,05:30,Andhra Pradesh,Kurnool,15.4636,80.0783,Village Road,Clear,Dawn,36,Male,Auto,35,No,No,No,Signal Jumping,Low,0.0
ACC32854,13-10-2024,18:33,Tamil Nadu,Coimbatore,10.9618,79.791,City Road,Foggy,Dusk,29,Male,Car,69,No,Yes,No,Poor Weather Visibility,Medium,5.0
ACC32855,11-01-2023,20:04,Karnataka,Mysuru,14.9928,75.3332,National Highway,Clear,Night,40,Female,Bike,67,No,No,No,Over Speeding,Medium,6.0
ACC32856,19-09-2024,17:46,Telangana,Nizamabad,17.7167,78.1035,City Road,Cloudy,Dusk,32,Female,Bike,52,No,No,No,Poor Weather Visibility,Low,0.0
ACC32857,27-12-2024,15:18,Telangana,Khammam,17.833,78.6284,City Road,Clear,Day,52,Male,Truck,52,No,No,No,Poor Weather Visibility,Low,0.0
ACC32858,01-01-2022,16:41,Karnataka,Mangaluru,15.6616,76.2922,Expressway,Clear,Day,38,Male,Auto,90,No,No,No,Over Speeding,Medium,5.0
ACC32859,06-11-2022,15:08,Andhra Pradesh,Nellore,16.0246,79.3899,City Road,Foggy,Day,42,Male,Bike,38,No,No,Yes,Poor Weather Visibility,Low,1.0
ACC32860,03-09-2023,16:51,Andhra Pradesh,Kurnool,15.6923,79.4025,National Highway,Clear,Day,18,Male,Bike,89,No,No,No,Over Speeding,High,3.0
ACC32861,12-01-2023,22:01,Tamil Nadu,Chennai,10.9137,78.9911,Village Road,Cloudy,Night,30,Male,Car,71,Yes,No,Yes,Drunk Driving,Medium,1.0
ACC32862,19-11-2022,01:54,Tamil Nadu,Coimbatore,11.2563,78.6165,City Road,Cloudy,Night,33,Male,Auto,68,Yes,No,Yes,Drunk Driving,High,3.0
ACC32863,20-09-2024,16:12,Tamil Nadu,Salem,10.5404,78.7322,Village Road,Rainy,Day,75,Female,Truck,57,Yes,No,No,Poor Weather Visibility,Medium,3.0
ACC32864,27-06-2023,16:16,Kerala,Thiruvananthapuram,9.8178,77.6537,City Road,Clear,Day,32,Male,Bike,35,No,No,No,Poor Weather Visibility,Low,1.0
ACC32865,05-05-2023,18:19,Telangana,Hyderabad,17.9515,79.1474,National Highway,Rainy,Dusk,70,Female,Car,48,No,No,No,Poor Weather Visibility,Medium,4.0
ACC32866,20-07-2024,20:06,Telangana,Hyderabad,17.3854,79.5708,City Road,Cloudy,Night,27,Male,Car,33,No,Yes,No,Drowsy Driving,Low,1.0
ACC32867,17-12-2022,22:11,Karnataka,Hubballi,15.2599,76.1638,Village Road,Clear,Night,18,Male,Bus,34,No,No,No,Signal Jumping,Low,0.0
ACC32868,26-05-2022,20:55,Tamil Nadu,Salem,10.852,78.0031,Expressway,Overcast,Night,40,Female,Auto,59,No,No,No,Poor Weather Visibility,Medium,3.0
ACC32869,20-02-2022,15:35,Kerala,Thrissur,10.4877,76.1077,City Road,Overcast,Day,33,Female,Auto,44,No,Yes,No,Drowsy Driving,Low,0.0
ACC32870,08-04-2023,17:26,Kerala,Thrissur,10.2375,76.6481,State Highway,Clear,Dusk,53,Female,Car,57,No,No,No,Poor Weather Visibility,Low,0.0
ACC32871,03-06-2024,12:53,Tamil Nadu,Tiruchirappalli,11.3159,78.5175,Village Road,Cloudy,Day,18,Male,Bus,41,No,No,No,Signal Jumping,Low,1.0
ACC32872,01-11-2024,16:31,Telangana,Hyderabad,17.816,79.1886,National Highway,Clear,Day,18,Male,Car,78,No,No,No,Over Speeding,Medium,2.0
ACC32873,08-05-2023,19:39,Karnataka,Belagavi,15.4942,75.1936,Village Road,Cloudy,Night,27,Female,Car,36,No,No,Yes,Pothole/Bad Road,Medium,3.0
ACC32874,17-09-2023,13:44,Telangana,Warangal,18.0969,79.4442,National Highway,Overcast,Day,38,Male,Auto,75,Yes,No,No,Drunk Driving,High,8.0
ACC32875,18-02-2022,06:59,Andhra Pradesh,Kurnool,16.3866,79.4008,City Road,Rainy,Day,18,Male,Auto,38,No,No,No,Poor Weather Visibility,Low,0.0
ACC32876,01-03-2022,14:23,Karnataka,Mangaluru,15.0875,76.5545,State Highway,Clear,Day,39,Male,Auto,59,No,Yes,No,Drowsy Driving,Medium,2.0
ACC32877,13-10-2023,08:28,Telangana,Hyderabad,17.096,79.8118,Village Road,Cloudy,Day,29,Male,Bike,37,No,Yes,Yes,Drowsy Driving,Low,3.0
ACC32878,02-08-2024,19:29,Tamil Nadu,Madurai,11.9989,78.3993,State Highway,Cloudy,Night,18,Male,Car,97,Yes,No,No,Over Speeding,High,12.0
ACC32879,12-05-2024,00:31,Tamil Nadu,Tiruchirappalli,11.4341,78.5303,City Road,Cloudy,Night,18,Male,Car,37,No,No,Yes,Pothole/Bad Road,Low,1.0
ACC32880,25-09-2024,13:48,Andhra Pradesh,Vijayawada,16.1279,79.8816,City Road,Clear,Day,49,Male,Bike,38,No,No,No,Signal Jumping,Low,0.0
ACC32881,30-05-2022,04:07,Tamil Nadu,Madurai,11.1297,78.4645,State Highway,Clear,Night,36,Female,Bike,73,Yes,No,No,Drunk Driving,High,4.0
ACC32882,20-11-2022,17:45,Andhra Pradesh,Guntur,15.5414,80.0848,Expressway,Rainy,Dusk,30,Male,Auto,73,No,No,No,Poor Weather Visibility,High,9.0
ACC32883,10-02-2022,11:47,Karnataka,Mangaluru,15.4131,75.7943,State Highway,Clear,Day,40,Male,Car,63,No,No,No,Over Speeding,Low,1.0
ACC32884,06-12-2024,20:40,Karnataka,Belagavi,14.6434,75.306,Expressway,Rainy,Night,20,Male,Bike,94,Yes,No,No,Over Speeding,High,4.0
ACC32885,07-12-2023,11:16,Karnataka,Bengaluru Urban,15.0456,75.9033,Expressway,Cloudy,Day,32,Female,Car,84,No,No,No,Over Speeding,Medium,0.0
ACC32886,09-04-2022,08:53,Puducherry,Karaikal,11.7916,80.063,Expressway,Clear,Day,27,Male,Bike,102,No,No,No,Over Speeding,High,5.0
ACC32887,23-01-2022,12:42,Tamil Nadu,Chennai,11.4618,78.3749,State Highway,Clear,Day,35,Male,Car,68,No,No,No,Over Speeding,Low,0.0
ACC32888,11-04-2023,20:35,Karnataka,Hubballi,15.2535,75.8729,State Highway,Clear,Night,35,Female,Bike,76,Yes,Yes,No,Drunk Driving,High,7.0
ACC32889,31-01-2023,06:20,Telangana,Khammam,18.145,79.0961,Village Road,Cloudy,Day,32,Female,Bike,65,No,Yes,No,Drowsy Driving,Medium,3.0
ACC32890,02-12-2024,17:16,Tamil Nadu,Madurai,11.3628,79.0287,National Highway,Clear,Dusk,35,Male,Car,82,No,No,No,Over Speeding,Medium,9.0
ACC32891,22-10-2023,18:01,Telangana,Nizamabad,17.9926,79.1672,State Highway,Cloudy,Dusk,36,Female,Bike,63,No,No,No,Poor Weather Visibility,Low,
ACC32892,25-03-2023,12:24,Andhra Pradesh,Kurnool,16.2058,79.6446,National Highway,Rainy,Day,28,Female,Auto,72,No,No,No,Poor Weather Visibility,High,5.0
ACC32893,17-03-2023,16:04,Tamil Nadu,Salem,11.6764,78.694,Village Road,Rainy,Day,30,Female,Bike,48,No,No,No,Poor Weather Visibility,Low,1.0
ACC32894,09-03-2023,13:11,Andhra Pradesh,Vijayawada,16.0636,79.2626,State Highway,Rainy,Day,65,Male,Car,68,Yes,No,No,Poor Weather Visibility,High,8.0
ACC32895,13-01-2022,20:08,Karnataka,Bengaluru Urban,16.0955,75.7154,Village Road,Clear,Night,30,Male,Bike,26,No,No,No,Signal Jumping,Low,2.0
ACC32896,02-12-2022,07:44,Karnataka,Bengaluru Urban,15.0872,75.4692,City Road,Clear,Day,27,Male,Bus,58,No,Yes,No,Drowsy Driving,Low,1.0
ACC32897,03-05-2023,18:11,Andhra Pradesh,Guntur,16.1406,79.2322,Village Road,Clear,Dusk,38,Male,Bike,30,No,No,No,Signal Jumping,Low,0.0
ACC32898,13-05-2024,10:46,Andhra Pradesh,Nellore,16.353,80.0511,City Road,Clear,Day,36,Male,Car,57,No,No,No,Signal Jumping,Low,0.0
ACC32899,29-06-2024,13:36,Karnataka,Bengaluru Urban,15.5935,76.3751,Expressway,Clear,Day,38,Male,Bus,60,No,No,No,Over Speeding,Low,1.0
ACC32900,17-03-2022,10:23,Andhra Pradesh,Visakhapatnam,15.832,78.9689,City Road,Rainy,Day,25,Female,Truck,45,No,No,Yes,Poor Weather Visibility,Low,0.0
ACC32901,30-12-2023,01:29,Andhra Pradesh,Kurnool,15.0593,79.5823,Expressway,Clear,Night,32,Female,Bike,74,No,No,No,Over Speeding,High,3.0
ACC32902,11-08-2022,21:35,Telangana,Khammam,18.0406,79.5875,State Highway,Clear,Night,18,Male,Bike,58,No,Yes,No,Drowsy Driving,Medium,4.0
ACC32903,10-05-2024,21:15,Karnataka,Mysuru,14.9694,76.2906,State Highway,Clear,Night,54,Male,Truck,76,No,No,No,Over Speeding,Medium,2.0
ACC32904,11-02-2024,15:08,Kerala,Ernakulam,10.466,76.3573,State Highway,Foggy,Day,30,Male,Bike,74,Yes,No,No,Poor Weather Visibility,Medium,5.0
ACC32905,21-08-2023,17:10,Andhra Pradesh,Vijayawada,16.3878,79.2039,National Highway,Cloudy,Dusk,32,Female,Car,63,No,Yes,No,Drowsy Driving,Medium,2.0
ACC32906,05-06-2024,06:38,Andhra Pradesh,Vijayawada,15.8676,80.405,City Road,Rainy,Day,56,Male,Bike,61,No,No,No,Poor Weather Visibility,Medium,
ACC32907,24-11-2024,12:40,Andhra Pradesh,Kurnool,16.1257,80.8656,National Highway,Clear,Day,50,Male,Auto,67,No,Yes,No,Drowsy Driving,Medium,
ACC32908,26-01-2024,15:02,Tamil Nadu,Chennai,10.3911,78.7299,Village Road,Clear,Day,44,Male,Car,56,No,No,No,Signal Jumping,Low,0.0
ACC32909,26-06-2022,05:29,Tamil Nadu,Tiruchirappalli,11.2665,78.3475,City Road,Clear,Dawn,18,Male,Bus,67,Yes,No,No,Drunk Driving,Medium,4.0
ACC32910,16-09-2024,19:12,Kerala,Ernakulam,10.6863,76.3461,National Highway,Rainy,Night,29,Male,Car,65,No,No,No,Poor Weather Visibility,Medium,2.0
ACC32911,17-10-2024,18:58,Telangana,Hyderabad,17.2469,79.5653,City Road,Rainy,Dusk,38,Male,Car,52,No,No,No,Poor Weather Visibility,Low,1.0
ACC32912,30-06-2023,18:12,Telangana,Nizamabad,18.1983,78.9854,National Highway,Overcast,Dusk,39,Male,Car,74,No,No,No,Over Speeding,Medium,3.0
ACC32913,23-05-2024,18:15,Andhra Pradesh,Vijayawada,15.7617,79.4153,City Road,Overcast,Dusk,41,Male,Bike,40,No,No,No,Poor Weather Visibility,Low,0.0