Accident_ID,Date,Time,State,District,Latitude,Longitude,Road_Type,Weather,Light_Condition,Driver_Age,Driver_Gender,Vehicle_Type,Speed_kmph,Alcohol_Involved,Driver_Drowsy,Pothole_Involved,Cause_of_Accident,Severity,Casualties
ACC32914,07-04-2022,10:45,Telangana,Nizamabad,17.8205,79.0303,National Highway,Rainy,Day,45,Female,Bike,72,No,Yes,No,Poor Weather Visibility,High,6.0
ACC32915,16-12-2023,07:50,Andhra Pradesh,Kurnool,16.1049,79.5239,Expressway,Rainy,Day,34,Female,Car,74,No,No,No,Poor Weather Visibility,Medium,2.0
ACC32916,15-12-2023,17:18,Kerala,Thiruvananthapuram,10.2788,75.7274,City Road,Clear,Dusk,42,Female,Truck,52,No,Yes,No,Drowsy Driving,Low,0.0
ACC32917,10-12-2022,00:24,Tamil Nadu,Tiruchirappalli,10.7823,78.5823,State Highway,Clear,Night,35,Female,Bike,73,No,No,No,Over Speeding,Medium,3.0
ACC32918,07-08-2022,12:43,Andhra Pradesh,Nellore,15.85,79.1869,City Road,Clear,Day,18,Male,Auto,44,No,No,No,Poor Weather Visibility,Low,1.0
ACC32919,26-10-2022,22:51,Karnataka,Mysuru,15.5417,75.5835,Village Road,Clear,Night,34,Male,Car,56,Yes,No,No,Drunk Driving,Medium,3.0
ACC32920,10-04-2022,09:02,Tamil Nadu,Chennai,10.6257,78.989,Expressway,Rainy,Day,53,Male,Bus,89,No,No,No,Over Speeding,Medium,0.0
ACC32921,19-12-2022,10:12,Andhra Pradesh,Kurnool,15.564,79.0936,City Road,Clear,Day,46,Male,Car,40,No,No,No,Signal Jumping,Low,3.0
ACC32922,11-01-2024,11:54,Tamil Nadu,Chennai,10.9025,78.3577,Expressway,Clear,Day,27,Male,Car,108,Yes,Yes,No,Over Speeding,High,7.0
ACC32923,23-02-2022,22:21,Andhra Pradesh,Kurnool,15.8208,79.3118,City Road,Clear,Night,62,Male,Bike,40,No,No,No,Signal Jumping,Low,2.0
ACC32924,21-08-2024,23:43,Andhra Pradesh,Nellore,15.9079,79.8395,Village Road,Cloudy,Night,49,Male,Truck,50,No,No,Yes,Pothole/Bad Road,Medium,1.0
ACC32925,09-12-2024,07:10,Kerala,Thrissur,10.0105,76.2333,Village Road,Cloudy,Day,32,Male,Bike,54,No,No,Yes,Pothole/Bad Road,Low,1.0
ACC32926,23-10-2024,18:09,Tamil Nadu,Tiruchirappalli,11.1245,78.3227,Village Road,Rainy,Dusk,50,Male,Auto,30,No,No,Yes,Poor Weather Visibility,Low,1.0
ACC32927,12-02-2023,06:12,Andhra Pradesh,Nellore,16.3317,79.6475,State Highway,Clear,Day,52,Male,Bike,52,No,No,No,Signal Jumping,Low,0.0
ACC32928,09-10-2023,13:23,Telangana,Warangal,18.6536,79.3307,City Road,Clear,Day,31,Male,Auto,41,No,No,No,Poor Weather Visibility,Low,0.0
ACC32929,05-12-2022,18:43,Tamil Nadu,Tiruchirappalli,10.6302,78.4769,City Road,Cloudy,Dusk,20,Male,Bike,57,No,No,No,Signal Jumping,Medium,6.0
ACC32930,06-05-2022,08:56,Telangana,Karimnagar,18.0348,79.2579,State Highway,Clear,Day,63,Female,Bike,45,No,No,No,Poor Weather Visibility,Low,2.0
ACC32931,01-10-2024,20:58,Tamil Nadu,Salem,11.4578,79.1162,Expressway,Rainy,Night,20,Male,Car,116,Yes,No,No,Over Speeding,High,5.0
ACC32932,07-03-2023,17:56,Telangana,Khammam,17.9022,78.8813,Expressway,Overcast,Dusk,40,Male,Bike,93,No,No,No,Over Speeding,High,5.0
ACC32933,26-10-2024,08:48,Karnataka,Belagavi,15.247,76.0266,City Road,Clear,Day,41,Male,Bike,47,No,No,No,Signal Jumping,Low,1.0
ACC32934,06-04-2024,09:26,Kerala,Thrissur,10.6373,76.3193,National Highway,Cloudy,Day,25,Male,Bike,76,No,No,No,Over Speeding,High,
ACC32935,21-06-2023,18:20,Karnataka,Bengaluru Urban,15.4077,76.0034,National Highway,Rainy,Dusk,30,Male,Bike,67,No,No,Yes,Poor Weather Visibility,High,4.0
ACC32936,10-04-2024,00:26,Andhra Pradesh,Guntur,15.3638,79.3878,Village Road,Clear,Night,34,Male,Bike,19,No,No,No,Poor Weather Visibility,Low,0.0
ACC32937,18-10-2024,18:59,Tamil Nadu,Salem,11.4842,78.4645,City Road,Clear,Dusk,41,Male,Car,57,Yes,No,No,Drunk Driving,Medium,3.0
ACC32938,28-01-2022,10:23,Andhra Pradesh,Kurnool,15.8409,80.3497,National Highway,Foggy,Day,24,Male,Bike,63,No,No,No,Poor Weather Visibility,Medium,
ACC32939,19-01-2023,18:30,Andhra Pradesh,Kurnool,15.92,79.8904,City Road,Foggy,Dusk,18,Male,Bike,40,No,No,Yes,Poor Weather Visibility,Medium,4.0
ACC32940,02-04-2022,01:07,Karnataka,Belagavi,15.2879,75.6948,Expressway,Overcast,Night,28,Male,Bike,95,No,No,No,Over Speeding,High,4.0
ACC32941,27-01-2023,17:12,Karnataka,Hubballi,14.564,76.2283,State Highway,Cloudy,Dusk,23,Male,Bike,70,No,No,Yes,Pothole/Bad Road,Medium,4.0
ACC32942,30-07-2023,10:38,Karnataka,Bengaluru Urban,15.1444,75.6433,City Road,Clear,Day,51,Male,Bike,43,No,No,No,Poor Weather Visibility,Low,2.0
ACC32943,29-03-2024,08:59,Telangana,Nizamabad,18.3551,79.3799,State Highway,Clear,Day,60,Male,Bike,69,No,No,Yes,Pothole/Bad Road,Medium,2.0
ACC32944,27-02-2023,11:54,Andhra Pradesh,Nellore,16.2146,79.7906,City Road,Cloudy,Day,36,Female,Bike,55,No,No,No,Poor Weather Visibility,Low,3.0
ACC32945,24-08-2023,03:02,Karnataka,Mangaluru,15.6972,75.3948,State Highway,Clear,Night,53,Male,Truck,51,No,Yes,No,Drowsy Driving,High,4.0
ACC32946,07-05-2022,16:55,Puducherry,Puducherry,11.6195,79.2747,City Road,Cloudy,Day,55,Female,Car,67,No,No,No,Poor Weather Visibility,Low,0.0
ACC32947,09-11-2023,17:04,Karnataka,Mysuru,14.7467,76.0117,City Road,Clear,Dusk,58,Male,Bike,37,No,No,Yes,Pothole/Bad Road,Low,0.0
ACC32948,21-01-2023,15:09,Tamil Nadu,Chennai,11.2181,78.2631,State Highway,Cloudy,Day,52,Female,Car,69,No,No,Yes,Signal Jumping,Medium,
ACC32949,05-10-2023,12:06,Tamil Nadu,Chennai,11.5752,78.6235,City Road,Clear,Day,49,Male,Car,15,No,No,Yes,Pothole/Bad Road,Low,1.0
ACC32950,03-09-2024,08:17,Karnataka,Belagavi,14.9779,75.2042,State Highway,Cloudy,Day,21,Male,Bike,57,No,No,No,Poor Weather Visibility,Low,1.0
ACC32951,24-12-2023,18:48,Tamil Nadu,Salem,10.8945,78.5312,Expressway,Clear,Dusk,36,Male,Car,89,No,No,No,Over Speeding,Medium,6.0
ACC32952,28-06-2022,11:35,Telangana,Khammam,17.8529,78.668,City Road,Clear,Day,51,Female,Bike,31,No,No,No,Poor Weather Visibility,Low,0.0
ACC32953,31-05-2023,13:40,Karnataka,Mangaluru,14.7397,76.0065,City Road,Clear,Day,48,Male,Auto,69,No,No,No,Signal Jumping,Low,
ACC32954,21-01-2023,09:40,Karnataka,Mangaluru,14.5978,75.8022,National Highway,Cloudy,Day,35,Male,Bus,86,No,No,No,Over Speeding,Medium,3.0
ACC32955,30-07-2022,20:01,Kerala,Kollam,10.4776,76.7682,Expressway,Clear,Night,26,Male,Bike,67,No,No,No,Signal Jumping,Medium,4.0
ACC32956,06-03-2023,11:28,Karnataka,Hubballi,15.5634,76.1111,National Highway,Clear,Day,42,Male,Bike,56,No,No,No,Signal Jumping,Low,0.0
ACC32957,04-06-2022,23:48,Tamil Nadu,Coimbatore,11.3736,78.3637,Expressway,Clear,Night,26,Male,Bike,59,No,No,No,Over Speeding,Low,0.0
ACC32958,13-01-2022,11:10,Tamil Nadu,Salem,10.7092,78.603,National Highway,Clear,Day,41,Male,Bike,59,No,No,No,Signal Jumping,Medium,6.0
ACC32959,25-10-2023,20:48,Kerala,Ernakulam,10.1524,76.8478,City Road,Clear,Night,23,Female,Truck,51,No,Yes,No,Drowsy Driving,Medium,1.0
ACC32960,21-01-2024,19:40,Tamil Nadu,Madurai,11.2928,78.3187,City Road,Overcast,Night,31,Female,Bike,54,Yes,No,No,Drunk Driving,Medium,2.0
ACC32961,22-08-2022,14:48,Puducherry,Karaikal,12.1118,80.088,City Road,Foggy,Day,34,Female,Car,67,No,No,No,Poor Weather Visibility,Medium,3.0
ACC32962,15-04-2023,11:04,Telangana,Karimnagar,17.5138,79.2506,City Road,Rainy,Day,43,Male,Car,73,No,No,No,Poor Weather Visibility,Medium,0.0
ACC32963,05-10-2022,05:56,Kerala,Kollam,10.0991,76.6942,Village Road,Clear,Dawn,44,Male,Bike,52,No,No,No,Signal Jumping,Low,0.0
ACC32964,27-03-2023,07:15,Telangana,Khammam,17.2052,78.8928,City Road,Clear,Day,33,Male,Bus,59,No,No,No,Over Speeding,Low,4.0
ACC32965,23-01-2024,15:37,Kerala,Kozhikode,9.9283,76.4642,State Highway,Cloudy,Day,40,Female,Bike,79,Yes,No,No,Drunk Driving,High,8.0
ACC32966,28-01-2024,08:10,Karnataka,Hubballi,15.9259,75.9582,State Highway,Rainy,Day,41,Male,Bike,78,No,No,No,Poor Weather Visibility,Medium,3.0
ACC32967,10-10-2022,13:16,Kerala,Ernakulam,10.2793,75.723,State Highway,Rainy,Day,28,Male,Bike,72,No,No,No,Poor Weather Visibility,Medium,3.0
ACC32968,24-01-2022,12:28,Puducherry,Puducherry,12.2079,79.8561,City Road,Overcast,Day,56,Male,Bike,29,No,Yes,No,Drowsy Driving,Low,1.0
ACC32969,02-09-2022,07:48,Karnataka,Bengaluru Urban,14.8198,75.9675,State Highway,Rainy,Day,32,Male,Bike,74,No,No,No,Poor Weather Visibility,Medium,4.0
ACC32970,17-08-2022,17:24,Karnataka,Belagavi,15.213,76.659,Village Road,Cloudy,Dusk,42,Male,Auto,23,No,No,No,Poor Weather Visibility,Low,1.0
ACC32971,05-05-2024,19:28,Tamil Nadu,Chennai,11.0643,78.6052,City Road,Clear,Night,26,Male,Bus,60,Yes,No,No,Drunk Driving,Medium,4.0
ACC32972,30-04-2023,11:22,Andhra Pradesh,Guntur,15.8217,79.5195,National Highway,Cloudy,Day,48,Male,Bike,64,No,No,Yes,Pothole/Bad Road,Medium,2.0
ACC32973,11-10-2022,19:01,Puducherry,Karaikal,12.123,79.9826,National Highway,Rainy,Night,38,Male,Bike,65,Yes,No,Yes,Poor Weather Visibility,High,10.0
ACC32974,30-08-2024,00:29,Kerala,Ernakulam,10.1864,75.9297,National Highway,Clear,Night,46,Male,Bike,72,No,No,No,Over Speeding,Medium,3.0
ACC32975,25-10-2022,06:38,Telangana,Khammam,18.2905,78.6307,National Highway,Foggy,Day,41,Male,Car,75,No,No,No,Poor Weather Visibility,High,4.0
ACC32976,02-12-2023,21:12,Telangana,Hyderabad,17.8102,78.7276,City Road,Clear,Night,40,Male,Bike,45,No,No,Yes,Pothole/Bad Road,Low,1.0
ACC32977,24-09-2023,14:43,Tamil Nadu,Madurai,10.7872,78.6073,Village Road,Overcast,Day,25,Male,Bike,53,No,No,Yes,Pothole/Bad Road,Low,2.0
ACC32978,26-03-2022,07:16,Puducherry,Puducherry,11.4365,78.9266,Expressway,Cloudy,Day,18,Female,Car,113,Yes,Yes,No,Over Speeding,High,4.0
ACC32979,10-10-2023,18:09,Andhra Pradesh,Visakhapatnam,15.842,80.05,State Highway,Rainy,Dusk,23,Male,Bike,47,No,No,No,Poor Weather Visibility,Low,2.0
ACC32980,09-10-2024,10:32,Karnataka,Mangaluru,15.6263,76.1351,Village Road,Clear,Day,43,Male,Car,51,No,No,Yes,Pothole/Bad Road,Low,1.0
ACC32981,28-12-2022,18:05,Karnataka,Belagavi,14.9147,75.8091,National Highway,Overcast,Dusk,67,Male,Bike,60,No,No,No,Poor Weather Visibility,Medium,4.0
ACC32982,04-09-2022,09:14,Telangana,Nizamabad,18.1074,78.9044,City Road,Cloudy,Day,48,Male,Bike,39,No,No,No,Signal Jumping,Low,0.0
ACC32983,23-07-2023,10:13,Telangana,Hyderabad,18.2873,78.3508,National Highway,Clear,Day,61,Male,Car,82,No,No,No,Over Speeding,Medium,1.0
ACC32984,26-03-2022,00:23,Andhra Pradesh,Kurnool,15.71,79.3018,City Road,Cloudy,Night,38,Male,Truck,59,No,Yes,No,Drowsy Driving,Medium,4.0
ACC32985,11-05-2022,12:26,Telangana,Warangal,17.9289,78.3407,Expressway,Clear,Day,65,Male,Bike,82,No,No,No,Over Speeding,Medium,2.0
ACC32986,08-07-2024,18:04,Telangana,Karimnagar,18.0749,79.5745,City Road,Clear,Dusk,34,Female,Car,54,No,No,No,Signal Jumping,Low,2.0
ACC32987,05-06-2022,18:30,Tamil Nadu,Chennai,10.2365,78.1437,National Highway,Rainy,Dusk,42,Male,Bike,78,No,Yes,No,Poor Weather Visibility,High,7.0
ACC32988,20-04-2023,11:10,Karnataka,Belagavi,15.3773,75.2643,National Highway,Cloudy,Day,38,Male,Bike,57,No,No,No,Poor Weather Visibility,Medium,1.0
ACC32989,22-05-2022,11:31,Tamil Nadu,Chennai,11.3823,78.4531,City Road,Clear,Day,56,Male,Bike,49,No,No,No,Poor Weather Visibility,Medium,2.0
ACC32990,05-07-2024,13:50,Telangana,Karimnagar,17.9712,79.2419,City Road,Rainy,Day,18,Female,Bike,36,No,No,No,Poor Weather Visibility,Low,0.0
ACC32991,15-11-2022,05:44,Tamil Nadu,Coimbatore,11.041,78.7452,National Highway,Cloudy,Dawn,33,Female,Bike,71,No,No,No,Poor Weather Visibility,Medium,1.0
ACC32992,29-11-2024,18:18,Telangana,Nizamabad,18.0458,79.4327,State Highway,Rainy,Dusk,53,Male,Auto,55,No,No,No,Poor Weather Visibility,Low,0.0
ACC32993,28-06-2024,03:54,Kerala,Thrissur,10.2731,76.5211,State Highway,Cloudy,Night,37,Male,Car,57,No,No,No,Signal Jumping,Low,1.0
ACC32994,15-09-2024,16:35,Tamil Nadu,Madurai,11.3808,78.9947,Village Road,Cloudy,Day,19,Male,Bike,21,No,No,Yes,Pothole/Bad Road,Low,2.0
ACC32995,14-02-2022,13:48,Telangana,Warangal,18.556,78.8987,National Highway,Cloudy,Day,30,Female,Bus,75,No,No,No,Over Speeding,Low,0.0
ACC32996,22-07-2024,21:26,Kerala,Kollam,10.7322,75.6514,Expressway,Clear,Night,56,Male,Auto,78,No,No,No,Over Speeding,High,7.0
ACC32997,31-12-2022,14:01,Kerala,Ernakulam,10.4586,75.6981,Village Road,Foggy,Day,22,Male,Car,39,No,No,Yes,Poor Weather Visibility,Medium,2.0
ACC32998,13-09-2023,16:26,Karnataka,Mangaluru,15.1693,75.5638,Village Road,Clear,Day,53,Female,Car,52,Yes,No,No,Drunk Driving,Low,2.0
ACC32999,01-03-2022,17:56,Karnataka,Hubballi,15.3254,75.7562,Village Road,Clear,Dusk,40,Male,Bike,76,Yes,Yes,Yes,Drunk Driving,High,9.0
ACC33000,02-11-2024,20:12,Telangana,Khammam,17.6591,78.2463,National Highway,Overcast,Night,43,Male,Truck,85,Yes,No,No,Drunk Driving,High,3.0
ACC33001,24-12-2024,15:55,Kerala,Thrissur,10.2914,76.0819,Expressway,Clear,Day,29,Male,Auto,60,No,No,No,Signal Jumping,Low,3.0
ACC33002,04-01-2022,08:21,Karnataka,Mysuru,14.8579,75.1753,City Road,Clear,Day,40,Male,Bike,50,No,No,Yes,Pothole/Bad Road,Low,
ACC33003,02-01-2022,16:03,Karnataka,Mysuru,15.5683,76.0301,City Road,Cloudy,Day,21,Female,Bike,87,Yes,No,No,Over Speeding,High,9.0
ACC33004,08-01-2024,13:59,Puducherry,Puducherry,12.4166,79.4445,Expressway,Cloudy,Day,54,Male,Bike,74,No,No,No,Over Speeding,Medium,3.0
ACC33005,05-11-2023,20:50,Kerala,Thrissur,10.7498,76.1234,State Highway,Clear,Night,47,Male,Car,82,Yes,No,No,Drunk Driving,High,7.0
ACC33006,23-02-2023,01:05,Kerala,Thrissur,10.1375,76.5316,Village Road,Rainy,Night,21,Male,Car,51,No,Yes,No,Poor Weather Visibility,Medium,6.0
ACC33007,26-06-2023,00:17,Puducherry,Puducherry,11.797,79.192,State Highway,Clear,Night,39,Male,Bike,61,No,No,Yes,Pothole/Bad Road,Low,1.0
ACC33008,30-01-2024,14:35,Puducherry,Puducherry,11.9134,79.7931,City Road,Overcast,Day,46,Female,Truck,44,No,No,No,Poor Weather Visibility,Low,1.0
ACC33009,14-11-2024,06:35,Tamil Nadu,Tiruchirappalli,10.5857,79.054,State Highway,Rainy,Day,26,Male,Auto,60,No,No,No,Poor Weather Visibility,Medium,2.0
ACC33010,23-11-2023,15:46,Karnataka,Mangaluru,15.4278,75.8303,Village Road,Clear,Day,22,Male,Truck,42,No,Yes,No,Drowsy Driving,Low,0.0
ACC33011,03-03-2023,17:00,Telangana,Khammam,17.7721,79.4429,State Highway,Rainy,Dusk,50,Female,Car,58,No,No,No,Poor Weather Visibility,Low,0.0
ACC33012,09-09-2023,11:26,Kerala,Thrissur,10.2471,75.997,City Road,Cloudy,Day,26,Female,Car,59,No,No,Yes,Pothole/Bad Road,Medium,2.0
ACC33013,01-02-2023,07:03,Kerala,Ernakulam,10.2306,76.1557,State Highway,Clear,Day,37,Male,Bike,57,No,No,No,Signal Jumping,Low,0.0
ACC33014,13-03-2024,03:17,Karnataka,Belagavi,15.6621,75.4185,City Road,Rainy,Night,49,Male,Car,35,No,No,No,Poor Weather Visibility,Low,0.0
ACC33015,17-05-2023,12:28,Andhra Pradesh,Kurnool,15.9256,79.0135,National Highway,Clear,Day,18,Male,Car,75,No,No,No,Over Speeding,Medium,2.0
ACC33016,04-07-2022,02:34,Andhra Pradesh,Vijayawada,16.1149,79.5215,State Highway,Overcast,Night,18,Male,Auto,71,Yes,No,No,Drunk Driving,High,8.0
ACC33017,26-11-2022,09:32,Kerala,Kozhikode,10.7072,76.9959,Village Road,Cloudy,Day,28,Female,Bike,37,No,No,No,Signal Jumping,Low,2.0
ACC33018,04-06-2023,16:24,Andhra Pradesh,Guntur,15.6681,79.6655,State Highway,Clear,Day,31,Male,Bike,57,No,No,No,Signal Jumping,Medium,2.0
ACC33019,19-08-2023,06:16,Kerala,Kollam,10.1142,76.129,Village Road,Rainy,Day,52,Male,Bus,55,No,Yes,No,Poor Weather Visibility,Low,1.0
ACC33020,28-01-2023,15:08,Andhra Pradesh,Vijayawada,15.9728,79.2627,State Highway,Cloudy,Day,18,Male,Bike,51,Yes,No,Yes,Drunk Driving,Medium,1.0
ACC33021,17-04-2022,22:11,Andhra Pradesh,Visakhapatnam,16.3877,79.9158,City Road,Clear,Night,49,Male,Bike,45,No,No,No,Signal Jumping,Low,1.0
ACC33022,29-12-2024,13:40,Telangana,Karimnagar,18.229,79.485,National Highway,Rainy,Day,37,Male,Auto,62,No,No,No,Poor Weather Visibility,Medium,2.0
ACC33023,23-04-2024,15:22,Andhra Pradesh,Kurnool,15.7721,79.6446,National Highway,Clear,Day,25,Male,Car,80,No,No,No,Over Speeding,Medium,1.0
ACC33024,14-09-2023,12:11,Kerala,Thiruvananthapuram,10.6061,76.5166,National Highway,Cloudy,Day,33,Male,Car,60,No,No,No,Signal Jumping,Low,
ACC33025,05-11-2023,18:15,Karnataka,Mysuru,15.6059,75.8163,City Road,Overcast,Dusk,32,Male,Auto,26,No,No,No,Poor Weather Visibility,Low,1.0
ACC33026,10-03-2022,18:11,Kerala,Kollam,9.5083,76.1887,National Highway,Cloudy,Dusk,34,Male,Bike,52,No,Yes,No,Drowsy Driving,Medium,0.0
ACC33027,25-08-2023,06:02,Tamil Nadu,Tiruchirappalli,10.9217,78.7869,Village Road,Clear,Day,32,Male,Car,46,No,No,Yes,Pothole/Bad Road,Low,0.0
ACC33028,28-12-2022,09:39,Tamil Nadu,Coimbatore,10.6048,79.0922,Village Road,Rainy,Day,37,Female,Car,40,No,No,No,Poor Weather Visibility,Low,3.0
ACC33029,20-09-2023,12:50,Karnataka,Bengaluru Urban,15.2581,75.839,City Road,Clear,Day,36,Male,Car,33,No,No,No,Signal Jumping,Low,
ACC33030,18-12-2024,22:49,Telangana,Warangal,17.8975,78.4363,City Road,Clear,Night,18,Male,Bike,64,Yes,No,No,Drunk Driving,Medium,1.0
ACC33031,09-07-2023,17:58,Telangana,Warangal,18.0816,79.2427,State Highway,Clear,Dusk,22,Male,Bike,54,No,No,No,Poor Weather Visibility,Low,1.0
ACC33032,27-10-2023,05:21,Telangana,Karimnagar,17.7063,78.467,Expressway,Cloudy,Dawn,20,Female,Bike,94,Yes,No,Yes,Over Speeding,High,7.0
ACC33033,26-11-2023,18:49,Kerala,Kollam,9.8189,76.6753,National Highway,Clear,Dusk,47,Male,Bus,81,No,No,No,Over Speeding,Medium,3.0
ACC33034,23-02-2022,13:16,Telangana,Karimnagar,17.6931,78.7511,City Road,Overcast,Day,50,Male,Bus,85,Yes,Yes,No,Drunk Driving,High,7.0
ACC33035,13-12-2023,20:34,Karnataka,Belagavi,15.2247,75.7588,City Road,Cloudy,Night,35,Male,Bus,57,No,No,Yes,Pothole/Bad Road,Medium,2.0
ACC33036,28-11-2023,21:55,Tamil Nadu,Madurai,11.6947,78.1515,State Highway,Overcast,Night,41,Male,Bus,73,No,Yes,No,Drowsy Driving,Medium,2.0
ACC33037,01-02-2022,15:02,Andhra Pradesh,Kurnool,16.0136,79.3585,Expressway,Rainy,Day,38,Male,Bike,72,No,No,Yes,Poor Weather Visibility,High,6.0
ACC33038,09-04-2022,13:59,Tamil Nadu,Tiruchirappalli,11.3165,78.6887,Village Road,Clear,Day,32,Male,Car,61,No,No,Yes,Pothole/Bad Road,Low,1.0
ACC33039,16-06-2022,17:12,Puducherry,Puducherry,12.2436,80.2855,National Highway,Rainy,Dusk,46,Male,Truck,65,No,No,No,Poor Weather Visibility,Medium,3.0
ACC33040,03-05-2022,11:47,Karnataka,Hubballi,15.5059,75.534,State Highway,Clear,Day,22,Female,Bus,76,Yes,No,No,Drunk Driving,Medium,2.0
ACC33041,03-04-2023,08:26,Telangana,Warangal,17.3288,79.0429,Expressway,Clear,Day,39,Male,Car,76,No,No,No,Over Speeding,Medium,0.0
ACC33042,25-03-2024,04:51,Tamil Nadu,Madurai,10.9841,78.5493,State Highway,Rainy,Night,18,Female,Bus,63,No,No,No,Poor Weather Visibility,Medium,6.0
ACC33043,26-06-2022,18:56,Telangana,Karimnagar,17.3989,79.1841,City Road,Overcast,Dusk,41,Male,Auto,51,No,No,No,Signal Jumping,Medium,1.0
ACC33044,20-02-2022,19:20,Kerala,Thiruvananthapuram,10.07,77.0329,City Road,Clear,Night,22,Male,Bike,32,No,No,No,Signal Jumping,Low,0.0
ACC33045,16-01-2023,16:41,Telangana,Warangal,17.8601,78.5265,Village Road,Rainy,Day,18,Male,Bus,54,No,Yes,Yes,Poor Weather Visibility,Medium,2.0
ACC33046,23-12-2022,16:22,Kerala,Thiruvananthapuram,10.0627,76.1864,National Highway,Foggy,Day,41,Male,Auto,79,No,No,No,Poor Weather Visibility,High,9.0
ACC33047,14-04-2023,23:57,Karnataka,Bengaluru Urban,14.7921,76.138,National Highway,Rainy,Night,51,Male,Car,86,No,Yes,Yes,Poor Weather Visibility,High,4.0
ACC33048,06-07-2022,13:55,Karnataka,Hubballi,15.2948,75.6662,State Highway,Rainy,Day,39,Female,Car,35,No,No,Yes,Poor Weather Visibility,Low,0.0
ACC33049,13-12-2023,08:11,Tamil Nadu,Chennai,10.8128,78.3908,Village Road,Cloudy,Day,52,Male,Bike,40,No,No,No,Poor Weather Visibility,Low,1.0
ACC33050,23-06-2024,17:13,Kerala,Ernakulam,9.8587,76.4198,National Highway,Foggy,Dusk,26,Male,Car,56,No,No,No,Poor Weather Visibility,Medium,2.0
ACC33051,10-05-2022,03:35,Telangana,Karimnagar,17.3091,79.6205,Expressway,Overcast,Night,23,Male,Bike,91,Yes,No,No,Over Speeding,High,6.0
ACC33052,05-10-2023,11:27,Karnataka,Mysuru,15.1424,76.1427,City Road,Rainy,Day,37,Male,Car,60,No,No,No,Poor Weather Visibility,Medium,0.0
ACC33053,23-03-2024,06:34,Karnataka,Bengaluru Urban,15.4263,75.1805,Village Road,Rainy,Day,42,Female,Bike,42,No,No,Yes,Poor Weather Visibility,Low,1.0
ACC33054,13-08-2024,12:30,Tamil Nadu,Chennai,10.9514,78.2591,City Road,Rainy,Day,52,Male,Bike,44,No,No,Yes,Poor Weather Visibility,Low,3.0
ACC33055,18-03-2023,20:11,Karnataka,Mangaluru,15.5426,75.5149,City Road,Rainy,Night,46,Male,Car,55,No,Yes,No,Poor Weather Visibility,Low,2.0
ACC33056,26-02-2022,11:01,Tamil Nadu,Tiruchirappalli,10.9102,78.6281,City Road,Clear,Day,28,Male,Car,42,No,No,No,Signal Jumping,Low,
ACC33057,10-05-2022,07:36,Kerala,Ernakulam,10.1321,76.4649,National Highway,Rainy,Day,23,Male,Auto,66,No,No,Yes,Poor Weather Visibility,High,8.0
ACC33058,05-05-2022,22:45,Andhra Pradesh,Kurnool,15.9399,79.3095,Village Road,Cloudy,Night,35,Male,Bike,66,Yes,No,No,Drunk Driving,High,5.0
ACC33059,05-04-2023,09:32,Telangana,Nizamabad,18.1796,78.807,National Highway,Cloudy,Day,51,Male,Auto,78,No,No,No,Over Speeding,Medium,3.0
ACC33060,16-04-2023,07:01,Telangana,Warangal,18.1898,79.0974,National Highway,Overcast,Day,25,Male,Auto,73,No,No,No,Over Speeding,Medium,6.0
ACC33061,25-06-2023,13:38,Kerala,Thiruvananthapuram,9.4593,76.2028,State Highway,Cloudy,Day,22,Male,Auto,77,Yes,Yes,Yes,Drunk Driving,High,6.0
ACC33062,18-03-2023,11:08,Telangana,Karimnagar,17.9312,78.7185,Village Road,Clear,Day,18,Male,Bike,37,No,No,Yes,Pothole/Bad Road,Low,2.0
ACC33063,01-03-2024,12:05,Andhra Pradesh,Visakhapatnam,16.2149,79.7398,State Highway,Clear,Day,33,Male,Car,78,No,No,No,Signal Jumping,Medium,4.0
ACC33064,21-10-2024,19:57,Telangana,Hyderabad,17.8267,79.4131,Expressway,Clear,Night,32,Male,Car,107,No,Yes,No,Over Speeding,High,
ACC33065,22-02-2023,18:02,Tamil Nadu,Tiruchirappalli,10.9042,78.0941,Village Road,Cloudy,Dusk,20,Female,Bike,40,No,No,Yes,Signal Jumping,Low,2.0
ACC33066,30-06-2023,13:16,Karnataka,Bengaluru Urban,15.8959,75.3652,City Road,Rainy,Day,29,Female,Car,32,No,No,Yes,Poor Weather Visibility,Low,0.0
ACC33067,02-04-2024,04:26,Andhra Pradesh,Kurnool,16.7923,79.834,State Highway,Rainy,Night,39,Male,Car,76,Yes,No,Yes,Poor Weather Visibility,High,4.0
ACC33068,28-05-2022,22:04,Karnataka,Bengaluru Urban,15.4097,75.8106,City Road,Cloudy,Night,24,Male,Bike,51,No,Yes,No,Drowsy Driving,Medium,2.0
ACC33069,21-01-2023,23:21,Tamil Nadu,Madurai,10.6975,78.5289,City Road,Foggy,Night,52,Male,Car,56,No,No,Yes,Poor Weather Visibility,Medium,1.0
ACC33070,29-08-2023,15:06,Kerala,Thrissur,10.2464,75.7935,Village Road,Clear,Day,52,Female,Bike,54,No,Yes,No,Drowsy Driving,Medium,4.0
ACC33071,16-07-2023,16:38,Telangana,Karimnagar,17.8013,79.8704,State Highway,Clear,Day,44,Male,Car,53,No,No,No,Poor Weather Visibility,Low,0.0