Accident_ID,Date,Time,State,District,Latitude,Longitude,Road_Type,Weather,Light_Condition,Driver_Age,Driver_Gender,Vehicle_Type,Speed_kmph,Alcohol_Involved,Driver_Drowsy,Pothole_Involved,Cause_of_Accident,Severity,Casualties
ACC33072,01-10-2022,11:41,Andhra Pradesh,Nellore,15.4128,78.8238,State Highway,Clear,Day,33,Male,Bus,58,No,Yes,No,Drowsy Driving,Low,0.0
ACC33073,18-09-2023,05:36,Tamil Nadu,Madurai,10.1741,77.9425,State Highway,Cloudy,Dawn,32,Male,Bike,55,Yes,No,No,Drunk Driving,Medium,3.0
ACC33074,13-06-2022,21:53,Karnataka,Mangaluru,15.3674,76.0853,Village Road,Clear,Night,29,Male,Car,45,No,No,Yes,Pothole/Bad Road,Low,0.0
ACC33075,08-05-2024,02:18,Tamil Nadu,Chennai,12.266,79.0473,State Highway,Overcast,Night,49,Male,Car,82,Yes,No,Yes,Drunk Driving,High,
ACC33076,27-03-2023,01:34,Karnataka,Belagavi,15.4703,75.6646,State Highway,Clear,Night,26,Male,Car,49,No,No,No,Signal Jumping,Low,1.0
ACC33077,29-06-2022,07:12,Karnataka,Hubballi,14.9505,74.7205,State Highway,Overcast,Day,30,Female,Auto,61,No,No,No,Poor Weather Visibility,Low,
ACC33078,10-07-2023,20:00,Tamil Nadu,Madurai,11.0133,78.7957,Village Road,Rainy,Night,33,Male,Truck,56,No,No,No,Poor Weather Visibility,Medium,5.0
ACC33079,22-11-2022,13:21,Andhra Pradesh,Guntur,16.0851,79.6113,City Road,Rainy,Day,21,Male,Auto,55,No,No,Yes,Poor Weather Visibility,Medium,3.0
ACC33080,15-06-2023,10:43,Tamil Nadu,Tiruchirappalli,10.9424,79.0107,City Road,Clear,Day,35,Male,Bike,73,No,No,No,Over Speeding,Low,0.0
ACC33081,01-07-2022,20:20,Tamil Nadu,Salem,10.272,78.4507,National Highway,Cloudy,Night,46,Male,Auto,76,Yes,No,No,Drunk Driving,High,7.0
ACC33082,19-09-2022,13:53,Andhra Pradesh,Vijayawada,15.7262,79.8323,Village Road,Clear,Day,57,Male,Car,63,No,No,Yes,Pothole/Bad Road,Medium,4.0
ACC33083,24-12-2024,08:32,Kerala,Kozhikode,10.5212,76.2286,Village Road,Clear,Day,18,Male,Bike,52,Yes,No,Yes,Drunk Driving,Medium,0.0
ACC33084,16-12-2024,04:27,Karnataka,Hubballi,14.616,75.1948,Expressway,Cloudy,Night,41,Male,Truck,69,No,No,No,Poor Weather Visibility,Medium,5.0
ACC33085,30-09-2023,16:53,Andhra Pradesh,Vijayawada,15.5607,79.8503,State Highway,Foggy,Day,41,Female,Car,43,No,No,No,Poor Weather Visibility,Low,1.0
ACC33086,16-10-2023,16:34,Tamil Nadu,Madurai,10.5834,79.1246,Village Road,Clear,Day,23,Female,Bike,45,No,No,Yes,Pothole/Bad Road,Medium,2.0
ACC33087,11-09-2023,03:16,Andhra Pradesh,Visakhapatnam,16.016,79.6369,State Highway,Clear,Night,32,Male,Auto,49,Yes,No,No,Drunk Driving,Medium,4.0
ACC33088,28-05-2022,16:59,Telangana,Karimnagar,17.6261,79.3103,City Road,Clear,Day,32,Male,Car,40,No,No,No,Signal Jumping,Low,1.0
ACC33089,02-03-2022,22:51,Puducherry,Puducherry,11.7537,78.1795,Village Road,Clear,Night,28,Female,Bike,77,Yes,No,No,Drunk Driving,High,6.0
ACC33090,14-05-2022,00:51,Telangana,Khammam,17.6271,79.358,Village Road,Overcast,Night,27,Female,Car,51,No,Yes,No,Drowsy Driving,Medium,0.0
ACC33091,10-10-2024,08:50,Andhra Pradesh,Visakhapatnam,15.6132,79.4464,City Road,Clear,Day,51,Female,Bike,43,No,No,No,Poor Weather Visibility,Low,0.0
ACC33092,23-02-2024,10:59,Telangana,Nizamabad,18.37,78.8824,City Road,Cloudy,Day,18,Female,Auto,64,Yes,No,No,Drunk Driving,High,9.0
ACC33093,04-01-2024,14:12,Karnataka,Mysuru,15.6761,75.3791,City Road,Clear,Day,38,Male,Auto,47,No,No,No,Poor Weather Visibility,Low,1.0
ACC33094,10-09-2022,21:19,Telangana,Khammam,17.7834,78.9027,State Highway,Cloudy,Night,43,Male,Truck,86,Yes,No,No,Over Speeding,High,3.0
ACC33095,20-05-2024,00:44,Andhra Pradesh,Nellore,16.6911,79.5316,State Highway,Clear,Night,32,Male,Truck,58,No,Yes,No,Drowsy Driving,Medium,2.0
ACC33096,31-10-2023,15:08,Kerala,Thiruvananthapuram,10.6884,76.2561,State Highway,Clear,Day,27,Male,Car,64,No,No,No,Over Speeding,Medium,3.0
ACC33097,01-11-2023,17:55,Telangana,Khammam,18.1085,78.5929,Village Road,Rainy,Dusk,23,Male,Bike,35,No,No,No,Poor Weather Visibility,Low,3.0
ACC33098,05-02-2024,17:41,Andhra Pradesh,Guntur,16.0382,79.3379,City Road,Clear,Dusk,35,Male,Car,73,Yes,No,No,Drunk Driving,Medium,2.0
ACC33099,06-07-2022,19:49,Andhra Pradesh,Vijayawada,16.0059,79.242,City Road,Cloudy,Night,29,Male,Bus,43,No,Yes,Yes,Drowsy Driving,Low,0.0
ACC33100,22-09-2022,00:13,Karnataka,Belagavi,15.8385,75.2535,Village Road,Clear,Night,54,Male,Auto,40,No,Yes,No,Drowsy Driving,Low,1.0
ACC33101,27-06-2022,18:13,Tamil Nadu,Madurai,11.3559,78.9801,State Highway,Clear,Dusk,38,Male,Bus,54,Yes,No,No,Drunk Driving,Low,
ACC33102,24-12-2024,06:27,Karnataka,Belagavi,16.0189,75.7636,State Highway,Clear,Day,43,Male,Car,70,No,No,No,Over Speeding,Low,0.0
ACC33103,18-12-2022,18:37,Kerala,Kollam,10.6634,76.0004,State Highway,Clear,Dusk,25,Male,Car,99,Yes,No,No,Over Speeding,High,3.0
ACC33104,05-01-2022,04:06,Tamil Nadu,Chennai,11.1636,78.2042,City Road,Clear,Night,32,Male,Bike,39,No,No,No,Signal Jumping,Low,1.0
ACC33105,21-10-2024,20:47,Tamil Nadu,Salem,11.8052,78.3441,State Highway,Clear,Night,33,Male,Bike,83,Yes,Yes,No,Drunk Driving,High,4.0
ACC33106,23-04-2024,18:14,Andhra Pradesh,Guntur,15.8068,79.1509,State Highway,Clear,Dusk,53,Female,Truck,55,No,No,No,Signal Jumping,Low,0.0
ACC33107,15-05-2022,08:26,Karnataka,Hubballi,15.3942,75.5861,Village Road,Overcast,Day,44,Male,Truck,41,No,No,No,Poor Weather Visibility,Low,1.0
ACC33108,01-01-2024,16:15,Kerala,Thrissur,10.0802,76.4678,Village Road,Clear,Day,28,Male,Bike,24,No,No,No,Poor Weather Visibility,Low,1.0
ACC33109,14-01-2023,16:18,Telangana,Nizamabad,17.9441,78.8121,City Road,Cloudy,Day,49,Female,Bike,37,No,No,No,Signal Jumping,Low,0.0
ACC33110,24-12-2022,05:01,Telangana,Nizamabad,17.9484,79.1946,National Highway,Clear,Dawn,23,Male,Auto,87,Yes,No,No,Over Speeding,High,6.0
ACC33111,06-05-2023,12:53,Kerala,Kozhikode,9.9537,75.9933,State Highway,Clear,Day,33,Male,Bike,54,No,No,No,Poor Weather Visibility,Low,1.0
ACC33112,01-11-2023,22:00,Andhra Pradesh,Guntur,15.6869,79.5337,National Highway,Rainy,Night,41,Male,Bike,70,No,No,No,Poor Weather Visibility,Medium,2.0
ACC33113,19-02-2023,14:34,Karnataka,Hubballi,14.8651,75.1825,Expressway,Clear,Day,36,Male,Bike,62,No,Yes,No,Drowsy Driving,Medium,4.0
ACC33114,04-03-2023,20:27,Karnataka,Mysuru,14.649,75.549,National Highway,Clear,Night,36,Male,Car,68,No,No,No,Over Speeding,Medium,4.0
ACC33115,22-07-2023,09:59,Tamil Nadu,Coimbatore,11.3148,78.8185,Village Road,Cloudy,Day,20,Male,Bike,30,No,No,No,Poor Weather Visibility,Low,0.0
ACC33116,19-10-2022,08:43,Kerala,Ernakulam,10.253,76.7116,City Road,Clear,Day,48,Male,Bike,59,Yes,Yes,No,Drunk Driving,Medium,1.0
ACC33117,03-12-2024,16:53,Tamil Nadu,Coimbatore,11.1141,78.5867,City Road,Clear,Day,40,Male,Bike,47,No,Yes,No,Drowsy Driving,Low,1.0
ACC33118,04-10-2023,11:22,Karnataka,Mangaluru,15.5675,75.2176,Village Road,Cloudy,Day,55,Male,Car,44,No,No,No,Poor Weather Visibility,Low,0.0
ACC33119,26-01-2024,23:37,Tamil Nadu,Madurai,10.6047,77.9774,National Highway,Clear,Night,31,Male,Bus,73,No,No,No,Over Speeding,Medium,2.0
ACC33120,11-02-2024,17:06,Andhra Pradesh,Vijayawada,16.3202,79.67,State Highway,Cloudy,Dusk,41,Male,Car,49,No,No,Yes,Pothole/Bad Road,Low,1.0
ACC33121,16-01-2022,18:39,Karnataka,Mangaluru,15.6894,75.5644,City Road,Foggy,Dusk,26,Female,Bike,57,No,No,No,Poor Weather Visibility,Medium,3.0
ACC33122,28-10-2024,14:08,Karnataka,Mysuru,15.7638,76.1765,Expressway,Rainy,Day,18,Male,Bus,71,No,No,No,Poor Weather Visibility,Medium,4.0
ACC33123,09-01-2024,11:55,Andhra Pradesh,Guntur,16.068,80.4065,State Highway,Foggy,Day,26,Male,Truck,57,No,Yes,No,Poor Weather Visibility,High,6.0
ACC33124,25-05-2022,13:04,Tamil Nadu,Madurai,10.8689,78.1336,Village Road,Cloudy,Day,23,Female,Bike,38,No,No,Yes,Pothole/Bad Road,Low,0.0
ACC33125,20-09-2024,03:50,Tamil Nadu,Coimbatore,11.3948,78.4503,Expressway,Clear,Night,18,Male,Truck,88,No,Yes,No,Over Speeding,High,8.0
ACC33126,14-02-2024,13:40,Karnataka,Bengaluru Urban,15.4125,76.343,City Road,Clear,Day,27,Male,Bike,47,No,No,Yes,Pothole/Bad Road,Low,
ACC33127,14-08-2023,22:58,Karnataka,Bengaluru Urban,15.9937,75.2709,Village Road,Clear,Night,44,Male,Car,43,No,No,Yes,Pothole/Bad Road,Low,2.0
ACC33128,11-11-2024,08:44,Telangana,Warangal,17.6758,79.1757,State Highway,Clear,Day,48,Female,Bike,67,No,No,Yes,Pothole/Bad Road,Medium,2.0
ACC33129,05-03-2023,11:07,Tamil Nadu,Salem,10.9851,79.1991,Expressway,Cloudy,Day,25,Male,Bike,100,Yes,No,No,Over Speeding,High,9.0
ACC33130,17-11-2023,07:26,Karnataka,Mysuru,15.3479,75.3797,State Highway,Rainy,Day,43,Female,Car,50,No,No,No,Poor Weather Visibility,Low,1.0
ACC33131,07-06-2023,07:41,Andhra Pradesh,Nellore,16.254,79.4939,City Road,Cloudy,Day,45,Female,Bike,56,Yes,No,No,Drunk Driving,Low,5.0
ACC33132,12-09-2022,16:01,Karnataka,Mysuru,15.4026,76.0215,National Highway,Clear,Day,27,Male,Bike,83,No,Yes,No,Over Speeding,Medium,3.0
ACC33133,16-12-2022,10:11,Tamil Nadu,Coimbatore,11.5239,78.9322,National Highway,Overcast,Day,18,Male,Auto,95,No,Yes,Yes,Over Speeding,High,5.0
ACC33134,10-01-2024,17:41,Kerala,Kollam,11.0287,76.1141,State Highway,Rainy,Dusk,43,Female,Bike,54,No,No,Yes,Poor Weather Visibility,Medium,2.0
ACC33135,21-08-2022,23:34,Telangana,Karimnagar,18.0847,78.9325,Village Road,Clear,Night,50,Male,Auto,42,Yes,No,No,Drunk Driving,Low,2.0
ACC33136,14-08-2022,04:18,Telangana,Nizamabad,17.7056,79.1203,State Highway,Overcast,Night,39,Female,Car,40,No,No,No,Poor Weather Visibility,Low,3.0
ACC33137,09-03-2022,05:53,Karnataka,Hubballi,15.0912,75.6095,Village Road,Clear,Dawn,42,Male,Truck,31,No,No,No,Poor Weather Visibility,Low,0.0
ACC33138,17-09-2022,19:49,Karnataka,Hubballi,15.4695,76.4405,Village Road,Cloudy,Night,50,Male,Truck,57,Yes,No,No,Drunk Driving,High,5.0
ACC33139,03-03-2023,17:55,Karnataka,Mysuru,15.4258,75.6549,National Highway,Clear,Dusk,34,Male,Bike,68,No,No,No,Over Speeding,Medium,4.0
ACC33140,07-12-2023,19:52,Andhra Pradesh,Vijayawada,15.6729,79.5491,City Road,Rainy,Night,47,Male,Bike,52,No,No,No,Poor Weather Visibility,Medium,3.0
ACC33141,08-08-2022,20:23,Andhra Pradesh,Guntur,15.9355,78.6548,Village Road,Rainy,Night,56,Male,Bike,32,No,No,No,Poor Weather Visibility,Low,0.0
ACC33142,08-07-2024,12:42,Andhra Pradesh,Guntur,15.6691,80.5976,Village Road,Clear,Day,43,Male,Auto,42,No,No,No,Signal Jumping,Low,0.0
ACC33143,01-04-2023,18:02,Telangana,Khammam,18.7064,78.8601,National Highway,Cloudy,Dusk,18,Male,Truck,92,Yes,No,No,Over Speeding,High,6.0
ACC33144,20-06-2024,17:00,Telangana,Hyderabad,17.7384,78.8663,Expressway,Rainy,Dusk,23,Male,Bike,87,No,Yes,No,Poor Weather Visibility,High,8.0
ACC33145,29-09-2022,05:01,Telangana,Hyderabad,18.0704,79.2166,National Highway,Foggy,Dawn,46,Female,Car,94,Yes,No,Yes,Poor Weather Visibility,High,8.0
ACC33146,21-10-2022,04:42,Tamil Nadu,Salem,11.4434,78.0532,National Highway,Cloudy,Night,49,Female,Auto,63,No,No,No,Poor Weather Visibility,Medium,3.0
ACC33147,21-11-2023,09:22,Tamil Nadu,Chennai,10.6527,78.4895,State Highway,Rainy,Day,36,Male,Bus,69,No,Yes,No,Poor Weather Visibility,Medium,0.0
ACC33148,02-10-2023,21:27,Tamil Nadu,Coimbatore,10.7478,78.7277,Village Road,Rainy,Night,57,Male,Car,44,Yes,No,Yes,Poor Weather Visibility,Medium,3.0
ACC33149,27-04-2024,20:38,Tamil Nadu,Coimbatore,10.8912,78.2472,City Road,Rainy,Night,25,Male,Car,42,No,No,No,Poor Weather Visibility,Low,1.0
ACC33150,12-03-2022,13:04,Telangana,Warangal,17.3144,78.9137,State Highway,Clear,Day,48,Male,Bike,65,No,No,No,Over Speeding,Low,2.0
ACC33151,11-05-2023,05:46,Andhra Pradesh,Nellore,16.0709,79.8554,City Road,Clear,Dawn,19,Male,Auto,51,No,No,No,Poor Weather Visibility,Medium,3.0
ACC33152,29-10-2022,13:56,Tamil Nadu,Tiruchirappalli,10.9308,79.1859,City Road,Rainy,Day,18,Male,Car,42,No,No,No,Poor Weather Visibility,Low,2.0
ACC33153,25-03-2023,18:48,Telangana,Warangal,18.0638,78.4877,Village Road,Cloudy,Dusk,62,Male,Car,52,No,No,Yes,Pothole/Bad Road,Medium,0.0
ACC33154,02-10-2023,09:07,Karnataka,Hubballi,15.6699,75.8825,National Highway,Clear,Day,38,Male,Car,82,No,No,No,Over Speeding,Medium,3.0
ACC33155,25-01-2024,19:19,Andhra Pradesh,Guntur,15.6259,79.3388,Village Road,Rainy,Night,42,Male,Car,47,No,No,No,Poor Weather Visibility,Low,1.0
ACC33156,28-03-2022,14:06,Kerala,Ernakulam,10.9453,76.3598,City Road,Clear,Day,61,Male,Truck,33,No,No,No,Signal Jumping,Low,
ACC33157,29-05-2023,17:48,Telangana,Hyderabad,18.4729,79.5271,National Highway,Cloudy,Dusk,40,Male,Bike,68,No,No,Yes,Pothole/Bad Road,High,7.0
ACC33158,25-12-2024,12:14,Kerala,Thiruvananthapuram,10.0854,76.1569,City Road,Clear,Day,23,Female,Truck,56,No,Yes,No,Drowsy Driving,Low,1.0
ACC33159,27-03-2024,13:10,Karnataka,Mysuru,15.2984,75.3241,National Highway,Rainy,Day,27,Female,Car,72,No,No,No,Poor Weather Visibility,Medium,1.0
ACC33160,25-12-2022,10:10,Andhra Pradesh,Guntur,15.6441,79.8385,Village Road,Cloudy,Day,37,Male,Truck,46,No,No,No,Poor Weather Visibility,Low,0.0
ACC33161,17-12-2022,17:54,Tamil Nadu,Madurai,10.6496,78.5163,State Highway,Rainy,Dusk,29,Male,Bike,77,Yes,No,Yes,Poor Weather Visibility,High,6.0
ACC33162,02-06-2022,21:32,Andhra Pradesh,Nellore,15.8864,80.0568,City Road,Clear,Night,46,Male,Bus,48,No,No,Yes,Pothole/Bad Road,Medium,4.0
ACC33163,16-01-2024,19:40,Kerala,Kozhikode,10.4419,76.202,State Highway,Rainy,Night,55,Male,Bike,54,No,No,No,Poor Weather Visibility,Medium,
ACC33164,20-06-2022,14:54,Karnataka,Mangaluru,14.7929,74.8866,City Road,Cloudy,Day,18,Male,Car,58,No,No,No,Poor Weather Visibility,Low,2.0
ACC33165,06-02-2022,14:52,Karnataka,Mangaluru,15.1973,75.5882,City Road,Overcast,Day,19,Male,Bike,64,No,No,No,Poor Weather Visibility,Medium,4.0
ACC33166,18-02-2022,23:48,Telangana,Nizamabad,17.2462,79.8904,National Highway,Rainy,Night,52,Male,Bike,82,No,No,No,Poor Weather Visibility,High,6.0
ACC33167,02-11-2022,17:09,Andhra Pradesh,Vijayawada,15.8859,80.2084,State Highway,Rainy,Dusk,48,Male,Auto,56,No,No,No,Poor Weather Visibility,Low,1.0
ACC33168,31-07-2024,12:48,Tamil Nadu,Madurai,11.368,78.8266,National Highway,Clear,Day,30,Male,Car,73,No,No,No,Over Speeding,Low,0.0
ACC33169,09-04-2024,15:19,Karnataka,Belagavi,15.0282,75.6397,City Road,Clear,Day,41,Male,Car,46,No,No,Yes,Pothole/Bad Road,Low,0.0
ACC33170,09-10-2024,06:23,Telangana,Hyderabad,18.1756,79.1611,State Highway,Rainy,Day,39,Male,Bike,71,No,No,No,Poor Weather Visibility,Medium,7.0
ACC33171,11-06-2023,07:58,Andhra Pradesh,Nellore,15.7298,79.4358,City Road,Cloudy,Day,37,Male,Car,45,No,No,No,Signal Jumping,Low,0.0
ACC33172,10-02-2022,14:33,Telangana,Hyderabad,17.6326,79.2253,City Road,Clear,Day,18,Male,Auto,29,No,No,No,Signal Jumping,Low,1.0
ACC33173,29-11-2022,14:36,Karnataka,Hubballi,15.4924,76.1215,Expressway,Foggy,Day,45,Male,Bike,86,No,No,No,Poor Weather Visibility,High,6.0
ACC33174,27-04-2024,17:09,Telangana,Hyderabad,18.5761,78.9563,National Highway,Cloudy,Dusk,18,Male,Bike,40,No,No,No,Poor Weather Visibility,Low,0.0
ACC33175,18-03-2024,09:11,Puducherry,Puducherry,11.7941,80.0959,City Road,Clear,Day,25,Male,Auto,57,No,No,No,Poor Weather Visibility,Low,1.0
ACC33176,03-04-2024,12:09,Tamil Nadu,Coimbatore,10.4356,79.0313,City Road,Clear,Day,35,Female,Bike,25,No,No,No,Signal Jumping,Low,0.0
ACC33177,14-07-2023,09:45,Telangana,Nizamabad,17.7716,78.8782,Expressway,Rainy,Day,27,Female,Auto,81,No,No,No,Poor Weather Visibility,High,3.0
ACC33178,28-12-2022,13:46,Karnataka,Belagavi,15.712,76.2148,City Road,Rainy,Day,51,Male,Bike,51,No,No,No,Poor Weather Visibility,Low,0.0
ACC33179,24-03-2024,07:28,Tamil Nadu,Salem,11.3336,78.9176,City Road,Clear,Day,26,Male,Truck,66,No,No,No,Over Speeding,Medium,2.0
ACC33180,04-04-2022,14:42,Andhra Pradesh,Guntur,16.1228,79.1129,Village Road,Cloudy,Day,36,Female,Bike,41,No,No,No,Poor Weather Visibility,Low,3.0
ACC33181,24-03-2022,19:19,Andhra Pradesh,Visakhapatnam,15.4116,79.2786,City Road,Rainy,Night,21,Male,Car,58,No,Yes,Yes,Poor Weather Visibility,High,4.0
ACC33182,22-02-2024,07:21,Kerala,Thiruvananthapuram,10.603,75.5593,Village Road,Clear,Day,18,Female,Bike,50,No,No,Yes,Pothole/Bad Road,Low,2.0
ACC33183,16-12-2023,20:13,Telangana,Karimnagar,17.4878,78.9802,State Highway,Rainy,Night,28,Male,Bike,63,No,Yes,No,Poor Weather Visibility,High,1.0
ACC33184,08-02-2024,19:47,Telangana,Nizamabad,17.5115,78.4344,National Highway,Overcast,Night,29,Male,Truck,57,No,Yes,Yes,Drowsy Driving,High,5.0
ACC33185,01-10-2024,23:51,Telangana,Warangal,17.6551,78.2951,State Highway,Clear,Night,55,Male,Car,72,No,No,No,Over Speeding,Low,1.0
ACC33186,04-09-2023,10:11,Telangana,Karimnagar,17.6712,78.8114,City Road,Clear,Day,41,Male,Truck,48,Yes,No,No,Drunk Driving,Low,1.0
ACC33187,05-09-2023,03:30,Tamil Nadu,Madurai,10.5256,78.8036,City Road,Foggy,Night,32,Female,Car,65,No,No,No,Poor Weather Visibility,High,4.0
ACC33188,02-03-2024,19:32,Tamil Nadu,Madurai,11.0919,78.6433,City Road,Clear,Night,24,Male,Truck,76,Yes,Yes,Yes,Drunk Driving,High,7.0
ACC33189,25-05-2024,00:44,Karnataka,Belagavi,15.4775,75.4372,State Highway,Clear,Night,31,Male,Bike,91,Yes,Yes,No,Over Speeding,High,5.0
ACC33190,14-08-2023,04:18,Karnataka,Mysuru,15.0814,75.1035,Village Road,Rainy,Night,45,Male,Car,76,Yes,No,Yes,Poor Weather Visibility,High,9.0
ACC33191,08-05-2024,18:56,Tamil Nadu,Madurai,10.6019,78.3543,City Road,Rainy,Dusk,38,Male,Car,56,No,No,No,Poor Weather Visibility,Low,2.0
ACC33192,28-09-2022,17:52,Andhra Pradesh,Visakhapatnam,15.9289,80.166,Expressway,Clear,Dusk,37,Female,Auto,68,No,No,No,Over Speeding,Medium,4.0
ACC33193,14-08-2024,07:01,Andhra Pradesh,Guntur,15.9002,79.9102,State Highway,Foggy,Day,40,Male,Bike,45,No,No,No,Poor Weather Visibility,Medium,2.0
ACC33194,15-07-2024,12:40,Telangana,Khammam,18.2324,79.6005,National Highway,Rainy,Day,52,Male,Bike,66,No,No,No,Poor Weather Visibility,Medium,5.0
ACC33195,28-11-2022,06:28,Puducherry,Karaikal,11.435,79.0444,Expressway,Overcast,Day,33,Male,Truck,79,No,No,No,Over Speeding,Medium,2.0
ACC33196,25-07-2024,17:15,Telangana,Warangal,17.3737,79.1845,Village Road,Rainy,Dusk,24,Male,Car,50,No,No,No,Poor Weather Visibility,Low,4.0
ACC33197,30-05-2022,13:07,Andhra Pradesh,Kurnool,15.7236,79.799,State Highway,Cloudy,Day,32,Male,Bike,80,Yes,No,No,Drunk Driving,High,7.0
ACC33198,13-06-2023,11:33,Karnataka,Hubballi,15.2543,75.4988,Village Road,Cloudy,Day,35,Female,Bus,43,No,No,No,Poor Weather Visibility,Low,1.0
ACC33199,08-10-2023,14:48,Tamil Nadu,Salem,10.9525,78.5758,City Road,Cloudy,Day,45,Male,Car,44,No,No,Yes,Pothole/Bad Road,Low,0.0
ACC33200,09-03-2023,08:36,Kerala,Thiruvananthapuram,9.8364,76.7357,Village Road,Clear,Day,61,Male,Truck,38,No,No,No,Signal Jumping,Low,1.0
ACC33201,01-10-2024,10:45,Telangana,Warangal,18.086,79.2938,City Road,Rainy,Day,52,Male,Truck,53,No,No,No,Poor Weather Visibility,Low,0.0
ACC33202,29-05-2022,10:59,Tamil Nadu,Coimbatore,11.1314,78.262,Village Road,Rainy,Day,28,Male,Car,42,Yes,No,Yes,Poor Weather Visibility,Medium,4.0
ACC33203,30-10-2023,20:24,Andhra Pradesh,Kurnool,16.6257,79.5633,Expressway,Overcast,Night,35,Male,Auto,72,No,No,No,Poor Weather Visibility,High,5.0
ACC33204,31-12-2022,14:48,Karnataka,Mysuru,15.15,75.8902,Village Road,Cloudy,Day,32,Male,Bus,18,No,No,Yes,Pothole/Bad Road,Low,0.0
ACC33205,29-12-2022,09:32,Andhra Pradesh,Guntur,16.537,80.1665,City Road,Rainy,Day,56,Male,Car,67,No,No,No,Poor Weather Visibility,Medium,5.0
ACC33206,19-01-2022,20:42,Kerala,Kozhikode,10.3895,76.1437,City Road,Rainy,Night,36,Male,Bike,32,No,No,No,Poor Weather Visibility,Low,0.0
ACC33207,22-10-2022,14:10,Tamil Nadu,Coimbatore,11.0382,78.1392,Expressway,Cloudy,Day,56,Female,Bike,59,No,No,No,Poor Weather Visibility,Low,2.0
ACC33208,07-11-2024,15:08,Kerala,Ernakulam,10.1374,75.627,State Highway,Clear,Day,18,Male,Truck,88,No,No,No,Over Speeding,Medium,3.0
ACC33209,06-02-2023,08:32,Kerala,Thrissur,10.4058,76.498,State Highway,Clear,Day,40,Male,Car,64,No,Yes,No,Drowsy Driving,Medium,4.0
ACC33210,04-09-2022,16:02,Karnataka,Bengaluru Urban,15.1762,75.907,State Highway,Cloudy,Day,32,Male,Bike,49,No,No,No,Poor Weather Visibility,Low,1.0
ACC33211,13-01-2022,08:58,Andhra Pradesh,Guntur,15.7311,79.5698,State Highway,Rainy,Day,45,Male,Truck,56,Yes,No,No,Poor Weather Visibility,Low,0.0
ACC33212,07-03-2024,13:18,Karnataka,Mysuru,15.7872,75.2361,City Road,Clear,Day,24,Female,Truck,39,No,No,No,Poor Weather Visibility,Low,2.0
ACC33213,10-08-2023,06:11,Kerala,Ernakulam,10.0264,76.3504,National Highway,Clear,Day,54,Male,Auto,79,No,No,No,Over Speeding,Medium,4.0
ACC33214,19-06-2024,18:18,Karnataka,Bengaluru Urban,15.2331,75.4093,State Highway,Clear,Dusk,44,Female,Bike,64,No,Yes,No,Drowsy Driving,Low,0.0
ACC33215,09-07-2022,08:22,Karnataka,Bengaluru Urban,15.8045,76.3165,State Highway,Foggy,Day,27,Male,Bike,78,No,No,No,Poor Weather Visibility,Medium,4.0
ACC33216,23-03-2024,08:05,Karnataka,Hubballi,15.5498,75.5578,State Highway,Rainy,Day,28,Male,Truck,58,No,No,No,Poor Weather Visibility,Low,0.0
ACC33217,23-11-2024,08:24,Kerala,Kozhikode,10.5394,76.7772,Village Road,Rainy,Day,33,Female,Car,36,No,No,Yes,Poor Weather Visibility,Low,1.0
ACC33218,30-11-2024,13:45,Tamil Nadu,Chennai,10.9316,78.4682,National Highway,Cloudy,Day,22,Male,Car,68,No,No,No,Poor Weather Visibility,Medium,0.0
ACC33219,19-12-2024,21:14,Andhra Pradesh,Vijayawada,15.9944,79.2153,National Highway,Cloudy,Night,36,Female,Car,79,No,No,No,Over Speeding,High,8.0
ACC33220,11-03-2023,20:14,Tamil Nadu,Salem,10.8602,79.3202,Village Road,Rainy,Night,29,Male,Car,52,No,No,Yes,Poor Weather Visibility,Medium,2.0
ACC33221,23-04-2023,09:40,Andhra Pradesh,Guntur,15.471,79.5694,State Highway,Clear,Day,31,Male,Bike,32,No,No,Yes,Pothole/Bad Road,Low,0.0
ACC33222,04-06-2024,08:07,Andhra Pradesh,Nellore,16.1096,79.298,City Road,Rainy,Day,38,Male,Bike,34,No,No,No,Poor Weather Visibility,Low,0.0
ACC33223,15-02-2023,08:49,Tamil Nadu,Coimbatore,10.9807,78.6755,Village Road,Clear,Day,18,Male,Bike,45,No,No,No,Poor Weather Visibility,Low,2.0
ACC33224,25-07-2022,10:53,Telangana,Hyderabad,18.3274,78.153,Village Road,Rainy,Day,32,Female,Truck,46,No,Yes,No,Poor Weather Visibility,Medium,2.0
ACC33225,12-08-2022,19:00,Tamil Nadu,Tiruchirappalli,11.2006,78.726,State Highway,Rainy,Night,52,Female,Car,98,No,No,No,Over Speeding,High,5.0
ACC33226,11-11-2024,10:41,Karnataka,Mangaluru,15.3567,75.0278,State Highway,Overcast,Day,48,Male,Bike,67,No,No,Yes,Pothole/Bad Road,High,4.0
ACC33227,04-07-2024,08:17,Karnataka,Belagavi,15.8186,76.38,National Highway,Cloudy,Day,33,Male,Car,87,No,No,No,Over Speeding,High,4.0
ACC33228,30-11-2024,21:32,Tamil Nadu,Madurai,10.3173,78.0856,National Highway,Cloudy,Night,19,Male,Auto,78,Yes,Yes,No,Drunk Driving,High,12.0