Accident_ID,Date,Time,State,District,Latitude,Longitude,Road_Type,Weather,Light_Condition,Driver_Age,Driver_Gender,Vehicle_Type,Speed_kmph,Alcohol_Involved,Driver_Drowsy,Pothole_Involved,Cause_of_Accident,Severity,Casualties
ACC33229,16-06-2024,02:12,Telangana,Khammam,18.2862,78.4772,National Highway,Cloudy,Night,26,Male,Auto,86,No,No,Yes,Over Speeding,High,8.0
ACC33230,04-06-2023,17:28,Tamil Nadu,Madurai,11.044,77.9945,City Road,Clear,Dusk,29,Male,Bike,49,No,Yes,No,Drowsy Driving,Low,1.0
ACC33231,10-02-2022,19:25,Tamil Nadu,Chennai,11.0714,77.9321,Village Road,Cloudy,Night,50,Male,Bike,55,No,No,No,Poor Weather Visibility,Medium,1.0
ACC33232,18-09-2022,21:52,Kerala,Thiruvananthapuram,10.3734,76.4348,State Highway,Clear,Night,44,Female,Car,72,No,No,No,Over Speeding,Medium,0.0
ACC33233,29-11-2024,11:31,Andhra Pradesh,Visakhapatnam,15.6754,79.5112,State Highway,Clear,Day,29,Female,Bike,78,Yes,No,No,Drunk Driving,High,5.0
ACC33234,16-05-2023,17:19,Kerala,Thiruvananthapuram,9.9602,76.4109,State Highway,Clear,Dusk,35,Male,Bike,50,No,No,No,Poor Weather Visibility,Medium,2.0
ACC33235,13-01-2024,14:28,Puducherry,Karaikal,12.1763,79.8617,City Road,Clear,Day,23,Female,Car,38,No,Yes,Yes,Drowsy Driving,Low,1.0
ACC33236,28-02-2023,06:39,Kerala,Ernakulam,10.0604,75.801,City Road,Rainy,Day,38,Male,Bus,34,No,Yes,Yes,Poor Weather Visibility,Low,0.0
ACC33237,30-04-2024,08:14,Puducherry,Karaikal,11.497,79.5477,State Highway,Clear,Day,18,Male,Bike,69,No,No,Yes,Pothole/Bad Road,Low,1.0
ACC33238,18-04-2024,17:29,Tamil Nadu,Salem,10.6445,78.8882,City Road,Cloudy,Dusk,30,Male,Bike,40,No,No,No,Poor Weather Visibility,Low,1.0
ACC33239,07-03-2022,12:44,Kerala,Ernakulam,10.6045,75.7673,City Road,Rainy,Day,20,Male,Bus,46,No,Yes,No,Poor Weather Visibility,Low,0.0
ACC33240,10-07-2024,18:05,Kerala,Ernakulam,10.4525,76.102,Village Road,Rainy,Dusk,53,Male,Bike,34,No,No,No,Poor Weather Visibility,Low,0.0
ACC33241,16-05-2022,17:57,Karnataka,Mangaluru,14.8822,75.5118,National Highway,Cloudy,Dusk,32,Male,Bike,66,No,No,No,Poor Weather Visibility,Medium,0.0
ACC33242,01-03-2024,18:18,Karnataka,Mysuru,15.3235,75.2568,State Highway,Clear,Dusk,43,Male,Bus,75,No,Yes,No,Drowsy Driving,Medium,5.0
ACC33243,20-09-2022,18:44,Andhra Pradesh,Nellore,15.9601,80.4128,City Road,Overcast,Dusk,64,Male,Car,44,No,No,No,Poor Weather Visibility,Low,0.0
ACC33244,04-10-2023,17:12,Tamil Nadu,Coimbatore,11.3279,78.1665,Expressway,Overcast,Dusk,49,Male,Car,84,No,No,No,Over Speeding,High,7.0
ACC33245,14-02-2023,21:56,Karnataka,Hubballi,15.3868,76.335,State Highway,Clear,Night,27,Male,Car,54,No,Yes,No,Drowsy Driving,Low,1.0
ACC33246,27-01-2023,13:48,Kerala,Kollam,10.5635,76.1353,Expressway,Clear,Day,34,Male,Auto,78,No,No,No,Over Speeding,Medium,3.0
ACC33247,30-05-2024,19:41,Karnataka,Bengaluru Urban,15.2374,75.7422,Village Road,Rainy,Night,62,Male,Car,32,No,No,No,Poor Weather Visibility,Low,0.0
ACC33248,02-09-2023,18:48,Karnataka,Mangaluru,15.9027,75.9943,City Road,Overcast,Dusk,35,Male,Auto,47,No,No,Yes,Pothole/Bad Road,Low,3.0
ACC33249,28-08-2024,20:35,Telangana,Karimnagar,17.6525,79.0532,City Road,Cloudy,Night,28,Male,Car,27,Yes,No,No,Drunk Driving,Low,0.0
ACC33250,02-06-2023,17:41,Andhra Pradesh,Kurnool,15.9037,80.1121,City Road,Clear,Dusk,36,Male,Bus,42,No,No,Yes,Pothole/Bad Road,Low,0.0
ACC33251,09-01-2023,02:00,Telangana,Hyderabad,18.0896,79.1454,City Road,Clear,Night,54,Male,Car,49,Yes,Yes,No,Drunk Driving,Low,1.0
ACC33252,31-08-2023,02:21,Andhra Pradesh,Nellore,15.5429,80.0715,City Road,Clear,Night,32,Male,Bus,49,No,No,No,Signal Jumping,Low,1.0
ACC33253,21-04-2024,07:10,Karnataka,Bengaluru Urban,15.5773,75.3682,State Highway,Rainy,Day,46,Male,Bike,74,No,No,No,Poor Weather Visibility,Medium,1.0
ACC33254,29-09-2023,06:10,Andhra Pradesh,Visakhapatnam,15.7109,79.4885,Expressway,Clear,Day,18,Male,Bike,66,No,No,No,Signal Jumping,Medium,1.0
ACC33255,11-06-2023,21:53,Telangana,Warangal,18.529,79.873,Village Road,Clear,Night,32,Male,Car,82,Yes,No,No,Drunk Driving,High,5.0
ACC33256,29-01-2023,03:48,Karnataka,Bengaluru Urban,15.9936,76.4151,Village Road,Clear,Night,44,Female,Bike,45,No,No,No,Signal Jumping,Low,3.0
ACC33257,19-05-2023,15:13,Kerala,Kozhikode,10.2296,76.403,National Highway,Overcast,Day,54,Male,Car,61,No,No,No,Poor Weather Visibility,Medium,2.0
ACC33258,07-05-2022,10:56,Andhra Pradesh,Vijayawada,16.6634,80.4637,Village Road,Rainy,Day,34,Female,Car,38,Yes,No,No,Poor Weather Visibility,Low,0.0
ACC33259,28-08-2022,09:08,Kerala,Kozhikode,10.3043,76.5059,City Road,Clear,Day,18,Male,Auto,53,No,No,Yes,Pothole/Bad Road,Low,1.0
ACC33260,28-12-2023,10:20,Karnataka,Mysuru,14.7018,75.344,State Highway,Rainy,Day,30,Male,Car,58,No,No,Yes,Poor Weather Visibility,Low,0.0
ACC33261,12-10-2023,19:53,Andhra Pradesh,Nellore,15.7019,79.844,State Highway,Clear,Night,42,Male,Car,57,No,No,Yes,Pothole/Bad Road,Low,0.0
ACC33262,06-08-2022,22:23,Puducherry,Karaikal,11.9215,80.3969,City Road,Foggy,Night,27,Male,Truck,60,No,No,No,Poor Weather Visibility,Low,2.0
ACC33263,18-06-2023,21:40,Andhra Pradesh,Visakhapatnam,15.654,79.6882,State Highway,Cloudy,Night,42,Female,Car,63,No,Yes,No,Drowsy Driving,Medium,4.0
ACC33264,01-02-2024,07:08,Tamil Nadu,Madurai,12.0493,78.4347,City Road,Clear,Day,38,Male,Car,39,No,No,No,Signal Jumping,Low,0.0
ACC33265,30-08-2024,22:35,Telangana,Karimnagar,18.0655,78.9126,State Highway,Clear,Night,21,Female,Bike,72,No,No,No,Over Speeding,Medium,3.0
ACC33266,10-08-2024,12:19,Tamil Nadu,Coimbatore,11.7247,78.9278,Village Road,Overcast,Day,39,Male,Truck,36,No,No,No,Poor Weather Visibility,Low,2.0
ACC33267,08-02-2023,15:24,Andhra Pradesh,Visakhapatnam,16.1069,79.5059,Village Road,Clear,Day,30,Male,Car,45,No,No,Yes,Pothole/Bad Road,Low,1.0
ACC33268,21-03-2024,11:11,Kerala,Ernakulam,10.432,76.8293,State Highway,Clear,Day,45,Female,Bike,38,No,No,No,Poor Weather Visibility,Low,1.0
ACC33269,20-11-2023,14:52,Kerala,Ernakulam,10.0564,76.337,City Road,Clear,Day,37,Male,Bike,40,No,No,No,Signal Jumping,Low,1.0
ACC33270,08-09-2023,12:12,Andhra Pradesh,Nellore,15.9557,79.7767,City Road,Clear,Day,18,Male,Bike,47,No,No,No,Poor Weather Visibility,Low,1.0
ACC33271,04-03-2023,01:56,Andhra Pradesh,Nellore,16.0839,79.9108,National Highway,Clear,Night,21,Male,Bus,51,No,No,No,Poor Weather Visibility,Low,3.0
ACC33272,12-12-2024,16:17,Karnataka,Bengaluru Urban,15.8301,75.9659,City Road,Rainy,Day,50,Male,Bus,43,No,No,Yes,Poor Weather Visibility,Medium,8.0
ACC33273,27-01-2024,06:17,Telangana,Nizamabad,17.5765,78.4177,National Highway,Overcast,Day,35,Male,Bike,70,No,No,No,Poor Weather Visibility,Medium,2.0
ACC33274,03-05-2023,10:15,Tamil Nadu,Madurai,10.9755,79.0094,National Highway,Overcast,Day,55,Male,Truck,73,No,No,No,Signal Jumping,Low,0.0
ACC33275,25-10-2023,18:54,Tamil Nadu,Chennai,11.0969,78.5304,Village Road,Cloudy,Dusk,26,Male,Bike,50,Yes,No,Yes,Drunk Driving,Medium,6.0
ACC33276,09-01-2023,05:37,Kerala,Thiruvananthapuram,10.498,76.7149,City Road,Clear,Dawn,35,Female,Auto,85,Yes,No,No,Drunk Driving,Medium,
ACC33277,07-01-2023,04:54,Andhra Pradesh,Guntur,15.2676,79.5197,Village Road,Cloudy,Night,46,Male,Bike,41,No,No,No,Poor Weather Visibility,Low,1.0
ACC33278,11-09-2024,06:12,Tamil Nadu,Madurai,10.9708,78.7078,State Highway,Rainy,Day,29,Male,Car,66,Yes,Yes,No,Poor Weather Visibility,High,5.0
ACC33279,07-07-2022,19:33,Andhra Pradesh,Guntur,15.5828,79.6432,Expressway,Cloudy,Night,43,Male,Bus,85,Yes,No,No,Drunk Driving,High,2.0
ACC33280,07-09-2024,15:19,Andhra Pradesh,Vijayawada,15.5626,79.1751,State Highway,Cloudy,Day,20,Male,Bike,62,No,No,No,Poor Weather Visibility,Medium,3.0
ACC33281,20-12-2023,21:06,Karnataka,Mangaluru,16.2708,75.7096,State Highway,Clear,Night,44,Male,Truck,66,Yes,Yes,No,Drunk Driving,Medium,5.0
ACC33282,26-11-2024,21:48,Kerala,Thrissur,9.3067,76.6542,City Road,Overcast,Night,40,Male,Auto,52,No,No,No,Poor Weather Visibility,Medium,1.0
ACC33283,22-02-2022,15:27,Telangana,Hyderabad,17.1727,78.6703,National Highway,Clear,Day,38,Female,Auto,75,No,No,No,Over Speeding,Medium,3.0
ACC33284,04-03-2024,14:31,Tamil Nadu,Madurai,10.9984,78.6728,City Road,Clear,Day,36,Male,Auto,39,No,No,No,Poor Weather Visibility,Low,2.0
ACC33285,17-06-2024,19:15,Kerala,Ernakulam,10.4405,76.1162,State Highway,Clear,Night,43,Male,Car,71,Yes,No,No,Drunk Driving,Medium,4.0
ACC33286,26-04-2022,19:18,Tamil Nadu,Salem,11.5269,78.6143,State Highway,Clear,Night,22,Male,Auto,103,Yes,Yes,No,Over Speeding,High,7.0
ACC33287,22-09-2024,16:41,Karnataka,Hubballi,15.4969,76.9043,City Road,Cloudy,Day,34,Male,Bike,47,No,No,No,Poor Weather Visibility,Low,0.0
ACC33288,19-06-2024,14:21,Tamil Nadu,Tiruchirappalli,10.7059,78.7261,National Highway,Clear,Day,29,Male,Bus,67,No,No,No,Over Speeding,Medium,
ACC33289,05-01-2022,19:37,Telangana,Nizamabad,18.4664,79.6048,Village Road,Rainy,Night,31,Male,Car,39,No,No,Yes,Poor Weather Visibility,Low,0.0
ACC33290,18-03-2022,21:42,Karnataka,Mysuru,15.3656,75.9206,National Highway,Clear,Night,20,Male,Bike,66,No,No,No,Over Speeding,Medium,3.0
ACC33291,25-01-2024,16:20,Telangana,Hyderabad,17.7112,78.0612,National Highway,Cloudy,Day,45,Male,Bus,75,No,Yes,No,Drowsy Driving,Medium,3.0
ACC33292,21-05-2023,16:33,Telangana,Warangal,18.7875,79.0148,State Highway,Rainy,Day,46,Male,Auto,55,No,No,Yes,Poor Weather Visibility,Medium,3.0
ACC33293,17-06-2023,15:56,Tamil Nadu,Chennai,10.9077,79.0025,State Highway,Rainy,Day,41,Male,Car,50,No,No,No,Poor Weather Visibility,Low,0.0
ACC33294,19-03-2022,20:34,Tamil Nadu,Chennai,11.1152,78.0386,State Highway,Clear,Night,51,Male,Bike,47,No,No,No,Poor Weather Visibility,Low,0.0
ACC33295,06-12-2023,22:17,Kerala,Ernakulam,10.3778,77.0525,State Highway,Clear,Night,37,Male,Truck,66,No,Yes,No,Drowsy Driving,Medium,1.0
ACC33296,19-05-2024,07:16,Tamil Nadu,Coimbatore,10.696,78.6599,City Road,Clear,Day,27,Male,Bike,56,No,No,No,Poor Weather Visibility,Low,0.0
ACC33297,09-05-2024,18:40,Kerala,Kozhikode,10.2092,76.4906,Expressway,Rainy,Dusk,26,Male,Car,92,Yes,No,No,Over Speeding,High,
ACC33298,21-03-2024,09:55,Kerala,Ernakulam,10.1191,76.4483,Expressway,Cloudy,Day,36,Male,Bike,76,No,No,No,Over Speeding,High,8.0
ACC33299,28-07-2022,21:30,Andhra Pradesh,Visakhapatnam,15.589,80.7258,City Road,Clear,Night,43,Male,Bike,41,No,No,No,Poor Weather Visibility,Low,2.0
ACC33300,15-03-2024,11:50,Tamil Nadu,Madurai,11.9396,78.704,State Highway,Clear,Day,31,Male,Bike,93,No,No,No,Over Speeding,High,7.0
ACC33301,08-06-2023,09:40,Tamil Nadu,Chennai,11.2089,78.1714,City Road,Overcast,Day,42,Female,Car,49,No,No,No,Poor Weather Visibility,Low,1.0
ACC33302,15-02-2024,13:27,Telangana,Khammam,17.6091,79.3622,City Road,Cloudy,Day,28,Male,Truck,60,No,Yes,No,Drowsy Driving,Low,0.0
ACC33303,06-01-2023,19:11,Telangana,Hyderabad,17.7942,79.4251,State Highway,Clear,Night,30,Male,Truck,61,No,No,Yes,Signal Jumping,Low,1.0
ACC33304,10-09-2022,18:09,Telangana,Karimnagar,18.2478,79.0228,National Highway,Clear,Dusk,59,Male,Bus,65,No,No,No,Signal Jumping,Low,1.0
ACC33305,08-10-2024,04:28,Telangana,Hyderabad,18.3374,79.2648,City Road,Rainy,Night,18,Male,Auto,59,Yes,No,No,Poor Weather Visibility,High,7.0
ACC33306,31-08-2023,20:19,Tamil Nadu,Coimbatore,11.636,78.6844,Village Road,Cloudy,Night,34,Male,Bike,25,Yes,No,No,Drunk Driving,Low,0.0
ACC33307,05-02-2024,09:38,Puducherry,Karaikal,11.9432,80.455,State Highway,Rainy,Day,20,Female,Car,70,No,Yes,No,Poor Weather Visibility,Medium,1.0
ACC33308,11-12-2024,05:58,Andhra Pradesh,Vijayawada,16.2401,79.5263,National Highway,Clear,Dawn,36,Female,Car,76,No,No,No,Over Speeding,Medium,3.0
ACC33309,19-10-2023,05:19,Karnataka,Mangaluru,15.774,75.9602,City Road,Clear,Dawn,29,Male,Car,61,Yes,No,No,Drunk Driving,Medium,0.0
ACC33310,04-11-2024,18:40,Karnataka,Belagavi,15.743,75.905,National Highway,Overcast,Dusk,23,Male,Bike,87,No,No,No,Over Speeding,High,3.0
ACC33311,05-02-2024,07:09,Puducherry,Karaikal,11.2057,79.6594,National Highway,Clear,Day,22,Male,Bus,83,No,Yes,No,Over Speeding,High,5.0
ACC33312,23-11-2023,13:15,Karnataka,Mangaluru,15.3349,75.7384,Expressway,Clear,Day,58,Female,Car,84,No,No,No,Over Speeding,High,4.0
ACC33313,18-11-2023,09:27,Andhra Pradesh,Nellore,16.0798,78.767,Expressway,Clear,Day,37,Female,Truck,100,Yes,No,No,Over Speeding,High,8.0
ACC33314,04-01-2023,17:53,Andhra Pradesh,Nellore,16.2517,78.9853,City Road,Clear,Dusk,23,Male,Bike,35,No,Yes,No,Drowsy Driving,Low,0.0
ACC33315,03-09-2024,12:03,Kerala,Thiruvananthapuram,10.2012,76.5788,State Highway,Clear,Day,18,Male,Bike,62,No,No,No,Over Speeding,Low,1.0
ACC33316,30-01-2022,18:09,Telangana,Khammam,17.6854,79.2771,Expressway,Rainy,Dusk,39,Female,Bike,81,No,No,Yes,Poor Weather Visibility,High,2.0
ACC33317,04-04-2022,18:40,Karnataka,Hubballi,14.7452,75.6428,City Road,Clear,Dusk,25,Male,Truck,55,Yes,No,No,Drunk Driving,Low,1.0
ACC33318,31-07-2022,05:59,Kerala,Ernakulam,9.8725,76.3777,National Highway,Cloudy,Dawn,35,Male,Auto,71,No,No,No,Signal Jumping,Medium,0.0
ACC33319,07-10-2022,18:09,Tamil Nadu,Chennai,11.2397,78.4574,City Road,Rainy,Dusk,44,Male,Auto,70,No,No,Yes,Poor Weather Visibility,High,7.0
ACC33320,03-09-2024,13:22,Tamil Nadu,Coimbatore,11.0515,78.5756,Expressway,Cloudy,Day,43,Male,Car,82,No,No,No,Over Speeding,Medium,5.0
ACC33321,28-04-2023,14:41,Kerala,Kozhikode,9.8772,76.7183,Village Road,Clear,Day,44,Male,Bike,56,No,No,No,Signal Jumping,Low,1.0
ACC33322,21-02-2023,11:35,Tamil Nadu,Salem,10.7297,78.5209,Expressway,Clear,Day,52,Male,Car,95,No,No,No,Over Speeding,Medium,5.0
ACC33323,26-09-2024,15:00,Telangana,Hyderabad,17.9238,79.1421,Expressway,Cloudy,Day,26,Male,Bike,82,No,No,No,Over Speeding,High,5.0
ACC33324,13-10-2022,09:39,Tamil Nadu,Salem,11.0311,79.5021,City Road,Clear,Day,43,Male,Bike,41,No,No,Yes,Pothole/Bad Road,Low,0.0
ACC33325,10-06-2023,11:00,Tamil Nadu,Tiruchirappalli,10.9606,77.9552,City Road,Cloudy,Day,23,Male,Bus,54,No,Yes,No,Drowsy Driving,Low,2.0
ACC33326,09-10-2023,06:52,Tamil Nadu,Tiruchirappalli,11.2524,78.4839,City Road,Cloudy,Day,18,Male,Car,54,Yes,No,No,Drunk Driving,Medium,2.0
ACC33327,25-05-2023,00:22,Puducherry,Karaikal,12.0515,79.6168,City Road,Clear,Night,31,Male,Bike,57,No,No,No,Signal Jumping,Medium,3.0
ACC33328,05-07-2023,14:37,Kerala,Kozhikode,10.5611,75.9751,National Highway,Clear,Day,57,Male,Bike,58,No,No,No,Signal Jumping,Medium,1.0
ACC33329,01-10-2024,08:10,Kerala,Ernakulam,10.7627,75.9927,State Highway,Foggy,Day,35,Male,Car,83,No,Yes,No,Poor Weather Visibility,High,3.0
ACC33330,09-06-2023,09:22,Kerala,Kollam,10.1115,76.8247,City Road,Clear,Day,29,Male,Auto,44,No,No,No,Signal Jumping,Low,0.0
ACC33331,08-05-2022,11:08,Karnataka,Mysuru,15.1088,75.4977,City Road,Rainy,Day,18,Male,Bike,57,No,No,No,Poor Weather Visibility,Medium,3.0
ACC33332,22-01-2023,00:35,Karnataka,Bengaluru Urban,14.8274,75.6789,City Road,Clear,Night,62,Male,Bike,63,No,Yes,No,Drowsy Driving,Medium,1.0
ACC33333,09-10-2023,04:51,Tamil Nadu,Chennai,10.9389,78.6474,Village Road,Clear,Night,29,Male,Bike,71,Yes,No,Yes,Drunk Driving,High,4.0
ACC33334,02-11-2024,10:05,Andhra Pradesh,Kurnool,15.4334,80.2609,Village Road,Clear,Day,44,Male,Bike,41,No,No,No,Signal Jumping,Low,1.0
ACC33335,12-06-2024,07:05,Telangana,Karimnagar,18.5123,78.9412,State Highway,Clear,Day,46,Male,Bike,51,No,No,No,Poor Weather Visibility,Low,2.0
ACC33336,21-11-2022,12:36,Puducherry,Karaikal,11.9969,79.9908,Village Road,Rainy,Day,40,Male,Bike,46,No,No,No,Poor Weather Visibility,Low,2.0
ACC33337,16-12-2022,09:35,Karnataka,Bengaluru Urban,15.076,76.505,City Road,Rainy,Day,34,Female,Truck,53,No,Yes,Yes,Poor Weather Visibility,Medium,4.0
ACC33338,22-11-2022,17:06,Telangana,Warangal,17.411,78.1947,State Highway,Cloudy,Dusk,39,Male,Truck,59,No,No,Yes,Pothole/Bad Road,Medium,2.0
ACC33339,30-05-2023,10:14,Tamil Nadu,Salem,10.9625,78.822,City Road,Rainy,Day,43,Male,Bus,62,No,Yes,No,Poor Weather Visibility,Medium,2.0
ACC33340,18-11-2022,12:34,Tamil Nadu,Tiruchirappalli,11.3044,78.3818,National Highway,Rainy,Day,38,Male,Bike,78,No,No,No,Poor Weather Visibility,Medium,1.0
ACC33341,13-06-2022,20:08,Karnataka,Mangaluru,15.1662,75.2155,State Highway,Clear,Night,31,Male,Truck,76,No,Yes,Yes,Drowsy Driving,High,8.0
ACC33342,28-03-2023,19:43,Telangana,Karimnagar,17.8079,78.6415,Expressway,Cloudy,Night,24,Male,Auto,105,Yes,No,No,Over Speeding,High,10.0
ACC33343,27-11-2022,10:13,Karnataka,Mysuru,14.8483,76.0703,Expressway,Cloudy,Day,25,Male,Bike,97,No,No,No,Over Speeding,Medium,3.0
ACC33344,21-08-2022,18:45,Kerala,Thrissur,10.1979,76.3413,State Highway,Overcast,Dusk,28,Female,Bike,41,No,No,No,Poor Weather Visibility,Low,2.0
ACC33345,06-08-2024,13:19,Andhra Pradesh,Nellore,16.3717,79.1219,City Road,Clear,Day,47,Male,Bike,55,No,Yes,Yes,Drowsy Driving,Medium,3.0
ACC33346,22-07-2022,15:54,Telangana,Hyderabad,17.4844,79.2109,Village Road,Clear,Day,40,Male,Truck,33,No,No,No,Signal Jumping,Low,1.0
ACC33347,09-05-2024,13:14,Karnataka,Mangaluru,15.4343,76.462,State Highway,Clear,Day,36,Male,Car,60,No,No,No,Signal Jumping,Low,1.0
ACC33348,16-12-2023,18:27,Kerala,Thrissur,10.0007,76.5599,Village Road,Clear,Dusk,55,Female,Bike,28,No,No,No,Signal Jumping,Low,2.0
ACC33349,08-12-2024,10:16,Karnataka,Hubballi,14.3004,75.4901,City Road,Rainy,Day,52,Male,Bike,83,Yes,No,No,Poor Weather Visibility,High,6.0
ACC33350,07-12-2022,10:41,Karnataka,Mysuru,14.8098,75.3518,Village Road,Overcast,Day,30,Male,Truck,39,No,No,No,Poor Weather Visibility,Low,3.0
ACC33351,05-07-2022,06:52,Tamil Nadu,Tiruchirappalli,10.4195,78.4032,National Highway,Clear,Day,34,Male,Bus,51,No,No,No,Signal Jumping,Low,1.0
ACC33352,12-11-2022,19:26,Karnataka,Bengaluru Urban,15.1445,76.1689,National Highway,Clear,Night,26,Male,Bike,88,Yes,No,No,Over Speeding,High,6.0
ACC33353,16-04-2022,19:26,Tamil Nadu,Coimbatore,11.697,78.7617,City Road,Rainy,Night,39,Male,Bike,52,Yes,No,No,Poor Weather Visibility,High,10.0
ACC33354,25-08-2022,11:31,Karnataka,Mysuru,14.9056,76.1256,National Highway,Rainy,Day,43,Male,Bike,74,No,No,No,Poor Weather Visibility,Medium,0.0
ACC33355,03-07-2024,11:30,Andhra Pradesh,Nellore,15.7678,80.2656,Village Road,Clear,Day,40,Female,Bike,63,Yes,No,No,Drunk Driving,Low,1.0
ACC33356,28-12-2024,09:59,Telangana,Karimnagar,18.314,79.4227,City Road,Clear,Day,41,Male,Auto,53,No,No,No,Signal Jumping,Low,1.0
ACC33357,21-05-2022,07:18,Karnataka,Bengaluru Urban,15.3467,75.7791,City Road,Cloudy,Day,26,Male,Bike,60,No,No,No,Poor Weather Visibility,Medium,3.0
ACC33358,12-05-2024,23:15,Telangana,Warangal,17.4388,79.1034,State Highway,Overcast,Night,46,Male,Car,49,No,No,No,Poor Weather Visibility,Low,1.0
ACC33359,08-08-2023,07:39,Andhra Pradesh,Nellore,16.1348,79.7174,City Road,Cloudy,Day,45,Male,Car,56,No,No,No,Poor Weather Visibility,Low,
ACC33360,01-07-2023,07:17,Tamil Nadu,Coimbatore,10.9996,79.3079,Village Road,Cloudy,Day,27,Male,Truck,55,No,Yes,No,Drowsy Driving,Medium,2.0
ACC33361,08-06-2023,08:42,Karnataka,Belagavi,15.5763,75.7829,Expressway,Overcast,Day,38,Male,Truck,89,No,Yes,No,Over Speeding,High,4.0
ACC33362,08-05-2022,09:00,Tamil Nadu,Salem,11.2422,78.2885,National Highway,Rainy,Day,43,Male,Car,78,No,No,No,Poor Weather Visibility,Medium,3.0
ACC33363,24-08-2023,07:16,Tamil Nadu,Coimbatore,10.5935,78.8592,City Road,Clear,Day,21,Male,Auto,68,No,No,No,Signal Jumping,Low,0.0
ACC33364,26-10-2022,06:57,Karnataka,Hubballi,15.5412,75.4301,Village Road,Clear,Day,46,Male,Bike,44,No,No,No,Signal Jumping,Low,1.0
ACC33365,18-12-2023,16:12,Karnataka,Belagavi,14.9807,75.5604,State Highway,Clear,Day,31,Male,Car,54,No,No,Yes,Pothole/Bad Road,Low,1.0
ACC33366,04-02-2024,21:53,Telangana,Khammam,17.4059,78.8214,Village Road,Clear,Night,25,Male,Auto,28,Yes,No,Yes,Drunk Driving,Low,1.0
ACC33367,20-06-2024,02:48,Tamil Nadu,Salem,11.405,78.2876,City Road,Clear,Night,41,Female,Truck,43,No,No,Yes,Pothole/Bad Road,Low,0.0
ACC33368,16-03-2023,01:07,Andhra Pradesh,Guntur,15.6594,80.3296,State Highway,Clear,Night,43,Male,Truck,85,No,Yes,No,Over Speeding,High,5.0
ACC33369,16-05-2022,19:40,Tamil Nadu,Tiruchirappalli,11.6654,79.0158,City Road,Rainy,Night,45,Male,Bike,56,No,No,Yes,Poor Weather Visibility,Medium,1.0
ACC33370,18-11-2024,17:59,Telangana,Khammam,17.8579,78.6207,Village Road,Clear,Dusk,33,Male,Car,52,No,No,No,Signal Jumping,Low,0.0
ACC33371,19-01-2024,10:28,Karnataka,Mangaluru,15.712,75.2089,Expressway,Clear,Day,40,Female,Truck,87,No,No,No,Over Speeding,Medium,1.0
ACC33372,02-03-2024,15:41,Kerala,Thrissur,10.5255,76.3265,State Highway,Overcast,Day,35,Male,Bike,56,No,Yes,No,Drowsy Driving,Medium,2.0
ACC33373,11-06-2023,08:02,Telangana,Warangal,17.6297,79.1202,State Highway,Clear,Day,34,Male,Auto,69,No,No,No,Over Speeding,Low,0.0
ACC33374,08-02-2022,16:41,Telangana,Karimnagar,18.6298,78.8508,City Road,Rainy,Day,23,Male,Truck,55,No,Yes,Yes,Poor Weather Visibility,Medium,1.0
ACC33375,30-07-2024,14:43,Karnataka,Hubballi,15.4838,75.629,Village Road,Cloudy,Day,18,Male,Bike,40,No,Yes,No,Drowsy Driving,Low,2.0
ACC33376,17-07-2024,18:44,Karnataka,Hubballi,15.2816,75.3307,City Road,Clear,Dusk,29,Male,Car,62,No,Yes,No,Drowsy Driving,Medium,1.0
ACC33377,14-02-2022,07:56,Tamil Nadu,Coimbatore,11.6577,77.7977,Expressway,Rainy,Day,34,Male,Car,75,No,No,No,Poor Weather Visibility,High,4.0
ACC33378,26-07-2022,09:39,Karnataka,Belagavi,14.6844,75.7366,Village Road,Clear,Day,49,Male,Truck,41,No,No,No,Signal Jumping,Low,1.0
ACC33379,29-02-2024,06:15,Tamil Nadu,Chennai,11.0814,78.8942,City Road,Clear,Day,37,Male,Car,49,No,No,No,Signal Jumping,Low,2.0
ACC33380,19-06-2022,21:17,Karnataka,Belagavi,15.063,75.5605,City Road,Rainy,Night,63,Male,Car,40,No,No,No,Poor Weather Visibility,Low,1.0
ACC33381,11-02-2024,22:38,Telangana,Warangal,17.7712,79.3212,City Road,Rainy,Night,23,Male,Bike,32,No,No,No,Poor Weather Visibility,Low,0.0
ACC33382,13-04-2024,15:29,Kerala,Thrissur,9.6178,75.9603,State Highway,Rainy,Day,44,Male,Car,68,No,Yes,No,Poor Weather Visibility,Medium,2.0
ACC33383,12-11-2024,08:39,Puducherry,Karaikal,11.912,80.7064,State Highway,Overcast,Day,40,Male,Bike,41,No,No,No,Poor Weather Visibility,Low,2.0
ACC33384,20-02-2022,20:42,Puducherry,Karaikal,11.9895,79.5796,National Highway,Overcast,Night,39,Female,Car,66,No,No,No,Poor Weather Visibility,Medium,4.0
ACC33385,17-03-2024,11:15,Andhra Pradesh,Visakhapatnam,16.0129,79.6787,State Highway,Cloudy,Day,25,Male,Car,80,No,No,No,Over Speeding,Medium,3.0
ACC33386,24-12-2024,21:16,Kerala,Kozhikode,9.9882,76.1171,City Road,Cloudy,Night,40,Female,Car,58,No,No,No,Signal Jumping,Low,3.0
ACC33387,04-03-2023,14:21,Karnataka,Hubballi,15.1334,75.6917,Expressway,Clear,Day,18,Male,Auto,79,Yes,No,No,Drunk Driving,High,7.0