Accident_ID,Date,Time,State,District,Latitude,Longitude,Road_Type,Weather,Light_Condition,Driver_Age,Driver_Gender,Vehicle_Type,Speed_kmph,Alcohol_Involved,Driver_Drowsy,Pothole_Involved,Cause_of_Accident,Severity,Casualties
ACC33388,04-06-2024,16:05,Andhra Pradesh,Vijayawada,15.5095,80.5682,National Highway,Cloudy,Day,32,Male,Car,56,No,No,Yes,Pothole/Bad Road,Low,1.0
ACC33389,12-05-2024,09:50,Kerala,Kozhikode,10.3306,76.4028,City Road,Clear,Day,49,Female,Auto,43,No,No,No,Signal Jumping,Low,1.0
ACC33390,15-07-2022,18:36,Kerala,Kollam,9.941,75.8883,Expressway,Rainy,Dusk,35,Male,Car,78,No,No,No,Poor Weather Visibility,Medium,3.0
ACC33391,20-03-2023,14:38,Kerala,Thiruvananthapuram,11.4097,76.6843,National Highway,Clear,Day,26,Female,Auto,74,No,No,No,Over Speeding,Medium,2.0
ACC33392,24-03-2023,02:00,Kerala,Kollam,10.3833,76.0735,City Road,Clear,Night,24,Female,Bus,78,Yes,No,No,Drunk Driving,High,
ACC33393,15-01-2022,21:15,Telangana,Hyderabad,18.0585,78.0561,City Road,Rainy,Night,41,Male,Bike,46,No,No,No,Poor Weather Visibility,Low,0.0
ACC33394,02-06-2023,08:30,Tamil Nadu,Chennai,11.5815,77.4126,State Highway,Clear,Day,25,Male,Bike,53,No,No,No,Poor Weather Visibility,Low,2.0
ACC33395,24-11-2022,15:02,Tamil Nadu,Salem,10.3714,78.6344,City Road,Rainy,Day,20,Male,Bike,42,Yes,No,No,Poor Weather Visibility,Medium,2.0
ACC33396,27-12-2024,14:54,Karnataka,Mangaluru,14.9814,75.99,City Road,Overcast,Day,53,Male,Car,44,No,Yes,No,Drowsy Driving,Low,0.0
ACC33397,18-09-2022,15:18,Tamil Nadu,Salem,11.0094,78.2045,National Highway,Overcast,Day,44,Male,Auto,57,No,No,No,Poor Weather Visibility,Low,1.0
ACC33398,01-02-2024,15:39,Karnataka,Mangaluru,15.0535,75.4111,Village Road,Clear,Day,36,Male,Bike,41,No,No,No,Poor Weather Visibility,Low,0.0
ACC33399,08-07-2023,07:11,Tamil Nadu,Coimbatore,10.8907,79.2337,City Road,Clear,Day,18,Female,Bike,59,No,Yes,No,Drowsy Driving,Medium,3.0
ACC33400,27-12-2023,18:43,Telangana,Khammam,17.8684,78.6095,State Highway,Cloudy,Dusk,37,Female,Bike,51,No,No,No,Poor Weather Visibility,Low,0.0
ACC33401,08-05-2024,18:57,Tamil Nadu,Coimbatore,11.0127,78.6424,Expressway,Cloudy,Dusk,58,Male,Bike,82,No,Yes,No,Over Speeding,High,5.0
ACC33402,05-01-2023,22:45,Tamil Nadu,Tiruchirappalli,11.0248,78.2765,National Highway,Rainy,Night,51,Male,Auto,64,No,No,Yes,Poor Weather Visibility,Medium,4.0
ACC33403,03-09-2024,11:40,Kerala,Thiruvananthapuram,10.0764,76.1325,City Road,Clear,Day,50,Male,Bike,59,Yes,No,No,Drunk Driving,Medium,2.0
ACC33404,25-08-2023,10:45,Karnataka,Bengaluru Urban,15.6803,75.6275,City Road,Cloudy,Day,40,Male,Car,48,No,No,No,Poor Weather Visibility,Low,0.0
ACC33405,31-05-2024,09:35,Telangana,Warangal,18.3781,79.0686,Expressway,Cloudy,Day,62,Male,Car,88,No,No,No,Over Speeding,Medium,2.0
ACC33406,14-11-2023,00:05,Tamil Nadu,Salem,11.5903,79.2295,City Road,Cloudy,Night,43,Male,Bike,40,No,No,No,Poor Weather Visibility,Low,0.0
ACC33407,27-10-2023,09:59,Karnataka,Mangaluru,15.1595,75.8687,City Road,Overcast,Day,30,Male,Auto,53,Yes,No,No,Drunk Driving,Medium,1.0
ACC33408,13-12-2024,01:06,Tamil Nadu,Chennai,10.1441,78.8525,National Highway,Clear,Night,42,Male,Auto,79,Yes,No,No,Drunk Driving,High,8.0
ACC33409,06-06-2024,23:26,Andhra Pradesh,Visakhapatnam,15.8583,79.7148,City Road,Rainy,Night,18,Male,Car,65,Yes,Yes,No,Poor Weather Visibility,High,9.0
ACC33410,23-10-2024,16:15,Kerala,Kozhikode,10.7832,75.982,State Highway,Rainy,Day,42,Male,Bike,76,Yes,No,No,Poor Weather Visibility,High,6.0
ACC33411,29-04-2024,17:01,Karnataka,Mangaluru,15.2686,76.5948,Village Road,Cloudy,Dusk,39,Male,Auto,58,No,No,No,Poor Weather Visibility,Medium,0.0
ACC33412,18-09-2024,06:11,Karnataka,Bengaluru Urban,15.3376,76.0997,Expressway,Cloudy,Day,55,Male,Car,72,No,No,No,Poor Weather Visibility,Low,1.0
ACC33413,05-06-2024,20:36,Kerala,Thrissur,10.1886,76.8356,City Road,Clear,Night,51,Male,Truck,67,Yes,Yes,Yes,Drunk Driving,Medium,1.0
ACC33414,28-07-2024,15:29,Karnataka,Mangaluru,15.268,75.1461,State Highway,Clear,Day,43,Male,Car,64,No,No,No,Over Speeding,Low,0.0
ACC33415,13-09-2023,18:43,Telangana,Warangal,17.8052,79.3256,Village Road,Rainy,Dusk,43,Male,Bike,43,No,No,Yes,Poor Weather Visibility,Low,0.0
ACC33416,03-08-2023,19:12,Tamil Nadu,Madurai,10.661,78.2728,Village Road,Rainy,Night,57,Male,Bike,71,Yes,Yes,No,Poor Weather Visibility,High,4.0
ACC33417,14-06-2024,08:58,Kerala,Thiruvananthapuram,10.7818,76.5074,State Highway,Rainy,Day,29,Female,Auto,52,No,No,No,Poor Weather Visibility,Low,0.0
ACC33418,03-01-2022,00:15,Andhra Pradesh,Visakhapatnam,16.6436,79.4913,City Road,Clear,Night,36,Male,Car,72,No,Yes,No,Drowsy Driving,Medium,2.0
ACC33419,06-07-2022,16:49,Puducherry,Karaikal,12.0956,80.6631,State Highway,Cloudy,Day,54,Female,Auto,57,No,No,No,Poor Weather Visibility,Low,0.0
ACC33420,14-05-2022,16:45,Tamil Nadu,Coimbatore,11.2978,79.2849,City Road,Cloudy,Day,28,Male,Auto,54,Yes,No,No,Drunk Driving,Low,1.0
ACC33421,16-08-2022,11:53,Tamil Nadu,Chennai,11.4051,78.9493,State Highway,Cloudy,Day,26,Male,Auto,60,No,No,Yes,Pothole/Bad Road,Low,1.0
ACC33422,16-03-2023,11:40,Andhra Pradesh,Nellore,15.7512,79.7391,National Highway,Cloudy,Day,40,Male,Bus,72,No,No,No,Poor Weather Visibility,Medium,3.0
ACC33423,30-05-2023,00:10,Tamil Nadu,Chennai,10.543,78.3145,Expressway,Cloudy,Night,56,Male,Auto,99,Yes,No,No,Over Speeding,High,5.0
ACC33424,05-07-2023,11:54,Tamil Nadu,Tiruchirappalli,10.9902,78.9615,State Highway,Cloudy,Day,41,Female,Bike,36,No,No,Yes,Pothole/Bad Road,Low,0.0
ACC33425,27-12-2022,18:07,Telangana,Hyderabad,17.4726,78.8215,Village Road,Clear,Dusk,43,Female,Truck,44,No,No,Yes,Pothole/Bad Road,Low,2.0
ACC33426,03-06-2024,10:54,Kerala,Thiruvananthapuram,10.2778,76.5322,Expressway,Clear,Day,47,Male,Bike,81,No,No,No,Over Speeding,Medium,1.0
ACC33427,17-12-2023,19:13,Karnataka,Mangaluru,15.4353,75.6737,National Highway,Clear,Night,28,Male,Car,68,No,No,No,Over Speeding,Medium,3.0
ACC33428,06-01-2022,22:05,Telangana,Khammam,17.4714,79.2629,State Highway,Clear,Night,33,Male,Car,77,Yes,Yes,No,Drunk Driving,High,3.0
ACC33429,07-05-2022,00:03,Karnataka,Mysuru,15.1054,75.6009,Village Road,Clear,Night,28,Male,Auto,52,No,No,No,Signal Jumping,Low,1.0
ACC33430,29-06-2024,10:45,Andhra Pradesh,Vijayawada,16.6245,79.1458,National Highway,Clear,Day,75,Male,Truck,83,No,No,No,Over Speeding,Medium,4.0
ACC33431,09-12-2024,20:47,Tamil Nadu,Madurai,11.322,79.2509,City Road,Cloudy,Night,47,Male,Bike,74,Yes,No,No,Drunk Driving,Medium,
ACC33432,14-06-2023,17:25,Kerala,Thiruvananthapuram,9.7762,76.9466,City Road,Rainy,Dusk,43,Male,Car,40,No,No,No,Poor Weather Visibility,Low,1.0
ACC33433,21-06-2023,08:04,Tamil Nadu,Salem,11.2083,79.0382,State Highway,Clear,Day,40,Male,Auto,59,No,No,Yes,Pothole/Bad Road,Medium,0.0
ACC33434,15-09-2024,17:03,Andhra Pradesh,Vijayawada,15.5133,79.8811,City Road,Clear,Dusk,42,Female,Bus,56,No,No,No,Poor Weather Visibility,Low,0.0
ACC33435,17-09-2024,08:40,Tamil Nadu,Salem,11.2378,78.0059,Village Road,Clear,Day,39,Female,Bus,41,No,No,No,Poor Weather Visibility,Low,
ACC33436,18-09-2024,15:56,Tamil Nadu,Salem,10.7555,79.0709,Village Road,Cloudy,Day,41,Female,Bike,36,No,No,No,Signal Jumping,Low,1.0
ACC33437,18-07-2023,09:32,Karnataka,Bengaluru Urban,15.6209,75.5249,National Highway,Rainy,Day,53,Male,Bus,72,No,No,No,Poor Weather Visibility,Medium,3.0
ACC33438,10-11-2023,18:03,Kerala,Thrissur,10.2959,76.3924,City Road,Clear,Dusk,31,Female,Car,58,No,No,No,Signal Jumping,Low,1.0
ACC33439,01-02-2024,07:00,Andhra Pradesh,Nellore,16.2213,80.1634,National Highway,Clear,Day,28,Male,Bike,75,No,No,No,Over Speeding,Medium,2.0
ACC33440,18-12-2023,10:25,Tamil Nadu,Coimbatore,11.075,78.1928,Village Road,Overcast,Day,42,Male,Bike,40,No,No,No,Poor Weather Visibility,Low,1.0
ACC33441,20-09-2024,13:01,Kerala,Thrissur,10.8779,75.9521,National Highway,Clear,Day,38,Male,Bike,59,No,No,No,Signal Jumping,Low,2.0
ACC33442,18-10-2024,14:30,Andhra Pradesh,Guntur,15.7459,79.3072,Expressway,Clear,Day,49,Female,Car,103,No,No,No,Over Speeding,High,5.0
ACC33443,31-01-2023,05:50,Karnataka,Bengaluru Urban,15.4856,75.6246,City Road,Foggy,Dawn,51,Male,Car,51,No,Yes,No,Poor Weather Visibility,Medium,6.0
ACC33444,03-07-2022,15:40,Tamil Nadu,Chennai,10.4915,78.3067,Expressway,Rainy,Day,56,Female,Bike,67,No,No,No,Poor Weather Visibility,High,5.0
ACC33445,29-06-2022,06:49,Kerala,Kollam,9.5943,76.1911,City Road,Overcast,Day,68,Male,Bike,53,No,No,No,Poor Weather Visibility,Low,0.0
ACC33446,30-05-2024,18:34,Tamil Nadu,Salem,10.419,79.6018,City Road,Rainy,Dusk,25,Male,Bus,33,No,No,No,Poor Weather Visibility,Low,0.0
ACC33447,03-10-2022,11:37,Tamil Nadu,Chennai,11.1927,78.5381,State Highway,Cloudy,Day,47,Male,Bike,61,No,No,No,Poor Weather Visibility,Low,0.0
ACC33448,22-05-2023,17:02,Andhra Pradesh,Vijayawada,15.8972,79.6376,Expressway,Foggy,Dusk,51,Male,Auto,94,No,No,Yes,Poor Weather Visibility,High,0.0
ACC33449,16-05-2024,19:46,Karnataka,Bengaluru Urban,15.7466,75.4655,City Road,Cloudy,Night,18,Male,Car,43,No,No,No,Poor Weather Visibility,Low,0.0
ACC33450,26-03-2022,11:41,Tamil Nadu,Coimbatore,11.0749,78.2244,City Road,Cloudy,Day,18,Male,Car,33,No,No,No,Poor Weather Visibility,Low,3.0
ACC33451,25-05-2024,09:29,Kerala,Thiruvananthapuram,10.7094,76.344,National Highway,Clear,Day,58,Female,Bike,95,No,Yes,No,Over Speeding,Medium,6.0
ACC33452,12-10-2022,13:29,Kerala,Kozhikode,10.5826,76.5232,National Highway,Foggy,Day,50,Male,Bike,67,No,No,No,Poor Weather Visibility,Medium,3.0
ACC33453,11-06-2022,18:01,Andhra Pradesh,Visakhapatnam,16.5077,79.5764,National Highway,Rainy,Dusk,39,Female,Auto,56,No,No,No,Poor Weather Visibility,Medium,2.0
ACC33454,28-10-2022,07:46,Karnataka,Belagavi,15.2699,75.7197,Village Road,Rainy,Day,67,Male,Bus,27,No,No,No,Poor Weather Visibility,Low,0.0
ACC33455,28-12-2024,11:48,Karnataka,Hubballi,15.2663,76.0391,City Road,Cloudy,Day,56,Male,Car,37,No,No,No,Poor Weather Visibility,Low,0.0
ACC33456,06-07-2023,12:19,Tamil Nadu,Salem,11.3916,78.6258,National Highway,Clear,Day,41,Male,Bus,72,Yes,No,No,Drunk Driving,Medium,4.0
ACC33457,14-04-2023,01:54,Andhra Pradesh,Nellore,15.4779,79.6826,City Road,Cloudy,Night,22,Male,Bike,56,No,Yes,No,Drowsy Driving,High,5.0
ACC33458,28-11-2022,06:21,Andhra Pradesh,Guntur,16.4691,79.8968,City Road,Clear,Day,36,Male,Bus,47,No,Yes,Yes,Drowsy Driving,Medium,3.0
ACC33459,17-09-2024,17:12,Karnataka,Hubballi,15.5941,75.4822,Expressway,Rainy,Dusk,46,Male,Bus,79,No,No,Yes,Poor Weather Visibility,High,7.0
ACC33460,14-08-2023,04:05,Telangana,Karimnagar,18.1034,78.5748,State Highway,Clear,Night,36,Female,Truck,56,No,Yes,No,Drowsy Driving,Low,3.0
ACC33461,19-09-2022,18:50,Tamil Nadu,Tiruchirappalli,11.5112,78.963,Village Road,Cloudy,Dusk,57,Female,Car,47,No,No,Yes,Signal Jumping,Low,0.0
ACC33462,18-04-2022,07:58,Kerala,Kozhikode,9.6155,76.7123,Village Road,Rainy,Day,18,Male,Truck,44,No,No,No,Poor Weather Visibility,Low,2.0
ACC33463,19-11-2023,17:23,Kerala,Thrissur,9.9975,76.2263,National Highway,Clear,Dusk,43,Male,Auto,90,No,No,No,Over Speeding,Medium,4.0
ACC33464,18-11-2023,14:16,Tamil Nadu,Salem,11.2646,78.2779,Village Road,Cloudy,Day,54,Male,Car,65,Yes,No,Yes,Drunk Driving,High,5.0
ACC33465,30-12-2022,06:19,Puducherry,Puducherry,12.5035,79.9207,City Road,Cloudy,Day,22,Male,Car,50,No,No,Yes,Pothole/Bad Road,Low,
ACC33466,25-09-2023,23:30,Andhra Pradesh,Vijayawada,16.2447,80.2561,Village Road,Cloudy,Night,28,Male,Car,38,Yes,No,Yes,Drunk Driving,Low,1.0
ACC33467,12-03-2023,06:16,Telangana,Karimnagar,18.285,79.2379,National Highway,Cloudy,Day,45,Male,Car,58,No,No,No,Poor Weather Visibility,Medium,2.0
ACC33468,27-02-2022,19:24,Karnataka,Mangaluru,14.9008,75.3947,National Highway,Overcast,Night,25,Male,Car,79,No,Yes,No,Drowsy Driving,Medium,3.0
ACC33469,10-09-2022,06:29,Karnataka,Hubballi,15.1676,75.8485,Village Road,Cloudy,Day,18,Male,Car,45,No,No,No,Poor Weather Visibility,Low,1.0
ACC33470,14-06-2022,12:23,Telangana,Warangal,18.4022,78.411,Village Road,Clear,Day,30,Male,Auto,38,No,No,No,Signal Jumping,Low,0.0
ACC33471,14-09-2024,19:11,Tamil Nadu,Madurai,11.3917,78.9911,City Road,Clear,Night,20,Male,Car,34,No,No,Yes,Pothole/Bad Road,Low,1.0
ACC33472,27-12-2024,22:36,Telangana,Warangal,18.459,78.9889,State Highway,Clear,Night,23,Male,Car,70,No,No,No,Over Speeding,Medium,3.0
ACC33473,06-02-2023,16:01,Tamil Nadu,Chennai,11.5158,78.348,Village Road,Cloudy,Day,37,Female,Truck,34,No,No,No,Signal Jumping,Low,1.0
ACC33474,10-07-2024,12:44,Telangana,Karimnagar,18.1211,79.1777,Village Road,Cloudy,Day,50,Female,Bike,40,No,No,No,Poor Weather Visibility,Low,1.0
ACC33475,13-05-2024,19:36,Telangana,Karimnagar,18.4191,79.5528,City Road,Clear,Night,47,Male,Bike,56,Yes,No,No,Drunk Driving,Medium,4.0
ACC33476,16-11-2024,04:00,Andhra Pradesh,Vijayawada,15.2116,79.6722,National Highway,Cloudy,Night,36,Male,Bike,66,No,No,No,Poor Weather Visibility,Medium,5.0
ACC33477,29-04-2023,15:36,Andhra Pradesh,Guntur,15.9141,79.7472,City Road,Clear,Day,26,Male,Auto,58,No,No,No,Poor Weather Visibility,Low,3.0
ACC33478,20-11-2024,22:20,Telangana,Nizamabad,17.8272,78.4665,National Highway,Rainy,Night,33,Female,Car,56,No,Yes,Yes,Poor Weather Visibility,Low,2.0
ACC33479,22-03-2024,16:30,Andhra Pradesh,Nellore,15.4911,80.1465,Village Road,Clear,Day,21,Female,Bus,27,No,No,No,Signal Jumping,Low,1.0
ACC33480,18-01-2023,18:28,Telangana,Khammam,18.3316,79.0348,State Highway,Cloudy,Dusk,29,Male,Car,44,No,No,No,Poor Weather Visibility,Low,1.0
ACC33481,19-01-2022,08:50,Kerala,Ernakulam,10.3936,76.3913,Village Road,Cloudy,Day,27,Male,Bike,46,No,No,No,Poor Weather Visibility,Low,0.0
ACC33482,21-05-2022,11:44,Andhra Pradesh,Nellore,16.0377,79.9404,Village Road,Cloudy,Day,18,Male,Auto,36,No,No,No,Poor Weather Visibility,Low,0.0
ACC33483,22-05-2022,06:13,Karnataka,Bengaluru Urban,14.9216,75.921,City Road,Cloudy,Day,24,Male,Bike,50,No,No,No,Poor Weather Visibility,Low,1.0
ACC33484,21-03-2022,16:20,Tamil Nadu,Madurai,10.8205,77.9606,National Highway,Cloudy,Day,39,Male,Bike,67,No,No,Yes,Pothole/Bad Road,Medium,6.0
ACC33485,09-03-2024,14:40,Andhra Pradesh,Vijayawada,16.0912,79.2621,City Road,Cloudy,Day,37,Male,Bike,65,No,Yes,No,Drowsy Driving,Medium,3.0
ACC33486,28-01-2022,15:08,Tamil Nadu,Chennai,11.8072,78.64,National Highway,Overcast,Day,24,Male,Car,75,No,No,No,Over Speeding,Medium,2.0
ACC33487,28-05-2023,13:25,Telangana,Warangal,17.9432,78.9241,City Road,Cloudy,Day,34,Male,Car,40,No,No,No,Signal Jumping,Low,0.0
ACC33488,26-09-2023,21:35,Andhra Pradesh,Vijayawada,15.2728,79.9159,Village Road,Clear,Night,18,Female,Car,35,Yes,No,Yes,Drunk Driving,Low,0.0
ACC33489,08-03-2024,07:09,Kerala,Thiruvananthapuram,9.5335,76.6938,National Highway,Overcast,Day,18,Male,Bike,46,No,No,No,Poor Weather Visibility,Low,0.0
ACC33490,08-08-2023,11:52,Telangana,Khammam,17.2026,79.3218,Village Road,Overcast,Day,31,Male,Bike,48,No,No,No,Signal Jumping,Low,0.0
ACC33491,05-03-2023,21:33,Tamil Nadu,Tiruchirappalli,11.164,78.1383,City Road,Clear,Night,50,Male,Car,47,No,No,No,Signal Jumping,Low,0.0
ACC33492,28-10-2023,13:28,Tamil Nadu,Chennai,11.0597,78.3871,State Highway,Overcast,Day,60,Male,Truck,81,No,No,No,Over Speeding,Low,2.0
ACC33493,24-11-2022,10:01,Telangana,Warangal,17.2643,79.233,State Highway,Clear,Day,35,Male,Car,52,No,No,Yes,Pothole/Bad Road,Low,2.0
ACC33494,31-12-2022,16:38,Telangana,Karimnagar,17.4358,78.7351,City Road,Clear,Day,32,Female,Auto,34,No,No,No,Signal Jumping,Low,1.0
ACC33495,08-11-2023,09:02,Kerala,Thrissur,10.6263,76.3189,State Highway,Clear,Day,47,Male,Bike,57,No,No,No,Signal Jumping,Low,0.0
ACC33496,21-10-2022,14:02,Tamil Nadu,Chennai,11.2942,78.7196,City Road,Rainy,Day,52,Female,Bus,57,No,No,Yes,Poor Weather Visibility,Medium,
ACC33497,26-10-2022,07:20,Andhra Pradesh,Nellore,15.8964,80.557,National Highway,Foggy,Day,42,Male,Car,66,No,No,Yes,Poor Weather Visibility,High,6.0
ACC33498,02-03-2023,00:33,Telangana,Khammam,17.8943,79.2362,City Road,Rainy,Night,33,Female,Bike,61,Yes,No,No,Poor Weather Visibility,High,5.0
ACC33499,02-07-2022,17:49,Tamil Nadu,Madurai,11.0696,79.0115,National Highway,Clear,Dusk,21,Female,Bike,50,No,No,No,Signal Jumping,Low,1.0
ACC33500,24-05-2024,20:30,Telangana,Khammam,18.7106,79.1934,Expressway,Cloudy,Night,41,Male,Car,92,No,No,No,Over Speeding,High,7.0
ACC33501,26-03-2023,13:25,Telangana,Khammam,18.3607,78.8289,City Road,Cloudy,Day,18,Male,Auto,40,Yes,No,No,Drunk Driving,Medium,1.0
ACC33502,26-11-2022,07:31,Telangana,Karimnagar,18.6556,79.528,State Highway,Rainy,Day,46,Male,Auto,54,No,No,Yes,Poor Weather Visibility,Medium,1.0
ACC33503,10-09-2024,00:08,Puducherry,Karaikal,12.4307,79.7812,State Highway,Clear,Night,19,Male,Bus,64,No,Yes,No,Drowsy Driving,Medium,2.0
ACC33504,03-12-2022,00:05,Tamil Nadu,Chennai,10.8507,78.6518,City Road,Clear,Night,38,Male,Car,49,No,No,No,Poor Weather Visibility,Low,0.0
ACC33505,09-06-2024,18:49,Andhra Pradesh,Kurnool,15.7373,79.8199,City Road,Clear,Dusk,56,Male,Truck,37,No,No,Yes,Pothole/Bad Road,Low,0.0
ACC33506,29-04-2024,19:32,Kerala,Kozhikode,9.5578,76.0496,Village Road,Clear,Night,31,Male,Auto,45,No,No,Yes,Pothole/Bad Road,Medium,0.0
ACC33507,08-01-2024,21:29,Tamil Nadu,Coimbatore,10.3288,79.4536,City Road,Clear,Night,30,Male,Bike,42,No,Yes,No,Drowsy Driving,Low,1.0
ACC33508,06-11-2023,22:18,Karnataka,Belagavi,15.9236,75.7081,City Road,Clear,Night,18,Male,Car,75,No,No,No,Over Speeding,High,7.0
ACC33509,01-03-2023,13:01,Karnataka,Hubballi,15.2309,75.3437,State Highway,Overcast,Day,41,Male,Bike,66,No,No,Yes,Signal Jumping,Low,0.0
ACC33510,30-09-2023,09:24,Telangana,Karimnagar,17.9609,78.8746,City Road,Cloudy,Day,48,Male,Bike,41,No,No,No,Poor Weather Visibility,Low,0.0
ACC33511,22-09-2024,08:55,Kerala,Kozhikode,10.2609,76.1485,National Highway,Rainy,Day,25,Male,Car,77,Yes,No,Yes,Poor Weather Visibility,High,9.0
ACC33512,20-04-2023,11:48,Karnataka,Belagavi,14.9517,76.0073,City Road,Foggy,Day,27,Male,Car,50,No,No,No,Poor Weather Visibility,Low,1.0
ACC33513,27-10-2023,18:36,Kerala,Ernakulam,10.0048,76.1187,Village Road,Clear,Dusk,19,Male,Auto,61,No,No,No,Signal Jumping,Medium,2.0
ACC33514,31-08-2023,19:18,Karnataka,Bengaluru Urban,15.0607,76.2801,National Highway,Cloudy,Night,47,Male,Bike,68,No,No,No,Poor Weather Visibility,Medium,2.0
ACC33515,23-07-2023,20:15,Kerala,Thiruvananthapuram,10.5704,76.0918,Expressway,Clear,Night,40,Male,Auto,95,Yes,Yes,No,Over Speeding,High,7.0
ACC33516,15-01-2024,08:41,Andhra Pradesh,Kurnool,16.1183,79.9761,Expressway,Rainy,Day,52,Female,Car,78,No,No,Yes,Poor Weather Visibility,Medium,5.0
ACC33517,29-05-2024,19:35,Telangana,Hyderabad,18.2388,79.0631,State Highway,Clear,Night,41,Male,Bike,65,No,No,Yes,Pothole/Bad Road,High,11.0
ACC33518,06-02-2024,14:45,Tamil Nadu,Chennai,11.1324,78.2237,Village Road,Cloudy,Day,36,Male,Truck,41,No,No,Yes,Pothole/Bad Road,Medium,0.0
ACC33519,27-08-2022,11:28,Tamil Nadu,Madurai,10.6447,78.0131,State Highway,Rainy,Day,42,Female,Truck,57,No,No,Yes,Poor Weather Visibility,Low,0.0
ACC33520,09-04-2024,10:58,Kerala,Thiruvananthapuram,10.2396,76.1906,City Road,Clear,Day,45,Male,Auto,59,No,No,No,Signal Jumping,Low,0.0
ACC33521,31-05-2024,09:48,Telangana,Hyderabad,18.0003,78.8502,City Road,Clear,Day,42,Male,Bike,25,No,No,No,Poor Weather Visibility,Low,1.0
ACC33522,11-05-2023,13:07,Karnataka,Mangaluru,15.3793,75.2995,Expressway,Rainy,Day,58,Male,Bike,95,No,No,No,Over Speeding,High,4.0
ACC33523,24-05-2023,17:18,Telangana,Hyderabad,17.8019,78.76,Expressway,Cloudy,Dusk,24,Female,Bike,71,No,No,No,Poor Weather Visibility,Medium,1.0
ACC33524,21-04-2022,14:14,Telangana,Nizamabad,18.2941,78.8365,Village Road,Cloudy,Day,45,Male,Car,56,No,No,No,Poor Weather Visibility,Low,0.0
ACC33525,19-10-2022,21:41,Kerala,Thiruvananthapuram,10.5514,75.3375,National Highway,Overcast,Night,39,Male,Bike,64,No,No,No,Poor Weather Visibility,Medium,5.0
ACC33526,31-05-2023,12:03,Tamil Nadu,Madurai,11.8431,79.0571,State Highway,Rainy,Day,47,Male,Bike,71,No,No,No,Poor Weather Visibility,Medium,1.0
ACC33527,23-07-2023,17:00,Tamil Nadu,Tiruchirappalli,10.8152,79.085,State Highway,Cloudy,Dusk,46,Male,Car,48,No,No,No,Poor Weather Visibility,Low,0.0
ACC33528,27-03-2024,08:30,Tamil Nadu,Coimbatore,10.7848,79.5304,City Road,Clear,Day,27,Male,Bike,26,No,No,No,Signal Jumping,Low,3.0
ACC33529,05-08-2022,17:04,Kerala,Ernakulam,9.5993,76.3226,Village Road,Cloudy,Dusk,40,Male,Car,35,No,No,No,Poor Weather Visibility,Low,2.0
ACC33530,02-06-2024,16:09,Tamil Nadu,Chennai,10.592,78.5266,National Highway,Cloudy,Day,37,Male,Bike,74,No,No,No,Over Speeding,Medium,5.0
ACC33531,14-05-2022,18:48,Telangana,Karimnagar,17.5392,78.8965,Expressway,Cloudy,Dusk,38,Male,Auto,86,No,No,No,Over Speeding,Medium,0.0
ACC33532,21-12-2024,00:42,Tamil Nadu,Salem,10.6707,78.4127,National Highway,Overcast,Night,56,Female,Truck,75,Yes,Yes,No,Drunk Driving,High,9.0
ACC33533,31-08-2024,12:49,Karnataka,Mysuru,15.3197,75.8616,State Highway,Clear,Day,26,Male,Bus,56,No,No,Yes,Pothole/Bad Road,Low,2.0
ACC33534,13-09-2024,13:12,Telangana,Khammam,17.8845,78.8959,State Highway,Foggy,Day,18,Female,Auto,66,Yes,No,No,Poor Weather Visibility,High,1.0
ACC33535,20-08-2022,14:17,Tamil Nadu,Tiruchirappalli,11.3217,78.9893,Village Road,Rainy,Day,18,Male,Bike,46,No,Yes,Yes,Poor Weather Visibility,Medium,3.0
ACC33536,18-05-2022,17:51,Andhra Pradesh,Guntur,15.886,80.1816,State Highway,Overcast,Dusk,45,Male,Auto,46,No,No,No,Poor Weather Visibility,Medium,2.0
ACC33537,08-03-2022,09:26,Andhra Pradesh,Visakhapatnam,16.2227,78.9124,Village Road,Clear,Day,42,Female,Car,45,No,No,Yes,Pothole/Bad Road,Low,1.0
ACC33538,15-07-2024,08:19,Kerala,Thrissur,10.5866,76.7006,State Highway,Rainy,Day,33,Female,Truck,76,No,No,Yes,Poor Weather Visibility,Medium,5.0
ACC33539,22-05-2022,22:22,Kerala,Kollam,10.6865,75.8723,State Highway,Clear,Night,47,Female,Truck,77,No,No,No,Over Speeding,Medium,5.0
ACC33540,26-03-2022,18:48,Tamil Nadu,Tiruchirappalli,11.1107,78.3564,State Highway,Cloudy,Dusk,50,Male,Bike,66,No,No,No,Poor Weather Visibility,Medium,8.0
ACC33541,30-07-2022,18:16,Telangana,Warangal,17.6493,79.4238,State Highway,Rainy,Dusk,29,Male,Car,74,No,No,No,Poor Weather Visibility,Low,0.0
ACC33542,14-06-2024,12:32,Tamil Nadu,Salem,11.1042,79.0954,National Highway,Cloudy,Day,18,Male,Auto,51,No,No,No,Poor Weather Visibility,Low,2.0
ACC33543,17-12-2023,07:08,Telangana,Hyderabad,16.9026,78.6469,Village Road,Cloudy,Day,48,Male,Bike,44,No,No,No,Poor Weather Visibility,Low,0.0