Accident_ID,Date,Time,State,District,Latitude,Longitude,Road_Type,Weather,Light_Condition,Driver_Age,Driver_Gender,Vehicle_Type,Speed_kmph,Alcohol_Involved,Driver_Drowsy,Pothole_Involved,Cause_of_Accident,Severity,Casualties
ACC33544,13-11-2022,14:44,Telangana,Nizamabad,18.3255,78.972,City Road,Clear,Day,49,Male,Bike,47,No,No,No,Poor Weather Visibility,Low,2.0
ACC33545,28-07-2023,18:49,Telangana,Hyderabad,17.9053,78.9589,Village Road,Rainy,Dusk,29,Female,Bike,43,Yes,No,No,Poor Weather Visibility,Medium,4.0
ACC33546,10-09-2022,19:18,Telangana,Warangal,17.5336,79.0176,City Road,Clear,Night,59,Male,Car,37,No,No,No,Poor Weather Visibility,Low,1.0
ACC33547,30-12-2024,15:26,Karnataka,Mysuru,15.0744,74.7649,City Road,Cloudy,Day,40,Male,Bus,59,No,No,No,Signal Jumping,Low,0.0
ACC33548,03-01-2023,19:04,Karnataka,Hubballi,15.848,75.7659,National Highway,Clear,Night,37,Female,Bike,46,No,No,No,Signal Jumping,Low,
ACC33549,27-11-2022,07:12,Karnataka,Mysuru,15.4001,75.9536,Village Road,Cloudy,Day,18,Male,Bus,37,No,No,No,Poor Weather Visibility,Low,1.0
ACC33550,22-01-2024,08:59,Tamil Nadu,Madurai,11.031,78.2378,State Highway,Rainy,Day,35,Male,Auto,51,No,No,No,Poor Weather Visibility,Low,3.0
ACC33551,11-11-2024,06:10,Kerala,Thiruvananthapuram,11.0713,76.0527,Expressway,Cloudy,Day,18,Male,Bus,77,No,No,No,Signal Jumping,Medium,1.0
ACC33552,22-01-2024,23:39,Andhra Pradesh,Visakhapatnam,16.534,80.3077,Expressway,Foggy,Night,36,Male,Auto,99,Yes,No,No,Poor Weather Visibility,High,8.0
ACC33553,05-03-2024,14:47,Tamil Nadu,Salem,11.1912,78.2814,City Road,Cloudy,Day,53,Female,Auto,34,No,No,No,Poor Weather Visibility,Low,0.0
ACC33554,15-07-2024,19:47,Andhra Pradesh,Nellore,15.7539,79.8247,City Road,Clear,Night,30,Male,Truck,43,Yes,No,Yes,Drunk Driving,Medium,3.0
ACC33555,03-11-2023,15:42,Telangana,Warangal,18.2063,79.2188,State Highway,Cloudy,Day,34,Female,Bike,75,No,No,No,Over Speeding,Medium,2.0
ACC33556,27-07-2024,04:17,Telangana,Khammam,17.3679,78.9464,National Highway,Clear,Night,42,Male,Bike,53,No,Yes,No,Drowsy Driving,Medium,1.0
ACC33557,22-12-2024,08:01,Telangana,Warangal,17.8413,78.779,State Highway,Clear,Day,49,Female,Auto,48,No,No,No,Signal Jumping,Low,1.0
ACC33558,19-09-2024,07:08,Telangana,Karimnagar,17.9481,78.3864,National Highway,Clear,Day,35,Male,Truck,51,No,No,No,Signal Jumping,Low,
ACC33559,07-06-2023,06:39,Karnataka,Bengaluru Urban,15.345,76.1579,National Highway,Rainy,Day,25,Male,Bike,61,No,No,Yes,Poor Weather Visibility,Medium,4.0
ACC33560,05-05-2024,08:19,Andhra Pradesh,Nellore,15.6599,79.2463,Village Road,Rainy,Day,36,Male,Bike,40,No,No,No,Poor Weather Visibility,Low,0.0
ACC33561,13-04-2022,19:22,Kerala,Thrissur,10.5538,75.9642,City Road,Clear,Night,18,Male,Auto,53,No,No,Yes,Pothole/Bad Road,Medium,2.0
ACC33562,28-08-2024,06:20,Tamil Nadu,Chennai,11.6615,78.2853,State Highway,Cloudy,Day,33,Male,Bike,70,No,No,Yes,Pothole/Bad Road,Medium,
ACC33563,02-11-2022,14:59,Karnataka,Mysuru,15.7296,75.5141,City Road,Cloudy,Day,24,Male,Car,40,No,No,Yes,Pothole/Bad Road,Low,2.0
ACC33564,02-10-2022,20:15,Telangana,Hyderabad,17.7673,78.6862,City Road,Clear,Night,55,Male,Bus,83,Yes,Yes,No,Drunk Driving,High,7.0
ACC33565,11-10-2023,12:40,Tamil Nadu,Chennai,10.8808,78.2822,City Road,Clear,Day,30,Female,Bus,49,No,No,No,Signal Jumping,Low,0.0
ACC33566,18-10-2023,16:53,Tamil Nadu,Tiruchirappalli,10.6602,77.3719,State Highway,Clear,Day,60,Female,Bike,83,Yes,No,No,Drunk Driving,High,7.0
ACC33567,19-05-2024,12:25,Andhra Pradesh,Visakhapatnam,15.3779,79.4775,Expressway,Cloudy,Day,32,Male,Bike,78,No,No,No,Over Speeding,Medium,4.0
ACC33568,27-01-2023,08:55,Andhra Pradesh,Nellore,16.0567,80.2683,National Highway,Clear,Day,40,Female,Bike,58,No,No,No,Signal Jumping,Medium,3.0
ACC33569,24-08-2024,21:47,Telangana,Hyderabad,17.7456,79.0032,Village Road,Clear,Night,32,Male,Bus,53,Yes,Yes,Yes,Drunk Driving,Medium,1.0
ACC33570,06-12-2022,13:33,Tamil Nadu,Salem,11.0416,78.3391,Village Road,Clear,Day,30,Female,Bus,33,No,No,Yes,Pothole/Bad Road,Low,1.0
ACC33571,14-02-2023,08:07,Telangana,Warangal,17.5521,79.2683,State Highway,Overcast,Day,38,Male,Bike,37,No,No,No,Poor Weather Visibility,Low,0.0
ACC33572,03-11-2024,03:59,Tamil Nadu,Salem,11.4301,79.1252,Village Road,Clear,Night,37,Female,Bike,49,Yes,No,No,Drunk Driving,Medium,4.0
ACC33573,02-02-2024,01:14,Puducherry,Puducherry,11.8206,79.9233,Village Road,Clear,Night,28,Male,Bike,58,No,No,No,Signal Jumping,Medium,3.0
ACC33574,08-11-2024,11:16,Kerala,Thiruvananthapuram,10.0842,76.2959,State Highway,Cloudy,Day,32,Male,Car,57,No,No,No,Poor Weather Visibility,Low,0.0
ACC33575,12-05-2023,22:57,Kerala,Thiruvananthapuram,10.3866,76.6746,National Highway,Cloudy,Night,52,Male,Car,58,No,No,No,Poor Weather Visibility,Medium,3.0
ACC33576,08-02-2024,00:50,Karnataka,Belagavi,15.7347,75.2594,State Highway,Cloudy,Night,50,Female,Car,81,No,No,No,Over Speeding,Medium,2.0
ACC33577,24-08-2022,17:01,Tamil Nadu,Tiruchirappalli,10.986,78.4105,Expressway,Cloudy,Dusk,49,Male,Truck,69,No,No,No,Poor Weather Visibility,Medium,0.0
ACC33578,23-02-2022,09:32,Telangana,Khammam,18.0881,79.0253,Expressway,Rainy,Day,35,Male,Bus,80,No,No,No,Poor Weather Visibility,Medium,2.0
ACC33579,08-10-2023,14:08,Telangana,Nizamabad,17.5931,79.4626,Expressway,Cloudy,Day,41,Male,Auto,92,No,No,No,Over Speeding,Medium,3.0
ACC33580,16-03-2022,10:50,Tamil Nadu,Coimbatore,11.5105,78.7579,State Highway,Clear,Day,41,Male,Bus,65,Yes,No,No,Drunk Driving,Medium,2.0
ACC33581,27-03-2024,12:55,Kerala,Thiruvananthapuram,10.3855,76.1697,Village Road,Clear,Day,50,Female,Car,53,No,No,No,Signal Jumping,Low,1.0
ACC33582,25-09-2023,16:55,Tamil Nadu,Coimbatore,10.7473,79.2651,Village Road,Cloudy,Day,47,Female,Bus,31,No,No,No,Poor Weather Visibility,Low,0.0
ACC33583,25-10-2024,19:37,Tamil Nadu,Chennai,10.8509,78.407,Expressway,Clear,Night,59,Male,Car,77,No,No,No,Over Speeding,Medium,
ACC33584,09-08-2022,00:25,Tamil Nadu,Chennai,11.4262,79.0287,Village Road,Cloudy,Night,39,Male,Bike,48,Yes,No,No,Drunk Driving,Low,0.0
ACC33585,15-04-2023,10:23,Telangana,Warangal,17.5135,79.2714,Village Road,Clear,Day,43,Male,Car,52,No,No,Yes,Pothole/Bad Road,Low,0.0
ACC33586,21-08-2023,18:59,Kerala,Kozhikode,10.0569,76.4514,Expressway,Clear,Dusk,33,Male,Truck,92,No,No,No,Over Speeding,High,5.0
ACC33587,05-01-2024,22:35,Tamil Nadu,Tiruchirappalli,10.8375,79.5092,Village Road,Rainy,Night,32,Male,Bike,31,No,No,No,Poor Weather Visibility,Low,2.0
ACC33588,09-12-2023,01:40,Tamil Nadu,Salem,11.317,77.9564,National Highway,Foggy,Night,20,Male,Auto,84,No,No,No,Poor Weather Visibility,High,5.0
ACC33589,21-11-2024,18:53,Tamil Nadu,Coimbatore,11.3681,78.4814,Village Road,Rainy,Dusk,32,Male,Auto,28,No,No,Yes,Poor Weather Visibility,Low,3.0
ACC33590,11-09-2022,17:11,Kerala,Kozhikode,11.047,75.6044,Village Road,Foggy,Dusk,23,Male,Truck,57,Yes,Yes,Yes,Poor Weather Visibility,High,4.0
ACC33591,26-02-2023,14:45,Karnataka,Bengaluru Urban,15.3038,75.7083,City Road,Clear,Day,26,Male,Car,34,No,No,Yes,Pothole/Bad Road,Low,2.0
ACC33592,15-03-2022,05:20,Tamil Nadu,Chennai,11.4604,78.5481,Expressway,Cloudy,Dawn,18,Male,Bike,109,Yes,No,No,Over Speeding,High,
ACC33593,21-05-2022,04:13,Kerala,Thiruvananthapuram,9.8769,76.5606,Expressway,Clear,Night,43,Male,Car,77,No,No,No,Over Speeding,Medium,3.0
ACC33594,05-06-2022,07:59,Kerala,Kozhikode,9.8213,75.7244,Village Road,Clear,Day,37,Male,Car,32,No,No,No,Poor Weather Visibility,Low,0.0
ACC33595,10-11-2024,19:50,Tamil Nadu,Madurai,10.7762,78.4489,National Highway,Rainy,Night,25,Male,Car,61,No,No,No,Poor Weather Visibility,Low,2.0
ACC33596,21-10-2023,20:20,Andhra Pradesh,Nellore,17.0769,79.0713,Village Road,Clear,Night,33,Male,Truck,48,No,No,No,Signal Jumping,Low,1.0
ACC33597,16-12-2022,21:45,Telangana,Warangal,17.6256,79.409,City Road,Clear,Night,48,Male,Car,50,Yes,No,No,Drunk Driving,Low,1.0
ACC33598,09-06-2024,16:44,Tamil Nadu,Madurai,11.5784,78.4789,City Road,Clear,Day,29,Male,Bike,29,No,No,No,Signal Jumping,Low,1.0
ACC33599,22-10-2023,13:39,Tamil Nadu,Madurai,10.7316,78.8386,City Road,Clear,Day,23,Male,Car,29,No,No,No,Signal Jumping,Low,2.0
ACC33600,26-06-2023,06:46,Tamil Nadu,Madurai,11.1954,78.5076,National Highway,Overcast,Day,30,Male,Bus,70,No,No,Yes,Pothole/Bad Road,High,6.0
ACC33601,04-06-2024,17:56,Tamil Nadu,Madurai,11.3611,78.3588,Village Road,Rainy,Dusk,50,Male,Bike,49,No,No,Yes,Poor Weather Visibility,Medium,2.0
ACC33602,29-12-2022,05:12,Telangana,Khammam,17.8962,79.0306,City Road,Clear,Dawn,29,Male,Car,50,Yes,No,No,Drunk Driving,Low,0.0
ACC33603,11-05-2022,13:20,Karnataka,Mangaluru,15.7863,75.7629,City Road,Cloudy,Day,35,Male,Car,50,Yes,No,No,Drunk Driving,Low,3.0
ACC33604,24-05-2024,13:20,Tamil Nadu,Coimbatore,11.1017,79.1515,Village Road,Clear,Day,40,Male,Car,39,No,No,No,Poor Weather Visibility,Low,1.0
ACC33605,16-02-2023,16:25,Andhra Pradesh,Vijayawada,15.7846,79.5974,National Highway,Rainy,Day,49,Male,Truck,64,No,No,No,Poor Weather Visibility,Medium,2.0
ACC33606,27-07-2022,05:59,Andhra Pradesh,Nellore,15.6929,79.1788,National Highway,Clear,Dawn,53,Male,Auto,101,No,No,No,Over Speeding,High,11.0
ACC33607,30-08-2024,12:10,Andhra Pradesh,Visakhapatnam,16.7961,79.8949,Expressway,Clear,Day,46,Male,Car,109,No,Yes,No,Over Speeding,High,4.0
ACC33608,02-05-2023,15:02,Telangana,Khammam,18.4638,79.2949,National Highway,Clear,Day,23,Male,Bike,71,No,No,No,Over Speeding,Medium,5.0
ACC33609,02-10-2024,15:43,Telangana,Hyderabad,17.7552,79.7249,Expressway,Overcast,Day,42,Male,Car,87,No,No,No,Over Speeding,Medium,4.0
ACC33610,02-12-2024,19:51,Andhra Pradesh,Vijayawada,16.527,79.5944,Village Road,Cloudy,Night,33,Female,Bus,46,No,Yes,No,Drowsy Driving,Low,2.0
ACC33611,04-07-2024,17:12,Tamil Nadu,Madurai,11.4296,77.6823,Village Road,Rainy,Dusk,21,Male,Bike,36,No,No,No,Poor Weather Visibility,Low,1.0
ACC33612,19-12-2022,19:27,Telangana,Hyderabad,18.419,79.7061,State Highway,Clear,Night,42,Female,Bus,75,Yes,Yes,No,Drunk Driving,High,10.0
ACC33613,05-05-2023,19:08,Andhra Pradesh,Nellore,16.3484,78.7624,Village Road,Cloudy,Night,29,Male,Bike,41,Yes,Yes,No,Drunk Driving,High,6.0
ACC33614,12-03-2023,16:13,Karnataka,Mysuru,16.0515,75.6553,City Road,Rainy,Day,49,Male,Truck,45,No,No,No,Poor Weather Visibility,Low,1.0
ACC33615,23-08-2023,12:21,Telangana,Nizamabad,18.0534,78.9164,Village Road,Rainy,Day,64,Female,Car,25,No,No,Yes,Poor Weather Visibility,Low,0.0
ACC33616,01-04-2024,12:17,Tamil Nadu,Salem,10.6545,78.2678,Village Road,Cloudy,Day,24,Male,Auto,35,No,No,No,Poor Weather Visibility,Low,2.0
ACC33617,30-01-2022,18:16,Karnataka,Hubballi,15.2058,75.7654,Village Road,Cloudy,Dusk,66,Male,Bike,27,No,No,No,Poor Weather Visibility,Low,0.0
ACC33618,07-05-2024,09:55,Karnataka,Belagavi,15.7336,75.94,City Road,Overcast,Day,44,Male,Car,50,No,No,No,Poor Weather Visibility,Low,2.0
ACC33619,30-07-2022,01:09,Puducherry,Karaikal,11.9545,79.6067,Expressway,Cloudy,Night,46,Male,Car,67,No,No,No,Poor Weather Visibility,Medium,1.0
ACC33620,28-05-2022,20:16,Tamil Nadu,Chennai,11.4265,79.1008,State Highway,Foggy,Night,21,Male,Car,69,Yes,No,No,Poor Weather Visibility,High,9.0
ACC33621,20-08-2022,06:03,Puducherry,Karaikal,11.8626,80.4851,City Road,Cloudy,Day,41,Male,Bus,53,No,No,No,Poor Weather Visibility,Low,1.0
ACC33622,13-01-2024,06:40,Kerala,Ernakulam,9.761,77.0287,National Highway,Clear,Day,45,Male,Car,75,Yes,No,No,Drunk Driving,Medium,3.0
ACC33623,18-01-2024,21:16,Karnataka,Hubballi,15.5667,75.3054,City Road,Cloudy,Night,33,Male,Truck,43,No,Yes,No,Drowsy Driving,Low,1.0
ACC33624,05-09-2022,16:20,Andhra Pradesh,Nellore,16.1344,79.9316,Village Road,Rainy,Day,18,Male,Bus,43,No,No,No,Poor Weather Visibility,Low,1.0
ACC33625,07-02-2023,16:42,Telangana,Warangal,18.1795,78.944,City Road,Clear,Day,35,Male,Bike,54,No,No,No,Poor Weather Visibility,Low,0.0
ACC33626,07-02-2024,18:53,Tamil Nadu,Coimbatore,10.9614,78.6671,National Highway,Clear,Dusk,20,Male,Car,78,No,No,No,Over Speeding,Medium,3.0
ACC33627,24-12-2022,18:27,Puducherry,Karaikal,11.4785,79.6021,Village Road,Rainy,Dusk,29,Male,Bike,52,No,No,No,Poor Weather Visibility,Medium,1.0
ACC33628,16-08-2022,21:02,Telangana,Khammam,18.4677,79.6753,Village Road,Clear,Night,39,Male,Bike,48,Yes,No,No,Drunk Driving,Medium,2.0
ACC33629,24-09-2022,08:02,Tamil Nadu,Chennai,10.7398,78.2173,National Highway,Clear,Day,18,Male,Bike,57,No,No,No,Poor Weather Visibility,Medium,3.0
ACC33630,08-08-2023,21:06,Telangana,Hyderabad,18.6859,78.7805,National Highway,Overcast,Night,30,Female,Bike,74,No,No,No,Over Speeding,High,5.0
ACC33631,28-04-2024,23:38,Karnataka,Hubballi,14.7648,74.8469,City Road,Cloudy,Night,23,Male,Bike,63,Yes,No,No,Drunk Driving,Medium,4.0
ACC33632,19-12-2022,23:50,Karnataka,Mangaluru,15.5737,75.4647,Village Road,Rainy,Night,29,Male,Bike,50,Yes,No,No,Poor Weather Visibility,High,6.0
ACC33633,03-01-2024,19:58,Karnataka,Bengaluru Urban,15.4152,74.7579,Village Road,Rainy,Night,26,Male,Auto,22,No,No,Yes,Poor Weather Visibility,Low,1.0
ACC33634,14-04-2023,13:43,Karnataka,Hubballi,15.0188,75.9828,City Road,Clear,Day,18,Female,Auto,57,No,No,No,Poor Weather Visibility,Low,1.0
ACC33635,04-02-2024,12:02,Andhra Pradesh,Nellore,15.8337,79.7693,City Road,Clear,Day,51,Male,Car,59,No,Yes,Yes,Drowsy Driving,Medium,4.0
ACC33636,27-11-2024,17:01,Andhra Pradesh,Nellore,16.0881,80.2381,National Highway,Cloudy,Dusk,39,Female,Auto,69,No,No,No,Poor Weather Visibility,Medium,4.0
ACC33637,30-11-2022,06:20,Kerala,Kozhikode,9.9537,75.8636,National Highway,Rainy,Day,31,Male,Bike,59,No,No,No,Poor Weather Visibility,Medium,
ACC33638,28-09-2024,21:57,Telangana,Khammam,17.3404,79.3277,Village Road,Rainy,Night,32,Male,Bike,49,No,No,Yes,Poor Weather Visibility,Medium,3.0
ACC33639,09-02-2022,20:17,Karnataka,Hubballi,15.3196,75.2124,Village Road,Clear,Night,40,Female,Car,40,No,No,No,Signal Jumping,Low,4.0
ACC33640,16-11-2023,20:44,Tamil Nadu,Salem,11.3322,78.1488,State Highway,Clear,Night,53,Male,Car,48,No,Yes,Yes,Drowsy Driving,Medium,2.0
ACC33641,03-10-2022,08:50,Tamil Nadu,Madurai,10.2929,78.184,Expressway,Rainy,Day,39,Male,Bike,70,No,No,No,Poor Weather Visibility,Medium,2.0
ACC33642,30-01-2022,12:48,Kerala,Kozhikode,11.1959,76.1607,State Highway,Cloudy,Day,50,Male,Car,59,No,No,No,Poor Weather Visibility,Low,3.0
ACC33643,05-02-2022,15:01,Karnataka,Mysuru,14.9554,75.43,City Road,Rainy,Day,29,Male,Truck,53,No,Yes,Yes,Poor Weather Visibility,Medium,2.0
ACC33644,21-04-2023,19:29,Telangana,Karimnagar,17.9955,79.1152,State Highway,Cloudy,Night,42,Male,Car,70,Yes,No,Yes,Drunk Driving,High,2.0
ACC33645,04-07-2024,09:08,Karnataka,Bengaluru Urban,14.856,75.697,National Highway,Cloudy,Day,34,Male,Bike,71,No,No,No,Poor Weather Visibility,Medium,4.0
ACC33646,30-04-2024,05:25,Kerala,Kozhikode,10.562,76.5513,City Road,Rainy,Dawn,28,Male,Bike,53,No,No,Yes,Poor Weather Visibility,Medium,2.0
ACC33647,23-05-2023,14:54,Tamil Nadu,Coimbatore,10.1582,78.8165,Village Road,Clear,Day,30,Male,Auto,44,No,No,No,Signal Jumping,Low,0.0
ACC33648,16-04-2023,08:11,Telangana,Warangal,18.3708,78.6447,State Highway,Overcast,Day,51,Female,Bike,62,No,No,No,Poor Weather Visibility,Medium,1.0
ACC33649,21-03-2023,03:45,Kerala,Thiruvananthapuram,10.877,75.846,Village Road,Clear,Night,22,Male,Bike,63,Yes,No,No,Drunk Driving,High,4.0
ACC33650,01-11-2022,23:03,Karnataka,Mysuru,15.5212,76.4743,Village Road,Clear,Night,27,Male,Auto,39,No,No,Yes,Pothole/Bad Road,Low,2.0
ACC33651,21-03-2022,11:48,Andhra Pradesh,Vijayawada,15.1857,79.6979,Village Road,Clear,Day,38,Male,Bus,36,No,No,Yes,Pothole/Bad Road,Low,0.0
ACC33652,13-01-2023,18:50,Kerala,Kollam,10.4827,76.5902,City Road,Clear,Dusk,36,Male,Car,35,No,No,No,Signal Jumping,Low,1.0
ACC33653,18-07-2023,16:37,Telangana,Hyderabad,17.8977,79.1135,National Highway,Cloudy,Day,56,Male,Truck,108,Yes,Yes,No,Over Speeding,High,9.0
ACC33654,28-08-2024,09:50,Andhra Pradesh,Vijayawada,15.563,79.5434,Village Road,Overcast,Day,21,Female,Car,31,No,No,No,Poor Weather Visibility,Low,0.0
ACC33655,22-12-2023,13:03,Telangana,Hyderabad,17.2864,78.8771,City Road,Clear,Day,30,Male,Bike,40,No,No,Yes,Pothole/Bad Road,Low,0.0
ACC33656,02-08-2024,14:54,Telangana,Khammam,18.0515,78.9152,City Road,Clear,Day,25,Female,Car,37,No,No,No,Signal Jumping,Low,1.0
ACC33657,13-11-2022,15:54,Tamil Nadu,Coimbatore,11.5119,77.9667,Village Road,Foggy,Day,40,Male,Car,35,No,No,No,Poor Weather Visibility,Low,0.0
ACC33658,21-11-2022,00:35,Karnataka,Hubballi,15.5772,75.0256,City Road,Rainy,Night,39,Male,Car,63,Yes,Yes,Yes,Poor Weather Visibility,High,3.0
ACC33659,20-10-2022,16:54,Tamil Nadu,Tiruchirappalli,10.8664,78.43,National Highway,Clear,Day,30,Male,Bus,68,No,No,No,Over Speeding,Medium,2.0
ACC33660,24-04-2023,12:58,Karnataka,Mysuru,15.9724,75.5543,National Highway,Clear,Day,25,Female,Auto,78,No,No,No,Over Speeding,Low,0.0
ACC33661,16-02-2022,13:27,Kerala,Kollam,10.4083,77.0946,City Road,Clear,Day,32,Female,Car,67,No,No,No,Over Speeding,Medium,2.0
ACC33662,20-03-2022,18:28,Tamil Nadu,Madurai,10.769,78.1556,Expressway,Clear,Dusk,24,Female,Car,84,No,No,No,Over Speeding,High,7.0
ACC33663,03-03-2023,23:29,Karnataka,Belagavi,16.3015,75.8772,City Road,Clear,Night,38,Male,Auto,46,Yes,No,No,Drunk Driving,Low,
ACC33664,19-09-2022,13:50,Tamil Nadu,Tiruchirappalli,11.6287,78.6663,Village Road,Clear,Day,19,Male,Car,29,No,No,No,Poor Weather Visibility,Low,0.0
ACC33665,12-07-2023,06:42,Tamil Nadu,Tiruchirappalli,11.6866,78.8344,National Highway,Foggy,Day,49,Female,Bike,66,No,No,No,Poor Weather Visibility,Medium,5.0
ACC33666,29-08-2024,17:43,Telangana,Warangal,18.0614,78.7266,City Road,Clear,Dusk,48,Male,Car,43,No,No,No,Signal Jumping,Low,1.0
ACC33667,02-11-2024,17:50,Tamil Nadu,Chennai,11.041,78.6472,National Highway,Clear,Dusk,26,Male,Bus,79,Yes,No,No,Drunk Driving,Medium,2.0
ACC33668,20-11-2024,13:57,Tamil Nadu,Chennai,10.9283,78.1897,State Highway,Clear,Day,18,Male,Bike,69,No,No,No,Over Speeding,Medium,2.0
ACC33669,08-03-2023,09:15,Kerala,Kollam,10.6067,76.0986,State Highway,Cloudy,Day,61,Female,Car,68,Yes,No,No,Drunk Driving,Medium,4.0
ACC33670,12-06-2023,18:38,Telangana,Warangal,17.7797,78.839,National Highway,Clear,Dusk,23,Male,Car,63,No,No,No,Over Speeding,Low,1.0
ACC33671,07-07-2023,04:37,Andhra Pradesh,Nellore,15.5955,79.5734,State Highway,Clear,Night,46,Female,Car,43,No,No,No,Signal Jumping,Low,0.0
ACC33672,24-12-2022,13:40,Tamil Nadu,Madurai,10.639,79.1695,City Road,Clear,Day,29,Male,Car,52,No,No,Yes,Pothole/Bad Road,Low,0.0
ACC33673,18-08-2022,02:31,Telangana,Hyderabad,18.4901,79.238,City Road,Rainy,Night,35,Male,Car,76,Yes,No,No,Poor Weather Visibility,Medium,2.0
ACC33674,21-06-2024,23:16,Tamil Nadu,Madurai,10.9837,78.5177,State Highway,Rainy,Night,18,Male,Bike,54,Yes,No,No,Poor Weather Visibility,Medium,3.0
ACC33675,25-01-2023,03:10,Telangana,Khammam,17.9525,78.7884,City Road,Rainy,Night,41,Female,Car,58,Yes,No,No,Poor Weather Visibility,High,6.0
ACC33676,15-11-2022,10:53,Karnataka,Mysuru,16.0271,75.5838,City Road,Clear,Day,42,Female,Car,68,No,Yes,No,Drowsy Driving,Medium,0.0
ACC33677,30-01-2023,02:37,Tamil Nadu,Salem,10.8672,79.1773,National Highway,Clear,Night,19,Male,Car,75,No,No,No,Over Speeding,Medium,3.0
ACC33678,08-10-2023,10:46,Tamil Nadu,Madurai,11.4089,78.4856,National Highway,Clear,Day,56,Male,Bus,59,No,No,No,Signal Jumping,Low,1.0
ACC33679,09-11-2024,12:03,Telangana,Hyderabad,17.7532,79.0043,National Highway,Overcast,Day,53,Male,Auto,55,No,No,No,Signal Jumping,Medium,1.0
ACC33680,09-04-2023,14:05,Tamil Nadu,Madurai,10.6831,78.5932,City Road,Clear,Day,41,Male,Auto,66,Yes,No,No,Drunk Driving,Medium,4.0
ACC33681,27-08-2023,17:14,Karnataka,Mysuru,15.3866,75.6713,Village Road,Cloudy,Dusk,44,Female,Truck,60,No,No,Yes,Pothole/Bad Road,High,5.0
ACC33682,27-03-2024,10:13,Telangana,Warangal,17.9284,79.3172,Expressway,Clear,Day,56,Male,Auto,83,Yes,No,No,Drunk Driving,High,3.0
ACC33683,25-11-2023,15:34,Kerala,Thrissur,10.6908,77.1456,City Road,Rainy,Day,18,Male,Car,40,No,No,Yes,Poor Weather Visibility,Low,1.0
ACC33684,11-10-2023,07:11,Telangana,Warangal,18.2913,79.2257,City Road,Rainy,Day,29,Female,Auto,55,No,No,Yes,Poor Weather Visibility,Medium,3.0
ACC33685,13-02-2022,21:32,Tamil Nadu,Chennai,10.849,78.451,State Highway,Cloudy,Night,33,Female,Auto,40,No,No,Yes,Pothole/Bad Road,Low,0.0
ACC33686,10-05-2022,13:36,Puducherry,Karaikal,12.0662,79.8487,City Road,Clear,Day,48,Male,Car,61,No,No,No,Signal Jumping,Low,1.0
ACC33687,16-02-2024,15:35,Kerala,Thiruvananthapuram,10.152,76.6117,National Highway,Foggy,Day,56,Male,Car,60,No,No,No,Poor Weather Visibility,Medium,
ACC33688,13-07-2023,16:33,Karnataka,Belagavi,15.4569,75.0509,City Road,Rainy,Day,37,Male,Bike,44,No,No,Yes,Poor Weather Visibility,Low,1.0
ACC33689,08-11-2023,14:39,Tamil Nadu,Tiruchirappalli,11.4407,78.791,City Road,Overcast,Day,42,Male,Bike,60,No,No,No,Poor Weather Visibility,Medium,4.0
ACC33690,20-01-2023,23:43,Karnataka,Hubballi,15.2652,76.2897,State Highway,Clear,Night,60,Male,Bike,79,Yes,No,No,Drunk Driving,High,9.0
ACC33691,10-06-2022,09:54,Telangana,Khammam,17.1009,78.7909,Village Road,Clear,Day,52,Male,Bus,38,No,No,Yes,Pothole/Bad Road,Low,1.0
ACC33692,20-04-2023,11:23,Tamil Nadu,Madurai,11.119,79.4736,City Road,Overcast,Day,37,Male,Auto,39,No,No,Yes,Pothole/Bad Road,Low,4.0
ACC33693,19-08-2022,11:33,Karnataka,Belagavi,15.8033,76.0181,Village Road,Overcast,Day,18,Male,Car,51,No,No,Yes,Pothole/Bad Road,Medium,2.0
ACC33694,20-11-2024,18:39,Tamil Nadu,Chennai,10.9009,78.5407,State Highway,Overcast,Dusk,39,Male,Bike,57,No,No,No,Poor Weather Visibility,Medium,2.0
ACC33695,15-02-2022,18:29,Tamil Nadu,Coimbatore,11.0909,78.4723,City Road,Rainy,Dusk,39,Male,Car,62,Yes,Yes,No,Poor Weather Visibility,Medium,4.0
ACC33696,15-02-2024,14:02,Karnataka,Belagavi,15.6298,76.0823,City Road,Overcast,Day,49,Male,Bike,33,No,No,No,Poor Weather Visibility,Low,0.0
ACC33697,06-06-2024,15:55,Kerala,Thiruvananthapuram,10.0789,76.3462,City Road,Cloudy,Day,28,Male,Bike,73,Yes,No,No,Drunk Driving,High,4.0
ACC33698,08-06-2022,19:15,Andhra Pradesh,Nellore,16.3103,79.0954,City Road,Clear,Night,29,Male,Bike,66,Yes,No,No,Drunk Driving,Medium,5.0
ACC33699,12-02-2024,22:15,Tamil Nadu,Madurai,11.1439,78.4379,National Highway,Clear,Night,31,Male,Auto,64,No,Yes,No,Drowsy Driving,Medium,2.0
ACC33700,09-01-2024,17:30,Tamil Nadu,Coimbatore,10.6916,78.4576,Village Road,Overcast,Dusk,46,Male,Car,52,No,No,No,Poor Weather Visibility,Low,3.0
ACC33701,13-06-2023,11:16,Puducherry,Puducherry,12.2176,79.4914,Expressway,Clear,Day,19,Male,Car,102,Yes,No,No,Over Speeding,High,5.0