Accident_ID,Date,Time,State,District,Latitude,Longitude,Road_Type,Weather,Light_Condition,Driver_Age,Driver_Gender,Vehicle_Type,Speed_kmph,Alcohol_Involved,Driver_Drowsy,Pothole_Involved,Cause_of_Accident,Severity,Casualties
ACC33702,23-09-2024,18:39,Puducherry,Karaikal,11.5881,79.7182,Village Road,Cloudy,Dusk,47,Male,Truck,30,No,No,Yes,Pothole/Bad Road,Low,1.0
ACC33703,17-03-2022,19:32,Andhra Pradesh,Vijayawada,16.6166,79.266,City Road,Overcast,Night,28,Male,Car,42,Yes,No,No,Drunk Driving,Low,2.0
ACC33704,01-01-2022,11:41,Telangana,Hyderabad,17.9413,79.1912,National Highway,Clear,Day,22,Male,Truck,73,Yes,No,No,Drunk Driving,Medium,2.0
ACC33705,06-03-2022,15:48,Tamil Nadu,Coimbatore,11.1603,78.3548,Expressway,Foggy,Day,56,Male,Auto,81,No,No,No,Poor Weather Visibility,High,6.0
ACC33706,01-12-2024,23:18,Andhra Pradesh,Visakhapatnam,16.3136,80.3157,Village Road,Rainy,Night,46,Male,Bike,45,No,No,No,Poor Weather Visibility,Low,0.0
ACC33707,13-05-2022,08:53,Andhra Pradesh,Kurnool,16.2474,79.8455,Village Road,Rainy,Day,45,Male,Auto,62,No,Yes,No,Poor Weather Visibility,High,1.0
ACC33708,30-07-2022,18:10,Karnataka,Belagavi,15.2525,75.4644,City Road,Overcast,Dusk,46,Male,Truck,49,No,No,No,Poor Weather Visibility,Low,0.0
ACC33709,06-03-2024,22:51,Karnataka,Hubballi,15.182,75.7315,Village Road,Clear,Night,18,Male,Bike,53,Yes,No,No,Drunk Driving,Medium,5.0
ACC33710,21-08-2022,14:49,Tamil Nadu,Coimbatore,11.4171,78.7177,National Highway,Cloudy,Day,29,Male,Bike,91,No,No,No,Over Speeding,High,5.0
ACC33711,26-10-2022,16:41,Telangana,Khammam,17.5031,78.625,City Road,Cloudy,Day,51,Male,Bike,57,No,No,No,Poor Weather Visibility,Low,1.0
ACC33712,17-08-2022,13:37,Karnataka,Bengaluru Urban,15.245,75.711,National Highway,Clear,Day,35,Male,Bike,66,No,No,No,Over Speeding,Low,2.0
ACC33713,25-05-2024,20:11,Kerala,Thrissur,10.4291,76.503,Village Road,Cloudy,Night,23,Female,Car,48,No,No,Yes,Pothole/Bad Road,Low,0.0
ACC33714,25-07-2024,14:46,Kerala,Kozhikode,9.789,75.8558,City Road,Cloudy,Day,46,Male,Car,55,No,No,No,Poor Weather Visibility,Low,0.0
ACC33715,24-02-2023,20:24,Tamil Nadu,Madurai,10.8661,78.4413,Village Road,Clear,Night,57,Female,Bike,46,No,No,No,Signal Jumping,Low,0.0
ACC33716,17-05-2022,16:25,Karnataka,Mysuru,15.1464,76.419,National Highway,Cloudy,Day,48,Male,Bike,72,No,Yes,Yes,Drowsy Driving,High,6.0
ACC33717,14-11-2022,15:27,Kerala,Thiruvananthapuram,10.6277,76.1158,State Highway,Clear,Day,18,Male,Auto,75,No,No,No,Over Speeding,Medium,4.0
ACC33718,21-03-2024,18:23,Tamil Nadu,Tiruchirappalli,10.9074,78.8435,National Highway,Clear,Dusk,35,Female,Bike,69,No,No,No,Signal Jumping,Medium,1.0
ACC33719,28-03-2024,01:47,Telangana,Karimnagar,17.5297,79.1026,Expressway,Cloudy,Night,58,Male,Auto,75,No,No,No,Over Speeding,High,2.0
ACC33720,14-01-2023,21:52,Tamil Nadu,Chennai,10.8682,79.0368,Village Road,Rainy,Night,24,Male,Bike,38,No,No,Yes,Poor Weather Visibility,Low,1.0
ACC33721,28-11-2022,16:04,Andhra Pradesh,Guntur,16.3109,80.4239,Village Road,Rainy,Day,34,Female,Bike,58,Yes,Yes,No,Poor Weather Visibility,Medium,1.0
ACC33722,02-05-2023,09:39,Karnataka,Bengaluru Urban,15.118,75.433,City Road,Cloudy,Day,41,Male,Car,40,No,No,No,Poor Weather Visibility,Low,0.0
ACC33723,17-10-2024,00:28,Kerala,Kollam,10.0847,76.7399,City Road,Rainy,Night,42,Male,Car,59,No,No,No,Poor Weather Visibility,Medium,2.0
ACC33724,21-08-2022,11:20,Telangana,Nizamabad,18.1497,79.0696,State Highway,Clear,Day,48,Male,Bus,68,No,Yes,No,Drowsy Driving,Medium,
ACC33725,30-03-2023,08:01,Puducherry,Puducherry,11.9821,80.1524,City Road,Clear,Day,45,Female,Bike,51,No,No,No,Poor Weather Visibility,Low,1.0
ACC33726,14-06-2024,10:44,Telangana,Nizamabad,17.9483,78.7573,City Road,Clear,Day,18,Male,Truck,71,No,Yes,No,Drowsy Driving,Medium,6.0
ACC33727,17-10-2023,17:11,Karnataka,Mysuru,15.1166,75.3919,Village Road,Foggy,Dusk,35,Male,Car,41,No,No,No,Poor Weather Visibility,Low,2.0
ACC33728,01-02-2023,18:10,Andhra Pradesh,Kurnool,15.4728,79.4187,Village Road,Rainy,Dusk,29,Male,Car,32,No,No,No,Poor Weather Visibility,Low,0.0
ACC33729,27-12-2023,17:27,Andhra Pradesh,Kurnool,15.3424,79.9038,State Highway,Clear,Dusk,54,Male,Bus,66,Yes,No,No,Drunk Driving,Low,2.0
ACC33730,22-11-2022,15:49,Tamil Nadu,Chennai,10.4841,78.172,National Highway,Rainy,Day,36,Male,Auto,68,No,No,No,Poor Weather Visibility,Medium,4.0
ACC33731,30-08-2023,22:00,Andhra Pradesh,Kurnool,15.8975,79.6948,State Highway,Clear,Night,36,Male,Car,68,No,Yes,No,Drowsy Driving,Medium,0.0
ACC33732,25-08-2024,18:52,Andhra Pradesh,Kurnool,15.8124,79.1104,City Road,Cloudy,Dusk,18,Male,Car,46,No,No,No,Poor Weather Visibility,Low,
ACC33733,17-12-2023,09:14,Karnataka,Bengaluru Urban,16.1331,76.5778,City Road,Clear,Day,29,Male,Truck,55,No,No,No,Signal Jumping,Low,0.0
ACC33734,26-10-2022,13:45,Karnataka,Bengaluru Urban,15.2165,76.3624,Village Road,Cloudy,Day,54,Male,Truck,38,No,No,Yes,Pothole/Bad Road,Low,0.0
ACC33735,03-11-2023,07:41,Karnataka,Bengaluru Urban,15.0911,75.1967,Village Road,Cloudy,Day,26,Male,Bike,73,No,No,Yes,Pothole/Bad Road,Medium,0.0
ACC33736,28-04-2024,17:27,Kerala,Thiruvananthapuram,10.6071,75.5644,Expressway,Rainy,Dusk,35,Female,Auto,62,No,No,No,Poor Weather Visibility,High,5.0
ACC33737,01-09-2024,19:53,Telangana,Nizamabad,18.3717,78.5999,City Road,Overcast,Night,51,Male,Bike,52,No,No,No,Poor Weather Visibility,Low,0.0
ACC33738,03-02-2024,15:10,Karnataka,Belagavi,15.7622,75.4143,Village Road,Cloudy,Day,25,Male,Bike,37,No,No,Yes,Pothole/Bad Road,Low,1.0
ACC33739,21-07-2024,11:28,Telangana,Khammam,17.9249,79.1835,State Highway,Cloudy,Day,31,Male,Auto,52,No,No,No,Poor Weather Visibility,Low,0.0
ACC33740,21-05-2024,20:26,Kerala,Thrissur,10.8651,76.24,City Road,Clear,Night,31,Male,Auto,36,No,No,Yes,Pothole/Bad Road,Low,2.0
ACC33741,31-01-2023,18:22,Kerala,Thiruvananthapuram,10.1727,76.2883,Village Road,Clear,Dusk,28,Male,Bus,49,No,No,No,Signal Jumping,Low,2.0
ACC33742,12-03-2022,19:24,Karnataka,Bengaluru Urban,15.0654,75.4225,State Highway,Clear,Night,32,Male,Auto,76,Yes,Yes,Yes,Drunk Driving,High,7.0
ACC33743,17-09-2024,20:31,Tamil Nadu,Tiruchirappalli,11.8048,77.8741,City Road,Clear,Night,30,Male,Bike,39,No,No,Yes,Pothole/Bad Road,Low,1.0
ACC33744,10-08-2024,20:41,Puducherry,Puducherry,11.4298,80.1128,Expressway,Cloudy,Night,39,Male,Auto,97,Yes,Yes,No,Over Speeding,High,7.0
ACC33745,20-01-2023,22:23,Tamil Nadu,Madurai,11.4607,78.6254,City Road,Clear,Night,19,Female,Car,76,Yes,Yes,Yes,Drunk Driving,High,
ACC33746,12-07-2023,15:57,Karnataka,Mysuru,15.2023,75.767,National Highway,Rainy,Day,44,Male,Car,51,No,No,No,Poor Weather Visibility,Low,1.0
ACC33747,06-03-2022,23:18,Tamil Nadu,Tiruchirappalli,11.4117,78.055,State Highway,Clear,Night,32,Female,Auto,59,No,No,Yes,Pothole/Bad Road,Medium,2.0
ACC33748,04-11-2024,17:04,Telangana,Hyderabad,18.0326,79.4023,Expressway,Cloudy,Dusk,47,Female,Car,86,No,No,No,Over Speeding,High,6.0
ACC33749,28-02-2022,08:04,Karnataka,Hubballi,15.0059,74.7544,State Highway,Rainy,Day,42,Male,Bike,46,No,No,Yes,Poor Weather Visibility,Medium,3.0
ACC33750,01-02-2023,07:14,Kerala,Thrissur,10.3861,76.005,State Highway,Clear,Day,35,Male,Bike,47,No,No,No,Signal Jumping,Low,0.0
ACC33751,12-12-2022,07:29,Telangana,Karimnagar,17.7528,78.7993,Village Road,Cloudy,Day,19,Male,Bike,18,No,No,No,Poor Weather Visibility,Low,0.0
ACC33752,05-08-2022,15:52,Karnataka,Bengaluru Urban,15.5869,75.8316,City Road,Clear,Day,46,Male,Bike,41,No,No,No,Signal Jumping,Low,1.0
ACC33753,01-10-2023,17:21,Andhra Pradesh,Vijayawada,15.5004,79.3083,National Highway,Rainy,Dusk,49,Male,Bike,61,No,No,Yes,Poor Weather Visibility,High,4.0
ACC33754,25-02-2022,19:59,Tamil Nadu,Tiruchirappalli,10.4858,78.0571,State Highway,Clear,Night,51,Female,Car,64,Yes,No,No,Drunk Driving,Medium,2.0
ACC33755,04-06-2023,06:43,Andhra Pradesh,Kurnool,15.755,79.6201,Expressway,Clear,Day,69,Male,Car,85,No,Yes,No,Over Speeding,Medium,2.0
ACC33756,12-06-2024,00:58,Puducherry,Puducherry,12.1674,80.0494,City Road,Cloudy,Night,32,Male,Auto,54,Yes,No,No,Drunk Driving,Medium,3.0
ACC33757,26-02-2023,13:02,Telangana,Warangal,17.8784,78.593,National Highway,Clear,Day,29,Male,Bike,74,No,No,No,Over Speeding,Low,2.0
ACC33758,06-03-2024,00:32,Kerala,Kollam,10.1548,75.8071,Village Road,Cloudy,Night,33,Male,Car,26,No,Yes,No,Signal Jumping,Low,3.0
ACC33759,02-03-2024,14:42,Telangana,Khammam,18.3684,78.5691,State Highway,Overcast,Day,49,Male,Truck,54,No,No,No,Poor Weather Visibility,Low,1.0
ACC33760,03-04-2024,05:06,Kerala,Kozhikode,9.9203,76.0883,City Road,Clear,Dawn,41,Male,Bike,53,No,No,Yes,Pothole/Bad Road,Low,1.0
ACC33761,15-01-2023,06:14,Karnataka,Belagavi,14.4794,75.6741,National Highway,Cloudy,Day,46,Male,Car,62,No,No,No,Poor Weather Visibility,Low,1.0
ACC33762,08-12-2024,06:31,Tamil Nadu,Chennai,11.4093,79.1172,Village Road,Clear,Day,44,Male,Auto,39,No,No,No,Signal Jumping,Low,0.0
ACC33763,15-10-2024,12:04,Andhra Pradesh,Kurnool,16.0868,79.8038,National Highway,Clear,Day,75,Male,Bike,84,No,No,No,Over Speeding,Medium,6.0
ACC33764,24-09-2023,11:45,Karnataka,Belagavi,15.7387,76.2349,City Road,Clear,Day,30,Male,Auto,43,No,No,Yes,Pothole/Bad Road,Medium,1.0
ACC33765,11-11-2022,11:42,Tamil Nadu,Tiruchirappalli,11.5473,78.5768,State Highway,Clear,Day,57,Female,Car,51,No,Yes,No,Drowsy Driving,Low,2.0
ACC33766,25-02-2024,19:53,Tamil Nadu,Tiruchirappalli,11.4582,78.6525,City Road,Clear,Night,41,Male,Bike,44,No,No,No,Poor Weather Visibility,Low,2.0
ACC33767,02-01-2024,10:00,Tamil Nadu,Coimbatore,11.105,78.6303,City Road,Clear,Day,65,Female,Car,46,No,Yes,Yes,Drowsy Driving,Low,2.0
ACC33768,29-01-2024,05:58,Andhra Pradesh,Visakhapatnam,15.4377,79.9501,City Road,Cloudy,Dawn,40,Male,Car,46,No,No,No,Poor Weather Visibility,Low,1.0
ACC33769,07-05-2024,19:40,Kerala,Kollam,10.3246,76.4802,Village Road,Rainy,Night,48,Male,Auto,46,No,Yes,No,Poor Weather Visibility,Medium,1.0
ACC33770,17-03-2024,05:08,Telangana,Khammam,18.1795,78.8876,State Highway,Overcast,Dawn,23,Male,Truck,51,No,Yes,No,Drowsy Driving,Medium,4.0
ACC33771,02-07-2022,15:47,Telangana,Karimnagar,17.674,78.2678,National Highway,Rainy,Day,28,Male,Bus,79,Yes,No,No,Poor Weather Visibility,High,5.0
ACC33772,12-05-2023,12:43,Karnataka,Bengaluru Urban,15.8429,75.989,City Road,Clear,Day,18,Female,Bus,30,No,No,Yes,Pothole/Bad Road,Low,1.0
ACC33773,14-08-2022,17:44,Telangana,Nizamabad,17.6844,78.9126,Expressway,Cloudy,Dusk,27,Male,Bike,87,No,Yes,No,Over Speeding,High,7.0
ACC33774,19-02-2024,21:40,Kerala,Kollam,10.2249,75.9914,Expressway,Cloudy,Night,55,Male,Car,94,No,No,No,Over Speeding,High,4.0
ACC33775,12-01-2024,12:37,Karnataka,Belagavi,15.0573,75.9315,National Highway,Clear,Day,23,Male,Bike,69,No,No,No,Over Speeding,Low,2.0
ACC33776,12-07-2022,12:18,Kerala,Kollam,10.5319,75.7791,City Road,Cloudy,Day,35,Male,Auto,35,No,No,Yes,Pothole/Bad Road,Low,3.0
ACC33777,05-09-2023,16:48,Puducherry,Puducherry,12.2329,79.2354,Expressway,Rainy,Day,24,Male,Truck,67,No,No,Yes,Poor Weather Visibility,High,4.0
ACC33778,24-06-2023,06:30,Telangana,Nizamabad,17.4915,79.0604,State Highway,Cloudy,Day,18,Male,Bike,47,No,No,No,Poor Weather Visibility,Low,1.0
ACC33779,01-05-2022,03:23,Andhra Pradesh,Guntur,15.3385,79.9509,City Road,Clear,Night,18,Male,Bike,59,No,Yes,No,Drowsy Driving,Medium,6.0
ACC33780,05-09-2022,15:42,Telangana,Khammam,17.8331,78.8108,National Highway,Clear,Day,34,Male,Car,76,No,No,No,Over Speeding,Medium,3.0
ACC33781,01-02-2023,07:00,Kerala,Kollam,10.7147,76.5581,City Road,Rainy,Day,60,Female,Car,54,No,No,No,Poor Weather Visibility,Low,1.0
ACC33782,03-02-2023,06:56,Telangana,Karimnagar,17.158,79.4049,City Road,Clear,Day,23,Male,Truck,29,No,No,No,Poor Weather Visibility,Low,1.0
ACC33783,18-06-2023,08:12,Tamil Nadu,Chennai,11.3489,79.0893,National Highway,Rainy,Day,40,Male,Bike,59,No,No,No,Poor Weather Visibility,Low,2.0
ACC33784,17-10-2023,11:08,Tamil Nadu,Coimbatore,10.3948,78.3996,City Road,Cloudy,Day,30,Male,Bus,42,No,No,No,Poor Weather Visibility,Low,0.0
ACC33785,19-06-2023,18:19,Tamil Nadu,Salem,10.5184,78.7672,City Road,Clear,Dusk,36,Male,Car,55,No,Yes,No,Drowsy Driving,Medium,1.0
ACC33786,17-08-2023,12:11,Telangana,Hyderabad,17.7476,78.7052,City Road,Clear,Day,48,Male,Bike,37,No,No,No,Signal Jumping,Low,2.0
ACC33787,26-07-2024,16:10,Kerala,Ernakulam,9.5256,76.0404,Expressway,Clear,Day,26,Male,Auto,67,No,No,No,Signal Jumping,Medium,3.0
ACC33788,13-08-2023,22:58,Puducherry,Puducherry,11.9866,79.7868,Village Road,Rainy,Night,32,Male,Car,30,No,No,Yes,Poor Weather Visibility,Medium,3.0
ACC33789,24-11-2024,00:54,Tamil Nadu,Salem,11.9051,78.5904,City Road,Clear,Night,42,Male,Car,59,No,No,No,Signal Jumping,Medium,5.0
ACC33790,13-06-2023,13:12,Tamil Nadu,Madurai,11.9374,78.9199,City Road,Clear,Day,45,Male,Truck,75,Yes,No,No,Drunk Driving,Medium,2.0
ACC33791,28-07-2024,11:31,Tamil Nadu,Madurai,11.0523,77.9087,City Road,Rainy,Day,29,Female,Bike,37,No,No,Yes,Poor Weather Visibility,Low,1.0
ACC33792,19-03-2023,16:01,Tamil Nadu,Salem,11.6436,77.8915,Village Road,Clear,Day,33,Male,Bike,35,No,No,No,Poor Weather Visibility,Low,0.0
ACC33793,23-12-2024,07:30,Telangana,Karimnagar,17.5208,78.8833,Village Road,Clear,Day,18,Male,Auto,44,No,No,No,Signal Jumping,Low,1.0
ACC33794,07-06-2022,07:19,Karnataka,Mangaluru,15.6245,75.2829,Village Road,Clear,Day,18,Male,Auto,50,No,Yes,No,Drowsy Driving,Medium,2.0
ACC33795,19-07-2024,19:38,Karnataka,Mysuru,15.7395,76.1332,City Road,Clear,Night,33,Male,Bike,63,Yes,No,No,Drunk Driving,Medium,2.0
ACC33796,07-01-2023,14:02,Puducherry,Puducherry,11.7498,79.9565,City Road,Clear,Day,25,Male,Truck,61,Yes,Yes,No,Drunk Driving,Medium,5.0
ACC33797,08-10-2023,11:01,Telangana,Khammam,18.237,79.2129,City Road,Clear,Day,47,Male,Bike,41,No,Yes,No,Drowsy Driving,Low,1.0
ACC33798,03-07-2024,13:43,Kerala,Thiruvananthapuram,10.5366,76.0476,Expressway,Cloudy,Day,50,Female,Bus,75,No,No,No,Over Speeding,Medium,4.0
ACC33799,08-12-2022,17:50,Karnataka,Bengaluru Urban,15.3129,75.9819,Expressway,Cloudy,Dusk,63,Male,Auto,60,No,No,No,Poor Weather Visibility,Medium,3.0
ACC33800,06-05-2024,21:07,Telangana,Hyderabad,17.5561,78.9201,City Road,Clear,Night,32,Male,Bike,48,No,No,No,Signal Jumping,Low,2.0
ACC33801,09-09-2024,20:12,Karnataka,Bengaluru Urban,15.4854,75.7775,City Road,Clear,Night,21,Male,Car,41,No,No,No,Signal Jumping,Low,0.0
ACC33802,03-03-2024,07:56,Karnataka,Belagavi,15.2102,75.7405,Village Road,Rainy,Day,31,Male,Bike,33,No,No,No,Poor Weather Visibility,Low,1.0
ACC33803,30-12-2024,17:15,Tamil Nadu,Madurai,11.2426,78.2683,National Highway,Rainy,Dusk,40,Male,Car,52,No,No,No,Poor Weather Visibility,Low,2.0
ACC33804,16-09-2023,02:37,Karnataka,Belagavi,14.8652,76.0532,National Highway,Cloudy,Night,39,Female,Car,48,No,No,No,Poor Weather Visibility,Low,1.0
ACC33805,27-04-2022,12:08,Tamil Nadu,Chennai,11.6753,78.4781,Village Road,Clear,Day,37,Male,Car,44,No,No,No,Signal Jumping,Low,2.0
ACC33806,14-02-2022,22:18,Tamil Nadu,Coimbatore,10.6711,79.0479,State Highway,Cloudy,Night,18,Male,Bike,61,No,No,No,Poor Weather Visibility,Medium,2.0
ACC33807,08-07-2024,22:59,Tamil Nadu,Madurai,11.2642,78.5262,National Highway,Clear,Night,26,Male,Car,101,Yes,No,Yes,Over Speeding,High,2.0
ACC33808,18-03-2024,18:30,Karnataka,Hubballi,15.3645,75.3498,State Highway,Cloudy,Dusk,27,Male,Bike,63,No,No,No,Poor Weather Visibility,Medium,1.0
ACC33809,03-03-2024,19:43,Karnataka,Mysuru,15.6012,76.1485,State Highway,Cloudy,Night,46,Male,Car,74,Yes,No,No,Drunk Driving,High,5.0
ACC33810,26-10-2023,20:56,Kerala,Kollam,9.965,75.9685,City Road,Cloudy,Night,23,Male,Car,50,No,Yes,No,Drowsy Driving,Medium,2.0
ACC33811,15-05-2023,07:48,Andhra Pradesh,Guntur,15.6615,79.3225,National Highway,Cloudy,Day,25,Female,Car,71,No,No,No,Poor Weather Visibility,Low,1.0
ACC33812,15-05-2022,19:09,Andhra Pradesh,Kurnool,15.9958,79.18,City Road,Clear,Night,37,Male,Bike,43,Yes,No,No,Drunk Driving,Low,1.0
ACC33813,11-10-2023,18:49,Puducherry,Karaikal,11.454,79.6413,National Highway,Rainy,Dusk,29,Female,Bike,77,No,No,No,Poor Weather Visibility,High,3.0
ACC33814,06-01-2023,10:07,Andhra Pradesh,Kurnool,16.3109,79.0668,Expressway,Cloudy,Day,32,Female,Bike,75,No,No,No,Over Speeding,Medium,3.0
ACC33815,14-06-2023,11:27,Tamil Nadu,Coimbatore,10.3333,78.0739,City Road,Rainy,Day,31,Male,Car,40,No,No,No,Poor Weather Visibility,Low,1.0
ACC33816,18-01-2023,22:39,Karnataka,Bengaluru Urban,15.6276,75.6104,National Highway,Overcast,Night,24,Female,Bike,66,No,Yes,No,Drowsy Driving,High,3.0
ACC33817,05-09-2022,21:38,Telangana,Nizamabad,17.9391,78.087,City Road,Foggy,Night,35,Female,Bike,43,Yes,No,No,Poor Weather Visibility,High,1.0
ACC33818,25-05-2022,15:33,Kerala,Kollam,10.0043,76.1828,National Highway,Clear,Day,31,Male,Truck,82,No,Yes,No,Over Speeding,High,4.0
ACC33819,27-11-2024,11:44,Telangana,Warangal,17.8323,78.734,State Highway,Clear,Day,49,Male,Bike,54,No,No,No,Signal Jumping,Low,2.0
ACC33820,30-04-2022,13:02,Kerala,Kollam,10.6775,75.8444,City Road,Clear,Day,26,Female,Truck,46,No,No,No,Poor Weather Visibility,Low,3.0
ACC33821,24-06-2024,07:15,Tamil Nadu,Tiruchirappalli,10.7638,78.6203,City Road,Cloudy,Day,30,Male,Car,55,No,Yes,No,Drowsy Driving,Low,1.0
ACC33822,03-06-2022,19:27,Tamil Nadu,Tiruchirappalli,11.6577,78.1666,Village Road,Clear,Night,49,Male,Car,38,No,No,Yes,Pothole/Bad Road,Low,0.0
ACC33823,02-11-2022,15:02,Tamil Nadu,Tiruchirappalli,11.9185,78.2832,City Road,Rainy,Day,34,Female,Bike,37,No,No,Yes,Poor Weather Visibility,Low,0.0
ACC33824,26-05-2023,18:44,Kerala,Thiruvananthapuram,10.1907,75.7589,City Road,Overcast,Dusk,48,Female,Auto,38,No,No,No,Poor Weather Visibility,Low,1.0
ACC33825,06-05-2022,19:31,Tamil Nadu,Madurai,10.6962,78.4059,Village Road,Cloudy,Night,25,Male,Auto,32,Yes,No,Yes,Drunk Driving,Medium,6.0
ACC33826,07-12-2023,14:14,Tamil Nadu,Salem,10.9883,78.8377,City Road,Clear,Day,52,Male,Bike,44,No,No,No,Signal Jumping,Low,3.0
ACC33827,02-03-2023,17:51,Andhra Pradesh,Kurnool,15.4763,79.6544,Expressway,Clear,Dusk,54,Male,Auto,72,No,No,No,Over Speeding,Medium,2.0
ACC33828,25-02-2024,13:21,Andhra Pradesh,Kurnool,15.7646,80.0901,Expressway,Foggy,Day,36,Male,Car,113,No,No,No,Over Speeding,High,6.0
ACC33829,04-01-2023,10:52,Telangana,Warangal,18.4894,79.1825,National Highway,Overcast,Day,52,Male,Auto,51,No,No,No,Poor Weather Visibility,Low,3.0
ACC33830,19-11-2022,08:53,Tamil Nadu,Madurai,11.6742,78.5175,Expressway,Clear,Day,35,Male,Car,88,No,No,Yes,Over Speeding,High,7.0
ACC33831,19-01-2022,12:47,Telangana,Khammam,18.2645,78.9971,State Highway,Rainy,Day,23,Female,Auto,44,No,Yes,No,Poor Weather Visibility,Medium,5.0
ACC33832,19-06-2024,22:45,Tamil Nadu,Madurai,11.2646,78.2037,National Highway,Cloudy,Night,43,Male,Bike,73,No,No,No,Signal Jumping,Medium,2.0
ACC33833,10-05-2022,06:29,Kerala,Kozhikode,10.01,76.0285,Village Road,Clear,Day,18,Male,Bus,54,No,Yes,No,Drowsy Driving,Medium,2.0
ACC33834,20-07-2022,19:38,Kerala,Kozhikode,10.489,76.429,Village Road,Clear,Night,53,Female,Car,24,No,No,Yes,Pothole/Bad Road,Low,0.0
ACC33835,11-05-2022,14:26,Tamil Nadu,Salem,10.74,78.7675,Village Road,Clear,Day,45,Male,Auto,28,No,No,No,Signal Jumping,Low,2.0
ACC33836,10-02-2024,20:10,Telangana,Hyderabad,18.0652,78.9651,State Highway,Rainy,Night,18,Male,Auto,83,No,Yes,No,Poor Weather Visibility,High,4.0
ACC33837,12-07-2023,20:17,Telangana,Nizamabad,18.1277,79.3731,Village Road,Overcast,Night,48,Male,Bike,53,No,No,No,Poor Weather Visibility,Medium,4.0
ACC33838,24-02-2022,18:58,Telangana,Khammam,17.3771,79.224,National Highway,Clear,Dusk,43,Male,Truck,77,No,No,No,Over Speeding,Medium,0.0
ACC33839,06-12-2024,20:24,Kerala,Kozhikode,9.5748,76.5209,National Highway,Clear,Night,21,Male,Bike,64,No,No,No,Signal Jumping,Medium,0.0
ACC33840,12-01-2022,19:34,Tamil Nadu,Tiruchirappalli,11.6538,78.0137,State Highway,Clear,Night,18,Female,Bus,78,Yes,No,No,Drunk Driving,High,4.0
ACC33841,24-05-2023,00:28,Telangana,Karimnagar,18.0978,79.3972,City Road,Cloudy,Night,25,Male,Bike,42,No,No,No,Poor Weather Visibility,Low,0.0
ACC33842,06-10-2022,15:54,Kerala,Kozhikode,10.2047,76.3754,State Highway,Cloudy,Day,18,Female,Bike,68,No,No,Yes,Pothole/Bad Road,Medium,0.0
ACC33843,23-10-2022,00:44,Karnataka,Belagavi,15.4246,75.2003,City Road,Rainy,Night,23,Female,Car,43,No,No,No,Poor Weather Visibility,Low,0.0
ACC33844,05-10-2024,21:50,Tamil Nadu,Salem,11.4355,78.1372,State Highway,Clear,Night,35,Male,Car,78,Yes,Yes,No,Drunk Driving,Medium,2.0
ACC33845,29-12-2023,19:10,Karnataka,Mangaluru,15.8271,76.1169,State Highway,Cloudy,Night,26,Male,Car,82,No,No,No,Over Speeding,Medium,4.0
ACC33846,26-07-2023,13:20,Kerala,Thiruvananthapuram,10.5262,76.5122,State Highway,Clear,Day,47,Male,Car,52,No,No,No,Poor Weather Visibility,Low,3.0
ACC33847,07-08-2024,18:55,Karnataka,Hubballi,15.2917,75.7184,Village Road,Clear,Dusk,56,Male,Car,32,No,No,No,Signal Jumping,Low,1.0
ACC33848,26-02-2024,17:51,Kerala,Kollam,9.5297,76.4532,National Highway,Clear,Dusk,69,Male,Auto,69,No,No,No,Over Speeding,Medium,2.0
ACC33849,27-08-2022,08:52,Telangana,Nizamabad,18.118,78.4212,Expressway,Foggy,Day,18,Male,Car,91,No,No,No,Poor Weather Visibility,High,6.0
ACC33850,13-09-2023,19:28,Karnataka,Bengaluru Urban,15.6037,75.733,National Highway,Clear,Night,48,Female,Bike,93,Yes,Yes,No,Over Speeding,High,5.0
ACC33851,22-04-2023,20:41,Kerala,Kozhikode,9.738,76.787,State Highway,Overcast,Night,35,Male,Truck,67,No,No,No,Poor Weather Visibility,Low,1.0
ACC33852,20-12-2024,09:37,Tamil Nadu,Madurai,11.4855,77.8922,City Road,Clear,Day,38,Male,Bike,52,Yes,Yes,No,Drunk Driving,Medium,2.0
ACC33853,17-02-2023,22:31,Tamil Nadu,Tiruchirappalli,10.7309,78.9001,National Highway,Clear,Night,36,Male,Car,65,No,Yes,Yes,Drowsy Driving,High,4.0
ACC33854,07-09-2023,23:46,Telangana,Warangal,17.6346,78.8007,City Road,Cloudy,Night,43,Female,Car,77,Yes,No,Yes,Drunk Driving,High,9.0
ACC33855,27-05-2024,20:38,Karnataka,Mangaluru,15.3222,75.5749,Expressway,Cloudy,Night,74,Male,Bike,63,No,No,No,Poor Weather Visibility,Medium,1.0
ACC33856,08-12-2023,22:00,Tamil Nadu,Coimbatore,10.7338,78.483,State Highway,Cloudy,Night,38,Male,Truck,60,Yes,No,No,Drunk Driving,Medium,5.0
ACC33857,09-07-2022,06:27,Kerala,Kozhikode,10.2837,75.7327,National Highway,Clear,Day,44,Male,Bike,64,No,No,No,Signal Jumping,Low,0.0
ACC33858,12-05-2024,12:37,Telangana,Warangal,17.9521,79.1568,City Road,Clear,Day,39,Male,Bike,45,No,No,No,Signal Jumping,Low,2.0
ACC33859,03-12-2024,11:08,Telangana,Karimnagar,17.8807,79.4072,National Highway,Clear,Day,29,Male,Bike,78,No,No,No,Over Speeding,Medium,5.0