Accident_ID,Date,Time,State,District,Latitude,Longitude,Road_Type,Weather,Light_Condition,Driver_Age,Driver_Gender,Vehicle_Type,Speed_kmph,Alcohol_Involved,Driver_Drowsy,Pothole_Involved,Cause_of_Accident,Severity,Casualties
ACC33860,05-11-2024,22:23,Andhra Pradesh,Kurnool,15.6689,79.8855,Expressway,Clear,Night,53,Male,Auto,96,Yes,Yes,No,Over Speeding,High,10.0
ACC33861,07-02-2023,17:40,Karnataka,Bengaluru Urban,14.9205,76.11,National Highway,Cloudy,Dusk,54,Male,Truck,96,Yes,No,No,Over Speeding,High,10.0
ACC33862,13-08-2024,01:13,Andhra Pradesh,Nellore,15.3497,79.5337,Expressway,Clear,Night,31,Male,Auto,71,No,No,No,Over Speeding,Medium,0.0
ACC33863,09-06-2024,16:08,Telangana,Khammam,17.3437,79.4852,City Road,Cloudy,Day,34,Female,Auto,56,No,No,No,Poor Weather Visibility,Low,0.0
ACC33864,05-04-2023,15:20,Kerala,Thrissur,10.6651,76.7199,City Road,Rainy,Day,34,Male,Car,59,No,No,No,Poor Weather Visibility,Medium,3.0
ACC33865,14-12-2022,17:49,Kerala,Ernakulam,10.1382,77.0864,Village Road,Clear,Dusk,29,Female,Car,68,No,No,Yes,Pothole/Bad Road,Medium,1.0
ACC33866,18-07-2024,03:24,Tamil Nadu,Tiruchirappalli,10.9107,78.8405,Village Road,Overcast,Night,22,Male,Car,37,No,Yes,Yes,Drowsy Driving,Medium,
ACC33867,02-08-2022,10:37,Telangana,Warangal,17.9667,78.9651,Village Road,Cloudy,Day,18,Female,Car,44,No,No,No,Poor Weather Visibility,Low,0.0
ACC33868,07-01-2023,13:03,Kerala,Thiruvananthapuram,9.9039,76.9303,Village Road,Overcast,Day,18,Male,Bike,64,No,No,Yes,Pothole/Bad Road,High,4.0
ACC33869,25-11-2024,07:24,Karnataka,Hubballi,14.5798,75.2264,State Highway,Rainy,Day,32,Male,Bus,58,No,No,No,Poor Weather Visibility,Low,2.0
ACC33870,01-06-2024,21:32,Karnataka,Bengaluru Urban,15.8983,76.2263,Expressway,Clear,Night,45,Male,Car,93,No,No,No,Over Speeding,High,1.0
ACC33871,26-06-2023,15:16,Kerala,Thiruvananthapuram,10.516,76.2189,State Highway,Cloudy,Day,34,Female,Car,39,No,No,No,Poor Weather Visibility,Low,0.0
ACC33872,22-06-2022,18:26,Karnataka,Bengaluru Urban,14.8172,75.4879,State Highway,Foggy,Dusk,40,Male,Bike,61,Yes,No,No,Poor Weather Visibility,High,5.0
ACC33873,16-01-2024,08:47,Tamil Nadu,Coimbatore,11.1895,78.1616,National Highway,Overcast,Day,55,Female,Bike,84,No,No,No,Over Speeding,High,7.0
ACC33874,04-01-2023,13:23,Karnataka,Hubballi,15.0971,75.9916,Village Road,Cloudy,Day,42,Male,Auto,56,No,No,No,Poor Weather Visibility,Medium,0.0
ACC33875,06-12-2023,19:15,Kerala,Kozhikode,9.9656,77.0559,National Highway,Cloudy,Night,43,Male,Bus,79,No,No,No,Over Speeding,Medium,2.0
ACC33876,27-08-2023,17:23,Karnataka,Mangaluru,14.5576,76.0195,Village Road,Clear,Dusk,44,Male,Truck,40,No,Yes,Yes,Drowsy Driving,Medium,4.0
ACC33877,15-06-2022,18:57,Karnataka,Mysuru,14.6016,75.7932,Village Road,Cloudy,Dusk,27,Male,Auto,30,No,No,Yes,Pothole/Bad Road,Medium,2.0
ACC33878,29-06-2024,11:38,Karnataka,Bengaluru Urban,15.2079,75.9083,State Highway,Rainy,Day,59,Male,Auto,51,No,Yes,Yes,Poor Weather Visibility,Medium,4.0
ACC33879,20-12-2024,08:24,Telangana,Warangal,17.0874,78.6414,National Highway,Clear,Day,44,Male,Bike,68,No,No,No,Signal Jumping,Low,0.0
ACC33880,15-07-2022,17:18,Tamil Nadu,Salem,10.6859,78.7708,City Road,Clear,Dusk,54,Male,Auto,57,No,No,No,Signal Jumping,Medium,3.0
ACC33881,18-10-2023,21:49,Puducherry,Karaikal,12.1349,79.178,City Road,Cloudy,Night,51,Female,Car,58,No,Yes,No,Drowsy Driving,Medium,4.0
ACC33882,15-03-2022,14:55,Andhra Pradesh,Vijayawada,15.6633,79.5674,National Highway,Clear,Day,51,Male,Truck,74,No,No,No,Over Speeding,Medium,3.0
ACC33883,29-03-2022,20:43,Tamil Nadu,Tiruchirappalli,11.9248,78.8877,City Road,Clear,Night,33,Male,Car,53,Yes,No,No,Drunk Driving,Low,3.0
ACC33884,29-02-2024,19:32,Puducherry,Puducherry,12.0897,79.4456,State Highway,Clear,Night,54,Male,Car,48,No,No,No,Poor Weather Visibility,Low,0.0
ACC33885,11-08-2023,00:58,Tamil Nadu,Coimbatore,10.9184,78.7161,National Highway,Cloudy,Night,42,Male,Bus,72,No,No,No,Poor Weather Visibility,Medium,4.0
ACC33886,29-08-2022,20:33,Tamil Nadu,Tiruchirappalli,11.4242,79.1904,City Road,Clear,Night,35,Male,Car,47,No,Yes,No,Drowsy Driving,Medium,4.0
ACC33887,17-01-2024,17:29,Telangana,Khammam,18.1883,78.7587,Village Road,Clear,Dusk,18,Male,Auto,28,No,No,Yes,Pothole/Bad Road,Low,0.0
ACC33888,07-08-2022,10:10,Karnataka,Hubballi,15.5254,75.6332,Village Road,Cloudy,Day,41,Male,Bike,21,No,No,No,Poor Weather Visibility,Low,1.0
ACC33889,19-08-2023,11:04,Karnataka,Hubballi,15.5154,75.7742,City Road,Clear,Day,30,Male,Bus,50,No,No,No,Signal Jumping,Low,3.0
ACC33890,06-07-2023,14:32,Tamil Nadu,Madurai,11.1499,78.2421,City Road,Clear,Day,18,Male,Bus,37,No,No,No,Signal Jumping,Low,0.0
ACC33891,14-10-2022,19:15,Andhra Pradesh,Nellore,15.2327,79.0158,Expressway,Clear,Night,32,Male,Bike,60,No,No,No,Signal Jumping,Low,1.0
ACC33892,17-02-2023,20:31,Karnataka,Mysuru,15.1157,75.1715,State Highway,Clear,Night,31,Female,Auto,70,No,No,No,Over Speeding,Medium,1.0
ACC33893,24-08-2022,15:30,Karnataka,Mysuru,15.1431,75.3426,National Highway,Rainy,Day,33,Male,Bike,58,No,No,No,Poor Weather Visibility,Low,2.0
ACC33894,15-03-2024,10:03,Andhra Pradesh,Kurnool,15.8079,79.5748,City Road,Rainy,Day,32,Male,Truck,54,No,No,Yes,Poor Weather Visibility,Low,2.0
ACC33895,19-01-2024,10:28,Tamil Nadu,Chennai,11.5013,78.3367,City Road,Cloudy,Day,53,Male,Auto,43,No,No,No,Poor Weather Visibility,Low,0.0
ACC33896,02-01-2023,12:27,Telangana,Nizamabad,17.3582,78.9017,City Road,Clear,Day,42,Male,Car,44,No,No,No,Signal Jumping,Low,1.0
ACC33897,13-07-2023,20:27,Kerala,Kollam,10.1205,76.6613,City Road,Cloudy,Night,42,Male,Car,37,No,No,No,Poor Weather Visibility,Low,1.0
ACC33898,23-10-2022,16:42,Kerala,Thrissur,9.9186,76.4781,National Highway,Clear,Day,54,Male,Auto,80,No,No,No,Over Speeding,Medium,7.0
ACC33899,17-10-2024,03:43,Kerala,Kozhikode,10.6833,76.4896,National Highway,Cloudy,Night,20,Male,Auto,61,No,No,No,Poor Weather Visibility,Medium,2.0
ACC33900,13-02-2022,08:52,Karnataka,Mangaluru,15.0975,76.4644,City Road,Clear,Day,27,Female,Auto,57,Yes,No,No,Drunk Driving,Medium,4.0
ACC33901,07-06-2023,18:24,Karnataka,Bengaluru Urban,15.1135,75.5423,City Road,Overcast,Dusk,40,Male,Bike,27,No,No,No,Poor Weather Visibility,Low,0.0
ACC33902,14-05-2024,22:12,Kerala,Thrissur,10.5856,76.1729,State Highway,Rainy,Night,18,Male,Auto,53,Yes,No,No,Poor Weather Visibility,Medium,2.0
ACC33903,09-09-2024,20:40,Karnataka,Belagavi,15.0266,75.1309,National Highway,Clear,Night,46,Female,Auto,65,No,No,No,Over Speeding,Low,1.0
ACC33904,01-08-2024,15:50,Andhra Pradesh,Vijayawada,15.4892,79.8336,State Highway,Clear,Day,37,Male,Car,57,No,No,No,Poor Weather Visibility,Low,0.0
ACC33905,10-07-2023,06:02,Kerala,Thrissur,10.3658,76.4086,State Highway,Clear,Day,19,Male,Bike,46,No,No,No,Signal Jumping,Low,0.0
ACC33906,01-09-2024,14:00,Tamil Nadu,Salem,10.6013,78.8774,Expressway,Overcast,Day,45,Male,Bike,83,No,Yes,No,Over Speeding,Medium,6.0
ACC33907,28-10-2022,09:31,Tamil Nadu,Tiruchirappalli,10.8094,78.9858,National Highway,Clear,Day,40,Male,Bike,77,No,No,No,Over Speeding,Medium,3.0
ACC33908,16-04-2023,03:05,Kerala,Kozhikode,10.4383,77.0657,City Road,Clear,Night,40,Female,Auto,63,Yes,No,No,Drunk Driving,Medium,1.0
ACC33909,06-12-2024,19:46,Kerala,Thrissur,9.7086,76.4844,State Highway,Foggy,Night,41,Male,Auto,95,Yes,Yes,No,Poor Weather Visibility,High,5.0
ACC33910,29-01-2023,10:31,Telangana,Warangal,17.3512,78.5084,State Highway,Overcast,Day,44,Male,Bike,55,No,No,No,Poor Weather Visibility,Low,1.0
ACC33911,03-04-2023,07:15,Tamil Nadu,Tiruchirappalli,11.4481,78.8318,City Road,Clear,Day,18,Female,Car,44,No,No,No,Signal Jumping,Low,0.0
ACC33912,07-10-2024,07:34,Karnataka,Hubballi,15.3274,75.4961,Village Road,Cloudy,Day,27,Female,Car,26,No,No,Yes,Pothole/Bad Road,Low,1.0
ACC33913,14-09-2022,21:44,Puducherry,Karaikal,11.844,79.7416,Village Road,Rainy,Night,32,Female,Bike,27,No,No,No,Poor Weather Visibility,Medium,1.0
ACC33914,22-08-2024,15:50,Tamil Nadu,Salem,11.1975,78.2514,City Road,Overcast,Day,51,Male,Bike,47,No,No,No,Poor Weather Visibility,Low,2.0
ACC33915,30-07-2024,06:44,Kerala,Kozhikode,9.7136,76.5163,State Highway,Clear,Day,40,Male,Auto,72,No,No,No,Over Speeding,Medium,1.0
ACC33916,10-06-2023,17:47,Telangana,Hyderabad,17.7148,78.9033,State Highway,Rainy,Dusk,23,Male,Car,58,No,No,Yes,Poor Weather Visibility,Medium,2.0
ACC33917,18-05-2023,16:15,Telangana,Khammam,19.2988,78.8714,State Highway,Cloudy,Day,26,Male,Bus,48,No,No,No,Poor Weather Visibility,Low,1.0
ACC33918,18-04-2023,17:59,Tamil Nadu,Tiruchirappalli,11.0387,78.6832,Expressway,Cloudy,Dusk,56,Male,Auto,80,No,No,No,Over Speeding,High,6.0
ACC33919,07-02-2023,13:44,Andhra Pradesh,Visakhapatnam,16.2303,79.3908,Expressway,Foggy,Day,38,Male,Bike,80,No,No,No,Poor Weather Visibility,High,6.0
ACC33920,26-04-2023,13:08,Tamil Nadu,Chennai,11.1575,78.708,City Road,Clear,Day,33,Female,Bus,37,No,No,Yes,Pothole/Bad Road,Low,1.0
ACC33921,05-06-2024,07:00,Puducherry,Puducherry,12.6089,79.8658,City Road,Clear,Day,49,Male,Bike,38,No,No,No,Signal Jumping,Low,0.0
ACC33922,18-01-2023,14:22,Andhra Pradesh,Kurnool,15.9107,80.043,Village Road,Rainy,Day,22,Male,Car,41,No,No,No,Poor Weather Visibility,Low,1.0
ACC33923,07-02-2022,14:37,Puducherry,Puducherry,11.8622,79.8479,National Highway,Clear,Day,29,Male,Car,82,Yes,No,No,Drunk Driving,Medium,5.0
ACC33924,15-03-2023,18:01,Kerala,Kozhikode,10.9236,76.4845,Village Road,Clear,Dusk,53,Male,Bike,59,Yes,No,No,Drunk Driving,High,8.0
ACC33925,30-03-2022,06:43,Karnataka,Bengaluru Urban,14.7761,75.9538,Village Road,Clear,Day,57,Male,Bike,25,No,No,Yes,Pothole/Bad Road,Low,0.0
ACC33926,19-08-2022,13:48,Kerala,Kollam,10.6104,76.4329,Village Road,Cloudy,Day,55,Male,Bike,60,No,No,No,Poor Weather Visibility,Medium,0.0
ACC33927,24-02-2024,18:11,Telangana,Khammam,17.6299,79.0477,State Highway,Clear,Dusk,56,Male,Bike,59,No,Yes,No,Drowsy Driving,Medium,2.0
ACC33928,18-01-2023,16:45,Andhra Pradesh,Guntur,15.5429,79.6043,State Highway,Clear,Day,23,Male,Bus,56,No,No,No,Signal Jumping,Low,0.0
ACC33929,18-09-2023,11:25,Telangana,Karimnagar,18.3476,79.1448,City Road,Clear,Day,30,Male,Car,61,No,No,No,Over Speeding,Low,2.0
ACC33930,10-07-2023,12:00,Karnataka,Hubballi,15.2137,75.7693,City Road,Clear,Day,31,Male,Bike,50,No,No,No,Poor Weather Visibility,Low,2.0
ACC33931,30-06-2022,00:35,Tamil Nadu,Coimbatore,11.3973,79.2117,Village Road,Rainy,Night,47,Female,Bike,44,No,No,No,Poor Weather Visibility,Medium,1.0
ACC33932,17-05-2022,10:26,Telangana,Nizamabad,18.0398,78.8442,National Highway,Overcast,Day,39,Male,Bus,70,No,No,No,Poor Weather Visibility,Low,1.0
ACC33933,29-05-2024,07:32,Karnataka,Hubballi,16.0981,75.7587,City Road,Rainy,Day,20,Male,Bike,52,Yes,No,Yes,Poor Weather Visibility,Medium,2.0
ACC33934,21-07-2022,06:35,Karnataka,Mysuru,15.1345,75.6564,Village Road,Cloudy,Day,20,Male,Auto,54,No,No,No,Poor Weather Visibility,Medium,2.0
ACC33935,12-02-2024,10:47,Andhra Pradesh,Kurnool,16.3439,80.5235,State Highway,Clear,Day,24,Female,Car,70,No,No,No,Over Speeding,Medium,3.0
ACC33936,25-01-2024,12:42,Tamil Nadu,Chennai,11.6687,78.2788,State Highway,Cloudy,Day,42,Male,Auto,44,No,No,No,Poor Weather Visibility,Low,0.0
ACC33937,29-06-2023,17:20,Andhra Pradesh,Visakhapatnam,15.8666,79.6729,City Road,Clear,Dusk,33,Female,Car,74,Yes,No,No,Drunk Driving,Medium,1.0
ACC33938,05-12-2022,09:01,Tamil Nadu,Coimbatore,10.6039,78.0401,State Highway,Clear,Day,56,Female,Bike,62,Yes,No,Yes,Drunk Driving,Medium,2.0
ACC33939,16-12-2022,08:15,Karnataka,Belagavi,15.8386,75.5602,City Road,Overcast,Day,18,Male,Bike,37,No,No,No,Poor Weather Visibility,Low,1.0
ACC33940,11-04-2024,21:06,Kerala,Kollam,10.3548,76.2747,Village Road,Clear,Night,39,Male,Car,59,No,No,Yes,Pothole/Bad Road,Low,0.0
ACC33941,19-11-2023,15:22,Tamil Nadu,Salem,11.0334,78.9155,National Highway,Clear,Day,23,Male,Bike,52,No,No,No,Poor Weather Visibility,Low,0.0
ACC33942,04-04-2023,17:39,Telangana,Karimnagar,18.3036,78.9994,State Highway,Clear,Dusk,42,Female,Truck,51,No,No,No,Signal Jumping,Low,2.0
ACC33943,09-06-2022,22:17,Tamil Nadu,Salem,10.9269,78.5012,National Highway,Rainy,Night,29,Female,Bike,80,No,No,No,Poor Weather Visibility,High,4.0
ACC33944,05-10-2022,19:54,Andhra Pradesh,Vijayawada,15.4183,79.8635,City Road,Clear,Night,29,Male,Bike,35,No,No,No,Poor Weather Visibility,Low,2.0
ACC33945,06-09-2024,09:38,Tamil Nadu,Tiruchirappalli,10.9688,78.8237,National Highway,Cloudy,Day,47,Male,Auto,69,No,No,No,Poor Weather Visibility,High,2.0
ACC33946,11-11-2022,19:18,Kerala,Thrissur,9.9357,76.3965,City Road,Overcast,Night,23,Female,Bike,54,Yes,No,No,Drunk Driving,Medium,5.0
ACC33947,01-11-2023,13:24,Karnataka,Hubballi,15.0494,75.4159,City Road,Cloudy,Day,21,Male,Bike,42,No,No,No,Poor Weather Visibility,Low,0.0
ACC33948,13-09-2022,08:39,Tamil Nadu,Tiruchirappalli,11.6602,79.2517,City Road,Cloudy,Day,39,Male,Auto,52,No,No,No,Poor Weather Visibility,Low,0.0
ACC33949,29-01-2023,15:45,Tamil Nadu,Madurai,11.6401,78.501,National Highway,Overcast,Day,36,Male,Bus,79,No,No,No,Over Speeding,Medium,1.0
ACC33950,24-09-2022,14:26,Andhra Pradesh,Nellore,15.7911,79.9603,City Road,Cloudy,Day,24,Male,Car,32,No,No,No,Poor Weather Visibility,Low,1.0
ACC33951,14-04-2022,06:47,Andhra Pradesh,Kurnool,15.6151,79.6582,National Highway,Clear,Day,39,Male,Auto,64,No,No,Yes,Pothole/Bad Road,Medium,2.0
ACC33952,12-07-2024,12:00,Telangana,Warangal,17.8474,78.6542,City Road,Rainy,Day,44,Male,Bike,43,No,No,No,Poor Weather Visibility,Low,3.0
ACC33953,08-10-2024,14:58,Telangana,Hyderabad,18.6152,79.7038,State Highway,Overcast,Day,48,Male,Bike,40,No,No,Yes,Pothole/Bad Road,Low,1.0
ACC33954,29-10-2022,11:37,Tamil Nadu,Salem,11.7656,78.0467,State Highway,Clear,Day,38,Male,Bike,58,No,No,No,Signal Jumping,Low,1.0
ACC33955,22-04-2024,08:59,Kerala,Kozhikode,10.3699,76.4762,City Road,Cloudy,Day,40,Male,Auto,36,No,No,No,Poor Weather Visibility,Low,1.0
ACC33956,29-12-2022,19:59,Andhra Pradesh,Visakhapatnam,16.4455,79.6593,State Highway,Clear,Night,49,Female,Car,75,Yes,Yes,No,Drunk Driving,High,5.0
ACC33957,07-08-2022,17:21,Telangana,Nizamabad,18.1044,78.6141,State Highway,Cloudy,Dusk,44,Male,Bike,53,No,No,No,Poor Weather Visibility,Low,0.0
ACC33958,06-10-2022,04:30,Karnataka,Mysuru,15.5974,76.0469,Expressway,Foggy,Night,45,Male,Car,96,No,Yes,No,Poor Weather Visibility,High,3.0
ACC33959,03-05-2023,22:50,Telangana,Karimnagar,17.0588,78.3759,City Road,Overcast,Night,18,Male,Auto,69,Yes,No,No,Drunk Driving,High,4.0
ACC33960,19-07-2023,16:19,Tamil Nadu,Coimbatore,11.6418,77.9809,Village Road,Cloudy,Day,26,Male,Bike,43,No,No,No,Poor Weather Visibility,Low,1.0
ACC33961,06-01-2024,15:49,Karnataka,Hubballi,15.2849,74.8634,City Road,Clear,Day,38,Male,Truck,55,No,Yes,No,Drowsy Driving,Low,1.0
ACC33962,30-04-2022,17:33,Karnataka,Mangaluru,15.6003,75.2499,City Road,Clear,Dusk,18,Female,Car,63,No,No,No,Over Speeding,Medium,7.0
ACC33963,14-06-2024,12:31,Puducherry,Karaikal,11.8007,79.6459,Village Road,Clear,Day,44,Male,Car,65,No,No,Yes,Pothole/Bad Road,Medium,1.0
ACC33964,16-11-2024,19:45,Karnataka,Bengaluru Urban,15.8142,75.953,City Road,Clear,Night,39,Female,Truck,79,Yes,No,No,Drunk Driving,Medium,6.0
ACC33965,16-07-2022,21:42,Andhra Pradesh,Vijayawada,15.5405,79.4465,State Highway,Clear,Night,47,Male,Car,69,No,No,No,Over Speeding,Medium,4.0
ACC33966,25-02-2022,06:10,Tamil Nadu,Coimbatore,11.4677,79.0478,Village Road,Clear,Day,27,Female,Bike,39,No,No,Yes,Pothole/Bad Road,Low,2.0
ACC33967,02-02-2023,11:02,Telangana,Nizamabad,18.0904,78.8795,Village Road,Overcast,Day,39,Male,Car,31,Yes,No,Yes,Drunk Driving,Low,1.0
ACC33968,22-02-2024,11:57,Puducherry,Puducherry,12.1801,79.8982,State Highway,Cloudy,Day,24,Male,Bus,72,No,Yes,No,Drowsy Driving,Medium,2.0
ACC33969,17-03-2024,16:24,Karnataka,Mangaluru,15.0566,74.7234,National Highway,Overcast,Day,35,Male,Bike,80,No,No,No,Over Speeding,Medium,7.0
ACC33970,26-12-2024,19:38,Karnataka,Bengaluru Urban,15.2712,75.7953,Expressway,Rainy,Night,22,Male,Car,87,No,No,No,Poor Weather Visibility,High,9.0
ACC33971,14-10-2022,16:33,Tamil Nadu,Madurai,10.75,78.6793,City Road,Clear,Day,27,Male,Car,36,No,No,No,Poor Weather Visibility,Low,1.0
ACC33972,13-09-2022,06:31,Karnataka,Bengaluru Urban,14.897,75.6118,State Highway,Clear,Day,28,Male,Car,69,Yes,No,No,Drunk Driving,Medium,4.0
ACC33973,07-07-2024,08:18,Tamil Nadu,Salem,11.0646,77.8043,National Highway,Cloudy,Day,34,Male,Car,67,No,No,No,Poor Weather Visibility,Medium,3.0
ACC33974,11-04-2023,11:07,Puducherry,Puducherry,11.5764,79.4791,National Highway,Clear,Day,46,Male,Car,66,No,No,No,Over Speeding,Low,2.0
ACC33975,12-06-2023,17:03,Kerala,Thrissur,9.6934,76.4485,Village Road,Cloudy,Dusk,40,Male,Car,19,No,No,No,Poor Weather Visibility,Low,0.0
ACC33976,30-06-2022,22:20,Tamil Nadu,Salem,11.8921,78.7656,State Highway,Rainy,Night,41,Male,Car,65,No,No,No,Poor Weather Visibility,Medium,0.0
ACC33977,15-12-2023,19:40,Karnataka,Bengaluru Urban,15.3936,75.57,City Road,Clear,Night,50,Male,Auto,46,No,No,No,Signal Jumping,Low,1.0
ACC33978,26-12-2022,18:07,Kerala,Kozhikode,9.7793,76.3181,State Highway,Clear,Dusk,27,Male,Auto,64,Yes,No,No,Drunk Driving,Medium,0.0
ACC33979,16-08-2023,17:03,Tamil Nadu,Salem,10.7582,78.3244,City Road,Clear,Dusk,27,Male,Auto,37,Yes,No,No,Drunk Driving,Low,2.0
ACC33980,07-02-2023,00:21,Tamil Nadu,Tiruchirappalli,11.3979,79.146,Expressway,Clear,Night,48,Male,Auto,98,No,No,No,Over Speeding,High,6.0
ACC33981,25-11-2024,18:08,Kerala,Ernakulam,10.4417,75.6325,Expressway,Rainy,Dusk,45,Male,Auto,83,No,No,No,Poor Weather Visibility,Medium,3.0
ACC33982,16-01-2022,09:57,Tamil Nadu,Tiruchirappalli,10.9262,79.0121,Expressway,Rainy,Day,22,Male,Car,81,No,No,No,Poor Weather Visibility,High,9.0
ACC33983,04-06-2023,00:57,Kerala,Ernakulam,10.6918,76.8839,National Highway,Clear,Night,23,Male,Bike,62,No,No,No,Signal Jumping,Medium,
ACC33984,17-04-2022,07:56,Karnataka,Bengaluru Urban,15.5619,75.111,Village Road,Clear,Day,32,Female,Bus,70,No,Yes,Yes,Drowsy Driving,High,9.0
ACC33985,02-02-2022,18:19,Tamil Nadu,Coimbatore,11.3488,78.8014,State Highway,Overcast,Dusk,34,Male,Truck,68,No,No,Yes,Signal Jumping,Medium,4.0
ACC33986,03-12-2023,06:01,Telangana,Nizamabad,17.5082,79.565,City Road,Cloudy,Day,37,Male,Bike,49,No,No,No,Poor Weather Visibility,Low,0.0
ACC33987,18-02-2023,16:25,Karnataka,Mysuru,14.5384,76.2406,City Road,Clear,Day,45,Male,Bike,68,No,Yes,No,Signal Jumping,Medium,4.0
ACC33988,19-11-2024,09:54,Tamil Nadu,Tiruchirappalli,11.3298,78.3019,National Highway,Cloudy,Day,47,Male,Car,67,No,Yes,No,Drowsy Driving,High,8.0
ACC33989,16-01-2023,11:38,Kerala,Kollam,10.6691,76.4214,City Road,Clear,Day,34,Male,Bike,47,No,No,No,Poor Weather Visibility,Low,3.0
ACC33990,19-02-2024,17:17,Kerala,Thiruvananthapuram,9.5218,76.6148,City Road,Cloudy,Dusk,18,Male,Auto,58,No,No,No,Poor Weather Visibility,Medium,3.0
ACC33991,17-03-2024,19:30,Kerala,Kollam,9.2195,76.5559,Village Road,Cloudy,Night,50,Male,Auto,48,No,Yes,Yes,Drowsy Driving,Medium,2.0
ACC33992,03-01-2022,12:34,Puducherry,Karaikal,11.6856,79.5674,Village Road,Clear,Day,25,Male,Auto,31,No,No,No,Poor Weather Visibility,Low,1.0
ACC33993,30-04-2023,08:06,Tamil Nadu,Chennai,11.2146,79.1938,Village Road,Rainy,Day,66,Female,Car,30,No,No,Yes,Poor Weather Visibility,Low,0.0
ACC33994,03-07-2023,11:08,Puducherry,Puducherry,11.4236,79.8271,National Highway,Cloudy,Day,35,Male,Bike,64,No,Yes,No,Drowsy Driving,Medium,2.0
ACC33995,15-05-2022,22:33,Telangana,Nizamabad,17.353,79.1715,National Highway,Clear,Night,37,Female,Bike,57,No,No,No,Signal Jumping,Low,1.0
ACC33996,15-10-2024,21:23,Karnataka,Hubballi,15.8326,75.8801,Village Road,Clear,Night,30,Male,Car,37,No,No,No,Poor Weather Visibility,Low,1.0
ACC33997,21-03-2022,08:58,Karnataka,Hubballi,15.1392,75.3699,State Highway,Clear,Day,27,Male,Truck,71,No,No,No,Over Speeding,Medium,0.0
ACC33998,25-12-2024,23:42,Tamil Nadu,Salem,10.9343,78.543,Village Road,Overcast,Night,25,Male,Bike,59,No,Yes,No,Drowsy Driving,High,
ACC33999,30-12-2024,06:37,Tamil Nadu,Tiruchirappalli,11.5443,78.7833,State Highway,Cloudy,Day,30,Male,Car,60,No,No,No,Poor Weather Visibility,Low,0.0
ACC34000,23-06-2024,10:37,Andhra Pradesh,Kurnool,16.137,79.5483,Expressway,Cloudy,Day,44,Male,Auto,71,No,No,Yes,Pothole/Bad Road,Medium,2.0
ACC34001,12-07-2024,08:27,Karnataka,Hubballi,15.7211,76.6139,National Highway,Clear,Day,20,Male,Bike,91,No,Yes,Yes,Over Speeding,High,2.0
ACC34002,05-04-2024,20:55,Kerala,Thrissur,10.0591,76.234,Expressway,Rainy,Night,44,Male,Bike,86,Yes,Yes,Yes,Poor Weather Visibility,High,6.0
ACC34003,20-10-2022,08:17,Tamil Nadu,Salem,11.0664,78.3959,Village Road,Cloudy,Day,33,Female,Bike,33,No,No,No,Signal Jumping,Low,2.0
ACC34004,14-02-2022,13:44,Telangana,Warangal,18.0629,79.3602,City Road,Clear,Day,18,Female,Bike,52,No,No,Yes,Pothole/Bad Road,Low,0.0
ACC34005,19-11-2024,15:46,Karnataka,Belagavi,15.4863,75.2511,State Highway,Overcast,Day,27,Male,Car,71,No,No,No,Signal Jumping,Low,4.0
ACC34006,28-06-2022,13:35,Puducherry,Puducherry,11.8145,79.213,Village Road,Rainy,Day,26,Male,Bus,46,No,Yes,Yes,Poor Weather Visibility,Medium,2.0
ACC34007,13-04-2024,16:19,Puducherry,Puducherry,11.2304,79.4357,Village Road,Rainy,Day,18,Male,Bike,53,Yes,No,No,Poor Weather Visibility,High,3.0
ACC34008,18-07-2024,09:29,Tamil Nadu,Tiruchirappalli,11.8373,79.0336,National Highway,Clear,Day,49,Male,Bike,81,No,No,No,Over Speeding,High,7.0
ACC34009,25-05-2023,18:10,Tamil Nadu,Tiruchirappalli,11.1501,78.7738,City Road,Rainy,Dusk,26,Male,Bike,49,No,No,No,Poor Weather Visibility,Medium,2.0
ACC34010,02-11-2022,14:23,Telangana,Warangal,17.7914,79.0653,State Highway,Clear,Day,44,Male,Bike,47,No,No,Yes,Pothole/Bad Road,Low,3.0
ACC34011,24-07-2022,11:11,Tamil Nadu,Tiruchirappalli,11.6951,77.9034,City Road,Cloudy,Day,33,Male,Truck,52,No,No,No,Poor Weather Visibility,Low,0.0
ACC34012,05-02-2024,00:13,Telangana,Nizamabad,18.135,79.4638,National Highway,Cloudy,Night,46,Male,Car,59,No,No,No,Poor Weather Visibility,Low,2.0
ACC34013,31-08-2022,08:41,Karnataka,Mangaluru,14.9787,76.2374,City Road,Rainy,Day,41,Male,Car,46,No,No,Yes,Poor Weather Visibility,Low,2.0
ACC34014,23-09-2022,20:50,Andhra Pradesh,Nellore,15.3444,79.7707,National Highway,Clear,Night,18,Male,Truck,54,No,No,No,Signal Jumping,Medium,6.0
ACC34015,22-10-2022,10:22,Telangana,Karimnagar,18.6578,79.5622,State Highway,Rainy,Day,34,Male,Bike,56,No,No,Yes,Poor Weather Visibility,Low,2.0
ACC34016,08-04-2024,22:59,Telangana,Khammam,18.3781,78.9864,State Highway,Cloudy,Night,35,Male,Bike,88,Yes,No,No,Over Speeding,High,7.0