Accident_ID,Date,Time,State,District,Latitude,Longitude,Road_Type,Weather,Light_Condition,Driver_Age,Driver_Gender,Vehicle_Type,Speed_kmph,Alcohol_Involved,Driver_Drowsy,Pothole_Involved,Cause_of_Accident,Severity,Casualties
ACC34332,19-09-2024,16:17,Tamil Nadu,Salem,11.0261,78.4536,City Road,Cloudy,Day,19,Female,Bike,49,No,No,No,Poor Weather Visibility,Low,1.0
ACC34333,18-09-2023,12:37,Tamil Nadu,Madurai,11.1952,78.836,National Highway,Overcast,Day,32,Male,Car,57,No,No,No,Poor Weather Visibility,Low,0.0
ACC34334,06-03-2022,19:47,Karnataka,Bengaluru Urban,15.0266,75.5373,National Highway,Clear,Night,36,Female,Bike,60,No,Yes,No,Drowsy Driving,Medium,4.0
ACC34335,21-06-2022,12:59,Telangana,Warangal,17.3422,79.0213,Expressway,Clear,Day,21,Female,Car,91,No,No,No,Over Speeding,High,4.0
ACC34336,02-07-2024,06:35,Kerala,Ernakulam,10.3657,76.1452,State Highway,Cloudy,Day,39,Female,Bike,56,No,No,No,Poor Weather Visibility,Medium,2.0
ACC34337,26-03-2023,13:23,Telangana,Nizamabad,17.9947,79.1109,National Highway,Overcast,Day,45,Female,Car,72,No,No,No,Poor Weather Visibility,Medium,6.0
ACC34338,05-01-2023,03:10,Tamil Nadu,Tiruchirappalli,11.4176,78.4668,State Highway,Rainy,Night,59,Male,Bike,70,No,No,Yes,Poor Weather Visibility,High,9.0
ACC34339,20-03-2022,23:40,Tamil Nadu,Chennai,11.3123,78.3787,Expressway,Clear,Night,49,Male,Car,57,Yes,No,No,Drunk Driving,Low,1.0
ACC34340,29-08-2024,19:25,Kerala,Kollam,10.2226,76.4908,State Highway,Clear,Night,24,Male,Bike,64,Yes,No,No,Drunk Driving,Medium,5.0
ACC34341,05-11-2024,20:39,Telangana,Warangal,17.9694,78.745,Village Road,Overcast,Night,31,Male,Bus,56,No,No,Yes,Pothole/Bad Road,Medium,2.0
ACC34342,25-06-2023,18:57,Tamil Nadu,Salem,11.0494,78.7328,City Road,Cloudy,Dusk,45,Male,Car,49,No,No,No,Poor Weather Visibility,Low,2.0
ACC34343,24-08-2023,08:01,Karnataka,Mangaluru,15.229,75.1694,National Highway,Cloudy,Day,38,Male,Truck,60,No,No,No,Poor Weather Visibility,Low,1.0
ACC34344,08-04-2022,00:10,Karnataka,Bengaluru Urban,15.4729,75.6472,National Highway,Clear,Night,33,Female,Bus,51,Yes,Yes,No,Drunk Driving,Low,0.0
ACC34345,11-12-2022,08:47,Karnataka,Belagavi,15.3365,75.3145,Village Road,Clear,Day,45,Male,Auto,43,No,No,Yes,Pothole/Bad Road,Low,0.0
ACC34346,02-10-2023,15:53,Telangana,Nizamabad,18.0127,79.014,City Road,Rainy,Day,36,Male,Car,40,No,No,No,Poor Weather Visibility,Low,0.0
ACC34347,08-12-2024,15:51,Andhra Pradesh,Kurnool,15.8739,79.0754,City Road,Clear,Day,31,Male,Auto,40,No,No,No,Signal Jumping,Low,2.0
ACC34348,20-10-2024,08:20,Andhra Pradesh,Nellore,16.7907,79.0793,National Highway,Rainy,Day,27,Male,Bike,62,No,No,No,Poor Weather Visibility,High,7.0
ACC34349,15-10-2022,08:49,Karnataka,Mysuru,15.4863,76.0378,City Road,Rainy,Day,21,Male,Car,49,Yes,No,No,Poor Weather Visibility,High,6.0
ACC34350,12-08-2023,10:03,Telangana,Warangal,17.8763,79.0972,State Highway,Rainy,Day,46,Male,Bus,54,No,No,No,Poor Weather Visibility,Low,2.0
ACC34351,13-09-2023,18:14,Telangana,Karimnagar,18.3057,78.8442,Village Road,Cloudy,Dusk,43,Male,Truck,40,No,No,No,Poor Weather Visibility,Low,2.0
ACC34352,17-11-2024,07:40,Tamil Nadu,Coimbatore,11.0442,78.579,City Road,Clear,Day,21,Female,Bus,45,No,No,Yes,Pothole/Bad Road,Low,3.0
ACC34353,21-11-2022,20:28,Andhra Pradesh,Guntur,16.7174,78.9017,State Highway,Rainy,Night,32,Male,Bike,94,Yes,Yes,No,Over Speeding,High,5.0
ACC34354,07-03-2023,21:48,Telangana,Warangal,17.88,78.8721,Expressway,Clear,Night,38,Male,Truck,66,No,Yes,No,Drowsy Driving,Medium,3.0
ACC34355,07-05-2024,00:49,Andhra Pradesh,Vijayawada,16.3168,80.3597,City Road,Clear,Night,29,Male,Car,39,No,No,No,Signal Jumping,Low,0.0
ACC34356,14-08-2023,21:51,Tamil Nadu,Salem,10.9876,78.7439,City Road,Clear,Night,56,Male,Auto,68,No,No,No,Over Speeding,Medium,0.0
ACC34357,19-06-2024,16:30,Telangana,Khammam,17.5362,79.0652,City Road,Overcast,Day,57,Male,Auto,48,No,No,No,Poor Weather Visibility,Low,
ACC34358,15-06-2022,05:22,Kerala,Thrissur,10.7194,76.2805,Expressway,Clear,Dawn,28,Male,Car,73,No,No,No,Over Speeding,Medium,6.0
ACC34359,01-12-2022,15:08,Telangana,Khammam,17.4968,79.6074,State Highway,Clear,Day,62,Female,Bike,68,No,No,No,Over Speeding,Low,2.0
ACC34360,08-04-2024,16:45,Tamil Nadu,Madurai,11.6777,78.5793,City Road,Overcast,Day,30,Female,Car,47,No,No,Yes,Pothole/Bad Road,Low,0.0
ACC34361,31-07-2024,10:01,Tamil Nadu,Madurai,11.6161,78.6882,National Highway,Clear,Day,42,Female,Auto,64,No,No,No,Signal Jumping,Low,
ACC34362,24-11-2023,06:35,Karnataka,Mangaluru,15.7567,75.2538,State Highway,Rainy,Day,41,Male,Car,57,No,No,No,Poor Weather Visibility,Medium,1.0
ACC34363,20-07-2024,19:20,Kerala,Thiruvananthapuram,10.5647,76.0564,National Highway,Overcast,Night,46,Male,Bike,62,No,No,No,Poor Weather Visibility,Medium,2.0
ACC34364,01-04-2022,08:19,Andhra Pradesh,Kurnool,15.7077,79.4264,City Road,Clear,Day,45,Female,Bike,55,No,No,Yes,Pothole/Bad Road,Low,0.0
ACC34365,11-08-2024,18:40,Karnataka,Belagavi,15.6844,75.647,City Road,Clear,Dusk,46,Male,Auto,40,No,No,Yes,Pothole/Bad Road,Low,
ACC34366,17-02-2023,19:50,Telangana,Karimnagar,17.804,78.3469,Expressway,Rainy,Night,18,Male,Car,101,Yes,No,Yes,Over Speeding,High,6.0
ACC34367,19-01-2024,07:07,Telangana,Khammam,18.3839,79.2759,City Road,Clear,Day,47,Male,Car,52,No,No,Yes,Pothole/Bad Road,Low,0.0
ACC34368,04-03-2022,13:52,Andhra Pradesh,Kurnool,15.4993,80.1611,Village Road,Clear,Day,18,Male,Bus,42,No,No,No,Signal Jumping,Low,2.0
ACC34369,05-05-2023,22:18,Tamil Nadu,Chennai,11.3892,77.8593,City Road,Cloudy,Night,32,Male,Bike,60,No,Yes,No,Drowsy Driving,Medium,5.0
ACC34370,25-04-2023,16:38,Kerala,Kozhikode,9.8445,75.8468,City Road,Clear,Day,27,Male,Bike,76,Yes,No,No,Drunk Driving,High,5.0
ACC34371,11-01-2022,06:54,Telangana,Karimnagar,18.0067,79.1766,Village Road,Clear,Day,26,Female,Bus,52,No,No,Yes,Pothole/Bad Road,Low,0.0
ACC34372,15-05-2024,13:53,Telangana,Warangal,17.7018,79.4223,Expressway,Clear,Day,41,Female,Bike,69,No,No,No,Signal Jumping,Medium,5.0
ACC34373,21-01-2023,20:08,Telangana,Warangal,17.9931,79.37,Village Road,Clear,Night,25,Male,Truck,45,No,No,No,Signal Jumping,Low,0.0
ACC34374,16-09-2022,02:09,Karnataka,Bengaluru Urban,15.5607,76.3056,State Highway,Cloudy,Night,39,Female,Bike,61,No,No,No,Poor Weather Visibility,Low,3.0
ACC34375,02-07-2022,19:47,Tamil Nadu,Salem,11.6009,79.2504,State Highway,Overcast,Night,21,Male,Truck,67,Yes,No,Yes,Drunk Driving,High,5.0
ACC34376,29-12-2023,19:34,Tamil Nadu,Salem,11.0305,78.3456,Expressway,Overcast,Night,18,Male,Bike,89,Yes,No,Yes,Over Speeding,High,7.0
ACC34377,28-01-2024,19:00,Karnataka,Bengaluru Urban,15.1581,75.3807,National Highway,Cloudy,Night,32,Male,Truck,83,No,Yes,No,Over Speeding,High,7.0
ACC34378,30-03-2024,10:37,Andhra Pradesh,Vijayawada,15.6934,79.8773,National Highway,Cloudy,Day,38,Male,Bike,65,No,No,No,Signal Jumping,Low,0.0
ACC34379,19-04-2024,09:32,Karnataka,Hubballi,15.3043,76.2928,City Road,Overcast,Day,38,Male,Car,38,No,No,No,Poor Weather Visibility,Low,2.0
ACC34380,07-08-2023,13:53,Telangana,Nizamabad,17.871,78.5609,City Road,Rainy,Day,18,Male,Truck,50,No,Yes,Yes,Poor Weather Visibility,Medium,5.0
ACC34381,25-10-2022,11:59,Karnataka,Hubballi,15.3478,75.8355,Village Road,Cloudy,Day,40,Male,Bus,39,No,No,Yes,Pothole/Bad Road,Low,3.0
ACC34382,12-06-2022,21:05,Kerala,Kozhikode,10.2577,76.2299,State Highway,Cloudy,Night,27,Male,Car,63,Yes,No,No,Drunk Driving,Medium,3.0
ACC34383,15-02-2023,11:34,Karnataka,Belagavi,15.2086,76.3971,Expressway,Clear,Day,37,Male,Auto,87,No,Yes,No,Over Speeding,High,8.0
ACC34384,29-07-2024,11:21,Karnataka,Mysuru,14.66,75.3991,City Road,Rainy,Day,18,Male,Auto,71,No,Yes,Yes,Poor Weather Visibility,High,2.0
ACC34385,09-12-2023,14:46,Telangana,Khammam,18.0573,79.105,State Highway,Clear,Day,18,Male,Car,60,No,No,No,Signal Jumping,Low,0.0
ACC34386,28-07-2023,22:21,Kerala,Kollam,10.6825,76.0644,City Road,Cloudy,Night,65,Male,Car,54,No,No,No,Poor Weather Visibility,Medium,4.0
ACC34387,18-05-2023,17:00,Telangana,Hyderabad,18.4571,78.7815,National Highway,Clear,Dusk,26,Male,Bike,77,No,No,No,Over Speeding,High,4.0
ACC34388,19-05-2023,13:45,Kerala,Thiruvananthapuram,10.0632,76.1314,City Road,Clear,Day,39,Male,Bike,30,No,No,No,Signal Jumping,Low,1.0
ACC34389,10-11-2022,13:40,Kerala,Kozhikode,10.9704,76.3808,National Highway,Rainy,Day,27,Male,Bike,86,No,No,Yes,Poor Weather Visibility,High,7.0
ACC34390,30-09-2024,14:55,Tamil Nadu,Chennai,10.6323,79.0306,State Highway,Overcast,Day,47,Female,Car,53,No,No,No,Poor Weather Visibility,Low,1.0
ACC34391,22-06-2023,18:49,Karnataka,Mangaluru,14.8038,75.7156,State Highway,Cloudy,Dusk,30,Male,Truck,58,No,No,No,Poor Weather Visibility,Low,2.0
ACC34392,08-04-2024,17:54,Telangana,Warangal,18.2873,79.1523,City Road,Clear,Dusk,43,Female,Auto,51,No,No,No,Poor Weather Visibility,Low,0.0
ACC34393,01-09-2023,11:31,Kerala,Thrissur,10.0943,75.4012,State Highway,Rainy,Day,23,Female,Car,52,No,No,Yes,Poor Weather Visibility,Low,2.0
ACC34394,01-04-2023,20:32,Andhra Pradesh,Vijayawada,15.6062,80.101,Village Road,Rainy,Night,28,Male,Auto,66,No,No,Yes,Poor Weather Visibility,High,6.0
ACC34395,18-09-2023,15:55,Karnataka,Hubballi,15.2726,75.5389,City Road,Clear,Day,27,Male,Auto,55,Yes,No,Yes,Drunk Driving,Medium,4.0
ACC34396,06-07-2024,02:06,Andhra Pradesh,Guntur,16.4044,79.1195,National Highway,Clear,Night,20,Male,Bike,52,No,No,No,Poor Weather Visibility,Medium,5.0
ACC34397,22-10-2022,20:30,Tamil Nadu,Tiruchirappalli,10.7972,79.0648,City Road,Rainy,Night,35,Male,Truck,47,No,No,No,Poor Weather Visibility,Medium,0.0
ACC34398,20-05-2022,13:10,Tamil Nadu,Chennai,11.3152,78.554,National Highway,Rainy,Day,31,Male,Auto,73,No,No,No,Poor Weather Visibility,High,
ACC34399,03-01-2024,17:25,Tamil Nadu,Salem,11.2622,78.2929,Expressway,Cloudy,Dusk,41,Female,Bike,70,No,No,No,Poor Weather Visibility,Medium,2.0
ACC34400,02-05-2024,23:33,Karnataka,Belagavi,15.6256,75.5347,Village Road,Clear,Night,50,Female,Car,55,No,No,No,Poor Weather Visibility,Low,0.0
ACC34401,11-09-2022,18:29,Andhra Pradesh,Vijayawada,16.0709,79.22,State Highway,Rainy,Dusk,57,Male,Bike,64,No,No,No,Poor Weather Visibility,Medium,1.0
ACC34402,06-11-2022,04:35,Tamil Nadu,Chennai,10.9767,78.3246,National Highway,Clear,Night,32,Male,Auto,78,No,No,No,Over Speeding,Medium,2.0
ACC34403,19-04-2023,19:46,Puducherry,Karaikal,11.4016,79.7417,National Highway,Clear,Night,37,Male,Car,107,Yes,Yes,No,Over Speeding,High,7.0
ACC34404,11-12-2022,09:53,Tamil Nadu,Tiruchirappalli,12.1221,78.0377,National Highway,Rainy,Day,21,Male,Bike,64,No,No,No,Poor Weather Visibility,Medium,1.0
ACC34405,09-10-2023,12:56,Telangana,Nizamabad,17.9422,78.8228,National Highway,Clear,Day,21,Male,Bus,87,No,Yes,Yes,Over Speeding,High,5.0
ACC34406,10-09-2023,14:56,Tamil Nadu,Tiruchirappalli,10.8727,78.4209,City Road,Clear,Day,40,Male,Auto,48,No,No,No,Signal Jumping,Low,0.0
ACC34407,03-02-2024,17:24,Telangana,Warangal,18.4113,78.5743,Village Road,Foggy,Dusk,51,Male,Bus,54,No,Yes,Yes,Poor Weather Visibility,High,4.0
ACC34408,06-08-2022,13:30,Andhra Pradesh,Nellore,15.8811,79.3723,City Road,Rainy,Day,46,Male,Car,49,No,Yes,No,Poor Weather Visibility,Medium,4.0
ACC34409,08-11-2022,08:36,Tamil Nadu,Tiruchirappalli,11.522,78.5131,City Road,Clear,Day,31,Male,Car,56,No,No,Yes,Pothole/Bad Road,Low,1.0
ACC34410,24-09-2022,16:41,Karnataka,Belagavi,16.0984,75.0873,State Highway,Clear,Day,21,Female,Auto,58,No,No,No,Poor Weather Visibility,Low,3.0
ACC34411,03-02-2024,10:08,Karnataka,Hubballi,15.0957,75.5744,State Highway,Cloudy,Day,19,Male,Car,67,No,Yes,No,Drowsy Driving,Medium,2.0
ACC34412,09-07-2022,13:06,Puducherry,Puducherry,11.9572,79.9049,City Road,Rainy,Day,46,Male,Bike,57,No,No,Yes,Poor Weather Visibility,Medium,4.0
ACC34413,02-04-2024,19:02,Karnataka,Hubballi,15.2302,76.7462,National Highway,Clear,Night,32,Female,Bike,89,Yes,Yes,No,Over Speeding,High,8.0
ACC34414,25-10-2023,17:20,Karnataka,Belagavi,15.2972,75.5515,City Road,Cloudy,Dusk,29,Female,Car,40,No,No,No,Poor Weather Visibility,Low,2.0
ACC34415,14-09-2024,00:27,Karnataka,Mysuru,15.1467,75.1769,City Road,Cloudy,Night,35,Female,Bike,49,No,No,No,Poor Weather Visibility,Medium,3.0
ACC34416,28-08-2022,11:19,Kerala,Kollam,9.4984,75.5426,Village Road,Rainy,Day,60,Male,Auto,48,No,No,No,Poor Weather Visibility,Low,0.0
ACC34417,22-06-2022,06:46,Andhra Pradesh,Kurnool,16.2256,79.6743,State Highway,Rainy,Day,34,Male,Bike,64,No,No,No,Poor Weather Visibility,Medium,3.0
ACC34418,06-12-2024,20:34,Andhra Pradesh,Guntur,16.2073,79.8537,Village Road,Clear,Night,32,Male,Car,39,No,No,No,Signal Jumping,Low,0.0
ACC34419,08-09-2024,09:37,Telangana,Khammam,18.3763,78.5235,Village Road,Cloudy,Day,45,Male,Bus,48,No,No,No,Signal Jumping,Low,1.0
ACC34420,16-07-2024,07:48,Kerala,Thrissur,10.8205,76.084,Village Road,Clear,Day,35,Male,Car,52,No,No,Yes,Pothole/Bad Road,Medium,
ACC34421,25-03-2023,10:21,Telangana,Karimnagar,18.4793,79.0524,City Road,Cloudy,Day,31,Female,Bike,29,No,No,No,Poor Weather Visibility,Low,1.0
ACC34422,15-10-2023,13:02,Kerala,Thrissur,10.1424,75.7998,City Road,Cloudy,Day,50,Female,Bike,52,No,No,No,Poor Weather Visibility,Medium,1.0
ACC34423,21-12-2022,04:25,Tamil Nadu,Chennai,11.4443,78.6072,City Road,Cloudy,Night,39,Male,Bike,40,Yes,No,Yes,Drunk Driving,Medium,2.0
ACC34424,22-04-2022,09:24,Karnataka,Bengaluru Urban,15.3727,75.6649,State Highway,Rainy,Day,29,Female,Bike,66,Yes,No,Yes,Poor Weather Visibility,High,9.0
ACC34425,16-06-2024,21:24,Kerala,Kozhikode,9.9227,75.7903,City Road,Rainy,Night,38,Male,Car,53,No,Yes,No,Poor Weather Visibility,Medium,3.0
ACC34426,01-12-2024,07:05,Kerala,Kozhikode,10.5619,76.4199,Village Road,Clear,Day,44,Male,Auto,39,No,No,No,Signal Jumping,Low,1.0
ACC34427,24-06-2024,20:51,Tamil Nadu,Madurai,11.2319,78.4621,City Road,Rainy,Night,30,Male,Bike,49,Yes,No,Yes,Poor Weather Visibility,Medium,4.0
ACC34428,13-05-2023,19:40,Tamil Nadu,Madurai,11.3343,78.497,Village Road,Clear,Night,34,Male,Bike,37,No,No,Yes,Pothole/Bad Road,Low,0.0
ACC34429,29-04-2023,09:06,Kerala,Kozhikode,9.6879,75.9741,State Highway,Rainy,Day,30,Male,Bus,45,No,Yes,No,Poor Weather Visibility,Low,1.0
ACC34430,24-02-2024,18:40,Telangana,Khammam,17.8861,78.7629,City Road,Cloudy,Dusk,66,Male,Bike,63,No,No,No,Poor Weather Visibility,Medium,3.0
ACC34431,21-01-2023,08:41,Andhra Pradesh,Visakhapatnam,16.2388,79.9923,Expressway,Clear,Day,55,Male,Bike,66,No,No,No,Signal Jumping,Medium,5.0
ACC34432,12-10-2023,10:39,Karnataka,Belagavi,15.266,75.8121,City Road,Clear,Day,48,Male,Car,43,Yes,No,No,Drunk Driving,Low,0.0
ACC34433,26-06-2023,03:32,Andhra Pradesh,Kurnool,15.6648,80.2019,National Highway,Clear,Night,26,Male,Car,96,Yes,Yes,No,Over Speeding,High,5.0
ACC34434,18-11-2024,15:15,Tamil Nadu,Madurai,10.998,79.5946,City Road,Rainy,Day,46,Male,Bike,50,Yes,No,No,Poor Weather Visibility,Low,0.0
ACC34435,08-05-2023,06:04,Kerala,Kozhikode,11.0879,75.9755,Village Road,Clear,Day,51,Male,Bike,60,Yes,No,No,Drunk Driving,Low,2.0
ACC34436,12-07-2022,20:13,Kerala,Ernakulam,10.659,76.6406,State Highway,Rainy,Night,42,Male,Bike,73,No,No,No,Poor Weather Visibility,Medium,2.0
ACC34437,21-05-2022,06:02,Telangana,Khammam,17.6064,79.2433,Expressway,Rainy,Day,44,Female,Car,89,No,No,No,Over Speeding,High,10.0
ACC34438,15-07-2023,19:29,Andhra Pradesh,Guntur,16.0719,79.4729,City Road,Cloudy,Night,39,Male,Car,56,No,No,No,Poor Weather Visibility,Low,1.0
ACC34439,08-08-2024,23:49,Telangana,Warangal,17.9389,78.9505,Village Road,Clear,Night,30,Male,Car,19,No,No,Yes,Pothole/Bad Road,Low,0.0
ACC34440,11-07-2024,15:58,Kerala,Ernakulam,10.707,76.5332,City Road,Rainy,Day,18,Male,Car,47,Yes,No,Yes,Poor Weather Visibility,Medium,6.0
ACC34441,18-04-2024,15:52,Andhra Pradesh,Guntur,15.4362,80.1506,City Road,Clear,Day,64,Male,Bike,30,No,No,No,Signal Jumping,Low,0.0
ACC34442,30-11-2023,11:23,Telangana,Warangal,18.5006,79.4555,State Highway,Clear,Day,37,Female,Bike,65,No,Yes,No,Drowsy Driving,Medium,2.0
ACC34443,29-11-2024,17:01,Andhra Pradesh,Guntur,15.6992,80.0242,City Road,Cloudy,Dusk,44,Male,Bus,60,No,Yes,No,Drowsy Driving,Low,0.0
ACC34444,16-11-2024,14:15,Karnataka,Bengaluru Urban,15.2344,75.2091,City Road,Clear,Day,25,Male,Bike,70,Yes,No,No,Drunk Driving,Medium,3.0
ACC34445,01-11-2022,12:05,Karnataka,Belagavi,14.408,75.7458,State Highway,Cloudy,Day,38,Female,Bus,71,No,Yes,Yes,Drowsy Driving,Medium,3.0
ACC34446,03-07-2023,19:46,Kerala,Thrissur,10.6567,76.3882,Village Road,Rainy,Night,19,Female,Truck,62,Yes,No,No,Poor Weather Visibility,High,7.0
ACC34447,01-04-2023,20:12,Telangana,Karimnagar,17.4018,78.7769,National Highway,Clear,Night,25,Female,Car,74,Yes,No,No,Drunk Driving,High,6.0
ACC34448,30-10-2023,09:32,Kerala,Thiruvananthapuram,10.9177,76.5774,Expressway,Rainy,Day,21,Male,Car,101,Yes,No,No,Over Speeding,High,1.0
ACC34449,01-07-2023,18:48,Telangana,Hyderabad,17.921,79.0834,State Highway,Overcast,Dusk,30,Male,Bus,55,No,No,No,Poor Weather Visibility,Medium,3.0
ACC34450,26-02-2023,17:48,Tamil Nadu,Coimbatore,10.9137,78.634,State Highway,Foggy,Dusk,18,Male,Auto,89,Yes,No,No,Poor Weather Visibility,High,6.0
ACC34451,07-01-2023,06:59,Tamil Nadu,Madurai,10.9678,77.8201,City Road,Rainy,Day,22,Male,Car,45,No,No,No,Poor Weather Visibility,Low,1.0
ACC34452,09-03-2022,10:55,Tamil Nadu,Tiruchirappalli,10.6134,78.8964,City Road,Overcast,Day,43,Male,Truck,44,No,No,No,Signal Jumping,Low,1.0
ACC34453,07-01-2024,18:44,Telangana,Nizamabad,18.2302,78.5511,State Highway,Cloudy,Dusk,18,Female,Bike,46,No,No,No,Poor Weather Visibility,Low,2.0
ACC34454,06-11-2023,00:39,Telangana,Warangal,17.8015,78.4068,State Highway,Overcast,Night,31,Male,Auto,70,No,No,No,Poor Weather Visibility,Medium,3.0
ACC34455,06-05-2022,19:45,Karnataka,Belagavi,15.0107,75.2674,City Road,Cloudy,Night,43,Female,Car,40,No,Yes,No,Drowsy Driving,Medium,3.0
ACC34456,06-02-2022,21:56,Kerala,Kozhikode,10.0062,76.258,City Road,Clear,Night,30,Female,Car,54,No,No,Yes,Pothole/Bad Road,Low,3.0
ACC34457,11-08-2024,10:14,Telangana,Hyderabad,17.3671,78.6515,State Highway,Cloudy,Day,35,Male,Car,52,No,No,No,Poor Weather Visibility,Low,1.0
ACC34458,18-04-2023,16:57,Tamil Nadu,Salem,10.9454,78.6853,Village Road,Clear,Day,24,Male,Car,49,No,No,No,Signal Jumping,Low,1.0
ACC34459,19-08-2022,07:21,Tamil Nadu,Madurai,11.2091,78.3306,State Highway,Clear,Day,18,Female,Bus,51,No,No,No,Signal Jumping,Low,0.0
ACC34460,17-12-2023,08:26,Karnataka,Hubballi,15.9091,75.7776,City Road,Cloudy,Day,51,Male,Truck,56,No,No,No,Poor Weather Visibility,Low,1.0
ACC34461,10-11-2024,17:27,Andhra Pradesh,Guntur,15.8549,79.7471,National Highway,Clear,Dusk,32,Male,Car,61,No,Yes,No,Drowsy Driving,Medium,2.0
ACC34462,20-07-2024,17:57,Andhra Pradesh,Guntur,16.0344,78.8119,National Highway,Overcast,Dusk,46,Male,Bike,72,No,No,No,Signal Jumping,High,7.0
ACC34463,06-07-2024,14:53,Andhra Pradesh,Kurnool,15.8923,79.666,State Highway,Cloudy,Day,66,Male,Auto,62,No,No,No,Poor Weather Visibility,Medium,3.0
ACC34464,02-03-2022,13:29,Andhra Pradesh,Vijayawada,15.5946,79.5054,City Road,Clear,Day,19,Male,Auto,69,No,No,No,Signal Jumping,Low,0.0
ACC34465,11-10-2023,23:53,Kerala,Thrissur,10.3923,75.9822,National Highway,Overcast,Night,33,Female,Bike,91,No,Yes,No,Over Speeding,High,7.0
ACC34466,03-10-2024,21:51,Kerala,Ernakulam,10.1451,76.7898,National Highway,Rainy,Night,23,Male,Auto,67,Yes,No,Yes,Poor Weather Visibility,High,4.0
ACC34467,12-03-2022,18:00,Tamil Nadu,Tiruchirappalli,11.635,78.5886,State Highway,Cloudy,Dusk,26,Male,Auto,51,No,No,Yes,Pothole/Bad Road,Low,1.0
ACC34468,29-11-2022,13:08,Andhra Pradesh,Vijayawada,15.6939,80.2608,Expressway,Clear,Day,38,Male,Car,96,No,Yes,No,Over Speeding,High,4.0
ACC34469,04-07-2024,06:57,Karnataka,Mysuru,14.5734,76.0193,State Highway,Rainy,Day,18,Male,Bike,74,Yes,No,No,Poor Weather Visibility,High,8.0
ACC34470,13-03-2022,09:44,Tamil Nadu,Madurai,10.2042,78.5408,Expressway,Overcast,Day,48,Female,Auto,75,No,No,No,Signal Jumping,High,3.0
ACC34471,17-09-2023,13:08,Andhra Pradesh,Visakhapatnam,16.0607,80.2891,Expressway,Clear,Day,25,Female,Bike,93,No,No,No,Over Speeding,High,6.0
ACC34472,25-10-2023,12:01,Tamil Nadu,Salem,10.7997,78.1875,National Highway,Rainy,Day,22,Male,Bike,46,No,No,No,Poor Weather Visibility,Medium,1.0
ACC34473,17-03-2023,19:57,Karnataka,Belagavi,15.9,75.6733,City Road,Clear,Night,25,Male,Auto,45,No,No,No,Signal Jumping,Low,2.0
ACC34474,14-12-2024,15:10,Karnataka,Bengaluru Urban,15.7512,75.5078,City Road,Clear,Day,41,Male,Bike,42,No,No,No,Poor Weather Visibility,Low,0.0
ACC34475,23-01-2023,17:05,Andhra Pradesh,Vijayawada,16.2664,79.1655,National Highway,Rainy,Dusk,21,Female,Truck,65,No,No,No,Poor Weather Visibility,Medium,4.0
ACC34476,26-05-2023,00:49,Tamil Nadu,Coimbatore,11.0275,78.5759,State Highway,Rainy,Night,47,Male,Bike,58,Yes,Yes,Yes,Poor Weather Visibility,High,5.0
ACC34477,18-06-2024,19:59,Telangana,Karimnagar,17.466,78.6747,State Highway,Clear,Night,27,Male,Car,59,No,Yes,No,Drowsy Driving,Medium,2.0
ACC34478,05-11-2022,20:26,Andhra Pradesh,Vijayawada,16.079,79.764,City Road,Clear,Night,36,Female,Bus,62,No,Yes,No,Drowsy Driving,Medium,2.0
ACC34479,23-07-2022,02:18,Tamil Nadu,Madurai,10.4299,79.3349,National Highway,Clear,Night,33,Male,Car,71,No,Yes,No,Drowsy Driving,High,9.0
ACC34480,28-10-2023,14:10,Andhra Pradesh,Vijayawada,15.5616,79.1672,Village Road,Clear,Day,23,Male,Car,43,No,No,Yes,Pothole/Bad Road,Low,1.0
ACC34481,23-02-2023,19:52,Tamil Nadu,Madurai,12.1009,78.588,Village Road,Clear,Night,27,Male,Bike,43,Yes,No,No,Drunk Driving,Medium,2.0
ACC34482,22-08-2024,08:45,Tamil Nadu,Chennai,10.7183,77.9714,City Road,Overcast,Day,45,Male,Auto,51,Yes,No,No,Drunk Driving,Medium,3.0
ACC34483,17-01-2024,09:57,Andhra Pradesh,Kurnool,15.6845,79.5449,City Road,Clear,Day,38,Male,Car,37,No,No,No,Signal Jumping,Low,0.0
ACC34484,17-07-2024,03:11,Karnataka,Mysuru,14.7534,75.8574,Village Road,Rainy,Night,39,Male,Car,58,Yes,No,No,Poor Weather Visibility,High,7.0
ACC34485,19-05-2022,18:15,Karnataka,Mysuru,15.4404,74.9347,City Road,Clear,Dusk,52,Male,Car,44,No,No,No,Poor Weather Visibility,Low,1.0
ACC34486,21-12-2024,07:24,Tamil Nadu,Chennai,11.9907,78.8124,State Highway,Clear,Day,35,Male,Car,66,No,No,No,Signal Jumping,Low,1.0
ACC34487,29-03-2023,21:34,Andhra Pradesh,Vijayawada,16.5658,79.398,City Road,Clear,Night,41,Male,Bike,47,No,No,No,Signal Jumping,Low,0.0
ACC34488,10-05-2023,16:26,Andhra Pradesh,Guntur,15.9029,80.0008,Expressway,Clear,Day,21,Male,Auto,77,No,No,Yes,Over Speeding,Medium,1.0