Accident_ID,Date,Time,State,District,Latitude,Longitude,Road_Type,Weather,Light_Condition,Driver_Age,Driver_Gender,Vehicle_Type,Speed_kmph,Alcohol_Involved,Driver_Drowsy,Pothole_Involved,Cause_of_Accident,Severity,Casualties
ACC34489,27-02-2022,09:03,Telangana,Karimnagar,18.2946,78.8564,City Road,Rainy,Day,46,Male,Truck,61,No,No,No,Poor Weather Visibility,Medium,2.0
ACC34490,17-06-2023,17:34,Tamil Nadu,Madurai,10.8779,78.5372,Village Road,Foggy,Dusk,33,Male,Bike,51,No,No,Yes,Poor Weather Visibility,Medium,2.0
ACC34491,30-04-2023,17:03,Karnataka,Belagavi,15.3883,75.7118,National Highway,Overcast,Dusk,46,Male,Car,70,Yes,No,No,Drunk Driving,High,5.0
ACC34492,31-01-2024,15:48,Kerala,Thrissur,10.5449,76.7366,State Highway,Rainy,Day,31,Male,Auto,56,No,No,Yes,Poor Weather Visibility,Medium,2.0
ACC34493,16-07-2023,11:49,Kerala,Thiruvananthapuram,10.0337,76.3632,Expressway,Clear,Day,18,Male,Auto,80,No,No,No,Over Speeding,Medium,6.0
ACC34494,07-07-2023,07:08,Kerala,Ernakulam,10.9597,75.7954,National Highway,Clear,Day,23,Male,Bike,75,No,No,No,Signal Jumping,Medium,6.0
ACC34495,10-10-2024,14:25,Karnataka,Bengaluru Urban,15.2485,75.4938,City Road,Cloudy,Day,41,Male,Bike,54,No,No,Yes,Pothole/Bad Road,Medium,2.0
ACC34496,02-02-2023,13:02,Tamil Nadu,Tiruchirappalli,10.7935,78.3716,City Road,Clear,Day,18,Male,Auto,56,No,No,No,Signal Jumping,Low,2.0
ACC34497,28-10-2024,07:09,Karnataka,Hubballi,14.9068,75.3222,City Road,Clear,Day,41,Male,Bike,41,No,No,Yes,Pothole/Bad Road,Low,2.0
ACC34498,09-12-2024,23:06,Telangana,Hyderabad,17.4154,78.8169,Village Road,Clear,Night,20,Male,Bike,37,No,No,No,Signal Jumping,Low,0.0
ACC34499,15-02-2022,21:13,Karnataka,Mysuru,15.7303,76.3984,Village Road,Clear,Night,55,Female,Bike,34,No,Yes,No,Drowsy Driving,Low,1.0
ACC34500,31-12-2022,20:13,Andhra Pradesh,Guntur,15.6069,79.5289,Village Road,Clear,Night,42,Male,Bike,43,No,No,Yes,Pothole/Bad Road,Medium,0.0
ACC34501,28-05-2022,22:20,Telangana,Warangal,17.8557,78.7617,Expressway,Cloudy,Night,39,Female,Bike,70,No,No,Yes,Pothole/Bad Road,Medium,2.0
ACC34502,22-03-2024,21:30,Kerala,Thrissur,10.8209,75.8789,Village Road,Clear,Night,28,Male,Car,57,No,No,No,Signal Jumping,Low,0.0
ACC34503,14-04-2023,09:58,Karnataka,Mangaluru,15.2381,76.8222,State Highway,Clear,Day,45,Male,Bike,62,No,No,No,Over Speeding,Medium,3.0
ACC34504,30-05-2024,12:51,Andhra Pradesh,Nellore,16.643,79.5768,City Road,Overcast,Day,44,Male,Bike,36,No,No,No,Poor Weather Visibility,Low,0.0
ACC34505,25-11-2022,11:59,Tamil Nadu,Tiruchirappalli,11.3058,78.7267,City Road,Clear,Day,37,Male,Bike,40,No,No,No,Signal Jumping,Low,0.0
ACC34506,19-10-2023,14:06,Puducherry,Puducherry,11.6294,79.1655,State Highway,Rainy,Day,45,Male,Bike,66,No,No,No,Poor Weather Visibility,High,3.0
ACC34507,05-10-2022,23:01,Andhra Pradesh,Nellore,15.7958,79.5562,City Road,Cloudy,Night,50,Female,Bike,61,No,Yes,No,Drowsy Driving,Medium,6.0
ACC34508,30-09-2023,07:06,Karnataka,Mangaluru,15.3107,75.2023,State Highway,Clear,Day,42,Male,Car,63,No,No,Yes,Pothole/Bad Road,Low,1.0
ACC34509,13-04-2024,23:18,Kerala,Thrissur,10.5455,76.0268,City Road,Cloudy,Night,31,Male,Auto,63,No,No,No,Poor Weather Visibility,Medium,2.0
ACC34510,22-05-2024,17:40,Tamil Nadu,Tiruchirappalli,11.6685,78.5181,City Road,Clear,Dusk,43,Female,Car,68,Yes,No,No,Drunk Driving,Low,2.0
ACC34511,07-04-2022,16:23,Tamil Nadu,Coimbatore,10.5327,78.0092,Village Road,Cloudy,Day,46,Male,Car,30,No,No,No,Poor Weather Visibility,Low,0.0
ACC34512,10-05-2023,16:49,Karnataka,Mysuru,15.9329,76.1542,Village Road,Rainy,Day,33,Male,Car,24,No,No,Yes,Poor Weather Visibility,Low,
ACC34513,20-07-2022,22:46,Karnataka,Mysuru,15.4083,75.4678,State Highway,Rainy,Night,40,Male,Bike,57,No,No,Yes,Poor Weather Visibility,Medium,3.0
ACC34514,23-03-2022,14:38,Andhra Pradesh,Vijayawada,16.3148,79.8803,City Road,Clear,Day,52,Male,Car,68,No,No,No,Over Speeding,Medium,3.0
ACC34515,30-05-2023,05:53,Tamil Nadu,Chennai,11.1261,79.3087,Expressway,Clear,Dawn,49,Female,Bike,94,No,No,No,Over Speeding,High,8.0
ACC34516,02-02-2023,18:29,Kerala,Thiruvananthapuram,10.1887,76.7565,City Road,Rainy,Dusk,31,Male,Bike,49,No,No,No,Poor Weather Visibility,Low,0.0
ACC34517,15-05-2022,21:01,Telangana,Karimnagar,17.1024,78.0224,State Highway,Clear,Night,36,Male,Bike,57,No,No,No,Poor Weather Visibility,Medium,4.0
ACC34518,01-05-2022,05:04,Tamil Nadu,Madurai,10.9673,78.5074,Village Road,Clear,Dawn,49,Male,Auto,48,No,No,Yes,Pothole/Bad Road,Low,0.0
ACC34519,19-12-2023,06:00,Karnataka,Belagavi,15.5836,75.7272,State Highway,Clear,Day,48,Male,Car,53,No,No,No,Poor Weather Visibility,Low,1.0
ACC34520,18-01-2023,21:13,Kerala,Thrissur,9.8935,76.1305,Village Road,Clear,Night,19,Male,Bike,35,No,No,No,Poor Weather Visibility,Low,2.0
ACC34521,10-09-2023,19:27,Telangana,Hyderabad,18.6245,79.0419,National Highway,Clear,Night,46,Female,Auto,88,No,Yes,No,Over Speeding,High,4.0
ACC34522,18-01-2023,16:34,Tamil Nadu,Coimbatore,11.86,78.7623,Village Road,Rainy,Day,66,Male,Bike,64,No,No,No,Poor Weather Visibility,Medium,4.0
ACC34523,18-05-2023,14:30,Telangana,Hyderabad,17.431,79.0002,City Road,Cloudy,Day,38,Male,Bus,73,No,Yes,No,Drowsy Driving,Medium,2.0
ACC34524,26-03-2022,21:25,Kerala,Kollam,9.9365,76.832,National Highway,Foggy,Night,34,Male,Car,78,Yes,No,No,Poor Weather Visibility,High,4.0
ACC34525,01-09-2022,14:05,Tamil Nadu,Chennai,10.6038,78.4359,State Highway,Clear,Day,25,Male,Car,53,No,No,No,Signal Jumping,Low,1.0
ACC34526,24-07-2022,15:41,Tamil Nadu,Madurai,11.0571,78.205,City Road,Clear,Day,21,Female,Car,44,Yes,No,No,Drunk Driving,Low,0.0
ACC34527,13-07-2023,16:24,Telangana,Hyderabad,17.8007,78.771,Village Road,Overcast,Day,75,Male,Bike,51,No,No,Yes,Pothole/Bad Road,Medium,0.0
ACC34528,24-10-2023,11:48,Karnataka,Mysuru,14.6887,75.3868,City Road,Rainy,Day,42,Male,Car,51,No,No,Yes,Poor Weather Visibility,Low,1.0
ACC34529,28-08-2023,08:34,Karnataka,Hubballi,15.0037,76.0434,City Road,Clear,Day,34,Male,Bike,56,No,No,No,Signal Jumping,Low,1.0
ACC34530,04-02-2022,00:11,Tamil Nadu,Salem,11.7316,77.9988,Village Road,Overcast,Night,52,Male,Truck,59,No,Yes,No,Drowsy Driving,Medium,
ACC34531,09-03-2024,15:32,Andhra Pradesh,Nellore,15.8823,79.697,Village Road,Overcast,Day,35,Female,Bike,46,No,No,No,Poor Weather Visibility,Low,1.0
ACC34532,22-11-2024,09:37,Kerala,Kozhikode,10.15,76.6375,Village Road,Clear,Day,26,Male,Bike,37,No,No,Yes,Pothole/Bad Road,Low,1.0
ACC34533,04-10-2022,06:57,Telangana,Hyderabad,17.7075,78.763,Expressway,Clear,Day,47,Female,Car,72,No,No,No,Over Speeding,Medium,2.0
ACC34534,27-12-2024,13:39,Tamil Nadu,Salem,10.6162,78.3526,City Road,Overcast,Day,50,Male,Bike,51,No,No,No,Poor Weather Visibility,Low,0.0
ACC34535,25-01-2022,06:05,Kerala,Thiruvananthapuram,10.2919,75.9524,City Road,Rainy,Day,30,Female,Bus,41,No,No,Yes,Poor Weather Visibility,Low,0.0
ACC34536,22-09-2024,20:52,Tamil Nadu,Madurai,10.6571,78.7896,National Highway,Clear,Night,25,Male,Auto,64,No,No,No,Over Speeding,Medium,3.0
ACC34537,03-01-2023,17:10,Kerala,Thrissur,10.6104,76.2943,Expressway,Overcast,Dusk,36,Male,Truck,85,No,Yes,No,Over Speeding,High,6.0
ACC34538,12-05-2022,19:41,Telangana,Warangal,17.6458,78.9423,City Road,Overcast,Night,33,Male,Bike,45,No,No,No,Signal Jumping,Low,0.0
ACC34539,16-11-2022,18:31,Kerala,Kollam,10.2421,75.9981,Village Road,Rainy,Dusk,57,Female,Car,49,No,No,No,Poor Weather Visibility,Low,0.0
ACC34540,27-02-2024,18:13,Telangana,Khammam,17.8985,78.7737,Village Road,Clear,Dusk,43,Male,Truck,51,No,No,Yes,Signal Jumping,Low,
ACC34541,24-07-2023,15:14,Tamil Nadu,Madurai,11.4368,78.8978,City Road,Clear,Day,36,Male,Bike,24,No,No,Yes,Pothole/Bad Road,Low,2.0
ACC34542,06-11-2023,10:05,Telangana,Khammam,17.407,79.1809,National Highway,Clear,Day,28,Male,Bike,87,No,No,No,Over Speeding,High,6.0
ACC34543,29-09-2023,08:42,Tamil Nadu,Madurai,11.284,78.842,National Highway,Cloudy,Day,42,Male,Auto,74,No,No,No,Over Speeding,High,4.0
ACC34544,25-07-2024,12:46,Karnataka,Bengaluru Urban,14.6137,76.1385,Expressway,Clear,Day,53,Male,Auto,88,No,No,No,Over Speeding,Medium,3.0
ACC34545,01-09-2024,22:02,Kerala,Kozhikode,10.6557,75.8682,Village Road,Cloudy,Night,35,Female,Bike,49,Yes,No,No,Drunk Driving,Medium,2.0
ACC34546,08-05-2024,11:20,Tamil Nadu,Madurai,11.1238,78.4998,City Road,Rainy,Day,44,Male,Car,38,No,No,No,Poor Weather Visibility,Low,1.0
ACC34547,20-01-2022,14:24,Puducherry,Karaikal,11.8263,80.0111,Village Road,Clear,Day,51,Male,Truck,61,No,Yes,No,Drowsy Driving,Medium,2.0
ACC34548,29-03-2024,11:40,Kerala,Kollam,11.1814,76.3398,National Highway,Cloudy,Day,47,Male,Bus,84,No,No,No,Over Speeding,Medium,3.0
ACC34549,18-09-2023,14:16,Puducherry,Puducherry,12.2798,79.0817,City Road,Clear,Day,75,Male,Car,60,No,No,No,Signal Jumping,Low,0.0
ACC34550,05-12-2022,07:14,Telangana,Nizamabad,18.1224,79.6855,State Highway,Rainy,Day,39,Female,Car,54,No,Yes,No,Poor Weather Visibility,Medium,4.0
ACC34551,28-04-2024,06:11,Karnataka,Mangaluru,15.4445,75.2741,State Highway,Clear,Day,27,Male,Car,65,No,No,No,Over Speeding,Low,0.0
ACC34552,17-07-2024,10:58,Andhra Pradesh,Kurnool,16.4477,79.6327,National Highway,Foggy,Day,25,Male,Bike,52,No,Yes,No,Poor Weather Visibility,Medium,5.0
ACC34553,28-02-2024,06:41,Tamil Nadu,Salem,10.6521,78.3608,City Road,Clear,Day,18,Female,Bike,65,No,No,Yes,Pothole/Bad Road,Medium,3.0
ACC34554,30-05-2024,12:05,Andhra Pradesh,Vijayawada,15.542,79.8494,City Road,Clear,Day,30,Female,Bus,52,No,No,No,Signal Jumping,Low,1.0
ACC34555,30-01-2023,05:28,Karnataka,Mysuru,15.1653,74.8672,National Highway,Foggy,Dawn,51,Male,Bike,75,No,No,No,Poor Weather Visibility,Medium,
ACC34556,29-07-2024,04:37,Kerala,Kozhikode,10.4947,76.355,Expressway,Cloudy,Night,59,Male,Auto,67,No,No,No,Poor Weather Visibility,Medium,4.0
ACC34557,21-08-2022,14:18,Kerala,Kozhikode,10.6329,76.476,City Road,Clear,Day,18,Male,Car,50,No,No,Yes,Pothole/Bad Road,Low,
ACC34558,11-03-2024,23:48,Kerala,Thiruvananthapuram,10.8308,76.709,National Highway,Clear,Night,29,Male,Bus,73,No,No,No,Over Speeding,Medium,1.0
ACC34559,24-06-2023,00:53,Telangana,Hyderabad,17.8491,78.5401,National Highway,Cloudy,Night,27,Male,Auto,80,No,Yes,No,Drowsy Driving,High,8.0
ACC34560,01-05-2024,06:06,Karnataka,Belagavi,15.0006,75.9758,State Highway,Cloudy,Day,41,Male,Bike,65,No,No,No,Poor Weather Visibility,Low,0.0
ACC34561,03-11-2024,13:06,Kerala,Kollam,10.4483,76.5187,City Road,Clear,Day,39,Male,Car,51,No,No,No,Poor Weather Visibility,Low,
ACC34562,02-05-2022,08:09,Tamil Nadu,Tiruchirappalli,10.9099,78.2591,National Highway,Cloudy,Day,41,Male,Car,75,No,No,No,Over Speeding,Medium,1.0
ACC34563,01-07-2024,08:35,Andhra Pradesh,Visakhapatnam,15.6106,79.6909,State Highway,Clear,Day,42,Male,Truck,55,No,No,No,Poor Weather Visibility,Low,0.0
ACC34564,09-10-2023,17:50,Karnataka,Mysuru,15.1858,75.4039,Expressway,Clear,Dusk,25,Male,Bike,96,Yes,No,No,Over Speeding,High,4.0
ACC34565,07-10-2024,21:20,Andhra Pradesh,Kurnool,16.0437,79.2481,City Road,Foggy,Night,24,Male,Bike,36,No,No,No,Poor Weather Visibility,Medium,
ACC34566,07-03-2024,22:34,Tamil Nadu,Salem,11.0893,78.6387,City Road,Cloudy,Night,35,Male,Truck,59,Yes,Yes,No,Drunk Driving,High,8.0
ACC34567,04-04-2024,22:39,Kerala,Ernakulam,10.3088,76.8796,Expressway,Clear,Night,30,Male,Truck,95,No,Yes,No,Over Speeding,High,5.0
ACC34568,21-02-2024,13:31,Telangana,Warangal,18.0151,79.1807,City Road,Clear,Day,28,Male,Bike,51,No,No,Yes,Pothole/Bad Road,Low,0.0
ACC34569,11-06-2024,09:41,Telangana,Warangal,18.4799,78.5767,Village Road,Clear,Day,39,Female,Bus,21,No,No,Yes,Pothole/Bad Road,Low,1.0
ACC34570,08-08-2023,20:41,Kerala,Thiruvananthapuram,10.107,75.9589,Village Road,Rainy,Night,47,Male,Bike,74,Yes,No,Yes,Poor Weather Visibility,High,5.0
ACC34571,10-02-2022,18:16,Tamil Nadu,Salem,10.7809,78.8288,Expressway,Clear,Dusk,57,Male,Bike,77,No,No,No,Over Speeding,Medium,4.0
ACC34572,10-01-2024,09:14,Andhra Pradesh,Vijayawada,16.3654,80.0096,City Road,Clear,Day,65,Male,Car,63,No,No,No,Over Speeding,Low,2.0
ACC34573,31-01-2022,04:14,Telangana,Khammam,17.8628,79.4504,National Highway,Rainy,Night,18,Male,Truck,76,No,No,No,Poor Weather Visibility,High,8.0
ACC34574,08-02-2023,09:54,Tamil Nadu,Coimbatore,10.7946,78.8494,State Highway,Clear,Day,32,Male,Bus,50,No,No,No,Poor Weather Visibility,Low,0.0
ACC34575,11-05-2023,14:21,Tamil Nadu,Coimbatore,10.6371,78.3658,City Road,Clear,Day,58,Male,Truck,49,No,Yes,No,Drowsy Driving,Low,1.0
ACC34576,07-08-2024,10:09,Karnataka,Mangaluru,16.0902,75.0186,City Road,Overcast,Day,42,Male,Auto,60,Yes,No,Yes,Drunk Driving,Medium,1.0
ACC34577,18-05-2024,14:11,Andhra Pradesh,Visakhapatnam,15.6903,80.0267,State Highway,Overcast,Day,27,Male,Bike,46,No,No,Yes,Pothole/Bad Road,Low,1.0
ACC34578,08-03-2023,04:22,Karnataka,Mangaluru,14.7421,75.7889,National Highway,Clear,Night,25,Male,Auto,68,No,No,No,Over Speeding,Medium,3.0
ACC34579,28-09-2024,12:31,Karnataka,Bengaluru Urban,15.1804,75.7036,Village Road,Cloudy,Day,48,Female,Bike,39,No,No,No,Poor Weather Visibility,Low,0.0
ACC34580,10-12-2023,02:58,Andhra Pradesh,Kurnool,16.5342,79.6557,City Road,Cloudy,Night,35,Female,Bike,48,Yes,No,No,Drunk Driving,Medium,2.0
ACC34581,09-08-2024,19:10,Karnataka,Belagavi,14.4212,74.8545,City Road,Clear,Night,34,Male,Bike,62,Yes,Yes,No,Drunk Driving,High,3.0
ACC34582,14-02-2024,20:45,Telangana,Hyderabad,17.9525,79.1276,National Highway,Clear,Night,22,Male,Car,78,Yes,No,No,Drunk Driving,Medium,3.0
ACC34583,29-05-2024,22:31,Kerala,Kozhikode,10.5029,76.4535,Village Road,Rainy,Night,56,Male,Car,39,No,Yes,Yes,Poor Weather Visibility,Medium,2.0
ACC34584,22-03-2023,22:47,Kerala,Thrissur,10.6776,76.5687,National Highway,Rainy,Night,36,Female,Bike,76,No,No,No,Poor Weather Visibility,High,6.0
ACC34585,25-05-2023,14:04,Andhra Pradesh,Vijayawada,16.0763,79.2757,City Road,Cloudy,Day,56,Female,Car,70,No,Yes,No,Drowsy Driving,Medium,2.0
ACC34586,22-02-2022,06:03,Kerala,Thrissur,10.939,76.9325,State Highway,Clear,Day,55,Male,Car,69,Yes,No,Yes,Drunk Driving,High,5.0
ACC34587,12-10-2023,06:08,Kerala,Kozhikode,10.3239,76.8931,City Road,Cloudy,Day,19,Male,Car,42,No,No,Yes,Pothole/Bad Road,Low,0.0
ACC34588,01-12-2023,01:54,Telangana,Khammam,18.4072,78.9216,National Highway,Clear,Night,57,Male,Bike,59,No,Yes,No,Drowsy Driving,Low,0.0
ACC34589,19-05-2023,18:12,Andhra Pradesh,Kurnool,15.1546,79.057,State Highway,Cloudy,Dusk,67,Male,Car,49,No,No,No,Poor Weather Visibility,Low,1.0
ACC34590,12-07-2023,08:11,Andhra Pradesh,Guntur,15.3045,79.7062,City Road,Clear,Day,55,Male,Auto,50,No,No,No,Poor Weather Visibility,Medium,2.0
ACC34591,26-08-2023,15:24,Tamil Nadu,Madurai,10.8035,78.3947,State Highway,Cloudy,Day,38,Male,Auto,58,No,No,No,Poor Weather Visibility,Low,0.0
ACC34592,31-12-2022,16:12,Kerala,Kozhikode,10.111,76.4419,City Road,Clear,Day,18,Male,Auto,49,No,Yes,No,Drowsy Driving,Medium,4.0
ACC34593,10-02-2022,07:43,Telangana,Khammam,17.6497,78.9258,State Highway,Clear,Day,38,Female,Car,71,No,No,No,Over Speeding,Low,1.0
ACC34594,08-09-2024,19:32,Tamil Nadu,Tiruchirappalli,11.0768,78.8664,Village Road,Clear,Night,36,Male,Car,35,No,No,Yes,Pothole/Bad Road,Low,1.0
ACC34595,02-06-2024,20:37,Telangana,Karimnagar,18.1368,79.2954,Expressway,Overcast,Night,28,Male,Bike,93,No,No,Yes,Over Speeding,High,6.0
ACC34596,15-10-2022,16:36,Andhra Pradesh,Guntur,15.6457,79.7986,Expressway,Cloudy,Day,37,Female,Truck,83,No,No,No,Over Speeding,Medium,4.0
ACC34597,29-01-2023,17:14,Karnataka,Bengaluru Urban,15.1486,75.3391,National Highway,Cloudy,Dusk,43,Male,Bike,56,No,No,No,Poor Weather Visibility,Low,0.0
ACC34598,20-03-2023,03:23,Andhra Pradesh,Nellore,15.4715,79.7432,National Highway,Overcast,Night,40,Male,Bike,70,No,Yes,No,Drowsy Driving,Medium,2.0
ACC34599,17-05-2022,01:41,Tamil Nadu,Madurai,11.0462,78.6283,City Road,Clear,Night,18,Female,Bike,44,No,Yes,Yes,Drowsy Driving,Low,1.0
ACC34600,04-01-2022,20:31,Karnataka,Mangaluru,15.4713,75.5335,Village Road,Overcast,Night,37,Male,Auto,28,No,No,No,Poor Weather Visibility,Low,0.0
ACC34601,28-09-2024,18:04,Karnataka,Bengaluru Urban,15.2955,75.7743,State Highway,Cloudy,Dusk,38,Male,Bike,76,No,No,No,Over Speeding,Medium,6.0
ACC34602,21-02-2023,22:05,Karnataka,Mysuru,15.5505,76.1887,City Road,Rainy,Night,28,Male,Auto,54,No,No,No,Poor Weather Visibility,Medium,4.0
ACC34603,10-04-2024,04:08,Andhra Pradesh,Kurnool,15.5303,79.9002,Village Road,Clear,Night,25,Male,Bike,19,No,Yes,No,Drowsy Driving,Low,0.0
ACC34604,19-08-2022,19:02,Kerala,Kozhikode,10.5941,75.8533,Village Road,Cloudy,Night,56,Female,Truck,56,Yes,No,No,Drunk Driving,High,4.0
ACC34605,07-03-2024,18:36,Tamil Nadu,Madurai,11.115,78.3573,National Highway,Clear,Dusk,19,Male,Auto,89,No,No,No,Over Speeding,High,5.0
ACC34606,24-06-2023,09:38,Tamil Nadu,Tiruchirappalli,11.0083,78.9068,City Road,Rainy,Day,53,Male,Bike,38,No,No,No,Poor Weather Visibility,Low,2.0
ACC34607,18-08-2023,20:36,Karnataka,Bengaluru Urban,15.199,76.2099,State Highway,Cloudy,Night,42,Male,Car,80,Yes,No,Yes,Drunk Driving,High,8.0
ACC34608,20-06-2023,18:25,Telangana,Karimnagar,17.8203,78.6246,National Highway,Clear,Dusk,51,Female,Bike,49,No,No,No,Signal Jumping,Low,0.0
ACC34609,06-07-2024,16:32,Andhra Pradesh,Visakhapatnam,15.5978,78.7568,State Highway,Clear,Day,33,Male,Car,72,No,Yes,No,Drowsy Driving,Medium,2.0
ACC34610,22-09-2023,08:38,Andhra Pradesh,Visakhapatnam,16.2747,80.164,Village Road,Rainy,Day,19,Male,Auto,62,Yes,No,No,Poor Weather Visibility,Medium,1.0
ACC34611,03-12-2024,17:41,Puducherry,Puducherry,11.9206,79.6042,State Highway,Clear,Dusk,31,Male,Auto,97,No,No,No,Over Speeding,High,6.0
ACC34612,18-11-2023,21:50,Andhra Pradesh,Visakhapatnam,15.7551,79.6377,National Highway,Rainy,Night,32,Male,Auto,78,No,Yes,No,Poor Weather Visibility,High,8.0
ACC34613,22-06-2024,21:14,Kerala,Ernakulam,10.1731,76.1106,City Road,Cloudy,Night,47,Male,Bike,51,Yes,No,No,Drunk Driving,Medium,4.0
ACC34614,17-05-2022,22:00,Andhra Pradesh,Nellore,15.5502,78.913,Village Road,Overcast,Night,18,Female,Car,30,No,No,No,Poor Weather Visibility,Low,1.0
ACC34615,09-10-2024,18:59,Karnataka,Bengaluru Urban,14.9401,75.136,Village Road,Rainy,Dusk,31,Male,Bus,43,No,Yes,No,Poor Weather Visibility,Low,0.0
ACC34616,04-06-2023,01:32,Puducherry,Karaikal,11.5739,79.4343,Village Road,Rainy,Night,43,Male,Bike,52,No,Yes,Yes,Poor Weather Visibility,High,7.0
ACC34617,02-02-2024,17:03,Tamil Nadu,Salem,11.1261,78.3095,City Road,Clear,Dusk,41,Male,Bike,39,No,No,Yes,Pothole/Bad Road,Low,0.0
ACC34618,22-07-2023,12:36,Telangana,Hyderabad,17.8744,79.3748,Village Road,Cloudy,Day,25,Female,Car,29,No,No,Yes,Pothole/Bad Road,Low,1.0
ACC34619,12-10-2022,16:51,Tamil Nadu,Chennai,10.9193,78.8676,State Highway,Overcast,Day,30,Male,Truck,47,No,No,Yes,Pothole/Bad Road,Low,
ACC34620,28-04-2024,18:50,Tamil Nadu,Coimbatore,10.796,78.3996,City Road,Cloudy,Dusk,54,Male,Bike,37,No,Yes,Yes,Drowsy Driving,Medium,3.0
ACC34621,31-08-2022,11:31,Kerala,Kollam,10.1042,75.8645,City Road,Clear,Day,43,Male,Bike,46,No,No,No,Poor Weather Visibility,Low,0.0
ACC34622,28-03-2023,09:36,Karnataka,Bengaluru Urban,15.1296,76.2258,State Highway,Overcast,Day,18,Male,Bike,46,No,No,No,Poor Weather Visibility,Low,0.0
ACC34623,16-05-2023,01:37,Karnataka,Mysuru,15.9384,75.7255,National Highway,Cloudy,Night,21,Male,Auto,75,Yes,No,No,Drunk Driving,High,4.0
ACC34624,25-10-2023,15:13,Kerala,Thrissur,10.0122,75.716,State Highway,Clear,Day,20,Female,Bike,66,No,No,No,Over Speeding,Medium,2.0
ACC34625,22-10-2024,06:36,Karnataka,Hubballi,15.7458,75.7447,State Highway,Clear,Day,56,Female,Bike,52,No,No,Yes,Pothole/Bad Road,Low,1.0
ACC34626,26-09-2024,17:48,Karnataka,Mysuru,15.2558,75.5634,Village Road,Clear,Dusk,18,Male,Bike,39,No,No,No,Poor Weather Visibility,Medium,1.0
ACC34627,09-11-2022,20:19,Karnataka,Belagavi,14.7269,75.3794,City Road,Clear,Night,38,Male,Car,43,No,Yes,No,Drowsy Driving,Low,1.0
ACC34628,14-09-2024,17:18,Tamil Nadu,Madurai,11.5032,78.3486,National Highway,Clear,Dusk,47,Male,Bus,66,No,No,No,Signal Jumping,Low,1.0
ACC34629,02-02-2024,19:04,Kerala,Ernakulam,10.3535,76.4227,National Highway,Clear,Night,38,Male,Auto,89,Yes,No,No,Over Speeding,High,9.0
ACC34630,01-07-2024,02:58,Karnataka,Mangaluru,14.8118,75.5438,State Highway,Cloudy,Night,53,Male,Car,50,No,Yes,No,Drowsy Driving,Low,1.0
ACC34631,09-02-2023,09:23,Andhra Pradesh,Kurnool,15.8857,79.6061,National Highway,Rainy,Day,29,Male,Car,58,No,No,No,Poor Weather Visibility,Medium,2.0
ACC34632,16-01-2022,14:51,Andhra Pradesh,Guntur,16.0947,79.4171,National Highway,Clear,Day,59,Male,Bike,77,No,No,No,Over Speeding,Medium,1.0
ACC34633,08-03-2022,05:37,Karnataka,Bengaluru Urban,15.12,76.0478,State Highway,Clear,Dawn,22,Female,Bike,65,No,Yes,No,Drowsy Driving,Medium,1.0
ACC34634,21-05-2023,09:02,Karnataka,Hubballi,14.857,75.587,Expressway,Clear,Day,49,Female,Bike,85,No,No,No,Over Speeding,Medium,1.0
ACC34635,28-12-2023,10:55,Telangana,Nizamabad,17.7888,79.1311,Expressway,Cloudy,Day,31,Male,Truck,87,No,Yes,No,Over Speeding,High,8.0
ACC34636,23-04-2023,11:32,Karnataka,Belagavi,15.1029,75.723,National Highway,Cloudy,Day,18,Male,Bike,102,No,No,No,Over Speeding,High,10.0
ACC34637,29-01-2024,00:25,Telangana,Warangal,18.3769,79.039,City Road,Clear,Night,45,Male,Auto,40,No,No,No,Poor Weather Visibility,Low,0.0
ACC34638,31-10-2023,21:07,Karnataka,Hubballi,14.5955,75.9213,City Road,Overcast,Night,33,Male,Bike,66,Yes,Yes,No,Drunk Driving,High,4.0
ACC34639,12-01-2022,16:08,Karnataka,Hubballi,14.9608,75.4006,Village Road,Rainy,Day,36,Female,Bike,50,No,No,Yes,Poor Weather Visibility,Low,2.0
ACC34640,12-01-2024,20:25,Andhra Pradesh,Vijayawada,16.1408,79.5016,State Highway,Rainy,Night,56,Female,Bike,73,No,No,No,Poor Weather Visibility,Medium,3.0
ACC34641,04-11-2022,19:05,Kerala,Thrissur,10.2562,76.0965,City Road,Cloudy,Night,43,Male,Auto,77,No,No,No,Over Speeding,High,7.0
ACC34642,11-11-2023,16:09,Tamil Nadu,Salem,11.5005,78.4869,City Road,Rainy,Day,52,Male,Car,32,No,No,No,Poor Weather Visibility,Low,0.0
ACC34643,25-09-2024,20:36,Telangana,Nizamabad,17.5791,78.7389,State Highway,Clear,Night,34,Female,Bike,88,Yes,Yes,Yes,Over Speeding,High,8.0
ACC34644,29-05-2024,15:27,Karnataka,Belagavi,15.5977,76.0493,National Highway,Rainy,Day,36,Male,Bike,82,No,Yes,No,Poor Weather Visibility,High,6.0
ACC34645,01-05-2023,15:37,Tamil Nadu,Coimbatore,11.6308,78.6655,State Highway,Rainy,Day,48,Male,Bike,76,No,No,Yes,Poor Weather Visibility,High,8.0
ACC34646,26-03-2023,16:55,Andhra Pradesh,Guntur,15.7368,79.7483,Village Road,Clear,Day,18,Male,Car,53,No,No,No,Poor Weather Visibility,Low,1.0