Accident_ID,Date,Time,State,District,Latitude,Longitude,Road_Type,Weather,Light_Condition,Driver_Age,Driver_Gender,Vehicle_Type,Speed_kmph,Alcohol_Involved,Driver_Drowsy,Pothole_Involved,Cause_of_Accident,Severity,Casualties
ACC34647,12-01-2022,03:58,Karnataka,Belagavi,14.6489,76.183,City Road,Overcast,Night,30,Male,Auto,61,Yes,No,No,Drunk Driving,High,4.0
ACC34648,01-05-2022,09:03,Puducherry,Puducherry,11.6311,80.2285,State Highway,Rainy,Day,37,Male,Bus,57,No,No,No,Poor Weather Visibility,Medium,0.0
ACC34649,11-08-2022,16:17,Kerala,Thiruvananthapuram,9.4945,76.256,Village Road,Cloudy,Day,18,Male,Car,52,No,No,Yes,Pothole/Bad Road,Low,0.0
ACC34650,26-01-2023,19:20,Andhra Pradesh,Vijayawada,15.3634,80.3245,National Highway,Cloudy,Night,50,Male,Bike,71,No,Yes,No,Drowsy Driving,Medium,0.0
ACC34651,25-04-2022,01:29,Karnataka,Mangaluru,15.3806,75.3879,City Road,Cloudy,Night,21,Male,Bike,55,No,No,No,Poor Weather Visibility,Medium,2.0
ACC34652,25-12-2022,22:19,Tamil Nadu,Coimbatore,11.6935,78.8355,National Highway,Cloudy,Night,36,Male,Truck,87,No,Yes,No,Over Speeding,High,8.0
ACC34653,20-06-2023,00:06,Telangana,Warangal,18.2978,78.6766,Village Road,Cloudy,Night,45,Female,Bike,52,Yes,No,No,Drunk Driving,Low,2.0
ACC34654,03-06-2023,13:44,Tamil Nadu,Tiruchirappalli,12.0022,79.1941,City Road,Clear,Day,23,Male,Bike,57,No,No,No,Signal Jumping,Low,0.0
ACC34655,07-08-2022,22:26,Telangana,Hyderabad,18.0002,78.8223,State Highway,Clear,Night,39,Male,Bike,52,No,No,No,Poor Weather Visibility,Low,0.0
ACC34656,10-01-2024,23:23,Tamil Nadu,Tiruchirappalli,10.6969,78.8114,National Highway,Clear,Night,40,Male,Bike,68,No,No,No,Over Speeding,Medium,7.0
ACC34657,10-08-2022,06:52,Telangana,Karimnagar,17.4412,79.1385,City Road,Clear,Day,18,Male,Bike,36,No,Yes,No,Drowsy Driving,Low,0.0
ACC34658,24-05-2023,07:54,Telangana,Nizamabad,17.6019,78.9504,Village Road,Rainy,Day,32,Male,Truck,50,Yes,No,No,Poor Weather Visibility,Medium,5.0
ACC34659,01-12-2022,09:09,Andhra Pradesh,Visakhapatnam,16.0849,79.0214,City Road,Cloudy,Day,36,Male,Truck,58,Yes,Yes,Yes,Drunk Driving,Medium,2.0
ACC34660,13-06-2024,11:33,Tamil Nadu,Chennai,10.5912,78.2937,City Road,Clear,Day,31,Male,Bus,61,No,No,No,Over Speeding,Low,1.0
ACC34661,16-03-2023,18:40,Karnataka,Hubballi,15.5994,76.4235,City Road,Clear,Dusk,32,Male,Car,54,No,No,No,Signal Jumping,Low,0.0
ACC34662,12-05-2024,18:00,Telangana,Warangal,17.9495,79.3516,City Road,Overcast,Dusk,45,Female,Bus,38,No,No,No,Poor Weather Visibility,Low,0.0
ACC34663,04-10-2022,09:53,Telangana,Hyderabad,17.4974,79.2102,State Highway,Cloudy,Day,27,Female,Truck,68,No,No,No,Poor Weather Visibility,Low,4.0
ACC34664,02-08-2024,10:05,Tamil Nadu,Salem,11.266,78.5569,State Highway,Rainy,Day,45,Male,Car,65,No,No,No,Poor Weather Visibility,Low,1.0
ACC34665,07-12-2024,18:02,Telangana,Nizamabad,17.751,79.133,City Road,Rainy,Dusk,18,Male,Car,40,No,No,Yes,Poor Weather Visibility,Low,1.0
ACC34666,05-06-2024,18:27,Andhra Pradesh,Guntur,15.7615,79.9168,Village Road,Clear,Dusk,45,Male,Truck,33,No,No,Yes,Pothole/Bad Road,Low,2.0
ACC34667,02-11-2024,19:28,Andhra Pradesh,Vijayawada,14.7899,79.3902,National Highway,Rainy,Night,41,Male,Car,79,No,Yes,No,Poor Weather Visibility,High,10.0
ACC34668,06-11-2023,10:59,Karnataka,Bengaluru Urban,15.1961,75.9596,Village Road,Overcast,Day,34,Female,Bike,33,No,No,No,Signal Jumping,Low,1.0
ACC34669,19-04-2023,21:21,Karnataka,Mysuru,15.284,75.8706,State Highway,Clear,Night,28,Female,Car,83,No,Yes,No,Over Speeding,Medium,4.0
ACC34670,01-07-2024,08:47,Karnataka,Mysuru,15.0986,75.4428,National Highway,Clear,Day,26,Female,Car,56,No,No,No,Poor Weather Visibility,Low,3.0
ACC34671,14-09-2022,10:52,Telangana,Karimnagar,17.165,78.8571,National Highway,Clear,Day,26,Female,Car,86,Yes,No,Yes,Over Speeding,High,3.0
ACC34672,08-01-2022,18:35,Telangana,Warangal,18.1139,78.5359,National Highway,Clear,Dusk,42,Female,Bike,76,No,No,No,Over Speeding,High,3.0
ACC34673,10-05-2024,08:43,Telangana,Warangal,18.2185,78.6739,Village Road,Clear,Day,36,Female,Truck,31,No,No,No,Poor Weather Visibility,Low,2.0
ACC34674,20-05-2023,16:11,Telangana,Nizamabad,18.0837,78.4822,National Highway,Clear,Day,41,Male,Bike,58,No,No,No,Signal Jumping,Low,0.0
ACC34675,20-02-2023,19:12,Andhra Pradesh,Guntur,15.8375,79.7374,Village Road,Clear,Night,35,Male,Bike,33,No,Yes,No,Drowsy Driving,Low,1.0
ACC34676,12-12-2024,14:52,Telangana,Khammam,17.5826,78.9483,City Road,Rainy,Day,37,Male,Auto,30,No,No,No,Poor Weather Visibility,Low,1.0
ACC34677,12-12-2022,15:48,Tamil Nadu,Madurai,10.8586,78.256,State Highway,Clear,Day,58,Female,Bike,51,No,No,Yes,Pothole/Bad Road,Medium,3.0
ACC34678,14-04-2022,00:15,Karnataka,Hubballi,14.4285,75.5151,City Road,Rainy,Night,41,Male,Bike,29,No,No,No,Poor Weather Visibility,Low,1.0
ACC34679,06-04-2023,18:29,Puducherry,Puducherry,11.7022,80.2545,City Road,Cloudy,Dusk,36,Male,Truck,26,No,No,No,Poor Weather Visibility,Low,0.0
ACC34680,22-04-2024,19:17,Tamil Nadu,Salem,10.5152,79.2818,Village Road,Clear,Night,37,Male,Auto,58,No,No,Yes,Pothole/Bad Road,Medium,3.0
ACC34681,22-07-2022,21:51,Telangana,Nizamabad,18.2658,78.8165,State Highway,Clear,Night,25,Male,Car,67,Yes,No,Yes,Drunk Driving,Medium,3.0
ACC34682,09-02-2024,00:48,Tamil Nadu,Tiruchirappalli,11.3679,78.0266,City Road,Cloudy,Night,18,Male,Bike,62,Yes,No,Yes,Drunk Driving,Medium,2.0
ACC34683,23-02-2023,07:06,Karnataka,Mysuru,15.7627,75.7669,City Road,Clear,Day,29,Female,Bus,57,Yes,No,No,Drunk Driving,Medium,2.0
ACC34684,07-04-2023,00:26,Tamil Nadu,Chennai,11.1584,78.322,City Road,Clear,Night,26,Male,Auto,60,Yes,No,No,Drunk Driving,Medium,
ACC34685,08-02-2023,14:52,Andhra Pradesh,Visakhapatnam,15.859,79.865,State Highway,Rainy,Day,49,Male,Car,60,No,No,Yes,Poor Weather Visibility,Medium,1.0
ACC34686,19-06-2023,12:33,Kerala,Thrissur,10.23,76.214,City Road,Clear,Day,50,Male,Auto,44,No,No,No,Signal Jumping,Low,
ACC34687,08-05-2023,23:16,Telangana,Karimnagar,17.5593,79.1783,City Road,Cloudy,Night,36,Female,Bus,49,No,Yes,No,Drowsy Driving,Low,0.0
ACC34688,12-09-2024,16:28,Telangana,Karimnagar,17.7125,79.7831,Village Road,Rainy,Day,45,Male,Car,39,No,No,Yes,Poor Weather Visibility,Low,0.0
ACC34689,28-12-2022,18:09,Karnataka,Bengaluru Urban,15.1749,76.209,Village Road,Clear,Dusk,34,Female,Car,70,No,No,No,Over Speeding,Low,1.0
ACC34690,15-04-2024,07:50,Puducherry,Karaikal,11.4936,80.1507,City Road,Rainy,Day,39,Male,Bike,57,No,No,Yes,Poor Weather Visibility,Low,1.0
ACC34691,06-05-2023,14:29,Andhra Pradesh,Vijayawada,15.9005,79.1123,City Road,Clear,Day,41,Male,Auto,48,Yes,Yes,No,Signal Jumping,Medium,2.0
ACC34692,02-11-2024,05:05,Telangana,Hyderabad,17.7414,78.8278,State Highway,Clear,Dawn,18,Male,Auto,51,No,No,No,Poor Weather Visibility,Medium,1.0
ACC34693,26-03-2023,05:46,Tamil Nadu,Coimbatore,10.4923,79.1623,Village Road,Clear,Dawn,34,Male,Bike,54,No,Yes,Yes,Drowsy Driving,Low,0.0
ACC34694,13-06-2023,22:28,Telangana,Karimnagar,17.6229,79.5623,State Highway,Clear,Night,28,Male,Truck,50,No,No,No,Signal Jumping,Low,2.0
ACC34695,15-09-2023,21:39,Andhra Pradesh,Vijayawada,15.3162,80.1637,City Road,Cloudy,Night,57,Male,Bike,79,Yes,Yes,No,Drunk Driving,High,6.0
ACC34696,23-12-2023,12:36,Tamil Nadu,Madurai,11.0833,79.1067,State Highway,Cloudy,Day,26,Female,Bike,81,No,Yes,No,Over Speeding,High,4.0
ACC34697,01-04-2024,11:24,Kerala,Ernakulam,10.1476,76.1211,Village Road,Clear,Day,35,Female,Bus,24,No,Yes,No,Drowsy Driving,Low,0.0
ACC34698,19-07-2023,21:49,Andhra Pradesh,Visakhapatnam,15.6987,79.2166,City Road,Rainy,Night,38,Male,Truck,62,No,Yes,Yes,Poor Weather Visibility,High,4.0
ACC34699,21-01-2024,19:10,Andhra Pradesh,Kurnool,16.2199,79.5596,National Highway,Clear,Night,65,Male,Bus,68,No,No,Yes,Pothole/Bad Road,Medium,10.0
ACC34700,20-08-2022,17:52,Kerala,Thiruvananthapuram,9.5202,76.3251,City Road,Clear,Dusk,28,Male,Car,58,No,No,Yes,Pothole/Bad Road,Low,1.0
ACC34701,27-09-2022,16:22,Kerala,Ernakulam,9.746,75.6669,National Highway,Rainy,Day,25,Female,Car,57,No,No,Yes,Poor Weather Visibility,Low,1.0
ACC34702,13-06-2024,07:06,Andhra Pradesh,Visakhapatnam,15.4034,79.5928,Village Road,Cloudy,Day,43,Male,Bike,32,No,No,Yes,Pothole/Bad Road,Medium,2.0
ACC34703,04-06-2024,06:26,Karnataka,Bengaluru Urban,15.3424,75.7603,State Highway,Rainy,Day,44,Male,Truck,79,No,Yes,No,Poor Weather Visibility,Medium,5.0
ACC34704,01-08-2024,09:28,Karnataka,Hubballi,15.0569,74.9664,Village Road,Cloudy,Day,31,Male,Car,15,No,No,Yes,Pothole/Bad Road,Low,0.0
ACC34705,30-07-2022,23:26,Tamil Nadu,Chennai,11.3497,79.4546,City Road,Cloudy,Night,18,Male,Truck,61,Yes,Yes,No,Drunk Driving,High,
ACC34706,01-05-2024,22:56,Tamil Nadu,Salem,10.5127,78.6054,National Highway,Cloudy,Night,38,Male,Bike,75,Yes,No,No,Drunk Driving,High,4.0
ACC34707,21-05-2023,10:48,Telangana,Nizamabad,18.4664,79.3852,Village Road,Foggy,Day,44,Male,Car,54,No,No,Yes,Poor Weather Visibility,Medium,6.0
ACC34708,06-11-2024,17:30,Andhra Pradesh,Visakhapatnam,15.0389,79.1092,Expressway,Cloudy,Dusk,23,Male,Car,72,No,No,No,Poor Weather Visibility,Medium,4.0
ACC34709,23-03-2024,19:42,Andhra Pradesh,Visakhapatnam,15.7524,79.2163,City Road,Clear,Night,20,Female,Car,18,No,No,No,Signal Jumping,Low,1.0
ACC34710,10-08-2024,15:58,Telangana,Hyderabad,18.6147,79.0027,City Road,Rainy,Day,31,Male,Car,44,No,No,No,Poor Weather Visibility,Low,2.0
ACC34711,12-05-2024,20:14,Telangana,Karimnagar,17.6269,79.2674,State Highway,Cloudy,Night,39,Male,Bike,68,Yes,Yes,No,Drunk Driving,High,6.0
ACC34712,18-02-2024,11:28,Telangana,Warangal,18.1175,78.6944,Village Road,Clear,Day,45,Male,Bus,54,No,Yes,No,Drowsy Driving,Low,3.0
ACC34713,11-08-2023,18:21,Tamil Nadu,Salem,10.4957,78.7083,City Road,Foggy,Dusk,56,Male,Bus,32,No,No,No,Poor Weather Visibility,Low,1.0
ACC34714,15-12-2022,17:29,Karnataka,Belagavi,14.9653,75.8237,State Highway,Rainy,Dusk,52,Male,Bike,51,No,No,Yes,Poor Weather Visibility,Medium,1.0
ACC34715,09-07-2024,10:12,Andhra Pradesh,Visakhapatnam,15.1708,80.2754,National Highway,Rainy,Day,44,Male,Car,78,No,No,Yes,Poor Weather Visibility,Medium,3.0
ACC34716,05-05-2022,14:43,Telangana,Khammam,18.0515,79.1304,State Highway,Clear,Day,49,Male,Car,72,Yes,No,No,Drunk Driving,Medium,1.0
ACC34717,03-07-2024,21:15,Tamil Nadu,Madurai,11.1414,78.4649,National Highway,Cloudy,Night,39,Male,Car,91,Yes,Yes,No,Over Speeding,High,4.0
ACC34718,11-08-2024,10:37,Karnataka,Bengaluru Urban,15.0122,75.7396,State Highway,Overcast,Day,30,Male,Bus,69,No,No,No,Signal Jumping,Low,0.0
ACC34719,24-12-2024,18:27,Telangana,Karimnagar,17.7743,78.7405,National Highway,Clear,Dusk,31,Female,Bike,56,No,No,No,Poor Weather Visibility,Low,4.0
ACC34720,26-04-2022,08:29,Telangana,Karimnagar,17.9449,78.6432,City Road,Overcast,Day,44,Male,Auto,63,Yes,No,No,Drunk Driving,Medium,1.0
ACC34721,23-05-2023,19:28,Tamil Nadu,Chennai,11.2223,78.1454,State Highway,Clear,Night,51,Male,Car,46,No,No,No,Signal Jumping,Low,2.0
ACC34722,04-01-2023,23:06,Andhra Pradesh,Guntur,16.467,79.8658,State Highway,Cloudy,Night,35,Male,Auto,35,No,No,No,Poor Weather Visibility,Low,1.0
ACC34723,27-09-2023,10:59,Karnataka,Belagavi,15.0381,75.1325,National Highway,Clear,Day,40,Male,Car,78,Yes,No,No,Drunk Driving,High,8.0
ACC34724,24-02-2022,18:46,Tamil Nadu,Salem,11.4979,78.4434,City Road,Overcast,Dusk,28,Male,Car,57,No,No,No,Poor Weather Visibility,Low,0.0
ACC34725,01-07-2024,19:07,Karnataka,Bengaluru Urban,15.8382,75.865,State Highway,Rainy,Night,31,Male,Car,76,Yes,No,No,Poor Weather Visibility,High,7.0
ACC34726,29-01-2022,19:00,Tamil Nadu,Tiruchirappalli,11.183,78.7263,City Road,Rainy,Night,46,Male,Bike,54,Yes,Yes,No,Poor Weather Visibility,Medium,3.0
ACC34727,13-10-2022,17:52,Karnataka,Bengaluru Urban,14.6334,76.1469,National Highway,Clear,Dusk,46,Female,Bus,74,No,No,No,Over Speeding,Medium,3.0
ACC34728,08-10-2024,08:48,Kerala,Ernakulam,10.329,76.3848,National Highway,Clear,Day,34,Male,Bike,66,No,No,No,Signal Jumping,Medium,
ACC34729,07-12-2022,01:18,Tamil Nadu,Tiruchirappalli,10.5901,78.5052,City Road,Cloudy,Night,43,Male,Car,52,No,Yes,No,Drowsy Driving,Low,1.0
ACC34730,12-04-2023,00:42,Tamil Nadu,Tiruchirappalli,11.2066,77.8954,City Road,Rainy,Night,34,Male,Car,54,No,No,No,Poor Weather Visibility,Medium,2.0
ACC34731,24-01-2024,12:13,Tamil Nadu,Madurai,10.5703,78.7426,National Highway,Rainy,Day,38,Female,Auto,61,No,No,Yes,Poor Weather Visibility,Low,1.0
ACC34732,22-03-2022,17:10,Telangana,Karimnagar,17.8265,79.1823,Village Road,Clear,Dusk,54,Male,Bike,54,No,No,Yes,Pothole/Bad Road,Low,0.0
ACC34733,17-06-2024,16:02,Kerala,Thrissur,11.0122,75.917,City Road,Rainy,Day,52,Male,Bike,58,No,No,No,Poor Weather Visibility,Medium,1.0
ACC34734,29-05-2023,16:57,Telangana,Khammam,18.2488,79.1684,Village Road,Rainy,Day,18,Male,Bike,67,Yes,No,Yes,Poor Weather Visibility,High,3.0
ACC34735,27-02-2024,05:47,Telangana,Khammam,18.4513,78.9117,National Highway,Cloudy,Dawn,44,Male,Bike,56,No,No,No,Poor Weather Visibility,Low,1.0
ACC34736,22-11-2023,10:49,Kerala,Thrissur,11.0633,76.1046,City Road,Rainy,Day,25,Male,Auto,43,No,No,Yes,Poor Weather Visibility,Low,2.0
ACC34737,19-01-2024,03:38,Kerala,Ernakulam,9.3677,75.9245,National Highway,Overcast,Night,38,Male,Car,84,No,No,No,Over Speeding,High,0.0
ACC34738,15-06-2023,14:27,Kerala,Kozhikode,10.2269,76.724,State Highway,Clear,Day,20,Male,Bus,67,Yes,No,No,Drunk Driving,Medium,3.0
ACC34739,18-07-2022,18:58,Karnataka,Mangaluru,15.4219,75.1751,Village Road,Cloudy,Dusk,30,Male,Bus,49,No,No,Yes,Pothole/Bad Road,Low,0.0
ACC34740,12-03-2024,19:20,Telangana,Nizamabad,17.7838,78.2721,Village Road,Rainy,Night,51,Male,Bike,53,Yes,Yes,No,Poor Weather Visibility,High,6.0
ACC34741,12-03-2023,09:35,Andhra Pradesh,Vijayawada,15.8199,79.4141,City Road,Rainy,Day,40,Male,Truck,53,No,No,No,Poor Weather Visibility,Low,1.0
ACC34742,07-11-2022,18:59,Kerala,Thiruvananthapuram,10.395,77.2922,Village Road,Clear,Dusk,35,Female,Bike,44,No,No,No,Signal Jumping,Low,2.0
ACC34743,14-05-2024,09:22,Telangana,Hyderabad,18.3037,78.8872,State Highway,Clear,Day,39,Male,Car,61,No,Yes,No,Drowsy Driving,Low,1.0
ACC34744,10-04-2023,22:02,Andhra Pradesh,Guntur,15.4551,79.7407,City Road,Rainy,Night,35,Male,Bike,34,No,No,No,Poor Weather Visibility,Medium,1.0
ACC34745,03-10-2024,19:21,Andhra Pradesh,Visakhapatnam,15.9536,80.4557,National Highway,Clear,Night,34,Male,Car,70,No,No,No,Over Speeding,Medium,3.0
ACC34746,08-01-2023,20:38,Kerala,Kollam,10.0587,75.8445,State Highway,Cloudy,Night,61,Female,Bike,64,No,No,No,Poor Weather Visibility,Low,2.0
ACC34747,24-10-2022,18:19,Andhra Pradesh,Vijayawada,15.8504,79.1598,Expressway,Clear,Dusk,48,Male,Car,72,No,No,No,Over Speeding,Medium,4.0
ACC34748,19-06-2023,09:53,Karnataka,Mysuru,15.0732,76.0446,Expressway,Clear,Day,37,Male,Bike,91,No,No,No,Over Speeding,High,6.0
ACC34749,14-11-2023,18:16,Tamil Nadu,Salem,11.6472,79.2286,State Highway,Clear,Dusk,58,Male,Car,57,No,No,Yes,Pothole/Bad Road,Low,0.0
ACC34750,11-02-2022,02:21,Kerala,Kollam,10.5967,75.4005,City Road,Overcast,Night,38,Male,Bus,55,No,Yes,No,Drowsy Driving,Medium,4.0
ACC34751,07-06-2024,17:22,Kerala,Thrissur,9.7171,76.537,City Road,Cloudy,Dusk,26,Male,Car,36,No,No,No,Poor Weather Visibility,Low,0.0
ACC34752,22-08-2024,11:26,Tamil Nadu,Madurai,10.8908,77.7438,Village Road,Overcast,Day,40,Male,Bike,43,No,No,No,Poor Weather Visibility,Low,1.0
ACC34753,10-06-2024,04:35,Andhra Pradesh,Guntur,15.8099,79.6262,City Road,Cloudy,Night,49,Male,Car,49,No,No,No,Signal Jumping,Low,1.0
ACC34754,14-07-2022,06:46,Tamil Nadu,Chennai,10.5865,79.0543,City Road,Rainy,Day,66,Male,Car,39,No,No,No,Poor Weather Visibility,Low,1.0
ACC34755,02-09-2022,19:02,Karnataka,Bengaluru Urban,15.6511,76.0076,City Road,Rainy,Night,49,Male,Car,48,No,No,No,Poor Weather Visibility,Low,2.0
ACC34756,28-08-2023,05:59,Puducherry,Karaikal,11.5741,79.7405,Village Road,Clear,Dawn,20,Male,Car,32,No,No,Yes,Pothole/Bad Road,Low,
ACC34757,16-05-2024,09:58,Karnataka,Hubballi,15.3239,75.5922,Expressway,Foggy,Day,41,Male,Auto,82,No,No,No,Poor Weather Visibility,High,7.0
ACC34758,10-03-2024,21:02,Andhra Pradesh,Nellore,16.5724,80.1271,City Road,Clear,Night,42,Male,Car,42,Yes,No,No,Drunk Driving,Medium,1.0
ACC34759,05-10-2024,17:22,Karnataka,Mysuru,15.5774,75.3522,National Highway,Clear,Dusk,29,Male,Bike,70,No,No,No,Over Speeding,Medium,3.0
ACC34760,27-05-2022,02:03,Kerala,Kollam,10.0322,76.0695,National Highway,Rainy,Night,21,Male,Bike,68,Yes,No,No,Poor Weather Visibility,High,6.0
ACC34761,16-03-2024,06:45,Andhra Pradesh,Guntur,15.399,79.4585,State Highway,Rainy,Day,24,Male,Bike,77,Yes,No,No,Poor Weather Visibility,High,4.0
ACC34762,13-01-2023,13:29,Karnataka,Mysuru,14.7294,75.9638,Expressway,Clear,Day,40,Male,Bus,89,No,No,No,Over Speeding,Medium,5.0
ACC34763,15-02-2022,19:38,Andhra Pradesh,Nellore,16.296,79.9688,National Highway,Overcast,Night,33,Male,Bike,84,No,No,No,Over Speeding,High,6.0
ACC34764,29-10-2022,10:17,Andhra Pradesh,Nellore,15.9032,80.0128,City Road,Cloudy,Day,28,Female,Auto,55,Yes,No,No,Drunk Driving,Low,2.0
ACC34765,13-01-2024,18:12,Tamil Nadu,Chennai,10.6948,78.1636,Village Road,Clear,Dusk,52,Male,Bike,48,Yes,No,No,Drunk Driving,Low,0.0
ACC34766,05-07-2022,09:33,Tamil Nadu,Salem,11.5102,78.3829,Village Road,Cloudy,Day,39,Female,Auto,43,No,No,Yes,Pothole/Bad Road,Low,2.0
ACC34767,01-07-2023,07:04,Andhra Pradesh,Guntur,15.7884,79.4732,Expressway,Cloudy,Day,21,Male,Bus,77,Yes,No,No,Drunk Driving,Medium,4.0
ACC34768,24-03-2024,06:27,Andhra Pradesh,Nellore,15.7538,79.508,Village Road,Clear,Day,51,Male,Car,44,No,No,No,Signal Jumping,Low,0.0
ACC34769,28-02-2022,22:33,Kerala,Thiruvananthapuram,10.6066,76.6306,State Highway,Clear,Night,28,Female,Bus,72,Yes,No,No,Drunk Driving,Medium,3.0
ACC34770,24-01-2022,06:37,Karnataka,Mangaluru,15.2956,75.9185,State Highway,Cloudy,Day,41,Male,Car,61,No,No,No,Poor Weather Visibility,Low,1.0
ACC34771,22-10-2022,12:24,Karnataka,Mangaluru,15.257,76.1707,Expressway,Overcast,Day,24,Male,Bike,68,No,Yes,No,Drowsy Driving,Medium,3.0
ACC34772,14-01-2023,17:32,Telangana,Karimnagar,18.1279,78.894,Village Road,Cloudy,Dusk,36,Male,Car,41,No,No,Yes,Pothole/Bad Road,Low,0.0
ACC34773,21-04-2023,18:00,Kerala,Thrissur,10.3639,76.1178,City Road,Rainy,Dusk,40,Male,Auto,38,No,No,No,Poor Weather Visibility,Low,0.0
ACC34774,21-09-2022,14:44,Telangana,Warangal,18.277,78.7381,National Highway,Clear,Day,46,Female,Bike,82,No,No,Yes,Over Speeding,Medium,4.0
ACC34775,22-09-2022,11:55,Kerala,Kozhikode,10.2399,76.0868,Expressway,Rainy,Day,32,Male,Auto,90,Yes,No,No,Over Speeding,High,7.0
ACC34776,05-05-2024,17:03,Andhra Pradesh,Nellore,16.0148,79.5681,Village Road,Clear,Dusk,50,Male,Bike,41,No,No,Yes,Pothole/Bad Road,Low,0.0
ACC34777,15-12-2024,18:15,Tamil Nadu,Coimbatore,10.9426,79.1321,State Highway,Clear,Dusk,39,Male,Auto,64,No,No,Yes,Pothole/Bad Road,Low,0.0
ACC34778,26-11-2022,02:33,Telangana,Khammam,18.1623,78.5908,Expressway,Clear,Night,26,Male,Car,70,No,No,No,Signal Jumping,Medium,1.0
ACC34779,15-07-2023,17:35,Tamil Nadu,Coimbatore,10.9869,78.1576,City Road,Overcast,Dusk,68,Female,Truck,35,No,No,No,Poor Weather Visibility,Low,1.0
ACC34780,24-07-2023,12:41,Kerala,Thrissur,10.4584,75.8786,State Highway,Clear,Day,52,Male,Bike,83,No,Yes,No,Over Speeding,Medium,2.0
ACC34781,28-06-2023,00:17,Telangana,Karimnagar,17.7139,78.9375,City Road,Clear,Night,25,Male,Truck,67,Yes,No,No,Drunk Driving,Medium,2.0
ACC34782,23-01-2024,23:33,Tamil Nadu,Madurai,11.4301,79.5534,National Highway,Overcast,Night,33,Female,Bus,85,No,Yes,No,Over Speeding,High,
ACC34783,04-11-2022,08:09,Kerala,Ernakulam,10.1755,76.7278,National Highway,Cloudy,Day,18,Male,Truck,66,No,Yes,No,Drowsy Driving,Medium,
ACC34784,15-09-2024,08:02,Karnataka,Mangaluru,14.6596,75.4669,City Road,Clear,Day,52,Male,Bike,28,No,No,No,Poor Weather Visibility,Low,0.0
ACC34785,25-10-2023,16:59,Karnataka,Bengaluru Urban,15.4455,75.7898,Village Road,Clear,Day,38,Male,Auto,38,No,No,No,Signal Jumping,Low,0.0
ACC34786,19-11-2024,08:52,Telangana,Hyderabad,18.3955,78.9658,City Road,Clear,Day,31,Male,Bike,58,No,No,No,Signal Jumping,Low,1.0
ACC34787,15-11-2022,07:44,Telangana,Karimnagar,18.064,78.8221,City Road,Cloudy,Day,45,Male,Auto,30,No,No,No,Poor Weather Visibility,Low,0.0
ACC34788,15-03-2024,09:25,Tamil Nadu,Coimbatore,11.2948,79.0273,Expressway,Clear,Day,41,Male,Bike,95,No,No,No,Over Speeding,High,4.0
ACC34789,01-03-2024,05:26,Kerala,Kollam,10.4724,76.2819,National Highway,Cloudy,Dawn,36,Female,Truck,83,No,Yes,No,Over Speeding,High,7.0
ACC34790,23-02-2022,07:41,Puducherry,Puducherry,11.6171,79.5633,City Road,Clear,Day,42,Male,Bike,47,No,No,Yes,Pothole/Bad Road,Low,1.0
ACC34791,05-11-2024,14:32,Tamil Nadu,Tiruchirappalli,11.6029,78.3334,Village Road,Clear,Day,41,Male,Bus,35,Yes,No,No,Drunk Driving,Low,1.0
ACC34792,13-10-2024,01:54,Tamil Nadu,Madurai,11.2193,78.5764,Expressway,Foggy,Night,50,Male,Bike,50,No,No,No,Poor Weather Visibility,Medium,7.0
ACC34793,23-02-2023,10:42,Kerala,Ernakulam,10.7402,76.1929,City Road,Rainy,Day,33,Male,Bus,39,No,No,No,Poor Weather Visibility,Low,0.0
ACC34794,27-01-2024,10:58,Tamil Nadu,Coimbatore,10.7713,78.6369,Village Road,Clear,Day,38,Male,Bike,47,No,No,No,Poor Weather Visibility,Low,1.0
ACC34795,18-08-2023,20:34,Karnataka,Bengaluru Urban,15.3728,76.0471,National Highway,Rainy,Night,18,Male,Bike,83,No,No,Yes,Poor Weather Visibility,High,5.0
ACC34796,12-09-2022,20:23,Puducherry,Puducherry,11.3089,79.4349,Village Road,Rainy,Night,18,Male,Car,50,No,Yes,No,Poor Weather Visibility,Medium,6.0
ACC34797,01-02-2024,19:47,Telangana,Khammam,18.3256,79.0048,City Road,Clear,Night,53,Male,Bike,47,Yes,No,No,Drunk Driving,Low,2.0
ACC34798,25-08-2022,19:19,Telangana,Karimnagar,17.9514,79.2505,Expressway,Foggy,Night,22,Male,Bike,106,Yes,Yes,No,Over Speeding,High,6.0
ACC34799,25-02-2022,15:15,Karnataka,Hubballi,15.3118,75.9367,City Road,Rainy,Day,38,Male,Car,51,No,No,No,Poor Weather Visibility,Low,0.0
ACC34800,06-09-2022,11:07,Karnataka,Bengaluru Urban,15.2265,76.0679,Village Road,Cloudy,Day,24,Male,Bike,40,No,No,Yes,Pothole/Bad Road,Medium,1.0
ACC34801,08-03-2022,18:41,Karnataka,Hubballi,14.9263,75.6699,City Road,Clear,Dusk,41,Male,Bike,51,Yes,No,Yes,Drunk Driving,Medium,2.0
ACC34802,04-05-2023,13:22,Karnataka,Mysuru,15.1945,75.56,State Highway,Clear,Day,26,Female,Auto,81,No,No,No,Over Speeding,Medium,2.0
ACC34803,04-07-2024,16:18,Karnataka,Mangaluru,15.1044,75.9625,National Highway,Clear,Day,46,Male,Car,81,No,No,Yes,Over Speeding,Medium,2.0
ACC34804,08-02-2023,12:47,Telangana,Hyderabad,17.5014,78.6091,National Highway,Overcast,Day,41,Male,Truck,58,No,No,No,Poor Weather Visibility,Low,2.0