Accident_ID,Date,Time,State,District,Latitude,Longitude,Road_Type,Weather,Light_Condition,Driver_Age,Driver_Gender,Vehicle_Type,Speed_kmph,Alcohol_Involved,Driver_Drowsy,Pothole_Involved,Cause_of_Accident,Severity,Casualties
ACC34805,17-09-2022,20:09,Kerala,Ernakulam,11.3105,76.3316,City Road,Clear,Night,18,Male,Bike,69,Yes,No,No,Drunk Driving,High,7.0
ACC34806,03-02-2022,11:21,Kerala,Thiruvananthapuram,10.0497,76.4488,State Highway,Clear,Day,32,Male,Bike,62,No,No,No,Over Speeding,Low,2.0
ACC34807,14-09-2024,08:50,Karnataka,Mangaluru,15.2925,75.6744,National Highway,Clear,Day,52,Male,Auto,76,Yes,No,No,Drunk Driving,High,5.0
ACC34808,15-06-2022,07:43,Andhra Pradesh,Kurnool,15.4255,79.2895,National Highway,Rainy,Day,37,Male,Car,67,No,No,Yes,Poor Weather Visibility,Medium,4.0
ACC34809,15-02-2023,23:19,Karnataka,Hubballi,14.8568,75.4373,State Highway,Clear,Night,38,Male,Truck,51,No,Yes,No,Drowsy Driving,Low,1.0
ACC34810,08-05-2024,18:54,Andhra Pradesh,Visakhapatnam,15.4237,79.6706,National Highway,Foggy,Dusk,20,Male,Bike,84,Yes,Yes,No,Poor Weather Visibility,High,3.0
ACC34811,20-08-2024,07:19,Tamil Nadu,Chennai,10.8734,78.6583,Village Road,Overcast,Day,48,Female,Bike,55,No,No,No,Poor Weather Visibility,Medium,1.0
ACC34812,19-06-2023,13:24,Karnataka,Hubballi,15.9153,75.3815,State Highway,Clear,Day,43,Male,Bike,52,No,No,No,Signal Jumping,Low,2.0
ACC34813,14-09-2023,17:24,Andhra Pradesh,Guntur,16.3069,79.3422,National Highway,Rainy,Dusk,25,Male,Bus,78,No,No,Yes,Poor Weather Visibility,High,6.0
ACC34814,16-10-2022,08:39,Karnataka,Bengaluru Urban,15.2408,75.2458,City Road,Clear,Day,46,Male,Bike,32,No,No,No,Signal Jumping,Low,0.0
ACC34815,16-12-2022,05:07,Tamil Nadu,Coimbatore,11.6912,79.2376,City Road,Rainy,Dawn,35,Male,Auto,46,No,No,No,Poor Weather Visibility,Medium,2.0
ACC34816,15-10-2024,13:16,Puducherry,Puducherry,11.2268,79.5606,State Highway,Clear,Day,29,Male,Car,55,No,No,No,Signal Jumping,Low,2.0
ACC34817,22-11-2024,17:37,Andhra Pradesh,Kurnool,16.2775,80.1983,State Highway,Foggy,Dusk,31,Male,Car,50,No,No,No,Poor Weather Visibility,Low,1.0
ACC34818,24-12-2024,13:16,Andhra Pradesh,Vijayawada,16.1286,80.1145,Village Road,Cloudy,Day,67,Male,Bike,58,No,No,No,Poor Weather Visibility,Medium,3.0
ACC34819,13-04-2024,11:41,Tamil Nadu,Tiruchirappalli,11.0794,78.0325,Expressway,Clear,Day,25,Male,Bus,65,No,No,No,Over Speeding,Low,0.0
ACC34820,21-11-2022,20:06,Tamil Nadu,Chennai,10.8483,78.1028,City Road,Overcast,Night,36,Male,Truck,32,No,No,No,Poor Weather Visibility,Low,0.0
ACC34821,05-05-2022,08:01,Kerala,Thrissur,10.3266,75.9402,Expressway,Clear,Day,41,Male,Car,71,No,No,Yes,Pothole/Bad Road,Low,1.0
ACC34822,25-05-2024,17:57,Tamil Nadu,Salem,12.0123,78.59,National Highway,Cloudy,Dusk,18,Male,Car,83,No,No,Yes,Over Speeding,High,5.0
ACC34823,21-07-2022,17:43,Kerala,Kozhikode,9.6277,76.4215,Expressway,Clear,Dusk,49,Male,Car,62,No,No,No,Over Speeding,Low,3.0
ACC34824,01-02-2023,18:05,Andhra Pradesh,Kurnool,15.816,79.5975,National Highway,Rainy,Dusk,31,Male,Bike,72,No,No,No,Poor Weather Visibility,High,5.0
ACC34825,30-12-2024,18:29,Karnataka,Mysuru,14.5442,76.5802,Expressway,Clear,Dusk,39,Male,Bike,88,No,No,No,Over Speeding,Medium,3.0
ACC34826,27-07-2023,07:34,Andhra Pradesh,Nellore,15.4286,79.8167,Village Road,Rainy,Day,18,Female,Car,34,No,No,Yes,Poor Weather Visibility,Low,0.0
ACC34827,17-09-2022,18:07,Karnataka,Belagavi,14.7882,75.1273,Village Road,Cloudy,Dusk,40,Male,Auto,61,Yes,No,Yes,Drunk Driving,High,4.0
ACC34828,31-03-2023,08:55,Karnataka,Hubballi,15.2035,76.1064,State Highway,Cloudy,Day,51,Male,Bike,62,No,No,No,Poor Weather Visibility,Low,3.0
ACC34829,31-05-2022,07:39,Tamil Nadu,Chennai,10.742,78.7087,National Highway,Foggy,Day,33,Male,Car,72,No,No,No,Poor Weather Visibility,Medium,3.0
ACC34830,08-07-2024,20:23,Kerala,Kozhikode,10.5716,76.713,Expressway,Clear,Night,41,Male,Car,90,Yes,No,No,Over Speeding,High,7.0
ACC34831,03-02-2023,15:11,Tamil Nadu,Coimbatore,11.1328,78.6664,City Road,Overcast,Day,20,Male,Auto,52,Yes,No,Yes,Drunk Driving,High,3.0
ACC34832,07-03-2022,18:04,Telangana,Karimnagar,17.2534,79.6052,City Road,Clear,Dusk,34,Male,Car,54,No,No,Yes,Pothole/Bad Road,Low,0.0
ACC34833,28-03-2022,13:58,Tamil Nadu,Tiruchirappalli,10.9312,79.3045,State Highway,Clear,Day,29,Female,Auto,45,No,No,No,Signal Jumping,Low,0.0
ACC34834,31-01-2024,07:50,Tamil Nadu,Salem,11.153,78.5276,State Highway,Clear,Day,62,Male,Bike,60,No,No,No,Over Speeding,Low,0.0
ACC34835,01-06-2023,18:13,Andhra Pradesh,Vijayawada,15.9353,79.9943,City Road,Clear,Dusk,46,Male,Truck,42,No,No,No,Signal Jumping,Low,0.0
ACC34836,22-11-2022,22:39,Karnataka,Mysuru,15.7097,75.7455,State Highway,Overcast,Night,51,Male,Car,58,No,No,No,Poor Weather Visibility,Low,0.0
ACC34837,09-06-2024,12:31,Kerala,Thiruvananthapuram,10.1661,76.0872,Expressway,Cloudy,Day,36,Female,Bike,70,No,Yes,No,Drowsy Driving,High,10.0
ACC34838,11-06-2022,19:21,Tamil Nadu,Salem,11.1937,78.567,Village Road,Rainy,Night,30,Male,Bike,36,No,Yes,Yes,Poor Weather Visibility,Medium,2.0
ACC34839,30-04-2023,20:50,Telangana,Karimnagar,18.1636,78.5802,National Highway,Clear,Night,50,Female,Bike,69,No,No,No,Over Speeding,Medium,0.0
ACC34840,02-03-2024,12:03,Tamil Nadu,Tiruchirappalli,10.7415,78.5245,City Road,Clear,Day,36,Male,Bike,47,No,No,No,Signal Jumping,Low,0.0
ACC34841,09-03-2022,18:43,Tamil Nadu,Salem,11.3913,79.4605,Expressway,Cloudy,Dusk,33,Male,Auto,67,No,No,No,Poor Weather Visibility,Medium,3.0
ACC34842,05-09-2023,09:19,Telangana,Khammam,18.0658,79.0269,Expressway,Cloudy,Day,38,Male,Truck,85,No,Yes,No,Over Speeding,Medium,3.0
ACC34843,24-01-2023,21:56,Telangana,Karimnagar,17.7564,78.957,State Highway,Clear,Night,31,Male,Bike,69,No,No,No,Over Speeding,Medium,1.0
ACC34844,07-05-2022,13:20,Karnataka,Mysuru,15.3463,75.3569,Village Road,Clear,Day,53,Female,Car,35,No,No,No,Signal Jumping,Low,2.0
ACC34845,19-10-2023,18:05,Karnataka,Mangaluru,15.3611,76.3357,City Road,Clear,Dusk,30,Male,Truck,63,No,No,No,Signal Jumping,Low,
ACC34846,22-05-2023,20:01,Telangana,Karimnagar,18.049,79.3004,City Road,Clear,Night,32,Male,Bike,27,No,No,Yes,Pothole/Bad Road,Low,0.0
ACC34847,19-05-2023,10:30,Karnataka,Mysuru,15.9251,76.0552,City Road,Overcast,Day,45,Male,Bike,37,No,No,No,Poor Weather Visibility,Low,0.0
ACC34848,21-02-2023,05:51,Kerala,Ernakulam,10.4262,76.6085,National Highway,Clear,Dawn,41,Male,Bike,62,No,Yes,No,Drowsy Driving,Low,2.0
ACC34849,24-12-2024,08:26,Tamil Nadu,Tiruchirappalli,11.0972,79.0165,Village Road,Foggy,Day,44,Male,Bike,38,No,Yes,No,Poor Weather Visibility,Medium,8.0
ACC34850,22-08-2024,17:20,Telangana,Karimnagar,18.4626,79.6448,City Road,Clear,Dusk,18,Male,Bike,61,Yes,No,No,Drunk Driving,Medium,2.0
ACC34851,03-04-2022,23:04,Karnataka,Hubballi,15.4495,75.5289,City Road,Clear,Night,46,Male,Bike,42,Yes,No,No,Drunk Driving,Medium,1.0
ACC34852,08-05-2024,01:49,Karnataka,Mangaluru,14.912,75.3884,City Road,Cloudy,Night,26,Male,Auto,84,No,No,No,Over Speeding,High,5.0
ACC34853,28-06-2023,12:57,Karnataka,Belagavi,15.6081,75.7104,City Road,Cloudy,Day,37,Male,Auto,51,No,No,No,Poor Weather Visibility,Low,1.0
ACC34854,07-11-2022,23:21,Karnataka,Mangaluru,15.2449,75.588,Expressway,Rainy,Night,29,Male,Bike,91,Yes,No,No,Over Speeding,High,4.0
ACC34855,08-03-2022,06:39,Kerala,Ernakulam,10.0332,76.5876,State Highway,Overcast,Day,28,Male,Car,59,No,No,No,Poor Weather Visibility,Low,2.0
ACC34856,27-12-2023,17:39,Telangana,Warangal,18.1015,78.8041,City Road,Clear,Dusk,38,Female,Bus,60,No,Yes,No,Drowsy Driving,Low,1.0
ACC34857,24-11-2024,15:29,Andhra Pradesh,Kurnool,15.3082,79.8797,National Highway,Clear,Day,32,Male,Bike,79,Yes,No,No,Drunk Driving,High,7.0
ACC34858,13-04-2023,22:03,Karnataka,Mysuru,14.7236,75.3817,City Road,Clear,Night,37,Male,Bike,53,No,Yes,No,Drowsy Driving,Low,0.0
ACC34859,21-03-2024,03:06,Karnataka,Mangaluru,14.4602,75.1244,National Highway,Clear,Night,31,Male,Bike,69,Yes,No,No,Drunk Driving,High,4.0
ACC34860,06-01-2024,11:05,Telangana,Khammam,17.928,78.9439,National Highway,Rainy,Day,25,Male,Bus,71,No,No,No,Poor Weather Visibility,Low,1.0
ACC34861,25-01-2022,17:12,Andhra Pradesh,Vijayawada,15.856,79.8621,National Highway,Foggy,Dusk,56,Female,Bike,42,No,No,No,Poor Weather Visibility,Medium,2.0
ACC34862,23-01-2024,07:06,Telangana,Karimnagar,18.4238,79.1092,National Highway,Rainy,Day,47,Male,Auto,84,No,No,No,Poor Weather Visibility,High,8.0
ACC34863,12-05-2023,06:04,Andhra Pradesh,Vijayawada,15.7331,79.0788,Expressway,Overcast,Day,24,Male,Car,54,No,No,No,Poor Weather Visibility,Low,2.0
ACC34864,27-01-2022,22:53,Telangana,Karimnagar,17.5612,78.7884,City Road,Overcast,Night,42,Male,Bike,77,Yes,No,No,Drunk Driving,High,4.0
ACC34865,04-03-2023,07:00,Karnataka,Bengaluru Urban,14.6769,75.6181,Expressway,Clear,Day,53,Male,Bus,75,No,No,No,Signal Jumping,Medium,1.0
ACC34866,21-12-2023,08:35,Kerala,Thiruvananthapuram,9.6347,76.5868,National Highway,Clear,Day,39,Male,Auto,54,No,No,No,Signal Jumping,Low,2.0
ACC34867,26-03-2024,19:23,Tamil Nadu,Salem,11.3326,78.8112,City Road,Clear,Night,42,Male,Auto,59,No,No,No,Over Speeding,Low,0.0
ACC34868,21-11-2023,11:43,Andhra Pradesh,Kurnool,16.0429,79.8902,National Highway,Overcast,Day,50,Male,Bike,86,No,No,No,Over Speeding,High,4.0
ACC34869,28-11-2023,23:28,Andhra Pradesh,Vijayawada,15.8911,79.8286,National Highway,Clear,Night,28,Male,Bike,72,No,No,No,Over Speeding,Low,1.0
ACC34870,12-09-2023,09:16,Karnataka,Bengaluru Urban,16.0668,75.3485,State Highway,Clear,Day,49,Female,Car,76,No,No,Yes,Pothole/Bad Road,Medium,0.0
ACC34871,08-09-2022,08:06,Karnataka,Hubballi,15.7405,75.9937,National Highway,Overcast,Day,59,Male,Auto,77,No,No,No,Over Speeding,Medium,4.0
ACC34872,22-07-2023,19:16,Tamil Nadu,Coimbatore,11.1596,79.5658,Village Road,Clear,Night,18,Male,Bike,50,Yes,No,Yes,Drunk Driving,Medium,4.0
ACC34873,08-05-2023,22:15,Karnataka,Mangaluru,15.287,75.915,Village Road,Cloudy,Night,29,Female,Bike,27,No,No,No,Poor Weather Visibility,Low,1.0
ACC34874,01-11-2022,13:28,Kerala,Ernakulam,9.9434,76.7535,City Road,Overcast,Day,18,Male,Car,41,No,Yes,No,Drowsy Driving,Low,1.0
ACC34875,27-02-2022,20:33,Tamil Nadu,Tiruchirappalli,10.9276,78.3516,State Highway,Clear,Night,26,Male,Bike,60,Yes,No,No,Drunk Driving,High,7.0
ACC34876,05-05-2023,07:01,Puducherry,Karaikal,12.1335,80.7954,State Highway,Clear,Day,41,Female,Car,79,No,No,No,Over Speeding,Medium,4.0
ACC34877,07-01-2023,07:55,Andhra Pradesh,Nellore,16.1366,79.3241,City Road,Rainy,Day,44,Male,Bike,58,No,No,No,Poor Weather Visibility,Medium,1.0
ACC34878,23-03-2022,02:41,Tamil Nadu,Madurai,10.5496,79.0287,Expressway,Clear,Night,28,Male,Car,102,Yes,No,No,Over Speeding,High,5.0
ACC34879,16-08-2023,17:49,Kerala,Ernakulam,10.5222,75.8433,Village Road,Clear,Dusk,34,Female,Car,33,No,No,No,Signal Jumping,Low,1.0
ACC34880,05-06-2023,08:46,Kerala,Thiruvananthapuram,10.2842,76.2106,City Road,Clear,Day,48,Male,Auto,57,No,No,No,Poor Weather Visibility,Low,2.0
ACC34881,22-08-2022,18:46,Tamil Nadu,Chennai,11.3557,78.5819,State Highway,Cloudy,Dusk,43,Male,Auto,71,No,No,No,Poor Weather Visibility,Medium,6.0
ACC34882,02-07-2024,07:16,Kerala,Kollam,10.6421,75.9467,City Road,Clear,Day,18,Male,Bike,38,No,Yes,No,Drowsy Driving,Low,2.0
ACC34883,06-12-2023,11:12,Karnataka,Hubballi,14.7902,75.3665,National Highway,Cloudy,Day,39,Male,Bus,73,No,No,No,Over Speeding,Medium,6.0
ACC34884,07-05-2023,21:30,Tamil Nadu,Coimbatore,11.5247,78.8244,City Road,Cloudy,Night,36,Female,Car,59,No,No,No,Poor Weather Visibility,Low,2.0
ACC34885,12-09-2023,06:47,Karnataka,Hubballi,15.2136,75.3465,National Highway,Clear,Day,51,Male,Auto,105,Yes,No,No,Over Speeding,High,5.0
ACC34886,13-09-2023,18:46,Karnataka,Mangaluru,15.1496,76.3415,National Highway,Overcast,Dusk,20,Male,Bike,62,Yes,No,No,Drunk Driving,High,4.0
ACC34887,09-12-2023,11:47,Telangana,Khammam,18.4035,78.3414,City Road,Cloudy,Day,52,Female,Bike,61,No,No,No,Poor Weather Visibility,Medium,3.0
ACC34888,13-07-2022,09:26,Telangana,Karimnagar,17.3085,79.6221,City Road,Clear,Day,56,Female,Bike,37,No,No,No,Poor Weather Visibility,Low,2.0
ACC34889,27-07-2022,20:25,Puducherry,Puducherry,11.7028,79.4259,National Highway,Cloudy,Night,27,Male,Bus,65,No,No,No,Poor Weather Visibility,Medium,3.0
ACC34890,21-01-2023,16:58,Andhra Pradesh,Guntur,16.4596,79.916,Village Road,Rainy,Day,26,Male,Bus,15,No,No,No,Poor Weather Visibility,Low,0.0
ACC34891,06-05-2023,16:55,Karnataka,Hubballi,14.9403,75.2997,City Road,Clear,Day,31,Male,Bus,59,No,Yes,No,Drowsy Driving,Low,0.0
ACC34892,11-11-2022,11:36,Kerala,Thiruvananthapuram,9.7584,76.8365,City Road,Clear,Day,31,Male,Bike,47,No,No,No,Poor Weather Visibility,Low,1.0
ACC34893,14-10-2024,00:24,Tamil Nadu,Salem,11.233,78.8694,National Highway,Cloudy,Night,22,Male,Car,86,No,No,No,Over Speeding,High,7.0
ACC34894,16-06-2023,21:56,Tamil Nadu,Coimbatore,11.5243,78.7014,Expressway,Overcast,Night,39,Male,Bike,74,No,No,No,Over Speeding,High,6.0
ACC34895,17-07-2024,11:28,Telangana,Warangal,17.5569,78.8443,National Highway,Rainy,Day,57,Male,Car,68,No,No,No,Poor Weather Visibility,Medium,6.0
ACC34896,01-11-2023,13:16,Tamil Nadu,Salem,10.951,78.3176,City Road,Cloudy,Day,45,Male,Bike,50,No,No,No,Poor Weather Visibility,Medium,2.0
ACC34897,17-10-2023,19:24,Tamil Nadu,Chennai,10.9187,78.421,State Highway,Clear,Night,18,Male,Car,69,No,No,Yes,Pothole/Bad Road,Low,0.0
ACC34898,18-11-2023,19:53,Tamil Nadu,Chennai,11.2375,79.0412,City Road,Clear,Night,56,Male,Car,59,No,No,No,Signal Jumping,Medium,2.0
ACC34899,09-02-2024,17:15,Telangana,Hyderabad,17.6343,78.4161,City Road,Clear,Dusk,37,Male,Auto,47,No,No,No,Signal Jumping,Low,
ACC34900,24-08-2022,16:41,Kerala,Thrissur,10.5414,77.0657,State Highway,Clear,Day,25,Male,Bike,67,No,Yes,No,Drowsy Driving,Low,0.0
ACC34901,05-12-2023,17:09,Telangana,Nizamabad,17.5122,78.9117,Village Road,Cloudy,Dusk,44,Male,Bus,63,No,No,Yes,Pothole/Bad Road,Medium,6.0
ACC34902,23-06-2022,18:53,Telangana,Karimnagar,18.3932,79.8989,State Highway,Clear,Dusk,29,Male,Car,60,No,Yes,No,Drowsy Driving,Medium,2.0
ACC34903,24-07-2022,05:36,Kerala,Thiruvananthapuram,10.9274,76.3969,State Highway,Rainy,Dawn,38,Male,Bike,61,No,No,No,Poor Weather Visibility,Low,2.0
ACC34904,29-07-2024,14:06,Kerala,Thiruvananthapuram,9.8639,76.5717,City Road,Rainy,Day,59,Male,Auto,15,No,No,Yes,Poor Weather Visibility,Low,0.0
ACC34905,08-07-2023,09:49,Tamil Nadu,Coimbatore,10.7747,78.0815,State Highway,Rainy,Day,18,Female,Bike,56,No,No,No,Poor Weather Visibility,Medium,3.0
ACC34906,07-03-2022,11:08,Telangana,Karimnagar,18.3719,79.0755,Expressway,Cloudy,Day,40,Male,Car,97,Yes,Yes,No,Over Speeding,High,6.0
ACC34907,01-02-2022,21:15,Andhra Pradesh,Visakhapatnam,15.2447,79.5512,State Highway,Clear,Night,27,Male,Car,66,No,No,No,Over Speeding,Low,1.0
ACC34908,08-12-2022,14:00,Tamil Nadu,Salem,11.0721,78.8849,City Road,Clear,Day,31,Female,Bike,45,No,No,Yes,Pothole/Bad Road,Low,1.0
ACC34909,08-10-2023,08:31,Andhra Pradesh,Nellore,16.1801,80.199,City Road,Clear,Day,31,Male,Bike,22,No,No,Yes,Pothole/Bad Road,Low,
ACC34910,12-08-2024,12:23,Tamil Nadu,Tiruchirappalli,11.8298,78.6448,City Road,Cloudy,Day,34,Male,Truck,68,No,No,Yes,Pothole/Bad Road,Medium,
ACC34911,11-04-2023,03:37,Karnataka,Bengaluru Urban,15.6986,76.4523,State Highway,Rainy,Night,44,Male,Bike,59,Yes,No,No,Poor Weather Visibility,High,7.0
ACC34912,03-10-2023,14:00,Karnataka,Mangaluru,15.0591,75.6896,City Road,Rainy,Day,41,Male,Truck,69,No,No,No,Poor Weather Visibility,Low,1.0
ACC34913,24-04-2022,04:30,Kerala,Thrissur,10.6481,76.429,City Road,Clear,Night,46,Male,Bike,59,No,Yes,No,Drowsy Driving,Medium,3.0
ACC34914,29-11-2024,08:42,Tamil Nadu,Chennai,11.0794,79.0185,Village Road,Clear,Day,27,Male,Bike,53,No,No,No,Signal Jumping,Low,0.0
ACC34915,16-04-2024,22:57,Tamil Nadu,Salem,11.2057,78.6013,City Road,Rainy,Night,44,Male,Bus,45,No,Yes,No,Poor Weather Visibility,Medium,3.0
ACC34916,12-04-2022,15:13,Karnataka,Hubballi,15.8478,75.9298,Village Road,Clear,Day,18,Female,Bike,53,No,Yes,Yes,Drowsy Driving,Medium,5.0
ACC34917,02-02-2024,17:50,Kerala,Kozhikode,10.1514,76.2768,Expressway,Rainy,Dusk,56,Female,Car,74,No,No,Yes,Poor Weather Visibility,Medium,2.0
ACC34918,15-02-2024,08:27,Andhra Pradesh,Kurnool,16.3008,79.58,National Highway,Rainy,Day,18,Male,Bus,89,No,Yes,No,Over Speeding,High,8.0
ACC34919,09-04-2024,15:33,Karnataka,Mangaluru,15.8165,75.3648,City Road,Clear,Day,31,Male,Auto,37,No,No,No,Poor Weather Visibility,Low,2.0
ACC34920,29-09-2022,10:08,Tamil Nadu,Salem,11.1146,78.6893,State Highway,Rainy,Day,44,Male,Bike,58,No,No,No,Poor Weather Visibility,Medium,1.0
ACC34921,06-06-2024,20:32,Kerala,Thrissur,9.9257,76.1163,State Highway,Clear,Night,29,Male,Bike,67,No,No,No,Over Speeding,Low,1.0
ACC34922,22-02-2023,07:43,Tamil Nadu,Chennai,10.8739,79.3038,National Highway,Clear,Day,22,Male,Car,52,No,No,No,Signal Jumping,Low,2.0
ACC34923,21-05-2022,07:56,Karnataka,Hubballi,15.5336,74.7358,City Road,Rainy,Day,21,Male,Auto,61,No,No,No,Poor Weather Visibility,Medium,1.0
ACC34924,02-10-2022,14:34,Kerala,Kozhikode,10.219,75.7992,City Road,Overcast,Day,31,Male,Car,47,No,No,No,Poor Weather Visibility,Low,0.0
ACC34925,20-12-2024,12:13,Telangana,Warangal,17.9511,79.2053,State Highway,Cloudy,Day,52,Male,Auto,46,No,No,Yes,Signal Jumping,Low,1.0
ACC34926,29-05-2022,06:41,Telangana,Warangal,18.4549,79.8118,City Road,Clear,Day,22,Male,Truck,51,No,No,No,Signal Jumping,Low,2.0
ACC34927,28-02-2024,14:26,Tamil Nadu,Chennai,10.9117,79.0418,City Road,Clear,Day,28,Male,Truck,47,No,No,No,Signal Jumping,Low,0.0
ACC34928,17-03-2022,21:48,Tamil Nadu,Coimbatore,10.9152,77.8766,National Highway,Clear,Night,29,Female,Car,61,Yes,No,No,Drunk Driving,Medium,0.0
ACC34929,18-05-2023,12:50,Telangana,Nizamabad,17.4519,79.324,City Road,Rainy,Day,36,Male,Bike,64,Yes,No,No,Poor Weather Visibility,High,6.0
ACC34930,01-01-2024,10:47,Andhra Pradesh,Visakhapatnam,15.4489,79.3557,City Road,Clear,Day,64,Male,Car,45,No,No,Yes,Pothole/Bad Road,Low,1.0
ACC34931,30-01-2024,09:27,Telangana,Hyderabad,17.5847,79.3307,Village Road,Clear,Day,27,Female,Car,47,Yes,No,Yes,Drunk Driving,Medium,3.0
ACC34932,19-08-2023,16:43,Kerala,Kollam,10.2093,76.618,State Highway,Overcast,Day,28,Male,Bike,68,No,No,No,Poor Weather Visibility,Medium,4.0
ACC34933,09-01-2023,12:10,Tamil Nadu,Madurai,11.926,79.2119,State Highway,Clear,Day,18,Male,Auto,67,No,Yes,No,Drowsy Driving,Medium,1.0
ACC34934,23-11-2023,11:11,Karnataka,Belagavi,15.1327,76.0482,City Road,Overcast,Day,26,Male,Car,36,No,No,No,Poor Weather Visibility,Low,0.0
ACC34935,13-09-2023,22:14,Puducherry,Karaikal,11.8416,79.6909,National Highway,Rainy,Night,35,Male,Auto,82,No,Yes,Yes,Poor Weather Visibility,High,4.0
ACC34936,05-02-2022,12:38,Telangana,Khammam,18.0633,79.3355,City Road,Clear,Day,18,Male,Bus,37,No,No,No,Signal Jumping,Low,1.0
ACC34937,27-06-2023,17:32,Andhra Pradesh,Kurnool,16.2545,79.5439,City Road,Clear,Dusk,36,Male,Bike,28,No,No,No,Poor Weather Visibility,Low,3.0
ACC34938,05-11-2023,18:32,Andhra Pradesh,Nellore,16.2549,79.3148,City Road,Foggy,Dusk,45,Male,Bike,45,No,No,No,Poor Weather Visibility,Medium,4.0
ACC34939,22-08-2024,07:07,Karnataka,Hubballi,15.5989,75.1455,City Road,Cloudy,Day,44,Male,Auto,53,No,No,No,Poor Weather Visibility,Low,1.0
ACC34940,01-07-2022,17:43,Karnataka,Mangaluru,14.6389,75.8791,Village Road,Rainy,Dusk,52,Male,Bus,26,No,No,Yes,Poor Weather Visibility,Low,1.0
ACC34941,26-04-2024,05:50,Karnataka,Hubballi,15.1632,75.6755,State Highway,Overcast,Dawn,31,Male,Car,45,No,No,No,Poor Weather Visibility,Medium,1.0
ACC34942,29-02-2024,09:33,Kerala,Thrissur,10.7526,75.8567,City Road,Rainy,Day,25,Male,Bike,42,No,No,No,Poor Weather Visibility,Low,1.0
ACC34943,05-02-2023,16:44,Tamil Nadu,Chennai,10.8684,78.869,City Road,Rainy,Day,43,Male,Car,80,Yes,No,Yes,Poor Weather Visibility,Medium,1.0
ACC34944,17-11-2022,17:32,Telangana,Hyderabad,18.0861,78.9329,City Road,Overcast,Dusk,24,Female,Car,45,No,No,Yes,Pothole/Bad Road,Low,2.0
ACC34945,06-03-2023,20:02,Tamil Nadu,Tiruchirappalli,11.259,78.8838,Village Road,Clear,Night,18,Male,Auto,40,Yes,No,No,Drunk Driving,Medium,1.0
ACC34946,04-03-2023,06:07,Andhra Pradesh,Guntur,16.1625,79.6722,City Road,Rainy,Day,22,Female,Truck,51,No,No,No,Poor Weather Visibility,Medium,2.0
ACC34947,31-01-2022,11:40,Kerala,Ernakulam,10.4058,76.4149,State Highway,Cloudy,Day,37,Male,Car,71,No,Yes,No,Signal Jumping,Medium,5.0
ACC34948,08-03-2024,11:24,Telangana,Karimnagar,17.9727,78.9347,National Highway,Rainy,Day,27,Male,Car,73,No,No,No,Poor Weather Visibility,Medium,0.0
ACC34949,22-10-2024,17:16,Karnataka,Bengaluru Urban,14.5944,75.497,Village Road,Clear,Dusk,42,Male,Truck,48,No,No,No,Signal Jumping,Low,0.0
ACC34950,14-04-2022,20:03,Karnataka,Bengaluru Urban,15.5429,74.8164,State Highway,Foggy,Night,31,Male,Bike,68,No,No,No,Poor Weather Visibility,High,6.0
ACC34951,20-01-2022,00:41,Tamil Nadu,Salem,11.1048,78.4171,Village Road,Cloudy,Night,35,Female,Bus,56,Yes,No,No,Drunk Driving,Medium,3.0
ACC34952,11-04-2023,12:51,Karnataka,Mangaluru,15.0729,75.674,State Highway,Cloudy,Day,18,Male,Bike,69,Yes,No,No,Drunk Driving,High,5.0
ACC34953,05-10-2024,08:28,Tamil Nadu,Madurai,10.7515,78.9877,City Road,Rainy,Day,25,Male,Auto,42,No,No,Yes,Poor Weather Visibility,Medium,1.0
ACC34954,07-12-2022,11:42,Kerala,Thrissur,10.0776,75.5569,National Highway,Rainy,Day,49,Female,Bus,69,No,No,No,Poor Weather Visibility,Medium,2.0
ACC34955,22-05-2024,19:20,Telangana,Warangal,17.921,78.9803,State Highway,Rainy,Night,36,Male,Car,60,No,No,No,Poor Weather Visibility,Medium,1.0
ACC34956,29-07-2024,16:36,Tamil Nadu,Tiruchirappalli,11.7628,78.0953,Village Road,Clear,Day,27,Male,Bus,40,Yes,No,No,Drunk Driving,Low,1.0
ACC34957,27-07-2023,17:34,Kerala,Kollam,9.7343,76.3113,Village Road,Rainy,Dusk,33,Male,Car,33,No,No,No,Poor Weather Visibility,Low,0.0
ACC34958,30-03-2022,17:51,Tamil Nadu,Chennai,10.583,78.642,Village Road,Clear,Dusk,35,Male,Auto,35,No,No,No,Signal Jumping,Low,0.0
ACC34959,09-12-2024,00:49,Tamil Nadu,Madurai,11.0745,78.4934,National Highway,Rainy,Night,19,Male,Car,84,No,Yes,No,Poor Weather Visibility,High,5.0
ACC34960,17-02-2022,14:27,Telangana,Nizamabad,17.9189,79.524,City Road,Clear,Day,32,Male,Car,31,No,No,No,Poor Weather Visibility,Low,0.0
ACC34961,05-09-2023,22:53,Telangana,Karimnagar,17.5344,79.236,National Highway,Clear,Night,28,Male,Bike,71,Yes,No,Yes,Drunk Driving,High,5.0