Accident_ID,Date,Time,State,District,Latitude,Longitude,Road_Type,Weather,Light_Condition,Driver_Age,Driver_Gender,Vehicle_Type,Speed_kmph,Alcohol_Involved,Driver_Drowsy,Pothole_Involved,Cause_of_Accident,Severity,Casualties
ACC34962,27-04-2024,08:40,Telangana,Nizamabad,18.4424,79.0902,City Road,Clear,Day,50,Male,Car,38,No,No,Yes,Pothole/Bad Road,Low,0.0
ACC34963,05-05-2023,10:30,Kerala,Ernakulam,10.7099,76.4637,National Highway,Clear,Day,28,Male,Bike,67,No,No,No,Signal Jumping,Medium,4.0
ACC34964,01-08-2024,06:51,Tamil Nadu,Madurai,10.8696,78.6712,Village Road,Rainy,Day,27,Male,Bus,47,No,Yes,Yes,Poor Weather Visibility,Medium,2.0
ACC34965,26-07-2024,15:33,Kerala,Kollam,10.2125,76.4097,Village Road,Clear,Day,30,Male,Truck,48,No,No,No,Signal Jumping,Low,1.0
ACC34966,18-05-2022,14:03,Telangana,Khammam,17.5435,80.0861,National Highway,Cloudy,Day,27,Female,Car,65,No,No,No,Poor Weather Visibility,Low,0.0
ACC34967,31-01-2022,03:18,Telangana,Warangal,18.113,77.9934,State Highway,Clear,Night,52,Male,Bike,71,No,Yes,No,Drowsy Driving,Medium,4.0
ACC34968,29-03-2024,21:44,Karnataka,Bengaluru Urban,15.5943,76.1141,Village Road,Rainy,Night,35,Male,Bus,40,No,Yes,No,Poor Weather Visibility,Low,0.0
ACC34969,07-09-2023,02:16,Andhra Pradesh,Nellore,15.1136,79.4372,National Highway,Foggy,Night,48,Male,Car,72,No,Yes,No,Poor Weather Visibility,High,2.0
ACC34970,08-08-2022,14:28,Telangana,Khammam,17.618,79.434,State Highway,Clear,Day,49,Male,Bike,47,No,No,No,Signal Jumping,Low,1.0
ACC34971,09-11-2023,16:10,Kerala,Thiruvananthapuram,10.6386,76.3602,Village Road,Clear,Day,68,Male,Auto,34,Yes,No,No,Drunk Driving,Medium,4.0
ACC34972,15-04-2023,08:26,Andhra Pradesh,Guntur,15.4352,80.1801,National Highway,Cloudy,Day,18,Female,Bike,66,No,No,No,Poor Weather Visibility,Medium,1.0
ACC34973,05-12-2024,16:29,Kerala,Ernakulam,10.4412,75.8367,National Highway,Rainy,Day,28,Male,Bike,83,Yes,No,No,Poor Weather Visibility,High,5.0
ACC34974,23-09-2022,14:14,Kerala,Ernakulam,10.1477,75.7697,National Highway,Clear,Day,63,Male,Bike,70,No,No,No,Signal Jumping,Low,0.0
ACC34975,22-12-2024,19:33,Andhra Pradesh,Visakhapatnam,15.9363,79.4068,Village Road,Clear,Night,59,Male,Bike,70,Yes,Yes,Yes,Drunk Driving,High,5.0
ACC34976,24-05-2023,17:22,Andhra Pradesh,Nellore,16.0149,79.786,City Road,Rainy,Dusk,43,Male,Truck,46,No,No,Yes,Poor Weather Visibility,Medium,1.0
ACC34977,23-02-2023,07:22,Andhra Pradesh,Visakhapatnam,15.9601,79.335,City Road,Rainy,Day,54,Female,Car,55,No,No,Yes,Poor Weather Visibility,Low,0.0
ACC34978,10-08-2024,08:59,Tamil Nadu,Chennai,10.775,78.7236,National Highway,Cloudy,Day,50,Male,Car,95,Yes,No,No,Over Speeding,High,6.0
ACC34979,21-08-2022,17:01,Karnataka,Mysuru,15.6253,75.6792,State Highway,Clear,Dusk,46,Male,Bike,71,Yes,No,No,Drunk Driving,Medium,3.0
ACC34980,25-01-2024,07:26,Andhra Pradesh,Nellore,15.9222,80.3152,Expressway,Rainy,Day,36,Male,Bike,96,No,No,No,Over Speeding,High,6.0
ACC34981,08-07-2024,20:47,Andhra Pradesh,Nellore,15.959,79.5993,City Road,Cloudy,Night,53,Female,Bike,65,Yes,Yes,Yes,Drunk Driving,High,7.0
ACC34982,05-02-2023,05:19,Telangana,Khammam,17.6404,79.9928,Expressway,Cloudy,Dawn,37,Male,Bike,73,No,No,No,Over Speeding,Medium,1.0
ACC34983,29-11-2022,12:43,Telangana,Karimnagar,17.97,79.0756,City Road,Clear,Day,28,Male,Bike,31,No,No,Yes,Pothole/Bad Road,Low,1.0
ACC34984,03-02-2023,13:06,Tamil Nadu,Salem,11.289,79.0858,National Highway,Clear,Day,44,Male,Car,78,Yes,No,No,Drunk Driving,Medium,3.0
ACC34985,21-02-2024,12:05,Karnataka,Hubballi,15.5074,75.7498,National Highway,Overcast,Day,59,Male,Bike,79,No,Yes,No,Drowsy Driving,High,5.0
ACC34986,19-03-2022,19:41,Karnataka,Bengaluru Urban,14.4803,75.604,Village Road,Clear,Night,31,Female,Bus,51,No,Yes,No,Drowsy Driving,Low,0.0
ACC34987,23-01-2022,12:29,Karnataka,Belagavi,15.7635,75.8048,National Highway,Rainy,Day,39,Male,Truck,65,Yes,No,No,Poor Weather Visibility,Medium,2.0
ACC34988,22-02-2023,10:45,Andhra Pradesh,Kurnool,15.6377,79.7009,National Highway,Cloudy,Day,40,Male,Bike,57,No,No,No,Poor Weather Visibility,Medium,1.0
ACC34989,03-03-2024,19:00,Telangana,Karimnagar,17.298,78.3806,City Road,Rainy,Night,27,Male,Auto,38,No,No,No,Poor Weather Visibility,Low,2.0
ACC34990,30-12-2022,19:37,Tamil Nadu,Coimbatore,11.0655,78.4459,State Highway,Clear,Night,25,Male,Car,64,Yes,No,No,Drunk Driving,Medium,2.0
ACC34991,16-07-2022,08:51,Kerala,Ernakulam,10.5805,76.3419,National Highway,Clear,Day,52,Male,Car,91,No,No,No,Over Speeding,Medium,0.0
ACC34992,27-06-2024,20:38,Kerala,Thrissur,10.5734,76.5265,City Road,Overcast,Night,68,Male,Bike,52,No,No,Yes,Pothole/Bad Road,Low,2.0
ACC34993,17-12-2024,18:31,Tamil Nadu,Salem,10.996,78.4263,National Highway,Rainy,Dusk,23,Male,Bike,58,No,No,Yes,Poor Weather Visibility,High,4.0
ACC34994,13-06-2022,15:43,Kerala,Ernakulam,9.9951,76.6345,Expressway,Clear,Day,25,Male,Bike,88,No,No,No,Over Speeding,Medium,7.0
ACC34995,06-06-2022,19:22,Tamil Nadu,Madurai,11.4412,78.7148,National Highway,Rainy,Night,35,Male,Bike,51,No,No,No,Poor Weather Visibility,Medium,1.0
ACC34996,15-08-2023,08:13,Tamil Nadu,Madurai,11.5441,78.0997,Village Road,Clear,Day,22,Male,Bike,46,No,No,No,Signal Jumping,Low,0.0
ACC34997,13-02-2023,22:09,Tamil Nadu,Chennai,11.0707,78.5915,Village Road,Clear,Night,18,Male,Auto,31,No,No,No,Signal Jumping,Low,0.0
ACC34998,15-03-2023,16:23,Karnataka,Mysuru,15.7129,75.4714,State Highway,Cloudy,Day,29,Male,Bike,64,Yes,No,No,Drunk Driving,Medium,2.0
ACC34999,03-03-2023,21:01,Kerala,Thrissur,10.5414,76.0566,City Road,Cloudy,Night,35,Female,Bike,56,No,No,No,Poor Weather Visibility,Low,0.0
ACC35000,28-06-2022,06:56,Tamil Nadu,Coimbatore,11.8143,79.4367,Village Road,Cloudy,Day,36,Female,Car,53,No,No,No,Poor Weather Visibility,Medium,2.0
ACC35001,17-07-2023,14:18,Andhra Pradesh,Kurnool,15.7761,79.3625,National Highway,Clear,Day,26,Female,Car,55,No,No,No,Signal Jumping,Low,0.0
ACC35002,14-08-2022,13:29,Kerala,Ernakulam,10.0812,76.2925,Village Road,Rainy,Day,42,Female,Auto,50,No,No,Yes,Poor Weather Visibility,Medium,5.0
ACC35003,01-02-2023,07:49,Karnataka,Bengaluru Urban,15.0339,75.9749,City Road,Clear,Day,44,Male,Bike,35,No,No,Yes,Pothole/Bad Road,Low,2.0
ACC35004,11-11-2022,11:34,Kerala,Kollam,10.2634,76.5636,National Highway,Cloudy,Day,36,Male,Car,52,No,No,Yes,Pothole/Bad Road,Low,2.0
ACC35005,07-01-2023,21:00,Karnataka,Belagavi,15.9683,75.6107,City Road,Cloudy,Night,43,Male,Bike,47,No,No,No,Poor Weather Visibility,Low,0.0
ACC35006,28-12-2022,11:40,Karnataka,Hubballi,15.25,76.5799,City Road,Clear,Day,19,Male,Bike,52,No,No,No,Signal Jumping,Low,1.0
ACC35007,16-11-2022,22:31,Tamil Nadu,Tiruchirappalli,12.0163,78.3272,City Road,Cloudy,Night,38,Male,Bike,53,No,No,No,Poor Weather Visibility,Medium,4.0
ACC35008,14-07-2024,11:54,Karnataka,Bengaluru Urban,15.3723,75.946,Village Road,Clear,Day,31,Male,Truck,54,No,No,No,Poor Weather Visibility,Low,1.0
ACC35009,19-06-2023,13:42,Kerala,Thiruvananthapuram,10.3632,76.6919,Village Road,Rainy,Day,26,Male,Bike,43,No,No,No,Poor Weather Visibility,Low,1.0
ACC35010,02-08-2022,00:37,Telangana,Warangal,17.8725,78.3843,City Road,Cloudy,Night,51,Male,Car,39,No,Yes,No,Drowsy Driving,Low,0.0
ACC35011,06-09-2024,09:40,Kerala,Kozhikode,10.2413,76.7282,State Highway,Rainy,Day,58,Male,Car,58,No,No,Yes,Poor Weather Visibility,Medium,3.0
ACC35012,24-10-2022,01:58,Tamil Nadu,Coimbatore,10.6297,79.0289,State Highway,Clear,Night,42,Male,Auto,49,No,No,Yes,Pothole/Bad Road,Medium,3.0
ACC35013,10-01-2022,14:24,Andhra Pradesh,Nellore,15.6598,79.4921,City Road,Foggy,Day,18,Female,Auto,53,No,No,No,Poor Weather Visibility,Low,1.0
ACC35014,07-07-2022,14:17,Andhra Pradesh,Visakhapatnam,15.6983,79.8571,State Highway,Clear,Day,71,Male,Car,70,No,No,No,Over Speeding,Low,1.0
ACC35015,06-09-2024,11:25,Kerala,Ernakulam,9.4254,75.8094,Expressway,Clear,Day,18,Female,Bike,71,No,No,No,Over Speeding,Medium,1.0
ACC35016,24-01-2024,14:57,Andhra Pradesh,Guntur,15.4086,79.4966,State Highway,Cloudy,Day,41,Female,Truck,65,No,No,No,Poor Weather Visibility,Medium,4.0
ACC35017,18-12-2022,06:49,Tamil Nadu,Chennai,10.7409,79.615,Village Road,Rainy,Day,27,Female,Car,53,No,No,Yes,Poor Weather Visibility,Low,1.0
ACC35018,15-10-2024,13:20,Puducherry,Karaikal,11.9985,79.7793,City Road,Cloudy,Day,44,Female,Car,76,Yes,No,No,Drunk Driving,High,5.0
ACC35019,21-02-2023,17:08,Telangana,Karimnagar,18.4703,79.2524,State Highway,Clear,Dusk,37,Male,Bike,55,No,No,No,Signal Jumping,Low,1.0
ACC35020,04-04-2023,17:40,Karnataka,Bengaluru Urban,15.6175,75.6349,Expressway,Overcast,Dusk,31,Male,Truck,97,No,No,No,Over Speeding,High,4.0
ACC35021,31-03-2022,10:36,Tamil Nadu,Salem,11.3438,78.6115,National Highway,Rainy,Day,39,Female,Car,61,No,No,No,Poor Weather Visibility,Medium,2.0
ACC35022,27-04-2022,14:23,Kerala,Thiruvananthapuram,11.1854,76.191,Expressway,Cloudy,Day,28,Male,Bike,87,No,No,No,Over Speeding,High,5.0
ACC35023,20-06-2022,14:01,Telangana,Hyderabad,18.2955,78.5493,National Highway,Clear,Day,30,Female,Auto,73,No,No,No,Over Speeding,Medium,2.0
ACC35024,19-05-2022,19:09,Tamil Nadu,Tiruchirappalli,11.7638,78.7139,City Road,Overcast,Night,34,Male,Auto,58,Yes,No,Yes,Drunk Driving,Medium,2.0
ACC35025,31-12-2022,08:11,Telangana,Hyderabad,18.3454,78.6753,City Road,Clear,Day,52,Male,Bike,45,No,No,No,Poor Weather Visibility,Low,0.0
ACC35026,16-11-2022,20:36,Andhra Pradesh,Visakhapatnam,16.0807,78.9545,State Highway,Clear,Night,18,Male,Auto,61,No,No,No,Signal Jumping,Medium,4.0
ACC35027,16-04-2022,05:38,Kerala,Thrissur,9.6834,76.011,Village Road,Rainy,Dawn,35,Male,Bus,57,No,Yes,Yes,Poor Weather Visibility,Medium,2.0
ACC35028,26-06-2023,18:34,Tamil Nadu,Chennai,11.7315,78.0052,Village Road,Rainy,Dusk,31,Male,Car,35,No,No,Yes,Poor Weather Visibility,Low,0.0
ACC35029,31-03-2024,10:23,Puducherry,Karaikal,11.4387,79.7928,City Road,Cloudy,Day,62,Male,Auto,61,No,No,No,Signal Jumping,Low,1.0
ACC35030,09-01-2022,08:20,Telangana,Nizamabad,17.2126,79.3028,City Road,Rainy,Day,41,Male,Car,64,No,No,No,Poor Weather Visibility,Low,0.0
ACC35031,01-04-2023,13:34,Karnataka,Hubballi,14.8549,75.6597,State Highway,Clear,Day,23,Male,Bike,86,Yes,No,No,Over Speeding,High,7.0
ACC35032,19-12-2022,16:55,Kerala,Kollam,9.7563,76.4023,Village Road,Clear,Day,32,Male,Bike,50,No,No,No,Signal Jumping,Low,1.0
ACC35033,12-06-2022,09:35,Kerala,Thiruvananthapuram,10.5465,76.6501,National Highway,Clear,Day,49,Male,Bike,61,No,No,No,Over Speeding,Low,0.0
ACC35034,16-05-2024,14:46,Telangana,Warangal,17.9361,79.2842,City Road,Clear,Day,21,Male,Auto,51,Yes,No,No,Drunk Driving,Low,0.0
ACC35035,11-08-2022,13:37,Karnataka,Mysuru,15.7883,75.68,Village Road,Clear,Day,21,Male,Car,40,No,No,Yes,Pothole/Bad Road,Low,0.0
ACC35036,31-10-2024,19:30,Andhra Pradesh,Guntur,16.2916,79.4115,Village Road,Rainy,Night,33,Male,Bike,39,No,Yes,Yes,Poor Weather Visibility,Medium,6.0
ACC35037,01-08-2023,12:08,Karnataka,Bengaluru Urban,15.655,75.432,City Road,Cloudy,Day,47,Male,Car,49,Yes,No,No,Drunk Driving,Low,0.0
ACC35038,04-11-2023,18:11,Telangana,Nizamabad,17.4624,78.2923,City Road,Rainy,Dusk,43,Male,Auto,44,No,No,Yes,Poor Weather Visibility,Low,
ACC35039,08-03-2023,11:23,Kerala,Thrissur,10.3249,76.4859,National Highway,Rainy,Day,32,Male,Bike,73,No,No,Yes,Poor Weather Visibility,Medium,
ACC35040,25-10-2023,12:40,Tamil Nadu,Madurai,10.8848,78.4005,Expressway,Clear,Day,46,Male,Truck,78,No,Yes,No,Drowsy Driving,Medium,3.0
ACC35041,07-04-2022,21:14,Kerala,Thiruvananthapuram,9.7091,76.726,Expressway,Cloudy,Night,42,Female,Car,89,No,No,No,Over Speeding,High,7.0
ACC35042,30-09-2023,08:04,Telangana,Khammam,18.5954,78.742,National Highway,Clear,Day,48,Male,Bike,46,No,No,No,Signal Jumping,Low,1.0
ACC35043,26-11-2023,12:53,Telangana,Warangal,18.5176,78.7961,State Highway,Rainy,Day,51,Female,Car,54,No,No,No,Poor Weather Visibility,Medium,4.0
ACC35044,27-04-2023,10:17,Andhra Pradesh,Nellore,16.5595,79.6882,National Highway,Cloudy,Day,40,Female,Car,69,No,No,No,Poor Weather Visibility,Medium,1.0
ACC35045,19-12-2022,08:39,Andhra Pradesh,Nellore,16.4001,79.536,National Highway,Cloudy,Day,36,Female,Car,37,No,No,No,Poor Weather Visibility,Low,1.0
ACC35046,04-10-2023,20:52,Andhra Pradesh,Guntur,15.4825,79.9326,Village Road,Clear,Night,39,Female,Bike,23,No,No,No,Signal Jumping,Low,0.0
ACC35047,06-04-2024,15:15,Andhra Pradesh,Guntur,15.5702,80.3392,City Road,Cloudy,Day,37,Male,Bike,70,No,No,No,Signal Jumping,Medium,2.0
ACC35048,03-08-2023,14:53,Andhra Pradesh,Guntur,15.7717,79.8189,Village Road,Overcast,Day,40,Male,Auto,54,No,No,No,Poor Weather Visibility,Medium,2.0
ACC35049,01-04-2023,19:46,Andhra Pradesh,Guntur,15.7718,79.9747,City Road,Cloudy,Night,27,Male,Car,61,No,No,No,Poor Weather Visibility,Low,1.0
ACC35050,12-06-2022,01:13,Kerala,Kozhikode,10.2863,76.8142,State Highway,Rainy,Night,35,Female,Car,60,No,No,No,Poor Weather Visibility,Low,1.0
ACC35051,19-05-2024,18:57,Telangana,Khammam,17.4192,78.8722,Village Road,Clear,Dusk,39,Male,Bike,21,No,No,No,Signal Jumping,Low,2.0
ACC35052,02-02-2022,09:43,Andhra Pradesh,Nellore,15.7241,79.5338,State Highway,Clear,Day,42,Female,Car,74,No,No,Yes,Pothole/Bad Road,Medium,4.0
ACC35053,25-04-2024,08:41,Tamil Nadu,Salem,11.7138,78.9138,Village Road,Cloudy,Day,20,Male,Bus,50,No,No,No,Poor Weather Visibility,Low,1.0
ACC35054,17-03-2023,18:00,Karnataka,Mysuru,15.4255,75.9053,City Road,Overcast,Dusk,18,Male,Car,36,No,No,No,Poor Weather Visibility,Low,0.0
ACC35055,19-10-2024,08:02,Andhra Pradesh,Guntur,15.3631,80.3501,National Highway,Clear,Day,32,Male,Bike,80,No,No,No,Over Speeding,Medium,4.0
ACC35056,28-12-2022,09:51,Telangana,Khammam,18.2662,79.1358,City Road,Clear,Day,20,Female,Bus,44,No,No,Yes,Pothole/Bad Road,Low,0.0
ACC35057,27-07-2024,22:20,Kerala,Thrissur,10.4395,75.5395,Village Road,Cloudy,Night,40,Male,Bus,47,No,Yes,No,Drowsy Driving,Low,0.0
ACC35058,19-04-2022,12:13,Kerala,Kozhikode,10.7824,75.6703,Village Road,Cloudy,Day,18,Male,Car,52,No,No,Yes,Pothole/Bad Road,Low,0.0
ACC35059,25-02-2024,18:11,Kerala,Ernakulam,10.2395,76.9503,Village Road,Rainy,Dusk,37,Male,Car,46,Yes,No,Yes,Poor Weather Visibility,Medium,4.0
ACC35060,19-04-2023,00:15,Andhra Pradesh,Nellore,16.0225,80.306,City Road,Foggy,Night,34,Male,Bike,42,Yes,No,No,Poor Weather Visibility,Medium,2.0
ACC35061,15-01-2022,15:43,Andhra Pradesh,Visakhapatnam,15.8814,79.9814,National Highway,Foggy,Day,35,Male,Bike,87,No,No,No,Poor Weather Visibility,High,2.0
ACC35062,14-07-2023,15:10,Andhra Pradesh,Nellore,16.0968,79.6084,National Highway,Overcast,Day,46,Female,Auto,45,No,No,No,Poor Weather Visibility,Low,2.0
ACC35063,07-07-2022,15:47,Andhra Pradesh,Nellore,15.7971,79.6868,National Highway,Foggy,Day,18,Male,Car,58,No,No,No,Poor Weather Visibility,Medium,2.0
ACC35064,06-07-2022,20:25,Telangana,Khammam,17.6181,78.9101,Village Road,Clear,Night,35,Male,Bike,49,No,Yes,No,Drowsy Driving,Medium,0.0
ACC35065,27-08-2024,15:44,Telangana,Khammam,17.4008,78.9516,City Road,Rainy,Day,29,Male,Bike,53,No,No,Yes,Poor Weather Visibility,Medium,0.0
ACC35066,31-01-2024,22:00,Tamil Nadu,Madurai,11.0401,78.8484,Village Road,Clear,Night,37,Male,Auto,58,No,No,No,Poor Weather Visibility,Low,1.0
ACC35067,14-04-2023,08:02,Andhra Pradesh,Kurnool,16.1697,78.6371,City Road,Clear,Day,24,Male,Bike,54,No,No,No,Signal Jumping,Low,1.0
ACC35068,03-08-2024,17:15,Puducherry,Karaikal,11.5024,79.9014,Village Road,Cloudy,Dusk,42,Male,Bike,24,No,No,No,Poor Weather Visibility,Low,0.0
ACC35069,16-05-2022,17:04,Telangana,Warangal,17.7246,78.9573,City Road,Rainy,Dusk,29,Male,Car,78,Yes,No,Yes,Poor Weather Visibility,Medium,
ACC35070,28-01-2023,13:36,Karnataka,Belagavi,15.3253,75.523,National Highway,Clear,Day,34,Male,Auto,75,No,No,No,Signal Jumping,Medium,0.0
ACC35071,02-02-2022,17:20,Karnataka,Hubballi,15.6949,75.288,City Road,Overcast,Dusk,31,Male,Car,47,No,No,No,Signal Jumping,Low,0.0
ACC35072,02-10-2022,06:14,Telangana,Nizamabad,17.4745,78.3951,Village Road,Cloudy,Day,26,Female,Car,43,No,No,No,Poor Weather Visibility,Low,2.0
ACC35073,25-10-2024,17:52,Telangana,Khammam,18.0833,79.5675,State Highway,Cloudy,Dusk,34,Female,Auto,61,No,No,No,Poor Weather Visibility,Medium,1.0
ACC35074,16-04-2022,18:10,Karnataka,Mangaluru,15.704,75.612,National Highway,Clear,Dusk,39,Male,Car,51,No,No,No,Poor Weather Visibility,Low,2.0
ACC35075,06-06-2022,09:30,Karnataka,Hubballi,15.0965,75.6521,State Highway,Cloudy,Day,44,Male,Auto,72,No,No,No,Poor Weather Visibility,Low,4.0
ACC35076,21-04-2024,10:19,Tamil Nadu,Coimbatore,11.5074,78.6417,City Road,Rainy,Day,28,Male,Bus,47,No,No,No,Poor Weather Visibility,Medium,2.0
ACC35077,01-12-2024,18:44,Karnataka,Belagavi,15.0316,74.7999,Expressway,Overcast,Dusk,20,Female,Auto,93,Yes,Yes,No,Over Speeding,High,1.0
ACC35078,06-07-2024,18:49,Tamil Nadu,Salem,10.8278,78.6816,National Highway,Clear,Dusk,47,Male,Bus,79,No,Yes,No,Drowsy Driving,Medium,1.0
ACC35079,27-06-2024,20:50,Karnataka,Mysuru,15.1765,76.1302,Village Road,Clear,Night,34,Male,Car,41,No,Yes,Yes,Drowsy Driving,Medium,0.0
ACC35080,16-12-2022,00:45,Karnataka,Belagavi,15.7186,75.4345,City Road,Clear,Night,53,Male,Auto,64,Yes,No,Yes,Drunk Driving,High,8.0
ACC35081,22-08-2022,20:09,Telangana,Karimnagar,17.1864,79.0205,State Highway,Rainy,Night,48,Male,Truck,84,No,Yes,Yes,Poor Weather Visibility,High,2.0
ACC35082,27-08-2023,06:18,Andhra Pradesh,Kurnool,16.2581,79.9101,Village Road,Rainy,Day,63,Male,Car,49,No,No,No,Poor Weather Visibility,Low,1.0
ACC35083,16-02-2022,18:41,Karnataka,Mysuru,15.1469,75.6763,Expressway,Clear,Dusk,28,Male,Car,72,Yes,No,No,Drunk Driving,High,4.0
ACC35084,03-02-2023,20:30,Telangana,Hyderabad,18.048,79.1336,National Highway,Foggy,Night,26,Female,Car,67,No,No,No,Poor Weather Visibility,Medium,3.0
ACC35085,14-03-2022,20:48,Karnataka,Mysuru,14.9009,76.5761,National Highway,Rainy,Night,27,Male,Truck,52,No,No,No,Poor Weather Visibility,Medium,3.0
ACC35086,04-12-2022,20:27,Karnataka,Mangaluru,15.2263,75.3941,State Highway,Rainy,Night,54,Male,Truck,71,Yes,Yes,No,Poor Weather Visibility,High,6.0
ACC35087,27-09-2024,10:21,Tamil Nadu,Coimbatore,10.3229,77.9334,State Highway,Rainy,Day,23,Male,Car,36,No,No,No,Poor Weather Visibility,Low,4.0
ACC35088,06-05-2022,18:06,Tamil Nadu,Madurai,11.5013,78.4188,State Highway,Overcast,Dusk,34,Male,Car,74,No,No,No,Over Speeding,Medium,2.0
ACC35089,22-04-2023,02:22,Kerala,Thrissur,9.871,75.8821,City Road,Clear,Night,44,Male,Car,57,No,Yes,No,Drowsy Driving,Medium,4.0
ACC35090,29-04-2023,18:52,Kerala,Kozhikode,10.0212,76.1991,State Highway,Clear,Dusk,32,Male,Bike,60,No,No,No,Signal Jumping,Medium,4.0
ACC35091,08-10-2024,22:06,Kerala,Thiruvananthapuram,10.7505,75.9936,Village Road,Clear,Night,45,Male,Bike,57,Yes,Yes,No,Drunk Driving,Medium,3.0
ACC35092,19-11-2024,00:17,Telangana,Khammam,18.2078,79.0244,National Highway,Cloudy,Night,30,Male,Bike,78,Yes,Yes,No,Drunk Driving,High,10.0
ACC35093,17-02-2022,06:48,Karnataka,Bengaluru Urban,14.8431,75.6234,City Road,Rainy,Day,48,Female,Truck,50,No,No,No,Poor Weather Visibility,Low,2.0
ACC35094,16-05-2024,18:40,Tamil Nadu,Salem,11.0522,78.4235,Village Road,Foggy,Dusk,37,Male,Bike,30,No,No,No,Poor Weather Visibility,Medium,2.0
ACC35095,19-09-2022,07:16,Andhra Pradesh,Nellore,17.012,79.9421,City Road,Clear,Day,21,Male,Bus,36,No,No,No,Signal Jumping,Low,0.0
ACC35096,10-05-2023,08:52,Karnataka,Bengaluru Urban,15.5644,75.0598,Village Road,Cloudy,Day,31,Male,Bike,40,No,No,Yes,Pothole/Bad Road,Low,2.0
ACC35097,11-06-2024,20:04,Andhra Pradesh,Vijayawada,15.5276,80.203,City Road,Clear,Night,24,Male,Car,45,No,No,No,Poor Weather Visibility,Low,0.0
ACC35098,18-08-2023,16:57,Telangana,Warangal,18.2114,79.3157,City Road,Clear,Day,47,Female,Bike,67,Yes,No,No,Drunk Driving,Medium,3.0
ACC35099,23-09-2024,10:33,Kerala,Thrissur,11.3592,76.628,State Highway,Clear,Day,30,Male,Car,51,No,No,No,Poor Weather Visibility,Low,0.0
ACC35100,30-12-2022,07:17,Tamil Nadu,Tiruchirappalli,11.2843,78.6445,National Highway,Clear,Day,38,Male,Car,76,No,No,No,Over Speeding,Medium,4.0
ACC35101,17-03-2023,14:38,Telangana,Nizamabad,18.4176,79.5161,State Highway,Clear,Day,54,Male,Bike,87,No,No,No,Over Speeding,Medium,2.0
ACC35102,25-12-2024,12:05,Telangana,Karimnagar,17.9313,79.2497,City Road,Foggy,Day,32,Female,Bike,48,No,No,No,Poor Weather Visibility,Medium,1.0
ACC35103,23-05-2024,07:08,Karnataka,Hubballi,15.731,75.5635,State Highway,Clear,Day,31,Male,Car,41,No,Yes,Yes,Drowsy Driving,Low,0.0
ACC35104,10-12-2022,14:10,Karnataka,Mangaluru,15.4493,76.0928,City Road,Clear,Day,35,Male,Car,42,No,No,No,Signal Jumping,Low,1.0
ACC35105,14-06-2023,08:47,Tamil Nadu,Tiruchirappalli,11.4849,78.9735,National Highway,Clear,Day,30,Male,Truck,81,No,No,No,Over Speeding,Medium,5.0
ACC35106,13-08-2024,08:35,Tamil Nadu,Salem,11.4846,79.6121,City Road,Clear,Day,43,Female,Car,41,No,No,No,Poor Weather Visibility,Low,1.0
ACC35107,27-11-2022,22:24,Tamil Nadu,Chennai,10.8424,78.5968,City Road,Clear,Night,47,Male,Car,48,No,No,No,Signal Jumping,Low,1.0
ACC35108,29-01-2023,07:18,Tamil Nadu,Chennai,11.1843,79.3978,City Road,Clear,Day,33,Male,Bike,48,No,No,No,Signal Jumping,Low,0.0
ACC35109,08-06-2023,06:32,Kerala,Kozhikode,9.7946,75.988,State Highway,Cloudy,Day,38,Female,Car,56,No,No,No,Poor Weather Visibility,Medium,1.0
ACC35110,09-05-2022,20:58,Karnataka,Hubballi,15.4772,75.6261,Village Road,Cloudy,Night,37,Male,Auto,47,No,Yes,No,Drowsy Driving,Low,2.0
ACC35111,02-07-2024,08:17,Tamil Nadu,Tiruchirappalli,11.1666,78.3148,National Highway,Clear,Day,35,Male,Auto,63,No,No,No,Over Speeding,Low,3.0
ACC35112,08-05-2024,17:19,Telangana,Hyderabad,17.2175,79.3572,State Highway,Clear,Dusk,26,Male,Bike,54,No,Yes,No,Drowsy Driving,Medium,4.0
ACC35113,09-12-2024,17:34,Tamil Nadu,Chennai,10.8615,78.7689,Village Road,Cloudy,Dusk,29,Male,Car,46,No,No,Yes,Pothole/Bad Road,Medium,3.0
ACC35114,02-01-2022,14:53,Karnataka,Mangaluru,14.9651,76.0558,City Road,Clear,Day,30,Male,Truck,54,No,Yes,No,Drowsy Driving,Low,1.0
ACC35115,09-11-2023,08:37,Karnataka,Bengaluru Urban,15.2957,76.0204,National Highway,Overcast,Day,37,Female,Car,72,No,No,No,Poor Weather Visibility,Medium,2.0
ACC35116,18-10-2022,06:19,Telangana,Hyderabad,17.1762,79.4978,Village Road,Clear,Day,30,Male,Bike,56,No,No,No,Signal Jumping,Low,2.0
ACC35117,27-08-2023,12:38,Kerala,Kollam,10.1017,76.1697,National Highway,Rainy,Day,44,Male,Car,55,No,No,No,Poor Weather Visibility,Medium,0.0
ACC35118,10-05-2022,11:38,Tamil Nadu,Chennai,10.6037,78.7132,Village Road,Clear,Day,62,Male,Car,43,No,No,No,Poor Weather Visibility,Low,0.0