Accident_ID,Date,Time,State,District,Latitude,Longitude,Road_Type,Weather,Light_Condition,Driver_Age,Driver_Gender,Vehicle_Type,Speed_kmph,Alcohol_Involved,Driver_Drowsy,Pothole_Involved,Cause_of_Accident,Severity,Casualties
ACC35119,29-05-2022,04:57,Kerala,Thiruvananthapuram,10.1899,76.1435,State Highway,Cloudy,Night,18,Male,Auto,72,Yes,No,No,Drunk Driving,Medium,
ACC35120,27-05-2024,11:19,Telangana,Khammam,18.1202,78.3275,City Road,Clear,Day,64,Male,Truck,57,Yes,Yes,Yes,Drunk Driving,Medium,2.0
ACC35121,01-05-2024,14:38,Kerala,Thiruvananthapuram,10.0629,76.539,Village Road,Rainy,Day,33,Male,Bike,65,No,No,Yes,Poor Weather Visibility,Medium,4.0
ACC35122,03-06-2023,00:13,Tamil Nadu,Madurai,10.8751,78.4189,State Highway,Clear,Night,41,Male,Auto,55,No,No,No,Signal Jumping,Low,1.0
ACC35123,18-10-2024,16:10,Puducherry,Puducherry,11.5961,79.7264,State Highway,Clear,Day,42,Male,Bike,43,No,No,No,Signal Jumping,Low,0.0
ACC35124,06-01-2022,17:43,Tamil Nadu,Chennai,11.6555,78.7316,City Road,Clear,Dusk,47,Male,Bike,32,No,No,No,Signal Jumping,Low,0.0
ACC35125,19-09-2024,19:11,Tamil Nadu,Salem,11.2925,78.493,National Highway,Clear,Night,35,Male,Bus,102,Yes,No,No,Over Speeding,High,5.0
ACC35126,27-02-2022,23:29,Andhra Pradesh,Vijayawada,15.5796,79.3143,State Highway,Foggy,Night,48,Male,Car,56,No,No,No,Poor Weather Visibility,Medium,1.0
ACC35127,12-07-2022,20:22,Karnataka,Bengaluru Urban,15.5869,75.7276,City Road,Cloudy,Night,37,Male,Auto,57,No,No,No,Poor Weather Visibility,Medium,8.0
ACC35128,26-05-2024,09:41,Andhra Pradesh,Visakhapatnam,16.3615,79.2801,Village Road,Rainy,Day,40,Male,Auto,48,Yes,No,Yes,Poor Weather Visibility,Medium,3.0
ACC35129,21-02-2024,05:51,Kerala,Kollam,10.394,75.1889,City Road,Clear,Dawn,42,Male,Auto,34,No,No,Yes,Pothole/Bad Road,Low,2.0
ACC35130,14-08-2024,08:11,Karnataka,Mangaluru,15.2253,75.4404,State Highway,Overcast,Day,21,Male,Bus,56,No,No,No,Poor Weather Visibility,Low,0.0
ACC35131,26-01-2023,15:38,Puducherry,Puducherry,12.3478,79.9995,State Highway,Foggy,Day,43,Female,Auto,64,No,No,No,Poor Weather Visibility,Medium,2.0
ACC35132,28-04-2022,01:51,Tamil Nadu,Chennai,11.0251,78.4524,City Road,Clear,Night,54,Male,Car,50,No,Yes,No,Drowsy Driving,Medium,2.0
ACC35133,18-07-2022,12:40,Karnataka,Mysuru,15.4776,74.8779,City Road,Clear,Day,48,Female,Bike,30,No,Yes,No,Drowsy Driving,Low,1.0
ACC35134,26-01-2023,08:15,Tamil Nadu,Tiruchirappalli,11.5273,78.5517,National Highway,Rainy,Day,40,Male,Bus,63,No,Yes,No,Poor Weather Visibility,Medium,3.0
ACC35135,22-06-2022,17:08,Tamil Nadu,Coimbatore,11.3927,78.8968,State Highway,Clear,Dusk,22,Male,Bus,66,No,Yes,No,Drowsy Driving,Medium,4.0
ACC35136,12-03-2023,06:35,Telangana,Karimnagar,18.5943,79.1845,National Highway,Rainy,Day,46,Male,Auto,72,No,No,Yes,Poor Weather Visibility,High,2.0
ACC35137,26-05-2023,00:40,Kerala,Kozhikode,10.0465,76.5643,State Highway,Cloudy,Night,20,Male,Car,55,Yes,No,No,Drunk Driving,Medium,3.0
ACC35138,10-12-2024,17:58,Andhra Pradesh,Nellore,16.1317,79.2465,State Highway,Rainy,Dusk,24,Male,Bus,48,No,Yes,No,Poor Weather Visibility,Low,0.0
ACC35139,20-07-2023,16:28,Telangana,Nizamabad,17.8082,79.7523,Expressway,Cloudy,Day,41,Male,Auto,79,No,No,No,Over Speeding,Medium,2.0
ACC35140,05-02-2022,13:53,Andhra Pradesh,Visakhapatnam,15.5027,79.3373,State Highway,Clear,Day,29,Male,Bike,65,No,No,No,Signal Jumping,Low,0.0
ACC35141,13-09-2024,20:34,Telangana,Khammam,17.7695,78.5294,State Highway,Clear,Night,45,Male,Bike,82,Yes,Yes,No,Drunk Driving,High,5.0
ACC35142,30-03-2024,08:10,Kerala,Ernakulam,10.3541,76.6698,City Road,Overcast,Day,19,Male,Car,43,No,No,No,Signal Jumping,Low,2.0
ACC35143,25-09-2023,09:38,Telangana,Karimnagar,18.1635,79.2171,Expressway,Cloudy,Day,43,Male,Car,74,No,No,No,Over Speeding,Medium,2.0
ACC35144,25-10-2024,22:23,Karnataka,Mysuru,15.0709,75.2122,Village Road,Clear,Night,34,Male,Bike,56,Yes,No,No,Drunk Driving,Medium,3.0
ACC35145,20-10-2023,13:59,Telangana,Khammam,17.7097,79.0661,Village Road,Rainy,Day,24,Male,Bike,40,No,No,No,Poor Weather Visibility,Low,2.0
ACC35146,06-04-2023,00:35,Tamil Nadu,Salem,11.0398,78.2817,National Highway,Rainy,Night,43,Female,Bike,76,Yes,No,No,Poor Weather Visibility,High,3.0
ACC35147,13-02-2023,19:21,Karnataka,Mangaluru,14.7204,75.6538,National Highway,Rainy,Night,32,Male,Car,54,No,No,Yes,Poor Weather Visibility,Medium,1.0
ACC35148,24-09-2022,09:30,Tamil Nadu,Chennai,10.5058,78.2966,Village Road,Cloudy,Day,34,Male,Auto,44,Yes,Yes,No,Drunk Driving,Medium,5.0
ACC35149,24-12-2024,07:18,Karnataka,Bengaluru Urban,15.1394,75.6949,State Highway,Clear,Day,44,Male,Bike,48,No,No,No,Signal Jumping,Low,0.0
ACC35150,18-06-2024,07:27,Andhra Pradesh,Guntur,16.3646,80.1924,Village Road,Overcast,Day,18,Male,Bike,59,No,No,Yes,Pothole/Bad Road,Medium,1.0
ACC35151,13-09-2024,20:06,Karnataka,Belagavi,15.6249,76.5364,City Road,Cloudy,Night,50,Male,Bike,65,No,No,Yes,Pothole/Bad Road,High,2.0
ACC35152,27-02-2024,20:08,Tamil Nadu,Madurai,11.5617,78.7834,National Highway,Clear,Night,25,Male,Car,64,Yes,No,No,Drunk Driving,High,7.0
ACC35153,13-07-2022,08:32,Tamil Nadu,Tiruchirappalli,10.6515,78.0536,Expressway,Cloudy,Day,34,Male,Bus,76,No,No,No,Signal Jumping,Medium,3.0
ACC35154,30-09-2024,07:45,Telangana,Khammam,17.9574,78.5897,Village Road,Cloudy,Day,26,Male,Bike,27,No,No,No,Poor Weather Visibility,Low,0.0
ACC35155,14-10-2022,17:28,Andhra Pradesh,Guntur,16.0338,79.7981,National Highway,Clear,Dusk,44,Male,Car,82,Yes,No,No,Drunk Driving,Medium,0.0
ACC35156,24-01-2022,06:02,Tamil Nadu,Coimbatore,10.651,78.6156,State Highway,Clear,Day,19,Male,Car,75,Yes,No,No,Drunk Driving,Medium,3.0
ACC35157,28-06-2022,17:51,Tamil Nadu,Chennai,10.5554,77.5796,City Road,Rainy,Dusk,34,Male,Bike,59,Yes,No,Yes,Poor Weather Visibility,Medium,6.0
ACC35158,17-03-2022,12:49,Kerala,Kozhikode,10.4822,76.2511,Village Road,Overcast,Day,43,Male,Auto,61,No,No,No,Signal Jumping,Medium,1.0
ACC35159,16-03-2024,00:10,Kerala,Kollam,9.7885,76.4409,State Highway,Clear,Night,43,Female,Bus,65,No,Yes,No,Drowsy Driving,Medium,4.0
ACC35160,01-02-2022,06:48,Andhra Pradesh,Visakhapatnam,15.7558,79.8174,State Highway,Clear,Day,53,Male,Car,86,Yes,No,No,Over Speeding,Medium,3.0
ACC35161,01-06-2023,02:06,Telangana,Karimnagar,18.2233,78.4151,Expressway,Rainy,Night,31,Male,Auto,102,No,Yes,No,Over Speeding,High,5.0
ACC35162,14-08-2023,15:56,Andhra Pradesh,Visakhapatnam,15.9864,79.8003,National Highway,Cloudy,Day,36,Male,Auto,71,No,No,No,Poor Weather Visibility,Low,2.0
ACC35163,27-04-2024,07:22,Tamil Nadu,Chennai,10.9187,78.0431,State Highway,Clear,Day,44,Female,Truck,51,No,No,No,Signal Jumping,Low,0.0
ACC35164,12-10-2022,16:17,Karnataka,Bengaluru Urban,15.3675,76.4833,Expressway,Rainy,Day,22,Male,Bike,84,No,No,No,Poor Weather Visibility,High,6.0
ACC35165,02-08-2024,10:27,Telangana,Hyderabad,17.7156,78.6877,City Road,Cloudy,Day,33,Male,Car,35,No,No,No,Poor Weather Visibility,Low,1.0
ACC35166,29-01-2023,14:36,Tamil Nadu,Coimbatore,10.9801,78.7556,Village Road,Cloudy,Day,39,Female,Bike,42,No,No,No,Signal Jumping,Low,1.0
ACC35167,30-05-2024,06:10,Karnataka,Mangaluru,15.6399,75.427,National Highway,Cloudy,Day,26,Female,Bus,63,No,No,No,Poor Weather Visibility,Medium,1.0
ACC35168,09-02-2023,16:18,Andhra Pradesh,Nellore,15.5521,79.6783,National Highway,Overcast,Day,44,Male,Bike,82,No,No,No,Over Speeding,Medium,3.0
ACC35169,09-01-2023,06:21,Kerala,Kollam,10.4581,76.0501,State Highway,Cloudy,Day,38,Male,Bike,58,No,No,No,Poor Weather Visibility,Low,2.0
ACC35170,21-09-2024,04:12,Kerala,Thrissur,10.5285,76.0456,Village Road,Foggy,Night,24,Male,Bus,64,No,Yes,No,Poor Weather Visibility,High,7.0
ACC35171,15-08-2024,14:03,Tamil Nadu,Salem,11.5806,78.8634,City Road,Rainy,Day,18,Female,Auto,53,No,No,No,Poor Weather Visibility,Low,0.0
ACC35172,23-12-2024,14:50,Tamil Nadu,Salem,10.4996,78.1119,Village Road,Overcast,Day,47,Male,Car,16,No,No,No,Poor Weather Visibility,Low,0.0
ACC35173,06-11-2023,14:03,Andhra Pradesh,Visakhapatnam,15.9352,80.4822,Village Road,Clear,Day,31,Male,Auto,68,Yes,No,No,Drunk Driving,Medium,1.0
ACC35174,23-07-2022,08:50,Kerala,Thrissur,10.1711,76.7009,City Road,Rainy,Day,29,Male,Bike,36,No,No,No,Poor Weather Visibility,Low,2.0
ACC35175,06-07-2022,17:06,Karnataka,Hubballi,15.152,75.3889,City Road,Rainy,Dusk,23,Female,Truck,58,No,No,Yes,Poor Weather Visibility,Medium,4.0
ACC35176,03-02-2024,01:52,Kerala,Thrissur,10.4037,76.739,Village Road,Overcast,Night,32,Male,Auto,18,No,Yes,Yes,Drowsy Driving,Low,0.0
ACC35177,21-10-2022,18:59,Karnataka,Bengaluru Urban,14.9837,75.921,National Highway,Overcast,Dusk,40,Male,Bike,69,No,No,No,Signal Jumping,Medium,2.0
ACC35178,17-08-2024,13:29,Tamil Nadu,Coimbatore,10.4707,78.678,Village Road,Clear,Day,18,Male,Bike,29,No,No,No,Signal Jumping,Low,0.0
ACC35179,28-02-2022,07:34,Tamil Nadu,Madurai,10.6318,78.5608,City Road,Clear,Day,38,Male,Auto,37,No,No,Yes,Pothole/Bad Road,Low,0.0
ACC35180,21-06-2023,00:25,Andhra Pradesh,Nellore,16.1357,79.5089,City Road,Clear,Night,26,Male,Truck,40,No,No,Yes,Pothole/Bad Road,Low,1.0
ACC35181,16-02-2023,19:29,Karnataka,Mangaluru,15.0115,76.0827,State Highway,Clear,Night,27,Female,Bike,74,No,No,No,Over Speeding,High,3.0
ACC35182,17-04-2024,09:40,Karnataka,Bengaluru Urban,15.5557,74.9343,National Highway,Foggy,Day,18,Male,Bike,58,No,No,No,Poor Weather Visibility,Medium,3.0
ACC35183,09-07-2023,17:55,Telangana,Khammam,17.7703,78.5506,Village Road,Rainy,Dusk,26,Female,Bike,41,No,No,No,Poor Weather Visibility,Low,1.0
ACC35184,04-03-2022,17:52,Karnataka,Mysuru,15.095,75.4541,National Highway,Cloudy,Dusk,42,Male,Bus,71,No,No,No,Poor Weather Visibility,High,8.0
ACC35185,14-04-2023,18:13,Tamil Nadu,Coimbatore,11.4337,79.1103,City Road,Clear,Dusk,27,Male,Bus,68,No,No,No,Signal Jumping,Medium,1.0
ACC35186,28-07-2022,23:32,Tamil Nadu,Salem,10.5243,78.0622,Village Road,Rainy,Night,27,Male,Auto,49,No,No,No,Poor Weather Visibility,Medium,1.0
ACC35187,18-06-2024,18:21,Kerala,Kollam,10.6962,76.0378,State Highway,Cloudy,Dusk,21,Female,Auto,76,Yes,No,Yes,Drunk Driving,High,11.0
ACC35188,14-10-2022,05:34,Telangana,Warangal,17.9885,79.1537,National Highway,Clear,Dawn,36,Male,Bike,92,No,No,No,Over Speeding,High,5.0
ACC35189,07-11-2024,11:12,Karnataka,Bengaluru Urban,15.9846,75.1962,City Road,Clear,Day,51,Male,Truck,59,No,Yes,No,Drowsy Driving,Low,1.0
ACC35190,06-06-2023,15:53,Telangana,Karimnagar,16.9151,79.0866,State Highway,Rainy,Day,28,Male,Car,55,Yes,No,No,Poor Weather Visibility,Medium,2.0
ACC35191,26-06-2023,00:08,Andhra Pradesh,Kurnool,16.0775,80.1635,National Highway,Clear,Night,50,Male,Car,74,No,No,No,Over Speeding,High,5.0
ACC35192,30-09-2023,12:02,Karnataka,Bengaluru Urban,15.8845,75.4938,Village Road,Cloudy,Day,43,Female,Bike,26,No,No,No,Poor Weather Visibility,Low,1.0
ACC35193,02-04-2022,16:19,Karnataka,Mangaluru,15.1584,75.2726,State Highway,Clear,Day,43,Male,Auto,37,No,No,No,Signal Jumping,Low,1.0
ACC35194,08-09-2023,18:39,Tamil Nadu,Madurai,10.852,78.8042,City Road,Clear,Dusk,33,Male,Car,45,No,No,No,Poor Weather Visibility,Low,2.0
ACC35195,03-10-2024,08:59,Tamil Nadu,Tiruchirappalli,10.3641,79.0835,City Road,Cloudy,Day,53,Male,Truck,55,No,No,No,Poor Weather Visibility,Medium,2.0
ACC35196,12-12-2024,07:54,Tamil Nadu,Tiruchirappalli,11.4921,78.9785,Expressway,Foggy,Day,31,Male,Car,79,No,No,No,Poor Weather Visibility,High,5.0
ACC35197,04-08-2022,12:07,Andhra Pradesh,Kurnool,15.2774,79.5016,City Road,Clear,Day,26,Male,Bike,42,No,No,No,Poor Weather Visibility,Low,0.0
ACC35198,11-12-2023,15:40,Karnataka,Mangaluru,14.5486,75.5552,National Highway,Clear,Day,25,Male,Bike,82,No,Yes,Yes,Over Speeding,High,5.0
ACC35199,13-05-2022,18:10,Andhra Pradesh,Visakhapatnam,15.4933,79.6904,City Road,Cloudy,Dusk,21,Male,Car,49,No,No,No,Poor Weather Visibility,Low,3.0
ACC35200,15-09-2022,06:09,Kerala,Kozhikode,9.9985,76.2315,State Highway,Rainy,Day,46,Male,Bike,65,No,No,No,Poor Weather Visibility,Medium,4.0
ACC35201,24-12-2023,08:06,Andhra Pradesh,Guntur,16.4166,79.5086,City Road,Cloudy,Day,34,Male,Auto,41,No,No,No,Poor Weather Visibility,Low,0.0
ACC35202,22-06-2023,09:37,Karnataka,Bengaluru Urban,15.462,75.0383,City Road,Clear,Day,43,Male,Car,46,No,No,No,Poor Weather Visibility,Low,0.0
ACC35203,08-05-2022,21:33,Telangana,Warangal,17.3004,78.8384,National Highway,Clear,Night,42,Male,Bike,54,No,No,No,Poor Weather Visibility,Low,4.0
ACC35204,05-03-2022,12:00,Karnataka,Bengaluru Urban,15.9488,75.6588,National Highway,Overcast,Day,36,Male,Bike,61,No,No,No,Poor Weather Visibility,Low,0.0
ACC35205,15-12-2022,19:59,Karnataka,Mysuru,15.6545,75.7656,City Road,Cloudy,Night,20,Male,Car,45,No,No,No,Poor Weather Visibility,Low,1.0
ACC35206,03-11-2022,09:28,Karnataka,Mangaluru,15.9462,75.9259,State Highway,Cloudy,Day,30,Female,Bike,47,No,No,No,Poor Weather Visibility,Low,0.0
ACC35207,08-12-2024,13:31,Telangana,Hyderabad,17.8145,79.0405,National Highway,Clear,Day,51,Male,Bike,86,No,No,No,Over Speeding,High,6.0
ACC35208,28-12-2024,08:08,Kerala,Kollam,10.4421,76.2517,City Road,Clear,Day,45,Male,Bike,30,No,No,Yes,Pothole/Bad Road,Low,2.0
ACC35209,28-08-2024,11:14,Andhra Pradesh,Guntur,16.3764,79.9304,Village Road,Clear,Day,33,Male,Car,54,No,No,No,Signal Jumping,Low,1.0
ACC35210,27-10-2022,11:47,Andhra Pradesh,Guntur,15.8624,79.5164,Village Road,Clear,Day,33,Female,Bike,41,No,No,No,Signal Jumping,Low,1.0
ACC35211,08-08-2024,22:05,Karnataka,Mangaluru,15.6593,76.0716,State Highway,Clear,Night,24,Male,Auto,98,Yes,No,No,Over Speeding,High,6.0
ACC35212,11-07-2023,16:10,Andhra Pradesh,Kurnool,15.2697,80.1942,National Highway,Rainy,Day,31,Male,Auto,67,No,No,No,Poor Weather Visibility,Medium,
ACC35213,10-05-2023,13:33,Tamil Nadu,Chennai,11.0095,78.9325,Expressway,Clear,Day,40,Male,Bike,80,Yes,No,No,Drunk Driving,High,0.0
ACC35214,11-07-2024,09:22,Karnataka,Mysuru,15.3123,76.5456,State Highway,Foggy,Day,45,Male,Bike,61,No,No,No,Poor Weather Visibility,Medium,4.0
ACC35215,27-12-2024,07:10,Kerala,Thiruvananthapuram,10.2686,75.8457,Expressway,Rainy,Day,40,Female,Car,80,No,No,No,Poor Weather Visibility,Medium,6.0
ACC35216,13-09-2023,09:05,Andhra Pradesh,Guntur,16.1801,79.7767,Expressway,Clear,Day,24,Male,Bike,84,No,No,No,Over Speeding,High,7.0
ACC35217,01-11-2022,00:09,Karnataka,Bengaluru Urban,15.907,75.9783,City Road,Clear,Night,53,Male,Car,60,Yes,Yes,No,Drunk Driving,High,2.0
ACC35218,25-05-2023,21:58,Karnataka,Mysuru,15.2153,75.5016,Village Road,Rainy,Night,18,Male,Bike,41,No,No,No,Poor Weather Visibility,Medium,3.0
ACC35219,29-08-2024,23:27,Karnataka,Mysuru,15.5883,75.3681,City Road,Cloudy,Night,40,Male,Bike,46,No,No,No,Signal Jumping,Low,1.0
ACC35220,18-11-2024,09:29,Tamil Nadu,Coimbatore,10.6754,79.2335,Village Road,Overcast,Day,18,Female,Car,54,No,Yes,No,Drowsy Driving,Medium,1.0
ACC35221,06-04-2022,06:19,Tamil Nadu,Tiruchirappalli,10.9188,78.6418,Expressway,Clear,Day,36,Male,Bike,57,No,No,No,Poor Weather Visibility,Low,
ACC35222,22-09-2024,18:59,Karnataka,Mysuru,15.4593,76.1356,Expressway,Rainy,Dusk,37,Male,Bike,82,No,No,No,Poor Weather Visibility,High,4.0
ACC35223,30-06-2024,08:36,Karnataka,Hubballi,15.2094,75.1675,Village Road,Rainy,Day,36,Male,Car,30,No,No,Yes,Poor Weather Visibility,Low,1.0
ACC35224,26-07-2022,08:20,Telangana,Warangal,18.2677,78.6271,Village Road,Clear,Day,52,Male,Car,28,No,No,No,Poor Weather Visibility,Low,1.0
ACC35225,15-05-2024,06:06,Telangana,Nizamabad,18.7047,79.2906,City Road,Clear,Day,27,Male,Car,41,No,No,Yes,Pothole/Bad Road,Low,1.0
ACC35226,24-09-2024,09:27,Tamil Nadu,Chennai,10.9136,78.6507,National Highway,Cloudy,Day,29,Male,Bike,67,No,No,No,Poor Weather Visibility,Medium,6.0
ACC35227,30-03-2023,08:42,Tamil Nadu,Chennai,10.356,78.6229,State Highway,Cloudy,Day,51,Male,Car,77,No,No,No,Over Speeding,Low,0.0
ACC35228,11-02-2022,08:27,Karnataka,Belagavi,15.6693,75.025,Expressway,Cloudy,Day,57,Male,Bike,83,No,Yes,No,Over Speeding,High,3.0
ACC35229,11-07-2024,11:54,Tamil Nadu,Coimbatore,11.3275,77.9373,City Road,Cloudy,Day,19,Male,Car,40,No,No,No,Poor Weather Visibility,Low,2.0
ACC35230,28-07-2023,18:48,Karnataka,Mysuru,14.9266,75.8928,City Road,Cloudy,Dusk,40,Female,Auto,52,No,No,No,Poor Weather Visibility,Low,0.0
ACC35231,01-11-2022,13:57,Kerala,Ernakulam,9.9611,76.6991,State Highway,Rainy,Day,20,Male,Bike,64,No,No,No,Poor Weather Visibility,Medium,3.0
ACC35232,13-03-2022,16:07,Karnataka,Mangaluru,15.3871,76.0698,Village Road,Clear,Day,37,Female,Auto,69,Yes,No,No,Drunk Driving,High,4.0
ACC35233,04-11-2023,00:41,Tamil Nadu,Tiruchirappalli,11.1115,78.6387,Village Road,Clear,Night,18,Male,Bike,24,No,No,No,Poor Weather Visibility,Low,0.0
ACC35234,19-07-2024,14:55,Kerala,Ernakulam,10.2338,77.2195,National Highway,Cloudy,Day,55,Male,Car,75,Yes,No,No,Drunk Driving,High,3.0
ACC35235,28-08-2022,18:53,Karnataka,Mangaluru,15.7598,75.8189,Village Road,Clear,Dusk,36,Male,Truck,41,No,No,No,Signal Jumping,Low,1.0
ACC35236,01-03-2022,13:15,Tamil Nadu,Coimbatore,11.1187,78.5274,Village Road,Clear,Day,45,Male,Bus,21,No,No,No,Poor Weather Visibility,Low,1.0
ACC35237,17-04-2024,19:12,Andhra Pradesh,Visakhapatnam,15.7797,80.2776,City Road,Clear,Night,29,Male,Auto,48,No,No,No,Signal Jumping,Low,0.0
ACC35238,13-06-2022,14:00,Andhra Pradesh,Nellore,15.508,80.0905,State Highway,Clear,Day,32,Male,Auto,55,No,No,No,Poor Weather Visibility,Medium,1.0
ACC35239,20-04-2024,17:53,Tamil Nadu,Madurai,10.8943,78.8229,City Road,Clear,Dusk,52,Male,Car,63,Yes,No,No,Drunk Driving,Medium,4.0
ACC35240,27-01-2024,16:42,Andhra Pradesh,Guntur,15.8794,79.5111,Village Road,Clear,Day,29,Male,Truck,37,No,No,No,Poor Weather Visibility,Low,
ACC35241,24-07-2022,07:26,Telangana,Warangal,18.5081,78.9291,City Road,Cloudy,Day,39,Male,Bike,64,No,No,No,Poor Weather Visibility,Low,1.0
ACC35242,31-07-2022,09:50,Tamil Nadu,Madurai,10.0069,78.1755,City Road,Overcast,Day,49,Male,Auto,69,Yes,No,Yes,Drunk Driving,High,4.0
ACC35243,10-04-2022,15:59,Tamil Nadu,Madurai,11.5576,79.2403,City Road,Foggy,Day,26,Female,Bike,31,No,No,Yes,Poor Weather Visibility,Low,0.0
ACC35244,24-01-2023,17:29,Kerala,Ernakulam,10.5616,76.2349,National Highway,Clear,Dusk,30,Male,Truck,68,No,Yes,No,Drowsy Driving,Medium,0.0
ACC35245,11-11-2022,15:51,Tamil Nadu,Tiruchirappalli,11.0305,79.2441,Village Road,Clear,Day,39,Male,Car,24,No,No,No,Signal Jumping,Low,0.0
ACC35246,26-04-2024,09:49,Tamil Nadu,Madurai,11.1657,78.4456,Expressway,Rainy,Day,32,Male,Truck,89,No,No,No,Over Speeding,High,5.0
ACC35247,23-01-2024,13:32,Kerala,Ernakulam,10.4139,75.8375,Village Road,Rainy,Day,29,Female,Bike,51,Yes,No,No,Poor Weather Visibility,Medium,3.0
ACC35248,15-01-2022,12:01,Andhra Pradesh,Vijayawada,15.6866,79.35,National Highway,Clear,Day,52,Male,Bike,57,No,No,No,Poor Weather Visibility,Medium,2.0
ACC35249,13-08-2022,19:00,Kerala,Thrissur,10.3677,76.5399,Expressway,Rainy,Night,41,Male,Auto,83,Yes,No,No,Poor Weather Visibility,High,5.0
ACC35250,19-10-2022,11:12,Kerala,Kozhikode,10.5457,76.5331,City Road,Clear,Day,34,Male,Bike,54,No,No,No,Signal Jumping,Low,1.0
ACC35251,21-03-2022,22:04,Karnataka,Bengaluru Urban,15.1878,75.8227,Village Road,Clear,Night,18,Female,Car,72,Yes,Yes,No,Drunk Driving,High,5.0
ACC35252,10-07-2022,21:28,Puducherry,Karaikal,12.1939,79.974,National Highway,Clear,Night,39,Male,Car,72,No,No,No,Over Speeding,Low,
ACC35253,12-11-2024,10:38,Karnataka,Hubballi,15.4095,76.234,Expressway,Rainy,Day,18,Male,Car,75,No,No,No,Poor Weather Visibility,High,10.0
ACC35254,16-11-2023,21:14,Tamil Nadu,Coimbatore,10.7175,78.5503,City Road,Clear,Night,27,Female,Car,70,Yes,Yes,Yes,Drunk Driving,High,7.0
ACC35255,21-06-2022,16:47,Tamil Nadu,Madurai,11.2509,78.5996,City Road,Cloudy,Day,33,Male,Truck,36,No,No,No,Poor Weather Visibility,Low,3.0
ACC35256,27-10-2024,07:23,Andhra Pradesh,Visakhapatnam,16.5804,79.6786,City Road,Cloudy,Day,23,Male,Truck,36,No,No,No,Poor Weather Visibility,Low,2.0
ACC35257,29-08-2023,09:46,Andhra Pradesh,Visakhapatnam,15.8544,79.4951,National Highway,Clear,Day,59,Male,Car,78,No,No,No,Over Speeding,Low,1.0
ACC35258,29-10-2022,15:20,Tamil Nadu,Salem,10.9811,78.6386,City Road,Clear,Day,43,Male,Bus,57,No,Yes,No,Drowsy Driving,Low,0.0
ACC35259,31-05-2024,18:28,Tamil Nadu,Madurai,11.4891,78.6825,Village Road,Overcast,Dusk,41,Male,Auto,30,No,No,No,Poor Weather Visibility,Low,1.0
ACC35260,28-08-2023,00:28,Tamil Nadu,Salem,10.6147,78.0878,Village Road,Clear,Night,41,Male,Car,64,No,No,No,Over Speeding,Low,1.0
ACC35261,28-04-2023,11:07,Tamil Nadu,Madurai,11.3257,78.9283,City Road,Rainy,Day,61,Male,Bike,67,Yes,Yes,No,Poor Weather Visibility,High,10.0
ACC35262,04-04-2022,18:09,Andhra Pradesh,Visakhapatnam,15.8606,79.9121,City Road,Clear,Dusk,45,Male,Car,43,Yes,No,Yes,Drunk Driving,Low,0.0
ACC35263,12-04-2023,03:03,Kerala,Thiruvananthapuram,10.6936,76.6314,Village Road,Clear,Night,51,Male,Bike,34,No,No,No,Signal Jumping,Low,1.0
ACC35264,05-03-2024,08:50,Telangana,Karimnagar,18.3347,78.861,City Road,Cloudy,Day,18,Female,Car,15,No,No,No,Poor Weather Visibility,Low,0.0
ACC35265,06-07-2023,23:41,Karnataka,Bengaluru Urban,15.5311,75.4281,Village Road,Overcast,Night,38,Male,Car,34,No,No,No,Poor Weather Visibility,Medium,3.0
ACC35266,26-02-2024,02:34,Tamil Nadu,Salem,11.2328,78.3949,Expressway,Cloudy,Night,50,Male,Car,92,No,Yes,No,Over Speeding,High,5.0
ACC35267,23-08-2022,17:38,Karnataka,Mangaluru,15.3211,75.3525,Expressway,Clear,Dusk,31,Male,Auto,87,No,No,No,Over Speeding,High,7.0
ACC35268,30-09-2023,07:00,Andhra Pradesh,Visakhapatnam,15.6995,79.5952,National Highway,Clear,Day,18,Female,Bike,70,No,No,No,Over Speeding,Medium,5.0
ACC35269,30-07-2023,13:06,Kerala,Kollam,9.9136,77.0488,Expressway,Clear,Day,31,Male,Bike,95,No,No,No,Over Speeding,Medium,6.0
ACC35270,01-02-2023,17:20,Kerala,Kollam,10.8155,76.0278,City Road,Clear,Dusk,46,Male,Car,42,No,No,No,Signal Jumping,Low,1.0
ACC35271,03-09-2024,15:27,Tamil Nadu,Coimbatore,10.9962,78.446,State Highway,Overcast,Day,35,Male,Bike,76,No,Yes,No,Drowsy Driving,High,5.0
ACC35272,02-04-2022,11:03,Tamil Nadu,Tiruchirappalli,10.9059,78.2166,Village Road,Clear,Day,29,Male,Bike,38,No,No,No,Signal Jumping,Low,4.0
ACC35273,05-01-2022,01:06,Karnataka,Belagavi,15.1802,76.1618,City Road,Overcast,Night,44,Male,Bike,52,No,No,No,Poor Weather Visibility,Low,1.0
ACC35274,15-06-2022,15:09,Telangana,Nizamabad,19.0204,79.8065,City Road,Cloudy,Day,45,Male,Car,35,Yes,No,No,Drunk Driving,Low,1.0
ACC35275,17-08-2024,17:44,Karnataka,Mangaluru,14.4669,75.4466,Expressway,Cloudy,Dusk,50,Female,Bike,71,No,No,No,Poor Weather Visibility,High,10.0
ACC35276,13-06-2022,19:19,Kerala,Thrissur,10.1107,76.6553,City Road,Overcast,Night,23,Female,Bike,47,No,Yes,No,Drowsy Driving,Medium,2.0