Accident_ID,Date,Time,State,District,Latitude,Longitude,Road_Type,Weather,Light_Condition,Driver_Age,Driver_Gender,Vehicle_Type,Speed_kmph,Alcohol_Involved,Driver_Drowsy,Pothole_Involved,Cause_of_Accident,Severity,Casualties
ACC35277,27-10-2022,14:10,Andhra Pradesh,Visakhapatnam,16.1236,79.4479,National Highway,Overcast,Day,25,Male,Auto,70,No,No,No,Poor Weather Visibility,Medium,5.0
ACC35278,10-04-2023,21:23,Telangana,Warangal,18.1857,79.0217,City Road,Clear,Night,33,Male,Auto,70,Yes,No,Yes,Drunk Driving,High,3.0
ACC35279,20-05-2023,12:07,Kerala,Thrissur,10.3641,76.2823,State Highway,Clear,Day,23,Male,Bike,80,No,No,No,Over Speeding,Medium,2.0
ACC35280,13-09-2022,06:37,Kerala,Kozhikode,10.7821,76.5784,City Road,Clear,Day,45,Male,Bike,45,No,No,Yes,Pothole/Bad Road,Low,2.0
ACC35281,17-06-2024,13:00,Tamil Nadu,Chennai,11.6477,78.9692,Expressway,Clear,Day,48,Female,Bus,65,No,No,No,Signal Jumping,Low,0.0
ACC35282,14-11-2023,15:49,Andhra Pradesh,Kurnool,15.8098,79.9465,State Highway,Clear,Day,18,Male,Auto,55,No,No,No,Signal Jumping,Medium,
ACC35283,10-11-2024,16:52,Tamil Nadu,Salem,11.1842,78.0654,City Road,Cloudy,Day,32,Male,Truck,41,No,No,No,Poor Weather Visibility,Low,1.0
ACC35284,03-02-2023,09:34,Telangana,Hyderabad,17.7602,79.1126,City Road,Clear,Day,30,Female,Bus,64,No,No,No,Signal Jumping,Low,1.0
ACC35285,09-06-2024,05:11,Puducherry,Puducherry,12.5773,79.6997,City Road,Foggy,Dawn,39,Male,Bike,38,No,No,No,Poor Weather Visibility,Low,0.0
ACC35286,05-09-2022,19:29,Kerala,Kozhikode,10.3197,76.5298,State Highway,Clear,Night,39,Male,Bus,44,No,Yes,No,Drowsy Driving,Low,0.0
ACC35287,28-06-2024,07:23,Karnataka,Mysuru,15.0688,75.3354,National Highway,Cloudy,Day,38,Male,Bike,90,No,No,No,Over Speeding,High,0.0
ACC35288,25-02-2023,02:33,Andhra Pradesh,Vijayawada,16.7384,79.863,National Highway,Rainy,Night,25,Male,Auto,58,No,No,No,Poor Weather Visibility,Medium,3.0
ACC35289,03-09-2022,19:55,Tamil Nadu,Coimbatore,11.0192,78.729,State Highway,Cloudy,Night,62,Male,Car,65,No,No,No,Poor Weather Visibility,Medium,0.0
ACC35290,29-12-2023,11:16,Telangana,Khammam,17.3085,78.6125,City Road,Cloudy,Day,38,Male,Car,46,No,No,No,Signal Jumping,Low,1.0
ACC35291,01-02-2023,08:53,Kerala,Ernakulam,10.6146,76.8251,Village Road,Cloudy,Day,30,Male,Bus,40,No,No,No,Poor Weather Visibility,Low,1.0
ACC35292,09-03-2023,20:13,Karnataka,Bengaluru Urban,14.582,76.6166,Village Road,Cloudy,Night,32,Male,Bike,44,No,No,No,Poor Weather Visibility,Low,0.0
ACC35293,05-02-2024,23:03,Karnataka,Hubballi,15.0268,76.1581,National Highway,Clear,Night,41,Male,Auto,90,Yes,No,No,Over Speeding,High,4.0
ACC35294,03-08-2024,22:51,Andhra Pradesh,Guntur,15.328,79.087,National Highway,Rainy,Night,34,Male,Truck,64,No,No,No,Poor Weather Visibility,Medium,3.0
ACC35295,23-03-2023,12:50,Andhra Pradesh,Guntur,15.8909,79.6335,Expressway,Rainy,Day,40,Male,Car,88,No,No,No,Over Speeding,Medium,2.0
ACC35296,19-07-2022,16:38,Telangana,Warangal,17.732,79.1094,Expressway,Overcast,Day,18,Female,Car,90,Yes,Yes,No,Over Speeding,High,5.0
ACC35297,15-04-2024,14:59,Karnataka,Belagavi,15.0749,75.2768,City Road,Rainy,Day,38,Male,Auto,58,No,No,No,Poor Weather Visibility,Medium,8.0
ACC35298,22-10-2023,01:26,Karnataka,Mangaluru,15.1117,75.4449,Expressway,Rainy,Night,23,Male,Truck,85,No,No,Yes,Poor Weather Visibility,High,4.0
ACC35299,30-01-2022,03:36,Andhra Pradesh,Kurnool,16.3181,79.3225,Expressway,Rainy,Night,26,Female,Auto,81,No,No,No,Poor Weather Visibility,High,7.0
ACC35300,19-09-2024,00:02,Karnataka,Bengaluru Urban,15.2209,75.2743,National Highway,Rainy,Night,18,Female,Truck,64,No,No,Yes,Poor Weather Visibility,High,6.0
ACC35301,03-06-2024,21:59,Karnataka,Bengaluru Urban,15.0719,75.2831,City Road,Clear,Night,39,Male,Truck,78,Yes,No,No,Drunk Driving,Medium,2.0
ACC35302,14-06-2023,07:15,Karnataka,Belagavi,15.4455,75.3569,City Road,Overcast,Day,34,Male,Car,34,No,No,Yes,Pothole/Bad Road,Low,1.0
ACC35303,11-09-2024,15:21,Kerala,Thiruvananthapuram,10.0578,76.6313,Village Road,Rainy,Day,37,Male,Bus,41,No,Yes,Yes,Poor Weather Visibility,Low,0.0
ACC35304,03-03-2024,12:30,Telangana,Hyderabad,17.3076,79.1212,State Highway,Cloudy,Day,18,Male,Bus,49,Yes,No,Yes,Drunk Driving,Low,1.0
ACC35305,18-07-2023,12:57,Tamil Nadu,Salem,10.2932,78.3172,National Highway,Overcast,Day,25,Female,Bike,45,No,No,No,Poor Weather Visibility,Low,2.0
ACC35306,23-06-2022,15:51,Andhra Pradesh,Nellore,15.9014,79.8797,Village Road,Rainy,Day,62,Male,Bike,52,No,No,No,Poor Weather Visibility,Medium,6.0
ACC35307,15-03-2024,12:01,Tamil Nadu,Salem,11.4453,78.8606,Village Road,Clear,Day,18,Male,Bike,58,Yes,No,Yes,Drunk Driving,Medium,5.0
ACC35308,27-12-2024,19:26,Andhra Pradesh,Visakhapatnam,15.1459,79.2689,City Road,Rainy,Night,18,Male,Bike,53,Yes,No,Yes,Poor Weather Visibility,Medium,2.0
ACC35309,07-05-2023,18:53,Andhra Pradesh,Visakhapatnam,16.1895,79.6813,State Highway,Rainy,Dusk,31,Female,Bike,61,No,No,No,Poor Weather Visibility,Medium,2.0
ACC35310,23-01-2024,20:39,Telangana,Karimnagar,17.7108,79.3407,State Highway,Clear,Night,35,Female,Car,50,No,No,Yes,Pothole/Bad Road,Low,0.0
ACC35311,13-02-2023,10:49,Andhra Pradesh,Vijayawada,15.9124,80.1029,National Highway,Clear,Day,18,Female,Auto,71,No,No,No,Over Speeding,High,
ACC35312,23-12-2024,09:13,Andhra Pradesh,Nellore,15.8757,79.9051,City Road,Cloudy,Day,40,Male,Bike,62,No,No,Yes,Pothole/Bad Road,Medium,1.0
ACC35313,11-04-2023,19:24,Telangana,Karimnagar,18.3358,79.3084,State Highway,Overcast,Night,42,Male,Auto,57,No,No,No,Signal Jumping,Medium,7.0
ACC35314,15-12-2023,09:06,Telangana,Nizamabad,17.6536,78.6248,City Road,Clear,Day,18,Male,Bus,67,No,No,No,Over Speeding,Low,1.0
ACC35315,27-01-2023,16:59,Tamil Nadu,Chennai,10.8909,78.7831,State Highway,Cloudy,Day,32,Male,Bike,56,No,No,No,Poor Weather Visibility,Medium,4.0
ACC35316,03-08-2022,18:25,Telangana,Nizamabad,17.5742,78.6869,City Road,Clear,Dusk,22,Male,Car,64,No,No,No,Over Speeding,Medium,1.0
ACC35317,10-11-2022,23:01,Telangana,Karimnagar,18.8878,79.8418,Village Road,Overcast,Night,45,Male,Truck,60,Yes,Yes,Yes,Drunk Driving,High,2.0
ACC35318,16-01-2023,19:35,Tamil Nadu,Salem,11.1156,78.4477,National Highway,Cloudy,Night,46,Male,Bike,100,Yes,Yes,No,Over Speeding,High,
ACC35319,03-04-2023,08:57,Kerala,Kozhikode,10.5902,75.8733,City Road,Clear,Day,26,Male,Bike,53,No,No,No,Signal Jumping,Low,1.0
ACC35320,01-12-2023,00:55,Telangana,Warangal,18.1791,79.2153,City Road,Clear,Night,50,Female,Auto,61,No,No,No,Signal Jumping,Low,0.0
ACC35321,26-12-2024,08:32,Kerala,Kozhikode,10.5469,76.71,Expressway,Clear,Day,47,Female,Car,73,No,No,No,Over Speeding,Low,2.0
ACC35322,23-12-2024,11:29,Karnataka,Belagavi,15.235,75.4846,Village Road,Clear,Day,43,Male,Bike,22,No,No,No,Poor Weather Visibility,Low,0.0
ACC35323,11-01-2023,09:37,Tamil Nadu,Coimbatore,11.5392,78.1893,National Highway,Rainy,Day,37,Male,Bike,66,No,No,No,Poor Weather Visibility,Medium,4.0
ACC35324,16-11-2024,16:20,Puducherry,Karaikal,12.0999,80.2015,City Road,Overcast,Day,47,Male,Auto,51,No,Yes,No,Drowsy Driving,Low,2.0
ACC35325,04-07-2024,11:15,Andhra Pradesh,Nellore,14.9819,80.0951,National Highway,Clear,Day,18,Female,Bike,67,Yes,No,No,Drunk Driving,Medium,3.0
ACC35326,31-01-2024,07:40,Telangana,Hyderabad,17.5718,79.1868,State Highway,Cloudy,Day,44,Male,Bike,60,No,No,No,Poor Weather Visibility,Medium,1.0
ACC35327,27-02-2024,21:51,Andhra Pradesh,Guntur,15.5496,80.223,Expressway,Clear,Night,20,Male,Bike,97,Yes,Yes,No,Over Speeding,High,4.0
ACC35328,25-12-2022,04:33,Tamil Nadu,Coimbatore,10.9734,78.2827,Expressway,Clear,Night,35,Male,Car,81,No,No,No,Over Speeding,Medium,1.0
ACC35329,01-06-2023,17:47,Tamil Nadu,Madurai,10.8801,77.9565,City Road,Clear,Dusk,54,Male,Truck,47,No,No,No,Signal Jumping,Low,2.0
ACC35330,03-05-2023,14:07,Tamil Nadu,Salem,10.453,78.1157,National Highway,Clear,Day,28,Female,Bike,59,No,No,No,Signal Jumping,Low,1.0
ACC35331,30-01-2022,08:00,Kerala,Thrissur,10.7194,76.0512,Village Road,Cloudy,Day,56,Male,Bike,51,No,No,Yes,Pothole/Bad Road,Medium,4.0
ACC35332,31-10-2024,07:25,Karnataka,Mysuru,15.9495,75.9624,Village Road,Overcast,Day,38,Male,Bike,27,No,No,No,Poor Weather Visibility,Low,0.0
ACC35333,26-03-2022,11:35,Karnataka,Bengaluru Urban,15.8094,75.5597,National Highway,Clear,Day,50,Male,Bike,55,No,No,No,Poor Weather Visibility,Low,0.0
ACC35334,19-05-2023,04:40,Andhra Pradesh,Vijayawada,15.5526,79.4716,City Road,Clear,Night,28,Female,Bike,36,No,No,No,Signal Jumping,Low,1.0
ACC35335,10-01-2024,22:09,Kerala,Thiruvananthapuram,10.471,76.0196,Village Road,Cloudy,Night,38,Male,Car,37,No,No,No,Poor Weather Visibility,Low,0.0
ACC35336,07-03-2024,18:35,Tamil Nadu,Madurai,11.5235,78.4778,Village Road,Clear,Dusk,26,Female,Truck,36,No,No,No,Poor Weather Visibility,Low,2.0
ACC35337,17-12-2024,12:43,Tamil Nadu,Tiruchirappalli,11.5081,78.3414,National Highway,Foggy,Day,19,Male,Bike,66,No,No,No,Poor Weather Visibility,Medium,2.0
ACC35338,25-03-2023,15:26,Telangana,Warangal,18.2247,78.1399,City Road,Clear,Day,33,Male,Bike,44,Yes,No,No,Drunk Driving,Medium,5.0
ACC35339,29-01-2023,10:07,Andhra Pradesh,Visakhapatnam,16.0212,79.6277,Village Road,Rainy,Day,34,Male,Bike,48,No,Yes,Yes,Poor Weather Visibility,Medium,1.0
ACC35340,14-06-2023,19:01,Karnataka,Mangaluru,15.4185,75.793,Expressway,Clear,Night,38,Female,Bus,66,No,No,No,Over Speeding,Medium,2.0
ACC35341,17-02-2022,14:10,Puducherry,Puducherry,12.0091,79.4161,Expressway,Cloudy,Day,44,Male,Bus,85,Yes,No,No,Drunk Driving,High,4.0
ACC35342,27-11-2024,18:19,Kerala,Kollam,10.0768,76.1379,City Road,Clear,Dusk,48,Male,Car,56,No,Yes,No,Drowsy Driving,Medium,6.0
ACC35343,21-02-2024,06:17,Andhra Pradesh,Nellore,15.9796,79.4243,Expressway,Overcast,Day,29,Male,Bike,72,No,No,Yes,Signal Jumping,Medium,3.0
ACC35344,03-07-2023,19:00,Telangana,Hyderabad,18.2219,79.2958,Village Road,Cloudy,Night,39,Male,Auto,59,Yes,No,Yes,Drunk Driving,High,3.0
ACC35345,10-08-2024,13:11,Tamil Nadu,Coimbatore,11.4842,79.1233,City Road,Clear,Day,40,Male,Car,65,No,No,No,Signal Jumping,Low,1.0
ACC35346,22-06-2024,21:49,Tamil Nadu,Tiruchirappalli,11.6535,78.0204,Expressway,Clear,Night,24,Female,Auto,104,Yes,Yes,No,Over Speeding,High,11.0
ACC35347,05-05-2023,20:13,Andhra Pradesh,Guntur,15.8574,79.2423,Village Road,Cloudy,Night,29,Male,Bike,49,Yes,Yes,No,Drunk Driving,High,6.0
ACC35348,13-03-2024,14:43,Andhra Pradesh,Vijayawada,15.4748,79.4526,State Highway,Clear,Day,21,Female,Truck,51,No,No,No,Poor Weather Visibility,Low,3.0
ACC35349,22-04-2024,00:56,Puducherry,Puducherry,11.8181,80.0759,State Highway,Rainy,Night,47,Male,Car,43,No,No,No,Poor Weather Visibility,Low,1.0
ACC35350,05-04-2024,09:06,Karnataka,Belagavi,15.7038,76.0155,City Road,Rainy,Day,42,Female,Bike,46,No,No,No,Poor Weather Visibility,Low,3.0
ACC35351,25-05-2024,20:45,Tamil Nadu,Salem,10.9993,78.5104,National Highway,Rainy,Night,37,Female,Car,58,No,No,No,Poor Weather Visibility,Medium,4.0
ACC35352,26-12-2023,00:49,Puducherry,Puducherry,11.6688,79.9837,National Highway,Rainy,Night,18,Male,Truck,74,No,No,No,Poor Weather Visibility,High,8.0
ACC35353,01-06-2022,17:54,Karnataka,Mysuru,15.9374,76.2153,State Highway,Foggy,Dusk,49,Male,Car,81,No,No,No,Poor Weather Visibility,Medium,1.0
ACC35354,12-09-2023,20:09,Tamil Nadu,Madurai,10.7774,78.7889,City Road,Clear,Night,29,Male,Bike,26,No,No,No,Signal Jumping,Low,0.0
ACC35355,08-10-2023,17:00,Andhra Pradesh,Visakhapatnam,15.6631,79.5775,National Highway,Foggy,Dusk,29,Female,Bike,74,No,Yes,No,Poor Weather Visibility,High,6.0
ACC35356,14-03-2023,08:03,Tamil Nadu,Coimbatore,11.1373,78.8941,Village Road,Cloudy,Day,32,Female,Bus,66,Yes,No,Yes,Drunk Driving,High,5.0
ACC35357,29-05-2023,13:13,Kerala,Thiruvananthapuram,10.6043,76.312,National Highway,Rainy,Day,34,Male,Bike,85,No,No,No,Poor Weather Visibility,Medium,2.0
ACC35358,18-03-2023,11:53,Tamil Nadu,Tiruchirappalli,11.1659,78.3133,City Road,Rainy,Day,28,Male,Bike,33,No,Yes,No,Poor Weather Visibility,Low,0.0
ACC35359,25-12-2024,23:12,Karnataka,Bengaluru Urban,14.9105,75.3094,State Highway,Cloudy,Night,23,Male,Auto,74,No,No,Yes,Pothole/Bad Road,Medium,3.0
ACC35360,02-08-2023,08:03,Telangana,Khammam,18.0167,79.3243,Expressway,Rainy,Day,39,Female,Car,80,No,No,Yes,Poor Weather Visibility,High,6.0
ACC35361,24-10-2023,12:31,Tamil Nadu,Salem,11.7237,79.1934,National Highway,Clear,Day,41,Male,Bus,75,No,No,No,Over Speeding,Low,1.0
ACC35362,07-09-2023,14:26,Karnataka,Mysuru,15.7497,75.3445,City Road,Clear,Day,23,Female,Bike,49,No,Yes,No,Drowsy Driving,Medium,4.0
ACC35363,16-08-2024,22:57,Andhra Pradesh,Guntur,15.3954,79.6901,National Highway,Rainy,Night,21,Male,Bike,74,Yes,No,No,Poor Weather Visibility,High,10.0
ACC35364,17-05-2022,16:40,Andhra Pradesh,Vijayawada,15.783,79.6969,State Highway,Rainy,Day,54,Male,Bike,40,No,No,Yes,Poor Weather Visibility,Low,1.0
ACC35365,04-12-2023,17:14,Telangana,Warangal,17.9394,78.3019,City Road,Overcast,Dusk,27,Male,Car,59,No,No,No,Poor Weather Visibility,Low,2.0
ACC35366,09-02-2023,17:17,Tamil Nadu,Madurai,11.5683,78.7395,Village Road,Cloudy,Dusk,19,Male,Bike,29,Yes,No,No,Drunk Driving,Low,2.0
ACC35367,08-06-2023,22:56,Karnataka,Bengaluru Urban,16.3136,75.2659,National Highway,Clear,Night,20,Male,Bike,103,Yes,No,No,Over Speeding,High,4.0
ACC35368,12-08-2022,00:30,Kerala,Thrissur,9.947,75.9656,Expressway,Clear,Night,50,Female,Bike,68,No,Yes,No,Drowsy Driving,High,5.0
ACC35369,23-03-2022,12:14,Tamil Nadu,Coimbatore,11.6409,79.0735,National Highway,Clear,Day,44,Female,Truck,57,No,No,No,Signal Jumping,Medium,9.0
ACC35370,09-09-2024,09:44,Kerala,Kollam,10.8581,76.2605,City Road,Clear,Day,57,Male,Truck,52,No,No,No,Poor Weather Visibility,Low,1.0
ACC35371,22-08-2024,13:39,Tamil Nadu,Tiruchirappalli,10.9748,78.4324,Expressway,Cloudy,Day,18,Male,Bike,73,No,No,Yes,Pothole/Bad Road,Medium,2.0
ACC35372,15-10-2024,12:05,Karnataka,Hubballi,15.4204,75.9181,State Highway,Clear,Day,18,Male,Bike,63,No,No,Yes,Pothole/Bad Road,Medium,1.0
ACC35373,09-03-2023,23:00,Kerala,Kollam,10.3589,76.729,City Road,Clear,Night,42,Male,Auto,53,Yes,No,No,Drunk Driving,Medium,2.0
ACC35374,11-07-2023,10:23,Karnataka,Hubballi,15.6702,75.8827,Expressway,Rainy,Day,41,Male,Bike,80,No,No,Yes,Poor Weather Visibility,High,4.0
ACC35375,04-05-2024,09:45,Andhra Pradesh,Vijayawada,16.04,79.2968,Expressway,Clear,Day,27,Male,Car,82,No,No,No,Over Speeding,Medium,1.0
ACC35376,08-03-2024,07:21,Andhra Pradesh,Vijayawada,16.3333,80.0697,City Road,Clear,Day,56,Male,Truck,42,No,No,No,Poor Weather Visibility,Low,0.0
ACC35377,21-07-2023,10:49,Telangana,Nizamabad,17.6303,78.977,Expressway,Clear,Day,30,Male,Truck,89,No,No,No,Over Speeding,Medium,1.0
ACC35378,03-03-2024,08:44,Telangana,Hyderabad,18.1545,78.443,Expressway,Clear,Day,24,Female,Car,92,No,No,No,Over Speeding,Medium,4.0
ACC35379,12-05-2022,19:40,Karnataka,Mysuru,15.5369,75.8735,City Road,Cloudy,Night,48,Male,Truck,53,No,No,Yes,Pothole/Bad Road,Medium,1.0
ACC35380,04-03-2024,21:28,Andhra Pradesh,Visakhapatnam,15.7032,79.6427,City Road,Clear,Night,18,Male,Bike,21,No,No,No,Signal Jumping,Low,1.0
ACC35381,26-03-2022,20:19,Tamil Nadu,Coimbatore,11.8439,79.499,City Road,Clear,Night,42,Male,Auto,62,Yes,No,No,Drunk Driving,High,
ACC35382,12-03-2023,17:29,Kerala,Kollam,9.7461,76.6606,Village Road,Clear,Dusk,56,Male,Car,46,No,No,No,Signal Jumping,Low,0.0
ACC35383,26-06-2024,13:27,Telangana,Khammam,17.756,78.84,State Highway,Clear,Day,49,Male,Auto,63,No,No,No,Signal Jumping,Low,3.0
ACC35384,10-10-2022,06:19,Andhra Pradesh,Vijayawada,15.8738,79.3425,National Highway,Clear,Day,75,Male,Truck,63,Yes,No,No,Drunk Driving,Medium,3.0
ACC35385,31-08-2022,18:17,Kerala,Ernakulam,10.1199,75.8086,City Road,Cloudy,Dusk,50,Female,Bike,34,No,No,No,Poor Weather Visibility,Low,0.0
ACC35386,18-12-2022,18:01,Tamil Nadu,Tiruchirappalli,10.999,78.3164,City Road,Clear,Dusk,39,Male,Bike,41,No,No,No,Signal Jumping,Low,2.0
ACC35387,12-01-2022,19:29,Kerala,Kollam,10.0905,76.1277,National Highway,Overcast,Night,33,Male,Car,72,No,No,Yes,Pothole/Bad Road,High,6.0
ACC35388,10-07-2024,13:09,Telangana,Khammam,17.969,79.049,State Highway,Cloudy,Day,19,Male,Bus,64,No,No,No,Poor Weather Visibility,Low,0.0
ACC35389,08-06-2024,07:44,Tamil Nadu,Coimbatore,11.3735,79.0979,Expressway,Overcast,Day,31,Male,Truck,103,Yes,No,No,Over Speeding,High,6.0
ACC35390,13-04-2024,18:20,Karnataka,Bengaluru Urban,14.6441,75.8675,City Road,Clear,Dusk,27,Male,Bike,62,No,No,No,Signal Jumping,Low,1.0
ACC35391,15-07-2024,22:29,Kerala,Thrissur,10.6538,76.1728,National Highway,Clear,Night,31,Male,Auto,91,Yes,No,No,Over Speeding,High,6.0
ACC35392,29-03-2022,08:34,Tamil Nadu,Madurai,11.3854,78.8615,Village Road,Clear,Day,52,Male,Auto,39,No,No,Yes,Pothole/Bad Road,Low,0.0
ACC35393,20-06-2024,10:42,Karnataka,Mysuru,15.26,76.3085,City Road,Clear,Day,19,Male,Truck,31,No,No,No,Signal Jumping,Low,0.0
ACC35394,08-09-2023,00:24,Karnataka,Belagavi,15.285,75.6476,State Highway,Clear,Night,26,Male,Auto,53,No,No,No,Poor Weather Visibility,Low,1.0
ACC35395,27-12-2022,06:47,Andhra Pradesh,Guntur,16.0117,79.596,City Road,Overcast,Day,41,Male,Auto,30,No,No,No,Poor Weather Visibility,Low,1.0
ACC35396,24-10-2023,09:12,Kerala,Thiruvananthapuram,11.0498,76.719,Village Road,Clear,Day,26,Male,Bus,35,No,No,No,Signal Jumping,Low,2.0
ACC35397,17-02-2024,07:52,Telangana,Hyderabad,17.5209,79.1833,City Road,Cloudy,Day,43,Male,Bus,68,Yes,Yes,No,Drunk Driving,High,4.0
ACC35398,27-02-2023,06:06,Andhra Pradesh,Visakhapatnam,15.7615,79.8184,City Road,Cloudy,Day,38,Male,Car,67,No,No,Yes,Pothole/Bad Road,Medium,2.0
ACC35399,03-12-2024,15:17,Kerala,Kollam,10.2377,76.1986,Village Road,Rainy,Day,47,Male,Bike,49,No,No,Yes,Poor Weather Visibility,Low,1.0
ACC35400,26-03-2024,07:34,Tamil Nadu,Madurai,12.0389,77.9733,Expressway,Rainy,Day,37,Male,Bike,81,No,No,Yes,Poor Weather Visibility,High,5.0
ACC35401,28-07-2023,19:36,Karnataka,Hubballi,15.7993,75.2178,City Road,Clear,Night,33,Male,Car,84,Yes,No,No,Drunk Driving,High,6.0
ACC35402,05-08-2022,22:47,Karnataka,Hubballi,14.8569,75.2509,Expressway,Rainy,Night,53,Male,Bus,68,Yes,No,Yes,Poor Weather Visibility,High,7.0
ACC35403,02-01-2023,14:30,Andhra Pradesh,Visakhapatnam,16.2016,79.938,City Road,Rainy,Day,47,Male,Car,36,No,No,Yes,Poor Weather Visibility,Low,1.0
ACC35404,01-09-2023,18:00,Telangana,Khammam,18.2648,78.8495,City Road,Rainy,Dusk,42,Male,Car,32,No,Yes,Yes,Poor Weather Visibility,Medium,
ACC35405,10-12-2023,23:34,Kerala,Thiruvananthapuram,10.2584,76.6355,National Highway,Clear,Night,45,Male,Bus,66,No,Yes,No,Drowsy Driving,Medium,2.0
ACC35406,08-03-2023,21:31,Karnataka,Mangaluru,15.7894,75.5787,Village Road,Clear,Night,32,Male,Car,19,No,No,Yes,Pothole/Bad Road,Low,0.0
ACC35407,14-03-2024,15:03,Karnataka,Mangaluru,15.4092,75.6652,Expressway,Clear,Day,49,Female,Truck,85,No,No,No,Over Speeding,Medium,3.0
ACC35408,25-03-2022,19:51,Puducherry,Karaikal,12.3127,79.7558,National Highway,Overcast,Night,38,Male,Truck,85,No,Yes,No,Over Speeding,High,7.0
ACC35409,24-09-2024,19:58,Tamil Nadu,Tiruchirappalli,10.3277,78.4314,National Highway,Cloudy,Night,18,Female,Car,83,No,No,No,Over Speeding,High,7.0
ACC35410,18-02-2022,19:44,Puducherry,Karaikal,11.6403,79.601,State Highway,Rainy,Night,18,Male,Car,77,No,No,No,Poor Weather Visibility,High,7.0
ACC35411,19-04-2022,08:56,Tamil Nadu,Coimbatore,11.2062,78.4964,City Road,Clear,Day,35,Female,Car,60,Yes,No,Yes,Drunk Driving,Medium,4.0
ACC35412,06-06-2023,21:51,Tamil Nadu,Madurai,10.8825,79.0706,Village Road,Rainy,Night,51,Male,Auto,43,Yes,No,No,Poor Weather Visibility,High,4.0
ACC35413,12-01-2023,18:10,Andhra Pradesh,Nellore,15.3152,79.4796,National Highway,Clear,Dusk,18,Male,Car,81,Yes,No,No,Drunk Driving,High,5.0
ACC35414,08-04-2022,11:10,Karnataka,Mangaluru,15.5478,75.8879,City Road,Rainy,Day,18,Female,Car,61,No,No,No,Poor Weather Visibility,Medium,3.0
ACC35415,30-07-2023,07:51,Kerala,Thiruvananthapuram,10.2794,77.1275,State Highway,Clear,Day,34,Male,Bus,74,No,No,No,Over Speeding,Medium,1.0
ACC35416,25-12-2023,16:52,Karnataka,Bengaluru Urban,16.0291,75.8296,Village Road,Foggy,Day,35,Male,Truck,40,No,No,No,Poor Weather Visibility,Low,0.0
ACC35417,23-07-2023,04:04,Telangana,Karimnagar,17.9364,78.9932,State Highway,Cloudy,Night,33,Male,Bike,63,No,Yes,No,Drowsy Driving,Medium,1.0
ACC35418,14-07-2023,07:03,Tamil Nadu,Madurai,10.7404,79.2241,National Highway,Overcast,Day,52,Female,Car,47,No,No,No,Poor Weather Visibility,Low,
ACC35419,11-08-2022,13:49,Kerala,Ernakulam,9.914,76.5726,Village Road,Rainy,Day,48,Male,Car,51,No,No,Yes,Poor Weather Visibility,Medium,1.0
ACC35420,09-05-2022,20:46,Telangana,Nizamabad,17.9481,78.7068,National Highway,Clear,Night,39,Male,Bike,53,No,No,No,Signal Jumping,Low,0.0
ACC35421,17-07-2023,18:19,Andhra Pradesh,Kurnool,15.8833,80.2724,City Road,Clear,Dusk,29,Male,Car,50,No,No,No,Signal Jumping,Low,4.0
ACC35422,27-12-2023,19:29,Karnataka,Belagavi,14.8364,76.9118,Village Road,Clear,Night,34,Male,Bike,39,No,Yes,Yes,Drowsy Driving,Medium,1.0
ACC35423,13-06-2024,15:49,Telangana,Karimnagar,17.4301,78.5677,City Road,Rainy,Day,26,Male,Bike,28,No,No,No,Poor Weather Visibility,Low,0.0
ACC35424,28-01-2022,09:36,Kerala,Kollam,9.9566,76.1473,State Highway,Cloudy,Day,18,Male,Car,67,No,Yes,No,Drowsy Driving,Medium,2.0
ACC35425,31-07-2022,18:28,Karnataka,Bengaluru Urban,15.6532,76.0154,State Highway,Clear,Dusk,50,Male,Car,69,No,No,No,Over Speeding,Medium,4.0
ACC35426,08-05-2022,20:07,Kerala,Ernakulam,10.7489,75.9444,State Highway,Cloudy,Night,25,Female,Bike,72,No,No,No,Poor Weather Visibility,Medium,1.0
ACC35427,20-10-2024,16:04,Karnataka,Hubballi,16.2644,76.3543,City Road,Cloudy,Day,40,Male,Bike,61,Yes,No,No,Drunk Driving,Medium,4.0
ACC35428,20-09-2022,21:09,Karnataka,Hubballi,15.8108,75.695,City Road,Rainy,Night,48,Female,Car,39,No,No,Yes,Poor Weather Visibility,Low,0.0
ACC35429,30-05-2024,16:13,Karnataka,Hubballi,15.6154,75.3554,State Highway,Clear,Day,59,Male,Car,63,No,No,No,Signal Jumping,Low,3.0
ACC35430,24-12-2024,22:59,Tamil Nadu,Madurai,10.977,78.4149,City Road,Rainy,Night,50,Male,Car,46,No,No,Yes,Poor Weather Visibility,Low,0.0
ACC35431,22-09-2022,11:52,Telangana,Karimnagar,17.4994,79.1876,City Road,Clear,Day,33,Male,Bike,44,No,No,No,Signal Jumping,Low,4.0
ACC35432,26-10-2023,17:41,Kerala,Thiruvananthapuram,10.2145,76.296,State Highway,Clear,Dusk,29,Male,Bike,66,No,No,No,Signal Jumping,Medium,1.0
ACC35433,29-12-2023,01:16,Tamil Nadu,Salem,10.9449,77.9215,City Road,Overcast,Night,18,Male,Auto,62,No,No,No,Poor Weather Visibility,Medium,5.0