Accident_ID,Date,Time,State,District,Latitude,Longitude,Road_Type,Weather,Light_Condition,Driver_Age,Driver_Gender,Vehicle_Type,Speed_kmph,Alcohol_Involved,Driver_Drowsy,Pothole_Involved,Cause_of_Accident,Severity,Casualties
ACC35434,20-10-2022,06:58,Kerala,Thrissur,9.9581,76.3523,Village Road,Clear,Day,32,Male,Auto,25,No,No,No,Poor Weather Visibility,Low,
ACC35435,09-09-2022,08:00,Tamil Nadu,Tiruchirappalli,10.8004,79.1839,City Road,Foggy,Day,25,Male,Car,43,No,No,No,Poor Weather Visibility,Low,1.0
ACC35436,19-08-2024,10:05,Andhra Pradesh,Kurnool,15.3391,79.1029,City Road,Cloudy,Day,38,Female,Auto,39,No,No,No,Poor Weather Visibility,Low,0.0
ACC35437,15-08-2024,14:34,Karnataka,Belagavi,14.4645,76.6211,City Road,Cloudy,Day,36,Female,Bike,51,No,No,Yes,Pothole/Bad Road,Low,0.0
ACC35438,09-06-2024,00:49,Kerala,Thrissur,10.1538,75.6704,State Highway,Overcast,Night,31,Male,Auto,51,No,No,Yes,Pothole/Bad Road,Medium,3.0
ACC35439,22-05-2023,09:46,Telangana,Khammam,18.6861,78.4498,Expressway,Cloudy,Day,43,Male,Truck,88,No,No,No,Over Speeding,Medium,2.0
ACC35440,09-09-2022,09:09,Karnataka,Bengaluru Urban,15.4073,75.8009,City Road,Rainy,Day,32,Female,Bus,64,No,No,No,Poor Weather Visibility,Medium,4.0
ACC35441,06-03-2024,13:53,Karnataka,Hubballi,15.5354,76.1092,State Highway,Clear,Day,42,Male,Bike,64,No,No,No,Over Speeding,Low,0.0
ACC35442,06-05-2022,09:11,Andhra Pradesh,Guntur,15.8904,79.8094,Expressway,Rainy,Day,49,Male,Auto,69,No,No,No,Poor Weather Visibility,High,6.0
ACC35443,13-06-2022,05:42,Karnataka,Belagavi,15.3333,75.384,City Road,Clear,Dawn,49,Male,Bike,54,No,Yes,Yes,Drowsy Driving,Low,0.0
ACC35444,16-07-2023,16:33,Telangana,Warangal,18.8119,78.7968,City Road,Cloudy,Day,43,Male,Auto,64,No,No,No,Poor Weather Visibility,Low,1.0
ACC35445,06-08-2022,11:19,Tamil Nadu,Salem,10.8756,77.8175,City Road,Rainy,Day,47,Female,Bike,39,No,No,No,Poor Weather Visibility,Low,1.0
ACC35446,01-08-2023,22:41,Karnataka,Mysuru,15.5692,75.3355,State Highway,Clear,Night,33,Female,Bike,78,Yes,No,Yes,Drunk Driving,High,8.0
ACC35447,18-07-2024,13:17,Karnataka,Belagavi,15.9459,76.0262,State Highway,Cloudy,Day,34,Male,Truck,57,No,Yes,No,Drowsy Driving,Medium,2.0
ACC35448,26-10-2024,13:33,Kerala,Kollam,10.7158,75.9325,State Highway,Clear,Day,52,Male,Auto,63,No,No,Yes,Pothole/Bad Road,Medium,2.0
ACC35449,14-02-2023,17:48,Kerala,Kozhikode,10.4645,76.3944,City Road,Clear,Dusk,38,Female,Car,51,No,No,Yes,Pothole/Bad Road,Low,1.0
ACC35450,03-11-2023,06:19,Karnataka,Belagavi,15.3947,75.5294,City Road,Overcast,Day,28,Female,Car,39,No,No,No,Poor Weather Visibility,Low,0.0
ACC35451,10-08-2022,21:26,Andhra Pradesh,Kurnool,15.8418,79.72,National Highway,Overcast,Night,31,Male,Car,49,No,No,No,Poor Weather Visibility,Low,2.0
ACC35452,13-05-2022,10:19,Tamil Nadu,Salem,11.3389,78.2661,City Road,Clear,Day,30,Male,Bike,39,No,No,No,Poor Weather Visibility,Low,0.0
ACC35453,12-03-2024,08:51,Andhra Pradesh,Visakhapatnam,16.1491,79.5438,National Highway,Rainy,Day,27,Male,Car,66,No,No,No,Poor Weather Visibility,Medium,2.0
ACC35454,14-04-2024,19:24,Telangana,Khammam,18.1857,79.0502,City Road,Clear,Night,38,Male,Car,72,No,Yes,No,Drowsy Driving,High,9.0
ACC35455,11-09-2023,11:17,Telangana,Hyderabad,17.8784,79.2262,City Road,Cloudy,Day,50,Male,Auto,47,No,Yes,No,Drowsy Driving,Medium,4.0
ACC35456,30-07-2022,19:25,Telangana,Karimnagar,17.5189,79.5754,Village Road,Clear,Night,18,Female,Car,33,No,No,No,Signal Jumping,Low,0.0
ACC35457,20-05-2022,19:52,Tamil Nadu,Madurai,10.8169,79.3848,Expressway,Rainy,Night,68,Male,Car,70,No,No,Yes,Poor Weather Visibility,High,5.0
ACC35458,27-05-2023,00:41,Telangana,Khammam,18.3528,78.7926,State Highway,Foggy,Night,33,Male,Bike,64,No,No,No,Poor Weather Visibility,High,6.0
ACC35459,24-11-2023,12:49,Tamil Nadu,Salem,11.1813,79.328,City Road,Rainy,Day,52,Female,Auto,33,No,No,Yes,Poor Weather Visibility,Low,3.0
ACC35460,29-09-2023,05:04,Kerala,Kozhikode,10.8241,76.5011,Village Road,Clear,Dawn,59,Female,Bike,37,No,Yes,Yes,Drowsy Driving,Medium,0.0
ACC35461,25-06-2024,19:52,Tamil Nadu,Tiruchirappalli,11.4243,78.4479,Village Road,Clear,Night,46,Male,Truck,57,Yes,Yes,No,Drunk Driving,High,8.0
ACC35462,21-02-2024,16:03,Andhra Pradesh,Visakhapatnam,15.4496,80.2629,National Highway,Clear,Day,40,Male,Bus,77,No,Yes,Yes,Drowsy Driving,High,4.0
ACC35463,12-10-2023,10:25,Karnataka,Belagavi,14.6062,75.3871,National Highway,Overcast,Day,26,Male,Car,63,No,No,No,Poor Weather Visibility,Low,0.0
ACC35464,28-06-2024,08:26,Kerala,Kollam,10.004,76.0259,National Highway,Cloudy,Day,42,Male,Auto,65,No,No,No,Poor Weather Visibility,Medium,1.0
ACC35465,04-07-2022,15:48,Tamil Nadu,Coimbatore,11.0321,78.3008,Village Road,Clear,Day,34,Male,Car,51,No,No,Yes,Pothole/Bad Road,Low,
ACC35466,30-10-2022,22:26,Tamil Nadu,Madurai,11.7255,78.5204,National Highway,Rainy,Night,58,Male,Bus,97,Yes,No,No,Over Speeding,High,10.0
ACC35467,16-04-2022,13:48,Telangana,Hyderabad,18.1941,79.2131,National Highway,Clear,Day,50,Male,Bike,78,No,No,No,Over Speeding,High,7.0
ACC35468,25-06-2022,09:08,Tamil Nadu,Tiruchirappalli,10.8606,79.0325,Expressway,Rainy,Day,42,Male,Bike,70,No,No,No,Poor Weather Visibility,Medium,2.0
ACC35469,13-07-2024,13:52,Tamil Nadu,Chennai,10.7924,78.4442,Village Road,Clear,Day,44,Female,Bike,45,No,No,Yes,Pothole/Bad Road,Low,0.0
ACC35470,29-06-2022,14:55,Tamil Nadu,Tiruchirappalli,11.6474,78.7316,City Road,Clear,Day,20,Female,Bike,82,Yes,No,No,Drunk Driving,High,6.0
ACC35471,27-06-2022,17:43,Kerala,Kollam,10.1931,76.2805,Expressway,Clear,Dusk,40,Female,Bike,76,No,No,No,Over Speeding,Medium,1.0
ACC35472,13-07-2022,22:56,Tamil Nadu,Tiruchirappalli,11.2331,79.3089,State Highway,Clear,Night,52,Male,Auto,51,No,No,No,Signal Jumping,Low,1.0
ACC35473,12-10-2022,12:13,Karnataka,Bengaluru Urban,14.7668,75.4645,City Road,Rainy,Day,33,Male,Auto,51,No,No,No,Poor Weather Visibility,Low,1.0
ACC35474,28-08-2024,04:05,Kerala,Thiruvananthapuram,10.4134,77.2201,City Road,Clear,Night,28,Male,Auto,33,No,No,Yes,Pothole/Bad Road,Low,
ACC35475,09-04-2024,09:30,Karnataka,Hubballi,15.1229,76.2629,City Road,Overcast,Day,28,Female,Auto,44,No,No,No,Signal Jumping,Low,1.0
ACC35476,18-06-2024,13:13,Andhra Pradesh,Guntur,16.4812,79.7106,City Road,Clear,Day,22,Male,Car,31,No,No,No,Poor Weather Visibility,Low,2.0
ACC35477,02-07-2023,13:38,Andhra Pradesh,Vijayawada,15.7766,79.4323,City Road,Cloudy,Day,57,Male,Car,25,No,No,No,Poor Weather Visibility,Low,1.0
ACC35478,30-08-2023,16:17,Telangana,Hyderabad,17.4176,78.4508,Expressway,Rainy,Day,56,Male,Bike,84,No,No,No,Poor Weather Visibility,High,
ACC35479,29-10-2023,05:00,Karnataka,Bengaluru Urban,15.7401,76.0883,City Road,Clear,Dawn,36,Male,Bike,72,Yes,No,No,Drunk Driving,Medium,
ACC35480,21-11-2022,22:55,Karnataka,Bengaluru Urban,15.7643,75.6931,City Road,Cloudy,Night,32,Male,Bike,78,Yes,Yes,No,Drunk Driving,High,4.0
ACC35481,22-07-2023,18:04,Tamil Nadu,Madurai,11.3885,78.7873,City Road,Cloudy,Dusk,35,Female,Bus,40,No,No,No,Poor Weather Visibility,Low,0.0
ACC35482,17-10-2023,13:29,Karnataka,Belagavi,15.5084,75.9829,State Highway,Clear,Day,41,Male,Car,78,No,No,No,Over Speeding,Medium,4.0
ACC35483,19-06-2023,09:43,Karnataka,Mangaluru,15.2153,75.7987,State Highway,Clear,Day,23,Male,Bike,57,No,No,No,Poor Weather Visibility,Low,1.0
ACC35484,30-10-2023,00:53,Karnataka,Mangaluru,14.9341,75.44,State Highway,Rainy,Night,54,Female,Bus,84,Yes,No,Yes,Poor Weather Visibility,High,2.0
ACC35485,21-06-2023,07:23,Kerala,Thiruvananthapuram,10.3125,75.7709,Village Road,Foggy,Day,25,Male,Truck,55,No,Yes,No,Poor Weather Visibility,Medium,3.0
ACC35486,21-01-2023,13:41,Andhra Pradesh,Visakhapatnam,15.044,79.4993,National Highway,Clear,Day,27,Male,Bike,61,Yes,No,No,Drunk Driving,Medium,4.0
ACC35487,20-02-2023,20:02,Tamil Nadu,Salem,11.5583,78.8249,City Road,Cloudy,Night,35,Male,Truck,76,No,No,No,Over Speeding,Medium,2.0
ACC35488,05-11-2023,06:45,Andhra Pradesh,Visakhapatnam,16.0329,79.4227,State Highway,Overcast,Day,36,Male,Bus,72,No,No,No,Poor Weather Visibility,Medium,2.0
ACC35489,03-03-2023,16:40,Kerala,Kozhikode,9.9466,76.4022,State Highway,Clear,Day,47,Male,Bike,54,No,No,No,Poor Weather Visibility,Low,
ACC35490,27-02-2023,16:44,Andhra Pradesh,Vijayawada,15.8298,80.1223,State Highway,Rainy,Day,33,Male,Bike,89,Yes,No,No,Over Speeding,High,7.0
ACC35491,26-09-2024,10:08,Tamil Nadu,Chennai,10.3737,78.6283,Village Road,Clear,Day,40,Male,Car,47,No,Yes,No,Drowsy Driving,Low,0.0
ACC35492,06-08-2022,12:44,Kerala,Kollam,9.7874,76.3432,Village Road,Clear,Day,47,Male,Bike,59,Yes,No,No,Drunk Driving,Medium,5.0
ACC35493,09-11-2022,06:47,Telangana,Warangal,17.9084,79.018,Expressway,Clear,Day,32,Female,Bike,80,No,No,No,Over Speeding,Medium,1.0
ACC35494,13-01-2022,03:42,Andhra Pradesh,Vijayawada,15.9889,79.941,City Road,Clear,Night,18,Male,Bike,52,No,No,No,Signal Jumping,Low,0.0
ACC35495,31-01-2022,14:24,Andhra Pradesh,Vijayawada,15.3974,80.8495,Expressway,Rainy,Day,29,Male,Bike,88,No,No,Yes,Over Speeding,High,5.0
ACC35496,18-06-2023,10:56,Kerala,Ernakulam,10.3778,76.4505,City Road,Rainy,Day,39,Male,Car,42,No,No,No,Poor Weather Visibility,Low,2.0
ACC35497,17-08-2023,15:55,Kerala,Kollam,10.2791,76.3445,Village Road,Clear,Day,61,Male,Bike,52,No,No,No,Poor Weather Visibility,Low,3.0
ACC35498,30-08-2023,20:13,Andhra Pradesh,Kurnool,15.6127,78.9619,Expressway,Cloudy,Night,39,Male,Bike,63,No,No,No,Poor Weather Visibility,High,2.0
ACC35499,24-12-2023,17:46,Andhra Pradesh,Nellore,16.7041,79.122,State Highway,Clear,Dusk,52,Male,Car,75,No,No,No,Over Speeding,Medium,1.0
ACC35500,11-12-2022,10:36,Tamil Nadu,Madurai,11.2701,78.549,National Highway,Rainy,Day,49,Male,Bike,64,No,No,No,Poor Weather Visibility,Medium,1.0
ACC35501,13-02-2024,20:27,Tamil Nadu,Coimbatore,10.341,78.8013,City Road,Rainy,Night,24,Female,Bike,65,Yes,No,Yes,Poor Weather Visibility,High,
ACC35502,13-07-2023,20:34,Karnataka,Mysuru,15.971,75.2451,City Road,Clear,Night,18,Female,Car,69,Yes,No,No,Drunk Driving,High,3.0
ACC35503,10-02-2022,20:55,Andhra Pradesh,Nellore,15.3516,79.8308,State Highway,Clear,Night,21,Male,Auto,55,Yes,No,No,Drunk Driving,High,3.0
ACC35504,22-08-2023,17:38,Telangana,Karimnagar,18.0854,79.0924,State Highway,Foggy,Dusk,27,Male,Car,54,No,No,No,Poor Weather Visibility,Medium,1.0
ACC35505,26-07-2024,13:36,Karnataka,Belagavi,15.6072,76.2046,City Road,Clear,Day,18,Male,Car,41,No,No,No,Signal Jumping,Low,0.0
ACC35506,09-03-2022,18:44,Kerala,Thrissur,10.1563,76.4305,Village Road,Clear,Dusk,45,Female,Bike,41,No,No,No,Signal Jumping,Low,3.0
ACC35507,13-11-2023,17:03,Tamil Nadu,Tiruchirappalli,11.2685,79.0286,State Highway,Cloudy,Dusk,32,Male,Bus,61,No,No,Yes,Pothole/Bad Road,Low,0.0
ACC35508,03-02-2024,15:33,Tamil Nadu,Tiruchirappalli,10.9289,78.5908,State Highway,Clear,Day,38,Male,Auto,53,No,No,No,Signal Jumping,Low,1.0
ACC35509,03-09-2023,08:06,Tamil Nadu,Chennai,10.8319,78.8882,City Road,Clear,Day,23,Male,Car,66,No,No,No,Over Speeding,Medium,1.0
ACC35510,03-02-2023,16:43,Telangana,Warangal,17.6395,79.0711,Village Road,Rainy,Day,36,Female,Bike,53,Yes,No,No,Poor Weather Visibility,Low,2.0
ACC35511,04-02-2023,12:51,Telangana,Hyderabad,17.1952,78.961,State Highway,Clear,Day,35,Female,Car,59,No,No,No,Signal Jumping,Low,2.0
ACC35512,26-12-2022,22:25,Tamil Nadu,Chennai,10.3774,78.2121,City Road,Cloudy,Night,39,Male,Bike,49,No,No,No,Poor Weather Visibility,Low,1.0
ACC35513,06-08-2024,16:14,Tamil Nadu,Tiruchirappalli,10.623,78.9489,State Highway,Clear,Day,21,Female,Bike,53,No,No,No,Signal Jumping,Low,0.0
ACC35514,08-04-2023,22:22,Telangana,Khammam,18.4599,78.7747,City Road,Overcast,Night,51,Female,Auto,72,No,Yes,No,Drowsy Driving,High,6.0
ACC35515,27-12-2024,18:05,Telangana,Nizamabad,17.4443,78.9569,State Highway,Overcast,Dusk,49,Male,Bike,61,No,No,No,Poor Weather Visibility,Medium,3.0
ACC35516,04-09-2023,06:46,Karnataka,Mysuru,15.1327,75.0148,State Highway,Rainy,Day,23,Female,Auto,70,No,No,No,Poor Weather Visibility,High,9.0
ACC35517,02-06-2022,05:53,Telangana,Nizamabad,18.1069,79.7354,State Highway,Clear,Dawn,52,Female,Bike,67,No,No,No,Signal Jumping,Medium,6.0
ACC35518,08-10-2024,08:26,Kerala,Ernakulam,10.2979,76.7024,National Highway,Foggy,Day,22,Female,Auto,63,No,No,No,Poor Weather Visibility,High,3.0
ACC35519,05-09-2022,20:45,Andhra Pradesh,Guntur,15.8208,79.8028,Expressway,Rainy,Night,18,Male,Bike,81,No,No,No,Poor Weather Visibility,High,1.0
ACC35520,08-12-2024,21:24,Karnataka,Bengaluru Urban,15.5052,76.1528,State Highway,Overcast,Night,23,Male,Bike,52,No,No,No,Poor Weather Visibility,Medium,3.0
ACC35521,06-10-2024,18:00,Karnataka,Mangaluru,14.878,75.2788,City Road,Clear,Dusk,38,Female,Bike,47,No,No,No,Poor Weather Visibility,Low,1.0
ACC35522,23-02-2022,13:34,Andhra Pradesh,Nellore,16.0926,79.6269,Village Road,Clear,Day,56,Female,Bus,65,Yes,No,Yes,Drunk Driving,Medium,4.0
ACC35523,21-02-2022,07:57,Karnataka,Bengaluru Urban,15.8856,76.6326,Village Road,Overcast,Day,52,Male,Bike,59,No,No,Yes,Pothole/Bad Road,Low,1.0
ACC35524,29-02-2024,21:26,Telangana,Hyderabad,17.8858,79.0202,Village Road,Clear,Night,44,Female,Truck,60,No,No,No,Signal Jumping,Low,1.0
ACC35525,06-12-2023,15:58,Karnataka,Bengaluru Urban,14.7179,76.1817,National Highway,Clear,Day,28,Male,Bus,84,Yes,No,No,Drunk Driving,High,5.0
ACC35526,10-08-2024,08:13,Kerala,Kozhikode,10.0848,76.3769,Village Road,Cloudy,Day,52,Male,Car,17,No,No,Yes,Pothole/Bad Road,Low,2.0
ACC35527,26-05-2022,20:01,Telangana,Warangal,17.7424,78.7523,City Road,Clear,Night,24,Male,Car,42,No,No,No,Signal Jumping,Low,1.0
ACC35528,01-11-2024,20:05,Kerala,Thiruvananthapuram,10.2741,76.2419,State Highway,Rainy,Night,52,Male,Car,75,No,No,No,Poor Weather Visibility,Medium,2.0
ACC35529,12-10-2024,17:52,Tamil Nadu,Coimbatore,11.085,78.3273,City Road,Rainy,Dusk,45,Male,Auto,64,No,No,Yes,Poor Weather Visibility,Medium,4.0
ACC35530,03-08-2022,15:30,Tamil Nadu,Salem,11.2842,78.0773,Village Road,Overcast,Day,28,Male,Bus,48,No,No,No,Poor Weather Visibility,Low,1.0
ACC35531,13-10-2023,21:50,Karnataka,Belagavi,15.9545,75.8551,City Road,Clear,Night,32,Female,Auto,47,No,No,No,Signal Jumping,Low,1.0
ACC35532,01-02-2024,09:08,Kerala,Kollam,10.3812,75.9523,National Highway,Clear,Day,34,Male,Bike,68,No,No,No,Over Speeding,Low,0.0
ACC35533,21-08-2022,11:23,Telangana,Nizamabad,17.7945,79.1573,Village Road,Rainy,Day,18,Male,Auto,22,No,No,Yes,Poor Weather Visibility,Low,1.0
ACC35534,16-10-2023,19:07,Karnataka,Mangaluru,15.7253,75.818,City Road,Rainy,Night,28,Male,Truck,33,No,No,No,Poor Weather Visibility,Low,0.0
ACC35535,01-10-2022,10:08,Telangana,Khammam,17.2265,79.0626,City Road,Clear,Day,30,Female,Bike,55,No,No,No,Signal Jumping,Medium,0.0
ACC35536,29-01-2024,08:29,Karnataka,Hubballi,15.5846,76.0935,City Road,Cloudy,Day,28,Male,Car,39,Yes,No,No,Drunk Driving,Low,2.0
ACC35537,20-02-2022,15:24,Tamil Nadu,Tiruchirappalli,11.4819,78.8467,City Road,Clear,Day,52,Male,Car,36,No,No,No,Poor Weather Visibility,Low,1.0
ACC35538,15-06-2024,22:18,Tamil Nadu,Tiruchirappalli,10.8381,78.7997,State Highway,Foggy,Night,18,Male,Bike,66,No,Yes,No,Poor Weather Visibility,High,2.0
ACC35539,19-02-2022,16:11,Kerala,Ernakulam,10.3365,76.1486,City Road,Clear,Day,25,Male,Car,49,No,No,Yes,Pothole/Bad Road,Low,0.0
ACC35540,07-02-2024,11:39,Tamil Nadu,Salem,11.0337,78.0622,City Road,Clear,Day,42,Male,Truck,49,No,Yes,No,Drowsy Driving,Low,1.0
ACC35541,08-06-2024,21:13,Andhra Pradesh,Kurnool,15.7415,79.9009,National Highway,Cloudy,Night,18,Male,Car,55,No,No,No,Poor Weather Visibility,Medium,
ACC35542,13-07-2023,23:06,Kerala,Kozhikode,10.9652,76.4164,National Highway,Cloudy,Night,18,Male,Bus,67,No,No,No,Poor Weather Visibility,Medium,3.0
ACC35543,03-07-2022,18:52,Tamil Nadu,Madurai,10.9164,79.3318,Village Road,Clear,Dusk,21,Male,Car,41,No,No,No,Signal Jumping,Low,1.0
ACC35544,02-06-2023,17:06,Karnataka,Mangaluru,15.2536,76.0047,City Road,Rainy,Dusk,49,Male,Car,44,No,No,No,Poor Weather Visibility,Medium,3.0
ACC35545,11-08-2024,20:11,Andhra Pradesh,Vijayawada,15.8638,80.2442,State Highway,Cloudy,Night,41,Male,Car,60,No,No,No,Poor Weather Visibility,Low,0.0
ACC35546,21-04-2022,11:55,Kerala,Thiruvananthapuram,10.2222,76.4792,National Highway,Cloudy,Day,18,Male,Car,64,No,No,No,Poor Weather Visibility,Low,0.0
ACC35547,16-02-2022,10:57,Kerala,Thrissur,10.0324,76.3069,Expressway,Clear,Day,43,Male,Car,88,No,No,No,Over Speeding,High,6.0
ACC35548,01-06-2022,20:00,Tamil Nadu,Salem,11.4065,78.1698,City Road,Clear,Night,32,Male,Truck,47,No,No,No,Signal Jumping,Low,1.0
ACC35549,21-10-2022,01:08,Telangana,Khammam,18.002,78.6489,City Road,Cloudy,Night,49,Male,Truck,38,No,No,No,Poor Weather Visibility,Low,
ACC35550,04-08-2024,18:39,Karnataka,Bengaluru Urban,14.657,75.6171,Village Road,Clear,Dusk,45,Male,Truck,29,No,No,Yes,Pothole/Bad Road,Low,0.0
ACC35551,01-04-2022,12:02,Puducherry,Puducherry,12.3133,79.8373,Village Road,Clear,Day,24,Female,Bike,40,Yes,No,No,Drunk Driving,Medium,1.0
ACC35552,18-05-2023,13:07,Andhra Pradesh,Vijayawada,15.9123,79.2869,State Highway,Overcast,Day,61,Male,Car,68,No,No,No,Poor Weather Visibility,Low,0.0
ACC35553,12-05-2022,10:03,Tamil Nadu,Coimbatore,11.5903,78.3854,State Highway,Cloudy,Day,26,Female,Car,51,No,No,No,Poor Weather Visibility,Low,0.0
ACC35554,11-07-2023,16:30,Kerala,Ernakulam,10.5872,75.9355,City Road,Clear,Day,48,Male,Bike,61,No,No,No,Signal Jumping,Low,0.0
ACC35555,30-08-2024,13:53,Karnataka,Belagavi,14.8524,75.7685,National Highway,Foggy,Day,22,Male,Car,80,No,No,No,Poor Weather Visibility,High,7.0
ACC35556,29-06-2022,15:50,Karnataka,Mangaluru,14.8247,75.9085,City Road,Overcast,Day,51,Male,Bike,30,No,No,Yes,Pothole/Bad Road,Low,0.0
ACC35557,19-04-2023,00:23,Kerala,Thrissur,10.1835,75.7194,State Highway,Rainy,Night,33,Male,Bike,70,No,No,Yes,Poor Weather Visibility,Medium,4.0
ACC35558,22-08-2024,16:51,Karnataka,Mangaluru,14.9255,74.7168,Expressway,Overcast,Day,45,Female,Bike,76,No,No,No,Over Speeding,High,1.0
ACC35559,16-12-2023,09:28,Karnataka,Bengaluru Urban,15.0201,75.8698,Village Road,Rainy,Day,23,Male,Car,48,No,No,No,Poor Weather Visibility,Medium,2.0
ACC35560,17-02-2023,09:01,Andhra Pradesh,Kurnool,15.4195,79.8786,City Road,Cloudy,Day,18,Male,Bike,48,No,No,Yes,Pothole/Bad Road,Medium,3.0
ACC35561,11-12-2023,08:14,Tamil Nadu,Tiruchirappalli,11.0973,79.1617,Village Road,Rainy,Day,19,Male,Bike,49,No,No,Yes,Poor Weather Visibility,Low,1.0
ACC35562,07-07-2023,09:17,Tamil Nadu,Coimbatore,10.5679,78.9596,Expressway,Rainy,Day,53,Male,Bus,97,No,No,No,Over Speeding,High,6.0
ACC35563,11-09-2022,18:39,Karnataka,Mysuru,15.6484,75.4914,State Highway,Cloudy,Dusk,46,Male,Bike,57,No,No,No,Poor Weather Visibility,Low,0.0
ACC35564,05-05-2024,08:35,Andhra Pradesh,Vijayawada,16.103,79.112,Village Road,Rainy,Day,37,Female,Auto,52,No,No,Yes,Poor Weather Visibility,Medium,4.0
ACC35565,16-08-2022,18:13,Telangana,Hyderabad,17.7375,78.9008,City Road,Cloudy,Dusk,38,Male,Car,45,No,No,Yes,Pothole/Bad Road,Low,0.0
ACC35566,16-05-2022,09:21,Tamil Nadu,Salem,10.9149,78.5431,State Highway,Foggy,Day,42,Male,Bike,60,No,No,Yes,Poor Weather Visibility,Medium,
ACC35567,03-02-2022,11:26,Karnataka,Belagavi,15.6317,75.5476,City Road,Cloudy,Day,18,Male,Bike,23,No,No,No,Signal Jumping,Low,1.0
ACC35568,23-06-2023,11:15,Karnataka,Mangaluru,15.7743,75.7491,City Road,Cloudy,Day,32,Male,Car,33,No,No,No,Poor Weather Visibility,Low,1.0
ACC35569,07-03-2022,18:57,Tamil Nadu,Chennai,11.1067,78.3253,City Road,Clear,Dusk,42,Male,Bike,53,No,No,No,Poor Weather Visibility,Low,3.0
ACC35570,30-09-2022,18:11,Kerala,Thrissur,10.2929,75.9931,City Road,Rainy,Dusk,19,Male,Car,35,No,No,No,Poor Weather Visibility,Low,2.0
ACC35571,06-10-2022,06:02,Telangana,Khammam,17.7681,79.3282,Village Road,Clear,Day,38,Male,Bus,67,No,No,Yes,Pothole/Bad Road,Medium,1.0
ACC35572,13-04-2024,05:33,Karnataka,Mysuru,15.379,75.6917,City Road,Cloudy,Dawn,32,Male,Bike,44,No,No,No,Poor Weather Visibility,Low,1.0
ACC35573,10-05-2022,20:03,Kerala,Thrissur,9.4814,76.2173,National Highway,Rainy,Night,38,Female,Bike,84,No,No,No,Poor Weather Visibility,High,2.0
ACC35574,02-05-2024,19:50,Tamil Nadu,Tiruchirappalli,11.1301,78.7944,State Highway,Overcast,Night,66,Male,Car,73,No,No,No,Over Speeding,Medium,0.0
ACC35575,08-11-2022,23:29,Kerala,Thiruvananthapuram,10.5008,76.1646,Village Road,Clear,Night,65,Male,Truck,51,No,No,Yes,Pothole/Bad Road,Low,1.0
ACC35576,01-09-2023,08:39,Andhra Pradesh,Guntur,15.557,79.6432,City Road,Cloudy,Day,42,Male,Car,36,No,No,No,Poor Weather Visibility,Low,0.0
ACC35577,20-08-2024,18:44,Telangana,Hyderabad,17.1108,79.1794,National Highway,Cloudy,Dusk,42,Male,Car,84,No,Yes,No,Over Speeding,Medium,4.0
ACC35578,10-03-2022,13:30,Telangana,Karimnagar,18.3599,79.3339,Village Road,Clear,Day,38,Female,Car,44,No,No,No,Signal Jumping,Low,1.0
ACC35579,16-11-2022,18:18,Kerala,Ernakulam,9.6763,75.3765,Village Road,Clear,Dusk,55,Female,Car,34,No,No,No,Poor Weather Visibility,Low,2.0
ACC35580,28-05-2022,06:47,Telangana,Nizamabad,18.0186,78.7341,City Road,Clear,Day,64,Male,Bus,50,No,No,No,Signal Jumping,Low,0.0
ACC35581,22-10-2024,07:01,Karnataka,Belagavi,14.7707,76.4637,State Highway,Overcast,Day,52,Female,Car,69,No,No,No,Poor Weather Visibility,Medium,1.0
ACC35582,16-04-2022,17:25,Tamil Nadu,Tiruchirappalli,10.7396,78.4621,City Road,Clear,Dusk,40,Male,Bike,41,No,No,No,Poor Weather Visibility,Low,0.0
ACC35583,15-03-2022,11:42,Kerala,Kollam,9.9917,76.1312,Expressway,Foggy,Day,43,Male,Bike,83,No,No,No,Poor Weather Visibility,High,7.0
ACC35584,23-06-2023,07:36,Telangana,Nizamabad,18.4612,79.1104,National Highway,Cloudy,Day,42,Male,Car,73,No,No,No,Over Speeding,Medium,1.0
ACC35585,28-12-2024,20:31,Karnataka,Mysuru,14.9502,75.3767,State Highway,Cloudy,Night,18,Male,Car,69,Yes,No,Yes,Drunk Driving,High,4.0
ACC35586,08-05-2023,20:50,Telangana,Khammam,17.5166,78.5768,Expressway,Clear,Night,39,Male,Truck,72,No,No,No,Over Speeding,High,2.0
ACC35587,30-08-2022,17:53,Tamil Nadu,Coimbatore,11.0175,79.0881,Village Road,Overcast,Dusk,40,Male,Car,42,Yes,Yes,No,Drunk Driving,Medium,2.0
ACC35588,04-09-2024,19:05,Tamil Nadu,Tiruchirappalli,11.3351,78.6835,State Highway,Clear,Night,36,Male,Bike,70,No,Yes,No,Drowsy Driving,High,7.0
ACC35589,12-05-2023,13:43,Tamil Nadu,Chennai,11.5753,78.6373,State Highway,Clear,Day,26,Male,Bike,71,No,No,Yes,Pothole/Bad Road,Medium,5.0
ACC35590,25-01-2024,17:20,Tamil Nadu,Coimbatore,11.9562,78.2808,State Highway,Overcast,Dusk,18,Male,Bike,79,No,No,No,Over Speeding,Medium,2.0