Accident_ID,Date,Time,State,District,Latitude,Longitude,Road_Type,Weather,Light_Condition,Driver_Age,Driver_Gender,Vehicle_Type,Speed_kmph,Alcohol_Involved,Driver_Drowsy,Pothole_Involved,Cause_of_Accident,Severity,Casualties
ACC35591,07-07-2022,08:43,Kerala,Thrissur,9.9227,76.1469,Village Road,Overcast,Day,25,Male,Auto,38,No,No,No,Poor Weather Visibility,Low,0.0
ACC35592,11-12-2024,12:34,Kerala,Thiruvananthapuram,10.406,76.4792,State Highway,Clear,Day,34,Female,Car,59,No,No,No,Signal Jumping,Low,0.0
ACC35593,28-03-2023,11:46,Karnataka,Bengaluru Urban,15.497,75.2848,Expressway,Clear,Day,27,Female,Bus,72,No,Yes,No,Drowsy Driving,High,7.0
ACC35594,17-09-2023,11:16,Karnataka,Mangaluru,15.6287,75.2156,National Highway,Rainy,Day,18,Male,Bike,84,No,No,No,Poor Weather Visibility,High,5.0
ACC35595,31-05-2022,10:46,Telangana,Warangal,17.7371,78.9853,State Highway,Clear,Day,45,Female,Car,53,No,No,No,Signal Jumping,Low,1.0
ACC35596,10-09-2024,09:51,Tamil Nadu,Chennai,11.3229,78.6487,State Highway,Clear,Day,41,Male,Car,60,No,No,No,Signal Jumping,Low,1.0
ACC35597,31-07-2023,12:36,Andhra Pradesh,Nellore,16.0423,79.5461,National Highway,Foggy,Day,36,Male,Bike,81,No,No,No,Poor Weather Visibility,High,6.0
ACC35598,21-09-2022,01:31,Tamil Nadu,Salem,11.2467,79.052,Village Road,Clear,Night,39,Male,Car,41,No,No,No,Signal Jumping,Low,1.0
ACC35599,06-09-2022,12:09,Tamil Nadu,Madurai,10.7361,79.0482,State Highway,Clear,Day,18,Male,Car,56,No,No,No,Poor Weather Visibility,Medium,2.0
ACC35600,25-01-2023,05:38,Andhra Pradesh,Visakhapatnam,16.4513,80.425,City Road,Clear,Dawn,29,Male,Auto,46,No,Yes,No,Drowsy Driving,Low,1.0
ACC35601,20-09-2022,19:58,Kerala,Ernakulam,10.1541,75.7529,City Road,Clear,Night,33,Male,Car,59,No,No,No,Signal Jumping,Low,0.0
ACC35602,26-09-2024,21:41,Tamil Nadu,Chennai,11.2228,79.0468,State Highway,Clear,Night,39,Male,Bus,41,No,Yes,No,Drowsy Driving,Low,2.0
ACC35603,05-06-2023,10:57,Tamil Nadu,Madurai,10.6323,79.2234,City Road,Cloudy,Day,39,Male,Auto,58,No,Yes,Yes,Drowsy Driving,Medium,5.0
ACC35604,03-11-2023,23:01,Telangana,Khammam,18.2671,79.2211,Village Road,Rainy,Night,47,Male,Auto,63,Yes,No,No,Poor Weather Visibility,High,5.0
ACC35605,10-10-2023,08:49,Andhra Pradesh,Vijayawada,15.5863,79.9362,Expressway,Rainy,Day,37,Male,Bus,76,No,No,Yes,Poor Weather Visibility,Medium,3.0
ACC35606,25-07-2023,21:07,Andhra Pradesh,Guntur,16.2883,79.6968,Village Road,Cloudy,Night,36,Male,Truck,32,Yes,No,No,Drunk Driving,Low,0.0
ACC35607,23-10-2024,09:10,Karnataka,Bengaluru Urban,15.1954,75.864,City Road,Rainy,Day,33,Male,Truck,25,No,No,No,Poor Weather Visibility,Low,2.0
ACC35608,29-07-2024,22:29,Andhra Pradesh,Guntur,16.5219,80.315,Village Road,Clear,Night,18,Male,Bike,35,No,No,Yes,Pothole/Bad Road,Low,1.0
ACC35609,17-07-2022,20:12,Tamil Nadu,Salem,10.9966,78.5743,City Road,Overcast,Night,18,Female,Bike,45,No,No,No,Poor Weather Visibility,Medium,6.0
ACC35610,15-08-2023,15:20,Kerala,Thrissur,10.3126,76.4811,State Highway,Clear,Day,60,Male,Bus,49,No,No,No,Signal Jumping,Low,0.0
ACC35611,24-07-2023,21:23,Andhra Pradesh,Nellore,15.8679,79.6838,State Highway,Rainy,Night,41,Male,Bus,80,Yes,Yes,No,Poor Weather Visibility,High,7.0
ACC35612,16-08-2024,22:51,Telangana,Warangal,17.9978,79.6917,City Road,Rainy,Night,42,Male,Auto,71,Yes,Yes,No,Poor Weather Visibility,High,7.0
ACC35613,19-02-2022,10:17,Andhra Pradesh,Visakhapatnam,15.5806,80.0676,Village Road,Cloudy,Day,22,Male,Truck,55,No,No,No,Poor Weather Visibility,Low,1.0
ACC35614,25-12-2023,10:08,Tamil Nadu,Chennai,10.7716,78.8055,Village Road,Foggy,Day,66,Male,Bike,33,No,No,Yes,Poor Weather Visibility,Low,3.0
ACC35615,14-04-2022,20:11,Tamil Nadu,Salem,11.3266,78.4591,City Road,Clear,Night,35,Male,Car,59,No,Yes,Yes,Drowsy Driving,Low,1.0
ACC35616,08-11-2024,15:18,Karnataka,Mysuru,15.5175,75.4066,City Road,Clear,Day,28,Male,Bike,52,No,Yes,No,Drowsy Driving,Medium,2.0
ACC35617,03-01-2024,09:57,Andhra Pradesh,Guntur,16.1615,79.9586,Village Road,Clear,Day,42,Male,Car,39,No,No,Yes,Pothole/Bad Road,Low,1.0
ACC35618,23-10-2023,01:39,Tamil Nadu,Madurai,10.8585,79.1377,City Road,Clear,Night,42,Male,Auto,47,No,No,Yes,Pothole/Bad Road,Low,0.0
ACC35619,30-06-2022,14:20,Karnataka,Bengaluru Urban,15.399,76.5368,City Road,Overcast,Day,29,Male,Bike,51,No,No,No,Poor Weather Visibility,Low,4.0
ACC35620,31-01-2022,18:29,Tamil Nadu,Coimbatore,11.0362,77.937,Village Road,Foggy,Dusk,33,Female,Truck,55,No,Yes,No,Poor Weather Visibility,Medium,4.0
ACC35621,07-09-2022,08:56,Tamil Nadu,Salem,12.0576,79.2277,Village Road,Clear,Day,47,Male,Car,56,No,No,Yes,Pothole/Bad Road,Low,2.0
ACC35622,16-01-2024,17:46,Tamil Nadu,Tiruchirappalli,11.1907,78.7637,Expressway,Foggy,Dusk,23,Male,Truck,81,No,No,No,Poor Weather Visibility,High,3.0
ACC35623,09-12-2024,14:09,Kerala,Thrissur,10.2624,75.9675,National Highway,Clear,Day,34,Male,Auto,73,No,No,No,Over Speeding,Medium,3.0
ACC35624,07-12-2023,17:59,Tamil Nadu,Salem,11.9203,78.5431,City Road,Overcast,Dusk,52,Male,Bus,47,No,No,No,Poor Weather Visibility,Low,3.0
ACC35625,18-12-2024,16:34,Tamil Nadu,Coimbatore,11.2566,78.894,City Road,Cloudy,Day,25,Male,Bike,49,No,No,Yes,Pothole/Bad Road,Low,0.0
ACC35626,18-02-2023,18:15,Tamil Nadu,Coimbatore,11.4318,77.7729,Expressway,Clear,Dusk,67,Female,Truck,95,Yes,No,No,Over Speeding,High,7.0
ACC35627,15-06-2024,23:55,Karnataka,Belagavi,15.5947,75.4624,City Road,Rainy,Night,41,Male,Bus,79,Yes,No,Yes,Poor Weather Visibility,High,7.0
ACC35628,20-10-2022,10:27,Telangana,Khammam,18.0883,79.2768,National Highway,Overcast,Day,37,Male,Truck,69,Yes,No,No,Drunk Driving,High,5.0
ACC35629,07-12-2022,23:27,Karnataka,Belagavi,16.1007,74.8142,National Highway,Cloudy,Night,18,Male,Car,76,Yes,No,No,Drunk Driving,High,4.0
ACC35630,19-06-2023,18:08,Telangana,Khammam,18.2537,78.3799,City Road,Clear,Dusk,32,Male,Car,63,No,No,No,Signal Jumping,Low,1.0
ACC35631,15-04-2022,19:28,Telangana,Khammam,18.595,78.967,Village Road,Clear,Night,19,Male,Bike,35,No,No,No,Signal Jumping,Low,0.0
ACC35632,06-03-2023,05:52,Andhra Pradesh,Nellore,15.4796,79.7304,City Road,Rainy,Dawn,41,Male,Bike,77,Yes,No,No,Poor Weather Visibility,High,6.0
ACC35633,27-09-2023,12:05,Telangana,Khammam,17.9244,79.4062,City Road,Cloudy,Day,37,Male,Car,59,No,No,No,Poor Weather Visibility,Low,1.0
ACC35634,29-10-2024,12:07,Karnataka,Belagavi,15.6699,75.9492,State Highway,Clear,Day,18,Male,Car,58,No,No,No,Signal Jumping,Low,0.0
ACC35635,18-07-2022,20:45,Kerala,Ernakulam,10.1733,76.762,Village Road,Overcast,Night,48,Male,Car,23,No,No,Yes,Pothole/Bad Road,Low,1.0
ACC35636,10-12-2024,00:42,Telangana,Warangal,17.9124,79.2031,City Road,Overcast,Night,37,Male,Car,41,No,No,Yes,Pothole/Bad Road,Low,2.0
ACC35637,12-01-2024,19:56,Tamil Nadu,Chennai,10.8525,78.9253,State Highway,Cloudy,Night,36,Male,Auto,99,Yes,No,No,Over Speeding,High,4.0
ACC35638,30-04-2022,08:04,Telangana,Karimnagar,18.4369,78.1317,Village Road,Overcast,Day,31,Male,Truck,36,No,No,No,Poor Weather Visibility,Low,2.0
ACC35639,12-10-2023,08:58,Andhra Pradesh,Vijayawada,15.2779,80.5435,Village Road,Cloudy,Day,37,Male,Bus,30,No,No,No,Poor Weather Visibility,Low,1.0
ACC35640,16-12-2022,17:59,Telangana,Nizamabad,18.8275,78.9415,Village Road,Clear,Dusk,37,Male,Car,57,No,Yes,No,Drowsy Driving,Low,0.0
ACC35641,19-10-2022,17:27,Tamil Nadu,Salem,11.2713,78.8751,State Highway,Cloudy,Dusk,18,Male,Car,60,No,Yes,No,Drowsy Driving,Medium,5.0
ACC35642,29-09-2023,08:49,Puducherry,Karaikal,11.8369,79.8428,City Road,Clear,Day,38,Male,Truck,33,No,No,Yes,Pothole/Bad Road,Low,1.0
ACC35643,29-01-2024,05:02,Tamil Nadu,Tiruchirappalli,10.913,78.7844,Expressway,Clear,Dawn,32,Female,Car,58,No,No,No,Signal Jumping,Low,1.0
ACC35644,26-12-2022,23:14,Tamil Nadu,Madurai,11.3618,78.5121,City Road,Clear,Night,27,Female,Car,47,Yes,No,No,Drunk Driving,Low,0.0
ACC35645,17-03-2022,10:40,Telangana,Hyderabad,17.7475,79.097,City Road,Overcast,Day,32,Female,Auto,56,No,No,Yes,Pothole/Bad Road,Medium,1.0
ACC35646,09-05-2024,21:23,Kerala,Thrissur,9.6309,75.9863,National Highway,Overcast,Night,34,Male,Bike,69,Yes,Yes,No,Drunk Driving,High,3.0
ACC35647,11-12-2023,05:12,Tamil Nadu,Salem,11.0467,78.832,National Highway,Clear,Dawn,50,Male,Car,77,No,No,No,Over Speeding,Low,1.0
ACC35648,10-07-2022,17:25,Andhra Pradesh,Guntur,15.9368,78.4254,City Road,Overcast,Dusk,18,Female,Bike,51,No,No,No,Poor Weather Visibility,Medium,3.0
ACC35649,29-09-2022,15:54,Tamil Nadu,Madurai,10.8587,78.8296,Expressway,Clear,Day,44,Male,Truck,89,No,Yes,No,Over Speeding,High,7.0
ACC35650,29-01-2023,14:31,Kerala,Thiruvananthapuram,10.0807,76.4949,Village Road,Clear,Day,29,Male,Bike,26,No,No,Yes,Pothole/Bad Road,Low,0.0
ACC35651,12-02-2022,11:27,Andhra Pradesh,Visakhapatnam,15.5446,80.0016,Village Road,Clear,Day,18,Male,Bike,72,Yes,Yes,Yes,Drunk Driving,High,4.0
ACC35652,11-07-2022,19:54,Tamil Nadu,Coimbatore,11.0967,78.2147,Expressway,Clear,Night,29,Male,Bike,104,Yes,Yes,No,Over Speeding,High,5.0
ACC35653,25-02-2024,00:12,Kerala,Kollam,10.8929,76.4827,State Highway,Overcast,Night,37,Male,Bus,81,Yes,Yes,No,Signal Jumping,High,6.0
ACC35654,06-02-2024,13:02,Karnataka,Bengaluru Urban,15.4896,75.2854,City Road,Overcast,Day,35,Male,Bike,34,No,No,Yes,Pothole/Bad Road,Low,1.0
ACC35655,26-02-2022,13:47,Kerala,Ernakulam,10.1242,75.8342,Expressway,Clear,Day,28,Male,Bus,94,No,No,Yes,Over Speeding,High,1.0
ACC35656,31-08-2022,18:16,Telangana,Karimnagar,17.6335,79.3837,Expressway,Clear,Dusk,32,Female,Bike,78,No,No,No,Over Speeding,Medium,
ACC35657,24-07-2023,23:03,Tamil Nadu,Tiruchirappalli,11.9771,79.102,City Road,Cloudy,Night,54,Male,Bus,46,No,Yes,No,Drowsy Driving,Low,1.0
ACC35658,10-07-2023,06:20,Karnataka,Hubballi,15.1285,75.2924,State Highway,Clear,Day,39,Male,Truck,61,No,No,No,Over Speeding,Low,0.0
ACC35659,06-04-2023,00:02,Kerala,Ernakulam,10.5776,76.3691,Village Road,Rainy,Night,48,Male,Bike,39,No,No,No,Poor Weather Visibility,Low,0.0
ACC35660,29-04-2022,22:06,Tamil Nadu,Coimbatore,10.7807,78.1339,City Road,Clear,Night,42,Male,Bus,54,No,Yes,No,Drowsy Driving,Low,1.0
ACC35661,24-08-2024,12:26,Karnataka,Mangaluru,15.5515,75.1978,City Road,Clear,Day,43,Male,Auto,48,No,No,Yes,Pothole/Bad Road,Low,2.0
ACC35662,16-02-2022,07:47,Tamil Nadu,Salem,11.2444,78.7079,City Road,Rainy,Day,20,Male,Truck,73,No,No,Yes,Poor Weather Visibility,High,5.0
ACC35663,21-04-2024,14:38,Karnataka,Mysuru,14.5828,75.3709,State Highway,Clear,Day,48,Male,Auto,67,No,No,No,Signal Jumping,Low,0.0
ACC35664,10-07-2024,15:05,Tamil Nadu,Tiruchirappalli,11.6211,79.0429,State Highway,Foggy,Day,28,Male,Car,31,No,No,No,Poor Weather Visibility,Low,0.0
ACC35665,21-01-2022,21:08,Karnataka,Belagavi,15.0974,75.4327,National Highway,Overcast,Night,37,Male,Bike,84,No,No,No,Over Speeding,High,5.0
ACC35666,12-11-2024,01:50,Puducherry,Karaikal,12.3606,79.6317,National Highway,Clear,Night,27,Male,Bike,64,No,No,Yes,Pothole/Bad Road,Medium,5.0
ACC35667,13-02-2023,19:41,Karnataka,Mysuru,14.7583,75.4517,State Highway,Cloudy,Night,49,Male,Bike,47,No,No,Yes,Pothole/Bad Road,Medium,2.0
ACC35668,14-10-2023,05:12,Kerala,Thrissur,10.4497,76.7784,Expressway,Cloudy,Dawn,48,Male,Bike,79,No,No,No,Over Speeding,High,3.0
ACC35669,29-10-2023,13:17,Andhra Pradesh,Kurnool,15.9662,79.8888,National Highway,Rainy,Day,37,Male,Bike,74,No,No,No,Poor Weather Visibility,High,5.0
ACC35670,10-03-2022,11:19,Tamil Nadu,Tiruchirappalli,11.2722,78.1004,City Road,Rainy,Day,27,Male,Auto,40,No,Yes,No,Poor Weather Visibility,Low,2.0
ACC35671,22-01-2022,21:39,Andhra Pradesh,Guntur,15.7971,79.9351,Village Road,Clear,Night,51,Female,Bike,48,Yes,No,No,Drunk Driving,Medium,2.0
ACC35672,09-04-2024,01:28,Kerala,Kozhikode,10.5928,75.9921,State Highway,Cloudy,Night,22,Male,Bike,69,Yes,Yes,No,Drunk Driving,High,8.0
ACC35673,23-07-2024,18:55,Telangana,Nizamabad,18.176,79.1424,Village Road,Clear,Dusk,40,Male,Auto,43,No,Yes,No,Signal Jumping,Low,0.0
ACC35674,19-11-2024,05:29,Karnataka,Hubballi,15.2667,75.9556,National Highway,Cloudy,Dawn,53,Female,Bike,68,No,No,No,Poor Weather Visibility,Medium,2.0
ACC35675,02-02-2022,17:53,Karnataka,Belagavi,14.2768,75.6414,National Highway,Cloudy,Dusk,38,Male,Truck,87,Yes,No,No,Over Speeding,High,3.0
ACC35676,18-02-2022,07:55,Tamil Nadu,Salem,11.4762,78.3058,State Highway,Cloudy,Day,23,Male,Car,43,No,No,No,Poor Weather Visibility,Low,0.0
ACC35677,06-12-2022,08:43,Andhra Pradesh,Guntur,15.3126,80.2378,State Highway,Rainy,Day,22,Male,Bike,90,Yes,No,No,Over Speeding,High,3.0
ACC35678,02-04-2022,22:14,Karnataka,Mangaluru,15.2129,75.3555,State Highway,Clear,Night,18,Male,Auto,65,Yes,No,No,Drunk Driving,High,5.0
ACC35679,13-06-2023,12:51,Kerala,Kollam,10.1377,76.1379,State Highway,Rainy,Day,52,Female,Bike,50,No,No,No,Poor Weather Visibility,Low,1.0
ACC35680,18-03-2024,16:50,Tamil Nadu,Madurai,10.9732,78.4356,Village Road,Rainy,Day,44,Male,Bike,37,No,No,No,Poor Weather Visibility,Low,0.0
ACC35681,30-04-2022,20:33,Telangana,Warangal,17.1184,79.4959,National Highway,Clear,Night,51,Male,Bike,106,Yes,Yes,Yes,Over Speeding,High,10.0
ACC35682,06-11-2023,01:27,Karnataka,Mysuru,15.6093,74.8957,State Highway,Clear,Night,24,Male,Bike,53,No,No,No,Poor Weather Visibility,Medium,1.0
ACC35683,30-01-2024,16:18,Kerala,Thrissur,10.3905,76.7848,National Highway,Clear,Day,33,Female,Auto,73,No,No,No,Over Speeding,Medium,6.0
ACC35684,19-08-2024,07:15,Tamil Nadu,Chennai,11.2424,78.2042,Expressway,Cloudy,Day,28,Male,Truck,114,Yes,Yes,No,Over Speeding,High,10.0
ACC35685,25-07-2022,11:07,Tamil Nadu,Chennai,10.6684,79.0098,National Highway,Cloudy,Day,36,Male,Bus,59,No,Yes,No,Drowsy Driving,Medium,3.0
ACC35686,01-12-2022,09:34,Telangana,Hyderabad,17.8376,78.5355,Village Road,Clear,Day,21,Male,Bike,39,No,No,No,Poor Weather Visibility,Low,1.0
ACC35687,08-08-2022,14:21,Andhra Pradesh,Guntur,15.6681,80.3359,National Highway,Cloudy,Day,58,Male,Car,78,No,No,No,Over Speeding,Low,
ACC35688,28-12-2023,12:22,Karnataka,Mysuru,15.565,75.699,Village Road,Rainy,Day,18,Female,Truck,36,No,Yes,No,Poor Weather Visibility,Low,1.0
ACC35689,07-06-2022,18:18,Andhra Pradesh,Visakhapatnam,15.4407,78.9319,Village Road,Clear,Dusk,46,Male,Bus,42,No,Yes,No,Drowsy Driving,Low,2.0
ACC35690,10-10-2024,09:55,Andhra Pradesh,Kurnool,15.5607,79.2282,City Road,Cloudy,Day,18,Male,Car,64,No,No,Yes,Pothole/Bad Road,Medium,3.0
ACC35691,23-10-2022,09:27,Kerala,Ernakulam,10.2612,76.7416,State Highway,Clear,Day,38,Male,Bus,61,Yes,Yes,Yes,Drunk Driving,Medium,1.0
ACC35692,22-03-2024,20:01,Tamil Nadu,Chennai,11.1923,78.6506,State Highway,Clear,Night,27,Male,Truck,61,No,No,Yes,Pothole/Bad Road,Medium,2.0
ACC35693,12-07-2024,07:40,Karnataka,Mangaluru,15.4474,75.3583,City Road,Cloudy,Day,41,Male,Bike,79,No,No,No,Over Speeding,Medium,3.0
ACC35694,30-06-2024,15:58,Tamil Nadu,Tiruchirappalli,11.1693,78.1632,Village Road,Cloudy,Day,23,Female,Auto,55,No,Yes,Yes,Signal Jumping,Medium,5.0
ACC35695,09-08-2023,11:46,Tamil Nadu,Chennai,10.7579,78.8632,City Road,Clear,Day,34,Male,Auto,42,No,No,No,Poor Weather Visibility,Low,
ACC35696,14-06-2022,12:42,Karnataka,Hubballi,15.6367,75.6679,Expressway,Clear,Day,36,Male,Bike,86,No,No,No,Over Speeding,High,5.0
ACC35697,16-11-2023,18:52,Telangana,Khammam,18.3269,79.3115,State Highway,Rainy,Dusk,41,Female,Auto,59,No,Yes,No,Poor Weather Visibility,Medium,0.0
ACC35698,21-07-2024,16:14,Karnataka,Mangaluru,15.2759,75.7158,State Highway,Rainy,Day,25,Male,Car,60,No,Yes,No,Poor Weather Visibility,Medium,5.0
ACC35699,01-07-2023,06:47,Puducherry,Puducherry,12.1035,79.5865,National Highway,Overcast,Day,42,Male,Auto,74,No,No,No,Over Speeding,Medium,4.0
ACC35700,24-12-2022,09:51,Kerala,Thrissur,9.9244,75.5504,City Road,Clear,Day,18,Male,Bike,43,No,No,No,Poor Weather Visibility,Low,2.0
ACC35701,25-09-2023,15:38,Tamil Nadu,Chennai,11.1882,78.6832,Village Road,Cloudy,Day,28,Female,Bike,52,Yes,No,Yes,Drunk Driving,Medium,3.0
ACC35702,07-05-2024,07:43,Puducherry,Puducherry,11.6374,79.8515,National Highway,Clear,Day,21,Male,Bike,59,No,No,Yes,Pothole/Bad Road,Medium,4.0
ACC35703,24-06-2024,15:34,Karnataka,Hubballi,15.1692,75.0491,State Highway,Cloudy,Day,33,Male,Bus,75,No,No,No,Over Speeding,Medium,3.0
ACC35704,21-03-2024,13:39,Tamil Nadu,Salem,11.1397,77.9709,National Highway,Rainy,Day,35,Male,Auto,83,No,No,Yes,Poor Weather Visibility,High,6.0
ACC35705,10-06-2022,21:08,Andhra Pradesh,Kurnool,15.8946,79.7783,Village Road,Cloudy,Night,25,Male,Bike,59,Yes,Yes,No,Drunk Driving,High,7.0
ACC35706,23-09-2022,12:18,Karnataka,Bengaluru Urban,15.9751,76.3912,National Highway,Cloudy,Day,51,Male,Car,56,No,No,No,Poor Weather Visibility,Low,1.0
ACC35707,29-03-2024,13:59,Kerala,Kozhikode,10.8418,75.5811,National Highway,Rainy,Day,58,Male,Auto,59,No,No,No,Signal Jumping,Medium,2.0
ACC35708,04-07-2022,06:05,Telangana,Karimnagar,17.2847,78.4768,State Highway,Clear,Day,53,Male,Car,71,No,No,No,Signal Jumping,Low,0.0
ACC35709,15-07-2023,10:56,Karnataka,Bengaluru Urban,15.2432,75.7325,National Highway,Rainy,Day,30,Male,Car,80,No,No,No,Poor Weather Visibility,High,5.0
ACC35710,28-04-2022,21:16,Tamil Nadu,Tiruchirappalli,11.2622,78.9236,City Road,Rainy,Night,27,Female,Truck,37,No,No,Yes,Poor Weather Visibility,Low,3.0
ACC35711,21-07-2023,10:04,Andhra Pradesh,Kurnool,15.1662,79.3214,City Road,Cloudy,Day,43,Male,Bike,69,No,No,Yes,Signal Jumping,Medium,1.0
ACC35712,17-09-2023,06:47,Karnataka,Mysuru,16.0346,75.5658,National Highway,Rainy,Day,28,Male,Auto,51,No,No,No,Poor Weather Visibility,Low,0.0
ACC35713,29-03-2024,21:23,Tamil Nadu,Madurai,10.6226,78.4574,State Highway,Cloudy,Night,18,Male,Bike,46,Yes,No,No,Drunk Driving,High,
ACC35714,25-11-2023,10:28,Karnataka,Mysuru,15.0482,75.7058,Village Road,Rainy,Day,38,Male,Bike,45,No,No,No,Poor Weather Visibility,Low,0.0
ACC35715,30-04-2023,16:58,Kerala,Ernakulam,10.4047,76.2229,City Road,Clear,Day,27,Male,Bike,36,No,No,No,Poor Weather Visibility,Low,3.0
ACC35716,07-10-2024,10:36,Karnataka,Hubballi,15.9962,75.3874,City Road,Cloudy,Day,59,Female,Bike,47,No,No,No,Poor Weather Visibility,Low,0.0
ACC35717,02-08-2022,03:57,Tamil Nadu,Chennai,10.7972,77.7579,National Highway,Overcast,Night,52,Male,Bike,90,Yes,Yes,No,Over Speeding,High,4.0
ACC35718,14-08-2023,16:16,Karnataka,Mangaluru,15.2049,75.7919,City Road,Cloudy,Day,48,Male,Bike,35,No,No,No,Poor Weather Visibility,Low,3.0
ACC35719,12-02-2024,07:49,Karnataka,Belagavi,14.6229,75.6261,City Road,Rainy,Day,39,Male,Bike,36,No,No,Yes,Poor Weather Visibility,Low,1.0
ACC35720,05-05-2023,06:56,Tamil Nadu,Salem,11.2724,78.6473,City Road,Rainy,Day,49,Male,Bike,55,No,No,No,Poor Weather Visibility,Medium,3.0
ACC35721,11-02-2023,05:12,Karnataka,Hubballi,15.0344,74.8941,Expressway,Clear,Dawn,49,Male,Car,68,No,No,No,Over Speeding,Low,2.0
ACC35722,14-03-2022,13:35,Kerala,Kozhikode,10.4602,76.4004,National Highway,Rainy,Day,30,Male,Bus,81,Yes,No,No,Poor Weather Visibility,High,6.0
ACC35723,14-07-2022,22:31,Kerala,Kollam,10.785,75.7295,National Highway,Rainy,Night,32,Female,Bike,67,No,No,No,Poor Weather Visibility,Medium,2.0
ACC35724,17-01-2023,20:30,Kerala,Kozhikode,9.691,76.697,City Road,Overcast,Night,67,Male,Car,58,No,Yes,Yes,Drowsy Driving,High,10.0
ACC35725,03-08-2022,23:11,Kerala,Kozhikode,10.6959,76.5541,State Highway,Cloudy,Night,34,Female,Bike,65,No,No,No,Poor Weather Visibility,Medium,1.0
ACC35726,17-05-2024,03:40,Kerala,Kollam,10.652,76.6279,State Highway,Clear,Night,68,Male,Bike,75,No,Yes,Yes,Drowsy Driving,High,3.0
ACC35727,13-02-2024,10:42,Telangana,Nizamabad,18.2695,78.7226,Expressway,Cloudy,Day,40,Male,Car,80,No,No,No,Over Speeding,Medium,2.0
ACC35728,13-01-2022,06:27,Telangana,Khammam,18.186,79.3297,Expressway,Rainy,Day,33,Male,Bike,85,No,No,No,Poor Weather Visibility,High,4.0
ACC35729,08-12-2023,16:12,Tamil Nadu,Madurai,10.9448,77.1976,Expressway,Clear,Day,21,Male,Truck,68,No,Yes,No,Drowsy Driving,High,6.0
ACC35730,21-05-2024,16:41,Andhra Pradesh,Kurnool,15.3442,79.6327,Village Road,Overcast,Day,43,Male,Car,43,No,No,No,Poor Weather Visibility,Low,1.0
ACC35731,16-04-2022,08:51,Andhra Pradesh,Visakhapatnam,15.2473,79.311,Village Road,Clear,Day,34,Male,Bike,15,No,No,Yes,Signal Jumping,Low,1.0
ACC35732,20-02-2024,17:27,Puducherry,Karaikal,11.6533,79.6911,State Highway,Clear,Dusk,53,Male,Bike,58,No,No,No,Poor Weather Visibility,Medium,
ACC35733,18-02-2023,08:01,Karnataka,Mysuru,14.939,74.9136,National Highway,Cloudy,Day,53,Female,Car,60,No,No,No,Poor Weather Visibility,Medium,3.0
ACC35734,23-06-2022,21:55,Telangana,Khammam,18.0178,79.2081,State Highway,Rainy,Night,20,Female,Bike,75,No,Yes,No,Poor Weather Visibility,High,9.0
ACC35735,22-11-2023,20:36,Karnataka,Mangaluru,15.4202,75.1195,Village Road,Cloudy,Night,18,Male,Bike,36,No,No,Yes,Signal Jumping,Medium,2.0
ACC35736,17-06-2023,11:19,Tamil Nadu,Salem,11.0565,79.468,State Highway,Overcast,Day,33,Male,Car,56,No,No,No,Poor Weather Visibility,Low,0.0
ACC35737,23-04-2023,00:15,Kerala,Thrissur,9.8975,76.5509,National Highway,Cloudy,Night,54,Male,Bike,65,No,Yes,Yes,Drowsy Driving,High,6.0
ACC35738,01-02-2022,07:55,Telangana,Khammam,16.9522,79.3087,National Highway,Clear,Day,53,Male,Bike,57,No,No,Yes,Pothole/Bad Road,Medium,2.0
ACC35739,20-08-2024,19:35,Kerala,Thrissur,10.564,76.6183,City Road,Cloudy,Night,59,Male,Bus,62,No,Yes,No,Drowsy Driving,Medium,4.0
ACC35740,27-02-2023,20:25,Karnataka,Belagavi,15.2735,75.7623,National Highway,Overcast,Night,39,Male,Truck,103,Yes,No,No,Over Speeding,High,9.0
ACC35741,21-09-2022,18:09,Telangana,Khammam,17.8513,79.0125,State Highway,Cloudy,Dusk,31,Male,Truck,83,No,No,No,Over Speeding,Medium,5.0
ACC35742,05-09-2024,11:52,Andhra Pradesh,Visakhapatnam,15.9922,79.8536,City Road,Cloudy,Day,26,Male,Auto,54,No,No,No,Signal Jumping,Low,2.0
ACC35743,07-11-2023,13:43,Andhra Pradesh,Nellore,16.1256,79.5709,Expressway,Cloudy,Day,49,Male,Bike,65,No,No,No,Poor Weather Visibility,Medium,7.0
ACC35744,15-11-2022,21:23,Karnataka,Hubballi,14.9759,76.2505,City Road,Cloudy,Night,48,Female,Bike,37,No,No,No,Poor Weather Visibility,Low,1.0
ACC35745,23-03-2023,08:45,Kerala,Kollam,9.7505,75.8572,State Highway,Cloudy,Day,43,Male,Bike,64,No,No,No,Poor Weather Visibility,Low,1.0
ACC35746,07-10-2023,15:21,Karnataka,Mysuru,15.262,75.9826,City Road,Cloudy,Day,40,Male,Car,41,No,No,No,Poor Weather Visibility,Low,1.0
ACC35747,15-08-2022,07:15,Tamil Nadu,Salem,10.8914,78.616,City Road,Cloudy,Day,47,Male,Bus,51,No,No,No,Signal Jumping,Medium,3.0
ACC35748,27-09-2023,16:49,Karnataka,Mysuru,15.3264,75.9206,Village Road,Foggy,Day,46,Female,Bike,28,No,No,Yes,Poor Weather Visibility,Medium,