Accident_ID,Date,Time,State,District,Latitude,Longitude,Road_Type,Weather,Light_Condition,Driver_Age,Driver_Gender,Vehicle_Type,Speed_kmph,Alcohol_Involved,Driver_Drowsy,Pothole_Involved,Cause_of_Accident,Severity,Casualties
ACC35749,31-01-2024,08:46,Karnataka,Mysuru,14.8887,75.9126,State Highway,Clear,Day,26,Male,Bike,67,No,No,No,Over Speeding,Low,0.0
ACC35750,14-07-2024,16:44,Telangana,Hyderabad,17.8803,78.8606,City Road,Clear,Day,60,Female,Truck,49,Yes,Yes,No,Drunk Driving,Medium,5.0
ACC35751,06-03-2023,00:08,Karnataka,Hubballi,15.3177,74.6064,City Road,Clear,Night,41,Male,Bike,71,Yes,No,Yes,Drunk Driving,High,6.0
ACC35752,28-08-2024,15:14,Tamil Nadu,Madurai,11.502,77.6773,National Highway,Clear,Day,36,Female,Bus,46,No,No,No,Signal Jumping,Low,1.0
ACC35753,12-01-2024,06:54,Tamil Nadu,Tiruchirappalli,10.6241,78.068,City Road,Clear,Day,42,Male,Car,52,No,No,No,Signal Jumping,Low,3.0
ACC35754,15-03-2022,12:18,Kerala,Thiruvananthapuram,10.343,76.3873,City Road,Clear,Day,36,Male,Auto,55,Yes,No,No,Drunk Driving,Medium,2.0
ACC35755,08-06-2023,16:42,Karnataka,Mangaluru,15.4425,75.3977,City Road,Cloudy,Day,41,Male,Bike,70,No,No,No,Poor Weather Visibility,Medium,2.0
ACC35756,27-12-2023,08:46,Tamil Nadu,Madurai,11.3776,78.1317,Village Road,Clear,Day,18,Male,Truck,23,No,No,Yes,Pothole/Bad Road,Low,2.0
ACC35757,23-07-2023,22:21,Telangana,Karimnagar,18.7082,79.2312,Expressway,Clear,Night,54,Male,Car,81,No,No,No,Over Speeding,Medium,2.0
ACC35758,06-08-2024,02:48,Karnataka,Bengaluru Urban,15.509,75.9932,State Highway,Cloudy,Night,25,Male,Auto,75,Yes,No,No,Drunk Driving,High,6.0
ACC35759,19-03-2022,03:51,Puducherry,Karaikal,11.2531,79.9331,Village Road,Rainy,Night,23,Male,Car,51,Yes,No,No,Poor Weather Visibility,Medium,
ACC35760,19-11-2023,18:38,Kerala,Kollam,10.9518,76.0947,Village Road,Clear,Dusk,32,Female,Bike,35,No,No,No,Signal Jumping,Low,1.0
ACC35761,20-12-2024,14:18,Tamil Nadu,Salem,11.542,78.376,Village Road,Rainy,Day,36,Male,Bike,35,No,No,No,Poor Weather Visibility,Medium,
ACC35762,14-03-2024,09:51,Tamil Nadu,Madurai,11.2036,78.0882,National Highway,Overcast,Day,21,Male,Truck,80,No,Yes,No,Drowsy Driving,High,4.0
ACC35763,28-05-2022,07:33,Karnataka,Belagavi,14.2196,75.6117,City Road,Foggy,Day,67,Male,Car,51,No,No,Yes,Poor Weather Visibility,Medium,3.0
ACC35764,14-04-2022,12:42,Andhra Pradesh,Kurnool,15.7122,80.0655,State Highway,Cloudy,Day,33,Male,Bike,61,No,No,Yes,Pothole/Bad Road,Medium,0.0
ACC35765,24-10-2023,16:52,Telangana,Nizamabad,18.1617,78.7319,Expressway,Clear,Day,30,Male,Car,87,No,No,No,Over Speeding,Medium,3.0
ACC35766,14-04-2023,20:47,Telangana,Karimnagar,17.798,79.5264,State Highway,Cloudy,Night,33,Male,Car,68,No,No,No,Poor Weather Visibility,Medium,3.0
ACC35767,15-05-2023,08:19,Karnataka,Bengaluru Urban,15.4269,75.0309,Village Road,Cloudy,Day,57,Male,Truck,52,No,Yes,No,Drowsy Driving,Medium,6.0
ACC35768,01-04-2024,19:11,Karnataka,Belagavi,15.754,75.2043,National Highway,Rainy,Night,25,Male,Auto,90,Yes,No,Yes,Over Speeding,High,6.0
ACC35769,23-10-2022,18:43,Kerala,Thiruvananthapuram,9.9033,76.1283,Village Road,Overcast,Dusk,47,Male,Car,38,No,No,No,Poor Weather Visibility,Low,3.0
ACC35770,06-11-2023,10:19,Karnataka,Mysuru,15.2767,76.1983,State Highway,Rainy,Day,44,Male,Auto,49,No,No,Yes,Poor Weather Visibility,Medium,3.0
ACC35771,02-12-2022,13:45,Andhra Pradesh,Vijayawada,16.2684,80.4937,State Highway,Clear,Day,30,Male,Bike,67,No,Yes,No,Drowsy Driving,Medium,2.0
ACC35772,01-09-2024,18:24,Kerala,Thiruvananthapuram,10.1122,76.2557,City Road,Clear,Dusk,47,Male,Auto,44,No,No,Yes,Pothole/Bad Road,Low,0.0
ACC35773,09-10-2023,15:18,Karnataka,Mysuru,15.5072,75.111,Village Road,Rainy,Day,55,Male,Truck,46,No,No,No,Poor Weather Visibility,Medium,2.0
ACC35774,15-08-2022,09:36,Karnataka,Mysuru,15.0544,75.6787,Expressway,Rainy,Day,38,Male,Bike,68,No,No,No,Poor Weather Visibility,Medium,3.0
ACC35775,03-01-2023,16:04,Andhra Pradesh,Vijayawada,15.7843,79.8963,State Highway,Clear,Day,30,Male,Auto,43,No,No,No,Poor Weather Visibility,Low,0.0
ACC35776,08-04-2022,21:19,Tamil Nadu,Coimbatore,11.7559,78.4459,National Highway,Rainy,Night,23,Male,Bike,65,No,No,Yes,Poor Weather Visibility,High,1.0
ACC35777,06-10-2024,15:49,Kerala,Ernakulam,11.2922,76.1458,City Road,Cloudy,Day,41,Male,Bus,58,No,No,No,Signal Jumping,Low,0.0
ACC35778,15-02-2022,09:27,Tamil Nadu,Madurai,11.4846,78.95,State Highway,Clear,Day,33,Male,Car,64,No,No,No,Over Speeding,Low,3.0
ACC35779,10-12-2024,16:48,Telangana,Karimnagar,17.5257,78.8985,City Road,Cloudy,Day,43,Male,Bike,45,No,No,No,Poor Weather Visibility,Low,0.0
ACC35780,05-10-2023,17:01,Tamil Nadu,Salem,10.6804,79.3991,City Road,Rainy,Dusk,53,Male,Car,57,No,No,No,Poor Weather Visibility,Medium,3.0
ACC35781,23-06-2024,14:51,Kerala,Thiruvananthapuram,10.2126,75.911,National Highway,Clear,Day,58,Female,Bike,72,No,No,No,Over Speeding,Medium,
ACC35782,19-02-2023,15:30,Kerala,Thrissur,10.3864,76.6126,National Highway,Overcast,Day,26,Female,Truck,77,Yes,No,Yes,Drunk Driving,High,5.0
ACC35783,24-08-2023,07:12,Puducherry,Puducherry,11.8163,80.1793,National Highway,Rainy,Day,33,Male,Bus,81,No,Yes,No,Poor Weather Visibility,High,5.0
ACC35784,25-05-2022,13:38,Kerala,Thrissur,10.1006,75.6066,Expressway,Cloudy,Day,31,Male,Car,91,No,No,No,Over Speeding,Medium,4.0
ACC35785,17-12-2024,17:56,Kerala,Thiruvananthapuram,10.3128,76.4573,State Highway,Cloudy,Dusk,49,Male,Truck,51,No,No,No,Poor Weather Visibility,Medium,4.0
ACC35786,22-01-2022,00:37,Puducherry,Puducherry,11.3121,79.66,State Highway,Clear,Night,48,Male,Bike,66,Yes,No,No,Drunk Driving,High,6.0
ACC35787,17-05-2023,12:56,Karnataka,Hubballi,14.9315,75.071,City Road,Foggy,Day,26,Female,Auto,43,No,No,No,Poor Weather Visibility,Low,2.0
ACC35788,13-06-2023,21:13,Tamil Nadu,Coimbatore,11.4936,78.4099,Expressway,Overcast,Night,41,Female,Bus,68,No,No,No,Poor Weather Visibility,Medium,2.0
ACC35789,07-01-2023,07:31,Karnataka,Belagavi,15.7738,75.3042,State Highway,Clear,Day,55,Female,Bike,64,No,No,No,Signal Jumping,Medium,2.0
ACC35790,10-11-2024,07:48,Tamil Nadu,Madurai,11.3208,78.2123,City Road,Foggy,Day,36,Male,Bus,44,No,No,No,Poor Weather Visibility,Medium,4.0
ACC35791,15-05-2022,12:25,Andhra Pradesh,Visakhapatnam,15.8268,80.1338,City Road,Overcast,Day,46,Male,Bike,36,No,No,Yes,Pothole/Bad Road,Low,0.0
ACC35792,19-01-2022,16:05,Andhra Pradesh,Kurnool,15.6191,79.4266,City Road,Rainy,Day,47,Female,Truck,53,No,No,No,Signal Jumping,Low,1.0
ACC35793,04-07-2022,07:51,Andhra Pradesh,Visakhapatnam,15.7982,79.9138,State Highway,Clear,Day,33,Male,Bus,47,No,No,No,Signal Jumping,Low,1.0
ACC35794,11-08-2022,19:23,Puducherry,Karaikal,11.6311,79.8264,City Road,Clear,Night,39,Male,Bus,44,No,No,No,Signal Jumping,Low,2.0
ACC35795,07-03-2022,15:25,Puducherry,Karaikal,11.1425,79.9181,Expressway,Clear,Day,20,Male,Truck,96,Yes,No,No,Over Speeding,High,4.0
ACC35796,16-09-2024,16:44,Telangana,Warangal,17.8329,79.1405,National Highway,Foggy,Day,41,Male,Auto,61,No,No,No,Poor Weather Visibility,Medium,2.0
ACC35797,02-05-2022,13:14,Tamil Nadu,Salem,10.921,78.4963,City Road,Overcast,Day,56,Male,Bus,60,No,Yes,No,Drowsy Driving,Low,2.0
ACC35798,03-07-2024,09:14,Andhra Pradesh,Visakhapatnam,15.3847,79.7055,City Road,Clear,Day,50,Male,Truck,58,No,No,No,Signal Jumping,Medium,0.0
ACC35799,07-09-2022,01:22,Andhra Pradesh,Guntur,15.5833,80.1382,National Highway,Rainy,Night,28,Male,Bike,73,No,Yes,No,Poor Weather Visibility,High,2.0
ACC35800,12-04-2023,10:47,Kerala,Kozhikode,10.4758,76.5679,Village Road,Clear,Day,33,Male,Car,52,No,Yes,Yes,Drowsy Driving,Low,0.0
ACC35801,23-12-2023,23:11,Telangana,Hyderabad,18.0608,78.7142,National Highway,Clear,Night,42,Male,Truck,82,No,No,No,Over Speeding,Medium,3.0
ACC35802,11-09-2023,20:20,Tamil Nadu,Madurai,11.8211,79.1406,City Road,Clear,Night,18,Male,Truck,64,No,Yes,No,Drowsy Driving,High,4.0
ACC35803,20-03-2022,08:21,Tamil Nadu,Tiruchirappalli,10.6412,78.425,Village Road,Cloudy,Day,22,Male,Bus,23,No,No,No,Poor Weather Visibility,Low,0.0
ACC35804,12-11-2022,17:52,Telangana,Khammam,18.2714,78.739,Village Road,Cloudy,Dusk,45,Male,Bike,48,No,No,No,Poor Weather Visibility,Low,1.0
ACC35805,15-02-2022,15:46,Karnataka,Mangaluru,15.3424,75.9289,City Road,Cloudy,Day,24,Male,Truck,46,No,Yes,Yes,Drowsy Driving,Medium,1.0
ACC35806,30-11-2022,05:29,Tamil Nadu,Madurai,11.155,79.0995,Expressway,Clear,Dawn,26,Male,Auto,65,No,No,No,Signal Jumping,Medium,1.0
ACC35807,02-04-2023,19:20,Tamil Nadu,Tiruchirappalli,10.4414,79.2986,City Road,Foggy,Night,60,Male,Car,53,Yes,Yes,Yes,Poor Weather Visibility,Medium,1.0
ACC35808,23-12-2022,13:39,Karnataka,Hubballi,15.3798,75.8582,National Highway,Overcast,Day,45,Male,Car,93,Yes,No,No,Over Speeding,High,6.0
ACC35809,11-03-2023,02:22,Andhra Pradesh,Kurnool,15.3014,80.3159,City Road,Cloudy,Night,22,Male,Car,53,No,Yes,Yes,Drowsy Driving,Medium,2.0
ACC35810,25-04-2024,14:53,Tamil Nadu,Salem,10.9645,78.5355,Village Road,Cloudy,Day,51,Male,Auto,38,No,No,No,Poor Weather Visibility,Low,4.0
ACC35811,03-01-2024,11:39,Telangana,Khammam,17.9589,79.021,State Highway,Clear,Day,35,Female,Auto,58,No,Yes,No,Drowsy Driving,Medium,3.0
ACC35812,13-02-2024,06:47,Telangana,Khammam,18.121,78.5743,City Road,Clear,Day,37,Male,Bus,40,No,No,Yes,Pothole/Bad Road,Low,0.0
ACC35813,04-01-2024,00:29,Puducherry,Karaikal,11.4673,80.1269,City Road,Clear,Night,38,Male,Bike,62,Yes,No,No,Signal Jumping,Medium,
ACC35814,18-06-2022,18:10,Telangana,Hyderabad,17.8757,79.3236,State Highway,Rainy,Dusk,39,Male,Car,50,No,No,No,Poor Weather Visibility,Low,1.0
ACC35815,11-09-2023,21:47,Kerala,Thiruvananthapuram,10.6295,75.9626,Expressway,Overcast,Night,50,Female,Truck,94,No,Yes,No,Over Speeding,High,7.0
ACC35816,12-03-2023,00:16,Karnataka,Belagavi,14.8725,75.9256,State Highway,Rainy,Night,18,Male,Bike,72,Yes,No,Yes,Poor Weather Visibility,High,6.0
ACC35817,12-12-2023,11:54,Tamil Nadu,Coimbatore,10.9107,78.8637,State Highway,Cloudy,Day,56,Male,Bus,74,No,Yes,No,Drowsy Driving,Medium,3.0
ACC35818,23-02-2024,12:17,Telangana,Nizamabad,17.4966,78.3794,Village Road,Rainy,Day,39,Male,Bus,52,No,Yes,No,Poor Weather Visibility,Medium,4.0
ACC35819,31-08-2022,22:09,Tamil Nadu,Coimbatore,11.3567,78.0194,State Highway,Overcast,Night,18,Female,Bus,82,Yes,No,No,Drunk Driving,High,4.0
ACC35820,15-02-2024,20:43,Tamil Nadu,Madurai,11.6564,77.9806,State Highway,Clear,Night,64,Male,Bus,50,No,No,No,Signal Jumping,Low,0.0
ACC35821,26-04-2022,14:56,Kerala,Thrissur,10.1305,76.6747,Expressway,Rainy,Day,52,Male,Bike,69,No,No,No,Poor Weather Visibility,Medium,5.0
ACC35822,11-03-2022,19:16,Andhra Pradesh,Nellore,16.4516,79.3975,National Highway,Clear,Night,42,Male,Car,80,No,No,No,Over Speeding,Medium,2.0
ACC35823,12-08-2022,14:42,Tamil Nadu,Chennai,11.1929,78.899,City Road,Cloudy,Day,59,Male,Auto,44,No,No,Yes,Pothole/Bad Road,Low,0.0
ACC35824,15-01-2024,09:17,Andhra Pradesh,Nellore,15.5844,79.2886,National Highway,Clear,Day,36,Male,Auto,62,No,No,No,Over Speeding,Low,3.0
ACC35825,31-07-2023,07:57,Tamil Nadu,Salem,11.4602,78.3745,City Road,Clear,Day,18,Male,Bus,29,No,No,No,Signal Jumping,Low,2.0
ACC35826,12-11-2022,07:11,Karnataka,Belagavi,15.4101,75.3295,Village Road,Cloudy,Day,25,Male,Car,48,No,No,Yes,Pothole/Bad Road,Low,0.0
ACC35827,12-10-2023,08:40,Karnataka,Hubballi,15.3369,75.4111,Village Road,Cloudy,Day,31,Male,Auto,45,No,No,No,Poor Weather Visibility,Low,1.0
ACC35828,28-08-2024,01:21,Kerala,Thrissur,9.6792,76.3754,National Highway,Rainy,Night,18,Female,Auto,59,No,No,No,Poor Weather Visibility,High,6.0
ACC35829,14-02-2024,14:31,Karnataka,Bengaluru Urban,15.3043,76.8787,Village Road,Rainy,Day,39,Male,Auto,57,Yes,No,Yes,Poor Weather Visibility,Medium,4.0
ACC35830,11-01-2023,20:34,Karnataka,Belagavi,15.473,76.4883,National Highway,Foggy,Night,45,Male,Car,70,No,Yes,No,Poor Weather Visibility,High,6.0
ACC35831,01-05-2023,15:01,Telangana,Khammam,18.258,78.9144,City Road,Clear,Day,41,Female,Bike,35,No,No,No,Signal Jumping,Low,0.0
ACC35832,23-10-2024,13:12,Karnataka,Mysuru,14.6368,75.375,National Highway,Cloudy,Day,31,Male,Truck,45,No,Yes,No,Drowsy Driving,Low,2.0
ACC35833,06-08-2023,21:25,Tamil Nadu,Chennai,11.156,78.0406,State Highway,Clear,Night,21,Male,Bike,77,Yes,No,Yes,Drunk Driving,High,4.0
ACC35834,25-12-2023,21:37,Tamil Nadu,Madurai,10.4487,78.0189,Village Road,Cloudy,Night,49,Female,Car,40,Yes,No,No,Drunk Driving,Low,3.0
ACC35835,30-09-2023,00:00,Telangana,Karimnagar,17.9456,78.3485,City Road,Clear,Night,18,Male,Bike,61,No,No,No,Over Speeding,Low,1.0
ACC35836,01-11-2024,13:42,Andhra Pradesh,Visakhapatnam,15.5986,78.8234,Village Road,Foggy,Day,25,Male,Truck,27,No,No,Yes,Poor Weather Visibility,Low,2.0
ACC35837,10-02-2024,07:05,Karnataka,Bengaluru Urban,15.9486,75.3679,State Highway,Rainy,Day,22,Male,Car,54,Yes,No,Yes,Poor Weather Visibility,Medium,5.0
ACC35838,24-06-2023,06:26,Puducherry,Karaikal,11.9133,79.6529,City Road,Clear,Day,18,Female,Car,51,No,No,Yes,Pothole/Bad Road,Low,1.0
ACC35839,14-01-2023,12:21,Karnataka,Belagavi,14.6393,75.4665,Expressway,Rainy,Day,35,Female,Bike,104,No,No,No,Over Speeding,High,9.0
ACC35840,13-06-2024,11:32,Kerala,Kollam,10.1201,76.1789,National Highway,Clear,Day,42,Female,Bike,79,No,No,No,Over Speeding,Medium,5.0
ACC35841,07-06-2024,06:59,Tamil Nadu,Coimbatore,11.2188,78.4566,State Highway,Clear,Day,18,Male,Auto,61,No,No,No,Over Speeding,Low,1.0
ACC35842,31-03-2022,17:57,Karnataka,Belagavi,15.4043,75.4662,Village Road,Foggy,Dusk,18,Male,Bike,76,Yes,No,Yes,Poor Weather Visibility,High,8.0
ACC35843,11-11-2023,05:27,Andhra Pradesh,Nellore,15.6056,80.1059,City Road,Clear,Dawn,42,Male,Bike,52,No,No,No,Poor Weather Visibility,Low,1.0
ACC35844,11-01-2022,11:29,Telangana,Khammam,18.4298,78.9443,Village Road,Clear,Day,38,Male,Car,58,No,No,No,Signal Jumping,Medium,4.0
ACC35845,07-11-2022,07:36,Andhra Pradesh,Nellore,16.5166,80.0883,State Highway,Clear,Day,23,Male,Car,58,No,No,No,Signal Jumping,Low,1.0
ACC35846,31-08-2022,06:40,Tamil Nadu,Chennai,10.0768,78.4802,City Road,Clear,Day,44,Male,Car,46,No,No,No,Signal Jumping,Low,0.0
ACC35847,16-04-2024,00:48,Karnataka,Belagavi,15.1637,76.839,City Road,Foggy,Night,43,Female,Auto,79,No,Yes,Yes,Poor Weather Visibility,High,9.0
ACC35848,05-04-2023,10:41,Tamil Nadu,Coimbatore,10.7884,78.889,City Road,Rainy,Day,52,Female,Bike,60,No,No,No,Poor Weather Visibility,Low,3.0
ACC35849,11-12-2023,17:23,Puducherry,Karaikal,11.9162,80.1238,City Road,Clear,Dusk,28,Male,Car,33,No,No,Yes,Pothole/Bad Road,Low,1.0
ACC35850,23-01-2022,00:43,Andhra Pradesh,Vijayawada,16.3436,79.5797,State Highway,Clear,Night,33,Male,Car,72,No,No,No,Over Speeding,Low,2.0
ACC35851,30-09-2022,00:59,Karnataka,Belagavi,15.2386,76.1307,State Highway,Rainy,Night,39,Male,Bus,40,No,No,No,Poor Weather Visibility,Low,1.0
ACC35852,19-04-2022,14:31,Kerala,Ernakulam,10.1808,76.2382,Expressway,Rainy,Day,54,Male,Bike,66,No,Yes,No,Poor Weather Visibility,High,6.0
ACC35853,18-02-2022,16:50,Tamil Nadu,Madurai,11.0796,78.6329,State Highway,Clear,Day,18,Male,Auto,46,Yes,Yes,No,Drunk Driving,Medium,4.0
ACC35854,09-05-2024,15:52,Karnataka,Belagavi,15.1498,75.2458,Village Road,Cloudy,Day,25,Male,Auto,40,No,No,No,Poor Weather Visibility,Low,1.0
ACC35855,09-03-2024,05:07,Tamil Nadu,Coimbatore,11.2098,78.4225,Village Road,Cloudy,Dawn,32,Male,Bus,37,No,No,Yes,Pothole/Bad Road,Low,0.0
ACC35856,28-12-2024,21:46,Tamil Nadu,Tiruchirappalli,11.5685,78.5579,City Road,Cloudy,Night,31,Female,Auto,37,No,No,No,Poor Weather Visibility,Low,2.0
ACC35857,05-11-2022,13:46,Karnataka,Mangaluru,15.675,75.4936,Expressway,Cloudy,Day,49,Female,Car,110,Yes,No,No,Over Speeding,High,5.0
ACC35858,06-07-2023,20:08,Karnataka,Hubballi,15.1467,75.7541,Village Road,Overcast,Night,22,Male,Bus,35,No,No,No,Signal Jumping,Low,1.0
ACC35859,30-10-2024,12:15,Kerala,Kollam,10.4296,76.3639,City Road,Cloudy,Day,19,Male,Bike,46,No,No,No,Poor Weather Visibility,Low,
ACC35860,08-09-2023,20:55,Kerala,Ernakulam,10.9724,76.3655,Village Road,Overcast,Night,19,Male,Bus,45,No,No,No,Poor Weather Visibility,Low,2.0
ACC35861,13-11-2023,09:37,Tamil Nadu,Salem,11.2931,78.3295,Village Road,Clear,Day,38,Male,Car,41,No,No,No,Signal Jumping,Low,3.0
ACC35862,08-04-2023,12:22,Kerala,Kozhikode,9.6431,76.4844,National Highway,Clear,Day,45,Male,Bus,63,No,No,No,Over Speeding,Low,3.0
ACC35863,31-01-2022,12:57,Andhra Pradesh,Nellore,15.6103,79.6277,Expressway,Cloudy,Day,39,Male,Bike,79,No,No,No,Over Speeding,Medium,0.0
ACC35864,25-12-2022,01:20,Andhra Pradesh,Nellore,15.9584,79.6383,City Road,Rainy,Night,28,Female,Bike,67,No,Yes,No,Poor Weather Visibility,High,9.0
ACC35865,24-12-2024,20:21,Tamil Nadu,Salem,11.5161,79.3335,City Road,Clear,Night,36,Male,Bike,55,No,No,Yes,Pothole/Bad Road,Low,0.0
ACC35866,07-08-2023,06:56,Telangana,Hyderabad,17.7908,78.79,National Highway,Clear,Day,44,Male,Bike,58,No,No,No,Poor Weather Visibility,Low,1.0
ACC35867,12-08-2022,19:46,Telangana,Warangal,16.9957,79.2115,State Highway,Clear,Night,18,Male,Truck,70,Yes,No,No,Drunk Driving,Low,1.0
ACC35868,24-07-2023,23:57,Tamil Nadu,Tiruchirappalli,11.3535,78.857,State Highway,Clear,Night,45,Male,Car,63,No,Yes,No,Drowsy Driving,High,2.0
ACC35869,07-11-2023,21:32,Kerala,Ernakulam,9.8597,75.6483,National Highway,Clear,Night,39,Male,Truck,75,No,Yes,No,Drowsy Driving,Medium,2.0
ACC35870,17-06-2023,05:10,Karnataka,Mangaluru,15.4418,75.7086,State Highway,Clear,Dawn,31,Male,Bike,74,No,No,No,Signal Jumping,Medium,1.0
ACC35871,30-08-2024,11:14,Karnataka,Hubballi,15.4131,74.8714,City Road,Clear,Day,56,Male,Auto,40,No,No,Yes,Pothole/Bad Road,Low,3.0
ACC35872,09-07-2022,13:05,Karnataka,Hubballi,15.1534,75.6179,Village Road,Clear,Day,39,Female,Auto,31,No,No,No,Poor Weather Visibility,Low,0.0
ACC35873,21-09-2022,11:21,Andhra Pradesh,Visakhapatnam,16.3006,79.4854,Village Road,Cloudy,Day,47,Male,Bus,31,No,No,No,Poor Weather Visibility,Low,0.0
ACC35874,09-11-2024,08:56,Kerala,Thrissur,10.0351,75.762,Expressway,Clear,Day,28,Male,Bike,92,No,No,No,Over Speeding,High,9.0
ACC35875,20-06-2024,06:31,Tamil Nadu,Madurai,11.2852,78.8305,City Road,Foggy,Day,30,Male,Bike,48,No,No,No,Poor Weather Visibility,Medium,1.0
ACC35876,01-12-2023,09:47,Karnataka,Mysuru,15.4786,75.1587,National Highway,Clear,Day,37,Male,Auto,70,No,No,No,Over Speeding,Medium,2.0
ACC35877,14-02-2023,13:27,Andhra Pradesh,Kurnool,15.8556,79.7354,City Road,Cloudy,Day,36,Male,Bus,60,Yes,Yes,No,Drunk Driving,Medium,
ACC35878,01-02-2023,13:31,Karnataka,Mysuru,14.9559,76.0596,City Road,Cloudy,Day,43,Male,Car,53,No,No,No,Poor Weather Visibility,Low,0.0
ACC35879,03-12-2023,10:15,Kerala,Thiruvananthapuram,10.3871,76.143,National Highway,Clear,Day,51,Male,Car,74,No,No,Yes,Pothole/Bad Road,Medium,3.0
ACC35880,13-04-2024,19:15,Telangana,Hyderabad,17.6582,79.0899,National Highway,Cloudy,Night,27,Male,Car,55,No,No,No,Poor Weather Visibility,Medium,4.0
ACC35881,05-12-2024,07:48,Tamil Nadu,Coimbatore,11.821,78.2287,Village Road,Clear,Day,21,Male,Bike,45,No,Yes,No,Drowsy Driving,Low,3.0
ACC35882,23-01-2024,10:56,Tamil Nadu,Coimbatore,10.7807,78.3505,City Road,Rainy,Day,31,Female,Car,70,No,No,No,Poor Weather Visibility,Medium,2.0
ACC35883,25-05-2023,22:11,Telangana,Khammam,17.9471,78.484,State Highway,Clear,Night,37,Female,Auto,90,Yes,No,No,Over Speeding,High,7.0
ACC35884,20-11-2022,12:40,Karnataka,Mysuru,14.7156,75.835,State Highway,Clear,Day,51,Male,Car,71,No,No,No,Signal Jumping,Medium,0.0
ACC35885,14-04-2022,21:59,Puducherry,Puducherry,11.9521,79.1168,National Highway,Clear,Night,30,Male,Bike,68,Yes,No,No,Drunk Driving,High,3.0
ACC35886,22-11-2022,07:52,Kerala,Thrissur,10.6404,76.2722,State Highway,Clear,Day,22,Male,Auto,68,Yes,No,No,Drunk Driving,Low,2.0
ACC35887,07-12-2022,11:41,Telangana,Khammam,17.683,78.446,City Road,Clear,Day,40,Male,Bike,47,No,No,No,Signal Jumping,Low,1.0
ACC35888,24-07-2024,05:14,Karnataka,Mangaluru,15.4193,75.9487,Expressway,Rainy,Dawn,40,Male,Bike,92,Yes,No,No,Over Speeding,High,3.0
ACC35889,12-04-2022,11:13,Kerala,Kollam,10.6277,75.6873,Expressway,Cloudy,Day,38,Male,Car,93,No,No,No,Over Speeding,High,7.0
ACC35890,18-08-2023,20:31,Karnataka,Mangaluru,16.2279,75.4639,City Road,Rainy,Night,32,Male,Truck,69,Yes,Yes,No,Poor Weather Visibility,High,5.0
ACC35891,04-10-2022,11:42,Telangana,Hyderabad,17.8193,78.769,City Road,Rainy,Day,70,Male,Car,48,No,No,No,Poor Weather Visibility,Low,0.0
ACC35892,09-02-2022,16:08,Tamil Nadu,Coimbatore,11.27,79.0541,Village Road,Rainy,Day,23,Male,Car,47,No,No,No,Poor Weather Visibility,Low,1.0
ACC35893,05-02-2024,07:01,Kerala,Thiruvananthapuram,10.4536,76.2574,Village Road,Clear,Day,34,Male,Auto,52,No,No,Yes,Pothole/Bad Road,Medium,3.0
ACC35894,14-03-2024,18:09,Puducherry,Puducherry,12.4129,79.3989,Village Road,Foggy,Dusk,46,Female,Car,45,No,No,Yes,Poor Weather Visibility,Medium,2.0
ACC35895,26-03-2023,16:31,Telangana,Karimnagar,17.5627,79.3071,State Highway,Cloudy,Day,48,Male,Bike,40,No,No,No,Poor Weather Visibility,Low,0.0
ACC35896,31-10-2023,12:33,Karnataka,Bengaluru Urban,15.2264,76.1097,National Highway,Cloudy,Day,26,Male,Truck,69,No,No,No,Poor Weather Visibility,Medium,2.0
ACC35897,29-05-2024,10:06,Telangana,Warangal,17.6358,79.1453,National Highway,Clear,Day,48,Male,Bus,74,No,No,No,Over Speeding,Medium,2.0
ACC35898,16-07-2023,05:45,Tamil Nadu,Coimbatore,10.0352,78.2329,Expressway,Overcast,Dawn,18,Male,Bike,86,No,No,No,Over Speeding,High,7.0
ACC35899,31-10-2023,19:01,Telangana,Warangal,17.8982,79.1509,State Highway,Clear,Night,30,Male,Bus,53,No,No,No,Poor Weather Visibility,Low,0.0
ACC35900,11-08-2023,14:49,Telangana,Karimnagar,18.0639,79.7074,Village Road,Overcast,Day,48,Male,Bike,28,No,No,Yes,Pothole/Bad Road,Low,0.0
ACC35901,20-02-2023,22:56,Tamil Nadu,Coimbatore,10.891,78.293,City Road,Foggy,Night,18,Male,Bus,70,Yes,No,No,Poor Weather Visibility,High,8.0
ACC35902,15-12-2023,07:49,Telangana,Nizamabad,18.3151,79.3545,City Road,Rainy,Day,35,Male,Bike,75,No,No,Yes,Poor Weather Visibility,Medium,
ACC35903,26-11-2024,11:33,Kerala,Thiruvananthapuram,10.3788,75.7021,State Highway,Clear,Day,45,Male,Car,73,No,No,No,Over Speeding,Low,1.0
ACC35904,19-12-2023,21:50,Telangana,Nizamabad,17.7352,78.5815,City Road,Rainy,Night,22,Male,Car,70,No,Yes,No,Poor Weather Visibility,High,
ACC35905,17-04-2023,12:06,Puducherry,Karaikal,11.9867,79.3966,State Highway,Cloudy,Day,39,Female,Car,68,No,Yes,No,Drowsy Driving,Medium,4.0
ACC35906,14-07-2024,09:34,Tamil Nadu,Coimbatore,11.6572,78.8949,City Road,Rainy,Day,42,Male,Car,64,Yes,No,No,Poor Weather Visibility,Medium,4.0