Accident_ID,Date,Time,State,District,Latitude,Longitude,Road_Type,Weather,Light_Condition,Driver_Age,Driver_Gender,Vehicle_Type,Speed_kmph,Alcohol_Involved,Driver_Drowsy,Pothole_Involved,Cause_of_Accident,Severity,Casualties
ACC35907,13-03-2024,08:36,Tamil Nadu,Chennai,10.9144,78.8121,National Highway,Cloudy,Day,18,Female,Bus,70,No,Yes,No,Drowsy Driving,High,4.0
ACC35908,30-11-2023,09:24,Puducherry,Karaikal,11.5046,79.5606,Village Road,Overcast,Day,24,Male,Auto,30,No,Yes,No,Signal Jumping,Low,0.0
ACC35909,13-12-2023,19:16,Tamil Nadu,Coimbatore,11.0429,78.1968,State Highway,Clear,Night,32,Female,Bike,72,No,No,Yes,Pothole/Bad Road,High,3.0
ACC35910,04-01-2023,00:59,Telangana,Karimnagar,17.6404,79.3591,National Highway,Clear,Night,26,Male,Bike,66,No,No,No,Over Speeding,Medium,4.0
ACC35911,17-09-2023,22:33,Tamil Nadu,Chennai,11.3106,78.7078,State Highway,Cloudy,Night,25,Male,Auto,69,No,No,No,Signal Jumping,Medium,2.0
ACC35912,12-05-2024,11:50,Telangana,Nizamabad,17.1675,78.9284,City Road,Clear,Day,34,Male,Auto,51,No,No,Yes,Pothole/Bad Road,Low,1.0
ACC35913,12-12-2022,16:25,Tamil Nadu,Tiruchirappalli,11.2744,78.3877,City Road,Cloudy,Day,39,Male,Auto,58,No,No,No,Poor Weather Visibility,Medium,3.0
ACC35914,23-07-2024,21:28,Kerala,Thiruvananthapuram,10.2968,75.9963,Village Road,Cloudy,Night,55,Male,Car,63,Yes,No,No,Drunk Driving,Medium,4.0
ACC35915,04-12-2022,17:26,Tamil Nadu,Chennai,10.85,78.7261,National Highway,Rainy,Dusk,31,Male,Bike,67,No,No,Yes,Poor Weather Visibility,High,4.0
ACC35916,08-08-2024,21:14,Tamil Nadu,Chennai,11.0918,78.1552,Expressway,Rainy,Night,19,Male,Bike,106,Yes,Yes,No,Over Speeding,High,3.0
ACC35917,17-12-2022,17:45,Tamil Nadu,Chennai,10.9377,78.7441,State Highway,Cloudy,Dusk,42,Female,Car,76,No,Yes,No,Drowsy Driving,High,8.0
ACC35918,30-07-2022,22:41,Kerala,Kozhikode,9.2588,76.3673,Village Road,Clear,Night,31,Male,Auto,26,No,No,No,Signal Jumping,Low,1.0
ACC35919,20-08-2022,08:40,Tamil Nadu,Coimbatore,10.9637,79.0815,National Highway,Cloudy,Day,34,Male,Bike,65,No,No,No,Poor Weather Visibility,Medium,3.0
ACC35920,11-07-2024,15:51,Kerala,Kollam,10.1395,75.9176,National Highway,Rainy,Day,61,Male,Car,59,No,No,No,Poor Weather Visibility,Low,0.0
ACC35921,29-12-2022,06:53,Karnataka,Hubballi,15.5158,75.2748,National Highway,Rainy,Day,34,Male,Bike,72,No,No,No,Poor Weather Visibility,High,9.0
ACC35922,09-01-2024,12:01,Tamil Nadu,Salem,11.3739,78.2562,Expressway,Overcast,Day,27,Male,Bike,70,No,No,No,Poor Weather Visibility,Low,0.0
ACC35923,28-12-2023,14:04,Karnataka,Mysuru,15.2304,75.8214,City Road,Clear,Day,60,Male,Car,61,No,No,No,Over Speeding,Medium,3.0
ACC35924,29-09-2023,18:16,Karnataka,Mangaluru,15.2207,75.5126,Village Road,Rainy,Dusk,21,Male,Bus,42,Yes,No,No,Poor Weather Visibility,Medium,3.0
ACC35925,03-04-2023,10:43,Tamil Nadu,Coimbatore,11.0208,79.0562,City Road,Clear,Day,40,Male,Truck,47,No,No,No,Poor Weather Visibility,Low,0.0
ACC35926,29-12-2023,09:23,Karnataka,Belagavi,14.7698,76.1399,National Highway,Rainy,Day,18,Male,Bike,63,No,No,No,Poor Weather Visibility,Medium,2.0
ACC35927,02-01-2024,22:15,Telangana,Warangal,18.7328,79.0474,Village Road,Rainy,Night,20,Female,Car,48,Yes,No,Yes,Poor Weather Visibility,High,4.0
ACC35928,06-11-2023,09:54,Puducherry,Karaikal,11.4247,80.0646,State Highway,Rainy,Day,34,Male,Bike,54,No,No,No,Poor Weather Visibility,Low,1.0
ACC35929,09-10-2024,14:47,Puducherry,Karaikal,12.0417,80.3449,City Road,Clear,Day,18,Male,Car,53,No,No,Yes,Pothole/Bad Road,Medium,2.0
ACC35930,12-06-2022,06:59,Puducherry,Karaikal,11.6787,79.1272,City Road,Clear,Day,30,Male,Auto,52,No,No,Yes,Pothole/Bad Road,Low,0.0
ACC35931,24-08-2022,06:35,Karnataka,Mysuru,15.5363,75.9878,State Highway,Rainy,Day,18,Male,Car,56,No,No,No,Poor Weather Visibility,Low,0.0
ACC35932,17-08-2024,11:57,Andhra Pradesh,Guntur,16.3388,79.9153,State Highway,Clear,Day,51,Male,Bike,60,No,Yes,No,Drowsy Driving,Medium,4.0
ACC35933,14-04-2023,19:42,Andhra Pradesh,Guntur,16.6352,79.0593,Village Road,Clear,Night,37,Male,Bus,64,Yes,No,Yes,Signal Jumping,Medium,2.0
ACC35934,23-03-2022,15:05,Karnataka,Hubballi,15.5255,75.3115,State Highway,Clear,Day,31,Male,Bike,75,Yes,No,No,Drunk Driving,Medium,2.0
ACC35935,29-11-2022,21:27,Kerala,Kozhikode,10.3416,76.5341,National Highway,Clear,Night,18,Male,Car,71,No,No,No,Over Speeding,Medium,2.0
ACC35936,18-05-2022,17:50,Tamil Nadu,Tiruchirappalli,10.7883,78.6735,State Highway,Overcast,Dusk,32,Male,Bike,68,No,No,No,Poor Weather Visibility,Medium,1.0
ACC35937,11-10-2023,12:58,Andhra Pradesh,Nellore,15.5903,79.5384,State Highway,Cloudy,Day,39,Male,Bike,85,Yes,No,Yes,Drunk Driving,High,6.0
ACC35938,21-12-2023,11:28,Tamil Nadu,Tiruchirappalli,10.9476,79.1228,City Road,Clear,Day,29,Male,Auto,50,No,No,No,Signal Jumping,Low,1.0
ACC35939,10-06-2022,04:27,Andhra Pradesh,Nellore,14.7849,78.8443,National Highway,Cloudy,Night,38,Male,Bike,74,Yes,No,Yes,Drunk Driving,High,4.0
ACC35940,08-11-2022,20:43,Tamil Nadu,Salem,11.5616,78.7108,City Road,Clear,Night,57,Female,Truck,52,Yes,No,No,Drunk Driving,Medium,3.0
ACC35941,04-12-2023,18:43,Telangana,Warangal,18.026,79.183,Expressway,Rainy,Dusk,25,Male,Auto,83,Yes,No,Yes,Poor Weather Visibility,High,5.0
ACC35942,08-05-2024,06:08,Andhra Pradesh,Visakhapatnam,16.0199,79.5611,National Highway,Cloudy,Day,48,Female,Bike,66,No,No,No,Poor Weather Visibility,Medium,5.0
ACC35943,19-12-2023,15:55,Tamil Nadu,Madurai,11.2924,78.3147,National Highway,Foggy,Day,19,Male,Car,54,No,No,No,Poor Weather Visibility,Medium,4.0
ACC35944,06-11-2023,18:16,Tamil Nadu,Tiruchirappalli,10.5047,79.0305,City Road,Overcast,Dusk,33,Male,Car,47,No,No,No,Poor Weather Visibility,Low,0.0
ACC35945,06-12-2022,19:30,Telangana,Karimnagar,17.8335,80.0282,Village Road,Cloudy,Night,23,Male,Car,25,No,No,No,Poor Weather Visibility,Low,2.0
ACC35946,06-04-2024,16:20,Telangana,Karimnagar,18.0255,79.6134,City Road,Overcast,Day,32,Female,Auto,39,No,No,No,Signal Jumping,Low,0.0
ACC35947,22-02-2024,16:48,Telangana,Khammam,17.703,79.4023,National Highway,Clear,Day,34,Male,Car,55,No,No,No,Poor Weather Visibility,Low,1.0
ACC35948,07-06-2022,08:07,Andhra Pradesh,Guntur,16.0822,79.9792,Village Road,Clear,Day,45,Male,Auto,41,No,No,Yes,Pothole/Bad Road,Low,0.0
ACC35949,10-12-2024,06:29,Karnataka,Hubballi,15.6004,75.3164,National Highway,Rainy,Day,35,Male,Bike,84,No,No,No,Poor Weather Visibility,High,8.0
ACC35950,05-09-2023,18:39,Tamil Nadu,Madurai,10.6363,79.0468,Village Road,Rainy,Dusk,44,Male,Bike,31,No,No,Yes,Poor Weather Visibility,Low,0.0
ACC35951,15-04-2024,05:01,Karnataka,Belagavi,15.8385,76.0137,State Highway,Clear,Dawn,30,Male,Car,51,No,No,Yes,Pothole/Bad Road,Low,0.0
ACC35952,31-01-2023,17:33,Andhra Pradesh,Nellore,15.5007,78.7524,City Road,Cloudy,Dusk,32,Male,Auto,45,No,No,No,Poor Weather Visibility,Low,2.0
ACC35953,29-06-2023,04:18,Tamil Nadu,Madurai,11.4607,78.5914,State Highway,Clear,Night,32,Male,Auto,82,Yes,Yes,No,Drunk Driving,High,7.0
ACC35954,18-03-2022,04:02,Andhra Pradesh,Guntur,16.3753,79.9597,National Highway,Clear,Night,36,Male,Auto,56,No,No,No,Signal Jumping,Medium,2.0
ACC35955,02-06-2024,14:08,Karnataka,Belagavi,15.1623,76.2169,City Road,Rainy,Day,18,Male,Truck,56,No,No,No,Poor Weather Visibility,Medium,4.0
ACC35956,28-04-2022,18:35,Kerala,Thrissur,10.1095,76.5633,City Road,Clear,Dusk,36,Male,Truck,57,No,Yes,Yes,Drowsy Driving,Low,2.0
ACC35957,15-05-2023,17:01,Tamil Nadu,Coimbatore,11.7533,78.4123,City Road,Rainy,Dusk,48,Female,Truck,35,No,No,No,Poor Weather Visibility,Low,1.0
ACC35958,15-12-2023,19:29,Kerala,Kollam,10.2104,76.142,State Highway,Clear,Night,43,Male,Bike,86,Yes,No,Yes,Over Speeding,High,7.0
ACC35959,02-06-2024,08:46,Tamil Nadu,Salem,10.6086,79.6653,City Road,Overcast,Day,30,Male,Bike,54,No,Yes,Yes,Drowsy Driving,Medium,2.0
ACC35960,04-04-2022,16:34,Telangana,Warangal,18.0805,79.04,State Highway,Clear,Day,37,Male,Truck,63,No,No,Yes,Pothole/Bad Road,Medium,6.0
ACC35961,28-08-2023,21:33,Telangana,Khammam,18.6911,79.8551,State Highway,Overcast,Night,38,Male,Bike,49,No,No,No,Poor Weather Visibility,Low,1.0
ACC35962,26-01-2022,18:39,Telangana,Khammam,17.4154,79.8408,National Highway,Clear,Dusk,18,Male,Car,62,No,No,No,Over Speeding,Medium,2.0
ACC35963,23-08-2022,12:39,Tamil Nadu,Madurai,11.2954,79.1052,City Road,Clear,Day,18,Male,Auto,36,No,No,No,Signal Jumping,Low,1.0
ACC35964,03-11-2023,18:51,Tamil Nadu,Madurai,10.7264,78.2581,City Road,Clear,Dusk,46,Male,Bike,43,No,No,No,Signal Jumping,Low,0.0
ACC35965,07-02-2024,15:34,Telangana,Karimnagar,18.0998,78.9287,Village Road,Clear,Day,34,Female,Bus,39,No,Yes,No,Drowsy Driving,Low,1.0
ACC35966,28-06-2024,22:52,Karnataka,Belagavi,15.1526,76.1017,City Road,Clear,Night,40,Male,Bike,58,No,No,Yes,Pothole/Bad Road,Medium,1.0
ACC35967,27-04-2024,19:01,Tamil Nadu,Coimbatore,10.9292,78.6977,Village Road,Clear,Night,23,Male,Auto,58,No,No,Yes,Pothole/Bad Road,Medium,1.0
ACC35968,28-08-2023,20:42,Tamil Nadu,Coimbatore,10.6196,78.003,National Highway,Cloudy,Night,27,Male,Bus,52,No,No,No,Poor Weather Visibility,Low,0.0
ACC35969,13-06-2023,07:49,Telangana,Nizamabad,17.6411,79.2344,National Highway,Clear,Day,27,Male,Bus,84,No,Yes,No,Over Speeding,High,7.0
ACC35970,16-12-2023,14:26,Kerala,Thrissur,10.1895,76.2689,Village Road,Clear,Day,40,Male,Auto,59,Yes,No,No,Drunk Driving,Low,3.0
ACC35971,12-01-2023,04:23,Tamil Nadu,Coimbatore,10.3209,77.7377,National Highway,Overcast,Night,40,Male,Auto,62,No,No,No,Poor Weather Visibility,Medium,2.0
ACC35972,08-12-2024,18:30,Karnataka,Bengaluru Urban,14.6414,75.3095,State Highway,Clear,Dusk,57,Male,Truck,78,No,No,No,Over Speeding,Low,3.0
ACC35973,06-09-2022,07:48,Tamil Nadu,Tiruchirappalli,11.1948,78.4727,Village Road,Clear,Day,53,Female,Bus,71,Yes,No,No,Drunk Driving,Medium,0.0
ACC35974,24-10-2022,00:49,Kerala,Kozhikode,10.0774,76.0343,State Highway,Rainy,Night,47,Male,Bike,78,No,No,Yes,Poor Weather Visibility,High,6.0
ACC35975,13-02-2023,08:41,Telangana,Karimnagar,17.5183,79.4308,City Road,Rainy,Day,27,Male,Bus,69,No,Yes,Yes,Poor Weather Visibility,Medium,2.0
ACC35976,08-04-2022,12:06,Karnataka,Belagavi,15.1151,76.0734,State Highway,Rainy,Day,25,Male,Bus,77,Yes,No,Yes,Poor Weather Visibility,High,9.0
ACC35977,20-06-2023,19:37,Tamil Nadu,Salem,11.0926,78.644,City Road,Foggy,Night,18,Male,Car,54,No,No,No,Poor Weather Visibility,Medium,2.0
ACC35978,21-11-2023,18:18,Tamil Nadu,Chennai,11.4668,79.1569,City Road,Rainy,Dusk,34,Male,Car,57,No,No,No,Poor Weather Visibility,Low,0.0
ACC35979,24-07-2022,18:58,Telangana,Karimnagar,17.4574,78.8029,Village Road,Overcast,Dusk,53,Male,Car,48,No,No,No,Poor Weather Visibility,Low,0.0
ACC35980,13-08-2024,08:43,Telangana,Karimnagar,17.4153,79.1004,Village Road,Clear,Day,18,Male,Bike,24,No,No,Yes,Pothole/Bad Road,Low,
ACC35981,18-03-2024,23:47,Kerala,Thiruvananthapuram,9.8315,76.264,National Highway,Foggy,Night,33,Male,Auto,81,No,Yes,No,Poor Weather Visibility,High,11.0
ACC35982,02-11-2023,19:37,Kerala,Kozhikode,10.8546,76.0068,City Road,Foggy,Night,32,Male,Car,47,No,No,No,Poor Weather Visibility,Medium,2.0
ACC35983,26-12-2023,07:49,Tamil Nadu,Coimbatore,10.6061,78.221,City Road,Overcast,Day,18,Female,Car,55,No,No,No,Poor Weather Visibility,Low,0.0
ACC35984,18-02-2022,08:28,Karnataka,Hubballi,15.3982,75.3758,National Highway,Rainy,Day,40,Male,Bike,69,No,No,No,Poor Weather Visibility,Medium,2.0
ACC35985,11-11-2022,17:41,Karnataka,Mangaluru,15.8056,76.2422,National Highway,Clear,Dusk,51,Male,Bike,79,No,No,No,Over Speeding,Medium,3.0
ACC35986,12-02-2024,17:06,Andhra Pradesh,Visakhapatnam,15.2665,79.2366,Expressway,Clear,Dusk,40,Male,Auto,77,Yes,No,No,Drunk Driving,High,6.0
ACC35987,31-08-2022,13:08,Telangana,Karimnagar,17.5636,79.3502,State Highway,Overcast,Day,32,Female,Car,79,Yes,No,No,Drunk Driving,High,6.0
ACC35988,10-02-2022,18:53,Telangana,Hyderabad,18.5891,78.3899,Expressway,Clear,Dusk,41,Male,Bus,100,No,Yes,No,Over Speeding,High,6.0
ACC35989,26-08-2023,21:07,Andhra Pradesh,Kurnool,16.2276,79.6427,City Road,Cloudy,Night,56,Male,Car,32,No,No,Yes,Pothole/Bad Road,Low,1.0
ACC35990,20-08-2023,11:01,Telangana,Khammam,17.6011,78.2567,State Highway,Rainy,Day,23,Male,Car,77,No,No,No,Poor Weather Visibility,Medium,2.0
ACC35991,31-08-2022,15:02,Karnataka,Mangaluru,15.6961,76.0903,State Highway,Overcast,Day,44,Male,Truck,56,No,No,No,Poor Weather Visibility,Low,0.0
ACC35992,02-01-2023,20:38,Tamil Nadu,Chennai,11.0611,78.9836,City Road,Rainy,Night,57,Male,Bus,49,Yes,Yes,Yes,Poor Weather Visibility,High,5.0
ACC35993,25-03-2023,18:15,Andhra Pradesh,Nellore,15.8205,79.2709,Village Road,Rainy,Dusk,37,Male,Car,50,Yes,No,Yes,Poor Weather Visibility,Medium,3.0
ACC35994,01-11-2023,14:00,Puducherry,Karaikal,11.7714,79.9449,Village Road,Clear,Day,41,Male,Car,44,No,No,No,Signal Jumping,Low,0.0
ACC35995,28-10-2022,22:33,Telangana,Warangal,18.5444,78.7333,Village Road,Rainy,Night,45,Male,Auto,35,No,Yes,No,Poor Weather Visibility,Medium,0.0
ACC35996,28-12-2023,02:28,Karnataka,Bengaluru Urban,15.0629,75.8203,State Highway,Clear,Night,40,Female,Bike,92,Yes,No,No,Over Speeding,High,7.0
ACC35997,17-08-2024,19:41,Karnataka,Hubballi,14.8828,75.2655,State Highway,Clear,Night,30,Male,Bike,61,No,No,No,Signal Jumping,Low,1.0
ACC35998,01-09-2024,14:16,Kerala,Thiruvananthapuram,10.8321,76.5364,Village Road,Clear,Day,51,Female,Auto,83,No,Yes,No,Over Speeding,High,8.0
ACC35999,07-10-2022,08:11,Karnataka,Mangaluru,15.1775,75.8862,City Road,Clear,Day,29,Male,Car,55,No,Yes,No,Drowsy Driving,Low,0.0
ACC36000,06-08-2022,10:51,Tamil Nadu,Tiruchirappalli,10.5322,78.2727,National Highway,Clear,Day,53,Male,Car,63,No,No,No,Over Speeding,Low,2.0
ACC36001,13-09-2024,05:45,Andhra Pradesh,Vijayawada,15.883,79.3077,National Highway,Rainy,Dawn,26,Male,Auto,49,No,No,No,Poor Weather Visibility,Medium,4.0
ACC36002,08-05-2023,20:25,Kerala,Thrissur,10.1645,76.1318,Expressway,Clear,Night,18,Male,Car,68,No,No,No,Over Speeding,Low,1.0
ACC36003,18-08-2024,18:43,Tamil Nadu,Salem,11.6722,78.4481,State Highway,Clear,Dusk,35,Male,Bike,56,No,No,No,Poor Weather Visibility,Low,4.0
ACC36004,03-03-2024,07:21,Karnataka,Bengaluru Urban,15.9462,75.9733,State Highway,Cloudy,Day,48,Male,Car,59,No,No,No,Poor Weather Visibility,Low,0.0
ACC36005,30-11-2024,08:11,Tamil Nadu,Chennai,11.4314,78.9906,Village Road,Clear,Day,45,Female,Bike,49,No,No,Yes,Pothole/Bad Road,Medium,4.0
ACC36006,01-05-2024,11:58,Tamil Nadu,Madurai,11.2457,78.6303,Village Road,Cloudy,Day,47,Male,Bike,45,No,No,Yes,Pothole/Bad Road,Medium,1.0
ACC36007,16-05-2022,13:15,Puducherry,Karaikal,11.9036,79.872,National Highway,Rainy,Day,33,Female,Truck,77,No,No,No,Poor Weather Visibility,High,3.0
ACC36008,04-07-2024,14:33,Karnataka,Belagavi,14.7713,76.0907,National Highway,Clear,Day,34,Female,Truck,69,No,No,No,Signal Jumping,Low,1.0
ACC36009,09-12-2023,19:14,Telangana,Warangal,17.8066,78.5633,State Highway,Clear,Night,39,Male,Car,48,No,No,No,Poor Weather Visibility,Low,0.0
ACC36010,04-05-2023,17:37,Tamil Nadu,Tiruchirappalli,10.6538,78.9379,State Highway,Overcast,Dusk,46,Male,Car,80,Yes,No,No,Drunk Driving,High,3.0
ACC36011,12-08-2023,08:52,Tamil Nadu,Madurai,11.3077,78.3935,City Road,Cloudy,Day,18,Male,Bus,49,No,No,Yes,Pothole/Bad Road,Medium,1.0
ACC36012,05-09-2022,19:29,Kerala,Thiruvananthapuram,10.3052,75.6886,National Highway,Clear,Night,37,Female,Truck,83,No,Yes,No,Over Speeding,High,8.0
ACC36013,23-02-2023,08:27,Karnataka,Mangaluru,15.3754,76.1502,National Highway,Cloudy,Day,50,Male,Truck,80,Yes,No,No,Drunk Driving,High,7.0
ACC36014,24-01-2023,12:59,Telangana,Khammam,17.8728,79.2497,Village Road,Overcast,Day,25,Female,Bike,25,No,No,Yes,Pothole/Bad Road,Low,
ACC36015,24-03-2023,09:08,Telangana,Khammam,17.8012,78.9965,Village Road,Clear,Day,35,Male,Truck,43,No,No,No,Signal Jumping,Low,1.0
ACC36016,28-09-2024,04:28,Tamil Nadu,Madurai,11.3372,79.0491,National Highway,Clear,Night,28,Male,Bike,61,No,No,No,Over Speeding,Low,0.0
ACC36017,22-09-2024,23:16,Tamil Nadu,Coimbatore,11.3941,78.847,Village Road,Rainy,Night,32,Male,Car,48,No,No,No,Poor Weather Visibility,Medium,3.0
ACC36018,18-11-2023,01:27,Karnataka,Bengaluru Urban,15.7533,76.0057,City Road,Rainy,Night,39,Male,Truck,53,No,Yes,No,Poor Weather Visibility,Low,0.0
ACC36019,13-03-2022,14:22,Karnataka,Bengaluru Urban,14.6147,76.0395,National Highway,Clear,Day,42,Male,Car,54,No,No,No,Poor Weather Visibility,Low,0.0
ACC36020,11-07-2024,16:10,Telangana,Hyderabad,18.6796,79.1473,Village Road,Clear,Day,48,Male,Bike,61,Yes,No,Yes,Drunk Driving,High,9.0
ACC36021,18-07-2022,16:02,Kerala,Kollam,10.0947,76.7228,State Highway,Overcast,Day,36,Male,Auto,65,No,No,No,Poor Weather Visibility,High,1.0
ACC36022,14-07-2023,19:42,Puducherry,Puducherry,11.8565,80.037,National Highway,Clear,Night,26,Female,Bike,78,Yes,Yes,No,Drunk Driving,High,5.0
ACC36023,15-07-2024,07:59,Telangana,Nizamabad,17.6295,78.3183,City Road,Overcast,Day,43,Female,Bike,44,No,No,No,Poor Weather Visibility,Low,0.0
ACC36024,13-06-2022,13:00,Tamil Nadu,Salem,11.5618,78.3169,State Highway,Overcast,Day,63,Male,Car,69,No,No,No,Poor Weather Visibility,Low,1.0
ACC36025,19-02-2024,18:47,Tamil Nadu,Coimbatore,10.9861,79.0961,Expressway,Rainy,Dusk,43,Female,Car,70,No,Yes,No,Poor Weather Visibility,Medium,6.0
ACC36026,07-03-2022,16:23,Kerala,Thiruvananthapuram,10.093,76.7505,National Highway,Overcast,Day,24,Female,Car,65,No,No,No,Poor Weather Visibility,Medium,3.0
ACC36027,24-01-2024,12:28,Kerala,Ernakulam,9.8325,76.6372,City Road,Clear,Day,61,Male,Car,36,No,No,No,Signal Jumping,Low,1.0
ACC36028,24-05-2023,17:22,Telangana,Nizamabad,18.0026,78.6019,City Road,Rainy,Dusk,37,Female,Auto,37,No,No,No,Poor Weather Visibility,Low,0.0
ACC36029,19-04-2023,16:44,Karnataka,Hubballi,15.1584,75.2384,Village Road,Rainy,Day,32,Male,Bike,49,No,No,No,Poor Weather Visibility,Medium,9.0
ACC36030,25-01-2022,14:07,Telangana,Nizamabad,18.3246,79.1872,City Road,Cloudy,Day,55,Female,Bus,20,No,No,No,Poor Weather Visibility,Low,1.0
ACC36031,11-06-2023,18:05,Tamil Nadu,Madurai,10.9496,78.5296,State Highway,Overcast,Dusk,59,Male,Truck,70,No,Yes,No,Drowsy Driving,Medium,2.0
ACC36032,18-06-2022,19:24,Telangana,Karimnagar,18.6328,78.9476,Village Road,Clear,Night,42,Male,Bike,48,No,No,Yes,Pothole/Bad Road,Medium,2.0
ACC36033,09-10-2022,16:59,Puducherry,Puducherry,11.9678,80.3939,City Road,Clear,Day,57,Male,Truck,38,No,Yes,No,Drowsy Driving,Low,0.0
ACC36034,28-01-2023,17:16,Telangana,Karimnagar,17.5324,79.2055,Village Road,Cloudy,Dusk,42,Male,Car,37,No,No,No,Poor Weather Visibility,Low,0.0
ACC36035,16-07-2022,10:55,Andhra Pradesh,Kurnool,15.7841,80.0138,National Highway,Clear,Day,38,Male,Bus,100,No,No,No,Over Speeding,High,3.0
ACC36036,28-02-2023,08:35,Karnataka,Bengaluru Urban,15.2508,75.9267,State Highway,Clear,Day,38,Male,Bike,67,No,No,No,Signal Jumping,Low,1.0
ACC36037,09-08-2022,11:49,Puducherry,Karaikal,11.8329,79.2643,State Highway,Clear,Day,43,Male,Car,78,No,No,No,Over Speeding,Medium,1.0
ACC36038,04-06-2023,11:00,Karnataka,Hubballi,14.9945,75.7033,City Road,Clear,Day,45,Male,Auto,31,No,No,No,Signal Jumping,Low,1.0
ACC36039,29-04-2023,12:01,Karnataka,Belagavi,15.0436,75.346,Expressway,Cloudy,Day,33,Male,Bike,81,No,No,No,Over Speeding,Medium,4.0
ACC36040,13-08-2022,09:13,Karnataka,Bengaluru Urban,15.3638,75.9847,Expressway,Cloudy,Day,23,Male,Bus,80,No,No,Yes,Over Speeding,Medium,
ACC36041,09-05-2023,17:41,Kerala,Thrissur,9.4746,75.9831,Village Road,Clear,Dusk,30,Male,Bike,32,No,No,Yes,Pothole/Bad Road,Low,1.0
ACC36042,09-10-2023,17:38,Karnataka,Hubballi,14.4336,75.1768,State Highway,Cloudy,Dusk,49,Male,Bike,78,No,No,No,Over Speeding,Medium,2.0
ACC36043,29-06-2023,21:52,Karnataka,Mysuru,15.0553,76.0165,City Road,Cloudy,Night,49,Male,Bus,49,Yes,No,No,Drunk Driving,Medium,0.0
ACC36044,06-09-2022,20:33,Andhra Pradesh,Visakhapatnam,15.9994,80.0914,City Road,Cloudy,Night,28,Male,Bike,39,No,No,No,Poor Weather Visibility,Low,0.0
ACC36045,07-01-2024,14:54,Puducherry,Karaikal,12.3906,79.3736,City Road,Rainy,Day,23,Female,Bus,52,No,Yes,No,Poor Weather Visibility,Medium,3.0
ACC36046,07-01-2024,18:38,Tamil Nadu,Salem,10.6407,78.6359,City Road,Rainy,Dusk,25,Male,Truck,34,No,No,No,Poor Weather Visibility,Low,0.0
ACC36047,26-10-2024,15:25,Andhra Pradesh,Kurnool,15.7028,80.0197,State Highway,Clear,Day,40,Male,Bus,53,No,No,Yes,Pothole/Bad Road,Low,3.0
ACC36048,11-02-2022,13:29,Puducherry,Puducherry,12.273,80.0399,State Highway,Clear,Day,37,Male,Car,65,No,Yes,No,Drowsy Driving,Medium,1.0
ACC36049,21-10-2024,19:47,Puducherry,Karaikal,11.9319,80.0236,City Road,Foggy,Night,37,Male,Auto,37,No,No,No,Poor Weather Visibility,Low,2.0
ACC36050,03-06-2023,12:41,Karnataka,Bengaluru Urban,15.5118,76.4315,National Highway,Clear,Day,39,Male,Car,61,No,No,Yes,Pothole/Bad Road,Medium,1.0
ACC36051,13-01-2023,04:19,Telangana,Warangal,17.8445,78.9552,State Highway,Overcast,Night,19,Male,Car,92,Yes,Yes,Yes,Over Speeding,High,5.0
ACC36052,06-08-2024,18:56,Kerala,Kozhikode,10.3772,76.0578,Village Road,Rainy,Dusk,52,Male,Car,49,No,No,Yes,Poor Weather Visibility,Medium,2.0
ACC36053,16-07-2023,08:57,Telangana,Hyderabad,18.0672,79.0272,National Highway,Clear,Day,52,Male,Bike,67,No,No,No,Over Speeding,Medium,4.0
ACC36054,04-07-2022,07:09,Karnataka,Belagavi,15.4573,75.9041,National Highway,Clear,Day,40,Female,Bike,68,No,No,Yes,Pothole/Bad Road,Medium,4.0
ACC36055,08-01-2024,08:23,Tamil Nadu,Tiruchirappalli,11.1258,79.0286,Expressway,Cloudy,Day,48,Male,Truck,92,No,No,No,Over Speeding,Medium,5.0
ACC36056,31-07-2023,18:35,Tamil Nadu,Salem,10.3951,78.754,National Highway,Rainy,Dusk,29,Male,Car,64,Yes,No,No,Poor Weather Visibility,Medium,2.0
ACC36057,21-12-2022,03:27,Telangana,Warangal,18.0701,79.7575,City Road,Rainy,Night,58,Female,Auto,37,No,No,No,Poor Weather Visibility,Low,0.0
ACC36058,05-10-2022,19:23,Tamil Nadu,Madurai,11.1653,79.3715,City Road,Cloudy,Night,34,Male,Truck,40,No,No,No,Signal Jumping,Low,0.0
ACC36059,25-12-2024,00:49,Karnataka,Hubballi,14.9528,75.2824,Village Road,Cloudy,Night,56,Male,Auto,49,No,Yes,Yes,Drowsy Driving,Medium,4.0
ACC36060,28-07-2024,21:28,Tamil Nadu,Coimbatore,10.6916,78.5434,City Road,Clear,Night,39,Male,Auto,53,No,No,No,Poor Weather Visibility,Low,0.0
ACC36061,20-01-2023,14:30,Andhra Pradesh,Kurnool,16.832,80.082,National Highway,Clear,Day,31,Female,Bus,74,No,No,No,Over Speeding,Low,1.0
ACC36062,08-09-2023,03:07,Kerala,Thrissur,10.358,76.1102,City Road,Cloudy,Night,35,Male,Car,58,No,No,No,Poor Weather Visibility,Medium,2.0