Accident_ID,Date,Time,State,District,Latitude,Longitude,Road_Type,Weather,Light_Condition,Driver_Age,Driver_Gender,Vehicle_Type,Speed_kmph,Alcohol_Involved,Driver_Drowsy,Pothole_Involved,Cause_of_Accident,Severity,Casualties
ACC36063,02-03-2022,19:12,Andhra Pradesh,Guntur,15.5681,79.5104,National Highway,Clear,Night,25,Male,Bike,71,No,No,No,Over Speeding,Medium,2.0
ACC36064,23-12-2022,07:05,Telangana,Warangal,18.1566,79.0912,National Highway,Overcast,Day,53,Male,Bus,83,No,No,No,Over Speeding,Medium,4.0
ACC36065,06-04-2023,08:56,Andhra Pradesh,Guntur,15.7719,79.32,Expressway,Cloudy,Day,31,Male,Car,104,No,Yes,No,Over Speeding,High,5.0
ACC36066,03-09-2022,20:24,Kerala,Kollam,10.4732,77.0587,City Road,Clear,Night,33,Male,Bus,35,No,No,No,Signal Jumping,Low,0.0
ACC36067,11-05-2024,20:39,Karnataka,Bengaluru Urban,15.3387,76.5042,Village Road,Clear,Night,18,Female,Car,67,Yes,No,Yes,Drunk Driving,Medium,4.0
ACC36068,09-09-2023,17:03,Telangana,Nizamabad,18.588,79.3044,Village Road,Rainy,Dusk,33,Male,Car,31,No,No,No,Poor Weather Visibility,Low,0.0
ACC36069,23-11-2024,04:19,Andhra Pradesh,Kurnool,15.9516,79.7102,City Road,Clear,Night,19,Male,Bike,47,No,No,No,Poor Weather Visibility,Medium,2.0
ACC36070,06-06-2024,10:20,Telangana,Hyderabad,17.423,79.3769,Village Road,Rainy,Day,36,Male,Car,53,No,No,Yes,Poor Weather Visibility,Medium,7.0
ACC36071,14-08-2023,00:38,Tamil Nadu,Tiruchirappalli,11.0112,78.3583,State Highway,Cloudy,Night,34,Male,Auto,71,Yes,No,No,Drunk Driving,High,6.0
ACC36072,08-06-2022,09:47,Telangana,Nizamabad,17.939,79.4348,Village Road,Clear,Day,45,Male,Car,29,No,No,Yes,Pothole/Bad Road,Low,1.0
ACC36073,27-09-2022,09:03,Kerala,Kozhikode,10.682,76.2922,State Highway,Rainy,Day,19,Male,Bike,74,No,No,No,Poor Weather Visibility,Medium,0.0
ACC36074,06-07-2022,18:08,Andhra Pradesh,Nellore,16.2631,79.8662,National Highway,Clear,Dusk,50,Male,Bus,62,No,Yes,No,Drowsy Driving,Low,3.0
ACC36075,21-05-2024,10:37,Andhra Pradesh,Nellore,15.5639,79.8947,State Highway,Clear,Day,41,Female,Auto,46,No,No,No,Signal Jumping,Low,1.0
ACC36076,23-11-2023,22:46,Karnataka,Belagavi,15.4202,76.2253,City Road,Cloudy,Night,25,Female,Auto,45,Yes,No,No,Drunk Driving,Medium,2.0
ACC36077,12-04-2023,18:41,Andhra Pradesh,Kurnool,16.148,80.1184,City Road,Clear,Dusk,43,Male,Bike,51,No,No,No,Poor Weather Visibility,Low,0.0
ACC36078,06-06-2022,18:38,Karnataka,Belagavi,15.1321,74.9741,City Road,Rainy,Dusk,18,Male,Car,46,No,No,Yes,Poor Weather Visibility,Low,2.0
ACC36079,25-07-2024,10:43,Telangana,Khammam,17.9801,78.3254,Village Road,Clear,Day,18,Female,Bike,67,No,No,Yes,Pothole/Bad Road,High,4.0
ACC36080,24-11-2023,22:29,Andhra Pradesh,Kurnool,16.3947,80.5913,City Road,Clear,Night,18,Male,Bike,44,No,No,No,Poor Weather Visibility,Low,1.0
ACC36081,31-05-2022,08:21,Karnataka,Mysuru,15.2703,75.2653,City Road,Foggy,Day,38,Male,Truck,42,No,Yes,No,Poor Weather Visibility,Medium,6.0
ACC36082,06-01-2022,13:28,Telangana,Khammam,18.2434,78.8259,City Road,Overcast,Day,20,Male,Truck,37,Yes,No,Yes,Drunk Driving,Medium,3.0
ACC36083,31-10-2023,14:01,Tamil Nadu,Coimbatore,11.2111,78.9695,Village Road,Cloudy,Day,50,Male,Auto,44,No,No,Yes,Pothole/Bad Road,Low,
ACC36084,12-05-2024,11:00,Andhra Pradesh,Visakhapatnam,15.5864,79.906,State Highway,Clear,Day,30,Male,Auto,62,No,No,No,Signal Jumping,Low,0.0
ACC36085,05-03-2024,20:53,Andhra Pradesh,Kurnool,16.4251,80.1121,Village Road,Rainy,Night,33,Male,Bus,32,No,No,Yes,Poor Weather Visibility,Low,
ACC36086,12-07-2024,13:30,Karnataka,Belagavi,15.1492,75.4308,Village Road,Rainy,Day,32,Male,Car,36,No,No,Yes,Poor Weather Visibility,Low,0.0
ACC36087,07-10-2024,11:43,Telangana,Khammam,17.7786,79.0982,City Road,Cloudy,Day,49,Male,Car,63,No,No,Yes,Pothole/Bad Road,Low,0.0
ACC36088,17-10-2022,01:46,Kerala,Thrissur,9.2625,75.7818,National Highway,Clear,Night,38,Female,Bus,65,No,No,No,Over Speeding,Low,0.0
ACC36089,05-12-2023,20:27,Andhra Pradesh,Visakhapatnam,16.03,79.9412,National Highway,Cloudy,Night,28,Female,Bike,56,No,No,No,Poor Weather Visibility,Low,0.0
ACC36090,05-09-2023,15:20,Tamil Nadu,Coimbatore,10.8522,78.0011,City Road,Clear,Day,28,Male,Truck,47,No,No,Yes,Pothole/Bad Road,Low,0.0
ACC36091,30-04-2023,08:18,Karnataka,Mysuru,14.9854,75.9039,State Highway,Clear,Day,58,Male,Car,50,No,No,No,Signal Jumping,Low,0.0
ACC36092,31-07-2022,06:51,Karnataka,Bengaluru Urban,14.8783,75.7495,National Highway,Cloudy,Day,43,Male,Auto,66,No,No,No,Poor Weather Visibility,High,7.0
ACC36093,09-12-2024,14:52,Kerala,Thiruvananthapuram,11.2058,76.8745,Village Road,Clear,Day,20,Female,Bike,38,No,No,No,Signal Jumping,Low,2.0
ACC36094,28-11-2022,18:42,Andhra Pradesh,Vijayawada,16.4175,79.9968,City Road,Clear,Dusk,18,Male,Truck,50,Yes,No,No,Drunk Driving,Low,0.0
ACC36095,08-06-2024,07:34,Andhra Pradesh,Nellore,15.5899,79.6016,City Road,Clear,Day,40,Male,Auto,72,No,No,No,Over Speeding,Medium,2.0
ACC36096,17-02-2022,10:06,Tamil Nadu,Salem,11.6799,78.5975,Village Road,Foggy,Day,28,Male,Bike,26,No,No,No,Poor Weather Visibility,Low,0.0
ACC36097,08-08-2024,17:41,Telangana,Karimnagar,17.3602,78.8754,Expressway,Rainy,Dusk,46,Female,Truck,64,No,Yes,No,Poor Weather Visibility,Medium,4.0
ACC36098,25-08-2023,17:57,Tamil Nadu,Coimbatore,11.9969,79.1448,Expressway,Overcast,Dusk,73,Male,Truck,83,No,No,No,Over Speeding,Medium,1.0
ACC36099,12-08-2022,19:32,Karnataka,Mangaluru,15.6126,75.6322,City Road,Clear,Night,30,Male,Bus,55,Yes,Yes,Yes,Drunk Driving,High,5.0
ACC36100,25-09-2024,13:40,Andhra Pradesh,Nellore,16.6465,79.3035,National Highway,Clear,Day,18,Male,Truck,66,No,No,No,Over Speeding,Low,1.0
ACC36101,26-12-2022,12:24,Karnataka,Mangaluru,15.3631,75.5967,City Road,Clear,Day,50,Male,Auto,57,No,Yes,Yes,Drowsy Driving,Medium,7.0
ACC36102,08-05-2024,08:31,Kerala,Thiruvananthapuram,9.9817,76.4829,National Highway,Overcast,Day,43,Female,Truck,73,Yes,No,No,Drunk Driving,High,3.0
ACC36103,09-02-2024,06:40,Andhra Pradesh,Nellore,15.979,79.0952,Village Road,Cloudy,Day,51,Male,Bike,27,Yes,No,No,Drunk Driving,Medium,2.0
ACC36104,16-05-2023,08:05,Kerala,Ernakulam,10.4961,76.3278,Expressway,Clear,Day,50,Male,Car,79,No,No,No,Over Speeding,Medium,4.0
ACC36105,02-04-2024,22:31,Andhra Pradesh,Vijayawada,15.8121,80.6878,Village Road,Rainy,Night,33,Male,Auto,25,No,No,No,Poor Weather Visibility,Low,3.0
ACC36106,04-04-2023,08:42,Tamil Nadu,Madurai,10.9766,78.6857,City Road,Cloudy,Day,60,Male,Bike,57,Yes,No,Yes,Drunk Driving,Medium,2.0
ACC36107,22-09-2024,17:16,Karnataka,Belagavi,15.7671,75.6865,Expressway,Rainy,Dusk,25,Female,Auto,100,No,No,No,Over Speeding,High,6.0
ACC36108,17-06-2024,10:07,Telangana,Warangal,17.7001,79.4224,National Highway,Overcast,Day,18,Male,Car,78,Yes,No,No,Drunk Driving,High,9.0
ACC36109,24-05-2022,19:50,Tamil Nadu,Chennai,11.4607,78.2421,State Highway,Clear,Night,42,Female,Bus,59,No,No,No,Signal Jumping,Low,1.0
ACC36110,23-02-2022,18:26,Andhra Pradesh,Visakhapatnam,15.5905,79.5424,Expressway,Clear,Dusk,33,Male,Auto,83,No,No,No,Over Speeding,Medium,3.0
ACC36111,07-09-2023,17:14,Andhra Pradesh,Guntur,15.3973,80.2174,Expressway,Cloudy,Dusk,65,Male,Bike,93,No,No,No,Over Speeding,High,4.0
ACC36112,16-09-2022,20:31,Kerala,Kozhikode,10.0261,76.9209,State Highway,Clear,Night,40,Male,Bike,84,Yes,Yes,No,Drunk Driving,High,4.0
ACC36113,08-12-2023,06:09,Karnataka,Hubballi,15.2894,75.4271,Expressway,Clear,Day,57,Female,Bike,75,No,No,No,Over Speeding,Medium,6.0
ACC36114,05-04-2024,22:27,Karnataka,Bengaluru Urban,13.9904,74.7682,City Road,Cloudy,Night,18,Male,Bus,46,No,Yes,No,Drowsy Driving,Low,0.0
ACC36115,25-03-2024,21:59,Karnataka,Bengaluru Urban,14.7805,75.8513,Village Road,Rainy,Night,40,Male,Bike,63,No,No,No,Poor Weather Visibility,Medium,1.0
ACC36116,04-04-2023,18:11,Tamil Nadu,Coimbatore,11.1483,79.2427,National Highway,Clear,Dusk,48,Female,Truck,83,No,No,No,Over Speeding,Medium,4.0
ACC36117,18-12-2023,21:07,Telangana,Warangal,17.6897,78.6539,City Road,Clear,Night,48,Male,Truck,77,Yes,Yes,Yes,Drunk Driving,High,6.0
ACC36118,16-05-2022,12:05,Tamil Nadu,Chennai,11.3982,78.1007,Village Road,Overcast,Day,18,Male,Car,44,No,No,Yes,Pothole/Bad Road,Medium,3.0
ACC36119,29-06-2022,04:33,Tamil Nadu,Salem,11.2073,78.919,City Road,Cloudy,Night,52,Male,Bike,87,Yes,Yes,No,Over Speeding,High,
ACC36120,12-08-2024,22:05,Kerala,Thiruvananthapuram,10.4036,76.6851,City Road,Rainy,Night,38,Male,Bike,57,No,No,Yes,Poor Weather Visibility,Medium,2.0
ACC36121,05-01-2022,20:01,Tamil Nadu,Salem,10.9732,78.2729,City Road,Cloudy,Night,52,Male,Car,68,Yes,No,No,Drunk Driving,Medium,4.0
ACC36122,03-12-2022,17:50,Andhra Pradesh,Visakhapatnam,16.4279,79.3038,Village Road,Rainy,Dusk,50,Male,Bike,52,No,No,Yes,Poor Weather Visibility,Medium,1.0
ACC36123,23-05-2024,15:20,Telangana,Khammam,16.9699,78.5296,Village Road,Cloudy,Day,38,Male,Bike,39,No,No,No,Poor Weather Visibility,Low,2.0
ACC36124,13-02-2022,11:27,Tamil Nadu,Coimbatore,11.2447,78.3678,National Highway,Clear,Day,39,Male,Bike,70,No,No,No,Over Speeding,Medium,1.0
ACC36125,19-04-2024,11:13,Andhra Pradesh,Nellore,15.5243,79.5193,National Highway,Foggy,Day,18,Male,Bus,98,Yes,Yes,No,Poor Weather Visibility,High,3.0
ACC36126,03-06-2022,11:39,Telangana,Khammam,17.8653,78.9365,City Road,Rainy,Day,40,Male,Bike,67,No,No,No,Poor Weather Visibility,Medium,5.0
ACC36127,30-03-2024,22:31,Tamil Nadu,Tiruchirappalli,11.4902,78.6011,City Road,Clear,Night,38,Female,Car,68,Yes,Yes,No,Drunk Driving,High,3.0
ACC36128,02-04-2022,19:28,Tamil Nadu,Madurai,11.462,78.0241,City Road,Overcast,Night,33,Female,Car,42,No,No,No,Poor Weather Visibility,Low,0.0
ACC36129,03-05-2023,23:56,Tamil Nadu,Tiruchirappalli,10.7812,78.5785,State Highway,Clear,Night,26,Male,Truck,57,No,No,No,Poor Weather Visibility,Low,0.0
ACC36130,08-07-2022,17:47,Karnataka,Bengaluru Urban,15.2664,76.4705,Village Road,Clear,Dusk,45,Male,Auto,49,No,No,No,Poor Weather Visibility,Low,0.0
ACC36131,02-01-2023,15:15,Telangana,Hyderabad,17.6785,77.8584,City Road,Rainy,Day,27,Male,Bus,49,No,No,No,Poor Weather Visibility,Low,1.0
ACC36132,03-11-2024,05:09,Kerala,Kollam,10.0122,76.2939,State Highway,Rainy,Dawn,34,Male,Truck,69,No,No,No,Poor Weather Visibility,Low,1.0
ACC36133,09-01-2024,15:28,Karnataka,Bengaluru Urban,14.9085,76.414,City Road,Clear,Day,34,Male,Truck,54,No,Yes,No,Drowsy Driving,Low,0.0
ACC36134,18-05-2023,14:37,Karnataka,Mangaluru,15.329,75.4782,City Road,Clear,Day,26,Male,Bike,37,No,No,Yes,Pothole/Bad Road,Low,1.0
ACC36135,02-04-2023,17:57,Kerala,Thiruvananthapuram,10.1079,76.411,State Highway,Cloudy,Dusk,23,Male,Bike,58,No,No,No,Poor Weather Visibility,Medium,3.0
ACC36136,13-11-2023,09:25,Karnataka,Hubballi,14.9628,75.1953,National Highway,Clear,Day,27,Female,Bike,65,No,No,Yes,Pothole/Bad Road,Medium,2.0
ACC36137,16-07-2022,05:41,Karnataka,Mysuru,15.5237,75.7379,National Highway,Clear,Dawn,56,Female,Car,66,No,No,No,Over Speeding,Low,2.0
ACC36138,27-07-2023,02:01,Karnataka,Hubballi,15.1924,75.7537,City Road,Clear,Night,41,Female,Bike,45,Yes,No,No,Drunk Driving,Medium,2.0
ACC36139,21-03-2024,00:59,Puducherry,Puducherry,12.1671,79.145,National Highway,Clear,Night,20,Female,Car,78,No,No,No,Over Speeding,Medium,2.0
ACC36140,07-08-2024,21:30,Kerala,Kollam,9.7574,76.0127,National Highway,Cloudy,Night,31,Male,Auto,83,No,Yes,No,Over Speeding,High,5.0
ACC36141,06-10-2024,17:59,Tamil Nadu,Tiruchirappalli,9.758,77.7992,Expressway,Clear,Dusk,50,Female,Car,78,Yes,No,No,Drunk Driving,High,1.0
ACC36142,02-11-2022,07:09,Telangana,Karimnagar,17.7274,78.7103,City Road,Clear,Day,45,Male,Car,38,No,No,No,Poor Weather Visibility,Low,0.0
ACC36143,07-02-2023,07:28,Andhra Pradesh,Vijayawada,15.4685,80.0485,City Road,Clear,Day,39,Female,Car,56,No,No,No,Poor Weather Visibility,Low,0.0
ACC36144,02-07-2024,20:29,Tamil Nadu,Madurai,12.1251,78.7879,National Highway,Clear,Night,18,Male,Car,65,No,No,No,Signal Jumping,Medium,4.0
ACC36145,31-05-2023,04:07,Kerala,Ernakulam,10.3515,75.834,Village Road,Clear,Night,20,Male,Auto,46,No,Yes,Yes,Drowsy Driving,Medium,6.0
ACC36146,27-01-2024,05:10,Telangana,Khammam,17.9374,78.7514,Expressway,Cloudy,Dawn,27,Male,Auto,82,No,No,Yes,Over Speeding,Medium,3.0
ACC36147,07-03-2024,13:28,Telangana,Karimnagar,18.7869,79.0625,State Highway,Clear,Day,49,Male,Car,77,No,No,No,Over Speeding,Medium,5.0
ACC36148,26-10-2023,21:29,Karnataka,Mysuru,15.4671,75.5327,National Highway,Clear,Night,56,Male,Car,92,Yes,No,No,Over Speeding,High,7.0
ACC36149,24-04-2022,19:25,Kerala,Ernakulam,10.3393,76.1308,City Road,Clear,Night,36,Female,Bike,44,No,No,No,Signal Jumping,Low,0.0
ACC36150,09-05-2024,17:14,Tamil Nadu,Salem,10.2489,78.5823,Expressway,Rainy,Dusk,35,Male,Bike,74,No,No,No,Poor Weather Visibility,High,6.0
ACC36151,24-06-2023,08:35,Andhra Pradesh,Vijayawada,16.2432,79.5831,State Highway,Rainy,Day,33,Male,Car,39,No,No,No,Poor Weather Visibility,Low,0.0
ACC36152,25-11-2024,14:21,Karnataka,Belagavi,14.7781,76.2745,Village Road,Clear,Day,42,Female,Bus,45,No,No,No,Signal Jumping,Low,0.0
ACC36153,25-01-2022,21:50,Kerala,Ernakulam,10.4692,76.0833,City Road,Rainy,Night,29,Male,Bike,60,Yes,No,No,Poor Weather Visibility,Medium,2.0
ACC36154,28-05-2024,03:29,Kerala,Ernakulam,10.0187,76.9829,Village Road,Rainy,Night,25,Female,Car,40,No,No,No,Poor Weather Visibility,Medium,1.0
ACC36155,07-07-2023,21:42,Puducherry,Puducherry,12.3192,80.0064,City Road,Clear,Night,26,Male,Bike,34,No,No,No,Poor Weather Visibility,Low,0.0
ACC36156,07-09-2024,23:14,Telangana,Khammam,18.2942,78.8392,Village Road,Rainy,Night,35,Male,Truck,49,Yes,No,No,Poor Weather Visibility,Medium,1.0
ACC36157,18-02-2023,11:22,Andhra Pradesh,Kurnool,16.3184,79.6555,Village Road,Clear,Day,61,Male,Bike,41,No,No,Yes,Pothole/Bad Road,Medium,1.0
ACC36158,28-01-2023,14:31,Tamil Nadu,Coimbatore,10.9611,78.0554,National Highway,Clear,Day,44,Male,Car,66,No,No,No,Signal Jumping,Low,1.0
ACC36159,25-03-2022,22:15,Karnataka,Mangaluru,14.9338,75.3574,City Road,Cloudy,Night,42,Male,Car,53,Yes,No,No,Drunk Driving,Medium,1.0
ACC36160,25-06-2024,07:37,Tamil Nadu,Madurai,11.6068,77.7221,National Highway,Overcast,Day,55,Female,Bike,68,No,No,No,Poor Weather Visibility,Medium,1.0
ACC36161,24-10-2024,09:44,Telangana,Nizamabad,18.105,78.7862,Village Road,Cloudy,Day,45,Female,Bike,66,Yes,No,Yes,Drunk Driving,Medium,2.0
ACC36162,15-11-2022,19:05,Telangana,Karimnagar,17.8387,79.2779,Village Road,Rainy,Night,48,Male,Truck,46,No,No,No,Poor Weather Visibility,Medium,2.0
ACC36163,21-11-2024,13:32,Tamil Nadu,Salem,11.5538,77.8611,National Highway,Clear,Day,30,Male,Car,64,No,No,No,Over Speeding,Low,0.0
ACC36164,31-12-2022,16:23,Kerala,Thiruvananthapuram,10.4519,76.816,Village Road,Clear,Day,46,Male,Bike,33,No,No,No,Signal Jumping,Low,1.0
ACC36165,14-12-2023,11:19,Kerala,Thrissur,10.5355,75.856,National Highway,Clear,Day,21,Male,Bike,60,No,No,No,Over Speeding,Medium,4.0
ACC36166,20-03-2024,06:39,Kerala,Kozhikode,9.8826,77.8297,City Road,Rainy,Day,39,Male,Bus,35,No,No,No,Poor Weather Visibility,Low,0.0
ACC36167,25-06-2023,12:04,Telangana,Warangal,17.5756,78.772,City Road,Rainy,Day,50,Male,Car,55,No,No,No,Poor Weather Visibility,Low,1.0
ACC36168,27-09-2024,04:19,Karnataka,Belagavi,15.1914,75.5984,Expressway,Clear,Night,41,Male,Car,96,No,Yes,No,Over Speeding,High,5.0
ACC36169,25-10-2024,23:42,Telangana,Khammam,18.2901,78.5504,State Highway,Clear,Night,54,Female,Bike,43,No,No,No,Signal Jumping,Medium,3.0
ACC36170,04-01-2023,12:23,Karnataka,Belagavi,15.9286,75.4794,State Highway,Clear,Day,44,Female,Bike,34,No,No,No,Poor Weather Visibility,Low,1.0
ACC36171,25-10-2023,23:07,Kerala,Ernakulam,9.8304,76.3562,City Road,Clear,Night,46,Male,Bus,53,No,Yes,No,Drowsy Driving,Medium,7.0
ACC36172,20-04-2024,10:31,Telangana,Hyderabad,17.6689,78.4567,State Highway,Cloudy,Day,33,Male,Bus,65,No,No,No,Poor Weather Visibility,Medium,1.0
ACC36173,22-11-2024,13:18,Tamil Nadu,Salem,11.6495,78.6399,Expressway,Rainy,Day,37,Male,Bike,87,No,No,Yes,Poor Weather Visibility,High,5.0
ACC36174,08-04-2024,16:47,Karnataka,Bengaluru Urban,15.528,75.4853,City Road,Clear,Day,39,Male,Auto,46,No,No,No,Signal Jumping,Low,0.0
ACC36175,05-08-2024,15:15,Kerala,Thiruvananthapuram,10.4254,76.6173,National Highway,Clear,Day,39,Male,Bike,43,No,No,No,Poor Weather Visibility,Low,1.0
ACC36176,25-11-2024,18:38,Puducherry,Puducherry,12.0227,79.62,Village Road,Clear,Dusk,44,Male,Auto,18,No,No,No,Poor Weather Visibility,Low,1.0
ACC36177,21-12-2023,20:47,Kerala,Thrissur,10.2699,76.9747,National Highway,Overcast,Night,44,Female,Bike,75,Yes,No,No,Drunk Driving,High,5.0
ACC36178,02-06-2023,18:36,Kerala,Kollam,10.9455,75.6161,Expressway,Clear,Dusk,38,Male,Auto,67,No,No,No,Signal Jumping,Low,0.0
ACC36179,29-11-2022,21:21,Telangana,Hyderabad,18.3256,78.1891,City Road,Clear,Night,40,Female,Bike,85,Yes,No,No,Drunk Driving,High,4.0
ACC36180,15-01-2024,13:53,Telangana,Khammam,17.7373,78.9879,Village Road,Cloudy,Day,33,Female,Bus,52,No,No,No,Poor Weather Visibility,Low,1.0
ACC36181,10-07-2022,19:17,Tamil Nadu,Chennai,11.0394,78.3316,Village Road,Cloudy,Night,53,Male,Bike,45,No,No,Yes,Pothole/Bad Road,Medium,
ACC36182,14-03-2022,16:36,Andhra Pradesh,Vijayawada,16.02,79.5182,State Highway,Foggy,Day,47,Male,Truck,73,Yes,No,No,Poor Weather Visibility,High,3.0
ACC36183,03-10-2022,17:04,Telangana,Khammam,18.7936,79.2092,Expressway,Foggy,Dusk,23,Male,Auto,104,Yes,No,No,Over Speeding,High,8.0
ACC36184,30-03-2022,09:05,Telangana,Karimnagar,17.9344,79.4396,State Highway,Rainy,Day,43,Male,Bike,55,No,No,No,Poor Weather Visibility,Low,2.0
ACC36185,22-04-2022,01:23,Karnataka,Hubballi,16.0697,75.7283,Expressway,Rainy,Night,36,Male,Bike,100,No,No,No,Over Speeding,High,10.0
ACC36186,01-04-2024,17:46,Puducherry,Puducherry,11.7905,79.6649,Expressway,Clear,Dusk,21,Male,Car,88,No,No,Yes,Over Speeding,Medium,3.0
ACC36187,25-07-2024,07:39,Andhra Pradesh,Kurnool,16.1073,80.0068,Village Road,Cloudy,Day,18,Male,Car,45,No,Yes,Yes,Drowsy Driving,Medium,3.0
ACC36188,21-11-2022,17:48,Kerala,Thiruvananthapuram,10.596,76.5783,State Highway,Clear,Dusk,41,Male,Bike,70,No,Yes,No,Drowsy Driving,Medium,3.0
ACC36189,12-08-2023,14:21,Tamil Nadu,Tiruchirappalli,10.698,77.6666,City Road,Overcast,Day,38,Male,Auto,67,No,No,No,Poor Weather Visibility,High,3.0
ACC36190,16-08-2024,13:36,Telangana,Karimnagar,17.7997,79.5767,Expressway,Overcast,Day,29,Male,Car,70,No,No,No,Poor Weather Visibility,Low,1.0
ACC36191,17-09-2024,14:40,Karnataka,Bengaluru Urban,15.3091,75.0929,City Road,Rainy,Day,48,Male,Car,57,No,No,Yes,Poor Weather Visibility,Low,0.0
ACC36192,05-06-2023,05:03,Andhra Pradesh,Vijayawada,16.1865,79.8898,Village Road,Overcast,Dawn,28,Male,Bike,27,No,No,No,Poor Weather Visibility,Low,0.0
ACC36193,12-10-2023,13:35,Karnataka,Hubballi,14.8776,75.7197,State Highway,Overcast,Day,18,Male,Auto,62,No,Yes,No,Drowsy Driving,Medium,2.0
ACC36194,10-03-2024,13:08,Kerala,Kozhikode,10.8148,77.4022,City Road,Clear,Day,32,Male,Bike,65,No,Yes,No,Drowsy Driving,Medium,2.0
ACC36195,12-10-2022,23:42,Andhra Pradesh,Vijayawada,15.7659,79.5697,National Highway,Clear,Night,43,Male,Auto,67,No,No,No,Over Speeding,Low,1.0
ACC36196,11-07-2024,21:24,Kerala,Kollam,9.8949,76.4785,Expressway,Rainy,Night,31,Male,Bike,86,No,No,No,Poor Weather Visibility,High,6.0
ACC36197,06-06-2023,09:47,Tamil Nadu,Coimbatore,11.1529,78.5508,City Road,Rainy,Day,33,Male,Car,45,No,No,No,Poor Weather Visibility,Medium,2.0
ACC36198,06-01-2024,18:25,Andhra Pradesh,Guntur,15.4964,80.1015,National Highway,Clear,Dusk,39,Male,Bike,47,No,No,No,Signal Jumping,Low,0.0
ACC36199,12-05-2023,12:38,Tamil Nadu,Salem,11.1649,79.2339,Village Road,Overcast,Day,50,Male,Car,39,No,Yes,Yes,Drowsy Driving,Low,1.0
ACC36200,18-11-2024,20:01,Telangana,Warangal,17.7722,78.9355,State Highway,Cloudy,Night,18,Male,Truck,59,No,No,Yes,Pothole/Bad Road,Low,1.0
ACC36201,16-01-2024,09:36,Telangana,Karimnagar,17.3709,79.1822,City Road,Rainy,Day,18,Male,Car,66,No,Yes,No,Poor Weather Visibility,Medium,1.0
ACC36202,07-04-2023,17:57,Karnataka,Belagavi,15.6959,75.6275,National Highway,Cloudy,Dusk,49,Male,Bike,88,Yes,No,No,Over Speeding,High,7.0
ACC36203,03-07-2022,17:43,Kerala,Thiruvananthapuram,10.8592,76.7033,City Road,Clear,Dusk,48,Male,Car,57,No,Yes,No,Drowsy Driving,Medium,3.0
ACC36204,01-09-2023,15:41,Tamil Nadu,Coimbatore,11.2105,79.4537,City Road,Clear,Day,35,Male,Car,44,No,Yes,No,Drowsy Driving,Low,
ACC36205,03-02-2024,17:57,Kerala,Kozhikode,10.2319,76.4969,National Highway,Clear,Dusk,40,Male,Bus,55,No,Yes,No,Drowsy Driving,Low,0.0
ACC36206,04-07-2024,15:49,Karnataka,Mysuru,14.85,76.3228,City Road,Clear,Day,33,Male,Bike,67,No,No,Yes,Pothole/Bad Road,Low,1.0
ACC36207,25-03-2024,21:14,Kerala,Thiruvananthapuram,10.052,76.294,State Highway,Clear,Night,28,Male,Bike,60,Yes,No,No,Drunk Driving,Medium,1.0
ACC36208,27-10-2024,15:24,Karnataka,Belagavi,15.6488,75.3766,City Road,Clear,Day,35,Male,Car,21,No,No,No,Signal Jumping,Low,1.0
ACC36209,24-04-2022,11:37,Tamil Nadu,Salem,10.7807,78.7229,Expressway,Cloudy,Day,36,Male,Bike,61,No,No,No,Poor Weather Visibility,Medium,5.0
ACC36210,30-12-2024,08:43,Kerala,Ernakulam,10.3652,76.889,Village Road,Overcast,Day,53,Female,Truck,30,No,No,Yes,Pothole/Bad Road,Low,1.0
ACC36211,22-10-2022,07:25,Karnataka,Mangaluru,14.9462,75.0436,National Highway,Cloudy,Day,29,Female,Car,86,No,No,No,Over Speeding,Medium,3.0
ACC36212,31-10-2022,13:46,Telangana,Hyderabad,17.3048,78.6416,National Highway,Clear,Day,36,Male,Bike,71,No,No,No,Over Speeding,Medium,1.0
ACC36213,23-05-2022,20:06,Andhra Pradesh,Guntur,16.7043,79.8653,City Road,Clear,Night,37,Male,Truck,40,No,Yes,Yes,Drowsy Driving,Medium,0.0
ACC36214,31-07-2024,07:11,Tamil Nadu,Chennai,10.8096,79.1605,Village Road,Cloudy,Day,38,Male,Car,38,No,No,Yes,Pothole/Bad Road,Low,0.0
ACC36215,01-05-2024,07:03,Karnataka,Hubballi,14.5134,75.0693,National Highway,Clear,Day,39,Male,Car,92,Yes,No,No,Over Speeding,Medium,1.0
ACC36216,11-06-2023,11:28,Telangana,Hyderabad,17.2062,79.2072,National Highway,Cloudy,Day,55,Male,Car,54,No,No,No,Poor Weather Visibility,Low,1.0
ACC36217,18-07-2023,15:50,Puducherry,Karaikal,11.7354,79.669,National Highway,Rainy,Day,18,Female,Car,64,No,No,No,Poor Weather Visibility,High,2.0
ACC36218,04-04-2022,08:29,Karnataka,Belagavi,14.9495,76.2297,State Highway,Rainy,Day,29,Male,Car,58,No,Yes,Yes,Poor Weather Visibility,Medium,2.0
ACC36219,28-02-2023,01:39,Andhra Pradesh,Vijayawada,15.5971,79.9124,Expressway,Clear,Night,58,Male,Car,88,No,No,No,Over Speeding,Medium,3.0
ACC36220,26-06-2022,08:54,Kerala,Ernakulam,11.0143,76.3154,City Road,Rainy,Day,47,Male,Bike,54,No,No,No,Poor Weather Visibility,Medium,0.0