Accident_ID,Date,Time,State,District,Latitude,Longitude,Road_Type,Weather,Light_Condition,Driver_Age,Driver_Gender,Vehicle_Type,Speed_kmph,Alcohol_Involved,Driver_Drowsy,Pothole_Involved,Cause_of_Accident,Severity,Casualties
ACC36221,23-04-2022,18:06,Andhra Pradesh,Visakhapatnam,16.7999,80.2311,State Highway,Clear,Dusk,42,Male,Car,56,No,No,No,Signal Jumping,Medium,1.0
ACC36222,09-11-2022,21:54,Telangana,Warangal,17.9,78.6637,Expressway,Cloudy,Night,32,Male,Bike,92,Yes,No,No,Over Speeding,High,3.0
ACC36223,28-01-2023,19:09,Karnataka,Mysuru,15.1028,75.447,City Road,Clear,Night,46,Male,Bike,72,Yes,No,Yes,Drunk Driving,High,7.0
ACC36224,27-07-2022,19:34,Karnataka,Hubballi,15.0679,75.4851,State Highway,Rainy,Night,33,Male,Auto,53,No,No,No,Poor Weather Visibility,Low,0.0
ACC36225,14-08-2023,07:47,Kerala,Thiruvananthapuram,10.3591,76.2456,State Highway,Clear,Day,18,Male,Truck,71,No,Yes,No,Drowsy Driving,High,3.0
ACC36226,30-01-2023,04:08,Tamil Nadu,Salem,11.5108,78.6637,National Highway,Clear,Night,25,Female,Truck,82,No,Yes,No,Over Speeding,High,5.0
ACC36227,21-07-2023,08:13,Andhra Pradesh,Visakhapatnam,15.4677,79.7253,Village Road,Clear,Day,53,Male,Car,34,No,No,No,Signal Jumping,Low,1.0
ACC36228,10-05-2022,15:49,Andhra Pradesh,Guntur,15.9941,79.9164,National Highway,Clear,Day,35,Female,Car,77,No,No,No,Over Speeding,Medium,3.0
ACC36229,29-07-2024,07:53,Kerala,Kollam,11.5537,76.4234,City Road,Clear,Day,20,Male,Auto,47,No,No,No,Poor Weather Visibility,Low,0.0
ACC36230,22-12-2022,23:14,Kerala,Kozhikode,9.9484,76.2583,Village Road,Clear,Night,24,Male,Truck,62,Yes,No,No,Drunk Driving,Medium,1.0
ACC36231,05-09-2022,18:13,Kerala,Kollam,10.4922,75.7649,National Highway,Clear,Dusk,52,Male,Truck,66,No,No,No,Over Speeding,Medium,7.0
ACC36232,14-10-2024,14:09,Tamil Nadu,Tiruchirappalli,11.3191,78.7802,Expressway,Rainy,Day,39,Male,Auto,73,No,No,No,Poor Weather Visibility,Medium,2.0
ACC36233,20-11-2024,05:46,Tamil Nadu,Salem,10.8117,78.4149,National Highway,Clear,Dawn,43,Male,Car,79,No,No,No,Over Speeding,Low,1.0
ACC36234,26-05-2022,12:24,Kerala,Ernakulam,9.7538,75.5858,City Road,Clear,Day,53,Male,Bus,44,No,No,No,Signal Jumping,Low,1.0
ACC36235,19-11-2024,12:19,Telangana,Warangal,18.3611,79.4097,City Road,Clear,Day,49,Male,Truck,60,No,No,No,Signal Jumping,Low,4.0
ACC36236,21-01-2022,17:08,Andhra Pradesh,Kurnool,16.061,80.1859,Village Road,Clear,Dusk,39,Male,Auto,60,No,No,No,Signal Jumping,Medium,1.0
ACC36237,18-01-2023,08:12,Tamil Nadu,Salem,10.7312,79.1916,National Highway,Overcast,Day,55,Male,Car,84,No,No,No,Over Speeding,High,6.0
ACC36238,08-04-2022,11:34,Karnataka,Belagavi,15.507,75.6448,National Highway,Overcast,Day,39,Male,Car,53,No,No,No,Signal Jumping,Medium,2.0
ACC36239,31-10-2024,17:45,Telangana,Karimnagar,18.6096,79.4953,State Highway,Clear,Dusk,41,Female,Bus,74,No,No,No,Over Speeding,Medium,5.0
ACC36240,05-01-2023,17:18,Telangana,Karimnagar,18.6092,79.313,Village Road,Clear,Dusk,41,Male,Car,36,No,No,Yes,Pothole/Bad Road,Low,2.0
ACC36241,21-06-2022,19:12,Karnataka,Mangaluru,14.6999,75.4535,National Highway,Cloudy,Night,18,Female,Bike,63,No,No,No,Poor Weather Visibility,Medium,
ACC36242,15-12-2024,08:46,Andhra Pradesh,Vijayawada,15.6156,79.4466,Expressway,Clear,Day,48,Male,Bike,68,No,No,No,Signal Jumping,Medium,5.0
ACC36243,12-09-2022,15:23,Kerala,Thrissur,9.9374,76.4725,City Road,Clear,Day,26,Male,Truck,49,No,No,No,Signal Jumping,Low,0.0
ACC36244,29-11-2024,21:09,Telangana,Karimnagar,17.5121,79.1738,City Road,Rainy,Night,36,Male,Car,52,Yes,No,No,Poor Weather Visibility,Medium,2.0
ACC36245,10-07-2023,19:17,Karnataka,Belagavi,15.5813,76.4241,State Highway,Overcast,Night,39,Male,Bike,68,No,Yes,No,Drowsy Driving,Medium,5.0
ACC36246,08-01-2023,13:19,Telangana,Warangal,18.1178,79.2224,City Road,Clear,Day,51,Male,Car,60,No,No,No,Over Speeding,Low,0.0
ACC36247,26-11-2022,19:01,Tamil Nadu,Madurai,10.9665,78.4089,State Highway,Foggy,Night,33,Male,Car,50,No,No,No,Poor Weather Visibility,Low,1.0
ACC36248,01-12-2022,21:42,Tamil Nadu,Chennai,10.7655,78.3238,Village Road,Overcast,Night,57,Male,Bike,33,No,No,Yes,Pothole/Bad Road,Low,1.0
ACC36249,27-01-2024,20:47,Tamil Nadu,Madurai,11.2396,78.7042,State Highway,Clear,Night,25,Male,Truck,56,No,Yes,No,Drowsy Driving,Low,
ACC36250,19-04-2023,17:45,Kerala,Kollam,10.7035,76.1079,National Highway,Overcast,Dusk,45,Male,Bike,78,Yes,No,No,Drunk Driving,High,7.0
ACC36251,17-07-2022,08:24,Kerala,Kollam,9.6659,75.9711,State Highway,Cloudy,Day,44,Female,Car,73,No,Yes,No,Drowsy Driving,Medium,3.0
ACC36252,12-09-2023,02:50,Telangana,Hyderabad,17.331,78.8972,City Road,Overcast,Night,36,Male,Bike,39,Yes,No,No,Drunk Driving,Medium,1.0
ACC36253,12-09-2024,07:52,Telangana,Warangal,18.092,77.8002,National Highway,Rainy,Day,46,Male,Bike,73,No,No,Yes,Poor Weather Visibility,High,12.0
ACC36254,01-08-2023,13:25,Tamil Nadu,Madurai,11.1577,78.9707,State Highway,Overcast,Day,40,Male,Car,49,No,No,Yes,Pothole/Bad Road,Low,0.0
ACC36255,28-10-2023,22:33,Karnataka,Bengaluru Urban,15.0553,76.3065,National Highway,Clear,Night,29,Male,Auto,68,No,No,No,Signal Jumping,Medium,2.0
ACC36256,23-01-2024,14:00,Karnataka,Mysuru,15.7169,75.4052,State Highway,Overcast,Day,47,Male,Auto,70,No,No,No,Poor Weather Visibility,Medium,1.0
ACC36257,07-02-2022,00:25,Telangana,Nizamabad,17.6192,78.4133,Village Road,Rainy,Night,38,Male,Bike,29,No,Yes,No,Poor Weather Visibility,Low,0.0
ACC36258,05-06-2022,02:42,Andhra Pradesh,Nellore,16.2193,79.8896,State Highway,Cloudy,Night,31,Female,Auto,68,No,No,No,Poor Weather Visibility,Medium,1.0
ACC36259,26-07-2023,00:41,Andhra Pradesh,Kurnool,15.4648,80.256,City Road,Cloudy,Night,37,Male,Auto,49,No,No,No,Poor Weather Visibility,Low,1.0
ACC36260,04-11-2022,10:32,Puducherry,Puducherry,12.026,79.6075,City Road,Rainy,Day,60,Male,Bike,43,No,No,Yes,Poor Weather Visibility,Low,1.0
ACC36261,12-11-2023,18:01,Karnataka,Mangaluru,14.813,75.3362,City Road,Clear,Dusk,52,Male,Bike,33,No,No,No,Signal Jumping,Low,1.0
ACC36262,15-10-2022,22:06,Kerala,Ernakulam,10.2503,75.7766,City Road,Rainy,Night,34,Male,Auto,41,Yes,No,Yes,Poor Weather Visibility,Medium,3.0
ACC36263,29-09-2024,13:33,Telangana,Hyderabad,17.4898,79.079,City Road,Clear,Day,41,Male,Bike,27,No,No,No,Signal Jumping,Low,1.0
ACC36264,25-03-2022,17:53,Karnataka,Belagavi,15.584,76.0454,National Highway,Clear,Dusk,18,Male,Car,81,No,Yes,No,Over Speeding,High,7.0
ACC36265,27-03-2023,22:15,Karnataka,Mysuru,15.343,75.4442,Village Road,Rainy,Night,36,Female,Truck,57,No,Yes,No,Poor Weather Visibility,Medium,2.0
ACC36266,06-08-2024,04:04,Tamil Nadu,Tiruchirappalli,10.4465,78.2197,Expressway,Overcast,Night,42,Male,Bike,101,Yes,Yes,No,Over Speeding,High,5.0
ACC36267,02-01-2022,02:51,Karnataka,Mysuru,15.067,76.63,State Highway,Overcast,Night,51,Male,Auto,76,No,No,No,Over Speeding,Medium,1.0
ACC36268,03-12-2024,12:26,Tamil Nadu,Coimbatore,11.2049,78.709,State Highway,Rainy,Day,44,Male,Bike,72,No,No,No,Poor Weather Visibility,High,7.0
ACC36269,12-04-2022,07:25,Tamil Nadu,Coimbatore,11.6666,78.681,National Highway,Clear,Day,35,Male,Bike,51,Yes,No,No,Drunk Driving,Low,0.0
ACC36270,08-05-2024,11:01,Andhra Pradesh,Visakhapatnam,15.34,79.8129,Expressway,Clear,Day,30,Female,Truck,69,No,No,No,Over Speeding,Low,0.0
ACC36271,31-10-2024,18:48,Kerala,Ernakulam,10.9346,76.3941,State Highway,Cloudy,Dusk,39,Male,Bike,77,No,No,No,Over Speeding,Medium,
ACC36272,10-08-2024,16:04,Andhra Pradesh,Kurnool,15.273,79.2853,Village Road,Cloudy,Day,49,Male,Bike,44,No,Yes,Yes,Drowsy Driving,Low,1.0
ACC36273,12-09-2022,14:23,Telangana,Karimnagar,17.8083,79.1386,City Road,Clear,Day,41,Male,Bus,61,No,No,No,Over Speeding,Low,0.0
ACC36274,01-08-2024,19:25,Telangana,Khammam,18.4912,78.396,Expressway,Rainy,Night,60,Female,Car,114,Yes,No,Yes,Over Speeding,High,5.0
ACC36275,19-03-2022,09:07,Tamil Nadu,Chennai,11.0599,78.4746,Village Road,Clear,Day,38,Male,Bus,42,No,No,No,Signal Jumping,Low,0.0
ACC36276,20-05-2023,18:35,Tamil Nadu,Chennai,12.0012,78.4048,Village Road,Cloudy,Dusk,46,Male,Bike,60,No,No,No,Poor Weather Visibility,Low,4.0
ACC36277,10-09-2023,08:06,Karnataka,Belagavi,15.4502,75.8024,Expressway,Rainy,Day,37,Male,Car,83,No,No,No,Poor Weather Visibility,High,6.0
ACC36278,16-01-2022,15:28,Andhra Pradesh,Kurnool,15.4504,79.6898,State Highway,Clear,Day,42,Male,Car,85,Yes,No,No,Drunk Driving,Medium,3.0
ACC36279,26-08-2023,13:01,Kerala,Kozhikode,9.7826,76.2387,City Road,Rainy,Day,38,Male,Bike,33,No,No,No,Poor Weather Visibility,Low,0.0
ACC36280,01-05-2023,06:21,Tamil Nadu,Chennai,11.4183,79.1976,State Highway,Clear,Day,38,Male,Car,64,No,No,No,Over Speeding,Low,1.0
ACC36281,21-10-2024,16:59,Karnataka,Mangaluru,15.3214,76.2101,City Road,Overcast,Day,44,Female,Bike,60,No,No,No,Poor Weather Visibility,Medium,3.0
ACC36282,04-08-2022,12:16,Tamil Nadu,Salem,10.8711,78.2726,Village Road,Rainy,Day,18,Male,Bike,45,No,No,No,Poor Weather Visibility,High,4.0
ACC36283,03-10-2023,00:31,Kerala,Kozhikode,10.0925,76.1833,State Highway,Foggy,Night,27,Male,Car,72,No,No,No,Poor Weather Visibility,Medium,3.0
ACC36284,09-03-2024,16:13,Kerala,Kollam,10.3153,75.4517,City Road,Clear,Day,53,Male,Auto,53,No,No,No,Signal Jumping,Low,0.0
ACC36285,20-02-2022,20:49,Tamil Nadu,Coimbatore,10.971,78.4992,Expressway,Foggy,Night,47,Male,Car,75,No,No,No,Poor Weather Visibility,High,4.0
ACC36286,03-07-2023,22:31,Puducherry,Karaikal,11.5465,80.3808,Village Road,Rainy,Night,18,Male,Auto,41,No,Yes,No,Poor Weather Visibility,Medium,
ACC36287,23-01-2023,21:37,Karnataka,Belagavi,15.2119,76.2124,National Highway,Clear,Night,40,Male,Auto,72,No,No,No,Over Speeding,Medium,1.0
ACC36288,22-05-2022,07:52,Kerala,Ernakulam,10.5567,76.6364,National Highway,Clear,Day,46,Male,Truck,98,Yes,No,Yes,Over Speeding,High,5.0
ACC36289,02-07-2024,04:05,Tamil Nadu,Chennai,10.8806,77.8928,City Road,Foggy,Night,48,Male,Bus,71,Yes,No,No,Poor Weather Visibility,High,5.0
ACC36290,28-05-2023,23:31,Tamil Nadu,Salem,10.6698,78.7549,State Highway,Clear,Night,55,Female,Car,52,No,No,Yes,Pothole/Bad Road,Low,0.0
ACC36291,27-11-2023,08:59,Karnataka,Mangaluru,15.0522,76.6352,National Highway,Rainy,Day,18,Male,Bike,79,No,No,No,Poor Weather Visibility,High,4.0
ACC36292,28-12-2022,01:11,Andhra Pradesh,Guntur,16.2776,80.0552,Expressway,Rainy,Night,34,Male,Car,77,No,Yes,No,Poor Weather Visibility,High,1.0
ACC36293,18-09-2023,12:04,Kerala,Thiruvananthapuram,10.5846,76.4612,National Highway,Clear,Day,37,Female,Car,69,Yes,No,No,Drunk Driving,Medium,1.0
ACC36294,03-12-2024,08:23,Tamil Nadu,Madurai,10.3559,78.4808,City Road,Rainy,Day,25,Male,Car,46,No,No,Yes,Poor Weather Visibility,Low,0.0
ACC36295,12-07-2024,09:16,Andhra Pradesh,Guntur,16.6076,79.9722,City Road,Cloudy,Day,50,Male,Bike,70,No,No,No,Poor Weather Visibility,Low,1.0
ACC36296,01-01-2024,10:29,Telangana,Nizamabad,17.5008,79.7779,State Highway,Clear,Day,43,Male,Bike,54,No,No,No,Signal Jumping,Low,1.0
ACC36297,20-01-2022,08:36,Karnataka,Belagavi,15.8825,76.5768,City Road,Cloudy,Day,28,Male,Bike,51,No,No,No,Poor Weather Visibility,Low,0.0
ACC36298,18-02-2023,12:43,Tamil Nadu,Salem,11.3686,78.2729,Expressway,Clear,Day,40,Male,Bike,83,No,No,No,Over Speeding,Low,1.0
ACC36299,09-07-2022,09:58,Tamil Nadu,Madurai,10.9772,78.8494,State Highway,Cloudy,Day,28,Male,Bike,49,No,No,No,Poor Weather Visibility,Low,1.0
ACC36300,05-04-2022,05:58,Tamil Nadu,Madurai,10.9102,78.0734,State Highway,Clear,Dawn,20,Female,Bus,89,Yes,No,No,Over Speeding,High,4.0
ACC36301,18-03-2022,20:57,Karnataka,Mysuru,15.4464,75.7252,National Highway,Cloudy,Night,51,Male,Bike,73,Yes,No,No,Drunk Driving,High,8.0
ACC36302,25-10-2022,10:22,Kerala,Kollam,10.2171,75.9958,City Road,Clear,Day,59,Male,Car,40,No,No,No,Signal Jumping,Low,0.0
ACC36303,13-06-2024,07:05,Tamil Nadu,Madurai,10.7634,78.2016,Village Road,Rainy,Day,36,Female,Car,44,No,No,No,Poor Weather Visibility,Low,1.0
ACC36304,12-07-2022,17:25,Tamil Nadu,Chennai,11.002,78.1215,National Highway,Clear,Dusk,40,Female,Truck,74,No,No,No,Over Speeding,Low,1.0
ACC36305,30-10-2023,16:03,Telangana,Khammam,18.0634,78.3149,Village Road,Clear,Day,34,Male,Auto,30,No,No,No,Poor Weather Visibility,Low,1.0
ACC36306,09-06-2023,15:30,Tamil Nadu,Chennai,10.6114,78.1033,Expressway,Rainy,Day,32,Female,Bike,86,No,No,No,Poor Weather Visibility,High,7.0
ACC36307,29-09-2022,07:15,Telangana,Warangal,17.7781,79.4972,Village Road,Overcast,Day,53,Female,Bike,54,No,No,Yes,Pothole/Bad Road,Low,0.0
ACC36308,28-10-2023,18:16,Telangana,Warangal,17.7623,79.1889,City Road,Clear,Dusk,18,Male,Bike,29,No,No,No,Signal Jumping,Low,2.0
ACC36309,12-04-2022,20:58,Andhra Pradesh,Nellore,16.026,79.8202,Village Road,Rainy,Night,18,Male,Bus,43,Yes,No,No,Poor Weather Visibility,High,10.0
ACC36310,14-12-2022,11:37,Kerala,Thiruvananthapuram,9.9502,76.2667,Village Road,Clear,Day,31,Male,Bike,46,No,No,No,Poor Weather Visibility,Low,0.0
ACC36311,05-01-2022,19:23,Andhra Pradesh,Guntur,16.0104,79.7434,City Road,Overcast,Night,64,Male,Bike,55,No,Yes,No,Drowsy Driving,Medium,1.0
ACC36312,23-05-2023,17:55,Telangana,Nizamabad,18.1805,78.6765,National Highway,Overcast,Dusk,41,Male,Car,59,No,No,No,Poor Weather Visibility,Medium,1.0
ACC36313,26-07-2022,07:53,Telangana,Nizamabad,18.1496,78.8383,National Highway,Clear,Day,27,Male,Bike,86,No,No,No,Over Speeding,High,11.0
ACC36314,25-05-2023,10:03,Telangana,Nizamabad,17.9607,79.7358,State Highway,Clear,Day,50,Male,Bike,65,No,No,No,Signal Jumping,Low,0.0
ACC36315,18-02-2024,21:13,Karnataka,Mysuru,14.8089,75.9105,National Highway,Clear,Night,35,Male,Bike,69,No,No,No,Signal Jumping,Low,0.0
ACC36316,11-07-2023,14:12,Kerala,Ernakulam,10.0629,76.5799,State Highway,Rainy,Day,27,Male,Bus,67,No,No,No,Poor Weather Visibility,Medium,3.0
ACC36317,11-05-2023,08:42,Karnataka,Bengaluru Urban,14.9626,75.8199,Expressway,Cloudy,Day,19,Male,Truck,77,No,No,No,Over Speeding,Medium,2.0
ACC36318,06-04-2023,08:18,Telangana,Nizamabad,18.4461,79.2713,Village Road,Clear,Day,24,Male,Car,58,No,No,No,Signal Jumping,Low,0.0
ACC36319,10-01-2024,14:08,Tamil Nadu,Chennai,10.6794,79.0633,State Highway,Cloudy,Day,27,Female,Bike,94,Yes,No,Yes,Over Speeding,High,5.0
ACC36320,04-12-2024,21:36,Karnataka,Hubballi,15.8918,76.1451,Expressway,Clear,Night,33,Male,Auto,92,No,No,No,Over Speeding,High,7.0
ACC36321,02-07-2023,17:20,Tamil Nadu,Tiruchirappalli,10.9153,79.0713,State Highway,Clear,Dusk,48,Female,Auto,84,No,No,No,Over Speeding,Medium,3.0
ACC36322,16-12-2024,14:26,Tamil Nadu,Coimbatore,10.6211,78.8472,Village Road,Clear,Day,22,Female,Car,56,No,No,No,Poor Weather Visibility,Low,0.0
ACC36323,01-09-2024,14:51,Telangana,Khammam,17.9095,78.4046,State Highway,Clear,Day,50,Male,Car,73,No,No,No,Over Speeding,Low,1.0
ACC36324,16-02-2022,00:16,Andhra Pradesh,Vijayawada,16.0785,79.716,Village Road,Cloudy,Night,37,Female,Auto,34,No,No,Yes,Pothole/Bad Road,Medium,3.0
ACC36325,25-09-2022,13:04,Tamil Nadu,Salem,11.1087,78.8492,Village Road,Foggy,Day,38,Male,Bike,43,No,No,Yes,Poor Weather Visibility,Medium,2.0
ACC36326,19-03-2023,22:26,Telangana,Warangal,18.1606,78.9133,City Road,Cloudy,Night,31,Male,Bike,51,Yes,No,No,Drunk Driving,High,5.0
ACC36327,05-07-2024,12:22,Telangana,Hyderabad,17.5327,78.9608,Expressway,Clear,Day,52,Female,Car,109,No,No,No,Over Speeding,High,7.0
ACC36328,25-11-2022,06:48,Andhra Pradesh,Visakhapatnam,15.381,79.2567,City Road,Rainy,Day,55,Female,Auto,53,No,No,No,Poor Weather Visibility,Low,0.0
ACC36329,07-05-2024,07:20,Andhra Pradesh,Vijayawada,15.9005,79.9245,Village Road,Clear,Day,46,Male,Car,23,No,No,No,Poor Weather Visibility,Low,0.0
ACC36330,26-05-2024,00:49,Kerala,Kozhikode,9.1929,76.1814,City Road,Clear,Night,51,Male,Bike,50,No,No,Yes,Pothole/Bad Road,Medium,3.0
ACC36331,12-06-2022,06:57,Kerala,Kollam,10.3806,76.0088,State Highway,Rainy,Day,63,Male,Bike,68,No,No,No,Poor Weather Visibility,Medium,0.0
ACC36332,21-03-2023,05:28,Karnataka,Mangaluru,15.2782,76.1474,Expressway,Clear,Dawn,23,Female,Bike,88,No,No,No,Over Speeding,Medium,2.0
ACC36333,11-01-2022,15:19,Telangana,Nizamabad,17.7517,79.0375,Village Road,Clear,Day,44,Male,Auto,39,No,No,No,Signal Jumping,Low,2.0
ACC36334,26-08-2023,13:00,Puducherry,Karaikal,13.2132,79.8778,Village Road,Cloudy,Day,54,Female,Car,54,No,No,Yes,Pothole/Bad Road,Medium,2.0
ACC36335,29-03-2023,05:41,Karnataka,Mysuru,15.3719,76.3624,City Road,Rainy,Dawn,47,Male,Car,38,No,No,No,Poor Weather Visibility,Low,1.0
ACC36336,19-09-2023,15:53,Karnataka,Mysuru,15.1944,76.2054,National Highway,Clear,Day,29,Male,Auto,77,No,No,No,Over Speeding,High,6.0
ACC36337,01-12-2024,18:45,Andhra Pradesh,Kurnool,15.8221,79.8284,State Highway,Cloudy,Dusk,42,Male,Bike,66,Yes,No,No,Drunk Driving,Medium,1.0
ACC36338,10-03-2023,15:30,Tamil Nadu,Coimbatore,11.3,78.7379,National Highway,Clear,Day,39,Female,Bus,56,No,No,No,Poor Weather Visibility,Low,0.0
ACC36339,23-06-2024,12:30,Telangana,Nizamabad,17.7215,78.678,City Road,Rainy,Day,53,Male,Bus,61,No,No,No,Poor Weather Visibility,Medium,3.0
ACC36340,11-09-2024,03:38,Tamil Nadu,Salem,10.8229,79.167,National Highway,Rainy,Night,41,Male,Car,66,No,Yes,No,Poor Weather Visibility,High,
ACC36341,13-03-2024,14:11,Karnataka,Bengaluru Urban,16.2161,75.4391,City Road,Rainy,Day,24,Female,Car,50,No,No,No,Poor Weather Visibility,Medium,
ACC36342,25-08-2023,02:20,Tamil Nadu,Coimbatore,10.4037,78.9716,Expressway,Cloudy,Night,58,Female,Bike,87,No,No,No,Over Speeding,Medium,3.0
ACC36343,21-11-2022,20:23,Andhra Pradesh,Kurnool,16.0856,79.4081,City Road,Clear,Night,46,Male,Car,50,No,No,No,Poor Weather Visibility,Low,1.0
ACC36344,30-11-2024,13:07,Andhra Pradesh,Visakhapatnam,15.7932,79.1932,City Road,Cloudy,Day,32,Male,Car,58,No,No,No,Poor Weather Visibility,Low,0.0
ACC36345,10-07-2023,18:42,Karnataka,Bengaluru Urban,15.4055,75.9178,Village Road,Clear,Dusk,42,Male,Car,45,No,No,No,Signal Jumping,Low,1.0
ACC36346,04-03-2024,21:43,Karnataka,Hubballi,15.2931,75.5234,National Highway,Cloudy,Night,54,Male,Car,83,Yes,No,No,Drunk Driving,High,3.0
ACC36347,02-06-2022,09:50,Telangana,Hyderabad,17.7574,79.6892,National Highway,Clear,Day,48,Female,Car,75,No,No,No,Over Speeding,Medium,2.0
ACC36348,19-07-2022,15:49,Andhra Pradesh,Guntur,16.678,79.9505,State Highway,Clear,Day,18,Male,Bus,41,No,No,No,Poor Weather Visibility,Low,0.0
ACC36349,24-08-2022,18:31,Karnataka,Belagavi,14.6215,75.5429,Expressway,Cloudy,Dusk,37,Male,Car,57,No,No,No,Poor Weather Visibility,Medium,4.0
ACC36350,06-09-2022,08:41,Tamil Nadu,Salem,10.7337,78.8984,City Road,Clear,Day,34,Male,Bike,52,No,No,Yes,Pothole/Bad Road,Low,0.0
ACC36351,30-10-2023,21:45,Tamil Nadu,Chennai,11.3668,78.3787,Village Road,Clear,Night,33,Male,Truck,53,No,Yes,Yes,Drowsy Driving,Medium,0.0
ACC36352,15-10-2023,14:46,Tamil Nadu,Tiruchirappalli,10.6155,78.6612,National Highway,Foggy,Day,47,Female,Car,70,No,No,No,Poor Weather Visibility,High,4.0
ACC36353,06-01-2024,08:43,Andhra Pradesh,Guntur,15.5596,79.6928,City Road,Cloudy,Day,38,Male,Bike,53,No,No,No,Poor Weather Visibility,Low,0.0
ACC36354,07-01-2023,12:46,Kerala,Ernakulam,10.6378,76.683,Village Road,Overcast,Day,22,Male,Car,56,No,No,No,Signal Jumping,Medium,2.0
ACC36355,07-07-2022,22:09,Kerala,Kollam,10.7135,75.8892,National Highway,Rainy,Night,18,Male,Bike,63,No,No,No,Poor Weather Visibility,High,4.0
ACC36356,23-05-2024,03:50,Andhra Pradesh,Guntur,16.2702,79.7657,City Road,Overcast,Night,18,Male,Auto,36,No,No,No,Poor Weather Visibility,Low,3.0
ACC36357,23-11-2023,07:04,Tamil Nadu,Chennai,10.6317,78.7692,Expressway,Foggy,Day,37,Male,Truck,50,No,No,Yes,Poor Weather Visibility,Medium,1.0
ACC36358,31-12-2022,09:08,Andhra Pradesh,Kurnool,16.1349,79.7891,City Road,Rainy,Day,30,Male,Car,48,No,No,No,Poor Weather Visibility,Low,1.0
ACC36359,12-07-2022,19:01,Andhra Pradesh,Visakhapatnam,16.24,80.0914,City Road,Clear,Night,42,Female,Truck,88,Yes,No,Yes,Over Speeding,High,4.0
ACC36360,11-10-2024,12:34,Karnataka,Mangaluru,14.9343,75.4133,City Road,Rainy,Day,46,Male,Truck,44,No,No,No,Poor Weather Visibility,Low,1.0
ACC36361,07-05-2024,10:39,Telangana,Warangal,17.5093,79.2201,National Highway,Clear,Day,28,Male,Bike,51,No,No,Yes,Pothole/Bad Road,Low,2.0
ACC36362,24-09-2023,19:01,Telangana,Hyderabad,17.7158,79.0435,City Road,Clear,Night,42,Male,Bus,40,No,No,Yes,Pothole/Bad Road,Low,0.0
ACC36363,26-07-2022,19:13,Kerala,Ernakulam,11.0408,76.0137,Village Road,Cloudy,Night,43,Male,Bike,39,No,No,No,Poor Weather Visibility,Low,0.0
ACC36364,10-02-2023,16:10,Karnataka,Belagavi,15.6216,76.1259,Expressway,Rainy,Day,32,Female,Bike,79,Yes,No,No,Poor Weather Visibility,High,10.0
ACC36365,08-06-2024,06:13,Andhra Pradesh,Visakhapatnam,15.1726,79.9686,Expressway,Cloudy,Day,18,Male,Car,92,Yes,No,Yes,Over Speeding,High,8.0
ACC36366,03-07-2024,14:02,Kerala,Kozhikode,9.2959,75.723,National Highway,Clear,Day,39,Male,Bike,68,No,No,No,Over Speeding,Low,0.0
ACC36367,09-10-2023,02:40,Karnataka,Mangaluru,15.5311,75.421,City Road,Clear,Night,53,Male,Bike,68,No,No,No,Over Speeding,Medium,0.0
ACC36368,24-02-2023,12:17,Telangana,Warangal,17.6608,78.4709,Village Road,Rainy,Day,43,Male,Bike,40,No,No,Yes,Poor Weather Visibility,Low,1.0
ACC36369,27-11-2024,19:11,Andhra Pradesh,Vijayawada,16.1299,79.7145,State Highway,Clear,Night,39,Male,Car,58,No,No,No,Poor Weather Visibility,Low,1.0
ACC36370,07-06-2022,15:09,Andhra Pradesh,Visakhapatnam,16.0588,79.5191,State Highway,Clear,Day,29,Male,Bike,45,No,No,No,Poor Weather Visibility,Low,0.0
ACC36371,27-12-2022,16:29,Tamil Nadu,Chennai,10.9421,78.0658,City Road,Clear,Day,37,Male,Bike,68,No,No,Yes,Pothole/Bad Road,Low,0.0
ACC36372,28-04-2023,23:30,Andhra Pradesh,Nellore,15.8652,80.0705,City Road,Rainy,Night,25,Male,Bike,61,No,No,Yes,Poor Weather Visibility,High,6.0
ACC36373,14-07-2024,08:31,Kerala,Kozhikode,10.5196,76.7903,City Road,Rainy,Day,46,Female,Bike,52,No,No,No,Poor Weather Visibility,Medium,3.0
ACC36374,28-08-2024,20:37,Kerala,Thrissur,10.9171,75.5779,Village Road,Overcast,Night,43,Female,Truck,45,No,Yes,No,Drowsy Driving,Medium,2.0
ACC36375,08-07-2022,12:50,Kerala,Thrissur,10.3832,76.7649,City Road,Overcast,Day,47,Male,Bike,45,No,No,No,Poor Weather Visibility,Low,1.0
ACC36376,22-10-2023,05:15,Andhra Pradesh,Nellore,15.8165,80.0024,City Road,Rainy,Dawn,40,Male,Auto,51,No,No,Yes,Poor Weather Visibility,Low,1.0
ACC36377,04-11-2024,14:27,Telangana,Khammam,18.0706,78.7538,City Road,Rainy,Day,59,Male,Bus,22,No,No,Yes,Poor Weather Visibility,Low,2.0
ACC36378,09-02-2023,00:29,Karnataka,Hubballi,15.8786,75.4067,Village Road,Rainy,Night,54,Female,Bus,60,No,Yes,No,Poor Weather Visibility,Medium,2.0