Accident_ID,Date,Time,State,District,Latitude,Longitude,Road_Type,Weather,Light_Condition,Driver_Age,Driver_Gender,Vehicle_Type,Speed_kmph,Alcohol_Involved,Driver_Drowsy,Pothole_Involved,Cause_of_Accident,Severity,Casualties
ACC36379,18-01-2023,15:58,Kerala,Kollam,10.4921,76.2309,City Road,Overcast,Day,18,Male,Car,48,No,No,Yes,Pothole/Bad Road,Medium,5.0
ACC36380,06-01-2022,04:39,Tamil Nadu,Coimbatore,11.032,77.9295,Village Road,Overcast,Night,18,Male,Bike,69,Yes,No,Yes,Drunk Driving,High,8.0
ACC36381,09-02-2024,06:07,Tamil Nadu,Coimbatore,10.2218,78.1004,National Highway,Cloudy,Day,28,Male,Auto,72,No,No,No,Poor Weather Visibility,High,7.0
ACC36382,27-04-2022,19:08,Kerala,Thiruvananthapuram,10.4433,76.2439,Expressway,Rainy,Night,30,Male,Car,109,Yes,No,No,Over Speeding,High,3.0
ACC36383,24-11-2022,13:04,Andhra Pradesh,Vijayawada,15.9735,80.5367,National Highway,Rainy,Day,45,Male,Bike,75,No,No,No,Poor Weather Visibility,Medium,3.0
ACC36384,01-11-2023,18:40,Tamil Nadu,Salem,10.5535,78.6977,Village Road,Foggy,Dusk,44,Female,Bus,45,No,No,No,Poor Weather Visibility,Medium,2.0
ACC36385,24-06-2024,10:09,Tamil Nadu,Madurai,11.206,78.7468,City Road,Clear,Day,36,Male,Bike,31,No,No,No,Signal Jumping,Low,1.0
ACC36386,03-07-2023,11:07,Tamil Nadu,Coimbatore,11.0852,78.4593,City Road,Rainy,Day,36,Male,Car,38,No,Yes,Yes,Poor Weather Visibility,Low,2.0
ACC36387,20-09-2022,20:25,Karnataka,Mangaluru,15.8493,75.6947,Village Road,Rainy,Night,26,Male,Car,33,No,No,No,Poor Weather Visibility,Low,1.0
ACC36388,21-06-2023,05:00,Telangana,Hyderabad,17.6264,79.429,National Highway,Cloudy,Dawn,18,Male,Car,100,Yes,Yes,No,Over Speeding,High,6.0
ACC36389,05-05-2022,17:35,Puducherry,Puducherry,11.4789,79.3749,City Road,Clear,Dusk,35,Male,Truck,44,No,No,No,Signal Jumping,Low,0.0
ACC36390,14-03-2024,07:18,Telangana,Nizamabad,17.7226,79.1589,State Highway,Rainy,Day,47,Male,Car,76,No,No,No,Poor Weather Visibility,Medium,1.0
ACC36391,26-07-2023,14:39,Andhra Pradesh,Nellore,15.2137,79.3339,City Road,Rainy,Day,42,Male,Bike,48,No,No,Yes,Poor Weather Visibility,Medium,3.0
ACC36392,12-04-2024,23:23,Karnataka,Bengaluru Urban,14.9494,75.4197,Village Road,Overcast,Night,32,Female,Car,35,Yes,No,No,Drunk Driving,Low,0.0
ACC36393,07-05-2024,06:34,Kerala,Kollam,10.725,76.7195,National Highway,Cloudy,Day,28,Male,Bike,73,No,No,Yes,Pothole/Bad Road,Medium,2.0
ACC36394,03-06-2024,07:39,Telangana,Warangal,17.8966,79.4673,Village Road,Cloudy,Day,42,Male,Bike,29,No,No,No,Poor Weather Visibility,Low,0.0
ACC36395,02-03-2023,20:59,Kerala,Thrissur,9.9721,75.9718,City Road,Foggy,Night,51,Male,Bike,72,Yes,Yes,No,Poor Weather Visibility,High,6.0
ACC36396,07-10-2024,19:07,Tamil Nadu,Salem,11.0857,78.6439,Village Road,Overcast,Night,33,Male,Bus,50,Yes,No,No,Drunk Driving,Medium,1.0
ACC36397,08-08-2024,18:59,Karnataka,Mysuru,14.539,75.5472,Village Road,Clear,Dusk,56,Male,Auto,41,No,No,Yes,Pothole/Bad Road,Low,0.0
ACC36398,24-02-2022,11:34,Andhra Pradesh,Nellore,15.8327,80.0991,Village Road,Cloudy,Day,18,Male,Bus,39,No,Yes,No,Drowsy Driving,Medium,0.0
ACC36399,22-05-2022,08:51,Kerala,Kozhikode,10.1282,76.8685,National Highway,Rainy,Day,26,Female,Car,68,No,No,No,Poor Weather Visibility,Medium,2.0
ACC36400,22-01-2024,18:09,Telangana,Khammam,18.0963,78.9676,Village Road,Clear,Dusk,73,Female,Car,37,No,No,No,Signal Jumping,Low,0.0
ACC36401,06-06-2022,07:23,Andhra Pradesh,Kurnool,16.1866,80.2089,National Highway,Cloudy,Day,36,Female,Bike,66,No,No,No,Poor Weather Visibility,Medium,3.0
ACC36402,10-10-2022,13:58,Andhra Pradesh,Nellore,15.8208,79.7835,National Highway,Clear,Day,45,Male,Bike,67,No,Yes,No,Drowsy Driving,Medium,4.0
ACC36403,16-10-2023,21:21,Tamil Nadu,Salem,11.3315,78.7523,Village Road,Foggy,Night,39,Male,Bus,49,No,No,No,Poor Weather Visibility,Low,0.0
ACC36404,25-06-2023,12:55,Andhra Pradesh,Nellore,15.7133,79.6981,National Highway,Rainy,Day,42,Male,Car,69,No,No,Yes,Poor Weather Visibility,High,7.0
ACC36405,04-01-2022,19:42,Tamil Nadu,Tiruchirappalli,11.2431,78.0624,City Road,Foggy,Night,27,Female,Car,41,Yes,No,Yes,Poor Weather Visibility,High,9.0
ACC36406,16-07-2024,10:16,Karnataka,Hubballi,15.8244,76.4261,Village Road,Rainy,Day,51,Male,Bike,53,No,No,No,Poor Weather Visibility,Low,0.0
ACC36407,27-01-2022,02:39,Karnataka,Hubballi,14.9624,75.4488,City Road,Clear,Night,46,Male,Bike,58,No,Yes,Yes,Drowsy Driving,Medium,0.0
ACC36408,13-02-2022,19:57,Kerala,Thiruvananthapuram,10.8181,76.6327,Expressway,Clear,Night,49,Male,Auto,95,No,Yes,No,Over Speeding,High,4.0
ACC36409,04-02-2024,18:52,Andhra Pradesh,Guntur,15.7136,79.415,State Highway,Clear,Dusk,18,Male,Auto,49,No,No,No,Poor Weather Visibility,Medium,1.0
ACC36410,02-02-2023,09:30,Karnataka,Mysuru,15.3668,76.0381,National Highway,Clear,Day,40,Female,Bike,61,No,No,No,Signal Jumping,Low,1.0
ACC36411,02-11-2023,15:01,Telangana,Khammam,17.7947,78.5458,City Road,Cloudy,Day,23,Male,Bike,50,No,No,No,Poor Weather Visibility,Medium,3.0
ACC36412,06-04-2024,09:30,Karnataka,Belagavi,15.6095,75.3876,City Road,Clear,Day,24,Male,Car,72,Yes,No,No,Drunk Driving,Medium,3.0
ACC36413,02-10-2022,19:57,Andhra Pradesh,Vijayawada,15.0097,79.8939,Expressway,Rainy,Night,74,Male,Bike,86,Yes,Yes,No,Poor Weather Visibility,High,5.0
ACC36414,10-08-2024,19:48,Andhra Pradesh,Guntur,16.7592,79.3775,Village Road,Clear,Night,33,Female,Truck,22,No,No,No,Signal Jumping,Low,0.0
ACC36415,26-08-2022,06:23,Karnataka,Hubballi,14.6818,76.1167,Village Road,Overcast,Day,37,Female,Bus,38,No,No,Yes,Pothole/Bad Road,Low,0.0
ACC36416,20-03-2023,17:50,Telangana,Karimnagar,18.0856,78.3949,National Highway,Overcast,Dusk,55,Female,Bus,68,No,No,No,Poor Weather Visibility,Medium,1.0
ACC36417,21-02-2023,09:42,Telangana,Khammam,18.2039,79.4442,City Road,Clear,Day,54,Male,Auto,48,No,No,No,Signal Jumping,Low,1.0
ACC36418,23-06-2022,08:13,Karnataka,Mangaluru,15.7331,75.8803,City Road,Overcast,Day,38,Male,Car,32,No,No,No,Poor Weather Visibility,Low,1.0
ACC36419,28-08-2024,13:45,Kerala,Ernakulam,10.138,76.9173,City Road,Rainy,Day,18,Male,Bike,73,No,No,No,Poor Weather Visibility,Medium,2.0
ACC36420,28-06-2024,14:38,Kerala,Thiruvananthapuram,9.5663,75.9087,State Highway,Clear,Day,27,Female,Bike,73,No,No,Yes,Pothole/Bad Road,Medium,3.0
ACC36421,23-09-2023,14:06,Tamil Nadu,Madurai,10.7944,78.4879,Village Road,Clear,Day,31,Male,Bike,48,No,No,No,Poor Weather Visibility,Low,2.0
ACC36422,16-07-2024,06:32,Kerala,Kozhikode,10.6343,76.4127,Village Road,Cloudy,Day,56,Male,Auto,39,No,No,No,Poor Weather Visibility,Low,2.0
ACC36423,24-11-2024,07:50,Andhra Pradesh,Guntur,15.3294,79.6049,National Highway,Foggy,Day,34,Female,Car,73,No,No,No,Poor Weather Visibility,High,7.0
ACC36424,23-10-2022,22:40,Tamil Nadu,Coimbatore,11.2179,78.6809,City Road,Clear,Night,51,Male,Car,39,No,No,No,Poor Weather Visibility,Low,0.0
ACC36425,27-09-2024,11:11,Kerala,Ernakulam,10.4373,76.5959,National Highway,Clear,Day,27,Male,Car,89,Yes,No,No,Over Speeding,High,
ACC36426,21-06-2022,10:30,Andhra Pradesh,Guntur,15.1974,80.0726,National Highway,Cloudy,Day,50,Female,Bus,63,No,No,No,Poor Weather Visibility,Low,1.0
ACC36427,26-02-2022,16:41,Andhra Pradesh,Guntur,15.4252,79.5448,City Road,Clear,Day,39,Male,Car,50,No,No,Yes,Pothole/Bad Road,Low,0.0
ACC36428,26-03-2023,19:16,Kerala,Thrissur,9.6783,76.3811,Expressway,Cloudy,Night,19,Male,Bike,76,No,No,No,Over Speeding,High,2.0
ACC36429,18-06-2024,08:07,Karnataka,Hubballi,15.2168,75.8602,City Road,Rainy,Day,55,Male,Auto,49,No,No,No,Poor Weather Visibility,Low,1.0
ACC36430,19-06-2024,18:00,Kerala,Kozhikode,10.6579,76.5248,City Road,Cloudy,Dusk,31,Male,Truck,44,No,No,No,Signal Jumping,Low,1.0
ACC36431,23-10-2024,03:25,Karnataka,Belagavi,15.8306,75.8934,State Highway,Clear,Night,24,Female,Bike,45,Yes,No,No,Drunk Driving,Medium,3.0
ACC36432,17-05-2024,17:53,Kerala,Kollam,10.2551,76.2842,Village Road,Rainy,Dusk,51,Male,Car,52,No,No,Yes,Poor Weather Visibility,Low,0.0
ACC36433,11-08-2023,11:02,Tamil Nadu,Chennai,11.2638,78.5803,National Highway,Overcast,Day,19,Male,Auto,57,No,No,No,Poor Weather Visibility,Medium,0.0
ACC36434,09-03-2022,17:33,Telangana,Khammam,18.3468,78.7924,City Road,Rainy,Dusk,29,Male,Car,20,No,No,No,Poor Weather Visibility,Low,2.0
ACC36435,07-03-2023,09:23,Telangana,Warangal,17.8008,78.8619,Expressway,Cloudy,Day,26,Male,Car,100,Yes,No,Yes,Over Speeding,High,3.0
ACC36436,12-02-2022,11:14,Kerala,Thiruvananthapuram,9.8053,76.2172,National Highway,Cloudy,Day,30,Male,Bus,61,No,No,No,Poor Weather Visibility,Low,
ACC36437,15-02-2023,18:23,Karnataka,Mangaluru,15.0377,75.4014,City Road,Clear,Dusk,40,Male,Bike,50,No,No,No,Poor Weather Visibility,Low,0.0
ACC36438,07-06-2022,18:01,Karnataka,Belagavi,15.6704,74.9643,Village Road,Clear,Dusk,60,Male,Car,33,No,No,Yes,Pothole/Bad Road,Low,0.0
ACC36439,09-06-2022,07:30,Tamil Nadu,Tiruchirappalli,10.9776,78.6111,Village Road,Clear,Day,28,Male,Car,56,No,No,No,Signal Jumping,Low,0.0
ACC36440,09-06-2024,10:02,Karnataka,Hubballi,15.3895,75.8244,City Road,Rainy,Day,34,Male,Bike,46,No,No,No,Poor Weather Visibility,Low,0.0
ACC36441,03-06-2024,06:51,Karnataka,Hubballi,15.373,76.381,Village Road,Clear,Day,45,Male,Car,58,No,No,No,Poor Weather Visibility,Low,1.0
ACC36442,24-08-2024,18:22,Kerala,Kollam,9.7357,75.8115,State Highway,Clear,Dusk,18,Male,Bus,56,No,No,No,Poor Weather Visibility,Low,1.0
ACC36443,30-04-2022,15:38,Telangana,Warangal,17.8401,78.872,City Road,Clear,Day,24,Male,Bus,49,Yes,Yes,No,Drunk Driving,Medium,2.0
ACC36444,06-09-2024,08:25,Telangana,Khammam,17.2084,79.1408,Expressway,Cloudy,Day,59,Male,Auto,96,No,No,No,Over Speeding,High,8.0
ACC36445,09-02-2024,23:45,Andhra Pradesh,Visakhapatnam,16.2243,79.0986,State Highway,Overcast,Night,41,Male,Bike,58,Yes,No,No,Drunk Driving,Medium,3.0
ACC36446,11-11-2023,06:21,Kerala,Thiruvananthapuram,10.0508,76.6392,Village Road,Overcast,Day,41,Male,Truck,39,No,No,Yes,Pothole/Bad Road,Low,1.0
ACC36447,22-09-2024,07:37,Telangana,Karimnagar,18.0358,79.2342,Expressway,Rainy,Day,21,Male,Bike,56,No,No,No,Poor Weather Visibility,High,7.0
ACC36448,11-01-2023,16:12,Telangana,Hyderabad,17.3609,78.2966,City Road,Rainy,Day,59,Male,Truck,43,No,No,No,Poor Weather Visibility,Low,1.0
ACC36449,19-12-2023,17:05,Kerala,Kozhikode,11.0586,76.2812,City Road,Overcast,Dusk,33,Male,Truck,28,No,No,No,Poor Weather Visibility,Low,1.0
ACC36450,06-02-2024,09:49,Tamil Nadu,Chennai,11.5238,78.1763,Village Road,Cloudy,Day,18,Male,Truck,38,No,Yes,Yes,Drowsy Driving,Low,1.0
ACC36451,17-06-2024,17:20,Tamil Nadu,Madurai,11.6501,78.6424,City Road,Cloudy,Dusk,53,Male,Bike,32,No,No,No,Poor Weather Visibility,Low,1.0
ACC36452,04-05-2024,10:04,Tamil Nadu,Tiruchirappalli,11.3733,78.6246,City Road,Overcast,Day,41,Female,Bike,45,No,No,No,Poor Weather Visibility,Low,1.0
ACC36453,20-12-2024,07:29,Karnataka,Belagavi,15.0103,76.2896,National Highway,Rainy,Day,59,Male,Truck,55,No,Yes,No,Poor Weather Visibility,Medium,1.0
ACC36454,10-07-2022,15:27,Andhra Pradesh,Kurnool,16.2226,80.1879,State Highway,Rainy,Day,18,Male,Truck,79,Yes,No,No,Poor Weather Visibility,High,
ACC36455,19-12-2022,15:51,Telangana,Khammam,17.3534,78.4127,Village Road,Clear,Day,29,Male,Truck,54,No,No,No,Poor Weather Visibility,Low,1.0
ACC36456,25-05-2022,02:44,Puducherry,Puducherry,11.6291,79.9055,State Highway,Cloudy,Night,47,Male,Bike,57,No,No,No,Poor Weather Visibility,Medium,7.0
ACC36457,25-06-2023,12:28,Tamil Nadu,Madurai,11.0435,78.4679,Village Road,Clear,Day,40,Female,Auto,48,No,No,Yes,Pothole/Bad Road,Low,1.0
ACC36458,08-06-2024,01:53,Telangana,Hyderabad,17.7925,78.4146,State Highway,Clear,Night,31,Male,Car,48,No,No,No,Signal Jumping,Low,2.0
ACC36459,08-10-2023,03:10,Telangana,Warangal,17.2887,78.34,Expressway,Clear,Night,33,Male,Bike,82,No,No,No,Over Speeding,Medium,1.0
ACC36460,14-09-2022,01:33,Tamil Nadu,Madurai,11.0449,79.2521,State Highway,Overcast,Night,22,Male,Bus,73,Yes,Yes,Yes,Drunk Driving,High,8.0
ACC36461,01-06-2024,10:37,Tamil Nadu,Salem,10.6203,78.9152,National Highway,Rainy,Day,19,Male,Car,65,No,No,Yes,Poor Weather Visibility,Medium,2.0
ACC36462,05-02-2024,23:57,Andhra Pradesh,Guntur,16.2058,78.8479,State Highway,Cloudy,Night,52,Male,Car,70,No,Yes,No,Drowsy Driving,Medium,4.0
ACC36463,02-11-2023,19:38,Tamil Nadu,Coimbatore,11.3141,78.8994,Expressway,Cloudy,Night,51,Male,Bus,83,No,Yes,No,Over Speeding,High,4.0
ACC36464,05-04-2024,16:42,Tamil Nadu,Madurai,11.7654,78.593,Village Road,Clear,Day,36,Male,Car,38,No,No,Yes,Pothole/Bad Road,Low,2.0
ACC36465,07-08-2024,14:36,Karnataka,Mangaluru,15.9637,75.2984,City Road,Rainy,Day,25,Male,Auto,40,No,No,No,Poor Weather Visibility,Low,2.0
ACC36466,17-04-2023,12:51,Karnataka,Belagavi,14.9062,76.3993,National Highway,Rainy,Day,42,Male,Car,49,No,No,No,Poor Weather Visibility,Low,0.0
ACC36467,05-12-2024,11:26,Tamil Nadu,Salem,11.0077,78.542,National Highway,Cloudy,Day,32,Male,Bike,82,No,No,Yes,Over Speeding,High,6.0
ACC36468,03-05-2023,18:35,Andhra Pradesh,Kurnool,15.5479,79.9508,National Highway,Foggy,Dusk,45,Male,Bike,84,No,Yes,No,Poor Weather Visibility,High,5.0
ACC36469,27-02-2022,11:20,Telangana,Hyderabad,17.2514,78.6969,National Highway,Overcast,Day,24,Male,Truck,66,No,No,No,Poor Weather Visibility,Low,
ACC36470,08-03-2023,06:34,Puducherry,Karaikal,11.7112,79.5011,Village Road,Rainy,Day,26,Female,Car,50,No,No,No,Poor Weather Visibility,Medium,3.0
ACC36471,04-02-2023,08:34,Karnataka,Hubballi,15.4607,75.672,City Road,Cloudy,Day,50,Male,Truck,31,No,No,No,Poor Weather Visibility,Low,1.0
ACC36472,11-03-2022,17:53,Andhra Pradesh,Guntur,15.551,80.1592,City Road,Cloudy,Dusk,25,Male,Bike,36,No,No,No,Poor Weather Visibility,Low,1.0
ACC36473,14-05-2022,12:40,Andhra Pradesh,Guntur,16.1415,79.4646,National Highway,Clear,Day,75,Male,Auto,74,No,No,No,Signal Jumping,High,2.0
ACC36474,23-03-2023,15:30,Karnataka,Mangaluru,15.1063,74.9244,State Highway,Rainy,Day,38,Male,Car,37,No,No,No,Poor Weather Visibility,Low,1.0
ACC36475,02-11-2023,05:20,Karnataka,Bengaluru Urban,15.301,75.6238,Expressway,Rainy,Dawn,37,Male,Bike,80,No,No,No,Poor Weather Visibility,Medium,6.0
ACC36476,02-04-2022,17:20,Kerala,Ernakulam,10.4609,77.0406,City Road,Clear,Dusk,31,Male,Bike,36,No,No,No,Signal Jumping,Low,0.0
ACC36477,27-11-2023,14:42,Andhra Pradesh,Visakhapatnam,17.1352,79.8704,National Highway,Rainy,Day,22,Male,Car,67,No,No,No,Poor Weather Visibility,Medium,2.0
ACC36478,28-11-2022,07:36,Karnataka,Mysuru,15.4825,75.3591,City Road,Clear,Day,18,Female,Bike,35,No,Yes,Yes,Drowsy Driving,Medium,1.0
ACC36479,29-12-2024,10:44,Telangana,Karimnagar,18.1052,79.438,Expressway,Cloudy,Day,45,Male,Bike,76,No,No,No,Over Speeding,Medium,2.0
ACC36480,01-08-2023,15:36,Telangana,Khammam,17.674,78.8877,City Road,Clear,Day,56,Male,Auto,43,No,No,No,Signal Jumping,Low,1.0
ACC36481,11-10-2023,18:38,Telangana,Nizamabad,17.1894,79.0578,Expressway,Foggy,Dusk,29,Male,Car,69,No,No,No,Poor Weather Visibility,High,6.0
ACC36482,13-09-2023,17:17,Karnataka,Bengaluru Urban,15.4301,75.1797,City Road,Clear,Dusk,66,Male,Bike,35,No,No,No,Poor Weather Visibility,Low,1.0
ACC36483,20-10-2024,13:36,Karnataka,Bengaluru Urban,14.9212,75.9709,Expressway,Cloudy,Day,30,Male,Car,83,No,No,Yes,Over Speeding,High,5.0
ACC36484,23-01-2022,09:39,Karnataka,Hubballi,14.9212,75.6167,Expressway,Cloudy,Day,19,Male,Bike,97,No,No,No,Over Speeding,High,4.0
ACC36485,04-10-2024,19:12,Telangana,Nizamabad,17.5299,78.6105,Village Road,Overcast,Night,42,Male,Bike,46,No,Yes,No,Drowsy Driving,Medium,3.0
ACC36486,22-07-2024,19:34,Andhra Pradesh,Visakhapatnam,15.5017,79.5702,National Highway,Clear,Night,52,Male,Bike,60,No,No,No,Signal Jumping,Low,1.0
ACC36487,28-09-2022,17:08,Telangana,Nizamabad,17.701,78.8309,City Road,Overcast,Dusk,29,Male,Bus,63,No,No,No,Poor Weather Visibility,Medium,2.0
ACC36488,01-02-2023,11:31,Karnataka,Hubballi,16.0339,75.7077,Village Road,Overcast,Day,26,Female,Bike,39,No,Yes,Yes,Drowsy Driving,Medium,2.0
ACC36489,26-02-2024,07:30,Karnataka,Hubballi,15.6218,75.8132,City Road,Rainy,Day,50,Male,Bike,40,No,No,Yes,Poor Weather Visibility,Medium,3.0
ACC36490,06-02-2024,23:44,Andhra Pradesh,Visakhapatnam,15.468,79.718,National Highway,Rainy,Night,60,Male,Auto,68,No,No,No,Poor Weather Visibility,High,3.0
ACC36491,10-06-2023,16:32,Kerala,Thrissur,10.3369,76.9871,City Road,Rainy,Day,42,Male,Bus,52,No,Yes,No,Poor Weather Visibility,Medium,3.0
ACC36492,27-08-2023,07:17,Karnataka,Hubballi,15.1396,76.02,City Road,Foggy,Day,23,Male,Bike,51,No,No,No,Poor Weather Visibility,Low,0.0
ACC36493,25-10-2023,00:39,Kerala,Thrissur,9.9546,76.2958,State Highway,Rainy,Night,27,Male,Auto,45,No,Yes,Yes,Poor Weather Visibility,Medium,2.0
ACC36494,24-03-2024,17:16,Karnataka,Mysuru,15.3214,75.7073,National Highway,Overcast,Dusk,45,Male,Truck,83,No,No,No,Over Speeding,Medium,2.0
ACC36495,01-01-2024,23:41,Telangana,Hyderabad,17.8319,79.0252,City Road,Rainy,Night,72,Female,Car,62,No,Yes,No,Poor Weather Visibility,Medium,
ACC36496,07-08-2023,08:14,Telangana,Karimnagar,18.2633,78.874,Expressway,Clear,Day,65,Male,Auto,79,No,No,No,Over Speeding,Medium,2.0
ACC36497,15-01-2022,17:50,Kerala,Ernakulam,11.1267,76.5352,Village Road,Clear,Dusk,37,Male,Bike,54,No,No,No,Signal Jumping,Low,0.0
ACC36498,11-03-2022,18:01,Andhra Pradesh,Kurnool,16.6393,79.3803,City Road,Cloudy,Dusk,22,Female,Auto,63,Yes,No,Yes,Drunk Driving,Medium,0.0
ACC36499,20-07-2022,19:15,Karnataka,Hubballi,16.1325,75.085,National Highway,Rainy,Night,21,Male,Car,78,No,Yes,No,Poor Weather Visibility,High,4.0
ACC36500,17-10-2023,07:59,Tamil Nadu,Tiruchirappalli,11.1556,78.3897,Village Road,Cloudy,Day,37,Male,Car,45,No,No,No,Poor Weather Visibility,Low,2.0
ACC36501,25-10-2022,00:25,Karnataka,Mysuru,15.0894,75.4606,City Road,Cloudy,Night,29,Male,Bike,36,No,No,No,Poor Weather Visibility,Low,
ACC36502,24-02-2023,20:42,Tamil Nadu,Coimbatore,10.8658,78.7175,National Highway,Rainy,Night,57,Female,Auto,81,Yes,No,No,Poor Weather Visibility,High,
ACC36503,28-08-2024,21:02,Andhra Pradesh,Guntur,16.1181,79.0064,Expressway,Foggy,Night,38,Male,Car,68,No,Yes,No,Poor Weather Visibility,High,9.0
ACC36504,06-03-2024,14:11,Karnataka,Hubballi,15.3953,76.3823,National Highway,Clear,Day,42,Female,Bike,67,Yes,No,No,Drunk Driving,Medium,5.0
ACC36505,27-08-2024,14:05,Tamil Nadu,Tiruchirappalli,11.1626,78.9983,National Highway,Clear,Day,18,Male,Bike,60,No,No,No,Over Speeding,Medium,3.0
ACC36506,01-01-2022,17:55,Telangana,Warangal,18.3679,79.6749,Village Road,Rainy,Dusk,33,Male,Auto,34,No,Yes,Yes,Poor Weather Visibility,Low,0.0
ACC36507,30-10-2023,12:23,Andhra Pradesh,Guntur,15.2452,79.7966,State Highway,Clear,Day,39,Male,Bus,55,No,No,No,Signal Jumping,Low,1.0
ACC36508,24-10-2024,01:16,Andhra Pradesh,Visakhapatnam,16.1234,79.8995,Village Road,Clear,Night,30,Male,Bike,43,No,No,No,Signal Jumping,Low,0.0
ACC36509,30-07-2023,23:51,Karnataka,Bengaluru Urban,15.6951,76.3556,Expressway,Rainy,Night,54,Male,Auto,77,No,No,No,Poor Weather Visibility,High,3.0
ACC36510,25-06-2023,17:42,Telangana,Khammam,17.4634,78.6472,City Road,Clear,Dusk,47,Male,Car,37,No,No,No,Signal Jumping,Low,0.0
ACC36511,16-01-2022,05:42,Karnataka,Belagavi,15.2862,75.9305,State Highway,Cloudy,Dawn,38,Male,Car,67,No,No,No,Poor Weather Visibility,Medium,0.0
ACC36512,27-11-2024,10:14,Karnataka,Mysuru,15.1806,76.231,City Road,Clear,Day,39,Male,Bus,41,No,No,No,Poor Weather Visibility,Low,1.0
ACC36513,07-04-2024,22:20,Puducherry,Karaikal,12.0178,80.0826,National Highway,Clear,Night,35,Male,Truck,68,No,Yes,No,Drowsy Driving,Low,
ACC36514,02-02-2024,01:44,Kerala,Thiruvananthapuram,10.5056,76.2056,Expressway,Rainy,Night,27,Male,Bus,99,No,Yes,No,Over Speeding,High,6.0
ACC36515,19-08-2022,19:12,Tamil Nadu,Chennai,11.7467,77.693,State Highway,Clear,Night,28,Male,Truck,64,No,No,No,Signal Jumping,Medium,1.0
ACC36516,30-10-2022,09:39,Tamil Nadu,Salem,10.5453,78.7828,City Road,Clear,Day,49,Male,Truck,46,No,No,Yes,Pothole/Bad Road,Low,1.0
ACC36517,20-10-2024,17:07,Karnataka,Mysuru,15.9397,75.5297,State Highway,Rainy,Dusk,18,Male,Auto,60,No,Yes,No,Poor Weather Visibility,Medium,5.0
ACC36518,20-07-2023,14:52,Kerala,Kozhikode,10.1147,76.5203,Village Road,Overcast,Day,45,Male,Car,54,No,No,No,Poor Weather Visibility,Low,2.0
ACC36519,27-04-2024,05:35,Tamil Nadu,Chennai,10.5394,78.5561,State Highway,Rainy,Dawn,18,Male,Car,65,No,No,Yes,Poor Weather Visibility,Medium,3.0
ACC36520,19-05-2023,18:09,Kerala,Ernakulam,10.007,76.1606,City Road,Rainy,Dusk,18,Male,Bike,44,No,No,Yes,Poor Weather Visibility,Low,1.0
ACC36521,13-10-2022,09:01,Tamil Nadu,Tiruchirappalli,11.1828,79.445,State Highway,Cloudy,Day,37,Male,Truck,60,No,No,No,Poor Weather Visibility,Low,1.0
ACC36522,10-12-2024,12:37,Karnataka,Hubballi,14.9592,75.5116,City Road,Clear,Day,21,Female,Car,53,No,No,No,Poor Weather Visibility,Low,
ACC36523,20-04-2023,15:03,Karnataka,Mangaluru,15.1418,75.4941,National Highway,Overcast,Day,33,Female,Bike,76,No,No,No,Signal Jumping,High,6.0
ACC36524,05-08-2023,17:09,Telangana,Hyderabad,17.8502,79.0848,National Highway,Clear,Dusk,31,Male,Car,60,No,No,No,Signal Jumping,Low,1.0
ACC36525,06-02-2022,08:58,Tamil Nadu,Chennai,11.0059,79.3386,City Road,Clear,Day,49,Male,Bike,40,No,No,No,Poor Weather Visibility,Low,1.0
ACC36526,26-03-2024,12:28,Andhra Pradesh,Kurnool,16.0286,79.3521,State Highway,Clear,Day,18,Male,Bus,57,No,No,Yes,Pothole/Bad Road,Medium,6.0
ACC36527,03-03-2023,06:32,Karnataka,Mysuru,15.4999,75.391,Village Road,Cloudy,Day,24,Male,Bike,33,Yes,No,No,Drunk Driving,Medium,7.0
ACC36528,05-11-2022,00:38,Andhra Pradesh,Kurnool,15.9118,79.2488,Expressway,Clear,Night,41,Male,Bike,94,No,No,No,Over Speeding,Medium,3.0
ACC36529,18-04-2023,05:07,Telangana,Karimnagar,17.9577,79.108,National Highway,Cloudy,Dawn,38,Female,Car,67,No,No,No,Poor Weather Visibility,Medium,2.0
ACC36530,23-05-2023,12:43,Tamil Nadu,Madurai,10.7771,79.1735,Expressway,Clear,Day,18,Male,Car,75,No,No,No,Over Speeding,Medium,5.0
ACC36531,06-02-2024,08:29,Andhra Pradesh,Visakhapatnam,16.0913,79.0561,Village Road,Cloudy,Day,31,Female,Auto,33,No,Yes,No,Drowsy Driving,Low,1.0
ACC36532,29-12-2024,06:09,Karnataka,Hubballi,14.8502,75.0071,National Highway,Rainy,Day,28,Male,Car,59,No,No,No,Poor Weather Visibility,Low,1.0
ACC36533,17-06-2023,17:43,Kerala,Kozhikode,9.9611,76.7623,City Road,Clear,Dusk,20,Male,Auto,35,No,No,No,Poor Weather Visibility,Low,0.0
ACC36534,03-04-2023,13:20,Tamil Nadu,Chennai,11.2554,79.0672,Expressway,Rainy,Day,39,Male,Truck,82,No,No,No,Poor Weather Visibility,High,3.0