Accident_ID,Date,Time,State,District,Latitude,Longitude,Road_Type,Weather,Light_Condition,Driver_Age,Driver_Gender,Vehicle_Type,Speed_kmph,Alcohol_Involved,Driver_Drowsy,Pothole_Involved,Cause_of_Accident,Severity,Casualties
ACC36535,23-03-2022,13:15,Tamil Nadu,Tiruchirappalli,11.9104,77.8935,Village Road,Rainy,Day,51,Female,Bus,47,No,Yes,No,Poor Weather Visibility,Low,1.0
ACC36536,21-09-2023,21:07,Karnataka,Mangaluru,14.7585,75.992,Village Road,Clear,Night,44,Male,Bike,37,No,No,No,Poor Weather Visibility,Low,1.0
ACC36537,26-05-2023,13:31,Karnataka,Hubballi,14.4764,75.1255,City Road,Clear,Day,18,Male,Truck,47,No,No,Yes,Pothole/Bad Road,Low,1.0
ACC36538,02-08-2023,17:18,Tamil Nadu,Salem,11.0172,78.2648,City Road,Clear,Dusk,38,Male,Car,39,No,No,No,Signal Jumping,Low,1.0
ACC36539,30-11-2024,05:11,Telangana,Khammam,18.7711,79.1708,State Highway,Clear,Dawn,31,Female,Bike,58,No,Yes,No,Drowsy Driving,Medium,2.0
ACC36540,24-04-2022,08:02,Karnataka,Mysuru,14.7008,76.1467,Village Road,Rainy,Day,62,Male,Bus,31,No,No,No,Poor Weather Visibility,Low,2.0
ACC36541,30-01-2022,21:43,Kerala,Kollam,10.2959,76.2359,City Road,Cloudy,Night,36,Male,Car,44,Yes,No,No,Drunk Driving,Medium,4.0
ACC36542,16-04-2023,16:11,Andhra Pradesh,Guntur,15.5715,79.9318,Village Road,Clear,Day,28,Male,Bike,49,No,No,No,Signal Jumping,Low,0.0
ACC36543,18-11-2022,13:53,Telangana,Nizamabad,17.5998,79.9192,Village Road,Clear,Day,19,Male,Auto,33,No,No,No,Signal Jumping,Low,0.0
ACC36544,21-04-2022,04:39,Tamil Nadu,Tiruchirappalli,10.5828,79.5489,Village Road,Rainy,Night,55,Female,Bike,58,No,No,Yes,Poor Weather Visibility,High,7.0
ACC36545,25-02-2022,18:54,Andhra Pradesh,Guntur,16.8126,79.9414,National Highway,Rainy,Dusk,34,Male,Bike,62,No,No,No,Poor Weather Visibility,Medium,1.0
ACC36546,30-08-2024,05:37,Tamil Nadu,Tiruchirappalli,11.8142,78.0779,City Road,Rainy,Dawn,27,Male,Car,66,Yes,No,No,Poor Weather Visibility,Medium,2.0
ACC36547,27-05-2022,06:44,Karnataka,Belagavi,15.2042,75.9559,National Highway,Clear,Day,18,Male,Bus,64,No,No,No,Signal Jumping,Low,1.0
ACC36548,27-05-2024,14:55,Karnataka,Hubballi,14.6197,76.261,National Highway,Clear,Day,24,Male,Auto,57,No,No,No,Signal Jumping,Low,2.0
ACC36549,17-09-2022,16:02,Telangana,Karimnagar,18.3,78.8457,State Highway,Clear,Day,35,Male,Bus,80,No,Yes,No,Signal Jumping,Medium,4.0
ACC36550,16-12-2022,02:06,Andhra Pradesh,Nellore,15.9829,79.2342,National Highway,Clear,Night,63,Female,Bus,73,No,Yes,No,Drowsy Driving,Medium,2.0
ACC36551,22-01-2024,02:20,Karnataka,Mangaluru,15.598,75.7578,Village Road,Clear,Night,27,Male,Car,31,No,No,No,Poor Weather Visibility,Low,0.0
ACC36552,29-10-2023,19:02,Tamil Nadu,Chennai,11.7637,78.7781,National Highway,Rainy,Night,29,Male,Auto,98,Yes,No,No,Over Speeding,High,3.0
ACC36553,11-04-2022,13:16,Telangana,Karimnagar,18.3388,78.5251,State Highway,Clear,Day,28,Male,Bike,57,No,No,No,Poor Weather Visibility,Low,0.0
ACC36554,21-01-2024,18:53,Karnataka,Mysuru,15.3314,75.2676,National Highway,Clear,Dusk,73,Male,Bike,57,No,No,No,Signal Jumping,Medium,3.0
ACC36555,25-10-2024,10:47,Kerala,Thiruvananthapuram,10.4559,76.2463,City Road,Cloudy,Day,27,Female,Truck,22,No,No,No,Poor Weather Visibility,Low,0.0
ACC36556,03-01-2024,19:26,Tamil Nadu,Tiruchirappalli,11.3194,78.1898,National Highway,Cloudy,Night,30,Male,Auto,70,Yes,No,No,Drunk Driving,High,7.0
ACC36557,30-10-2022,17:42,Telangana,Hyderabad,18.1787,78.7591,State Highway,Clear,Dusk,34,Male,Auto,56,No,No,Yes,Pothole/Bad Road,Low,2.0
ACC36558,16-06-2024,15:13,Tamil Nadu,Salem,11.6187,79.1157,State Highway,Cloudy,Day,42,Female,Auto,61,No,No,No,Poor Weather Visibility,Low,3.0
ACC36559,18-12-2024,10:42,Tamil Nadu,Madurai,10.5198,78.7998,Expressway,Rainy,Day,50,Male,Bus,86,No,No,Yes,Poor Weather Visibility,High,8.0
ACC36560,19-06-2024,21:36,Karnataka,Bengaluru Urban,15.4985,76.5904,City Road,Clear,Night,18,Male,Bus,31,No,No,No,Signal Jumping,Low,0.0
ACC36561,09-08-2023,11:59,Tamil Nadu,Chennai,10.7482,79.363,Village Road,Rainy,Day,18,Male,Auto,45,No,No,No,Poor Weather Visibility,Low,0.0
ACC36562,29-02-2024,16:43,Karnataka,Hubballi,15.3894,74.9382,City Road,Rainy,Day,20,Male,Car,48,No,No,No,Poor Weather Visibility,Low,2.0
ACC36563,08-02-2022,17:24,Karnataka,Mysuru,15.5944,75.9803,State Highway,Cloudy,Dusk,45,Male,Truck,67,No,Yes,No,Drowsy Driving,Medium,6.0
ACC36564,24-09-2024,09:30,Karnataka,Hubballi,16.0212,75.7219,State Highway,Clear,Day,34,Male,Car,45,No,No,No,Signal Jumping,Low,1.0
ACC36565,29-08-2022,09:33,Telangana,Hyderabad,17.8009,79.166,City Road,Clear,Day,36,Male,Bus,62,No,Yes,No,Drowsy Driving,Medium,3.0
ACC36566,01-07-2023,16:18,Telangana,Nizamabad,17.5261,78.9774,State Highway,Foggy,Day,45,Female,Auto,56,No,No,No,Poor Weather Visibility,Medium,5.0
ACC36567,25-10-2022,10:16,Tamil Nadu,Madurai,11.1113,78.515,State Highway,Clear,Day,37,Female,Car,56,Yes,No,No,Drunk Driving,Medium,2.0
ACC36568,28-09-2023,23:35,Karnataka,Belagavi,15.8693,76.3118,City Road,Rainy,Night,34,Male,Car,51,No,No,Yes,Poor Weather Visibility,Low,0.0
ACC36569,17-10-2022,18:43,Kerala,Thiruvananthapuram,10.2501,76.7517,National Highway,Clear,Dusk,36,Male,Auto,75,Yes,No,Yes,Drunk Driving,High,7.0
ACC36570,28-10-2022,18:20,Karnataka,Mysuru,15.8326,76.1445,Expressway,Overcast,Dusk,46,Female,Bike,80,No,No,No,Over Speeding,Medium,3.0
ACC36571,05-02-2022,08:51,Karnataka,Mysuru,15.258,75.3869,City Road,Rainy,Day,34,Male,Car,77,Yes,No,No,Poor Weather Visibility,Medium,4.0
ACC36572,20-05-2023,13:54,Tamil Nadu,Chennai,11.4172,78.5751,National Highway,Clear,Day,31,Male,Auto,73,No,No,No,Over Speeding,Medium,2.0
ACC36573,19-04-2024,22:25,Andhra Pradesh,Visakhapatnam,15.6334,79.781,State Highway,Overcast,Night,30,Male,Auto,54,No,Yes,No,Drowsy Driving,Medium,1.0
ACC36574,03-11-2022,06:46,Andhra Pradesh,Kurnool,16.0583,79.2482,City Road,Clear,Day,30,Male,Bike,50,No,No,Yes,Pothole/Bad Road,Low,1.0
ACC36575,30-05-2024,18:00,Tamil Nadu,Madurai,11.2989,78.4546,Village Road,Rainy,Dusk,44,Male,Truck,36,No,No,Yes,Poor Weather Visibility,Low,2.0
ACC36576,17-12-2024,17:59,Karnataka,Mysuru,15.4907,75.306,State Highway,Cloudy,Dusk,49,Female,Auto,60,No,No,No,Poor Weather Visibility,Low,2.0
ACC36577,23-01-2023,02:25,Kerala,Thiruvananthapuram,9.813,76.1361,City Road,Clear,Night,46,Male,Car,50,Yes,No,No,Drunk Driving,Medium,4.0
ACC36578,02-04-2024,12:10,Andhra Pradesh,Nellore,15.4533,79.1367,Village Road,Cloudy,Day,29,Male,Car,53,No,No,Yes,Pothole/Bad Road,Medium,3.0
ACC36579,19-11-2022,06:10,Karnataka,Mangaluru,15.2528,76.5945,City Road,Clear,Day,49,Male,Bike,36,No,No,No,Signal Jumping,Low,0.0
ACC36580,07-01-2022,23:28,Kerala,Ernakulam,10.1047,76.8145,National Highway,Cloudy,Night,34,Male,Car,50,No,No,No,Poor Weather Visibility,Low,1.0
ACC36581,09-07-2022,09:49,Tamil Nadu,Madurai,11.0654,78.609,National Highway,Clear,Day,51,Male,Car,75,No,No,No,Over Speeding,Low,0.0
ACC36582,09-05-2023,13:48,Andhra Pradesh,Kurnool,15.3553,79.1296,City Road,Clear,Day,18,Male,Auto,52,No,No,No,Poor Weather Visibility,Low,3.0
ACC36583,14-03-2022,04:09,Tamil Nadu,Tiruchirappalli,11.6354,78.1698,National Highway,Clear,Night,38,Male,Bike,75,No,No,No,Over Speeding,Medium,5.0
ACC36584,18-07-2022,11:35,Karnataka,Mangaluru,14.7941,75.8013,Village Road,Overcast,Day,20,Male,Car,53,Yes,No,Yes,Drunk Driving,Medium,3.0
ACC36585,20-03-2024,07:34,Kerala,Kollam,10.4704,76.3518,City Road,Cloudy,Day,32,Male,Bike,46,No,No,No,Poor Weather Visibility,Low,0.0
ACC36586,30-07-2023,05:45,Tamil Nadu,Salem,10.8626,78.0829,Village Road,Clear,Dawn,30,Female,Truck,32,No,No,No,Signal Jumping,Low,1.0
ACC36587,02-01-2022,07:01,Tamil Nadu,Tiruchirappalli,11.7916,79.4049,Village Road,Clear,Day,18,Female,Bike,46,No,No,Yes,Pothole/Bad Road,Low,0.0
ACC36588,09-01-2023,19:00,Telangana,Karimnagar,18.2829,78.8867,State Highway,Cloudy,Night,54,Female,Bike,71,Yes,Yes,No,Drunk Driving,High,6.0
ACC36589,15-06-2024,12:12,Karnataka,Belagavi,15.2237,75.8961,Village Road,Rainy,Day,45,Male,Car,42,No,No,No,Poor Weather Visibility,Low,1.0
ACC36590,19-09-2022,18:31,Karnataka,Bengaluru Urban,15.3035,76.1056,Expressway,Clear,Dusk,36,Male,Bike,81,Yes,Yes,No,Drunk Driving,High,4.0
ACC36591,03-06-2022,11:05,Karnataka,Hubballi,15.2192,75.5014,Village Road,Rainy,Day,33,Male,Bus,44,No,No,Yes,Poor Weather Visibility,Low,1.0
ACC36592,28-12-2023,20:48,Puducherry,Karaikal,11.7549,79.7427,City Road,Clear,Night,69,Male,Bike,47,No,No,No,Signal Jumping,Low,0.0
ACC36593,27-08-2022,09:58,Kerala,Ernakulam,10.0781,76.1232,State Highway,Clear,Day,38,Male,Auto,46,No,No,No,Signal Jumping,Low,0.0
ACC36594,03-06-2024,19:09,Kerala,Thiruvananthapuram,10.6598,76.0405,Village Road,Clear,Night,57,Male,Car,47,No,No,Yes,Pothole/Bad Road,Low,0.0
ACC36595,13-02-2022,10:10,Karnataka,Bengaluru Urban,14.8981,76.31,State Highway,Rainy,Day,18,Male,Truck,82,Yes,No,Yes,Poor Weather Visibility,High,10.0
ACC36596,13-07-2024,21:55,Karnataka,Mysuru,14.9429,75.9502,National Highway,Rainy,Night,36,Male,Car,70,No,Yes,No,Poor Weather Visibility,High,4.0
ACC36597,06-03-2024,19:54,Tamil Nadu,Tiruchirappalli,11.1315,79.2325,National Highway,Clear,Night,40,Male,Car,107,Yes,Yes,No,Over Speeding,High,5.0
ACC36598,15-08-2022,19:19,Andhra Pradesh,Vijayawada,16.087,79.6234,National Highway,Cloudy,Night,30,Male,Auto,76,No,Yes,No,Drowsy Driving,Medium,2.0
ACC36599,20-03-2022,06:31,Telangana,Hyderabad,18.1795,78.8475,City Road,Cloudy,Day,42,Male,Auto,58,No,No,Yes,Pothole/Bad Road,Low,0.0
ACC36600,10-08-2023,17:14,Tamil Nadu,Salem,10.5803,78.9923,Village Road,Overcast,Dusk,18,Male,Bus,54,No,No,Yes,Pothole/Bad Road,Low,0.0
ACC36601,29-12-2023,13:15,Andhra Pradesh,Visakhapatnam,16.308,79.9105,Village Road,Clear,Day,39,Male,Bike,34,No,No,No,Poor Weather Visibility,Low,2.0
ACC36602,10-08-2024,22:19,Tamil Nadu,Salem,11.9408,78.1437,City Road,Clear,Night,30,Male,Bike,61,No,No,No,Signal Jumping,Low,1.0
ACC36603,20-04-2023,07:16,Puducherry,Puducherry,11.7127,80.0465,Village Road,Rainy,Day,56,Male,Bike,43,No,No,Yes,Poor Weather Visibility,Low,1.0
ACC36604,28-08-2024,06:26,Karnataka,Mangaluru,15.2489,75.5663,State Highway,Rainy,Day,48,Male,Bike,59,No,No,Yes,Poor Weather Visibility,High,3.0
ACC36605,23-01-2022,10:05,Telangana,Nizamabad,17.4522,78.5797,City Road,Clear,Day,41,Male,Bus,61,No,No,Yes,Signal Jumping,Low,1.0
ACC36606,28-03-2023,15:01,Karnataka,Bengaluru Urban,15.4021,75.4693,City Road,Rainy,Day,41,Male,Auto,39,No,No,Yes,Poor Weather Visibility,Low,2.0
ACC36607,15-10-2024,07:00,Telangana,Khammam,17.6627,78.2068,State Highway,Clear,Day,29,Male,Bike,35,No,No,No,Poor Weather Visibility,Low,1.0
ACC36608,06-01-2022,09:37,Andhra Pradesh,Visakhapatnam,15.9285,79.8332,Village Road,Overcast,Day,39,Male,Auto,45,No,No,No,Poor Weather Visibility,Low,0.0
ACC36609,08-06-2023,18:27,Puducherry,Puducherry,12.2784,79.7893,Village Road,Clear,Dusk,52,Male,Bike,68,Yes,No,Yes,Drunk Driving,High,6.0
ACC36610,05-01-2023,20:28,Andhra Pradesh,Visakhapatnam,14.9858,79.6488,State Highway,Cloudy,Night,48,Male,Truck,98,Yes,No,No,Over Speeding,High,7.0
ACC36611,05-02-2023,07:10,Karnataka,Hubballi,14.6386,74.6272,State Highway,Cloudy,Day,45,Female,Bike,68,No,No,No,Poor Weather Visibility,Medium,4.0
ACC36612,24-10-2024,12:10,Tamil Nadu,Salem,11.3223,78.5884,Village Road,Rainy,Day,46,Male,Car,64,Yes,No,Yes,Poor Weather Visibility,High,5.0
ACC36613,25-05-2022,17:57,Tamil Nadu,Chennai,11.5843,78.9782,National Highway,Rainy,Dusk,52,Male,Car,61,No,No,No,Poor Weather Visibility,Medium,1.0
ACC36614,12-11-2024,10:42,Andhra Pradesh,Vijayawada,15.9727,80.3156,Expressway,Clear,Day,18,Male,Bike,86,Yes,No,No,Over Speeding,High,7.0
ACC36615,22-09-2023,05:25,Tamil Nadu,Chennai,11.0843,78.149,National Highway,Foggy,Dawn,41,Female,Bike,52,No,No,No,Poor Weather Visibility,Low,1.0
ACC36616,19-03-2023,05:37,Tamil Nadu,Tiruchirappalli,11.4425,79.1395,State Highway,Clear,Dawn,40,Male,Truck,86,Yes,No,No,Over Speeding,High,7.0
ACC36617,02-05-2022,11:52,Kerala,Thiruvananthapuram,10.7215,77.5289,City Road,Rainy,Day,23,Male,Car,62,No,No,No,Poor Weather Visibility,Medium,4.0
ACC36618,22-07-2022,10:19,Tamil Nadu,Chennai,11.0666,79.0363,Village Road,Cloudy,Day,37,Male,Car,35,No,No,Yes,Pothole/Bad Road,Low,0.0
ACC36619,12-01-2023,10:57,Kerala,Ernakulam,9.753,76.3553,City Road,Rainy,Day,35,Male,Car,52,No,No,No,Poor Weather Visibility,Low,0.0
ACC36620,16-11-2024,19:11,Tamil Nadu,Madurai,11.0813,78.691,City Road,Rainy,Night,43,Male,Bus,70,Yes,No,No,Poor Weather Visibility,High,4.0
ACC36621,22-04-2022,12:19,Puducherry,Karaikal,11.832,80.1362,National Highway,Overcast,Day,31,Male,Bus,66,No,No,No,Poor Weather Visibility,Medium,4.0
ACC36622,14-04-2022,08:36,Tamil Nadu,Salem,10.9946,78.9181,City Road,Cloudy,Day,30,Male,Bike,43,No,No,Yes,Pothole/Bad Road,Low,0.0
ACC36623,26-08-2024,16:02,Kerala,Ernakulam,10.7939,75.6873,City Road,Clear,Day,31,Male,Car,63,No,No,No,Over Speeding,Low,1.0
ACC36624,23-08-2022,00:18,Kerala,Thrissur,10.0573,77.058,Expressway,Overcast,Night,36,Male,Car,91,No,Yes,No,Over Speeding,High,3.0
ACC36625,20-11-2022,10:13,Telangana,Hyderabad,18.3943,79.0165,City Road,Clear,Day,59,Male,Car,43,No,No,No,Poor Weather Visibility,Low,1.0
ACC36626,10-11-2024,21:54,Tamil Nadu,Madurai,10.4279,77.8289,City Road,Overcast,Night,49,Female,Bike,64,No,No,No,Poor Weather Visibility,Medium,5.0
ACC36627,18-05-2024,10:25,Tamil Nadu,Madurai,10.7072,79.1463,Village Road,Clear,Day,54,Female,Bike,34,No,No,Yes,Signal Jumping,Low,1.0
ACC36628,13-08-2022,00:14,Karnataka,Hubballi,14.5462,75.589,State Highway,Clear,Night,48,Female,Car,49,No,No,No,Poor Weather Visibility,Low,0.0
ACC36629,17-08-2023,13:29,Telangana,Hyderabad,17.8604,78.9169,State Highway,Clear,Day,18,Male,Bike,55,No,No,No,Poor Weather Visibility,Low,1.0
ACC36630,27-01-2023,16:31,Andhra Pradesh,Nellore,16.2324,79.334,Village Road,Cloudy,Day,18,Male,Bike,57,Yes,No,Yes,Drunk Driving,High,5.0
ACC36631,09-06-2024,14:37,Tamil Nadu,Chennai,11.0734,78.4994,City Road,Clear,Day,57,Male,Bike,55,No,No,Yes,Pothole/Bad Road,Medium,4.0
ACC36632,22-10-2023,06:35,Karnataka,Hubballi,14.9255,75.557,Village Road,Foggy,Day,21,Male,Car,30,No,No,No,Poor Weather Visibility,Low,2.0
ACC36633,26-02-2024,14:54,Puducherry,Puducherry,12.0539,80.2019,Expressway,Rainy,Day,41,Male,Truck,83,No,No,No,Poor Weather Visibility,Medium,0.0
ACC36634,22-02-2024,13:12,Karnataka,Mangaluru,15.2668,75.1961,City Road,Overcast,Day,27,Male,Truck,50,No,No,No,Poor Weather Visibility,Low,1.0
ACC36635,05-08-2022,20:32,Karnataka,Mangaluru,15.5789,75.3382,National Highway,Overcast,Night,34,Male,Car,69,Yes,No,No,Drunk Driving,High,2.0
ACC36636,19-11-2022,14:52,Karnataka,Bengaluru Urban,15.7491,75.9333,City Road,Clear,Day,46,Male,Bike,45,No,No,Yes,Signal Jumping,Low,2.0
ACC36637,10-11-2024,19:03,Andhra Pradesh,Kurnool,15.3014,79.6574,City Road,Clear,Night,47,Male,Bike,50,No,No,No,Signal Jumping,Low,0.0
ACC36638,23-11-2024,07:27,Tamil Nadu,Coimbatore,10.7624,78.6555,City Road,Clear,Day,18,Male,Truck,66,No,No,No,Signal Jumping,Low,1.0
ACC36639,11-05-2023,08:35,Kerala,Kollam,10.7689,76.5604,City Road,Overcast,Day,27,Male,Bus,62,No,No,Yes,Pothole/Bad Road,Medium,1.0
ACC36640,12-04-2022,15:40,Karnataka,Belagavi,15.6574,75.3349,Expressway,Clear,Day,40,Male,Bus,89,No,No,No,Over Speeding,Medium,0.0
ACC36641,26-04-2024,12:18,Andhra Pradesh,Kurnool,16.4796,79.4679,Village Road,Overcast,Day,49,Male,Truck,42,No,Yes,Yes,Drowsy Driving,Low,3.0
ACC36642,02-12-2022,14:00,Kerala,Ernakulam,10.2736,76.19,Village Road,Clear,Day,63,Male,Auto,42,No,No,No,Poor Weather Visibility,Low,0.0
ACC36643,04-02-2023,01:46,Tamil Nadu,Coimbatore,11.5971,78.5421,City Road,Rainy,Night,18,Female,Bus,46,No,No,No,Poor Weather Visibility,Low,0.0
ACC36644,11-12-2022,22:35,Karnataka,Belagavi,14.7488,75.2545,Village Road,Rainy,Night,47,Male,Car,60,Yes,Yes,Yes,Poor Weather Visibility,High,12.0
ACC36645,30-06-2022,11:12,Karnataka,Mangaluru,15.4109,75.3155,Village Road,Clear,Day,40,Male,Bike,43,No,No,Yes,Pothole/Bad Road,Low,4.0
ACC36646,08-03-2024,16:39,Kerala,Thrissur,10.0314,75.7916,City Road,Overcast,Day,58,Female,Truck,30,No,No,No,Poor Weather Visibility,Low,2.0
ACC36647,25-06-2024,18:45,Tamil Nadu,Chennai,10.5859,78.8577,National Highway,Cloudy,Dusk,44,Male,Bike,61,No,No,No,Poor Weather Visibility,Medium,3.0
ACC36648,22-01-2023,12:31,Puducherry,Puducherry,12.1313,79.2538,City Road,Rainy,Day,23,Male,Car,18,No,No,No,Poor Weather Visibility,Low,0.0
ACC36649,22-03-2023,09:45,Telangana,Khammam,17.6135,78.1183,State Highway,Rainy,Day,31,Male,Bus,67,No,No,No,Poor Weather Visibility,Medium,2.0
ACC36650,26-02-2022,10:42,Tamil Nadu,Salem,11.3914,78.304,State Highway,Overcast,Day,39,Male,Bike,72,No,No,No,Poor Weather Visibility,Medium,2.0
ACC36651,05-08-2023,20:10,Tamil Nadu,Coimbatore,11.3016,78.0472,National Highway,Clear,Night,28,Male,Auto,73,Yes,No,No,Drunk Driving,High,7.0
ACC36652,18-02-2022,20:08,Andhra Pradesh,Visakhapatnam,15.8457,79.6192,City Road,Clear,Night,18,Male,Truck,71,No,No,Yes,Pothole/Bad Road,Medium,1.0
ACC36653,07-11-2022,18:11,Tamil Nadu,Chennai,11.4005,78.8144,City Road,Overcast,Dusk,43,Male,Bike,65,No,No,No,Poor Weather Visibility,Medium,6.0
ACC36654,21-10-2022,07:59,Andhra Pradesh,Visakhapatnam,16.0515,79.6992,Village Road,Rainy,Day,49,Female,Truck,50,No,No,No,Poor Weather Visibility,Low,0.0
ACC36655,01-03-2023,07:31,Telangana,Warangal,17.8195,79.1645,State Highway,Clear,Day,18,Male,Car,74,Yes,No,No,Drunk Driving,Medium,2.0
ACC36656,28-12-2023,16:02,Kerala,Kozhikode,9.426,76.0954,City Road,Overcast,Day,38,Male,Bike,55,No,No,No,Poor Weather Visibility,Low,1.0
ACC36657,24-12-2024,18:12,Telangana,Karimnagar,17.3321,79.0678,City Road,Foggy,Dusk,59,Male,Car,48,No,No,No,Poor Weather Visibility,Low,
ACC36658,11-01-2022,00:48,Karnataka,Belagavi,15.3651,76.5015,City Road,Clear,Night,45,Male,Bus,32,No,No,No,Signal Jumping,Low,2.0
ACC36659,01-03-2024,22:22,Telangana,Warangal,17.9781,79.0431,City Road,Clear,Night,40,Male,Bike,49,No,No,Yes,Pothole/Bad Road,Low,0.0
ACC36660,30-10-2024,18:12,Andhra Pradesh,Kurnool,15.6261,79.9056,City Road,Foggy,Dusk,31,Female,Car,63,Yes,No,No,Poor Weather Visibility,High,10.0
ACC36661,23-02-2023,17:11,Andhra Pradesh,Nellore,16.5647,79.2493,Village Road,Foggy,Dusk,29,Female,Bus,56,No,No,No,Poor Weather Visibility,Low,0.0
ACC36662,18-12-2024,12:52,Karnataka,Mangaluru,14.6526,75.5286,National Highway,Clear,Day,34,Male,Bike,75,No,No,No,Over Speeding,Medium,3.0
ACC36663,31-05-2024,17:07,Tamil Nadu,Tiruchirappalli,11.3672,77.6028,National Highway,Rainy,Dusk,50,Male,Truck,62,No,Yes,Yes,Poor Weather Visibility,High,7.0
ACC36664,23-06-2022,07:16,Kerala,Thiruvananthapuram,10.4442,76.8963,Village Road,Cloudy,Day,50,Male,Truck,60,No,Yes,No,Drowsy Driving,Medium,5.0
ACC36665,01-01-2024,20:16,Kerala,Thiruvananthapuram,9.9683,76.2863,National Highway,Clear,Night,25,Male,Car,59,No,No,No,Signal Jumping,Low,0.0
ACC36666,01-12-2024,18:42,Telangana,Hyderabad,17.9474,79.2843,National Highway,Foggy,Dusk,33,Male,Bike,70,No,No,No,Poor Weather Visibility,High,7.0
ACC36667,02-09-2023,19:07,Andhra Pradesh,Kurnool,15.7245,79.4839,State Highway,Cloudy,Night,49,Male,Bike,95,Yes,Yes,Yes,Over Speeding,High,3.0
ACC36668,20-11-2022,07:45,Andhra Pradesh,Nellore,15.9159,79.6029,Expressway,Rainy,Day,31,Male,Auto,73,No,No,No,Poor Weather Visibility,High,2.0
ACC36669,12-05-2023,13:59,Andhra Pradesh,Guntur,16.4425,79.6024,City Road,Rainy,Day,26,Female,Car,50,Yes,Yes,No,Poor Weather Visibility,Low,2.0
ACC36670,15-01-2022,11:09,Telangana,Nizamabad,17.7023,78.9158,City Road,Clear,Day,18,Male,Bike,64,Yes,No,No,Drunk Driving,Medium,1.0
ACC36671,23-04-2024,15:43,Andhra Pradesh,Nellore,15.9191,80.6757,City Road,Clear,Day,49,Male,Car,44,No,No,No,Signal Jumping,Low,1.0
ACC36672,05-09-2024,11:52,Karnataka,Bengaluru Urban,15.3041,76.0176,Village Road,Clear,Day,58,Male,Car,54,No,No,No,Signal Jumping,Low,0.0
ACC36673,02-03-2024,18:46,Puducherry,Karaikal,11.7086,79.7413,State Highway,Clear,Dusk,30,Female,Auto,51,No,No,Yes,Signal Jumping,Low,0.0
ACC36674,08-12-2022,13:44,Tamil Nadu,Madurai,11.2066,78.0299,City Road,Rainy,Day,47,Male,Truck,17,No,No,Yes,Poor Weather Visibility,Low,1.0
ACC36675,26-11-2024,10:17,Kerala,Thrissur,10.7715,76.4455,State Highway,Clear,Day,27,Male,Bike,63,No,No,No,Signal Jumping,Medium,1.0
ACC36676,11-01-2024,16:38,Puducherry,Puducherry,11.6797,79.7499,City Road,Clear,Day,40,Male,Bus,37,No,No,No,Signal Jumping,Low,
ACC36677,01-11-2022,12:57,Telangana,Khammam,17.8453,78.8878,State Highway,Overcast,Day,28,Male,Auto,38,No,No,No,Poor Weather Visibility,Low,1.0
ACC36678,09-07-2022,19:54,Kerala,Thiruvananthapuram,10.6532,75.8057,Expressway,Rainy,Night,36,Male,Car,87,No,No,No,Poor Weather Visibility,High,7.0
ACC36679,15-02-2024,01:56,Tamil Nadu,Tiruchirappalli,11.2541,78.8806,State Highway,Overcast,Night,53,Female,Bus,57,No,No,No,Poor Weather Visibility,Medium,2.0
ACC36680,07-12-2024,12:38,Karnataka,Bengaluru Urban,15.0589,76.3368,State Highway,Cloudy,Day,63,Male,Bike,73,No,No,No,Over Speeding,Medium,3.0
ACC36681,14-07-2024,12:51,Karnataka,Belagavi,15.1683,74.8957,City Road,Rainy,Day,22,Male,Bike,66,No,No,No,Poor Weather Visibility,Medium,4.0
ACC36682,23-03-2023,13:26,Andhra Pradesh,Vijayawada,15.8065,80.2105,National Highway,Overcast,Day,42,Male,Bike,67,No,No,Yes,Pothole/Bad Road,High,5.0
ACC36683,16-01-2023,11:14,Andhra Pradesh,Nellore,15.7033,79.4453,City Road,Rainy,Day,18,Male,Bike,61,No,No,No,Poor Weather Visibility,Medium,4.0
ACC36684,02-10-2022,11:25,Tamil Nadu,Tiruchirappalli,11.3626,79.0991,National Highway,Rainy,Day,35,Male,Truck,52,No,No,No,Poor Weather Visibility,Low,3.0
ACC36685,20-06-2023,19:39,Kerala,Kollam,10.4203,75.6873,Expressway,Cloudy,Night,31,Female,Bike,80,No,No,No,Over Speeding,High,5.0
ACC36686,05-08-2023,14:25,Telangana,Hyderabad,17.6148,79.381,Expressway,Rainy,Day,42,Male,Bus,73,No,No,No,Poor Weather Visibility,Medium,3.0
ACC36687,25-04-2022,17:09,Tamil Nadu,Coimbatore,11.2435,78.2586,Village Road,Clear,Dusk,37,Male,Car,36,Yes,No,No,Drunk Driving,Medium,2.0
ACC36688,21-04-2023,04:31,Andhra Pradesh,Guntur,16.3798,79.2775,Expressway,Foggy,Night,30,Male,Bus,73,No,No,No,Poor Weather Visibility,High,6.0
ACC36689,08-08-2022,15:29,Karnataka,Mysuru,15.1,75.8823,State Highway,Rainy,Day,58,Male,Car,85,No,Yes,No,Poor Weather Visibility,High,3.0
ACC36690,31-10-2024,22:41,Karnataka,Hubballi,15.082,75.556,City Road,Rainy,Night,47,Female,Bus,43,No,No,Yes,Poor Weather Visibility,Medium,2.0
ACC36691,21-08-2024,17:57,Andhra Pradesh,Kurnool,15.686,79.7783,Village Road,Clear,Dusk,54,Female,Bike,43,No,No,Yes,Pothole/Bad Road,Low,2.0