Accident_ID,Date,Time,State,District,Latitude,Longitude,Road_Type,Weather,Light_Condition,Driver_Age,Driver_Gender,Vehicle_Type,Speed_kmph,Alcohol_Involved,Driver_Drowsy,Pothole_Involved,Cause_of_Accident,Severity,Casualties
ACC36692,22-11-2023,15:44,Karnataka,Hubballi,15.5505,76.0269,City Road,Rainy,Day,36,Male,Bike,47,No,Yes,No,Poor Weather Visibility,Medium,1.0
ACC36693,18-06-2023,01:22,Kerala,Thiruvananthapuram,10.1163,76.4321,Expressway,Clear,Night,33,Male,Car,74,No,Yes,No,Drowsy Driving,High,3.0
ACC36694,16-04-2022,05:55,Telangana,Karimnagar,17.2635,79.4967,National Highway,Clear,Dawn,44,Male,Bike,62,No,No,No,Signal Jumping,Medium,4.0
ACC36695,25-03-2023,15:19,Andhra Pradesh,Visakhapatnam,15.9357,79.9112,City Road,Clear,Day,49,Male,Car,45,No,No,Yes,Pothole/Bad Road,Low,
ACC36696,27-10-2022,00:20,Tamil Nadu,Chennai,11.3193,78.8288,Expressway,Clear,Night,41,Male,Bus,88,No,Yes,No,Over Speeding,High,6.0
ACC36697,15-04-2024,12:40,Tamil Nadu,Tiruchirappalli,11.0994,79.1374,City Road,Cloudy,Day,18,Male,Bus,47,No,Yes,No,Drowsy Driving,Medium,5.0
ACC36698,18-12-2024,18:51,Karnataka,Mangaluru,15.3711,75.8002,City Road,Overcast,Dusk,32,Female,Auto,58,Yes,No,No,Drunk Driving,Medium,1.0
ACC36699,02-12-2024,14:33,Kerala,Kollam,10.3201,76.1332,National Highway,Rainy,Day,59,Male,Auto,66,No,No,No,Poor Weather Visibility,Medium,1.0
ACC36700,24-01-2024,08:56,Karnataka,Belagavi,14.9749,75.6719,State Highway,Cloudy,Day,24,Male,Car,66,No,No,No,Poor Weather Visibility,Medium,2.0
ACC36701,05-01-2023,07:21,Andhra Pradesh,Visakhapatnam,15.6738,80.7015,National Highway,Foggy,Day,50,Female,Bike,68,No,No,No,Poor Weather Visibility,High,5.0
ACC36702,23-05-2022,11:12,Puducherry,Puducherry,12.2079,79.6692,State Highway,Clear,Day,18,Male,Auto,53,Yes,Yes,No,Drunk Driving,Medium,
ACC36703,25-12-2023,17:53,Telangana,Hyderabad,17.5512,78.8679,City Road,Overcast,Dusk,18,Male,Car,39,No,No,No,Poor Weather Visibility,Low,1.0
ACC36704,04-02-2023,07:01,Tamil Nadu,Madurai,11.6357,79.1291,Village Road,Clear,Day,38,Male,Bike,68,Yes,No,No,Drunk Driving,Medium,4.0
ACC36705,31-05-2023,14:25,Telangana,Nizamabad,17.5977,78.3163,State Highway,Clear,Day,18,Male,Bike,46,No,No,No,Poor Weather Visibility,Low,1.0
ACC36706,05-05-2023,11:29,Tamil Nadu,Coimbatore,10.5681,78.7086,State Highway,Rainy,Day,61,Male,Bike,58,No,No,No,Poor Weather Visibility,Low,1.0
ACC36707,05-05-2022,03:22,Andhra Pradesh,Visakhapatnam,16.041,79.3126,City Road,Overcast,Night,39,Female,Car,47,No,No,No,Poor Weather Visibility,Low,
ACC36708,01-07-2023,22:03,Puducherry,Karaikal,12.1674,80.1575,City Road,Overcast,Night,47,Male,Bike,43,No,No,No,Poor Weather Visibility,Low,3.0
ACC36709,11-08-2022,13:11,Kerala,Ernakulam,9.9188,76.4249,State Highway,Foggy,Day,37,Male,Auto,67,No,No,No,Poor Weather Visibility,High,6.0
ACC36710,16-01-2022,21:15,Telangana,Nizamabad,18.1905,79.2063,City Road,Clear,Night,22,Female,Car,55,Yes,No,Yes,Drunk Driving,Medium,3.0
ACC36711,18-04-2022,14:41,Karnataka,Mangaluru,15.0216,76.0942,State Highway,Clear,Day,28,Female,Bike,44,No,No,Yes,Pothole/Bad Road,Low,1.0
ACC36712,20-02-2022,03:01,Tamil Nadu,Coimbatore,11.5339,78.5552,Village Road,Cloudy,Night,29,Male,Car,61,Yes,No,Yes,Drunk Driving,Medium,5.0
ACC36713,22-06-2023,20:30,Karnataka,Belagavi,15.3926,76.6146,City Road,Clear,Night,42,Male,Truck,72,Yes,No,No,Drunk Driving,Medium,3.0
ACC36714,02-07-2023,01:07,Karnataka,Bengaluru Urban,15.1641,76.388,City Road,Overcast,Night,44,Female,Bike,42,No,No,No,Poor Weather Visibility,Low,1.0
ACC36715,13-03-2022,10:46,Karnataka,Bengaluru Urban,15.149,74.9188,Village Road,Cloudy,Day,59,Female,Car,46,No,No,No,Poor Weather Visibility,Low,0.0
ACC36716,20-10-2022,05:28,Tamil Nadu,Chennai,11.1971,79.1781,State Highway,Clear,Dawn,45,Male,Bike,65,No,No,No,Signal Jumping,Low,0.0
ACC36717,05-07-2022,10:31,Telangana,Karimnagar,18.1718,78.4722,City Road,Clear,Day,35,Male,Bike,32,No,No,No,Signal Jumping,Low,0.0
ACC36718,08-09-2023,14:42,Tamil Nadu,Coimbatore,11.3633,78.0648,City Road,Clear,Day,41,Male,Truck,41,No,No,No,Poor Weather Visibility,Low,1.0
ACC36719,23-08-2022,07:57,Kerala,Kollam,10.0003,76.0715,City Road,Rainy,Day,42,Male,Bike,36,No,No,Yes,Poor Weather Visibility,Medium,1.0
ACC36720,28-02-2024,18:12,Karnataka,Bengaluru Urban,15.0581,75.4735,National Highway,Foggy,Dusk,31,Female,Truck,69,No,No,No,Poor Weather Visibility,Medium,1.0
ACC36721,15-02-2022,07:15,Andhra Pradesh,Visakhapatnam,16.0899,79.3321,National Highway,Foggy,Day,25,Male,Car,56,No,No,No,Poor Weather Visibility,Low,1.0
ACC36722,06-02-2023,19:24,Karnataka,Bengaluru Urban,15.2545,75.4362,City Road,Clear,Night,18,Male,Auto,63,Yes,No,No,Drunk Driving,Medium,0.0
ACC36723,26-10-2022,20:32,Kerala,Thrissur,11.0046,76.5285,City Road,Clear,Night,45,Male,Bus,40,No,No,No,Signal Jumping,Low,0.0
ACC36724,08-12-2024,14:52,Andhra Pradesh,Kurnool,15.9411,79.9099,City Road,Foggy,Day,53,Male,Bus,56,No,No,No,Poor Weather Visibility,Medium,
ACC36725,16-10-2023,09:00,Telangana,Karimnagar,17.7439,79.0838,City Road,Clear,Day,29,Male,Car,51,No,No,No,Poor Weather Visibility,Low,1.0
ACC36726,04-06-2022,08:41,Andhra Pradesh,Nellore,16.1065,80.2629,City Road,Cloudy,Day,48,Male,Bike,41,No,No,No,Poor Weather Visibility,Low,1.0
ACC36727,04-02-2022,14:48,Kerala,Thrissur,10.3851,76.8219,State Highway,Clear,Day,45,Male,Car,67,No,No,No,Over Speeding,Low,2.0
ACC36728,23-02-2023,11:58,Andhra Pradesh,Visakhapatnam,15.4535,79.3593,National Highway,Foggy,Day,50,Male,Car,74,No,No,Yes,Poor Weather Visibility,Medium,2.0
ACC36729,02-11-2022,18:07,Kerala,Kozhikode,9.9683,76.0476,Village Road,Rainy,Dusk,18,Female,Bike,52,No,No,Yes,Poor Weather Visibility,Medium,6.0
ACC36730,15-09-2022,06:27,Tamil Nadu,Tiruchirappalli,10.8052,78.7321,State Highway,Clear,Day,44,Female,Car,64,No,No,No,Signal Jumping,Low,3.0
ACC36731,27-09-2023,22:25,Karnataka,Hubballi,15.7306,74.7565,City Road,Cloudy,Night,53,Male,Auto,50,No,No,No,Poor Weather Visibility,Low,1.0
ACC36732,20-11-2023,02:36,Kerala,Thiruvananthapuram,10.2454,76.3794,Village Road,Cloudy,Night,22,Male,Car,48,No,No,No,Poor Weather Visibility,Medium,1.0
ACC36733,20-11-2023,14:16,Telangana,Hyderabad,17.6589,79.0218,City Road,Foggy,Day,42,Male,Bike,42,No,No,No,Poor Weather Visibility,Low,2.0
ACC36734,04-01-2022,09:14,Karnataka,Bengaluru Urban,15.6768,74.7736,City Road,Clear,Day,23,Female,Bike,44,No,No,No,Signal Jumping,Low,1.0
ACC36735,09-02-2024,16:21,Andhra Pradesh,Kurnool,16.0605,79.5719,Expressway,Overcast,Day,56,Male,Bus,64,No,No,No,Signal Jumping,Low,0.0
ACC36736,20-11-2022,14:22,Telangana,Karimnagar,18.267,78.9059,Village Road,Clear,Day,33,Male,Bike,43,No,No,Yes,Pothole/Bad Road,Low,0.0
ACC36737,25-02-2023,18:32,Tamil Nadu,Tiruchirappalli,11.2168,78.979,City Road,Clear,Dusk,24,Female,Bus,45,No,No,Yes,Pothole/Bad Road,Low,1.0
ACC36738,06-05-2023,18:47,Telangana,Hyderabad,17.82,78.4704,Village Road,Foggy,Dusk,37,Male,Auto,47,No,No,Yes,Poor Weather Visibility,Medium,2.0
ACC36739,16-01-2023,22:39,Kerala,Kollam,10.0492,76.4695,State Highway,Clear,Night,61,Male,Bike,64,No,Yes,Yes,Drowsy Driving,Medium,1.0
ACC36740,02-11-2022,08:57,Kerala,Kozhikode,10.3906,75.9337,National Highway,Cloudy,Day,34,Male,Bike,63,No,No,No,Poor Weather Visibility,Medium,2.0
ACC36741,16-11-2022,07:39,Kerala,Kozhikode,9.6479,77.1713,City Road,Cloudy,Day,27,Male,Car,39,No,No,No,Poor Weather Visibility,Low,0.0
ACC36742,09-08-2024,15:11,Karnataka,Belagavi,15.3171,76.132,City Road,Rainy,Day,48,Male,Bike,55,No,No,No,Poor Weather Visibility,Medium,2.0
ACC36743,03-04-2023,08:06,Telangana,Nizamabad,18.0716,79.1095,State Highway,Clear,Day,18,Male,Car,58,No,No,No,Signal Jumping,Medium,7.0
ACC36744,11-08-2022,14:17,Karnataka,Mysuru,15.2403,75.3402,Village Road,Rainy,Day,43,Male,Bike,60,No,No,No,Poor Weather Visibility,Low,0.0
ACC36745,12-07-2023,13:52,Karnataka,Belagavi,14.537,76.1332,Village Road,Clear,Day,37,Male,Bike,63,Yes,No,Yes,Drunk Driving,Medium,
ACC36746,10-06-2024,05:24,Karnataka,Mangaluru,15.7429,76.1185,Village Road,Clear,Dawn,38,Male,Auto,38,No,No,No,Signal Jumping,Low,1.0
ACC36747,06-07-2024,10:03,Karnataka,Belagavi,15.8056,75.9169,State Highway,Clear,Day,45,Male,Bike,49,No,No,No,Signal Jumping,Low,1.0
ACC36748,29-09-2023,14:34,Telangana,Karimnagar,17.2199,78.8266,Expressway,Clear,Day,34,Male,Bus,91,No,No,No,Over Speeding,Low,3.0
ACC36749,05-05-2023,14:50,Karnataka,Mysuru,15.3184,75.5866,Village Road,Clear,Day,56,Female,Car,71,Yes,No,No,Drunk Driving,Medium,0.0
ACC36750,20-09-2024,10:49,Tamil Nadu,Tiruchirappalli,11.4727,78.5462,State Highway,Cloudy,Day,42,Male,Truck,55,No,No,No,Poor Weather Visibility,Low,1.0
ACC36751,02-11-2022,18:24,Telangana,Warangal,18.4264,79.2595,City Road,Overcast,Dusk,18,Male,Truck,47,No,No,No,Poor Weather Visibility,Low,0.0
ACC36752,19-03-2023,14:01,Kerala,Thrissur,10.4152,76.2383,State Highway,Clear,Day,41,Male,Bike,87,Yes,No,No,Over Speeding,High,6.0
ACC36753,22-06-2024,05:22,Karnataka,Mysuru,15.1348,75.2617,Expressway,Rainy,Dawn,37,Female,Auto,91,No,No,No,Over Speeding,High,10.0
ACC36754,05-12-2022,20:43,Telangana,Warangal,17.6894,78.816,Village Road,Overcast,Night,32,Female,Car,43,No,No,No,Signal Jumping,Low,0.0
ACC36755,20-07-2024,09:36,Telangana,Hyderabad,17.3038,78.5609,Expressway,Clear,Day,46,Male,Bus,107,Yes,No,No,Over Speeding,High,4.0
ACC36756,05-09-2023,18:50,Andhra Pradesh,Visakhapatnam,16.0048,79.0241,State Highway,Clear,Dusk,37,Male,Bike,83,No,No,No,Over Speeding,Medium,
ACC36757,17-08-2023,12:50,Karnataka,Belagavi,15.1607,74.9218,Village Road,Clear,Day,42,Male,Bike,39,No,No,No,Poor Weather Visibility,Low,2.0
ACC36758,02-12-2024,19:54,Kerala,Thiruvananthapuram,9.7561,76.2033,City Road,Clear,Night,24,Male,Bike,33,No,Yes,No,Drowsy Driving,Low,1.0
ACC36759,10-02-2022,10:49,Telangana,Karimnagar,17.8219,78.9771,Village Road,Overcast,Day,26,Male,Bike,33,No,No,Yes,Pothole/Bad Road,Low,1.0
ACC36760,26-05-2022,20:16,Tamil Nadu,Chennai,10.9186,77.8175,City Road,Cloudy,Night,46,Male,Truck,64,No,No,No,Poor Weather Visibility,Medium,0.0
ACC36761,05-11-2023,08:02,Kerala,Ernakulam,10.4495,76.0964,Village Road,Clear,Day,28,Male,Truck,66,No,Yes,No,Drowsy Driving,Low,2.0
ACC36762,31-08-2024,21:42,Andhra Pradesh,Vijayawada,15.9502,79.3492,State Highway,Cloudy,Night,21,Male,Car,73,Yes,No,No,Drunk Driving,High,5.0
ACC36763,20-01-2022,23:35,Kerala,Thiruvananthapuram,10.5977,75.843,City Road,Overcast,Night,23,Male,Truck,61,No,Yes,Yes,Drowsy Driving,High,3.0
ACC36764,09-01-2022,08:27,Andhra Pradesh,Vijayawada,15.8235,79.2225,Village Road,Clear,Day,49,Male,Truck,43,No,No,No,Signal Jumping,Low,0.0
ACC36765,23-12-2023,04:55,Telangana,Karimnagar,18.5865,79.0321,National Highway,Cloudy,Night,42,Male,Car,83,No,Yes,No,Over Speeding,High,6.0
ACC36766,23-10-2022,07:42,Kerala,Kozhikode,10.6305,76.3951,Expressway,Overcast,Day,48,Male,Bike,105,No,No,No,Over Speeding,High,9.0
ACC36767,27-11-2024,13:42,Andhra Pradesh,Nellore,16.0571,79.4113,City Road,Clear,Day,44,Male,Bike,47,No,No,No,Poor Weather Visibility,Low,3.0
ACC36768,08-10-2022,23:43,Tamil Nadu,Salem,11.4347,78.5368,City Road,Clear,Night,30,Female,Bike,49,No,Yes,No,Drowsy Driving,Low,0.0
ACC36769,17-11-2024,20:54,Telangana,Karimnagar,18.0359,78.6226,City Road,Clear,Night,33,Female,Car,71,No,No,No,Over Speeding,Low,0.0
ACC36770,30-04-2022,23:56,Kerala,Thiruvananthapuram,9.7321,76.3042,Village Road,Overcast,Night,37,Female,Car,24,No,Yes,No,Drowsy Driving,Low,1.0
ACC36771,19-12-2022,19:54,Tamil Nadu,Chennai,10.6351,78.2125,City Road,Rainy,Night,37,Male,Truck,61,No,No,No,Poor Weather Visibility,Low,0.0
ACC36772,20-03-2023,21:57,Telangana,Warangal,17.196,78.7499,City Road,Clear,Night,44,Male,Car,36,No,No,No,Signal Jumping,Low,1.0
ACC36773,01-01-2024,18:28,Karnataka,Mysuru,15.8585,76.061,City Road,Rainy,Dusk,54,Male,Car,49,No,No,Yes,Poor Weather Visibility,Low,0.0
ACC36774,13-07-2024,22:46,Tamil Nadu,Madurai,10.4678,78.3148,Expressway,Clear,Night,18,Male,Car,87,Yes,No,No,Over Speeding,High,3.0
ACC36775,21-09-2023,15:04,Tamil Nadu,Chennai,10.8073,78.8126,State Highway,Rainy,Day,37,Female,Bike,32,No,No,Yes,Poor Weather Visibility,Low,1.0
ACC36776,01-03-2023,04:57,Karnataka,Belagavi,14.6118,76.3457,State Highway,Clear,Night,34,Male,Bike,69,No,Yes,No,Drowsy Driving,Medium,2.0
ACC36777,08-06-2024,23:17,Karnataka,Mysuru,15.317,75.4662,City Road,Clear,Night,41,Male,Auto,79,Yes,No,No,Drunk Driving,High,9.0
ACC36778,12-04-2022,09:51,Tamil Nadu,Chennai,10.1028,78.788,Village Road,Clear,Day,24,Male,Auto,69,Yes,Yes,Yes,Signal Jumping,High,3.0
ACC36779,28-11-2023,09:09,Kerala,Thrissur,10.4083,76.4709,City Road,Clear,Day,55,Female,Bike,47,Yes,Yes,No,Drunk Driving,Medium,5.0
ACC36780,05-05-2024,09:23,Kerala,Ernakulam,10.1295,77.145,National Highway,Clear,Day,44,Male,Bike,61,No,No,No,Signal Jumping,Medium,6.0
ACC36781,23-01-2023,01:46,Tamil Nadu,Tiruchirappalli,11.1931,78.1952,City Road,Cloudy,Night,27,Female,Car,35,No,No,No,Poor Weather Visibility,Low,0.0
ACC36782,27-05-2024,20:15,Karnataka,Mangaluru,15.1297,76.2545,National Highway,Clear,Night,31,Male,Bike,79,No,No,No,Over Speeding,Medium,2.0
ACC36783,27-12-2023,15:30,Tamil Nadu,Chennai,11.5983,78.1947,State Highway,Clear,Day,37,Male,Auto,46,No,No,No,Signal Jumping,Low,0.0
ACC36784,09-10-2024,20:42,Kerala,Thiruvananthapuram,11.0143,76.4452,City Road,Rainy,Night,41,Female,Bike,53,Yes,Yes,Yes,Poor Weather Visibility,High,9.0
ACC36785,28-05-2024,01:30,Andhra Pradesh,Guntur,15.7411,79.7267,Village Road,Clear,Night,30,Male,Bus,36,No,No,No,Signal Jumping,Low,0.0
ACC36786,13-05-2024,11:22,Andhra Pradesh,Guntur,15.7676,79.8439,Village Road,Clear,Day,49,Male,Car,31,No,No,No,Signal Jumping,Low,1.0
ACC36787,11-02-2023,14:18,Tamil Nadu,Madurai,10.8924,78.433,City Road,Cloudy,Day,18,Female,Auto,67,No,No,Yes,Pothole/Bad Road,Medium,4.0
ACC36788,25-04-2024,13:59,Andhra Pradesh,Vijayawada,15.9985,79.3194,State Highway,Overcast,Day,44,Female,Car,69,No,No,No,Poor Weather Visibility,Medium,3.0
ACC36789,05-03-2024,13:00,Tamil Nadu,Tiruchirappalli,10.7234,79.2419,Expressway,Cloudy,Day,43,Male,Car,91,No,No,No,Over Speeding,High,4.0
ACC36790,27-03-2024,13:50,Karnataka,Mangaluru,14.8829,76.4576,City Road,Clear,Day,24,Female,Bike,27,No,Yes,No,Drowsy Driving,Low,1.0
ACC36791,09-05-2024,21:42,Telangana,Hyderabad,17.6451,78.9135,National Highway,Overcast,Night,33,Male,Car,72,No,No,No,Poor Weather Visibility,Medium,2.0
ACC36792,15-01-2023,20:35,Andhra Pradesh,Vijayawada,15.7167,79.6133,Village Road,Rainy,Night,38,Male,Bike,52,No,No,No,Poor Weather Visibility,Medium,3.0
ACC36793,01-10-2023,20:02,Tamil Nadu,Tiruchirappalli,11.5089,78.4909,State Highway,Overcast,Night,18,Male,Bike,64,No,No,No,Poor Weather Visibility,Low,3.0
ACC36794,18-06-2022,08:42,Kerala,Kozhikode,10.8704,76.1535,State Highway,Clear,Day,30,Female,Bike,78,No,No,No,Over Speeding,High,6.0
ACC36795,27-09-2024,14:38,Karnataka,Bengaluru Urban,15.4056,75.2599,Village Road,Cloudy,Day,48,Male,Bike,64,No,No,No,Poor Weather Visibility,Medium,3.0
ACC36796,11-01-2023,18:26,Karnataka,Belagavi,15.1646,75.2592,State Highway,Rainy,Dusk,27,Male,Bus,86,No,Yes,No,Poor Weather Visibility,High,4.0
ACC36797,31-08-2023,15:02,Karnataka,Mangaluru,15.3505,75.5395,Village Road,Clear,Day,32,Male,Bike,39,No,No,Yes,Pothole/Bad Road,Low,2.0
ACC36798,10-12-2023,16:37,Puducherry,Karaikal,12.1255,79.972,State Highway,Clear,Day,18,Male,Car,82,Yes,No,No,Drunk Driving,Medium,6.0
ACC36799,21-01-2023,14:53,Tamil Nadu,Salem,11.0393,78.1104,City Road,Cloudy,Day,21,Male,Bike,48,No,Yes,No,Drowsy Driving,Medium,3.0
ACC36800,12-12-2023,05:30,Tamil Nadu,Coimbatore,11.019,78.4018,National Highway,Rainy,Dawn,50,Female,Bus,70,No,Yes,No,Poor Weather Visibility,Medium,5.0
ACC36801,22-02-2023,02:47,Tamil Nadu,Salem,11.0805,78.2953,State Highway,Rainy,Night,32,Male,Bike,79,Yes,No,No,Poor Weather Visibility,High,4.0
ACC36802,24-04-2022,22:56,Tamil Nadu,Chennai,10.889,78.5416,City Road,Clear,Night,45,Male,Bike,69,No,Yes,No,Drowsy Driving,High,5.0
ACC36803,06-04-2023,13:46,Kerala,Kollam,9.8455,76.0854,National Highway,Overcast,Day,54,Male,Bus,69,No,No,No,Poor Weather Visibility,Medium,1.0
ACC36804,15-04-2023,07:05,Karnataka,Bengaluru Urban,15.2361,75.1254,City Road,Clear,Day,21,Male,Car,47,No,No,No,Signal Jumping,Low,
ACC36805,22-08-2024,18:52,Karnataka,Hubballi,15.3319,75.9182,National Highway,Cloudy,Dusk,34,Male,Auto,85,Yes,No,No,Drunk Driving,High,3.0
ACC36806,27-05-2022,07:53,Puducherry,Karaikal,11.7122,79.5654,City Road,Rainy,Day,63,Female,Auto,56,Yes,No,No,Poor Weather Visibility,Medium,
ACC36807,15-08-2023,12:45,Karnataka,Bengaluru Urban,14.8239,76.1886,City Road,Clear,Day,34,Male,Bus,55,No,Yes,No,Drowsy Driving,Low,4.0
ACC36808,18-09-2024,15:30,Kerala,Thrissur,10.1876,76.5867,State Highway,Cloudy,Day,41,Male,Bike,60,No,No,No,Poor Weather Visibility,Medium,4.0
ACC36809,22-03-2024,07:58,Karnataka,Belagavi,15.1733,76.401,State Highway,Rainy,Day,33,Male,Auto,70,No,No,No,Poor Weather Visibility,High,4.0
ACC36810,02-03-2023,09:22,Karnataka,Mangaluru,15.3278,76.0002,State Highway,Overcast,Day,32,Male,Car,56,No,Yes,No,Drowsy Driving,Low,4.0
ACC36811,03-12-2023,09:20,Tamil Nadu,Madurai,10.7618,78.6352,Village Road,Clear,Day,42,Male,Auto,36,No,No,No,Signal Jumping,Low,2.0
ACC36812,18-06-2023,06:26,Andhra Pradesh,Guntur,16.177,79.1293,State Highway,Cloudy,Day,46,Male,Car,50,No,No,No,Poor Weather Visibility,Low,0.0
ACC36813,03-06-2023,07:06,Telangana,Khammam,17.6575,79.6764,State Highway,Overcast,Day,45,Female,Bike,68,No,No,No,Poor Weather Visibility,High,4.0
ACC36814,13-05-2023,15:39,Karnataka,Bengaluru Urban,14.8796,75.6105,Expressway,Clear,Day,27,Male,Car,66,No,No,No,Over Speeding,Low,
ACC36815,24-02-2023,00:15,Andhra Pradesh,Guntur,15.9465,79.5217,Village Road,Foggy,Night,19,Female,Car,15,No,No,No,Poor Weather Visibility,Low,0.0
ACC36816,15-11-2024,16:57,Puducherry,Puducherry,11.6421,79.5224,City Road,Foggy,Day,36,Male,Car,46,Yes,No,No,Poor Weather Visibility,High,8.0
ACC36817,12-07-2022,19:04,Karnataka,Hubballi,14.6735,76.0503,City Road,Clear,Night,49,Female,Auto,50,No,Yes,No,Drowsy Driving,Low,0.0
ACC36818,19-08-2023,12:04,Telangana,Nizamabad,17.8476,79.7298,State Highway,Rainy,Day,29,Female,Bus,23,No,No,No,Poor Weather Visibility,Low,0.0
ACC36819,09-06-2022,14:54,Tamil Nadu,Salem,10.9012,78.5916,National Highway,Cloudy,Day,25,Male,Car,67,No,No,No,Signal Jumping,Medium,3.0
ACC36820,20-05-2024,14:51,Andhra Pradesh,Nellore,16.0069,79.0407,City Road,Clear,Day,18,Male,Car,44,No,No,Yes,Pothole/Bad Road,Low,0.0
ACC36821,28-03-2022,07:20,Puducherry,Karaikal,11.9786,79.1306,City Road,Cloudy,Day,35,Male,Bike,37,No,No,Yes,Pothole/Bad Road,Low,0.0
ACC36822,14-10-2024,10:03,Tamil Nadu,Madurai,11.8916,78.9578,Village Road,Clear,Day,31,Male,Bike,49,No,Yes,Yes,Drowsy Driving,Medium,1.0
ACC36823,17-05-2024,13:32,Karnataka,Hubballi,15.9839,75.851,Village Road,Overcast,Day,25,Male,Car,34,No,No,No,Poor Weather Visibility,Low,0.0
ACC36824,26-09-2022,07:23,Karnataka,Mangaluru,15.752,75.0816,State Highway,Clear,Day,46,Male,Car,64,No,Yes,No,Drowsy Driving,Medium,1.0
ACC36825,09-07-2024,14:11,Karnataka,Belagavi,15.0813,75.7352,Expressway,Rainy,Day,38,Male,Bus,82,No,No,Yes,Poor Weather Visibility,High,11.0
ACC36826,09-05-2022,11:35,Karnataka,Mysuru,16.0662,75.6666,City Road,Clear,Day,45,Male,Bus,70,Yes,No,No,Drunk Driving,Medium,1.0
ACC36827,16-02-2023,16:12,Andhra Pradesh,Nellore,15.3844,79.3274,State Highway,Rainy,Day,21,Male,Bike,77,No,No,No,Poor Weather Visibility,High,5.0
ACC36828,20-10-2023,18:35,Puducherry,Karaikal,12.2619,79.7249,State Highway,Cloudy,Dusk,61,Female,Car,47,No,No,No,Poor Weather Visibility,Low,0.0
ACC36829,09-09-2023,06:15,Kerala,Kollam,9.8993,77.0725,State Highway,Clear,Day,54,Male,Car,63,No,No,No,Over Speeding,Low,2.0
ACC36830,02-01-2024,09:41,Kerala,Kollam,9.8612,76.5894,National Highway,Cloudy,Day,47,Male,Truck,63,No,No,No,Poor Weather Visibility,Medium,3.0
ACC36831,02-07-2022,09:45,Tamil Nadu,Coimbatore,11.0513,78.0499,State Highway,Rainy,Day,28,Male,Car,57,No,No,No,Poor Weather Visibility,Low,0.0
ACC36832,14-11-2022,00:27,Puducherry,Karaikal,11.9244,79.5138,Expressway,Rainy,Night,46,Female,Bike,78,No,No,No,Poor Weather Visibility,High,9.0
ACC36833,22-02-2024,01:36,Telangana,Hyderabad,17.6071,79.6287,National Highway,Clear,Night,55,Male,Bike,73,No,No,No,Over Speeding,Medium,1.0
ACC36834,13-01-2024,19:05,Tamil Nadu,Chennai,11.482,78.9057,City Road,Cloudy,Night,45,Male,Auto,54,No,Yes,No,Drowsy Driving,Medium,3.0
ACC36835,16-09-2023,13:55,Andhra Pradesh,Kurnool,16.0462,78.9353,Village Road,Cloudy,Day,58,Female,Car,49,No,No,No,Poor Weather Visibility,Low,1.0
ACC36836,02-06-2022,08:01,Kerala,Kozhikode,10.1908,76.6743,National Highway,Clear,Day,38,Male,Car,71,No,No,No,Over Speeding,Medium,4.0
ACC36837,30-03-2024,11:54,Telangana,Nizamabad,17.6644,78.8026,Expressway,Overcast,Day,49,Female,Bike,83,No,No,No,Over Speeding,Medium,1.0
ACC36838,27-01-2022,18:43,Karnataka,Mangaluru,15.3097,75.9448,State Highway,Clear,Dusk,39,Male,Bus,63,Yes,No,No,Drunk Driving,Medium,4.0
ACC36839,18-01-2022,00:01,Tamil Nadu,Salem,11.4768,78.6565,City Road,Clear,Night,52,Male,Auto,67,Yes,No,No,Drunk Driving,Medium,3.0
ACC36840,21-05-2024,08:02,Karnataka,Mangaluru,15.4784,75.7487,State Highway,Overcast,Day,51,Male,Car,66,No,Yes,No,Drowsy Driving,Medium,7.0
ACC36841,12-12-2022,18:05,Puducherry,Karaikal,11.9179,79.2349,National Highway,Cloudy,Dusk,30,Male,Car,83,No,No,No,Over Speeding,Medium,3.0
ACC36842,26-03-2022,21:52,Andhra Pradesh,Visakhapatnam,16.4317,79.8826,City Road,Overcast,Night,26,Male,Bike,64,No,No,Yes,Signal Jumping,Medium,4.0
ACC36843,27-08-2023,08:32,Kerala,Kollam,10.4218,75.3919,State Highway,Clear,Day,44,Female,Truck,55,No,No,No,Signal Jumping,Low,1.0
ACC36844,23-02-2024,16:57,Andhra Pradesh,Nellore,15.988,80.0702,Expressway,Cloudy,Day,53,Male,Auto,79,No,No,No,Over Speeding,Medium,2.0
ACC36845,05-10-2023,16:40,Tamil Nadu,Madurai,11.3867,77.6414,Expressway,Clear,Day,33,Male,Bike,59,No,No,No,Signal Jumping,Low,0.0
ACC36846,31-10-2024,05:10,Tamil Nadu,Chennai,11.5645,78.8255,Expressway,Clear,Dawn,24,Male,Car,105,Yes,Yes,No,Over Speeding,High,5.0
ACC36847,04-02-2022,02:40,Karnataka,Belagavi,15.2419,75.6448,State Highway,Clear,Night,71,Female,Bike,55,No,No,Yes,Pothole/Bad Road,Medium,5.0
ACC36848,01-01-2023,20:40,Tamil Nadu,Tiruchirappalli,11.2703,78.7467,Village Road,Cloudy,Night,36,Male,Bike,45,Yes,No,No,Drunk Driving,Medium,2.0