Accident_ID,Date,Time,State,District,Latitude,Longitude,Road_Type,Weather,Light_Condition,Driver_Age,Driver_Gender,Vehicle_Type,Speed_kmph,Alcohol_Involved,Driver_Drowsy,Pothole_Involved,Cause_of_Accident,Severity,Casualties
ACC36849,13-03-2024,16:23,Tamil Nadu,Coimbatore,12.074,78.5605,City Road,Rainy,Day,39,Male,Bike,49,No,No,No,Poor Weather Visibility,Low,0.0
ACC36850,24-03-2023,16:21,Puducherry,Puducherry,11.5294,79.6841,State Highway,Cloudy,Day,57,Male,Truck,68,No,No,No,Poor Weather Visibility,Medium,4.0
ACC36851,06-05-2022,18:58,Karnataka,Bengaluru Urban,15.7137,75.5557,State Highway,Overcast,Dusk,26,Male,Auto,76,No,Yes,No,Drowsy Driving,High,6.0
ACC36852,26-06-2023,09:20,Karnataka,Belagavi,15.7649,75.8929,Village Road,Clear,Day,28,Male,Car,17,No,No,No,Signal Jumping,Low,1.0
ACC36853,22-06-2024,18:16,Andhra Pradesh,Vijayawada,16.5255,79.8489,Village Road,Foggy,Dusk,75,Male,Truck,43,No,No,Yes,Poor Weather Visibility,Low,3.0
ACC36854,28-05-2022,07:31,Karnataka,Mangaluru,15.2228,75.6786,Expressway,Overcast,Day,38,Female,Car,49,No,No,No,Poor Weather Visibility,Low,1.0
ACC36855,05-11-2024,20:22,Karnataka,Hubballi,15.4375,75.3209,National Highway,Cloudy,Night,18,Male,Car,83,No,Yes,No,Over Speeding,High,6.0
ACC36856,03-05-2024,14:36,Telangana,Nizamabad,16.9721,79.5623,City Road,Cloudy,Day,50,Male,Bike,33,No,No,Yes,Pothole/Bad Road,Low,0.0
ACC36857,25-12-2023,18:40,Telangana,Karimnagar,18.0327,79.3217,State Highway,Clear,Dusk,51,Female,Car,71,No,No,No,Over Speeding,Low,0.0
ACC36858,04-06-2022,09:07,Kerala,Kozhikode,10.4822,76.0049,City Road,Rainy,Day,34,Female,Car,47,No,No,No,Poor Weather Visibility,Low,1.0
ACC36859,16-01-2024,10:01,Tamil Nadu,Coimbatore,11.3343,78.2197,City Road,Clear,Day,53,Male,Car,42,No,No,No,Signal Jumping,Low,0.0
ACC36860,15-02-2023,04:59,Andhra Pradesh,Kurnool,16.0768,79.4836,Village Road,Overcast,Night,59,Male,Truck,29,No,No,No,Poor Weather Visibility,Low,0.0
ACC36861,08-07-2023,14:04,Kerala,Thiruvananthapuram,10.2421,76.0879,Expressway,Overcast,Day,35,Male,Bike,75,No,No,Yes,Pothole/Bad Road,High,6.0
ACC36862,18-09-2024,10:13,Karnataka,Hubballi,16.185,76.0454,Village Road,Clear,Day,49,Female,Bike,48,No,No,No,Signal Jumping,Low,2.0
ACC36863,06-04-2023,18:55,Telangana,Nizamabad,18.0447,79.4284,National Highway,Cloudy,Dusk,59,Male,Auto,60,No,No,Yes,Pothole/Bad Road,Medium,5.0
ACC36864,28-07-2023,23:36,Andhra Pradesh,Visakhapatnam,16.0948,79.3212,State Highway,Rainy,Night,33,Male,Bike,29,No,No,Yes,Poor Weather Visibility,Low,1.0
ACC36865,03-03-2023,17:53,Kerala,Ernakulam,10.354,76.0525,Village Road,Cloudy,Dusk,18,Female,Bike,49,No,No,No,Poor Weather Visibility,Medium,3.0
ACC36866,20-06-2024,00:49,Karnataka,Bengaluru Urban,15.4035,74.9395,Village Road,Clear,Night,43,Male,Truck,70,No,Yes,No,Drowsy Driving,Medium,3.0
ACC36867,27-12-2024,09:33,Karnataka,Hubballi,15.1269,75.5594,City Road,Clear,Day,34,Male,Bike,41,No,No,No,Poor Weather Visibility,Low,0.0
ACC36868,05-04-2024,13:53,Telangana,Karimnagar,17.5712,78.3179,City Road,Rainy,Day,18,Female,Bike,28,No,No,Yes,Poor Weather Visibility,Low,0.0
ACC36869,01-11-2022,19:24,Andhra Pradesh,Nellore,16.0365,79.736,Expressway,Clear,Night,18,Male,Car,92,Yes,No,No,Over Speeding,High,5.0
ACC36870,07-01-2022,01:53,Karnataka,Hubballi,15.2757,75.8295,National Highway,Cloudy,Night,18,Male,Truck,58,Yes,Yes,No,Drunk Driving,High,2.0
ACC36871,24-05-2024,22:31,Karnataka,Belagavi,15.2577,75.537,City Road,Clear,Night,24,Male,Car,54,No,Yes,No,Drowsy Driving,Low,1.0
ACC36872,19-06-2023,09:06,Kerala,Ernakulam,9.5455,76.0969,City Road,Clear,Day,39,Male,Car,38,No,No,No,Signal Jumping,Low,1.0
ACC36873,01-12-2024,20:18,Tamil Nadu,Coimbatore,10.8214,77.6989,Village Road,Rainy,Night,49,Male,Truck,25,No,No,No,Poor Weather Visibility,Low,0.0
ACC36874,26-08-2023,16:56,Andhra Pradesh,Visakhapatnam,15.7078,79.7116,Village Road,Cloudy,Day,50,Male,Car,52,No,No,No,Signal Jumping,Low,1.0
ACC36875,02-04-2024,18:23,Andhra Pradesh,Guntur,15.605,79.4514,Expressway,Foggy,Dusk,26,Female,Auto,73,No,No,Yes,Poor Weather Visibility,High,4.0
ACC36876,07-12-2024,19:39,Karnataka,Bengaluru Urban,14.3916,75.4607,Village Road,Overcast,Night,19,Male,Auto,43,No,No,No,Signal Jumping,Medium,3.0
ACC36877,23-11-2023,06:35,Telangana,Hyderabad,18.2169,78.9661,Village Road,Overcast,Day,32,Male,Bike,31,No,No,Yes,Pothole/Bad Road,Low,0.0
ACC36878,18-02-2022,10:57,Andhra Pradesh,Vijayawada,16.8799,79.6109,City Road,Overcast,Day,24,Male,Truck,28,No,Yes,No,Drowsy Driving,Low,3.0
ACC36879,08-07-2024,00:47,Karnataka,Mangaluru,15.4411,75.5774,City Road,Clear,Night,57,Female,Car,54,No,Yes,No,Drowsy Driving,Medium,3.0
ACC36880,11-09-2024,18:55,Kerala,Thrissur,9.6199,76.1944,State Highway,Clear,Dusk,34,Male,Car,56,No,No,No,Signal Jumping,Low,0.0
ACC36881,26-12-2024,15:19,Tamil Nadu,Tiruchirappalli,11.5257,78.917,National Highway,Cloudy,Day,20,Male,Bike,68,No,No,No,Poor Weather Visibility,High,6.0
ACC36882,17-08-2023,05:48,Tamil Nadu,Tiruchirappalli,11.8974,78.4992,National Highway,Overcast,Dawn,43,Male,Car,70,No,No,No,Poor Weather Visibility,Low,1.0
ACC36883,28-07-2024,21:07,Andhra Pradesh,Guntur,15.6375,79.8152,Expressway,Clear,Night,39,Male,Car,77,No,No,No,Over Speeding,Medium,2.0
ACC36884,05-09-2024,14:07,Karnataka,Belagavi,15.1046,76.2247,Village Road,Rainy,Day,46,Male,Bike,22,No,No,No,Poor Weather Visibility,Low,
ACC36885,29-08-2023,13:28,Puducherry,Karaikal,11.9067,79.5401,City Road,Clear,Day,32,Male,Auto,50,No,No,No,Poor Weather Visibility,Low,
ACC36886,06-02-2024,10:40,Kerala,Kozhikode,10.4382,76.1819,Village Road,Cloudy,Day,32,Male,Bike,29,No,No,No,Poor Weather Visibility,Low,1.0
ACC36887,23-07-2023,13:13,Karnataka,Bengaluru Urban,14.855,75.5964,Expressway,Cloudy,Day,29,Female,Truck,65,No,Yes,No,Drowsy Driving,Medium,2.0
ACC36888,14-04-2023,07:38,Telangana,Hyderabad,18.274,78.3222,Village Road,Cloudy,Day,29,Male,Bike,31,No,No,No,Poor Weather Visibility,Low,3.0
ACC36889,07-07-2022,23:43,Karnataka,Bengaluru Urban,15.4956,74.9975,National Highway,Clear,Night,41,Female,Car,63,No,No,No,Over Speeding,Medium,2.0
ACC36890,07-02-2024,08:24,Karnataka,Belagavi,15.2045,76.253,Expressway,Overcast,Day,26,Male,Bike,82,No,No,No,Over Speeding,Low,1.0
ACC36891,22-07-2023,11:32,Kerala,Ernakulam,10.0899,76.4904,Village Road,Cloudy,Day,18,Male,Bike,32,No,No,No,Poor Weather Visibility,Low,1.0
ACC36892,14-08-2022,16:51,Tamil Nadu,Salem,11.1465,79.4309,National Highway,Clear,Day,62,Female,Truck,78,No,No,No,Over Speeding,Medium,1.0
ACC36893,19-03-2024,16:31,Andhra Pradesh,Visakhapatnam,15.893,79.6561,City Road,Clear,Day,59,Male,Car,36,No,No,Yes,Pothole/Bad Road,Low,0.0
ACC36894,03-09-2024,08:11,Tamil Nadu,Tiruchirappalli,11.2062,78.4226,Village Road,Clear,Day,54,Male,Bike,23,No,No,No,Signal Jumping,Low,2.0
ACC36895,16-04-2022,19:29,Karnataka,Belagavi,14.7384,76.1472,City Road,Clear,Night,36,Male,Car,47,No,No,No,Signal Jumping,Low,0.0
ACC36896,05-03-2022,18:23,Puducherry,Karaikal,11.9426,79.8535,State Highway,Clear,Dusk,27,Male,Car,97,Yes,No,No,Over Speeding,High,6.0
ACC36897,24-05-2022,14:25,Karnataka,Mysuru,15.1061,75.8096,Village Road,Overcast,Day,72,Male,Car,28,No,No,Yes,Pothole/Bad Road,Low,1.0
ACC36898,19-11-2022,09:49,Andhra Pradesh,Nellore,15.147,79.6506,Expressway,Rainy,Day,37,Male,Bike,87,No,No,No,Poor Weather Visibility,Medium,1.0
ACC36899,05-06-2022,06:25,Tamil Nadu,Tiruchirappalli,10.9732,78.5917,City Road,Cloudy,Day,36,Male,Bike,48,No,Yes,No,Drowsy Driving,Medium,1.0
ACC36900,26-07-2022,21:17,Kerala,Thiruvananthapuram,10.0335,75.4239,Village Road,Cloudy,Night,40,Female,Bike,48,No,Yes,No,Drowsy Driving,Medium,4.0
ACC36901,18-05-2022,08:55,Andhra Pradesh,Visakhapatnam,15.7481,78.9437,City Road,Cloudy,Day,18,Male,Auto,50,No,No,Yes,Pothole/Bad Road,Low,1.0
ACC36902,13-09-2024,11:02,Kerala,Kollam,10.1921,76.7839,City Road,Clear,Day,32,Male,Auto,53,No,No,No,Poor Weather Visibility,Low,2.0
ACC36903,13-10-2022,11:57,Telangana,Hyderabad,17.8563,78.4708,Village Road,Cloudy,Day,21,Male,Car,28,No,No,No,Poor Weather Visibility,Low,0.0
ACC36904,05-11-2023,06:24,Tamil Nadu,Tiruchirappalli,11.2993,77.9673,State Highway,Clear,Day,23,Female,Bike,65,No,No,No,Over Speeding,Medium,5.0
ACC36905,05-08-2023,16:40,Karnataka,Hubballi,15.1585,75.9281,Village Road,Rainy,Day,22,Male,Auto,41,No,No,Yes,Poor Weather Visibility,Medium,2.0
ACC36906,30-03-2022,20:42,Karnataka,Belagavi,14.5629,75.9315,State Highway,Rainy,Night,42,Female,Car,84,Yes,No,No,Poor Weather Visibility,Medium,
ACC36907,22-09-2022,13:00,Telangana,Nizamabad,17.8176,78.759,Village Road,Rainy,Day,30,Male,Bike,57,Yes,No,No,Poor Weather Visibility,Medium,3.0
ACC36908,15-11-2023,09:07,Telangana,Karimnagar,18.4227,78.269,City Road,Rainy,Day,67,Female,Bus,49,No,No,No,Poor Weather Visibility,Low,1.0
ACC36909,15-12-2024,09:44,Telangana,Warangal,17.8621,79.091,Village Road,Rainy,Day,22,Female,Auto,21,No,No,No,Poor Weather Visibility,Medium,1.0
ACC36910,06-10-2022,22:09,Andhra Pradesh,Visakhapatnam,16.0724,80.1904,City Road,Foggy,Night,28,Male,Truck,51,Yes,No,No,Poor Weather Visibility,High,3.0
ACC36911,24-05-2022,07:34,Karnataka,Mysuru,15.4458,75.6281,City Road,Clear,Day,27,Male,Car,61,No,No,No,Signal Jumping,Low,0.0
ACC36912,14-08-2024,19:16,Telangana,Karimnagar,17.737,78.3053,Village Road,Foggy,Night,49,Female,Car,81,Yes,Yes,No,Poor Weather Visibility,High,2.0
ACC36913,17-11-2024,16:02,Tamil Nadu,Salem,10.7296,78.634,State Highway,Rainy,Day,35,Male,Bus,65,No,No,No,Poor Weather Visibility,Medium,3.0
ACC36914,29-05-2024,07:09,Telangana,Khammam,18.2593,79.2825,Village Road,Clear,Day,33,Male,Bus,26,No,No,No,Poor Weather Visibility,Low,0.0
ACC36915,03-05-2023,17:22,Tamil Nadu,Madurai,11.6932,78.1415,City Road,Foggy,Dusk,43,Female,Truck,58,No,Yes,Yes,Poor Weather Visibility,Medium,
ACC36916,15-05-2022,06:52,Karnataka,Hubballi,14.5622,75.3046,Village Road,Clear,Day,21,Male,Bike,48,Yes,No,No,Drunk Driving,Medium,1.0
ACC36917,22-07-2023,19:50,Karnataka,Hubballi,15.914,75.8129,Village Road,Clear,Night,40,Male,Auto,62,Yes,No,No,Drunk Driving,Medium,4.0
ACC36918,08-11-2024,11:46,Tamil Nadu,Chennai,10.4502,78.7681,State Highway,Clear,Day,40,Male,Bus,43,No,No,No,Signal Jumping,Low,1.0
ACC36919,13-10-2023,16:11,Telangana,Hyderabad,17.6174,78.9469,State Highway,Rainy,Day,18,Male,Bus,71,No,Yes,No,Poor Weather Visibility,Medium,1.0
ACC36920,17-05-2024,17:44,Telangana,Khammam,17.716,78.467,State Highway,Rainy,Dusk,37,Male,Bike,71,No,No,Yes,Poor Weather Visibility,High,8.0
ACC36921,29-06-2023,21:02,Karnataka,Belagavi,14.9556,75.7372,State Highway,Clear,Night,32,Male,Car,53,No,No,No,Signal Jumping,Low,2.0
ACC36922,19-03-2023,08:33,Andhra Pradesh,Kurnool,15.6979,80.0635,Village Road,Foggy,Day,18,Female,Car,48,No,No,No,Poor Weather Visibility,Low,0.0
ACC36923,19-09-2022,10:31,Telangana,Nizamabad,18.1084,79.5709,National Highway,Cloudy,Day,38,Male,Car,69,No,No,No,Poor Weather Visibility,Medium,4.0
ACC36924,31-07-2024,21:48,Andhra Pradesh,Nellore,16.081,79.1902,Village Road,Cloudy,Night,18,Male,Bus,30,No,Yes,No,Drowsy Driving,Low,1.0
ACC36925,14-04-2024,05:39,Karnataka,Mangaluru,15.1027,75.8082,City Road,Clear,Dawn,43,Female,Bike,55,No,No,No,Signal Jumping,Medium,4.0
ACC36926,27-01-2023,10:24,Tamil Nadu,Chennai,10.4862,78.7567,Village Road,Rainy,Day,25,Female,Car,40,No,No,Yes,Poor Weather Visibility,Low,1.0
ACC36927,12-04-2023,15:26,Tamil Nadu,Tiruchirappalli,11.3058,78.6112,City Road,Cloudy,Day,35,Male,Bus,25,No,No,No,Poor Weather Visibility,Low,1.0
ACC36928,09-10-2023,03:43,Tamil Nadu,Chennai,11.4276,78.3033,Expressway,Clear,Night,45,Male,Truck,96,No,No,No,Over Speeding,Medium,4.0
ACC36929,04-11-2023,21:20,Kerala,Kozhikode,9.8563,76.5882,City Road,Rainy,Night,44,Male,Auto,53,Yes,No,No,Poor Weather Visibility,High,10.0
ACC36930,29-11-2024,05:22,Kerala,Thiruvananthapuram,10.5942,76.5635,State Highway,Clear,Dawn,24,Male,Car,67,No,No,No,Signal Jumping,Low,4.0
ACC36931,23-12-2024,09:43,Karnataka,Hubballi,14.5478,76.1972,Village Road,Foggy,Day,18,Male,Auto,44,No,No,No,Poor Weather Visibility,Low,0.0
ACC36932,08-10-2024,09:27,Andhra Pradesh,Nellore,16.094,80.112,City Road,Rainy,Day,40,Male,Car,39,No,No,No,Poor Weather Visibility,Low,1.0
ACC36933,21-04-2023,06:22,Andhra Pradesh,Kurnool,15.9535,79.4686,City Road,Cloudy,Day,43,Male,Auto,56,No,No,No,Poor Weather Visibility,Low,0.0
ACC36934,10-08-2022,20:34,Andhra Pradesh,Vijayawada,15.7268,79.3551,State Highway,Cloudy,Night,42,Male,Bike,86,Yes,No,No,Over Speeding,High,3.0
ACC36935,30-09-2023,18:37,Karnataka,Mysuru,15.0213,75.8133,Expressway,Rainy,Dusk,46,Male,Bus,103,Yes,No,No,Over Speeding,High,5.0
ACC36936,22-10-2023,15:26,Karnataka,Belagavi,15.5963,75.4595,City Road,Rainy,Day,18,Male,Car,18,No,No,Yes,Poor Weather Visibility,Low,1.0
ACC36937,13-09-2023,11:30,Kerala,Ernakulam,10.4189,76.1028,Expressway,Clear,Day,18,Male,Auto,88,No,No,No,Over Speeding,Medium,4.0
ACC36938,29-03-2022,12:37,Tamil Nadu,Salem,12.7127,78.3914,City Road,Cloudy,Day,18,Male,Bus,30,No,No,No,Poor Weather Visibility,Low,1.0
ACC36939,24-10-2023,17:39,Andhra Pradesh,Guntur,16.8676,79.6139,State Highway,Clear,Dusk,37,Male,Car,40,No,No,No,Signal Jumping,Low,1.0
ACC36940,09-02-2022,13:18,Tamil Nadu,Chennai,11.0561,78.5079,Village Road,Clear,Day,38,Male,Bike,46,No,No,No,Signal Jumping,Low,0.0
ACC36941,03-12-2024,18:22,Andhra Pradesh,Nellore,16.4345,79.6177,National Highway,Rainy,Dusk,28,Male,Truck,77,No,No,No,Poor Weather Visibility,High,4.0
ACC36942,08-07-2024,16:25,Karnataka,Belagavi,14.7756,75.3335,City Road,Clear,Day,18,Male,Car,63,No,No,No,Signal Jumping,Medium,0.0
ACC36943,18-05-2023,08:43,Tamil Nadu,Salem,11.2639,78.3966,City Road,Clear,Day,49,Male,Auto,43,No,No,No,Signal Jumping,Low,2.0
ACC36944,29-10-2024,20:25,Kerala,Kozhikode,11.0845,75.6622,Village Road,Cloudy,Night,38,Male,Bike,77,Yes,Yes,No,Drunk Driving,High,3.0
ACC36945,19-02-2022,17:42,Kerala,Kollam,10.3132,76.7712,National Highway,Rainy,Dusk,25,Male,Car,73,No,No,No,Poor Weather Visibility,Medium,5.0
ACC36946,23-01-2024,18:24,Tamil Nadu,Chennai,11.0796,78.5001,Village Road,Clear,Dusk,22,Male,Auto,49,No,Yes,No,Drowsy Driving,Medium,1.0
ACC36947,02-09-2024,20:19,Karnataka,Belagavi,15.0277,75.1516,City Road,Cloudy,Night,44,Male,Car,53,No,No,No,Signal Jumping,Low,1.0
ACC36948,23-06-2024,21:00,Karnataka,Hubballi,15.4418,75.612,Village Road,Clear,Night,18,Male,Truck,33,No,No,No,Signal Jumping,Low,2.0
ACC36949,24-08-2022,19:54,Karnataka,Bengaluru Urban,15.4788,76.1209,City Road,Clear,Night,21,Male,Bike,67,No,Yes,No,Drowsy Driving,High,7.0
ACC36950,10-08-2023,22:19,Telangana,Khammam,17.657,79.4877,State Highway,Clear,Night,33,Male,Bike,69,No,No,No,Over Speeding,Low,2.0
ACC36951,02-02-2022,21:49,Tamil Nadu,Coimbatore,10.8286,78.0766,City Road,Cloudy,Night,22,Male,Bike,57,No,No,Yes,Pothole/Bad Road,Low,0.0
ACC36952,28-02-2024,06:33,Tamil Nadu,Tiruchirappalli,11.2035,78.3125,Village Road,Clear,Day,19,Male,Car,41,Yes,No,No,Drunk Driving,Low,1.0
ACC36953,14-01-2023,06:57,Tamil Nadu,Salem,10.6388,78.7238,City Road,Cloudy,Day,60,Male,Car,47,No,No,No,Poor Weather Visibility,Low,1.0
ACC36954,10-08-2023,22:20,Karnataka,Bengaluru Urban,15.1214,76.0036,Village Road,Clear,Night,28,Male,Bus,57,No,Yes,No,Drowsy Driving,Medium,3.0
ACC36955,12-02-2023,21:12,Kerala,Ernakulam,10.9071,76.4518,City Road,Clear,Night,29,Female,Truck,70,Yes,No,No,Drunk Driving,High,3.0
ACC36956,11-05-2024,17:23,Tamil Nadu,Chennai,10.3079,78.9975,National Highway,Clear,Dusk,30,Male,Bike,52,No,No,No,Poor Weather Visibility,Medium,3.0
ACC36957,04-01-2023,23:29,Telangana,Warangal,17.9817,78.9895,City Road,Clear,Night,41,Male,Bus,48,No,No,No,Signal Jumping,Low,1.0
ACC36958,21-03-2024,16:31,Karnataka,Mysuru,15.4608,75.7265,Expressway,Clear,Day,43,Female,Auto,88,No,No,No,Over Speeding,High,6.0
ACC36959,28-11-2023,01:54,Tamil Nadu,Coimbatore,11.4989,79.2419,City Road,Clear,Night,18,Female,Bike,72,Yes,No,No,Drunk Driving,High,6.0
ACC36960,25-12-2022,07:30,Karnataka,Bengaluru Urban,15.6963,75.5794,City Road,Rainy,Day,27,Male,Bike,51,No,No,No,Poor Weather Visibility,Low,2.0
ACC36961,07-02-2022,11:52,Telangana,Nizamabad,17.8948,78.5166,City Road,Clear,Day,45,Male,Car,49,No,No,No,Signal Jumping,Low,0.0
ACC36962,08-04-2022,12:00,Tamil Nadu,Coimbatore,11.4089,78.6289,Village Road,Rainy,Day,22,Female,Bike,24,No,No,No,Poor Weather Visibility,Low,4.0
ACC36963,14-06-2024,01:50,Tamil Nadu,Salem,11.1385,79.542,Expressway,Clear,Night,39,Male,Truck,63,Yes,No,No,Drunk Driving,Medium,3.0
ACC36964,05-05-2023,08:46,Puducherry,Karaikal,11.3451,79.3917,State Highway,Clear,Day,29,Male,Bike,43,No,No,No,Signal Jumping,Low,2.0
ACC36965,24-05-2024,21:14,Telangana,Warangal,18.1006,79.2245,National Highway,Cloudy,Night,31,Male,Bus,70,No,Yes,No,Drowsy Driving,High,6.0
ACC36966,16-11-2023,12:25,Andhra Pradesh,Guntur,15.1433,80.1648,Village Road,Rainy,Day,51,Male,Truck,50,No,Yes,No,Poor Weather Visibility,Medium,3.0
ACC36967,31-07-2024,04:29,Karnataka,Belagavi,15.3761,74.6997,Village Road,Cloudy,Night,18,Female,Truck,71,No,Yes,No,Drowsy Driving,High,8.0
ACC36968,28-01-2024,07:37,Kerala,Kozhikode,10.3163,75.6026,City Road,Clear,Day,38,Male,Auto,38,No,No,No,Signal Jumping,Low,3.0
ACC36969,23-11-2022,19:50,Andhra Pradesh,Kurnool,16.0053,79.5422,National Highway,Overcast,Night,41,Male,Bike,63,No,No,No,Poor Weather Visibility,Medium,4.0
ACC36970,26-10-2024,13:38,Kerala,Thiruvananthapuram,10.6101,76.6827,City Road,Rainy,Day,44,Male,Bus,44,No,No,Yes,Poor Weather Visibility,Low,2.0
ACC36971,16-06-2023,18:41,Tamil Nadu,Coimbatore,10.8085,78.5853,City Road,Overcast,Dusk,23,Male,Auto,62,No,No,No,Poor Weather Visibility,Low,0.0
ACC36972,20-04-2023,11:59,Karnataka,Mangaluru,14.8216,75.8761,City Road,Cloudy,Day,18,Female,Bike,58,No,No,No,Signal Jumping,Low,1.0
ACC36973,26-03-2024,21:04,Karnataka,Belagavi,15.042,75.6041,Village Road,Overcast,Night,36,Male,Auto,61,Yes,No,No,Drunk Driving,High,9.0
ACC36974,29-01-2022,11:30,Karnataka,Bengaluru Urban,15.9099,75.4359,State Highway,Clear,Day,18,Male,Bike,76,No,No,No,Over Speeding,High,2.0
ACC36975,13-01-2023,08:00,Tamil Nadu,Salem,10.6645,78.6245,City Road,Cloudy,Day,43,Male,Car,38,No,No,No,Poor Weather Visibility,Low,1.0
ACC36976,31-12-2023,08:35,Tamil Nadu,Coimbatore,10.8347,78.1569,State Highway,Clear,Day,25,Male,Car,52,No,No,No,Poor Weather Visibility,Low,2.0
ACC36977,03-10-2024,11:21,Telangana,Nizamabad,17.6868,78.878,City Road,Cloudy,Day,31,Male,Auto,35,No,Yes,No,Drowsy Driving,Low,0.0
ACC36978,25-09-2022,19:58,Tamil Nadu,Coimbatore,11.2737,78.9815,City Road,Rainy,Night,28,Female,Auto,45,No,No,Yes,Poor Weather Visibility,Low,0.0
ACC36979,25-02-2023,17:40,Tamil Nadu,Madurai,10.0525,78.8691,Village Road,Overcast,Dusk,43,Male,Bus,46,No,No,No,Poor Weather Visibility,Low,0.0
ACC36980,17-03-2022,08:05,Kerala,Thrissur,9.9776,76.3138,Village Road,Rainy,Day,29,Male,Car,45,No,No,No,Poor Weather Visibility,Low,1.0
ACC36981,06-06-2022,09:32,Tamil Nadu,Madurai,11.2606,78.1401,City Road,Cloudy,Day,33,Female,Bus,57,No,No,No,Poor Weather Visibility,Low,1.0
ACC36982,07-07-2022,14:54,Telangana,Hyderabad,17.7418,78.7465,Expressway,Rainy,Day,38,Male,Bike,81,No,No,Yes,Poor Weather Visibility,Medium,4.0
ACC36983,06-03-2024,18:00,Karnataka,Bengaluru Urban,15.2423,76.1456,National Highway,Clear,Dusk,37,Male,Car,61,No,No,Yes,Pothole/Bad Road,Medium,3.0
ACC36984,13-04-2023,06:47,Andhra Pradesh,Kurnool,16.2024,79.2971,National Highway,Cloudy,Day,36,Male,Car,55,No,No,No,Poor Weather Visibility,Medium,6.0
ACC36985,12-02-2024,16:00,Telangana,Nizamabad,17.5486,78.7115,City Road,Cloudy,Day,26,Male,Bike,38,No,No,No,Poor Weather Visibility,Low,2.0
ACC36986,15-02-2022,20:34,Kerala,Thrissur,9.6838,76.4133,Expressway,Rainy,Night,36,Female,Car,64,No,No,No,Poor Weather Visibility,Medium,2.0
ACC36987,16-06-2022,13:39,Telangana,Warangal,17.9632,78.8348,City Road,Rainy,Day,48,Male,Auto,48,No,No,Yes,Poor Weather Visibility,Medium,2.0
ACC36988,12-05-2023,17:12,Telangana,Hyderabad,17.975,78.8895,National Highway,Rainy,Dusk,37,Female,Auto,89,No,Yes,No,Over Speeding,High,7.0
ACC36989,18-02-2023,08:16,Kerala,Thiruvananthapuram,10.4136,76.659,Village Road,Rainy,Day,18,Male,Auto,43,No,No,Yes,Poor Weather Visibility,Medium,4.0
ACC36990,17-06-2022,07:12,Karnataka,Hubballi,15.4012,75.5344,City Road,Clear,Day,59,Male,Truck,50,No,Yes,No,Drowsy Driving,Low,0.0
ACC36991,11-09-2022,03:03,Kerala,Thiruvananthapuram,10.6017,76.6618,Village Road,Cloudy,Night,37,Male,Bike,43,No,No,Yes,Pothole/Bad Road,Medium,4.0
ACC36992,23-02-2023,17:27,Andhra Pradesh,Nellore,16.0595,79.7488,City Road,Clear,Dusk,40,Female,Car,28,No,No,Yes,Pothole/Bad Road,Low,1.0
ACC36993,23-04-2022,17:26,Telangana,Karimnagar,17.5107,78.8838,Expressway,Overcast,Dusk,35,Female,Bike,83,No,No,No,Over Speeding,High,8.0
ACC36994,23-07-2023,22:56,Andhra Pradesh,Vijayawada,15.7145,79.5476,National Highway,Rainy,Night,26,Male,Auto,80,Yes,No,No,Poor Weather Visibility,High,6.0
ACC36995,29-07-2022,18:45,Karnataka,Hubballi,15.2888,76.4832,Expressway,Clear,Dusk,33,Male,Bike,86,No,No,No,Over Speeding,High,4.0
ACC36996,18-08-2022,06:36,Kerala,Thrissur,9.9918,75.79,Village Road,Clear,Day,22,Female,Car,47,No,No,No,Poor Weather Visibility,Low,
ACC36997,16-09-2024,17:52,Karnataka,Belagavi,14.9368,76.2132,National Highway,Rainy,Dusk,29,Male,Car,79,No,No,No,Poor Weather Visibility,Medium,
ACC36998,17-09-2022,08:36,Kerala,Kozhikode,9.5973,76.9502,City Road,Rainy,Day,39,Male,Bike,55,No,No,No,Poor Weather Visibility,Medium,4.0
ACC36999,14-12-2022,19:39,Karnataka,Hubballi,15.1661,76.0594,State Highway,Clear,Night,57,Male,Bike,49,Yes,No,No,Drunk Driving,Medium,3.0
ACC37000,10-01-2023,07:34,Karnataka,Mangaluru,14.626,75.4538,National Highway,Clear,Day,18,Female,Bus,66,No,No,No,Over Speeding,Low,0.0
ACC37001,10-05-2023,20:24,Tamil Nadu,Tiruchirappalli,11.1325,78.2907,National Highway,Cloudy,Night,25,Male,Bike,75,No,No,No,Over Speeding,Medium,3.0
ACC37002,10-11-2023,12:54,Telangana,Nizamabad,17.896,78.9853,State Highway,Clear,Day,44,Male,Truck,64,No,No,No,Over Speeding,Low,0.0
ACC37003,24-11-2022,17:27,Andhra Pradesh,Vijayawada,15.4458,79.6541,National Highway,Clear,Dusk,25,Female,Bike,88,No,No,No,Over Speeding,High,7.0
ACC37004,09-06-2024,19:39,Andhra Pradesh,Vijayawada,15.6777,78.8995,National Highway,Overcast,Night,62,Male,Car,86,Yes,No,No,Over Speeding,High,6.0
ACC37005,24-09-2023,10:41,Andhra Pradesh,Kurnool,15.8013,80.232,State Highway,Foggy,Day,39,Male,Auto,67,No,No,No,Poor Weather Visibility,High,4.0
ACC37006,23-01-2023,22:15,Karnataka,Bengaluru Urban,15.1155,75.2871,Expressway,Rainy,Night,43,Male,Car,98,Yes,No,No,Over Speeding,High,5.0