Accident_ID,Date,Time,State,District,Latitude,Longitude,Road_Type,Weather,Light_Condition,Driver_Age,Driver_Gender,Vehicle_Type,Speed_kmph,Alcohol_Involved,Driver_Drowsy,Pothole_Involved,Cause_of_Accident,Severity,Casualties
ACC37007,01-01-2022,07:21,Tamil Nadu,Salem,11.2284,78.5044,National Highway,Clear,Day,20,Male,Car,68,No,No,No,Over Speeding,Low,1.0
ACC37008,09-03-2023,05:53,Kerala,Kollam,10.3471,76.1639,Village Road,Rainy,Dawn,18,Male,Bike,28,No,No,No,Poor Weather Visibility,Low,0.0
ACC37009,13-05-2023,23:14,Tamil Nadu,Chennai,11.2891,78.9319,Village Road,Overcast,Night,37,Male,Car,72,Yes,No,No,Drunk Driving,High,4.0
ACC37010,02-09-2024,17:32,Tamil Nadu,Madurai,10.9127,78.0845,City Road,Clear,Dusk,25,Male,Bus,55,No,Yes,Yes,Drowsy Driving,Low,0.0
ACC37011,03-05-2024,11:35,Telangana,Hyderabad,18.4384,78.4709,State Highway,Foggy,Day,45,Female,Car,55,Yes,No,No,Poor Weather Visibility,Medium,4.0
ACC37012,14-04-2022,14:08,Kerala,Thiruvananthapuram,10.6127,76.559,National Highway,Rainy,Day,55,Male,Bus,72,No,No,No,Poor Weather Visibility,Medium,1.0
ACC37013,05-02-2022,13:59,Karnataka,Bengaluru Urban,15.5303,75.5362,City Road,Rainy,Day,46,Male,Car,68,No,No,No,Poor Weather Visibility,Medium,4.0
ACC37014,03-08-2022,08:45,Telangana,Nizamabad,17.9501,78.8113,Village Road,Cloudy,Day,40,Male,Bus,41,No,No,No,Poor Weather Visibility,Low,0.0
ACC37015,04-09-2023,22:08,Andhra Pradesh,Guntur,15.0952,79.3598,Village Road,Clear,Night,20,Male,Bike,35,No,No,Yes,Pothole/Bad Road,Low,0.0
ACC37016,19-04-2023,05:41,Tamil Nadu,Chennai,11.5571,79.001,State Highway,Cloudy,Dawn,27,Male,Car,52,No,No,Yes,Pothole/Bad Road,Medium,2.0
ACC37017,06-08-2024,17:15,Andhra Pradesh,Nellore,15.918,80.0215,City Road,Clear,Dusk,20,Male,Truck,47,No,No,No,Poor Weather Visibility,Low,2.0
ACC37018,03-04-2024,10:03,Karnataka,Mysuru,14.5409,75.7158,City Road,Clear,Day,23,Male,Bike,41,No,No,No,Poor Weather Visibility,Low,1.0
ACC37019,03-07-2022,11:59,Tamil Nadu,Madurai,11.4926,78.1438,Village Road,Clear,Day,43,Male,Bike,30,No,No,No,Signal Jumping,Low,2.0
ACC37020,15-05-2024,19:40,Karnataka,Mangaluru,15.6279,74.9839,Village Road,Clear,Night,54,Male,Car,59,Yes,No,Yes,Drunk Driving,Medium,2.0
ACC37021,20-03-2022,00:47,Karnataka,Mysuru,15.537,75.7245,City Road,Clear,Night,27,Male,Auto,38,No,Yes,Yes,Drowsy Driving,Low,1.0
ACC37022,21-04-2023,15:10,Kerala,Kollam,10.3057,75.9905,National Highway,Clear,Day,46,Male,Car,97,No,No,No,Over Speeding,High,5.0
ACC37023,25-05-2023,16:49,Tamil Nadu,Coimbatore,10.9384,78.6236,National Highway,Overcast,Day,39,Female,Car,84,No,Yes,No,Over Speeding,High,4.0
ACC37024,23-08-2023,20:11,Andhra Pradesh,Guntur,15.7791,79.8069,City Road,Cloudy,Night,51,Male,Truck,58,No,No,No,Poor Weather Visibility,Medium,5.0
ACC37025,12-11-2022,18:44,Karnataka,Mangaluru,15.5293,75.9947,National Highway,Rainy,Dusk,39,Male,Bus,92,No,Yes,No,Over Speeding,High,2.0
ACC37026,12-03-2022,17:22,Kerala,Kollam,9.7975,76.4742,Village Road,Clear,Dusk,50,Male,Auto,44,No,No,Yes,Pothole/Bad Road,Low,0.0
ACC37027,16-05-2024,13:45,Tamil Nadu,Tiruchirappalli,11.2593,78.4372,State Highway,Cloudy,Day,26,Male,Car,64,No,No,Yes,Pothole/Bad Road,Medium,1.0
ACC37028,20-11-2023,15:44,Tamil Nadu,Coimbatore,10.9883,78.2942,City Road,Clear,Day,37,Male,Car,25,No,No,No,Signal Jumping,Low,
ACC37029,02-07-2024,17:05,Tamil Nadu,Tiruchirappalli,11.2607,78.2657,State Highway,Rainy,Dusk,52,Male,Bike,55,No,No,No,Poor Weather Visibility,Low,0.0
ACC37030,26-03-2024,17:31,Tamil Nadu,Madurai,10.4755,78.4022,City Road,Cloudy,Dusk,46,Male,Car,52,No,No,No,Signal Jumping,Low,0.0
ACC37031,18-02-2022,04:20,Kerala,Kollam,9.635,76.8422,Village Road,Foggy,Night,50,Male,Car,74,Yes,No,No,Poor Weather Visibility,Medium,3.0
ACC37032,04-12-2024,21:51,Karnataka,Hubballi,15.2847,76.0177,State Highway,Overcast,Night,47,Female,Bus,42,No,No,No,Poor Weather Visibility,Low,1.0
ACC37033,26-03-2023,22:51,Kerala,Thiruvananthapuram,9.7965,76.419,City Road,Cloudy,Night,30,Male,Bike,54,No,No,No,Poor Weather Visibility,Medium,2.0
ACC37034,16-04-2024,21:39,Tamil Nadu,Tiruchirappalli,10.9515,78.0159,Village Road,Cloudy,Night,38,Male,Bike,51,No,No,No,Poor Weather Visibility,Medium,3.0
ACC37035,02-05-2022,19:42,Karnataka,Mysuru,14.7711,76.0693,National Highway,Clear,Night,28,Female,Car,81,Yes,No,No,Drunk Driving,High,8.0
ACC37036,29-08-2024,15:34,Andhra Pradesh,Visakhapatnam,15.5529,79.4434,National Highway,Cloudy,Day,18,Male,Truck,67,Yes,No,Yes,Drunk Driving,High,4.0
ACC37037,05-02-2024,04:54,Tamil Nadu,Salem,11.3201,78.5465,City Road,Cloudy,Night,52,Female,Auto,68,No,Yes,No,Drowsy Driving,High,6.0
ACC37038,04-10-2024,23:20,Andhra Pradesh,Vijayawada,15.636,79.0078,National Highway,Clear,Night,51,Male,Bike,78,No,No,No,Over Speeding,High,5.0
ACC37039,07-04-2022,09:16,Tamil Nadu,Coimbatore,11.1557,79.043,State Highway,Cloudy,Day,42,Male,Bike,48,No,No,No,Poor Weather Visibility,Low,2.0
ACC37040,25-08-2023,14:34,Tamil Nadu,Salem,10.9768,77.9818,Village Road,Rainy,Day,43,Male,Bus,41,No,No,Yes,Poor Weather Visibility,Low,0.0
ACC37041,06-10-2022,10:29,Puducherry,Karaikal,11.9586,79.2606,Village Road,Clear,Day,50,Male,Car,46,No,No,No,Signal Jumping,Low,1.0
ACC37042,12-09-2022,00:10,Kerala,Thiruvananthapuram,10.7035,76.8115,City Road,Rainy,Night,20,Male,Car,67,Yes,No,Yes,Poor Weather Visibility,High,6.0
ACC37043,23-12-2024,07:10,Telangana,Karimnagar,18.4227,79.0102,State Highway,Clear,Day,40,Male,Bike,63,No,No,Yes,Pothole/Bad Road,Medium,3.0
ACC37044,15-10-2023,19:27,Andhra Pradesh,Nellore,16.6227,79.6982,Village Road,Clear,Night,37,Male,Bike,41,Yes,Yes,Yes,Drunk Driving,Medium,4.0
ACC37045,07-04-2022,08:38,Puducherry,Puducherry,12.576,79.505,City Road,Cloudy,Day,47,Male,Car,45,No,No,No,Poor Weather Visibility,Low,0.0
ACC37046,05-01-2023,13:13,Tamil Nadu,Tiruchirappalli,11.1151,78.9117,State Highway,Overcast,Day,40,Male,Car,53,No,No,No,Poor Weather Visibility,Low,1.0
ACC37047,12-03-2022,10:17,Telangana,Khammam,17.9832,79.3514,City Road,Clear,Day,28,Male,Truck,46,No,Yes,No,Drowsy Driving,Low,1.0
ACC37048,24-03-2023,08:59,Kerala,Ernakulam,10.4333,76.2125,City Road,Clear,Day,39,Male,Bike,34,No,No,Yes,Pothole/Bad Road,Low,1.0
ACC37049,21-06-2024,08:19,Tamil Nadu,Chennai,10.2192,79.199,State Highway,Clear,Day,19,Female,Auto,71,No,No,No,Over Speeding,Low,2.0
ACC37050,17-05-2023,09:16,Tamil Nadu,Chennai,10.9342,78.3824,Expressway,Rainy,Day,26,Male,Car,85,No,No,No,Poor Weather Visibility,Medium,2.0
ACC37051,02-04-2022,11:19,Telangana,Nizamabad,18.7051,79.0812,City Road,Overcast,Day,31,Male,Bike,59,No,No,Yes,Pothole/Bad Road,Medium,2.0
ACC37052,25-08-2023,09:11,Andhra Pradesh,Nellore,15.7123,80.118,National Highway,Clear,Day,23,Female,Bike,76,No,No,No,Over Speeding,Medium,4.0
ACC37053,01-02-2023,16:25,Puducherry,Puducherry,10.5055,79.0964,City Road,Cloudy,Day,39,Male,Bike,23,No,No,No,Poor Weather Visibility,Low,
ACC37054,18-03-2022,10:12,Telangana,Nizamabad,17.4231,78.3899,National Highway,Foggy,Day,48,Male,Bus,70,No,No,No,Poor Weather Visibility,High,2.0
ACC37055,25-02-2023,21:09,Tamil Nadu,Madurai,11.1141,78.7996,Village Road,Rainy,Night,34,Male,Truck,38,Yes,No,Yes,Poor Weather Visibility,Medium,1.0
ACC37056,18-04-2023,08:23,Kerala,Kollam,10.5381,76.2597,City Road,Clear,Day,50,Male,Truck,33,No,Yes,No,Drowsy Driving,Low,0.0
ACC37057,17-05-2022,03:36,Tamil Nadu,Chennai,11.1369,78.9659,City Road,Clear,Night,27,Male,Bus,18,No,No,No,Signal Jumping,Low,1.0
ACC37058,02-08-2022,08:31,Andhra Pradesh,Guntur,16.366,79.4428,Expressway,Rainy,Day,67,Female,Bike,82,No,No,Yes,Poor Weather Visibility,Medium,1.0
ACC37059,18-08-2023,16:03,Andhra Pradesh,Guntur,15.9957,80.5905,City Road,Clear,Day,24,Male,Bike,17,No,No,Yes,Pothole/Bad Road,Low,0.0
ACC37060,08-08-2022,18:04,Karnataka,Mangaluru,14.7345,75.6044,Village Road,Clear,Dusk,54,Female,Car,27,No,No,Yes,Pothole/Bad Road,Low,0.0
ACC37061,08-08-2024,13:32,Andhra Pradesh,Vijayawada,15.7151,80.0301,Village Road,Clear,Day,28,Male,Car,28,No,No,No,Signal Jumping,Low,1.0
ACC37062,13-06-2024,08:22,Tamil Nadu,Tiruchirappalli,11.347,78.495,National Highway,Rainy,Day,18,Male,Car,82,Yes,No,Yes,Poor Weather Visibility,High,8.0
ACC37063,31-05-2022,23:37,Tamil Nadu,Madurai,11.0146,78.6464,National Highway,Clear,Night,43,Female,Bike,70,No,No,No,Over Speeding,Medium,3.0
ACC37064,04-03-2024,08:16,Andhra Pradesh,Guntur,16.0784,78.9518,Village Road,Clear,Day,46,Male,Auto,59,No,Yes,No,Drowsy Driving,Medium,4.0
ACC37065,08-10-2024,11:39,Telangana,Karimnagar,17.5579,78.7348,National Highway,Clear,Day,28,Male,Car,66,No,No,Yes,Pothole/Bad Road,Medium,5.0
ACC37066,01-08-2024,12:31,Tamil Nadu,Coimbatore,10.9446,77.9822,State Highway,Rainy,Day,45,Male,Bike,71,No,No,Yes,Poor Weather Visibility,Medium,1.0
ACC37067,23-09-2022,18:25,Karnataka,Bengaluru Urban,14.2276,76.0743,National Highway,Clear,Dusk,32,Male,Car,59,No,No,No,Signal Jumping,Low,0.0
ACC37068,06-02-2023,14:23,Telangana,Nizamabad,18.0291,78.5888,City Road,Clear,Day,48,Female,Truck,59,No,Yes,No,Drowsy Driving,Low,2.0
ACC37069,27-01-2023,20:35,Kerala,Ernakulam,10.328,75.9862,Village Road,Clear,Night,45,Male,Auto,45,No,Yes,No,Drowsy Driving,Medium,1.0
ACC37070,09-11-2023,12:02,Karnataka,Mangaluru,15.8781,75.7113,City Road,Clear,Day,46,Male,Bike,41,No,No,Yes,Pothole/Bad Road,Low,1.0
ACC37071,14-06-2023,08:31,Telangana,Hyderabad,17.5639,79.602,City Road,Clear,Day,54,Male,Auto,47,No,Yes,No,Drowsy Driving,Low,0.0
ACC37072,12-04-2022,18:53,Kerala,Kollam,9.7293,76.2595,City Road,Clear,Dusk,49,Male,Bike,53,No,No,No,Signal Jumping,Low,1.0
ACC37073,08-03-2023,09:29,Andhra Pradesh,Kurnool,16.1163,79.5576,National Highway,Clear,Day,34,Male,Bike,67,No,No,No,Signal Jumping,Medium,3.0
ACC37074,09-12-2022,17:28,Telangana,Khammam,17.9553,79.6635,State Highway,Clear,Dusk,49,Female,Bike,51,No,No,No,Signal Jumping,Low,2.0
ACC37075,04-08-2022,13:42,Telangana,Khammam,17.2846,79.7739,City Road,Overcast,Day,39,Male,Bike,58,No,No,No,Poor Weather Visibility,Low,0.0
ACC37076,01-05-2023,13:52,Puducherry,Karaikal,11.7328,79.8191,City Road,Clear,Day,41,Male,Truck,42,No,No,No,Signal Jumping,Low,2.0
ACC37077,03-07-2023,13:09,Tamil Nadu,Madurai,11.4191,78.1988,Expressway,Cloudy,Day,32,Female,Car,68,No,Yes,No,Drowsy Driving,Medium,2.0
ACC37078,05-04-2023,17:36,Andhra Pradesh,Visakhapatnam,16.2248,79.6605,Expressway,Rainy,Dusk,54,Male,Bus,73,No,No,No,Poor Weather Visibility,Medium,2.0
ACC37079,16-01-2022,14:44,Kerala,Thrissur,10.5265,75.7108,Expressway,Overcast,Day,31,Male,Bike,66,No,No,Yes,Pothole/Bad Road,Low,2.0
ACC37080,08-11-2023,01:39,Kerala,Kollam,10.3666,76.2945,Expressway,Foggy,Night,33,Male,Bus,59,No,No,No,Poor Weather Visibility,Medium,3.0
ACC37081,13-10-2024,04:17,Andhra Pradesh,Vijayawada,15.7741,79.8716,National Highway,Cloudy,Night,59,Female,Bike,58,No,No,No,Poor Weather Visibility,Medium,6.0
ACC37082,02-04-2022,16:41,Tamil Nadu,Madurai,10.6437,78.7729,State Highway,Clear,Day,28,Male,Bike,40,No,No,No,Poor Weather Visibility,Low,1.0
ACC37083,15-06-2022,20:06,Karnataka,Mangaluru,14.4739,76.3701,City Road,Cloudy,Night,45,Male,Truck,57,Yes,Yes,Yes,Drunk Driving,High,4.0
ACC37084,22-09-2022,17:43,Karnataka,Mysuru,15.2783,75.999,State Highway,Foggy,Dusk,44,Male,Bus,68,No,No,No,Poor Weather Visibility,Medium,
ACC37085,05-05-2023,15:41,Tamil Nadu,Coimbatore,11.4331,78.1818,State Highway,Overcast,Day,36,Female,Bike,74,No,No,Yes,Pothole/Bad Road,Low,1.0
ACC37086,07-05-2022,20:33,Andhra Pradesh,Nellore,15.9798,79.7851,City Road,Clear,Night,28,Male,Auto,51,No,No,No,Signal Jumping,Low,0.0
ACC37087,25-05-2023,00:56,Kerala,Kozhikode,9.4131,76.2921,Village Road,Rainy,Night,32,Female,Bike,48,No,No,No,Poor Weather Visibility,Low,0.0
ACC37088,28-01-2022,18:50,Karnataka,Mangaluru,15.1484,75.4366,National Highway,Foggy,Dusk,26,Male,Car,80,Yes,No,No,Poor Weather Visibility,High,5.0
ACC37089,25-12-2024,23:26,Tamil Nadu,Chennai,11.1285,78.835,Village Road,Cloudy,Night,49,Male,Bus,18,Yes,Yes,No,Drunk Driving,Low,1.0
ACC37090,10-09-2023,16:50,Andhra Pradesh,Guntur,15.9268,79.2101,State Highway,Clear,Day,18,Female,Car,42,No,No,No,Signal Jumping,Low,0.0
ACC37091,28-10-2024,21:14,Telangana,Khammam,17.4377,78.4036,Expressway,Rainy,Night,51,Male,Car,96,No,Yes,Yes,Over Speeding,High,6.0
ACC37092,26-03-2024,08:14,Tamil Nadu,Chennai,11.0125,78.9336,Expressway,Clear,Day,18,Female,Car,97,Yes,No,No,Over Speeding,High,7.0
ACC37093,01-11-2022,17:04,Karnataka,Mangaluru,15.4212,75.9711,City Road,Overcast,Dusk,33,Male,Car,53,No,Yes,Yes,Drowsy Driving,Medium,2.0
ACC37094,15-05-2024,06:05,Kerala,Kozhikode,10.4901,77.017,State Highway,Clear,Day,42,Female,Car,85,No,Yes,No,Over Speeding,Medium,
ACC37095,06-08-2022,19:32,Karnataka,Bengaluru Urban,14.4694,75.0304,Village Road,Clear,Night,32,Male,Bus,53,No,Yes,Yes,Drowsy Driving,Medium,3.0
ACC37096,24-01-2024,02:58,Karnataka,Hubballi,15.2428,75.7647,Expressway,Cloudy,Night,24,Male,Truck,98,Yes,Yes,No,Over Speeding,High,5.0
ACC37097,14-06-2024,18:53,Puducherry,Puducherry,11.9684,79.4202,National Highway,Clear,Dusk,44,Male,Auto,70,No,No,No,Over Speeding,Medium,2.0
ACC37098,26-05-2023,20:47,Puducherry,Karaikal,11.9115,79.5124,City Road,Rainy,Night,38,Male,Bike,53,No,Yes,Yes,Poor Weather Visibility,Medium,3.0
ACC37099,31-08-2024,12:32,Puducherry,Puducherry,12.1321,79.9652,State Highway,Clear,Day,44,Female,Truck,49,No,No,No,Signal Jumping,Low,
ACC37100,24-10-2024,09:10,Kerala,Thrissur,10.2857,76.8189,State Highway,Clear,Day,34,Male,Car,72,No,No,No,Over Speeding,Medium,1.0
ACC37101,19-11-2023,14:45,Puducherry,Karaikal,10.7124,79.8102,Expressway,Clear,Day,39,Male,Bus,74,No,No,No,Over Speeding,Medium,6.0
ACC37102,17-12-2022,12:15,Karnataka,Mangaluru,15.6863,75.3956,National Highway,Rainy,Day,41,Female,Car,67,No,No,Yes,Poor Weather Visibility,Medium,3.0
ACC37103,15-01-2023,19:42,Telangana,Karimnagar,18.1335,79.2284,Village Road,Rainy,Night,28,Male,Car,65,Yes,No,Yes,Poor Weather Visibility,High,3.0
ACC37104,22-07-2024,23:25,Karnataka,Hubballi,15.1794,75.5199,Village Road,Overcast,Night,25,Male,Bike,63,Yes,No,No,Drunk Driving,High,2.0
ACC37105,14-01-2022,17:18,Kerala,Kollam,10.4589,76.4835,City Road,Clear,Dusk,39,Female,Truck,78,Yes,No,No,Drunk Driving,High,4.0
ACC37106,24-12-2024,04:24,Karnataka,Hubballi,15.1934,75.4168,Expressway,Clear,Night,18,Male,Auto,87,No,No,No,Over Speeding,High,4.0
ACC37107,01-09-2023,14:48,Andhra Pradesh,Vijayawada,16.007,79.478,State Highway,Clear,Day,41,Male,Bus,61,No,No,No,Over Speeding,Low,0.0
ACC37108,14-02-2024,09:39,Andhra Pradesh,Visakhapatnam,16.2852,80.5945,Expressway,Foggy,Day,33,Female,Truck,83,No,No,No,Poor Weather Visibility,High,7.0
ACC37109,13-09-2023,20:16,Kerala,Thrissur,9.898,75.7039,National Highway,Cloudy,Night,53,Male,Auto,83,No,Yes,No,Over Speeding,High,3.0
ACC37110,16-01-2022,20:37,Tamil Nadu,Coimbatore,10.9246,78.9624,Expressway,Rainy,Night,68,Male,Bike,96,Yes,No,No,Over Speeding,High,4.0
ACC37111,01-05-2024,12:56,Telangana,Nizamabad,18.4721,78.9819,National Highway,Rainy,Day,49,Male,Car,91,No,No,Yes,Over Speeding,High,7.0
ACC37112,31-01-2022,17:55,Telangana,Warangal,17.7929,79.3069,National Highway,Rainy,Dusk,54,Male,Auto,59,No,No,Yes,Poor Weather Visibility,High,5.0
ACC37113,02-04-2024,21:05,Andhra Pradesh,Kurnool,16.3,79.1595,National Highway,Overcast,Night,18,Male,Bus,73,No,Yes,No,Drowsy Driving,High,2.0
ACC37114,15-02-2022,21:37,Telangana,Nizamabad,18.6188,78.7878,Expressway,Clear,Night,58,Male,Bus,101,Yes,No,No,Over Speeding,High,3.0
ACC37115,12-11-2022,11:07,Kerala,Kozhikode,11.4885,76.8138,State Highway,Clear,Day,36,Male,Bike,65,No,No,No,Over Speeding,Medium,3.0
ACC37116,12-08-2023,15:37,Tamil Nadu,Salem,11.7129,78.5353,City Road,Cloudy,Day,24,Male,Bike,29,No,No,No,Poor Weather Visibility,Low,1.0
ACC37117,19-02-2024,12:26,Kerala,Kollam,10.2578,76.1098,Village Road,Clear,Day,57,Male,Bus,36,No,No,No,Signal Jumping,Low,
ACC37118,14-09-2023,17:26,Karnataka,Mangaluru,15.3437,75.8519,National Highway,Cloudy,Dusk,39,Male,Car,71,No,No,No,Poor Weather Visibility,Medium,1.0
ACC37119,24-03-2024,08:24,Kerala,Thrissur,10.3666,75.6728,Expressway,Rainy,Day,36,Male,Car,79,No,No,No,Poor Weather Visibility,Medium,3.0
ACC37120,02-08-2023,18:19,Andhra Pradesh,Kurnool,15.6485,79.7489,National Highway,Cloudy,Dusk,54,Male,Truck,49,No,No,No,Poor Weather Visibility,Medium,1.0
ACC37121,14-03-2023,21:42,Telangana,Nizamabad,17.9524,79.2496,City Road,Overcast,Night,26,Male,Auto,60,No,No,No,Poor Weather Visibility,Medium,4.0
ACC37122,25-10-2022,09:50,Karnataka,Belagavi,15.2158,75.3013,State Highway,Overcast,Day,56,Male,Auto,79,No,No,Yes,Signal Jumping,Medium,
ACC37123,19-07-2023,05:17,Telangana,Hyderabad,18.9633,79.408,City Road,Foggy,Dawn,45,Male,Auto,58,No,No,No,Poor Weather Visibility,Medium,2.0
ACC37124,16-01-2024,10:30,Kerala,Ernakulam,10.1048,76.1606,City Road,Clear,Day,39,Male,Truck,49,No,Yes,Yes,Drowsy Driving,Medium,4.0
ACC37125,14-07-2022,08:20,Tamil Nadu,Salem,11.2497,78.5334,Village Road,Clear,Day,18,Male,Car,25,No,No,Yes,Pothole/Bad Road,Low,0.0
ACC37126,22-04-2024,10:54,Tamil Nadu,Tiruchirappalli,10.7434,77.8645,City Road,Clear,Day,32,Male,Car,67,Yes,No,Yes,Drunk Driving,Medium,4.0
ACC37127,12-11-2023,21:02,Tamil Nadu,Chennai,11.3729,78.1679,National Highway,Clear,Night,22,Male,Car,64,No,No,No,Signal Jumping,Medium,1.0
ACC37128,18-04-2023,22:53,Karnataka,Mysuru,15.2206,75.4307,State Highway,Clear,Night,56,Male,Car,59,No,Yes,No,Drowsy Driving,Low,0.0
ACC37129,13-09-2024,14:41,Karnataka,Bengaluru Urban,15.7088,75.7137,National Highway,Clear,Day,36,Male,Car,64,No,No,No,Over Speeding,Low,3.0
ACC37130,25-09-2023,17:03,Karnataka,Bengaluru Urban,15.5974,75.293,State Highway,Clear,Dusk,19,Male,Bike,67,No,Yes,No,Drowsy Driving,Medium,2.0
ACC37131,22-06-2023,11:57,Telangana,Warangal,17.5303,78.2422,City Road,Overcast,Day,40,Male,Auto,64,No,No,Yes,Pothole/Bad Road,Medium,3.0
ACC37132,12-04-2024,09:54,Karnataka,Hubballi,15.7494,75.6686,Village Road,Rainy,Day,47,Male,Car,36,No,No,Yes,Poor Weather Visibility,Low,0.0
ACC37133,21-02-2024,16:02,Tamil Nadu,Madurai,11.2196,78.3674,City Road,Clear,Day,32,Male,Bus,46,No,No,No,Signal Jumping,Low,1.0
ACC37134,13-11-2022,12:21,Andhra Pradesh,Nellore,15.5776,79.5582,Village Road,Rainy,Day,49,Female,Truck,51,No,Yes,No,Poor Weather Visibility,Low,1.0
ACC37135,17-11-2024,07:32,Kerala,Thiruvananthapuram,10.6264,76.6018,State Highway,Cloudy,Day,39,Male,Car,69,No,No,No,Poor Weather Visibility,Medium,1.0
ACC37136,30-09-2024,18:40,Kerala,Thiruvananthapuram,10.7496,76.9998,City Road,Rainy,Dusk,54,Male,Bike,56,No,No,No,Poor Weather Visibility,Medium,0.0
ACC37137,11-02-2022,16:28,Telangana,Karimnagar,18.4413,79.0548,City Road,Cloudy,Day,24,Male,Car,45,No,No,No,Poor Weather Visibility,Low,0.0
ACC37138,08-03-2022,22:41,Puducherry,Puducherry,12.0851,79.4057,State Highway,Cloudy,Night,56,Male,Truck,60,No,No,No,Poor Weather Visibility,Low,1.0
ACC37139,06-05-2023,08:08,Andhra Pradesh,Guntur,15.3237,79.6922,City Road,Cloudy,Day,36,Male,Car,59,No,No,No,Poor Weather Visibility,Low,1.0
ACC37140,06-07-2022,14:38,Telangana,Nizamabad,17.68,79.3518,State Highway,Clear,Day,37,Male,Bike,52,No,No,No,Signal Jumping,Low,1.0
ACC37141,30-03-2022,20:24,Andhra Pradesh,Guntur,15.6419,79.3963,City Road,Clear,Night,50,Female,Auto,53,Yes,Yes,No,Drunk Driving,Medium,3.0
ACC37142,26-05-2023,16:51,Karnataka,Bengaluru Urban,15.7119,76.0819,City Road,Clear,Day,44,Female,Bus,38,No,No,No,Poor Weather Visibility,Low,0.0
ACC37143,18-07-2024,15:34,Andhra Pradesh,Kurnool,15.4344,79.1141,City Road,Clear,Day,26,Male,Car,28,No,No,Yes,Pothole/Bad Road,Low,2.0
ACC37144,02-10-2023,22:41,Kerala,Kozhikode,10.3827,75.4674,City Road,Cloudy,Night,36,Male,Auto,64,No,Yes,No,Signal Jumping,High,6.0
ACC37145,23-07-2023,13:53,Tamil Nadu,Tiruchirappalli,11.0879,78.7519,State Highway,Rainy,Day,43,Male,Auto,64,No,No,No,Poor Weather Visibility,Medium,3.0
ACC37146,09-05-2022,00:53,Andhra Pradesh,Kurnool,16.0872,79.6588,National Highway,Clear,Night,34,Male,Bike,73,No,No,No,Over Speeding,Medium,5.0
ACC37147,29-05-2024,20:44,Telangana,Karimnagar,18.2698,79.0013,State Highway,Clear,Night,18,Male,Car,55,Yes,No,No,Drunk Driving,Medium,0.0
ACC37148,15-11-2022,18:52,Karnataka,Mangaluru,14.8591,76.2132,City Road,Clear,Dusk,34,Male,Bike,70,Yes,No,Yes,Drunk Driving,High,6.0
ACC37149,16-03-2024,19:58,Kerala,Kollam,10.5905,76.4056,Village Road,Clear,Night,33,Male,Bike,54,No,Yes,Yes,Drowsy Driving,Medium,2.0
ACC37150,14-07-2024,11:39,Tamil Nadu,Tiruchirappalli,11.1231,78.9928,City Road,Clear,Day,18,Male,Auto,40,No,No,No,Poor Weather Visibility,Low,0.0
ACC37151,27-08-2023,09:28,Telangana,Hyderabad,18.3224,78.6509,City Road,Rainy,Day,30,Male,Bus,46,No,Yes,Yes,Poor Weather Visibility,Low,0.0
ACC37152,22-10-2023,17:32,Andhra Pradesh,Kurnool,16.3745,80.0782,Village Road,Clear,Dusk,39,Male,Auto,51,No,No,No,Poor Weather Visibility,Low,0.0
ACC37153,01-10-2022,04:46,Telangana,Warangal,17.466,78.9338,State Highway,Clear,Night,39,Male,Bike,67,No,No,No,Over Speeding,Medium,1.0
ACC37154,18-02-2023,19:35,Tamil Nadu,Tiruchirappalli,11.1599,78.1152,City Road,Clear,Night,69,Male,Car,29,No,No,No,Signal Jumping,Low,2.0
ACC37155,13-07-2023,01:53,Tamil Nadu,Coimbatore,11.5285,78.5197,Village Road,Clear,Night,30,Male,Car,56,Yes,No,Yes,Drunk Driving,Medium,3.0
ACC37156,25-05-2022,21:09,Karnataka,Mangaluru,14.8455,75.5641,City Road,Clear,Night,28,Male,Auto,47,No,No,No,Poor Weather Visibility,Low,0.0
ACC37157,06-01-2024,00:44,Telangana,Warangal,18.2584,78.592,City Road,Foggy,Night,42,Male,Bus,35,No,No,No,Poor Weather Visibility,Low,1.0
ACC37158,06-05-2024,16:26,Karnataka,Mangaluru,15.0033,75.9081,National Highway,Clear,Day,20,Male,Car,71,No,No,No,Over Speeding,Medium,2.0
ACC37159,20-06-2022,12:44,Tamil Nadu,Chennai,11.5772,78.0547,State Highway,Foggy,Day,40,Male,Car,56,No,No,Yes,Poor Weather Visibility,Medium,2.0
ACC37160,27-06-2023,04:44,Tamil Nadu,Chennai,10.9501,78.7801,National Highway,Rainy,Night,19,Male,Bus,80,No,No,Yes,Poor Weather Visibility,High,4.0
ACC37161,06-02-2023,08:18,Kerala,Kollam,10.0088,76.7671,National Highway,Overcast,Day,29,Female,Bus,73,Yes,No,No,Drunk Driving,High,9.0
ACC37162,20-06-2024,08:06,Tamil Nadu,Coimbatore,11.6915,78.5789,National Highway,Rainy,Day,48,Male,Bus,52,No,No,No,Poor Weather Visibility,Medium,3.0
ACC37163,28-06-2022,17:19,Andhra Pradesh,Nellore,15.0049,80.105,City Road,Overcast,Dusk,40,Male,Auto,43,No,Yes,No,Drowsy Driving,Low,0.0