Accident_ID,Date,Time,State,District,Latitude,Longitude,Road_Type,Weather,Light_Condition,Driver_Age,Driver_Gender,Vehicle_Type,Speed_kmph,Alcohol_Involved,Driver_Drowsy,Pothole_Involved,Cause_of_Accident,Severity,Casualties
ACC37164,31-07-2022,04:48,Kerala,Ernakulam,10.4633,76.8852,National Highway,Clear,Night,18,Female,Car,45,No,No,No,Signal Jumping,Low,0.0
ACC37165,14-07-2023,08:49,Tamil Nadu,Madurai,11.392,78.9272,City Road,Cloudy,Day,38,Male,Bus,33,No,No,No,Poor Weather Visibility,Low,0.0
ACC37166,08-05-2023,15:14,Telangana,Hyderabad,17.8906,78.5153,State Highway,Clear,Day,35,Male,Bus,61,No,No,No,Signal Jumping,Low,3.0
ACC37167,29-12-2023,11:25,Telangana,Karimnagar,18.1505,79.1416,National Highway,Clear,Day,29,Male,Car,49,No,No,No,Poor Weather Visibility,Low,1.0
ACC37168,11-03-2022,09:10,Tamil Nadu,Madurai,11.5007,79.0704,State Highway,Cloudy,Day,47,Male,Bus,65,No,No,No,Poor Weather Visibility,Low,1.0
ACC37169,09-03-2024,16:19,Kerala,Kollam,9.9099,76.1914,Expressway,Overcast,Day,23,Female,Bike,76,No,No,No,Over Speeding,High,1.0
ACC37170,04-05-2023,18:26,Tamil Nadu,Coimbatore,10.7862,79.0268,State Highway,Cloudy,Dusk,36,Male,Bus,71,No,No,No,Signal Jumping,Low,2.0
ACC37171,06-04-2023,03:22,Karnataka,Mangaluru,15.4475,75.2448,State Highway,Overcast,Night,49,Male,Auto,48,No,No,No,Poor Weather Visibility,Medium,3.0
ACC37172,13-05-2022,08:56,Karnataka,Bengaluru Urban,15.3158,75.2311,Village Road,Foggy,Day,35,Male,Car,61,Yes,No,No,Poor Weather Visibility,High,3.0
ACC37173,08-03-2024,19:54,Karnataka,Mysuru,15.5372,75.7178,National Highway,Clear,Night,48,Female,Bus,83,No,No,No,Over Speeding,High,3.0
ACC37174,29-04-2023,08:18,Telangana,Karimnagar,17.9629,79.1838,Expressway,Cloudy,Day,46,Male,Truck,85,No,No,No,Over Speeding,Medium,5.0
ACC37175,20-12-2024,20:00,Karnataka,Belagavi,15.4566,75.9157,National Highway,Clear,Night,43,Female,Bike,57,Yes,No,No,Drunk Driving,Low,2.0
ACC37176,24-04-2022,10:14,Telangana,Karimnagar,17.9267,78.8006,City Road,Cloudy,Day,28,Male,Bus,33,No,No,No,Poor Weather Visibility,Low,0.0
ACC37177,23-11-2024,10:17,Karnataka,Mangaluru,15.236,75.7927,City Road,Foggy,Day,33,Male,Car,60,Yes,No,No,Poor Weather Visibility,Medium,3.0
ACC37178,20-04-2022,06:02,Telangana,Hyderabad,18.2464,78.8461,City Road,Clear,Day,50,Male,Car,58,Yes,No,Yes,Drunk Driving,Medium,2.0
ACC37179,02-08-2023,16:21,Kerala,Thiruvananthapuram,10.7616,76.2798,State Highway,Clear,Day,55,Male,Bike,69,No,Yes,Yes,Drowsy Driving,Medium,4.0
ACC37180,06-03-2022,06:50,Tamil Nadu,Tiruchirappalli,10.774,78.8831,State Highway,Clear,Day,21,Male,Car,59,Yes,No,No,Drunk Driving,Low,0.0
ACC37181,24-04-2023,08:33,Andhra Pradesh,Nellore,15.297,80.0177,City Road,Clear,Day,30,Male,Car,37,No,No,Yes,Pothole/Bad Road,Low,3.0
ACC37182,23-05-2022,07:42,Andhra Pradesh,Kurnool,15.7013,80.4996,State Highway,Clear,Day,31,Female,Bike,70,No,No,No,Over Speeding,Medium,5.0
ACC37183,24-06-2022,17:51,Puducherry,Karaikal,11.5186,80.0284,National Highway,Overcast,Dusk,53,Female,Car,63,No,No,No,Poor Weather Visibility,Medium,0.0
ACC37184,29-08-2022,05:36,Karnataka,Mysuru,14.7969,75.6641,Expressway,Clear,Dawn,36,Male,Truck,61,Yes,No,No,Drunk Driving,Medium,5.0
ACC37185,10-03-2022,11:05,Karnataka,Bengaluru Urban,15.2961,76.1398,National Highway,Cloudy,Day,53,Male,Auto,57,No,No,No,Poor Weather Visibility,Medium,3.0
ACC37186,19-01-2022,15:10,Tamil Nadu,Madurai,11.3015,77.9747,State Highway,Clear,Day,20,Male,Bus,66,No,No,No,Over Speeding,Low,0.0
ACC37187,05-02-2024,08:38,Andhra Pradesh,Visakhapatnam,16.1231,79.6168,City Road,Rainy,Day,18,Male,Car,74,No,No,No,Poor Weather Visibility,Medium,7.0
ACC37188,11-12-2023,14:52,Karnataka,Mysuru,15.2001,75.7995,State Highway,Overcast,Day,45,Male,Bus,82,No,No,No,Over Speeding,Medium,3.0
ACC37189,08-02-2022,20:44,Kerala,Kollam,10.3383,75.7331,Village Road,Rainy,Night,18,Female,Bus,44,Yes,No,No,Poor Weather Visibility,Medium,0.0
ACC37190,19-02-2024,21:53,Tamil Nadu,Salem,11.4597,78.8937,Village Road,Clear,Night,41,Male,Truck,39,Yes,Yes,No,Drunk Driving,Low,1.0
ACC37191,31-10-2023,18:39,Kerala,Ernakulam,10.5846,76.1019,City Road,Clear,Dusk,49,Female,Truck,42,No,Yes,No,Drowsy Driving,Low,0.0
ACC37192,07-03-2023,13:49,Karnataka,Mangaluru,15.4527,75.8271,National Highway,Clear,Day,47,Male,Truck,67,No,No,No,Over Speeding,Low,3.0
ACC37193,10-07-2022,07:44,Tamil Nadu,Chennai,10.2703,78.9615,City Road,Cloudy,Day,29,Male,Bike,48,No,No,Yes,Pothole/Bad Road,Low,1.0
ACC37194,03-10-2022,04:19,Andhra Pradesh,Visakhapatnam,16.0007,79.5284,State Highway,Clear,Night,36,Male,Car,84,No,No,No,Over Speeding,Medium,4.0
ACC37195,22-01-2024,21:14,Karnataka,Bengaluru Urban,15.4652,75.6431,State Highway,Cloudy,Night,50,Male,Truck,67,No,No,No,Signal Jumping,Medium,6.0
ACC37196,23-09-2023,14:05,Telangana,Nizamabad,17.8957,79.0281,City Road,Clear,Day,36,Male,Car,37,No,No,No,Signal Jumping,Low,0.0
ACC37197,11-07-2023,18:50,Tamil Nadu,Tiruchirappalli,11.2913,79.2458,National Highway,Clear,Dusk,30,Male,Auto,68,No,No,No,Over Speeding,Medium,1.0
ACC37198,02-09-2024,08:42,Telangana,Warangal,17.5558,79.2698,National Highway,Rainy,Day,62,Male,Car,31,No,No,No,Poor Weather Visibility,Low,0.0
ACC37199,01-03-2023,00:48,Karnataka,Mysuru,15.718,75.0248,National Highway,Rainy,Night,42,Male,Auto,73,Yes,No,No,Poor Weather Visibility,High,4.0
ACC37200,08-11-2023,05:16,Karnataka,Belagavi,15.4765,76.3188,City Road,Clear,Dawn,32,Male,Car,54,No,No,No,Poor Weather Visibility,Low,1.0
ACC37201,08-07-2023,01:59,Telangana,Nizamabad,17.5014,79.2815,Expressway,Clear,Night,32,Male,Car,89,No,No,No,Over Speeding,Medium,7.0
ACC37202,30-07-2024,19:55,Kerala,Kozhikode,10.7839,76.2405,City Road,Cloudy,Night,33,Male,Bike,71,Yes,No,Yes,Drunk Driving,High,3.0
ACC37203,18-03-2024,06:28,Andhra Pradesh,Vijayawada,15.7603,79.872,State Highway,Cloudy,Day,45,Male,Car,68,No,No,Yes,Pothole/Bad Road,Medium,4.0
ACC37204,25-12-2023,17:58,Telangana,Hyderabad,18.0996,78.7065,Expressway,Cloudy,Dusk,64,Male,Bike,65,No,No,No,Signal Jumping,Medium,3.0
ACC37205,28-10-2023,13:05,Karnataka,Belagavi,15.1662,75.3868,Village Road,Clear,Day,41,Male,Car,24,No,No,Yes,Pothole/Bad Road,Low,1.0
ACC37206,14-12-2023,18:53,Tamil Nadu,Salem,10.8377,78.8169,Village Road,Rainy,Dusk,43,Male,Bike,41,No,No,Yes,Poor Weather Visibility,Low,1.0
ACC37207,27-12-2024,09:01,Telangana,Khammam,17.9666,78.7244,State Highway,Clear,Day,64,Male,Auto,60,No,No,No,Signal Jumping,Low,0.0
ACC37208,06-08-2024,20:33,Karnataka,Belagavi,14.9403,75.988,City Road,Clear,Night,32,Male,Bike,59,Yes,No,No,Drunk Driving,Low,0.0
ACC37209,24-07-2023,11:52,Tamil Nadu,Chennai,12.0444,78.8714,City Road,Overcast,Day,24,Female,Auto,49,No,No,No,Poor Weather Visibility,Low,1.0
ACC37210,24-08-2022,13:28,Tamil Nadu,Coimbatore,11.0736,79.3833,Village Road,Cloudy,Day,25,Male,Bike,35,No,No,No,Poor Weather Visibility,Low,0.0
ACC37211,14-02-2022,18:57,Karnataka,Hubballi,15.5166,75.5731,National Highway,Clear,Dusk,33,Male,Auto,61,No,No,Yes,Pothole/Bad Road,Medium,5.0
ACC37212,21-01-2023,16:14,Tamil Nadu,Coimbatore,11.7135,77.8859,Village Road,Clear,Day,52,Female,Bike,35,No,No,Yes,Pothole/Bad Road,Low,1.0
ACC37213,23-11-2022,07:18,Karnataka,Hubballi,15.4961,76.2614,National Highway,Overcast,Day,71,Female,Bus,57,No,No,Yes,Pothole/Bad Road,Low,1.0
ACC37214,26-08-2022,17:15,Telangana,Warangal,17.9828,78.7146,Village Road,Cloudy,Dusk,20,Female,Bus,26,No,No,Yes,Pothole/Bad Road,Low,0.0
ACC37215,05-05-2024,11:01,Telangana,Karimnagar,18.093,78.9973,Village Road,Clear,Day,37,Male,Bike,36,No,No,Yes,Pothole/Bad Road,Low,0.0
ACC37216,25-10-2024,20:37,Telangana,Karimnagar,17.4526,78.3704,State Highway,Rainy,Night,44,Female,Truck,44,No,No,Yes,Poor Weather Visibility,Low,1.0
ACC37217,14-02-2024,10:37,Telangana,Nizamabad,17.6996,78.4852,National Highway,Overcast,Day,50,Male,Truck,69,No,No,No,Poor Weather Visibility,Low,2.0
ACC37218,20-11-2023,20:44,Karnataka,Mysuru,15.4503,75.4716,City Road,Cloudy,Night,56,Male,Truck,43,No,No,No,Poor Weather Visibility,Low,0.0
ACC37219,03-01-2023,10:29,Karnataka,Bengaluru Urban,14.3759,75.9997,City Road,Clear,Day,29,Male,Bus,47,No,No,No,Signal Jumping,Low,0.0
ACC37220,20-12-2022,01:50,Telangana,Karimnagar,17.7323,79.0449,State Highway,Clear,Night,45,Male,Car,50,No,No,No,Signal Jumping,Low,4.0
ACC37221,08-09-2022,20:15,Telangana,Hyderabad,18.3036,78.5814,National Highway,Overcast,Night,39,Male,Car,90,Yes,No,No,Over Speeding,High,6.0
ACC37222,21-12-2022,20:35,Tamil Nadu,Madurai,11.2451,78.198,National Highway,Overcast,Night,31,Male,Bus,69,No,Yes,No,Drowsy Driving,High,2.0
ACC37223,23-08-2024,18:48,Tamil Nadu,Madurai,11.4371,78.641,City Road,Clear,Dusk,42,Male,Car,72,No,No,No,Over Speeding,Low,2.0
ACC37224,18-03-2024,09:16,Andhra Pradesh,Vijayawada,15.6967,79.7758,City Road,Cloudy,Day,55,Male,Bike,22,No,No,No,Signal Jumping,Low,1.0
ACC37225,13-04-2022,19:13,Andhra Pradesh,Guntur,16.5627,80.4204,City Road,Foggy,Night,29,Female,Car,51,No,No,No,Poor Weather Visibility,Low,1.0
ACC37226,13-11-2023,20:56,Tamil Nadu,Tiruchirappalli,10.9748,78.7925,National Highway,Clear,Night,45,Female,Bus,64,Yes,No,No,Drunk Driving,Medium,6.0
ACC37227,09-11-2023,19:14,Kerala,Thiruvananthapuram,10.0529,76.4386,Expressway,Clear,Night,24,Male,Car,97,Yes,No,No,Over Speeding,Medium,3.0
ACC37228,27-02-2024,16:30,Kerala,Thrissur,10.4074,76.384,Expressway,Rainy,Day,46,Female,Bike,74,No,No,No,Poor Weather Visibility,High,4.0
ACC37229,26-12-2023,16:51,Tamil Nadu,Madurai,10.4884,78.1282,City Road,Clear,Day,33,Female,Bike,56,No,No,Yes,Pothole/Bad Road,Medium,1.0
ACC37230,06-10-2022,14:55,Karnataka,Mangaluru,16.0075,75.6506,Village Road,Clear,Day,33,Male,Bike,37,No,No,No,Signal Jumping,Low,0.0
ACC37231,07-12-2022,03:47,Telangana,Nizamabad,17.715,79.1113,State Highway,Overcast,Night,44,Female,Bike,71,No,No,No,Poor Weather Visibility,Medium,2.0
ACC37232,18-04-2023,07:04,Karnataka,Mangaluru,14.689,75.5707,City Road,Clear,Day,57,Female,Bus,71,No,Yes,No,Drowsy Driving,Medium,4.0
ACC37233,10-09-2024,21:31,Karnataka,Hubballi,15.3379,76.0975,Expressway,Clear,Night,20,Male,Bike,96,Yes,No,No,Over Speeding,High,4.0
ACC37234,24-06-2024,06:44,Telangana,Khammam,17.2524,78.8337,National Highway,Clear,Day,43,Male,Auto,58,No,No,Yes,Pothole/Bad Road,Medium,2.0
ACC37235,20-02-2024,15:21,Tamil Nadu,Tiruchirappalli,10.7663,78.9988,National Highway,Rainy,Day,22,Male,Bike,73,No,No,No,Poor Weather Visibility,Medium,4.0
ACC37236,11-03-2023,05:03,Karnataka,Belagavi,15.6639,76.5488,Expressway,Clear,Dawn,42,Male,Bike,84,No,Yes,No,Over Speeding,High,7.0
ACC37237,20-11-2024,19:24,Kerala,Thrissur,10.7911,76.5106,Village Road,Foggy,Night,31,Male,Bike,76,Yes,Yes,No,Poor Weather Visibility,High,7.0
ACC37238,09-03-2024,15:13,Telangana,Khammam,17.9201,78.9379,Village Road,Clear,Day,36,Male,Bus,33,No,No,Yes,Pothole/Bad Road,Low,2.0
ACC37239,06-03-2023,21:50,Tamil Nadu,Madurai,10.9689,79.2206,National Highway,Overcast,Night,57,Male,Bike,60,No,No,Yes,Pothole/Bad Road,Medium,4.0
ACC37240,05-07-2023,08:12,Kerala,Ernakulam,9.9278,76.1014,Expressway,Clear,Day,40,Male,Car,89,No,No,No,Over Speeding,Medium,3.0
ACC37241,10-05-2023,09:33,Tamil Nadu,Salem,11.3433,79.4752,National Highway,Cloudy,Day,33,Female,Bike,93,Yes,No,No,Over Speeding,High,4.0
ACC37242,24-03-2022,22:06,Karnataka,Belagavi,14.8843,75.3484,State Highway,Clear,Night,50,Male,Car,60,Yes,No,No,Drunk Driving,Medium,3.0
ACC37243,23-05-2024,21:52,Tamil Nadu,Tiruchirappalli,11.2401,78.6079,State Highway,Clear,Night,36,Male,Auto,76,No,Yes,Yes,Drowsy Driving,Medium,1.0
ACC37244,04-05-2023,16:03,Karnataka,Mangaluru,14.8617,75.4465,State Highway,Overcast,Day,50,Male,Car,60,No,No,No,Poor Weather Visibility,Low,3.0
ACC37245,30-11-2023,13:08,Karnataka,Belagavi,15.73,75.9042,State Highway,Overcast,Day,37,Male,Auto,68,No,No,No,Poor Weather Visibility,Medium,3.0
ACC37246,01-10-2024,20:07,Andhra Pradesh,Guntur,16.0084,79.8083,Village Road,Rainy,Night,22,Male,Bike,46,No,No,Yes,Poor Weather Visibility,Medium,5.0
ACC37247,20-02-2023,20:50,Kerala,Thrissur,9.9249,76.5849,Expressway,Clear,Night,18,Male,Bus,98,Yes,No,No,Over Speeding,High,
ACC37248,31-08-2022,08:55,Karnataka,Mysuru,15.2786,75.2553,City Road,Rainy,Day,20,Male,Car,56,No,No,No,Poor Weather Visibility,Low,1.0
ACC37249,05-12-2023,00:35,Tamil Nadu,Salem,10.4656,79.0728,City Road,Clear,Night,29,Male,Car,78,Yes,Yes,No,Drunk Driving,High,4.0
ACC37250,18-02-2023,15:14,Andhra Pradesh,Nellore,15.6473,80.0145,Expressway,Clear,Day,18,Male,Truck,81,Yes,No,No,Drunk Driving,High,2.0
ACC37251,15-04-2023,13:38,Andhra Pradesh,Vijayawada,15.8999,79.1701,National Highway,Clear,Day,53,Male,Bike,75,No,No,No,Over Speeding,Low,2.0
ACC37252,07-01-2023,17:19,Telangana,Warangal,18.0973,78.3951,State Highway,Clear,Dusk,45,Male,Bike,56,No,No,No,Poor Weather Visibility,Medium,2.0
ACC37253,05-03-2024,18:27,Telangana,Karimnagar,18.1622,78.8206,National Highway,Clear,Dusk,26,Male,Auto,65,No,No,No,Over Speeding,Medium,4.0
ACC37254,14-12-2024,17:36,Tamil Nadu,Chennai,11.3595,78.4477,City Road,Rainy,Dusk,21,Male,Bike,54,No,No,No,Poor Weather Visibility,Low,1.0
ACC37255,17-09-2024,20:44,Karnataka,Hubballi,15.393,75.6572,National Highway,Overcast,Night,20,Male,Bike,64,No,No,No,Poor Weather Visibility,Medium,2.0
ACC37256,22-08-2022,16:04,Telangana,Nizamabad,17.6666,79.6344,City Road,Rainy,Day,53,Male,Truck,78,Yes,No,No,Poor Weather Visibility,High,3.0
ACC37257,31-03-2022,06:57,Karnataka,Hubballi,15.6357,76.0177,City Road,Clear,Day,34,Male,Truck,52,No,No,No,Signal Jumping,Low,0.0
ACC37258,02-03-2024,11:42,Telangana,Hyderabad,18.0425,79.5806,State Highway,Overcast,Day,44,Male,Bike,55,No,No,Yes,Pothole/Bad Road,Low,0.0
ACC37259,29-01-2022,12:50,Kerala,Kollam,10.4362,75.8569,City Road,Clear,Day,43,Male,Bike,32,No,No,No,Poor Weather Visibility,Low,3.0
ACC37260,07-08-2024,19:44,Puducherry,Puducherry,12.1119,79.7823,State Highway,Clear,Night,40,Male,Bike,76,No,No,Yes,Pothole/Bad Road,High,4.0
ACC37261,09-09-2023,12:50,Karnataka,Bengaluru Urban,15.3532,75.4211,National Highway,Clear,Day,29,Female,Bike,67,No,No,No,Over Speeding,Low,2.0
ACC37262,13-01-2023,12:46,Tamil Nadu,Coimbatore,11.4624,78.213,Village Road,Rainy,Day,19,Male,Car,42,No,Yes,No,Poor Weather Visibility,Low,
ACC37263,01-08-2023,14:16,Puducherry,Karaikal,11.9103,80.8472,Expressway,Foggy,Day,51,Male,Car,82,No,Yes,No,Poor Weather Visibility,High,8.0
ACC37264,09-02-2022,06:59,Andhra Pradesh,Guntur,15.7357,79.7689,Village Road,Clear,Day,46,Male,Auto,38,No,No,Yes,Pothole/Bad Road,Low,1.0
ACC37265,20-03-2024,10:10,Telangana,Khammam,17.9057,79.0951,Village Road,Clear,Day,27,Female,Bike,36,No,No,Yes,Pothole/Bad Road,Low,
ACC37266,28-09-2022,21:22,Tamil Nadu,Tiruchirappalli,11.677,79.0682,Village Road,Clear,Night,44,Male,Bus,65,Yes,Yes,No,Drunk Driving,High,4.0
ACC37267,19-01-2024,17:38,Kerala,Ernakulam,10.109,76.3194,State Highway,Rainy,Dusk,58,Female,Car,53,No,No,No,Poor Weather Visibility,Low,0.0
ACC37268,22-11-2023,22:33,Andhra Pradesh,Guntur,15.626,79.7221,City Road,Clear,Night,53,Male,Auto,53,No,No,Yes,Pothole/Bad Road,Medium,4.0
ACC37269,25-10-2023,15:47,Tamil Nadu,Salem,11.3866,78.6456,State Highway,Clear,Day,31,Male,Bike,61,No,No,No,Signal Jumping,Low,0.0
ACC37270,05-04-2023,12:15,Tamil Nadu,Tiruchirappalli,10.4801,79.0726,City Road,Cloudy,Day,49,Male,Auto,57,No,No,No,Signal Jumping,Low,0.0
ACC37271,24-04-2024,21:12,Karnataka,Mangaluru,15.7376,75.4484,City Road,Clear,Night,42,Male,Bike,73,Yes,No,No,Drunk Driving,High,4.0
ACC37272,20-01-2022,13:59,Tamil Nadu,Chennai,11.1167,78.2781,National Highway,Rainy,Day,27,Male,Auto,83,Yes,No,No,Poor Weather Visibility,High,7.0
ACC37273,11-11-2023,11:00,Kerala,Thiruvananthapuram,10.3176,76.7535,Village Road,Clear,Day,22,Male,Auto,24,No,No,No,Signal Jumping,Low,0.0
ACC37274,11-04-2022,10:23,Andhra Pradesh,Guntur,16.2329,79.8815,City Road,Clear,Day,43,Male,Bus,52,No,No,No,Signal Jumping,Low,2.0
ACC37275,25-06-2022,02:08,Telangana,Karimnagar,17.7192,78.5918,City Road,Cloudy,Night,27,Male,Bike,32,No,No,Yes,Pothole/Bad Road,Low,3.0
ACC37276,19-11-2022,00:25,Telangana,Karimnagar,18.1581,78.7312,National Highway,Cloudy,Night,36,Male,Truck,88,Yes,No,No,Over Speeding,High,7.0
ACC37277,29-10-2024,16:29,Karnataka,Hubballi,15.3859,75.4435,National Highway,Clear,Day,57,Male,Car,66,No,No,No,Over Speeding,Low,1.0
ACC37278,24-09-2023,17:01,Tamil Nadu,Madurai,10.3752,78.2333,City Road,Clear,Dusk,18,Male,Bike,67,Yes,No,No,Drunk Driving,High,4.0
ACC37279,23-02-2023,14:33,Tamil Nadu,Tiruchirappalli,11.7918,78.7275,Expressway,Clear,Day,28,Female,Car,87,No,No,No,Over Speeding,Medium,1.0
ACC37280,27-02-2024,07:47,Telangana,Khammam,17.7198,79.1261,Village Road,Overcast,Day,27,Male,Auto,41,No,No,Yes,Pothole/Bad Road,Low,0.0
ACC37281,27-10-2023,21:23,Karnataka,Bengaluru Urban,15.2874,75.5959,Village Road,Cloudy,Night,31,Female,Bike,28,No,No,No,Poor Weather Visibility,Low,0.0
ACC37282,10-03-2023,07:51,Andhra Pradesh,Vijayawada,15.7799,80.1153,City Road,Clear,Day,46,Male,Car,48,No,No,Yes,Pothole/Bad Road,Low,0.0
ACC37283,30-08-2023,10:57,Karnataka,Hubballi,14.786,74.967,State Highway,Clear,Day,18,Male,Truck,57,No,No,No,Signal Jumping,Low,1.0
ACC37284,16-09-2022,14:24,Puducherry,Puducherry,11.7976,79.7399,Village Road,Clear,Day,43,Male,Auto,52,No,No,No,Signal Jumping,Low,1.0
ACC37285,16-10-2024,20:10,Karnataka,Mysuru,15.5997,75.4833,National Highway,Overcast,Night,48,Male,Bike,68,No,No,Yes,Pothole/Bad Road,High,2.0
ACC37286,05-08-2022,16:00,Karnataka,Mangaluru,14.945,75.6706,Village Road,Clear,Day,54,Male,Bike,24,No,No,No,Poor Weather Visibility,Low,1.0
ACC37287,26-07-2022,18:04,Tamil Nadu,Tiruchirappalli,11.4096,79.1914,City Road,Clear,Dusk,30,Male,Auto,51,No,No,No,Signal Jumping,Low,1.0
ACC37288,07-03-2023,14:34,Tamil Nadu,Chennai,11.6657,78.6,City Road,Clear,Day,29,Male,Bike,47,No,No,Yes,Pothole/Bad Road,Low,0.0
ACC37289,25-07-2022,13:25,Telangana,Karimnagar,17.1564,78.2013,City Road,Rainy,Day,43,Male,Truck,46,No,No,No,Poor Weather Visibility,Low,0.0
ACC37290,26-05-2024,19:42,Karnataka,Hubballi,14.3334,75.5351,National Highway,Clear,Night,33,Male,Bike,62,No,No,No,Signal Jumping,Medium,2.0
ACC37291,20-06-2023,13:56,Puducherry,Karaikal,11.9614,79.5699,State Highway,Cloudy,Day,35,Male,Car,66,No,No,No,Signal Jumping,Low,0.0
ACC37292,21-04-2023,09:45,Andhra Pradesh,Vijayawada,16.2303,80.0407,Village Road,Clear,Day,23,Male,Auto,61,Yes,No,Yes,Drunk Driving,Medium,1.0
ACC37293,29-09-2023,19:10,Kerala,Ernakulam,9.786,76.7667,Village Road,Clear,Night,31,Female,Bus,55,No,No,Yes,Pothole/Bad Road,High,3.0
ACC37294,02-09-2022,09:40,Karnataka,Mangaluru,15.7907,75.6203,City Road,Cloudy,Day,49,Female,Bike,44,No,No,No,Poor Weather Visibility,Low,1.0
ACC37295,07-07-2022,18:22,Tamil Nadu,Coimbatore,11.133,78.6711,National Highway,Cloudy,Dusk,29,Male,Bike,49,No,No,No,Poor Weather Visibility,Medium,
ACC37296,29-10-2023,08:33,Karnataka,Mangaluru,14.8999,75.8822,Village Road,Clear,Day,21,Male,Bike,47,No,No,No,Signal Jumping,Low,0.0
ACC37297,25-05-2023,10:49,Karnataka,Bengaluru Urban,14.8474,75.901,State Highway,Rainy,Day,44,Female,Truck,60,No,No,No,Poor Weather Visibility,Low,0.0
ACC37298,08-05-2022,08:50,Telangana,Nizamabad,17.4249,78.2745,City Road,Rainy,Day,36,Male,Bus,73,Yes,Yes,No,Poor Weather Visibility,High,8.0
ACC37299,24-10-2023,04:30,Andhra Pradesh,Nellore,15.7841,80.1131,Village Road,Clear,Night,52,Male,Auto,27,No,No,No,Poor Weather Visibility,Low,0.0
ACC37300,05-07-2023,16:53,Karnataka,Mangaluru,14.7488,75.9542,Village Road,Clear,Day,44,Female,Car,40,No,No,No,Signal Jumping,Low,0.0
ACC37301,26-03-2022,17:18,Karnataka,Mysuru,14.9326,75.9418,City Road,Cloudy,Dusk,31,Female,Bike,59,No,No,No,Poor Weather Visibility,Low,1.0
ACC37302,26-07-2023,08:03,Tamil Nadu,Chennai,11.1164,78.5881,State Highway,Clear,Day,31,Female,Bike,71,No,No,No,Over Speeding,Low,
ACC37303,10-05-2023,12:14,Andhra Pradesh,Vijayawada,15.8899,79.8441,National Highway,Cloudy,Day,33,Male,Bus,64,No,No,No,Poor Weather Visibility,Low,0.0
ACC37304,30-07-2024,05:20,Kerala,Kozhikode,10.2168,76.4775,National Highway,Rainy,Dawn,54,Male,Auto,80,Yes,No,No,Poor Weather Visibility,High,6.0
ACC37305,18-03-2023,15:33,Andhra Pradesh,Kurnool,15.5155,79.8131,City Road,Clear,Day,26,Male,Bike,51,No,No,Yes,Pothole/Bad Road,Low,0.0
ACC37306,16-01-2024,18:24,Tamil Nadu,Salem,10.4825,77.9112,Expressway,Clear,Dusk,28,Male,Car,97,Yes,No,No,Over Speeding,High,5.0
ACC37307,15-01-2024,04:04,Andhra Pradesh,Visakhapatnam,15.92,79.1366,National Highway,Clear,Night,43,Male,Bike,69,No,Yes,No,Drowsy Driving,High,5.0
ACC37308,29-09-2022,00:16,Karnataka,Mangaluru,15.6594,76.3583,National Highway,Overcast,Night,26,Male,Bus,95,Yes,Yes,No,Over Speeding,High,4.0
ACC37309,20-02-2024,11:01,Telangana,Karimnagar,17.5936,78.8938,Village Road,Clear,Day,29,Male,Bike,30,No,No,No,Signal Jumping,Low,0.0
ACC37310,30-08-2023,14:11,Karnataka,Mysuru,14.9754,75.5574,Village Road,Clear,Day,49,Female,Truck,45,No,Yes,No,Drowsy Driving,Low,1.0
ACC37311,10-09-2022,18:02,Kerala,Thrissur,10.5616,76.2782,National Highway,Cloudy,Dusk,35,Male,Car,66,No,No,No,Signal Jumping,Medium,1.0
ACC37312,26-11-2023,20:58,Tamil Nadu,Madurai,10.5562,78.8149,Village Road,Clear,Night,32,Male,Car,63,Yes,No,Yes,Drunk Driving,Medium,5.0
ACC37313,13-05-2023,12:18,Telangana,Nizamabad,17.6185,78.8365,City Road,Clear,Day,33,Male,Bike,59,No,No,No,Signal Jumping,Low,2.0
ACC37314,15-05-2022,00:05,Andhra Pradesh,Guntur,16.0249,79.9413,Expressway,Cloudy,Night,52,Male,Car,99,Yes,No,No,Over Speeding,High,6.0
ACC37315,09-03-2024,09:43,Kerala,Ernakulam,10.2297,76.038,Village Road,Overcast,Day,35,Male,Auto,52,No,No,Yes,Pothole/Bad Road,Medium,3.0
ACC37316,23-10-2023,12:11,Karnataka,Mangaluru,15.5696,75.3704,Expressway,Rainy,Day,32,Male,Bike,71,No,No,No,Poor Weather Visibility,Medium,2.0
ACC37317,15-09-2024,04:40,Tamil Nadu,Tiruchirappalli,11.4875,78.0013,Village Road,Overcast,Night,33,Male,Bike,51,No,Yes,Yes,Drowsy Driving,Medium,3.0
ACC37318,04-11-2022,16:48,Kerala,Thrissur,10.4372,76.3499,Village Road,Clear,Day,18,Male,Bike,47,No,No,Yes,Pothole/Bad Road,Low,1.0
ACC37319,07-05-2023,11:21,Telangana,Hyderabad,17.8281,78.9121,City Road,Clear,Day,27,Male,Auto,44,No,No,No,Signal Jumping,Low,1.0
ACC37320,15-05-2024,18:36,Telangana,Khammam,17.8086,78.9231,State Highway,Clear,Dusk,18,Male,Auto,56,No,Yes,No,Drowsy Driving,Low,1.0
ACC37321,06-09-2023,21:48,Karnataka,Hubballi,14.9661,76.2232,State Highway,Overcast,Night,18,Female,Car,98,Yes,No,No,Over Speeding,High,7.0