Accident_ID,Date,Time,State,District,Latitude,Longitude,Road_Type,Weather,Light_Condition,Driver_Age,Driver_Gender,Vehicle_Type,Speed_kmph,Alcohol_Involved,Driver_Drowsy,Pothole_Involved,Cause_of_Accident,Severity,Casualties
ACC37322,19-12-2024,07:36,Telangana,Karimnagar,17.6748,78.7363,State Highway,Clear,Day,18,Male,Car,63,Yes,No,No,Drunk Driving,Medium,2.0
ACC37323,04-12-2023,10:11,Kerala,Thrissur,10.6829,75.9909,City Road,Overcast,Day,24,Male,Bike,36,No,No,No,Poor Weather Visibility,Low,0.0
ACC37324,09-10-2023,18:15,Kerala,Kozhikode,10.1736,76.771,National Highway,Clear,Dusk,50,Male,Truck,79,No,No,No,Over Speeding,Medium,4.0
ACC37325,28-09-2022,00:37,Tamil Nadu,Chennai,11.7564,78.7262,City Road,Clear,Night,40,Male,Bike,30,No,No,No,Poor Weather Visibility,Low,1.0
ACC37326,01-03-2022,18:09,Karnataka,Mangaluru,14.6416,75.4598,City Road,Rainy,Dusk,35,Female,Auto,55,No,No,No,Poor Weather Visibility,Low,2.0
ACC37327,22-02-2024,18:40,Karnataka,Hubballi,15.2074,74.7361,State Highway,Cloudy,Dusk,29,Male,Bus,47,No,No,No,Poor Weather Visibility,Low,1.0
ACC37328,15-12-2023,19:14,Andhra Pradesh,Nellore,15.8666,80.0825,State Highway,Clear,Night,29,Male,Auto,61,No,No,No,Over Speeding,Medium,6.0
ACC37329,25-10-2024,16:03,Tamil Nadu,Coimbatore,10.9393,78.5185,City Road,Rainy,Day,36,Female,Auto,42,No,No,No,Poor Weather Visibility,Low,0.0
ACC37330,21-09-2023,16:22,Tamil Nadu,Tiruchirappalli,11.1126,78.2714,State Highway,Cloudy,Day,26,Male,Car,86,No,No,No,Over Speeding,Medium,5.0
ACC37331,21-05-2024,02:48,Telangana,Hyderabad,17.628,79.2499,City Road,Cloudy,Night,24,Male,Auto,56,No,Yes,No,Drowsy Driving,High,6.0
ACC37332,31-10-2024,05:59,Karnataka,Mangaluru,14.6154,75.8626,Village Road,Cloudy,Dawn,25,Male,Car,36,No,No,No,Poor Weather Visibility,Low,0.0
ACC37333,13-09-2024,06:51,Andhra Pradesh,Vijayawada,15.6898,80.1781,State Highway,Clear,Day,29,Male,Bike,73,No,No,No,Over Speeding,Medium,3.0
ACC37334,04-11-2023,12:51,Karnataka,Mysuru,16.0091,75.8941,National Highway,Clear,Day,42,Male,Car,87,Yes,No,Yes,Over Speeding,High,3.0
ACC37335,19-12-2023,18:29,Puducherry,Karaikal,12.1904,79.4445,State Highway,Clear,Dusk,31,Male,Car,64,No,No,No,Signal Jumping,Low,1.0
ACC37336,15-08-2022,17:45,Karnataka,Hubballi,14.8886,74.5849,National Highway,Overcast,Dusk,32,Male,Bus,85,No,No,No,Over Speeding,High,4.0
ACC37337,11-12-2024,09:20,Telangana,Karimnagar,18.4764,78.6843,City Road,Clear,Day,35,Female,Bike,62,No,No,No,Signal Jumping,Medium,3.0
ACC37338,26-06-2022,09:58,Kerala,Kozhikode,10.1557,76.3386,State Highway,Rainy,Day,41,Male,Car,58,No,No,No,Poor Weather Visibility,Medium,1.0
ACC37339,26-02-2022,19:27,Tamil Nadu,Coimbatore,11.2447,78.0328,Expressway,Clear,Night,39,Male,Auto,62,No,No,No,Signal Jumping,Medium,8.0
ACC37340,04-05-2023,09:13,Tamil Nadu,Tiruchirappalli,11.3807,78.37,National Highway,Cloudy,Day,30,Male,Car,71,No,No,No,Poor Weather Visibility,Medium,1.0
ACC37341,25-04-2023,05:58,Andhra Pradesh,Vijayawada,15.4691,79.4995,Village Road,Clear,Dawn,53,Male,Truck,50,No,No,No,Signal Jumping,Low,0.0
ACC37342,04-07-2022,21:23,Puducherry,Puducherry,11.2016,79.9633,National Highway,Rainy,Night,18,Female,Car,71,No,No,No,Poor Weather Visibility,Medium,4.0
ACC37343,15-02-2022,12:51,Kerala,Thrissur,9.8354,76.4185,Expressway,Clear,Day,55,Female,Car,83,No,No,No,Over Speeding,Medium,4.0
ACC37344,11-09-2022,18:11,Tamil Nadu,Madurai,11.2641,78.1805,Village Road,Clear,Dusk,38,Female,Auto,54,No,No,Yes,Pothole/Bad Road,Low,1.0
ACC37345,23-08-2022,20:54,Telangana,Nizamabad,18.497,78.7483,Village Road,Clear,Night,34,Female,Auto,56,Yes,No,No,Drunk Driving,Medium,4.0
ACC37346,16-08-2024,20:36,Kerala,Kozhikode,10.5038,75.4837,Village Road,Cloudy,Night,60,Male,Car,44,No,No,No,Poor Weather Visibility,Low,1.0
ACC37347,25-01-2022,11:23,Kerala,Thiruvananthapuram,10.2671,76.7578,City Road,Rainy,Day,39,Female,Bike,26,No,No,Yes,Poor Weather Visibility,Low,1.0
ACC37348,03-04-2024,08:32,Tamil Nadu,Tiruchirappalli,10.8703,78.26,National Highway,Clear,Day,30,Male,Auto,86,No,Yes,No,Over Speeding,High,7.0
ACC37349,03-08-2024,21:08,Andhra Pradesh,Guntur,16.0145,80.3251,City Road,Clear,Night,51,Male,Car,48,No,No,No,Signal Jumping,Low,1.0
ACC37350,18-04-2023,05:02,Telangana,Khammam,18.056,79.1852,City Road,Rainy,Dawn,45,Male,Car,40,No,No,No,Poor Weather Visibility,Low,1.0
ACC37351,27-09-2023,21:54,Andhra Pradesh,Kurnool,15.5318,79.368,Village Road,Clear,Night,40,Male,Truck,59,No,Yes,Yes,Drowsy Driving,Low,0.0
ACC37352,14-09-2024,18:06,Karnataka,Mangaluru,15.078,75.0823,National Highway,Clear,Dusk,30,Male,Bike,78,No,Yes,No,Drowsy Driving,Medium,5.0
ACC37353,19-07-2022,07:38,Kerala,Kollam,10.7229,76.6888,National Highway,Rainy,Day,22,Female,Bike,64,No,No,Yes,Poor Weather Visibility,Medium,3.0
ACC37354,08-10-2024,20:00,Telangana,Hyderabad,17.9863,79.747,City Road,Clear,Night,49,Male,Auto,29,No,No,No,Signal Jumping,Low,0.0
ACC37355,24-03-2024,07:11,Tamil Nadu,Chennai,11.6203,78.8339,City Road,Clear,Day,18,Female,Car,62,No,No,No,Over Speeding,Low,1.0
ACC37356,17-09-2022,04:33,Andhra Pradesh,Vijayawada,15.2066,79.5328,City Road,Overcast,Night,25,Male,Bike,79,Yes,No,No,Drunk Driving,High,6.0
ACC37357,20-05-2023,16:56,Andhra Pradesh,Guntur,15.9453,79.5318,State Highway,Cloudy,Day,37,Male,Car,56,No,No,No,Poor Weather Visibility,Low,1.0
ACC37358,25-01-2022,16:32,Tamil Nadu,Chennai,11.9337,78.7631,National Highway,Rainy,Day,31,Female,Bus,74,No,No,No,Poor Weather Visibility,Medium,1.0
ACC37359,05-12-2023,14:21,Kerala,Kozhikode,9.9935,76.9748,Village Road,Cloudy,Day,39,Male,Bike,19,No,No,No,Poor Weather Visibility,Low,0.0
ACC37360,08-12-2023,13:56,Karnataka,Mysuru,14.9768,76.5358,Village Road,Clear,Day,36,Male,Auto,32,No,No,Yes,Signal Jumping,Low,2.0
ACC37361,10-05-2024,21:02,Andhra Pradesh,Nellore,16.3028,79.9372,State Highway,Clear,Night,47,Female,Car,58,No,Yes,No,Drowsy Driving,Low,1.0
ACC37362,01-02-2023,23:59,Telangana,Nizamabad,18.0322,78.7236,Expressway,Clear,Night,18,Male,Car,104,Yes,No,No,Over Speeding,High,7.0
ACC37363,16-01-2024,12:53,Kerala,Thiruvananthapuram,10.4592,76.3143,State Highway,Rainy,Day,37,Male,Car,67,No,No,No,Poor Weather Visibility,Medium,1.0
ACC37364,25-10-2023,19:07,Tamil Nadu,Salem,10.7907,79.4624,Expressway,Overcast,Night,22,Female,Bike,101,Yes,No,Yes,Over Speeding,High,
ACC37365,03-07-2024,16:18,Tamil Nadu,Chennai,11.8242,78.8453,National Highway,Clear,Day,38,Male,Car,82,Yes,No,No,Drunk Driving,Medium,5.0
ACC37366,28-06-2023,08:30,Tamil Nadu,Madurai,11.098,78.3961,State Highway,Clear,Day,43,Male,Bike,60,No,No,No,Signal Jumping,Low,0.0
ACC37367,14-10-2024,09:52,Tamil Nadu,Madurai,10.2698,78.8465,National Highway,Clear,Day,31,Female,Auto,74,No,Yes,No,Drowsy Driving,Medium,1.0
ACC37368,24-07-2024,10:58,Telangana,Nizamabad,18.2232,78.8605,Village Road,Cloudy,Day,29,Male,Bike,34,No,No,Yes,Pothole/Bad Road,Low,0.0
ACC37369,14-03-2023,21:08,Kerala,Thiruvananthapuram,9.9014,77.0549,Village Road,Cloudy,Night,45,Male,Auto,59,Yes,Yes,Yes,Drunk Driving,High,3.0
ACC37370,07-03-2022,19:35,Telangana,Hyderabad,17.7879,79.096,City Road,Rainy,Night,40,Male,Auto,44,No,No,No,Poor Weather Visibility,Low,2.0
ACC37371,10-10-2022,23:02,Andhra Pradesh,Guntur,16.4244,79.879,City Road,Clear,Night,56,Male,Bike,43,No,No,No,Signal Jumping,Low,1.0
ACC37372,11-09-2022,13:13,Kerala,Kozhikode,10.3679,76.3133,Village Road,Cloudy,Day,34,Male,Car,61,Yes,No,No,Drunk Driving,Medium,4.0
ACC37373,29-03-2022,09:41,Telangana,Karimnagar,17.4575,78.6877,City Road,Rainy,Day,23,Female,Bus,43,No,No,Yes,Poor Weather Visibility,Low,1.0
ACC37374,26-04-2023,15:29,Andhra Pradesh,Visakhapatnam,16.2783,80.2409,State Highway,Clear,Day,41,Male,Car,48,No,No,No,Signal Jumping,Low,0.0
ACC37375,29-11-2023,15:40,Karnataka,Hubballi,15.0058,75.3894,Village Road,Rainy,Day,38,Male,Car,33,No,No,Yes,Poor Weather Visibility,Low,1.0
ACC37376,01-08-2022,04:40,Andhra Pradesh,Visakhapatnam,16.2177,80.0065,City Road,Clear,Night,36,Male,Car,72,Yes,Yes,Yes,Drunk Driving,High,3.0
ACC37377,11-01-2024,19:21,Telangana,Karimnagar,18.6096,78.9646,City Road,Clear,Night,18,Male,Bike,45,No,No,No,Signal Jumping,Low,1.0
ACC37378,30-09-2022,05:52,Tamil Nadu,Chennai,10.3838,78.9738,National Highway,Rainy,Dawn,45,Male,Auto,79,No,No,No,Poor Weather Visibility,Medium,1.0
ACC37379,07-08-2023,07:22,Tamil Nadu,Coimbatore,10.6324,77.9365,Expressway,Clear,Day,44,Male,Car,68,No,No,No,Over Speeding,Medium,3.0
ACC37380,22-12-2024,12:27,Tamil Nadu,Salem,11.5973,78.0255,Expressway,Rainy,Day,18,Male,Bike,70,No,No,No,Poor Weather Visibility,High,
ACC37381,25-06-2024,15:12,Andhra Pradesh,Nellore,15.3317,79.4847,State Highway,Cloudy,Day,22,Male,Car,72,Yes,No,No,Drunk Driving,Medium,3.0
ACC37382,21-08-2023,18:19,Andhra Pradesh,Kurnool,16.1359,79.6504,State Highway,Overcast,Dusk,25,Male,Bus,99,Yes,No,No,Over Speeding,High,6.0
ACC37383,05-03-2022,19:23,Tamil Nadu,Coimbatore,11.9388,78.78,State Highway,Rainy,Night,40,Male,Car,68,No,No,No,Poor Weather Visibility,Medium,4.0
ACC37384,31-03-2024,22:15,Telangana,Karimnagar,18.1994,78.3758,Expressway,Clear,Night,41,Male,Truck,83,No,No,No,Over Speeding,High,6.0
ACC37385,18-01-2023,07:43,Tamil Nadu,Salem,11.8682,78.5863,City Road,Clear,Day,19,Male,Car,37,No,Yes,No,Drowsy Driving,Low,0.0
ACC37386,28-07-2024,20:02,Tamil Nadu,Chennai,11.4826,79.2879,City Road,Clear,Night,43,Male,Truck,50,Yes,No,Yes,Drunk Driving,Medium,1.0
ACC37387,25-03-2022,15:25,Andhra Pradesh,Visakhapatnam,16.5204,79.5606,Village Road,Overcast,Day,41,Female,Auto,56,No,Yes,No,Drowsy Driving,Medium,2.0
ACC37388,17-11-2022,07:36,Telangana,Khammam,17.5798,79.8334,State Highway,Cloudy,Day,42,Male,Car,62,No,No,No,Poor Weather Visibility,Low,0.0
ACC37389,29-02-2024,07:03,Tamil Nadu,Salem,11.7087,78.5957,City Road,Clear,Day,38,Female,Bike,55,No,No,No,Signal Jumping,Low,0.0
ACC37390,08-07-2023,11:34,Andhra Pradesh,Guntur,16.0723,79.4659,State Highway,Cloudy,Day,40,Male,Car,59,No,Yes,No,Drowsy Driving,Medium,3.0
ACC37391,03-04-2022,03:40,Karnataka,Bengaluru Urban,15.7065,75.2855,National Highway,Clear,Night,56,Male,Bike,89,Yes,No,Yes,Over Speeding,High,6.0
ACC37392,06-11-2022,18:33,Tamil Nadu,Coimbatore,11.8316,79.0773,National Highway,Overcast,Dusk,31,Male,Car,80,No,No,No,Over Speeding,High,3.0
ACC37393,13-02-2022,16:40,Tamil Nadu,Madurai,11.1836,78.8832,Village Road,Cloudy,Day,37,Male,Car,54,No,Yes,No,Drowsy Driving,Medium,3.0
ACC37394,25-05-2022,06:38,Karnataka,Mysuru,15.2064,75.782,Village Road,Clear,Day,37,Male,Car,41,No,No,Yes,Pothole/Bad Road,Low,1.0
ACC37395,28-01-2024,21:19,Tamil Nadu,Chennai,11.695,78.9345,Village Road,Clear,Night,31,Male,Bike,47,No,Yes,No,Drowsy Driving,Low,1.0
ACC37396,28-08-2022,10:24,Telangana,Khammam,17.9996,78.7244,City Road,Cloudy,Day,28,Male,Bike,62,No,No,Yes,Pothole/Bad Road,Medium,1.0
ACC37397,25-06-2024,07:01,Telangana,Nizamabad,18.5333,79.3081,State Highway,Rainy,Day,18,Female,Car,67,No,No,No,Poor Weather Visibility,Medium,3.0
ACC37398,09-04-2024,19:16,Telangana,Warangal,18.6292,78.8701,National Highway,Rainy,Night,28,Male,Bike,53,Yes,No,Yes,Poor Weather Visibility,High,3.0
ACC37399,08-01-2024,12:02,Tamil Nadu,Coimbatore,10.8898,78.0941,Village Road,Clear,Day,25,Male,Bus,40,No,No,No,Signal Jumping,Low,2.0
ACC37400,10-09-2023,21:29,Tamil Nadu,Coimbatore,11.0797,78.6943,State Highway,Clear,Night,24,Male,Auto,72,Yes,No,No,Drunk Driving,High,3.0
ACC37401,09-08-2022,15:47,Telangana,Hyderabad,17.867,78.8482,State Highway,Clear,Day,41,Female,Car,69,No,No,No,Over Speeding,Medium,4.0
ACC37402,21-09-2022,12:08,Telangana,Nizamabad,17.8557,78.4519,City Road,Rainy,Day,25,Male,Auto,30,No,No,No,Poor Weather Visibility,Low,0.0
ACC37403,30-10-2022,20:26,Andhra Pradesh,Visakhapatnam,15.7541,79.2676,City Road,Rainy,Night,31,Male,Car,27,No,No,No,Poor Weather Visibility,Low,0.0
ACC37404,27-08-2024,13:32,Kerala,Thiruvananthapuram,10.0762,75.5634,City Road,Cloudy,Day,57,Male,Bike,40,No,No,Yes,Pothole/Bad Road,Low,1.0
ACC37405,23-01-2022,21:25,Tamil Nadu,Chennai,11.6375,77.8448,State Highway,Overcast,Night,35,Male,Truck,67,Yes,Yes,No,Drunk Driving,High,5.0
ACC37406,02-02-2024,08:58,Telangana,Warangal,17.7473,77.7125,City Road,Clear,Day,22,Female,Bus,73,Yes,No,No,Drunk Driving,Medium,1.0
ACC37407,13-07-2022,06:59,Karnataka,Mangaluru,16.3886,75.9093,City Road,Clear,Day,58,Male,Bike,56,No,No,No,Poor Weather Visibility,Low,0.0
ACC37408,21-02-2022,15:47,Andhra Pradesh,Visakhapatnam,15.9991,79.8095,National Highway,Overcast,Day,33,Female,Car,63,No,No,No,Signal Jumping,Medium,1.0
ACC37409,27-01-2023,11:01,Telangana,Nizamabad,17.7992,79.3457,Village Road,Rainy,Day,43,Male,Auto,31,No,No,Yes,Poor Weather Visibility,Low,1.0
ACC37410,20-05-2022,14:51,Karnataka,Mangaluru,14.9208,74.7841,National Highway,Cloudy,Day,43,Male,Car,92,Yes,No,No,Over Speeding,High,6.0
ACC37411,01-06-2023,12:02,Puducherry,Puducherry,11.5636,80.0541,Village Road,Cloudy,Day,18,Male,Car,29,No,No,No,Poor Weather Visibility,Low,0.0
ACC37412,07-01-2024,19:11,Karnataka,Hubballi,15.2234,76.2914,City Road,Rainy,Night,53,Female,Car,69,Yes,Yes,No,Poor Weather Visibility,High,4.0
ACC37413,16-12-2022,09:53,Andhra Pradesh,Vijayawada,15.0168,79.2928,City Road,Overcast,Day,26,Male,Bike,62,Yes,No,No,Drunk Driving,Medium,6.0
ACC37414,09-10-2024,07:25,Kerala,Kozhikode,10.7363,77.0563,State Highway,Clear,Day,51,Male,Car,42,No,No,No,Poor Weather Visibility,Low,4.0
ACC37415,10-07-2023,14:42,Tamil Nadu,Coimbatore,11.4429,79.2183,State Highway,Cloudy,Day,52,Male,Car,74,No,No,No,Over Speeding,Low,1.0
ACC37416,08-03-2024,21:17,Kerala,Kollam,10.0684,76.3105,State Highway,Clear,Night,35,Male,Bus,63,Yes,Yes,No,Drunk Driving,Medium,3.0
ACC37417,01-09-2023,11:59,Kerala,Ernakulam,9.7366,77.1062,Village Road,Clear,Day,51,Female,Bike,43,No,No,No,Signal Jumping,Low,1.0
ACC37418,23-01-2023,07:34,Kerala,Thrissur,10.1634,75.3689,National Highway,Clear,Day,22,Male,Truck,57,No,Yes,Yes,Drowsy Driving,Medium,1.0
ACC37419,10-11-2022,08:03,Telangana,Hyderabad,17.6376,78.9495,National Highway,Clear,Day,62,Female,Bus,49,No,Yes,No,Drowsy Driving,Low,2.0
ACC37420,23-05-2024,18:31,Andhra Pradesh,Guntur,15.9745,79.8509,Expressway,Clear,Dusk,18,Female,Auto,85,No,No,No,Over Speeding,High,6.0
ACC37421,24-12-2022,17:28,Telangana,Karimnagar,17.586,79.3808,National Highway,Cloudy,Dusk,39,Female,Auto,65,No,No,Yes,Signal Jumping,Medium,5.0
ACC37422,16-09-2022,19:52,Andhra Pradesh,Nellore,16.5996,79.2671,State Highway,Clear,Night,30,Female,Bike,82,No,No,Yes,Over Speeding,High,4.0
ACC37423,18-07-2024,13:27,Andhra Pradesh,Vijayawada,15.8118,79.5821,City Road,Cloudy,Day,19,Male,Auto,28,No,No,No,Poor Weather Visibility,Low,1.0
ACC37424,11-07-2023,20:45,Tamil Nadu,Coimbatore,11.0793,77.8914,Expressway,Clear,Night,37,Female,Bike,95,Yes,No,No,Over Speeding,High,4.0
ACC37425,13-05-2022,18:22,Tamil Nadu,Tiruchirappalli,11.0423,78.7732,National Highway,Clear,Dusk,35,Male,Bike,47,No,No,No,Poor Weather Visibility,Medium,3.0
ACC37426,20-05-2023,15:35,Karnataka,Hubballi,15.6716,75.6382,National Highway,Cloudy,Day,28,Male,Car,76,No,No,Yes,Pothole/Bad Road,Medium,1.0
ACC37427,24-12-2022,00:57,Kerala,Ernakulam,10.3202,75.9143,Village Road,Rainy,Night,18,Male,Car,69,Yes,No,Yes,Poor Weather Visibility,High,3.0
ACC37428,17-08-2024,12:30,Telangana,Hyderabad,18.1789,78.52,Village Road,Clear,Day,41,Male,Bike,34,No,Yes,No,Drowsy Driving,Low,0.0
ACC37429,02-10-2022,09:45,Tamil Nadu,Chennai,10.8327,78.792,City Road,Overcast,Day,44,Male,Truck,53,No,No,No,Poor Weather Visibility,Low,0.0
ACC37430,03-09-2024,16:33,Karnataka,Mysuru,15.0467,75.8232,City Road,Rainy,Day,54,Male,Auto,38,No,No,No,Poor Weather Visibility,Low,0.0
ACC37431,07-12-2023,19:26,Tamil Nadu,Tiruchirappalli,11.7712,78.6185,State Highway,Cloudy,Night,61,Male,Truck,29,No,No,No,Poor Weather Visibility,Low,1.0
ACC37432,06-02-2022,15:35,Andhra Pradesh,Visakhapatnam,16.3138,79.5091,City Road,Rainy,Day,38,Male,Car,41,No,No,No,Poor Weather Visibility,Low,0.0
ACC37433,10-11-2022,01:48,Telangana,Hyderabad,17.4786,78.9426,Village Road,Cloudy,Night,18,Male,Bus,54,Yes,Yes,No,Drunk Driving,High,6.0
ACC37434,06-10-2023,12:12,Telangana,Karimnagar,18.499,78.5012,Village Road,Clear,Day,23,Male,Bus,41,No,No,No,Signal Jumping,Low,0.0
ACC37435,27-06-2022,20:44,Telangana,Karimnagar,17.8576,79.0361,State Highway,Clear,Night,26,Male,Bike,59,No,Yes,No,Drowsy Driving,Medium,3.0
ACC37436,17-07-2022,16:20,Karnataka,Belagavi,15.3638,75.4712,State Highway,Clear,Day,27,Female,Truck,43,No,No,No,Signal Jumping,Low,1.0
ACC37437,11-12-2022,09:16,Andhra Pradesh,Kurnool,16.3278,79.3466,National Highway,Overcast,Day,41,Male,Auto,71,No,No,Yes,Pothole/Bad Road,Low,1.0
ACC37438,10-03-2022,11:04,Telangana,Karimnagar,18.2083,79.1514,State Highway,Cloudy,Day,47,Male,Car,62,No,No,No,Poor Weather Visibility,Medium,2.0
ACC37439,24-01-2023,20:25,Tamil Nadu,Coimbatore,10.5019,79.0138,Village Road,Clear,Night,26,Male,Truck,55,Yes,No,No,Drunk Driving,Low,1.0
ACC37440,26-12-2024,07:29,Karnataka,Belagavi,14.7823,75.7742,National Highway,Clear,Day,29,Male,Bike,53,No,No,No,Signal Jumping,Low,2.0
ACC37441,13-06-2024,12:12,Telangana,Khammam,17.6813,79.7715,City Road,Cloudy,Day,41,Male,Car,45,No,No,Yes,Pothole/Bad Road,Low,1.0
ACC37442,20-04-2022,12:39,Karnataka,Belagavi,14.0567,75.9755,Expressway,Cloudy,Day,41,Male,Bike,101,No,No,No,Over Speeding,High,5.0
ACC37443,21-08-2024,07:48,Telangana,Nizamabad,17.2908,78.367,Village Road,Clear,Day,20,Male,Auto,31,No,No,Yes,Pothole/Bad Road,Low,0.0
ACC37444,01-09-2023,13:18,Kerala,Thrissur,10.3064,76.1381,Village Road,Clear,Day,65,Male,Auto,46,No,No,Yes,Pothole/Bad Road,Low,
ACC37445,11-02-2022,12:00,Telangana,Warangal,18.3479,79.4386,City Road,Foggy,Day,50,Male,Bus,56,No,No,No,Poor Weather Visibility,Low,3.0
ACC37446,11-09-2023,18:24,Tamil Nadu,Coimbatore,11.039,78.4443,City Road,Rainy,Dusk,28,Male,Bike,61,Yes,No,No,Poor Weather Visibility,Medium,1.0
ACC37447,17-01-2024,10:56,Tamil Nadu,Salem,11.6871,78.2716,Expressway,Clear,Day,37,Male,Auto,87,No,No,No,Over Speeding,High,3.0
ACC37448,29-08-2022,08:05,Tamil Nadu,Coimbatore,11.1757,78.7001,Village Road,Rainy,Day,48,Male,Auto,40,No,No,No,Poor Weather Visibility,Low,1.0
ACC37449,04-12-2024,19:14,Tamil Nadu,Madurai,11.4077,78.4377,State Highway,Clear,Night,42,Female,Car,74,Yes,No,Yes,Drunk Driving,High,6.0
ACC37450,31-05-2022,05:00,Telangana,Khammam,17.5036,78.454,National Highway,Clear,Dawn,18,Male,Car,77,Yes,No,No,Drunk Driving,Medium,0.0
ACC37451,02-11-2022,10:46,Telangana,Hyderabad,16.936,78.9851,State Highway,Clear,Day,50,Male,Bike,62,No,No,No,Signal Jumping,Medium,0.0
ACC37452,14-12-2022,12:35,Andhra Pradesh,Vijayawada,15.6548,80.0151,City Road,Foggy,Day,40,Male,Bike,59,Yes,No,No,Poor Weather Visibility,High,5.0
ACC37453,04-06-2022,08:12,Kerala,Thrissur,10.1182,76.5782,City Road,Clear,Day,51,Female,Bike,31,No,No,No,Signal Jumping,Low,0.0
ACC37454,21-12-2024,02:53,Telangana,Hyderabad,17.7415,78.5085,State Highway,Clear,Night,35,Male,Car,55,No,Yes,No,Drowsy Driving,Low,3.0
ACC37455,18-12-2022,00:36,Karnataka,Bengaluru Urban,15.1436,74.9081,State Highway,Clear,Night,21,Male,Bus,37,No,Yes,No,Drowsy Driving,Low,1.0
ACC37456,20-02-2022,20:07,Telangana,Warangal,18.0221,79.0297,City Road,Clear,Night,62,Male,Car,73,No,No,No,Over Speeding,Medium,1.0
ACC37457,28-09-2022,07:29,Andhra Pradesh,Kurnool,15.8895,79.9302,City Road,Clear,Day,18,Male,Bus,88,Yes,No,No,Over Speeding,High,5.0
ACC37458,22-02-2024,22:47,Andhra Pradesh,Visakhapatnam,16.5399,79.4536,Village Road,Foggy,Night,40,Female,Car,60,No,No,No,Poor Weather Visibility,Medium,5.0
ACC37459,22-06-2022,14:25,Andhra Pradesh,Visakhapatnam,15.6139,79.0198,Village Road,Rainy,Day,34,Male,Bike,38,No,No,Yes,Poor Weather Visibility,Low,2.0
ACC37460,01-06-2022,17:06,Tamil Nadu,Tiruchirappalli,11.2717,78.4282,Village Road,Clear,Dusk,18,Male,Bike,24,No,No,No,Signal Jumping,Low,0.0
ACC37461,12-02-2022,18:21,Kerala,Kollam,10.1939,76.6878,Expressway,Cloudy,Dusk,45,Male,Bike,55,No,Yes,No,Drowsy Driving,Medium,2.0
ACC37462,17-01-2023,20:02,Telangana,Hyderabad,17.7734,78.8756,Village Road,Cloudy,Night,18,Male,Bike,32,No,No,No,Poor Weather Visibility,Medium,2.0
ACC37463,22-02-2024,10:21,Karnataka,Mangaluru,15.1934,75.7893,City Road,Rainy,Day,51,Male,Truck,39,No,No,Yes,Poor Weather Visibility,Low,2.0
ACC37464,29-01-2024,04:38,Andhra Pradesh,Visakhapatnam,15.085,79.6353,National Highway,Clear,Night,23,Female,Bike,58,No,No,No,Poor Weather Visibility,Medium,4.0
ACC37465,09-07-2022,17:32,Andhra Pradesh,Visakhapatnam,16.4387,80.063,City Road,Clear,Dusk,54,Female,Bike,32,Yes,No,No,Drunk Driving,Low,1.0
ACC37466,12-11-2022,17:24,Andhra Pradesh,Vijayawada,16.1148,79.683,Village Road,Overcast,Dusk,27,Male,Car,51,No,No,No,Poor Weather Visibility,Low,1.0
ACC37467,10-11-2023,11:20,Telangana,Hyderabad,18.5745,79.1214,Expressway,Rainy,Day,32,Male,Bus,56,No,Yes,No,Signal Jumping,Low,1.0
ACC37468,10-02-2023,22:46,Karnataka,Mangaluru,15.0692,76.0701,State Highway,Cloudy,Night,32,Male,Auto,53,No,No,No,Poor Weather Visibility,Medium,4.0
ACC37469,04-04-2024,06:33,Puducherry,Karaikal,11.698,79.7492,Village Road,Clear,Day,20,Female,Bike,35,No,No,Yes,Pothole/Bad Road,Low,0.0
ACC37470,07-03-2023,18:18,Telangana,Hyderabad,18.4642,78.6599,City Road,Cloudy,Dusk,60,Female,Car,48,No,No,No,Poor Weather Visibility,Low,2.0
ACC37471,17-11-2024,12:33,Karnataka,Mangaluru,15.2191,75.1638,City Road,Rainy,Day,20,Male,Bike,47,No,No,No,Poor Weather Visibility,Medium,3.0
ACC37472,03-10-2023,19:13,Tamil Nadu,Madurai,11.7807,78.8004,State Highway,Rainy,Night,35,Male,Bus,34,No,No,No,Poor Weather Visibility,Low,1.0
ACC37473,12-05-2024,15:16,Karnataka,Hubballi,15.5115,75.8615,Village Road,Clear,Day,47,Female,Car,38,No,No,No,Signal Jumping,Low,0.0
ACC37474,14-03-2024,06:55,Tamil Nadu,Salem,11.3125,78.3354,State Highway,Clear,Day,31,Male,Truck,74,No,No,Yes,Pothole/Bad Road,Low,1.0
ACC37475,21-01-2023,18:10,Karnataka,Bengaluru Urban,15.7545,76.2341,City Road,Foggy,Dusk,26,Female,Auto,43,No,Yes,No,Poor Weather Visibility,Medium,2.0
ACC37476,08-10-2022,19:34,Andhra Pradesh,Nellore,15.609,80.1293,City Road,Clear,Night,23,Male,Truck,59,No,No,No,Signal Jumping,Low,1.0
ACC37477,11-06-2022,01:10,Telangana,Khammam,17.5275,79.0416,State Highway,Clear,Night,20,Male,Bus,45,No,No,No,Poor Weather Visibility,Low,0.0
ACC37478,13-01-2024,15:28,Kerala,Thiruvananthapuram,10.4126,75.6171,City Road,Rainy,Day,26,Female,Bike,29,No,No,No,Poor Weather Visibility,Low,0.0
ACC37479,16-10-2022,15:17,Telangana,Karimnagar,17.371,79.076,National Highway,Cloudy,Day,36,Male,Bike,89,Yes,No,Yes,Over Speeding,High,8.0