Accident_ID,Date,Time,State,District,Latitude,Longitude,Road_Type,Weather,Light_Condition,Driver_Age,Driver_Gender,Vehicle_Type,Speed_kmph,Alcohol_Involved,Driver_Drowsy,Pothole_Involved,Cause_of_Accident,Severity,Casualties
ACC37480,21-01-2024,12:10,Telangana,Warangal,17.8976,79.2436,Village Road,Rainy,Day,34,Female,Bus,59,No,No,Yes,Poor Weather Visibility,Low,0.0
ACC37481,26-12-2024,18:52,Tamil Nadu,Chennai,10.2599,78.8716,City Road,Overcast,Dusk,23,Male,Bike,39,No,No,No,Poor Weather Visibility,Low,1.0
ACC37482,12-06-2022,14:06,Kerala,Ernakulam,10.1755,76.9714,Expressway,Cloudy,Day,31,Male,Car,85,No,No,No,Over Speeding,Medium,2.0
ACC37483,22-11-2023,15:02,Kerala,Ernakulam,10.4811,76.4509,City Road,Clear,Day,48,Male,Car,44,No,No,No,Poor Weather Visibility,Low,1.0
ACC37484,06-12-2022,06:45,Telangana,Khammam,17.7824,79.0142,State Highway,Clear,Day,32,Female,Bike,34,No,No,No,Poor Weather Visibility,Low,1.0
ACC37485,25-02-2024,07:24,Tamil Nadu,Coimbatore,10.9921,78.6294,City Road,Clear,Day,33,Male,Car,62,No,No,No,Over Speeding,Low,0.0
ACC37486,26-03-2023,17:01,Telangana,Hyderabad,18.0851,79.4569,National Highway,Overcast,Dusk,30,Male,Bike,83,No,Yes,No,Over Speeding,High,5.0
ACC37487,25-11-2022,14:57,Karnataka,Mysuru,15.5652,76.0657,Village Road,Rainy,Day,18,Male,Bike,51,No,No,No,Poor Weather Visibility,Low,0.0
ACC37488,27-05-2022,21:16,Telangana,Karimnagar,18.1958,78.9049,National Highway,Cloudy,Night,35,Male,Auto,76,No,Yes,No,Drowsy Driving,High,5.0
ACC37489,14-12-2022,09:50,Kerala,Thiruvananthapuram,10.2757,76.0167,City Road,Clear,Day,43,Male,Car,52,No,Yes,No,Drowsy Driving,Low,0.0
ACC37490,02-01-2024,17:43,Tamil Nadu,Salem,11.3595,78.7256,State Highway,Foggy,Dusk,22,Male,Bike,77,Yes,No,No,Poor Weather Visibility,High,4.0
ACC37491,16-03-2023,08:07,Karnataka,Bengaluru Urban,15.2385,76.1231,City Road,Clear,Day,25,Male,Bike,43,No,No,Yes,Pothole/Bad Road,Low,2.0
ACC37492,15-07-2024,13:04,Tamil Nadu,Chennai,10.8439,78.9596,State Highway,Foggy,Day,37,Male,Truck,83,No,Yes,No,Poor Weather Visibility,Medium,2.0
ACC37493,16-03-2024,14:40,Telangana,Warangal,17.3275,79.1099,Village Road,Cloudy,Day,31,Male,Bus,48,No,No,No,Poor Weather Visibility,Low,0.0
ACC37494,26-04-2022,04:37,Kerala,Ernakulam,10.6337,76.2704,National Highway,Clear,Night,40,Male,Bike,72,Yes,Yes,Yes,Drunk Driving,High,6.0
ACC37495,06-05-2024,06:07,Kerala,Thiruvananthapuram,10.3533,76.4829,National Highway,Foggy,Day,35,Male,Car,65,No,No,No,Poor Weather Visibility,Medium,3.0
ACC37496,08-03-2023,21:16,Karnataka,Belagavi,14.9419,75.3161,State Highway,Overcast,Night,28,Female,Auto,39,Yes,No,No,Drunk Driving,Medium,2.0
ACC37497,07-10-2023,09:45,Telangana,Karimnagar,18.009,79.2092,State Highway,Cloudy,Day,44,Male,Car,62,No,No,No,Poor Weather Visibility,Low,0.0
ACC37498,06-08-2022,17:24,Karnataka,Mangaluru,15.7305,75.7596,State Highway,Clear,Dusk,32,Female,Bus,65,No,Yes,No,Drowsy Driving,Medium,5.0
ACC37499,02-02-2022,10:11,Tamil Nadu,Chennai,11.2562,78.8478,State Highway,Clear,Day,28,Male,Bike,69,No,No,No,Signal Jumping,Medium,2.0
ACC37500,28-12-2024,11:37,Telangana,Karimnagar,19.3038,79.824,National Highway,Rainy,Day,34,Male,Bike,79,No,No,No,Poor Weather Visibility,Medium,2.0
ACC37501,01-12-2022,19:13,Telangana,Karimnagar,18.2492,78.7915,Village Road,Clear,Night,19,Male,Bus,33,No,No,Yes,Pothole/Bad Road,Low,0.0
ACC37502,21-06-2022,20:54,Andhra Pradesh,Nellore,15.7667,80.0298,Village Road,Rainy,Night,29,Female,Car,57,No,No,No,Poor Weather Visibility,Low,2.0
ACC37503,19-01-2023,14:50,Karnataka,Hubballi,15.2213,75.6984,Village Road,Overcast,Day,18,Male,Auto,48,No,No,Yes,Pothole/Bad Road,Low,0.0
ACC37504,03-07-2023,16:11,Andhra Pradesh,Nellore,15.8879,79.9566,Village Road,Cloudy,Day,35,Female,Car,31,No,No,No,Poor Weather Visibility,Low,1.0
ACC37505,30-12-2023,01:06,Andhra Pradesh,Guntur,15.6136,79.2656,State Highway,Clear,Night,26,Female,Bike,52,No,No,No,Signal Jumping,Medium,
ACC37506,27-12-2022,21:31,Tamil Nadu,Chennai,12.271,78.8676,Expressway,Cloudy,Night,51,Male,Car,88,No,No,No,Over Speeding,Medium,0.0
ACC37507,09-12-2024,11:20,Telangana,Warangal,17.9794,78.8082,City Road,Rainy,Day,39,Female,Car,55,No,No,No,Poor Weather Visibility,Low,2.0
ACC37508,27-11-2024,13:29,Karnataka,Mysuru,14.8916,75.3842,Village Road,Clear,Day,23,Male,Bike,41,No,No,No,Signal Jumping,Low,1.0
ACC37509,04-05-2022,20:25,Tamil Nadu,Tiruchirappalli,10.8221,79.6698,State Highway,Clear,Night,66,Male,Truck,93,Yes,Yes,No,Over Speeding,High,9.0
ACC37510,26-11-2023,16:17,Kerala,Thrissur,10.2691,76.0481,National Highway,Clear,Day,34,Male,Bus,72,No,Yes,No,Drowsy Driving,Medium,2.0
ACC37511,19-05-2022,19:22,Tamil Nadu,Chennai,11.25,78.2982,City Road,Clear,Night,46,Female,Auto,71,No,Yes,No,Drowsy Driving,High,7.0
ACC37512,17-06-2022,19:15,Kerala,Kollam,9.4524,76.6607,State Highway,Overcast,Night,49,Male,Car,58,No,No,No,Signal Jumping,Low,0.0
ACC37513,06-11-2024,23:12,Karnataka,Hubballi,15.2671,75.9157,State Highway,Rainy,Night,45,Male,Car,41,No,No,No,Poor Weather Visibility,Low,0.0
ACC37514,21-12-2024,11:43,Karnataka,Mangaluru,15.2839,76.3121,National Highway,Clear,Day,30,Male,Car,63,No,No,No,Signal Jumping,Low,1.0
ACC37515,16-02-2023,15:12,Kerala,Kollam,9.9204,76.4415,City Road,Foggy,Day,40,Male,Bike,23,No,No,No,Poor Weather Visibility,Low,2.0
ACC37516,28-11-2024,16:06,Tamil Nadu,Tiruchirappalli,10.4787,78.8791,Expressway,Cloudy,Day,59,Male,Bike,77,No,No,No,Over Speeding,High,3.0
ACC37517,07-01-2024,20:27,Andhra Pradesh,Guntur,15.9743,80.0548,City Road,Rainy,Night,36,Female,Car,60,Yes,No,Yes,Poor Weather Visibility,High,8.0
ACC37518,05-02-2022,21:45,Karnataka,Bengaluru Urban,14.6502,75.1536,National Highway,Overcast,Night,52,Male,Truck,48,No,No,No,Poor Weather Visibility,Low,1.0
ACC37519,19-07-2024,06:43,Kerala,Kollam,10.6345,75.8055,Expressway,Cloudy,Day,34,Female,Car,61,No,No,No,Poor Weather Visibility,Low,0.0
ACC37520,29-01-2022,08:51,Tamil Nadu,Coimbatore,11.3573,78.1071,Village Road,Foggy,Day,32,Male,Car,42,No,No,Yes,Poor Weather Visibility,Low,4.0
ACC37521,11-09-2023,20:04,Karnataka,Hubballi,14.8754,74.8909,City Road,Clear,Night,42,Male,Truck,57,No,Yes,Yes,Signal Jumping,Medium,1.0
ACC37522,07-06-2022,03:32,Tamil Nadu,Coimbatore,10.5906,78.5439,Village Road,Clear,Night,35,Male,Car,28,No,No,Yes,Pothole/Bad Road,Low,0.0
ACC37523,15-10-2022,18:22,Andhra Pradesh,Vijayawada,16.1716,79.4466,National Highway,Overcast,Dusk,32,Female,Truck,71,No,Yes,No,Drowsy Driving,Medium,3.0
ACC37524,08-10-2022,16:14,Karnataka,Bengaluru Urban,15.2236,75.8096,Expressway,Rainy,Day,26,Male,Bike,73,No,No,No,Poor Weather Visibility,Medium,3.0
ACC37525,25-11-2023,19:13,Tamil Nadu,Chennai,11.4967,79.2636,National Highway,Clear,Night,26,Male,Bus,68,Yes,No,No,Drunk Driving,High,8.0
ACC37526,13-01-2024,22:46,Andhra Pradesh,Visakhapatnam,15.5733,80.5242,Village Road,Clear,Night,33,Male,Car,37,No,No,Yes,Pothole/Bad Road,Low,0.0
ACC37527,11-06-2022,04:22,Karnataka,Mysuru,15.1545,75.4415,Village Road,Clear,Night,19,Male,Auto,52,No,No,No,Signal Jumping,Medium,6.0
ACC37528,12-09-2022,15:33,Tamil Nadu,Chennai,10.8471,79.0275,State Highway,Clear,Day,40,Male,Bus,69,No,No,No,Over Speeding,Low,3.0
ACC37529,21-01-2024,18:05,Tamil Nadu,Tiruchirappalli,10.798,78.8387,State Highway,Cloudy,Dusk,37,Male,Bike,60,No,No,No,Poor Weather Visibility,Low,1.0
ACC37530,18-05-2024,09:24,Telangana,Nizamabad,18.0658,78.7811,National Highway,Clear,Day,41,Male,Truck,70,No,No,No,Over Speeding,Medium,2.0
ACC37531,20-12-2024,04:52,Tamil Nadu,Coimbatore,11.6427,78.3488,City Road,Clear,Night,64,Male,Bike,48,No,No,No,Signal Jumping,Low,0.0
ACC37532,02-11-2024,11:19,Telangana,Nizamabad,17.7437,79.4676,Expressway,Cloudy,Day,46,Male,Bike,96,No,No,No,Over Speeding,High,12.0
ACC37533,02-05-2022,15:55,Andhra Pradesh,Guntur,15.9159,80.3564,City Road,Clear,Day,42,Male,Bike,51,No,No,No,Signal Jumping,Medium,2.0
ACC37534,05-01-2023,15:35,Tamil Nadu,Salem,11.2034,79.3092,Expressway,Overcast,Day,57,Male,Bike,82,No,Yes,No,Over Speeding,Medium,1.0
ACC37535,03-12-2024,04:09,Karnataka,Bengaluru Urban,15.359,76.082,City Road,Cloudy,Night,59,Male,Bike,52,No,No,Yes,Pothole/Bad Road,Medium,3.0
ACC37536,23-02-2022,11:22,Tamil Nadu,Coimbatore,11.1429,78.8394,City Road,Clear,Day,32,Male,Bus,41,No,Yes,No,Drowsy Driving,Low,0.0
ACC37537,31-05-2024,08:45,Andhra Pradesh,Nellore,16.4227,79.3151,National Highway,Clear,Day,25,Male,Bus,78,No,No,Yes,Over Speeding,Medium,2.0
ACC37538,26-05-2023,13:07,Tamil Nadu,Coimbatore,11.5847,78.1781,National Highway,Foggy,Day,37,Male,Auto,68,No,No,Yes,Poor Weather Visibility,High,5.0
ACC37539,20-07-2024,08:32,Tamil Nadu,Salem,10.8685,78.3413,City Road,Overcast,Day,34,Female,Car,54,No,No,No,Signal Jumping,Low,2.0
ACC37540,21-09-2022,21:30,Tamil Nadu,Coimbatore,10.9792,78.6231,City Road,Clear,Night,31,Male,Bike,44,No,No,Yes,Pothole/Bad Road,Low,0.0
ACC37541,05-05-2024,21:22,Andhra Pradesh,Guntur,15.9234,79.7844,City Road,Rainy,Night,18,Male,Bike,63,Yes,No,No,Poor Weather Visibility,High,6.0
ACC37542,03-02-2022,00:34,Karnataka,Hubballi,15.3079,76.0433,City Road,Overcast,Night,29,Female,Car,68,Yes,Yes,Yes,Signal Jumping,High,5.0
ACC37543,17-01-2024,07:30,Andhra Pradesh,Guntur,15.9168,79.8564,City Road,Clear,Day,44,Male,Bus,61,No,Yes,Yes,Drowsy Driving,Medium,3.0
ACC37544,07-11-2023,18:06,Kerala,Thiruvananthapuram,10.1461,75.8872,National Highway,Overcast,Dusk,44,Male,Car,57,No,No,No,Poor Weather Visibility,Low,1.0
ACC37545,12-01-2022,21:12,Tamil Nadu,Chennai,11.5698,78.676,State Highway,Clear,Night,29,Male,Car,39,No,Yes,No,Signal Jumping,Low,1.0
ACC37546,05-06-2023,03:12,Telangana,Karimnagar,17.8659,79.1183,City Road,Clear,Night,39,Male,Bike,51,No,No,Yes,Signal Jumping,Medium,1.0
ACC37547,28-03-2022,18:19,Kerala,Ernakulam,10.5954,76.5553,State Highway,Overcast,Dusk,28,Female,Car,61,No,No,No,Poor Weather Visibility,Low,0.0
ACC37548,25-05-2023,09:47,Andhra Pradesh,Guntur,16.4707,79.834,City Road,Rainy,Day,36,Male,Auto,78,No,No,Yes,Poor Weather Visibility,High,1.0
ACC37549,24-11-2024,03:36,Telangana,Warangal,17.898,79.3995,City Road,Clear,Night,44,Male,Bike,44,No,Yes,No,Drowsy Driving,Low,2.0
ACC37550,26-10-2023,12:00,Telangana,Karimnagar,18.1769,78.9755,State Highway,Clear,Day,18,Male,Bike,68,No,No,No,Signal Jumping,Medium,1.0
ACC37551,09-11-2023,19:38,Tamil Nadu,Coimbatore,12.0413,77.8667,Expressway,Clear,Night,18,Male,Car,74,No,No,No,Over Speeding,Medium,3.0
ACC37552,28-07-2022,06:45,Kerala,Kozhikode,9.5638,75.5425,National Highway,Foggy,Day,34,Male,Bus,70,No,Yes,No,Poor Weather Visibility,High,5.0
ACC37553,07-12-2023,18:02,Andhra Pradesh,Guntur,15.8983,79.5056,Expressway,Rainy,Dusk,33,Male,Truck,96,No,No,No,Over Speeding,High,4.0
ACC37554,24-08-2024,06:12,Andhra Pradesh,Kurnool,15.3285,79.6498,State Highway,Cloudy,Day,25,Male,Car,56,Yes,No,No,Drunk Driving,Medium,5.0
ACC37555,04-04-2022,20:20,Tamil Nadu,Salem,11.305,78.52,City Road,Clear,Night,18,Male,Bus,76,Yes,No,No,Drunk Driving,High,2.0
ACC37556,15-02-2024,15:53,Kerala,Ernakulam,10.5839,76.3299,State Highway,Clear,Day,32,Male,Bike,61,No,No,No,Over Speeding,Low,3.0
ACC37557,03-02-2022,05:05,Tamil Nadu,Madurai,11.9544,77.9046,State Highway,Clear,Dawn,40,Male,Auto,58,No,No,No,Signal Jumping,Low,0.0
ACC37558,06-02-2024,12:48,Tamil Nadu,Salem,11.2915,78.1283,State Highway,Clear,Day,45,Male,Bike,44,No,No,No,Poor Weather Visibility,Low,2.0
ACC37559,26-02-2022,12:23,Tamil Nadu,Chennai,10.6555,77.7758,National Highway,Clear,Day,54,Male,Auto,74,No,No,No,Over Speeding,Medium,4.0
ACC37560,22-06-2022,11:01,Kerala,Kollam,10.8211,75.7342,State Highway,Cloudy,Day,27,Male,Bus,70,Yes,No,No,Drunk Driving,Medium,2.0
ACC37561,09-12-2024,07:55,Tamil Nadu,Madurai,10.1647,79.3118,City Road,Clear,Day,27,Male,Bike,25,No,No,No,Poor Weather Visibility,Low,1.0
ACC37562,21-06-2023,14:01,Tamil Nadu,Chennai,10.8454,78.5173,City Road,Overcast,Day,41,Female,Car,66,No,No,No,Signal Jumping,Low,0.0
ACC37563,28-02-2024,07:17,Telangana,Karimnagar,18.111,78.3739,Village Road,Clear,Day,36,Female,Bus,29,No,No,No,Signal Jumping,Low,0.0
ACC37564,22-05-2023,13:39,Telangana,Karimnagar,18.0546,78.246,National Highway,Overcast,Day,20,Male,Bike,88,No,No,No,Over Speeding,High,5.0
ACC37565,09-06-2023,10:06,Telangana,Khammam,17.4168,78.8359,Village Road,Clear,Day,36,Female,Bus,37,No,Yes,No,Drowsy Driving,Low,2.0
ACC37566,26-05-2024,07:32,Karnataka,Belagavi,14.8246,76.2241,State Highway,Rainy,Day,26,Male,Bus,62,No,No,Yes,Poor Weather Visibility,Medium,
ACC37567,29-05-2022,20:06,Puducherry,Karaikal,11.5994,79.8502,City Road,Clear,Night,37,Female,Auto,44,No,No,Yes,Pothole/Bad Road,Low,1.0
ACC37568,05-02-2024,19:13,Telangana,Nizamabad,18.2321,79.0879,Expressway,Clear,Night,62,Male,Car,83,Yes,No,No,Drunk Driving,High,10.0
ACC37569,14-12-2024,09:47,Kerala,Kozhikode,9.68,75.8243,State Highway,Clear,Day,23,Male,Bike,65,No,No,No,Over Speeding,Medium,3.0
ACC37570,24-11-2022,14:24,Karnataka,Bengaluru Urban,14.7293,75.5212,City Road,Rainy,Day,20,Male,Car,43,No,No,No,Poor Weather Visibility,Low,2.0
ACC37571,17-06-2024,03:03,Karnataka,Belagavi,15.512,75.2203,State Highway,Rainy,Night,47,Female,Car,54,No,No,No,Poor Weather Visibility,Medium,
ACC37572,05-09-2023,19:18,Tamil Nadu,Madurai,10.6559,78.5235,Village Road,Rainy,Night,35,Male,Bike,53,Yes,No,No,Poor Weather Visibility,High,5.0
ACC37573,13-04-2024,02:00,Karnataka,Mysuru,14.8071,76.0742,City Road,Cloudy,Night,42,Male,Car,53,No,No,Yes,Pothole/Bad Road,Medium,5.0
ACC37574,03-05-2022,15:35,Andhra Pradesh,Vijayawada,15.8776,79.9804,City Road,Overcast,Day,30,Male,Bike,31,No,No,No,Signal Jumping,Low,2.0
ACC37575,21-03-2023,12:04,Andhra Pradesh,Nellore,16.3311,80.001,State Highway,Clear,Day,25,Female,Bike,42,No,No,No,Signal Jumping,Low,1.0
ACC37576,25-12-2024,16:12,Karnataka,Belagavi,15.5026,75.9394,City Road,Rainy,Day,29,Male,Car,50,No,No,No,Poor Weather Visibility,Low,0.0
ACC37577,22-04-2023,20:12,Andhra Pradesh,Visakhapatnam,15.4235,79.4418,State Highway,Rainy,Night,26,Male,Bus,83,Yes,No,No,Poor Weather Visibility,High,5.0
ACC37578,18-07-2022,21:16,Andhra Pradesh,Guntur,16.2048,79.4287,National Highway,Clear,Night,30,Male,Bike,69,No,No,No,Over Speeding,Medium,2.0
ACC37579,29-12-2024,21:58,Kerala,Kozhikode,10.0476,76.0897,National Highway,Cloudy,Night,18,Male,Bus,92,Yes,Yes,No,Over Speeding,High,1.0
ACC37580,07-09-2024,07:41,Tamil Nadu,Madurai,10.6259,78.7184,Expressway,Clear,Day,18,Male,Bus,85,No,No,No,Over Speeding,Medium,4.0
ACC37581,10-04-2023,19:10,Tamil Nadu,Chennai,10.8406,78.4424,City Road,Clear,Night,47,Male,Car,49,No,No,No,Signal Jumping,Low,1.0
ACC37582,02-03-2023,00:31,Andhra Pradesh,Kurnool,15.7119,80.7381,State Highway,Clear,Night,44,Male,Bike,57,No,Yes,No,Drowsy Driving,Medium,4.0
ACC37583,16-08-2024,21:29,Kerala,Ernakulam,9.8,76.449,Expressway,Cloudy,Night,40,Male,Bus,76,No,No,No,Over Speeding,Medium,3.0
ACC37584,08-02-2024,11:14,Telangana,Nizamabad,17.7896,79.0297,Village Road,Clear,Day,32,Male,Car,48,No,No,No,Signal Jumping,Low,2.0
ACC37585,10-07-2024,16:33,Tamil Nadu,Salem,11.2088,79.0209,National Highway,Cloudy,Day,39,Male,Car,96,Yes,No,No,Over Speeding,High,8.0
ACC37586,21-06-2023,01:52,Kerala,Ernakulam,10.5333,76.1355,Expressway,Clear,Night,24,Male,Bike,92,Yes,No,No,Over Speeding,High,7.0
ACC37587,10-12-2024,19:55,Telangana,Hyderabad,17.983,79.2728,City Road,Clear,Night,18,Female,Bike,43,No,No,No,Signal Jumping,Low,2.0
ACC37588,07-05-2024,10:11,Telangana,Nizamabad,18.2357,79.1398,Expressway,Clear,Day,47,Female,Bike,65,No,No,No,Over Speeding,Medium,2.0
ACC37589,09-09-2023,00:15,Telangana,Nizamabad,18.0878,79.2545,National Highway,Clear,Night,54,Male,Car,84,Yes,No,No,Drunk Driving,High,5.0
ACC37590,14-04-2023,16:50,Kerala,Ernakulam,10.1002,76.6817,State Highway,Cloudy,Day,47,Female,Auto,52,No,No,No,Poor Weather Visibility,Low,1.0
ACC37591,27-11-2022,06:03,Andhra Pradesh,Kurnool,15.7732,79.7988,Expressway,Clear,Day,24,Male,Car,76,No,No,No,Over Speeding,Medium,1.0
ACC37592,01-04-2024,16:55,Andhra Pradesh,Nellore,15.871,79.2825,National Highway,Cloudy,Day,49,Male,Car,107,Yes,No,No,Over Speeding,High,6.0
ACC37593,04-09-2024,05:46,Karnataka,Hubballi,15.8618,75.5549,State Highway,Clear,Dawn,18,Male,Bike,50,No,No,No,Signal Jumping,Low,2.0
ACC37594,02-07-2022,10:36,Karnataka,Belagavi,15.0397,76.1249,National Highway,Clear,Day,43,Female,Car,94,No,No,No,Over Speeding,Medium,5.0
ACC37595,01-06-2022,20:44,Tamil Nadu,Tiruchirappalli,11.1156,79.172,City Road,Clear,Night,53,Male,Bike,39,No,No,Yes,Pothole/Bad Road,Medium,8.0
ACC37596,17-12-2022,02:27,Telangana,Khammam,17.825,78.9123,City Road,Clear,Night,38,Male,Bike,60,No,Yes,No,Drowsy Driving,Medium,
ACC37597,20-09-2023,12:34,Tamil Nadu,Tiruchirappalli,11.4016,78.7585,Village Road,Rainy,Day,50,Male,Auto,55,No,Yes,No,Poor Weather Visibility,Medium,5.0
ACC37598,24-06-2024,15:40,Karnataka,Belagavi,15.1396,75.623,Expressway,Clear,Day,21,Male,Bike,74,Yes,No,No,Drunk Driving,Medium,1.0
ACC37599,18-06-2024,10:56,Karnataka,Mangaluru,15.2918,76.2989,City Road,Clear,Day,52,Male,Car,46,No,No,Yes,Pothole/Bad Road,Low,1.0
ACC37600,30-03-2022,23:27,Karnataka,Bengaluru Urban,14.6878,75.8253,National Highway,Clear,Night,31,Male,Bus,61,No,No,No,Over Speeding,Low,1.0
ACC37601,16-10-2022,16:04,Telangana,Khammam,17.8577,79.6495,City Road,Overcast,Day,18,Male,Car,24,No,No,No,Poor Weather Visibility,Low,1.0
ACC37602,14-12-2024,18:13,Karnataka,Mangaluru,14.8226,75.6018,Village Road,Clear,Dusk,40,Male,Car,49,No,Yes,No,Drowsy Driving,Low,0.0
ACC37603,16-07-2022,10:12,Karnataka,Bengaluru Urban,15.811,76.4137,City Road,Clear,Day,18,Female,Car,64,Yes,No,No,Drunk Driving,Medium,3.0
ACC37604,29-04-2022,16:53,Karnataka,Hubballi,15.7574,76.0674,National Highway,Rainy,Day,22,Female,Bus,60,No,No,No,Poor Weather Visibility,Medium,0.0
ACC37605,13-02-2022,22:46,Telangana,Nizamabad,18.1678,79.1209,City Road,Clear,Night,49,Male,Bike,52,Yes,No,No,Drunk Driving,Medium,3.0
ACC37606,30-12-2024,07:38,Telangana,Khammam,17.467,79.0802,National Highway,Clear,Day,46,Male,Car,78,No,No,No,Over Speeding,Medium,3.0
ACC37607,21-08-2023,05:23,Puducherry,Puducherry,11.2549,79.8346,Village Road,Clear,Dawn,42,Female,Bike,46,No,No,Yes,Pothole/Bad Road,Low,1.0
ACC37608,10-02-2023,19:37,Andhra Pradesh,Nellore,16.743,79.6164,Expressway,Cloudy,Night,21,Male,Auto,72,No,No,No,Poor Weather Visibility,Medium,1.0
ACC37609,15-12-2022,18:50,Kerala,Thrissur,10.228,76.7443,City Road,Overcast,Dusk,28,Male,Auto,35,No,No,No,Poor Weather Visibility,Low,1.0
ACC37610,06-02-2022,09:03,Telangana,Nizamabad,18.3059,79.3328,National Highway,Rainy,Day,61,Male,Car,80,No,No,No,Poor Weather Visibility,Medium,4.0
ACC37611,13-08-2022,17:23,Telangana,Warangal,17.6687,78.767,Village Road,Clear,Dusk,31,Male,Bike,60,No,No,Yes,Pothole/Bad Road,Medium,0.0
ACC37612,21-06-2023,07:48,Karnataka,Hubballi,15.5498,74.7842,City Road,Clear,Day,28,Male,Car,50,No,No,Yes,Pothole/Bad Road,Low,1.0
ACC37613,28-02-2023,21:40,Kerala,Kollam,10.9469,75.5681,Expressway,Clear,Night,33,Male,Auto,94,Yes,No,Yes,Over Speeding,High,5.0
ACC37614,05-03-2022,17:16,Tamil Nadu,Coimbatore,10.8167,78.621,National Highway,Rainy,Dusk,20,Male,Bike,43,No,No,No,Poor Weather Visibility,Low,2.0
ACC37615,26-08-2023,14:11,Tamil Nadu,Salem,11.5931,78.7825,Village Road,Clear,Day,57,Female,Bike,43,No,No,No,Signal Jumping,Low,0.0
ACC37616,06-04-2024,20:31,Telangana,Khammam,18.4511,79.2423,National Highway,Overcast,Night,36,Female,Car,82,No,No,No,Over Speeding,Medium,3.0
ACC37617,13-07-2024,06:10,Telangana,Khammam,18.1018,78.8199,City Road,Clear,Day,29,Male,Car,65,No,No,Yes,Pothole/Bad Road,Low,1.0
ACC37618,28-02-2024,09:41,Andhra Pradesh,Vijayawada,16.0353,80.1531,State Highway,Clear,Day,42,Male,Auto,51,No,No,Yes,Pothole/Bad Road,Low,3.0
ACC37619,01-12-2024,11:20,Telangana,Karimnagar,17.6458,79.2393,Expressway,Cloudy,Day,53,Female,Car,98,No,No,No,Over Speeding,Medium,2.0
ACC37620,13-07-2023,04:22,Tamil Nadu,Salem,10.7045,77.8494,State Highway,Cloudy,Night,40,Male,Bike,68,No,Yes,No,Drowsy Driving,Medium,2.0
ACC37621,12-03-2024,13:15,Karnataka,Belagavi,15.3245,75.9457,National Highway,Rainy,Day,18,Male,Bike,77,No,No,No,Poor Weather Visibility,Medium,7.0
ACC37622,24-07-2023,12:16,Kerala,Kollam,10.9021,76.1055,State Highway,Clear,Day,40,Male,Car,75,Yes,No,Yes,Drunk Driving,Medium,2.0
ACC37623,13-08-2023,21:06,Andhra Pradesh,Nellore,15.5256,79.7811,Village Road,Clear,Night,40,Female,Truck,43,Yes,No,No,Drunk Driving,Medium,3.0
ACC37624,29-06-2022,19:03,Karnataka,Belagavi,14.9146,75.1418,City Road,Rainy,Night,36,Male,Bike,57,No,No,No,Poor Weather Visibility,Medium,7.0
ACC37625,16-01-2023,08:14,Karnataka,Mangaluru,15.3931,75.9031,State Highway,Clear,Day,41,Male,Bus,71,No,Yes,No,Drowsy Driving,Medium,2.0
ACC37626,30-07-2024,01:41,Andhra Pradesh,Kurnool,15.1307,79.5946,Village Road,Clear,Night,56,Male,Car,49,No,No,No,Signal Jumping,Medium,1.0
ACC37627,22-09-2024,20:05,Telangana,Nizamabad,17.3422,79.0261,City Road,Clear,Night,41,Male,Bike,74,No,No,No,Signal Jumping,Medium,2.0
ACC37628,20-03-2023,19:16,Karnataka,Belagavi,15.7275,75.3683,City Road,Cloudy,Night,36,Male,Bike,80,No,Yes,No,Drowsy Driving,High,7.0
ACC37629,26-05-2022,17:27,Tamil Nadu,Madurai,9.9385,78.5926,National Highway,Clear,Dusk,38,Male,Truck,60,Yes,No,No,Drunk Driving,Medium,3.0
ACC37630,05-11-2022,21:07,Puducherry,Karaikal,11.8016,79.8529,City Road,Clear,Night,50,Female,Truck,74,No,No,No,Over Speeding,Medium,3.0
ACC37631,09-08-2024,18:18,Karnataka,Mysuru,15.0119,75.6736,National Highway,Rainy,Dusk,39,Male,Auto,60,No,No,No,Poor Weather Visibility,Medium,2.0
ACC37632,14-07-2023,21:01,Karnataka,Belagavi,14.5746,75.8371,Village Road,Clear,Night,30,Male,Bike,44,Yes,No,No,Drunk Driving,Medium,4.0
ACC37633,25-09-2024,13:51,Tamil Nadu,Salem,11.7148,78.3811,Village Road,Clear,Day,27,Male,Car,54,Yes,No,No,Drunk Driving,Low,1.0
ACC37634,31-05-2022,18:33,Tamil Nadu,Chennai,11.4373,78.4001,National Highway,Rainy,Dusk,39,Male,Car,58,No,Yes,No,Poor Weather Visibility,Medium,2.0
ACC37635,03-08-2023,17:03,Telangana,Warangal,18.3416,79.07,State Highway,Clear,Dusk,42,Male,Car,60,No,No,Yes,Pothole/Bad Road,Low,2.0
ACC37636,11-08-2022,13:02,Andhra Pradesh,Kurnool,15.5349,79.8626,National Highway,Clear,Day,30,Male,Truck,62,No,Yes,No,Drowsy Driving,Low,0.0
ACC37637,18-02-2024,18:33,Karnataka,Belagavi,15.1424,74.8116,Village Road,Overcast,Dusk,47,Male,Car,34,Yes,No,Yes,Drunk Driving,Low,
ACC37638,07-01-2024,12:56,Karnataka,Mysuru,15.0925,75.9274,Village Road,Rainy,Day,44,Male,Bus,51,No,Yes,Yes,Poor Weather Visibility,Low,0.0