Accident_ID,Date,Time,State,District,Latitude,Longitude,Road_Type,Weather,Light_Condition,Driver_Age,Driver_Gender,Vehicle_Type,Speed_kmph,Alcohol_Involved,Driver_Drowsy,Pothole_Involved,Cause_of_Accident,Severity,Casualties
ACC37639,17-11-2022,19:04,Tamil Nadu,Tiruchirappalli,11.6682,78.4845,City Road,Clear,Night,38,Male,Auto,70,No,No,No,Over Speeding,Medium,3.0
ACC37640,17-07-2024,14:08,Tamil Nadu,Coimbatore,11.2038,79.398,Village Road,Cloudy,Day,27,Male,Car,34,No,No,Yes,Pothole/Bad Road,Low,0.0
ACC37641,09-07-2023,01:04,Andhra Pradesh,Vijayawada,15.3402,80.0669,State Highway,Rainy,Night,38,Female,Truck,72,No,No,No,Poor Weather Visibility,Medium,3.0
ACC37642,06-10-2023,09:59,Tamil Nadu,Salem,10.8113,78.5974,Expressway,Clear,Day,18,Male,Car,81,Yes,No,No,Drunk Driving,High,5.0
ACC37643,14-09-2022,01:04,Telangana,Hyderabad,18.4749,78.9079,City Road,Cloudy,Night,52,Male,Bike,48,No,No,No,Poor Weather Visibility,Low,0.0
ACC37644,24-06-2023,00:06,Karnataka,Bengaluru Urban,15.7033,75.8857,National Highway,Rainy,Night,50,Male,Bus,61,No,Yes,Yes,Poor Weather Visibility,High,5.0
ACC37645,04-07-2024,15:00,Tamil Nadu,Madurai,10.6967,77.6918,Village Road,Rainy,Day,29,Male,Bus,31,No,No,Yes,Poor Weather Visibility,Medium,3.0
ACC37646,30-04-2022,05:24,Karnataka,Mysuru,15.4715,75.5305,Village Road,Clear,Dawn,30,Male,Bike,24,No,No,Yes,Pothole/Bad Road,Low,0.0
ACC37647,24-03-2023,06:31,Kerala,Ernakulam,10.6418,76.3947,Village Road,Clear,Day,18,Male,Car,40,No,No,Yes,Pothole/Bad Road,Low,0.0
ACC37648,24-04-2024,12:30,Kerala,Kollam,10.3938,76.328,Village Road,Clear,Day,43,Female,Bike,59,No,No,No,Signal Jumping,Low,0.0
ACC37649,26-11-2022,04:59,Kerala,Thrissur,11.1964,76.1934,Village Road,Cloudy,Night,33,Female,Bike,36,No,Yes,Yes,Drowsy Driving,Medium,1.0
ACC37650,01-10-2023,17:37,Tamil Nadu,Tiruchirappalli,11.0478,78.7802,State Highway,Clear,Dusk,42,Male,Car,62,No,No,No,Over Speeding,Low,2.0
ACC37651,12-01-2023,18:31,Tamil Nadu,Chennai,11.7179,78.7347,City Road,Overcast,Dusk,51,Female,Auto,40,No,No,No,Poor Weather Visibility,Low,1.0
ACC37652,13-12-2024,00:44,Tamil Nadu,Salem,11.7256,79.07,National Highway,Cloudy,Night,24,Male,Bike,91,Yes,Yes,No,Over Speeding,High,6.0
ACC37653,07-06-2024,05:56,Andhra Pradesh,Guntur,15.9041,79.5361,State Highway,Clear,Dawn,34,Male,Bus,51,No,No,No,Signal Jumping,Low,1.0
ACC37654,01-03-2023,12:34,Kerala,Thrissur,10.5968,76.4879,Village Road,Clear,Day,42,Male,Bike,53,No,Yes,No,Drowsy Driving,Low,1.0
ACC37655,01-04-2022,21:11,Tamil Nadu,Madurai,11.5485,78.6499,Village Road,Clear,Night,34,Male,Car,49,No,No,No,Poor Weather Visibility,Low,0.0
ACC37656,26-10-2022,19:11,Tamil Nadu,Madurai,10.9023,78.659,Village Road,Clear,Night,29,Male,Auto,43,No,No,No,Poor Weather Visibility,Low,2.0
ACC37657,06-02-2024,08:55,Tamil Nadu,Chennai,10.6787,78.7221,Village Road,Cloudy,Day,19,Female,Car,57,No,No,Yes,Pothole/Bad Road,Low,1.0
ACC37658,17-07-2022,18:20,Andhra Pradesh,Kurnool,15.6062,78.666,Village Road,Clear,Dusk,48,Male,Truck,48,No,No,No,Signal Jumping,Low,1.0
ACC37659,19-06-2023,12:21,Telangana,Khammam,18.3014,79.0157,Expressway,Rainy,Day,45,Male,Auto,113,Yes,No,No,Over Speeding,High,6.0
ACC37660,15-03-2024,21:22,Telangana,Hyderabad,17.7183,78.7164,City Road,Clear,Night,39,Female,Bike,20,No,No,No,Poor Weather Visibility,Low,2.0
ACC37661,21-06-2022,08:31,Kerala,Ernakulam,10.0982,76.0386,National Highway,Clear,Day,47,Male,Car,69,No,No,No,Over Speeding,Medium,5.0
ACC37662,23-11-2024,12:32,Telangana,Karimnagar,18.1886,79.2776,Expressway,Clear,Day,49,Male,Truck,86,No,Yes,No,Over Speeding,High,3.0
ACC37663,27-05-2022,15:21,Andhra Pradesh,Visakhapatnam,15.9229,79.2115,State Highway,Rainy,Day,31,Male,Auto,62,No,No,No,Poor Weather Visibility,Low,0.0
ACC37664,18-08-2023,09:55,Telangana,Khammam,18.0428,79.2155,City Road,Clear,Day,35,Female,Car,27,No,No,Yes,Pothole/Bad Road,Low,0.0
ACC37665,30-03-2024,09:07,Kerala,Ernakulam,10.4405,76.3191,National Highway,Clear,Day,51,Male,Bike,52,No,No,No,Poor Weather Visibility,Medium,1.0
ACC37666,20-07-2024,09:24,Karnataka,Mangaluru,15.9377,75.6721,Village Road,Overcast,Day,48,Male,Car,49,Yes,No,Yes,Drunk Driving,Low,1.0
ACC37667,04-08-2023,18:24,Andhra Pradesh,Kurnool,16.036,79.4255,State Highway,Cloudy,Dusk,32,Female,Bus,67,Yes,No,No,Drunk Driving,High,4.0
ACC37668,08-11-2023,15:24,Tamil Nadu,Coimbatore,11.6043,78.561,City Road,Cloudy,Day,34,Female,Bike,40,No,No,No,Poor Weather Visibility,Medium,3.0
ACC37669,20-03-2023,07:10,Kerala,Ernakulam,10.065,76.1459,Village Road,Overcast,Day,61,Female,Bus,45,No,No,No,Poor Weather Visibility,Low,1.0
ACC37670,10-07-2024,10:26,Telangana,Nizamabad,17.5218,79.0053,State Highway,Rainy,Day,36,Male,Car,53,No,No,No,Poor Weather Visibility,Low,3.0
ACC37671,22-09-2022,10:11,Puducherry,Puducherry,12.2158,80.4917,State Highway,Clear,Day,44,Male,Bike,40,No,No,No,Signal Jumping,Low,0.0
ACC37672,05-02-2023,12:50,Karnataka,Bengaluru Urban,15.4464,76.4982,Village Road,Cloudy,Day,19,Male,Car,56,Yes,No,Yes,Drunk Driving,Medium,1.0
ACC37673,06-02-2024,17:08,Tamil Nadu,Chennai,10.3027,79.1813,City Road,Cloudy,Dusk,43,Male,Bike,52,No,No,No,Poor Weather Visibility,Medium,2.0
ACC37674,10-08-2022,16:42,Karnataka,Bengaluru Urban,15.3832,75.0483,National Highway,Cloudy,Day,35,Male,Car,77,No,No,No,Over Speeding,Medium,5.0
ACC37675,05-11-2023,00:26,Telangana,Hyderabad,18.3691,78.8146,Village Road,Clear,Night,36,Male,Bike,40,No,No,Yes,Pothole/Bad Road,Low,1.0
ACC37676,16-12-2022,11:18,Andhra Pradesh,Visakhapatnam,15.6728,80.2674,City Road,Rainy,Day,34,Male,Car,39,No,No,Yes,Poor Weather Visibility,Low,1.0
ACC37677,31-03-2022,23:18,Kerala,Kollam,10.4412,76.6853,Village Road,Clear,Night,25,Male,Car,61,No,No,No,Over Speeding,Low,0.0
ACC37678,28-04-2024,23:45,Andhra Pradesh,Visakhapatnam,16.0518,79.635,State Highway,Clear,Night,38,Female,Car,76,No,No,No,Over Speeding,Medium,2.0
ACC37679,02-10-2023,17:24,Kerala,Ernakulam,10.6452,76.5989,Village Road,Overcast,Dusk,51,Male,Car,65,Yes,No,No,Drunk Driving,High,9.0
ACC37680,21-08-2022,11:18,Karnataka,Hubballi,15.4622,75.5655,Expressway,Clear,Day,55,Male,Bike,89,No,No,No,Over Speeding,High,3.0
ACC37681,10-07-2023,06:33,Karnataka,Mangaluru,15.757,75.1737,Village Road,Clear,Day,32,Male,Auto,45,Yes,No,Yes,Drunk Driving,Medium,3.0
ACC37682,22-03-2023,15:31,Tamil Nadu,Chennai,11.1629,78.1826,City Road,Foggy,Day,29,Male,Car,39,No,No,No,Poor Weather Visibility,Low,0.0
ACC37683,05-02-2024,19:25,Karnataka,Mangaluru,15.6624,76.1007,City Road,Cloudy,Night,50,Male,Truck,54,No,No,No,Poor Weather Visibility,Medium,1.0
ACC37684,28-05-2024,14:15,Karnataka,Bengaluru Urban,15.307,75.7226,Expressway,Cloudy,Day,47,Male,Bike,79,No,No,No,Over Speeding,Medium,3.0
ACC37685,09-08-2022,07:40,Tamil Nadu,Madurai,11.2004,78.1385,City Road,Clear,Day,40,Female,Auto,40,No,No,No,Signal Jumping,Low,1.0
ACC37686,31-03-2023,11:25,Telangana,Khammam,18.0905,79.5398,National Highway,Cloudy,Day,63,Male,Bus,65,No,No,No,Poor Weather Visibility,Low,3.0
ACC37687,06-02-2022,07:07,Andhra Pradesh,Guntur,15.5733,79.5498,City Road,Overcast,Day,38,Male,Bike,28,No,No,No,Poor Weather Visibility,Low,1.0
ACC37688,08-02-2022,05:44,Tamil Nadu,Coimbatore,10.1941,79.4753,National Highway,Clear,Dawn,40,Female,Bike,70,No,No,No,Over Speeding,Medium,2.0
ACC37689,18-04-2023,18:47,Tamil Nadu,Madurai,11.2166,78.7821,Village Road,Rainy,Dusk,39,Male,Bus,28,No,No,Yes,Poor Weather Visibility,Low,0.0
ACC37690,19-05-2022,19:52,Telangana,Nizamabad,17.8496,79.3013,City Road,Rainy,Night,52,Male,Bike,43,No,Yes,Yes,Poor Weather Visibility,Medium,1.0
ACC37691,22-09-2024,16:35,Karnataka,Mangaluru,15.3761,75.7815,Village Road,Overcast,Day,25,Male,Car,33,No,No,No,Poor Weather Visibility,Low,1.0
ACC37692,26-09-2022,15:06,Puducherry,Puducherry,11.5555,80.0326,City Road,Cloudy,Day,18,Male,Car,52,No,No,Yes,Pothole/Bad Road,Medium,3.0
ACC37693,03-01-2023,20:59,Kerala,Kozhikode,10.5034,76.112,City Road,Clear,Night,35,Male,Car,39,No,No,No,Signal Jumping,Low,0.0
ACC37694,06-03-2022,07:11,Kerala,Kozhikode,10.4179,76.1773,State Highway,Clear,Day,30,Male,Car,64,No,No,No,Over Speeding,Low,0.0
ACC37695,23-06-2022,08:15,Telangana,Hyderabad,17.9242,79.8587,State Highway,Clear,Day,33,Female,Bike,65,No,No,No,Signal Jumping,Low,0.0
ACC37696,04-10-2023,09:47,Andhra Pradesh,Guntur,16.0077,79.7132,Village Road,Overcast,Day,61,Male,Car,37,No,No,Yes,Pothole/Bad Road,Low,2.0
ACC37697,22-08-2024,11:21,Telangana,Hyderabad,18.1017,79.3359,Village Road,Clear,Day,43,Female,Bike,37,No,No,No,Poor Weather Visibility,Low,3.0
ACC37698,03-06-2023,02:04,Andhra Pradesh,Vijayawada,15.44,80.3481,Expressway,Clear,Night,61,Female,Car,77,No,No,No,Over Speeding,High,6.0
ACC37699,13-11-2024,07:51,Karnataka,Mysuru,15.6565,75.7949,City Road,Cloudy,Day,23,Female,Bike,55,No,No,No,Poor Weather Visibility,Low,0.0
ACC37700,03-06-2022,18:40,Kerala,Ernakulam,10.4635,76.0962,City Road,Overcast,Dusk,37,Male,Car,55,No,No,Yes,Pothole/Bad Road,Medium,2.0
ACC37701,15-06-2023,08:30,Andhra Pradesh,Vijayawada,16.1819,79.307,National Highway,Overcast,Day,28,Female,Truck,65,No,No,No,Poor Weather Visibility,Medium,0.0
ACC37702,21-08-2023,16:23,Andhra Pradesh,Visakhapatnam,15.5122,79.8542,National Highway,Foggy,Day,28,Male,Bike,84,No,Yes,No,Poor Weather Visibility,High,8.0
ACC37703,25-04-2024,13:33,Andhra Pradesh,Kurnool,15.3546,78.9724,Expressway,Clear,Day,46,Male,Car,84,No,No,No,Over Speeding,Medium,3.0
ACC37704,10-12-2023,19:46,Telangana,Khammam,17.554,78.938,City Road,Rainy,Night,50,Male,Car,59,No,No,No,Poor Weather Visibility,High,9.0
ACC37705,17-04-2024,14:09,Telangana,Khammam,18.1306,79.3482,City Road,Rainy,Day,33,Male,Bus,66,No,Yes,Yes,Poor Weather Visibility,Medium,3.0
ACC37706,25-12-2023,14:04,Tamil Nadu,Madurai,10.5583,79.1282,National Highway,Rainy,Day,18,Male,Auto,50,No,No,No,Poor Weather Visibility,Medium,6.0
ACC37707,06-01-2024,10:14,Karnataka,Mysuru,14.9408,75.1799,National Highway,Overcast,Day,23,Male,Bike,75,No,No,No,Over Speeding,Medium,3.0
ACC37708,16-05-2023,11:04,Telangana,Nizamabad,18.1436,79.0396,National Highway,Cloudy,Day,31,Male,Bike,62,No,No,No,Poor Weather Visibility,Medium,1.0
ACC37709,24-07-2023,18:01,Karnataka,Hubballi,15.0227,75.6304,National Highway,Rainy,Dusk,37,Male,Bike,91,No,No,Yes,Over Speeding,High,2.0
ACC37710,01-01-2023,18:18,Karnataka,Mangaluru,14.8848,75.0522,National Highway,Cloudy,Dusk,33,Male,Bike,67,No,No,No,Poor Weather Visibility,High,1.0
ACC37711,22-07-2024,18:28,Andhra Pradesh,Nellore,15.5262,79.2386,State Highway,Cloudy,Dusk,24,Male,Truck,89,Yes,No,No,Over Speeding,Medium,1.0
ACC37712,02-12-2024,04:50,Karnataka,Belagavi,14.8418,75.8808,Village Road,Cloudy,Night,29,Male,Bike,47,Yes,No,No,Drunk Driving,Medium,2.0
ACC37713,09-01-2023,23:57,Kerala,Ernakulam,9.5957,75.9783,National Highway,Foggy,Night,43,Male,Car,66,No,No,Yes,Poor Weather Visibility,High,5.0
ACC37714,28-09-2022,12:02,Kerala,Thiruvananthapuram,10.0296,76.2069,State Highway,Clear,Day,24,Male,Bike,60,No,No,No,Signal Jumping,Low,2.0
ACC37715,25-01-2024,07:06,Tamil Nadu,Tiruchirappalli,10.6521,78.6915,National Highway,Clear,Day,25,Male,Car,69,No,No,No,Over Speeding,Low,1.0
ACC37716,10-07-2024,17:03,Telangana,Nizamabad,17.8423,78.5698,City Road,Rainy,Dusk,32,Female,Bike,47,Yes,No,No,Poor Weather Visibility,Medium,7.0
ACC37717,01-04-2023,13:28,Telangana,Khammam,18.7221,79.5879,City Road,Rainy,Day,31,Male,Auto,57,No,No,Yes,Poor Weather Visibility,Low,1.0
ACC37718,22-09-2024,19:22,Karnataka,Bengaluru Urban,15.7941,76.0364,Expressway,Clear,Night,45,Male,Bike,88,No,No,No,Over Speeding,High,3.0
ACC37719,20-04-2023,07:24,Tamil Nadu,Salem,11.1832,78.4683,State Highway,Foggy,Day,50,Female,Bike,56,No,No,No,Poor Weather Visibility,Medium,4.0
ACC37720,16-03-2024,11:03,Tamil Nadu,Madurai,11.3855,78.4177,City Road,Clear,Day,45,Male,Bike,37,No,No,No,Signal Jumping,Low,0.0
ACC37721,12-11-2022,20:12,Andhra Pradesh,Guntur,15.5452,79.3012,National Highway,Rainy,Night,50,Male,Bike,78,Yes,No,No,Poor Weather Visibility,High,10.0
ACC37722,13-03-2024,11:29,Andhra Pradesh,Nellore,16.0736,79.8791,National Highway,Overcast,Day,46,Male,Car,78,No,No,Yes,Over Speeding,Medium,3.0
ACC37723,06-09-2022,23:04,Tamil Nadu,Salem,11.5727,78.299,State Highway,Cloudy,Night,44,Male,Bus,61,No,No,No,Poor Weather Visibility,Low,0.0
ACC37724,27-09-2022,03:29,Kerala,Thrissur,10.8348,76.5558,State Highway,Rainy,Night,36,Male,Auto,76,No,No,No,Poor Weather Visibility,High,3.0
ACC37725,26-09-2024,16:55,Andhra Pradesh,Nellore,15.7965,80.2765,State Highway,Rainy,Day,39,Female,Car,71,Yes,No,No,Poor Weather Visibility,Medium,2.0
ACC37726,19-10-2022,14:47,Karnataka,Hubballi,15.4111,76.9576,City Road,Clear,Day,23,Male,Bike,41,No,No,No,Signal Jumping,Low,1.0
ACC37727,16-03-2022,05:36,Kerala,Kozhikode,10.8375,76.3061,City Road,Rainy,Dawn,46,Female,Car,27,No,No,No,Poor Weather Visibility,Low,0.0
ACC37728,24-07-2024,06:37,Andhra Pradesh,Guntur,16.1456,79.3202,Village Road,Overcast,Day,43,Male,Bike,62,No,No,No,Poor Weather Visibility,Medium,1.0
ACC37729,18-05-2024,16:04,Karnataka,Hubballi,15.8144,74.8545,City Road,Foggy,Day,30,Male,Car,53,No,No,Yes,Poor Weather Visibility,Low,0.0
ACC37730,05-03-2022,19:18,Kerala,Kozhikode,10.3018,75.9852,State Highway,Cloudy,Night,31,Male,Bike,85,Yes,No,Yes,Drunk Driving,High,8.0
ACC37731,26-12-2024,20:31,Telangana,Nizamabad,18.0544,79.1137,State Highway,Clear,Night,26,Male,Bike,89,Yes,No,No,Over Speeding,High,8.0
ACC37732,01-08-2024,09:38,Karnataka,Bengaluru Urban,15.8111,75.5015,Village Road,Clear,Day,19,Female,Bike,46,No,No,No,Poor Weather Visibility,Low,3.0
ACC37733,17-10-2022,12:14,Karnataka,Belagavi,15.1346,76.4081,City Road,Clear,Day,39,Female,Auto,50,No,No,No,Poor Weather Visibility,Low,4.0
ACC37734,18-08-2022,18:31,Andhra Pradesh,Vijayawada,16.1661,79.4126,City Road,Overcast,Dusk,44,Male,Car,49,No,No,No,Poor Weather Visibility,Low,1.0
ACC37735,16-10-2024,06:46,Andhra Pradesh,Nellore,15.9143,80.4562,State Highway,Overcast,Day,30,Male,Car,46,No,No,Yes,Pothole/Bad Road,Low,0.0
ACC37736,05-12-2024,06:56,Telangana,Karimnagar,18.2217,78.5052,Expressway,Rainy,Day,37,Male,Truck,94,No,No,Yes,Over Speeding,High,7.0
ACC37737,01-09-2024,07:39,Andhra Pradesh,Kurnool,15.1085,79.806,Village Road,Clear,Day,23,Female,Auto,42,No,No,No,Signal Jumping,Low,0.0
ACC37738,28-11-2022,20:33,Tamil Nadu,Coimbatore,10.7158,78.6459,State Highway,Overcast,Night,18,Male,Car,58,No,No,No,Poor Weather Visibility,Medium,1.0
ACC37739,27-06-2023,18:35,Kerala,Thiruvananthapuram,10.4766,76.3824,Village Road,Rainy,Dusk,31,Male,Bus,29,No,No,No,Poor Weather Visibility,Low,0.0
ACC37740,19-08-2022,07:43,Tamil Nadu,Salem,11.0218,78.6799,Village Road,Overcast,Day,18,Male,Auto,41,No,No,No,Poor Weather Visibility,Low,1.0
ACC37741,30-01-2022,07:17,Tamil Nadu,Chennai,11.225,78.6269,City Road,Clear,Day,44,Male,Bike,32,No,No,Yes,Pothole/Bad Road,Low,0.0
ACC37742,04-02-2024,10:43,Andhra Pradesh,Kurnool,16.1883,80.5435,State Highway,Cloudy,Day,20,Male,Truck,61,No,No,No,Poor Weather Visibility,Low,1.0
ACC37743,20-01-2023,11:17,Karnataka,Bengaluru Urban,15.1625,75.8962,State Highway,Clear,Day,43,Male,Auto,57,No,No,No,Poor Weather Visibility,Low,
ACC37744,15-04-2022,20:30,Tamil Nadu,Tiruchirappalli,11.05,78.8869,City Road,Rainy,Night,47,Male,Bus,49,No,No,Yes,Poor Weather Visibility,Medium,1.0
ACC37745,29-10-2024,07:10,Puducherry,Karaikal,11.8214,79.7505,State Highway,Rainy,Day,29,Male,Bike,55,No,No,No,Poor Weather Visibility,Medium,4.0
ACC37746,20-09-2023,15:21,Kerala,Ernakulam,10.4825,75.8964,State Highway,Overcast,Day,40,Male,Bike,53,No,No,No,Poor Weather Visibility,Low,1.0
ACC37747,19-08-2022,20:07,Puducherry,Puducherry,11.4741,79.7647,Village Road,Cloudy,Night,43,Female,Car,28,Yes,No,No,Drunk Driving,Low,1.0
ACC37748,23-10-2022,16:15,Puducherry,Karaikal,12.2575,79.8518,City Road,Rainy,Day,26,Male,Bike,40,No,No,Yes,Poor Weather Visibility,Low,0.0
ACC37749,31-07-2022,17:45,Andhra Pradesh,Guntur,16.3168,79.918,State Highway,Rainy,Dusk,54,Female,Car,67,No,Yes,No,Poor Weather Visibility,Medium,
ACC37750,22-10-2023,07:58,Kerala,Kollam,10.5698,77.1362,State Highway,Clear,Day,30,Female,Auto,49,No,No,No,Poor Weather Visibility,Low,1.0
ACC37751,05-05-2023,12:53,Andhra Pradesh,Nellore,16.6452,79.9344,State Highway,Rainy,Day,33,Male,Bike,62,Yes,No,Yes,Poor Weather Visibility,High,5.0
ACC37752,04-02-2022,22:57,Telangana,Nizamabad,18.338,78.8761,National Highway,Clear,Night,46,Male,Truck,73,No,No,No,Over Speeding,Low,1.0
ACC37753,31-01-2023,18:29,Andhra Pradesh,Vijayawada,15.003,79.1549,City Road,Cloudy,Dusk,51,Male,Truck,51,No,Yes,No,Drowsy Driving,Low,2.0
ACC37754,28-09-2023,08:14,Tamil Nadu,Tiruchirappalli,11.2824,78.604,Village Road,Cloudy,Day,45,Male,Auto,44,No,No,No,Poor Weather Visibility,Low,0.0
ACC37755,13-11-2023,14:40,Telangana,Khammam,17.8114,79.2259,State Highway,Clear,Day,31,Male,Bus,68,No,No,No,Signal Jumping,Low,0.0
ACC37756,02-05-2023,16:49,Tamil Nadu,Chennai,10.2413,78.3721,State Highway,Clear,Day,39,Male,Bike,48,No,No,Yes,Pothole/Bad Road,Low,1.0
ACC37757,25-05-2022,17:03,Telangana,Karimnagar,17.8905,78.9046,Expressway,Clear,Dusk,44,Male,Bike,71,No,No,No,Over Speeding,Low,3.0
ACC37758,09-09-2023,13:02,Tamil Nadu,Coimbatore,11.0894,77.4955,Expressway,Rainy,Day,18,Male,Bike,81,No,No,No,Poor Weather Visibility,High,5.0
ACC37759,19-02-2023,12:24,Kerala,Ernakulam,10.8501,75.7437,City Road,Cloudy,Day,33,Female,Car,53,No,No,No,Poor Weather Visibility,Low,2.0
ACC37760,29-01-2023,23:20,Kerala,Thrissur,10.0998,75.8925,Village Road,Clear,Night,40,Female,Car,58,No,No,No,Signal Jumping,Low,2.0
ACC37761,29-09-2023,20:54,Tamil Nadu,Madurai,10.5522,78.7048,State Highway,Cloudy,Night,22,Male,Bike,82,No,No,No,Over Speeding,High,7.0
ACC37762,29-07-2022,07:54,Tamil Nadu,Madurai,11.0375,78.5995,City Road,Clear,Day,44,Male,Auto,54,No,No,No,Poor Weather Visibility,Low,0.0
ACC37763,09-10-2023,11:09,Tamil Nadu,Madurai,11.2597,78.3465,Village Road,Clear,Day,35,Male,Car,34,No,No,Yes,Pothole/Bad Road,Low,0.0
ACC37764,27-07-2024,19:31,Puducherry,Karaikal,12.6288,79.5354,Village Road,Rainy,Night,39,Male,Bus,53,No,Yes,Yes,Poor Weather Visibility,High,3.0
ACC37765,01-04-2024,20:58,Tamil Nadu,Tiruchirappalli,11.2013,78.8739,Expressway,Foggy,Night,42,Male,Car,91,No,Yes,No,Poor Weather Visibility,High,5.0
ACC37766,22-10-2022,14:06,Telangana,Karimnagar,17.081,78.8523,City Road,Rainy,Day,52,Male,Bike,48,No,Yes,Yes,Poor Weather Visibility,High,5.0
ACC37767,27-03-2024,16:42,Tamil Nadu,Madurai,11.0616,78.6404,National Highway,Overcast,Day,45,Male,Auto,73,No,No,No,Signal Jumping,Medium,1.0
ACC37768,02-01-2022,11:24,Tamil Nadu,Chennai,10.8903,78.5014,National Highway,Clear,Day,34,Male,Car,83,No,Yes,No,Over Speeding,Medium,6.0
ACC37769,07-07-2023,17:09,Tamil Nadu,Coimbatore,11.0697,78.1827,National Highway,Cloudy,Dusk,35,Male,Auto,70,No,No,No,Poor Weather Visibility,Medium,0.0
ACC37770,23-10-2022,18:26,Andhra Pradesh,Visakhapatnam,16.3463,79.4652,City Road,Clear,Dusk,29,Male,Car,49,Yes,No,No,Drunk Driving,Low,1.0
ACC37771,27-11-2022,04:48,Kerala,Kozhikode,10.6294,75.9114,State Highway,Foggy,Night,18,Male,Car,62,Yes,No,No,Poor Weather Visibility,Medium,3.0
ACC37772,07-06-2022,14:43,Telangana,Khammam,18.2073,78.4959,City Road,Clear,Day,35,Male,Bike,65,No,Yes,No,Drowsy Driving,Medium,4.0
ACC37773,01-03-2023,08:00,Andhra Pradesh,Nellore,15.9591,80.0198,Village Road,Overcast,Day,68,Male,Bike,36,No,No,Yes,Pothole/Bad Road,Low,2.0
ACC37774,30-06-2023,05:06,Kerala,Ernakulam,10.3055,75.7261,National Highway,Cloudy,Dawn,25,Male,Car,64,No,Yes,No,Drowsy Driving,Medium,4.0
ACC37775,02-04-2022,22:01,Tamil Nadu,Salem,11.0757,78.705,Village Road,Rainy,Night,18,Male,Auto,46,No,Yes,Yes,Poor Weather Visibility,High,12.0
ACC37776,08-06-2022,12:59,Tamil Nadu,Tiruchirappalli,11.1979,78.4159,City Road,Clear,Day,53,Male,Auto,69,Yes,No,No,Drunk Driving,Medium,7.0
ACC37777,13-04-2023,13:35,Telangana,Karimnagar,18.0947,79.1535,State Highway,Overcast,Day,38,Male,Car,58,No,No,No,Poor Weather Visibility,Low,2.0
ACC37778,02-10-2024,18:27,Telangana,Warangal,17.3075,78.8796,Village Road,Clear,Dusk,35,Male,Car,31,No,No,No,Poor Weather Visibility,Low,0.0
ACC37779,19-10-2023,12:48,Kerala,Thiruvananthapuram,11.3052,76.1001,National Highway,Clear,Day,18,Male,Bike,72,No,No,No,Over Speeding,Medium,0.0
ACC37780,08-05-2022,08:55,Karnataka,Bengaluru Urban,14.6042,75.3724,National Highway,Clear,Day,43,Male,Truck,52,No,No,No,Signal Jumping,Low,0.0
ACC37781,07-09-2024,23:41,Puducherry,Puducherry,12.0043,80.3573,Village Road,Cloudy,Night,43,Male,Truck,34,No,Yes,Yes,Drowsy Driving,Low,1.0
ACC37782,28-11-2024,15:00,Andhra Pradesh,Guntur,15.7678,80.5663,City Road,Cloudy,Day,46,Male,Bike,30,No,No,No,Poor Weather Visibility,Low,1.0
ACC37783,19-01-2024,16:40,Tamil Nadu,Coimbatore,11.1508,78.8397,City Road,Clear,Day,39,Male,Bike,60,No,Yes,No,Drowsy Driving,Medium,2.0
ACC37784,13-08-2022,00:33,Karnataka,Mangaluru,14.7391,75.4876,City Road,Clear,Night,54,Male,Bike,64,No,Yes,Yes,Drowsy Driving,Medium,3.0
ACC37785,27-01-2023,15:32,Andhra Pradesh,Kurnool,16.4711,79.5053,Expressway,Cloudy,Day,53,Male,Auto,90,Yes,No,No,Over Speeding,High,2.0
ACC37786,08-11-2022,21:09,Kerala,Kollam,10.3247,76.1051,National Highway,Clear,Night,47,Male,Bike,73,No,No,No,Over Speeding,Medium,3.0
ACC37787,30-05-2022,09:36,Telangana,Warangal,18.247,79.0573,Village Road,Rainy,Day,18,Male,Car,26,No,No,Yes,Poor Weather Visibility,Low,2.0
ACC37788,11-12-2024,22:08,Karnataka,Bengaluru Urban,15.1033,75.3895,Expressway,Clear,Night,23,Male,Auto,75,No,No,No,Over Speeding,Medium,1.0
ACC37789,15-03-2023,15:58,Tamil Nadu,Madurai,10.8963,78.7016,State Highway,Cloudy,Day,55,Male,Car,61,No,No,No,Poor Weather Visibility,Low,2.0
ACC37790,28-05-2023,15:21,Andhra Pradesh,Visakhapatnam,16.7456,79.91,State Highway,Cloudy,Day,51,Male,Bike,66,No,No,No,Poor Weather Visibility,Low,0.0
ACC37791,14-01-2024,12:26,Andhra Pradesh,Kurnool,16.0642,79.4939,State Highway,Rainy,Day,18,Female,Truck,70,Yes,No,No,Poor Weather Visibility,Medium,4.0
ACC37792,23-08-2022,15:14,Andhra Pradesh,Guntur,15.7016,79.7993,Village Road,Overcast,Day,37,Male,Car,38,No,No,No,Poor Weather Visibility,Low,1.0
ACC37793,22-07-2024,18:25,Tamil Nadu,Madurai,11.6607,78.3023,City Road,Clear,Dusk,19,Female,Auto,38,No,No,No,Signal Jumping,Low,0.0
ACC37794,24-11-2023,10:49,Karnataka,Belagavi,15.5873,75.6786,Expressway,Foggy,Day,56,Male,Bike,70,No,No,No,Poor Weather Visibility,Medium,1.0