Accident_ID,Date,Time,State,District,Latitude,Longitude,Road_Type,Weather,Light_Condition,Driver_Age,Driver_Gender,Vehicle_Type,Speed_kmph,Alcohol_Involved,Driver_Drowsy,Pothole_Involved,Cause_of_Accident,Severity,Casualties
ACC37795,07-05-2024,18:39,Tamil Nadu,Coimbatore,11.4899,78.5423,City Road,Clear,Dusk,52,Male,Bus,44,No,No,No,Signal Jumping,Low,0.0
ACC37796,06-11-2022,07:31,Kerala,Kozhikode,10.0185,75.0657,Village Road,Rainy,Day,49,Male,Car,43,No,No,No,Poor Weather Visibility,Low,1.0
ACC37797,06-12-2023,05:42,Andhra Pradesh,Vijayawada,15.6824,79.4034,State Highway,Clear,Dawn,52,Female,Car,64,No,No,No,Over Speeding,Low,0.0
ACC37798,03-12-2022,00:38,Kerala,Kollam,10.8323,76.1598,State Highway,Clear,Night,35,Male,Bike,85,No,No,No,Over Speeding,High,8.0
ACC37799,18-11-2023,09:55,Andhra Pradesh,Vijayawada,15.9623,79.7122,National Highway,Clear,Day,68,Male,Bike,71,No,No,No,Signal Jumping,Medium,
ACC37800,13-08-2023,05:14,Telangana,Warangal,17.6976,78.2634,National Highway,Clear,Dawn,41,Male,Bus,69,No,Yes,No,Drowsy Driving,Low,0.0
ACC37801,07-09-2023,13:36,Karnataka,Mangaluru,15.6696,75.7154,State Highway,Cloudy,Day,33,Male,Auto,74,No,No,No,Signal Jumping,Medium,1.0
ACC37802,30-12-2022,19:31,Telangana,Warangal,18.5883,79.3709,National Highway,Clear,Night,43,Male,Bus,49,No,No,No,Signal Jumping,Low,1.0
ACC37803,10-03-2022,02:24,Tamil Nadu,Madurai,10.908,78.5664,State Highway,Rainy,Night,30,Male,Car,72,Yes,No,No,Poor Weather Visibility,High,5.0
ACC37804,09-02-2023,09:03,Andhra Pradesh,Nellore,15.8866,79.5984,State Highway,Rainy,Day,18,Male,Auto,69,No,No,No,Poor Weather Visibility,Medium,1.0
ACC37805,03-11-2024,22:53,Andhra Pradesh,Visakhapatnam,16.7247,80.048,National Highway,Rainy,Night,18,Male,Bus,80,No,Yes,No,Poor Weather Visibility,High,5.0
ACC37806,29-02-2024,12:55,Karnataka,Hubballi,15.6294,75.2558,Village Road,Rainy,Day,33,Male,Truck,50,No,No,Yes,Poor Weather Visibility,Medium,3.0
ACC37807,21-04-2024,19:57,Puducherry,Karaikal,11.8247,80.7151,City Road,Clear,Night,44,Male,Car,62,Yes,Yes,No,Drunk Driving,Medium,1.0
ACC37808,24-06-2022,19:04,Tamil Nadu,Coimbatore,10.8507,78.3509,National Highway,Clear,Night,31,Female,Car,67,No,No,No,Over Speeding,Low,1.0
ACC37809,10-06-2023,16:57,Karnataka,Hubballi,14.7402,76.0119,State Highway,Cloudy,Day,18,Male,Bike,61,No,No,No,Poor Weather Visibility,Medium,2.0
ACC37810,12-10-2023,19:58,Karnataka,Bengaluru Urban,14.2516,75.4747,National Highway,Foggy,Night,25,Male,Bike,89,No,No,No,Poor Weather Visibility,High,5.0
ACC37811,28-11-2023,07:00,Kerala,Thrissur,10.5212,75.9278,Village Road,Cloudy,Day,32,Male,Auto,36,No,No,Yes,Pothole/Bad Road,Low,1.0
ACC37812,03-10-2022,18:12,Puducherry,Karaikal,11.5915,79.9374,City Road,Overcast,Dusk,45,Male,Bike,45,No,No,No,Poor Weather Visibility,Low,1.0
ACC37813,21-03-2023,17:56,Puducherry,Puducherry,11.6961,79.0723,Village Road,Clear,Dusk,53,Male,Car,38,No,No,Yes,Pothole/Bad Road,Low,1.0
ACC37814,06-01-2023,18:23,Telangana,Warangal,18.1125,78.9465,Village Road,Cloudy,Dusk,46,Male,Bike,43,Yes,No,No,Drunk Driving,Medium,3.0
ACC37815,10-01-2022,00:25,Tamil Nadu,Salem,10.9792,78.6752,City Road,Clear,Night,34,Male,Bus,47,No,No,Yes,Pothole/Bad Road,Low,0.0
ACC37816,06-02-2022,10:05,Telangana,Karimnagar,18.2628,79.0737,City Road,Cloudy,Day,28,Male,Car,60,No,No,No,Signal Jumping,Low,1.0
ACC37817,16-08-2022,00:48,Kerala,Ernakulam,9.6772,76.0643,National Highway,Clear,Night,19,Male,Bike,63,No,No,No,Over Speeding,Medium,3.0
ACC37818,07-03-2023,19:26,Karnataka,Bengaluru Urban,15.0627,75.3587,State Highway,Clear,Night,54,Male,Truck,55,No,No,No,Poor Weather Visibility,Low,1.0
ACC37819,22-12-2024,09:54,Kerala,Kollam,10.7554,76.7416,City Road,Clear,Day,47,Male,Bike,54,No,Yes,No,Drowsy Driving,Low,2.0
ACC37820,15-02-2022,14:10,Tamil Nadu,Chennai,10.7791,77.973,National Highway,Overcast,Day,33,Male,Bike,70,No,No,No,Poor Weather Visibility,Low,2.0
ACC37821,01-08-2022,22:54,Kerala,Ernakulam,10.3093,76.2784,Village Road,Clear,Night,18,Male,Car,31,No,Yes,Yes,Drowsy Driving,Low,0.0
ACC37822,24-04-2022,11:32,Karnataka,Mysuru,15.3964,76.0921,State Highway,Overcast,Day,36,Male,Bike,61,No,No,No,Poor Weather Visibility,Low,2.0
ACC37823,11-05-2024,19:30,Kerala,Kollam,10.5598,76.3578,City Road,Overcast,Night,34,Female,Bike,66,Yes,No,No,Drunk Driving,Medium,1.0
ACC37824,23-05-2022,12:04,Tamil Nadu,Tiruchirappalli,11.0904,78.7571,City Road,Clear,Day,19,Female,Bike,47,Yes,No,Yes,Drunk Driving,Medium,3.0
ACC37825,19-09-2022,22:54,Andhra Pradesh,Guntur,15.8147,79.9923,City Road,Clear,Night,27,Male,Auto,62,Yes,No,No,Drunk Driving,High,4.0
ACC37826,06-12-2023,17:57,Telangana,Khammam,18.4685,79.0997,City Road,Clear,Dusk,57,Male,Bike,62,No,No,No,Over Speeding,Medium,5.0
ACC37827,19-03-2023,06:06,Tamil Nadu,Coimbatore,11.4052,79.108,City Road,Clear,Day,25,Male,Car,64,No,No,Yes,Pothole/Bad Road,Low,0.0
ACC37828,21-06-2022,13:16,Andhra Pradesh,Guntur,15.5339,79.6731,City Road,Rainy,Day,30,Male,Bike,55,No,No,Yes,Poor Weather Visibility,Low,0.0
ACC37829,16-07-2024,14:37,Telangana,Karimnagar,17.7154,79.1715,City Road,Clear,Day,54,Male,Bike,60,No,No,No,Signal Jumping,Low,1.0
ACC37830,01-08-2022,17:14,Andhra Pradesh,Guntur,16.4674,79.8207,City Road,Cloudy,Dusk,31,Male,Bike,39,No,No,No,Poor Weather Visibility,Low,
ACC37831,25-06-2023,05:24,Karnataka,Bengaluru Urban,15.5616,76.0672,National Highway,Cloudy,Dawn,36,Male,Truck,74,No,No,No,Over Speeding,Medium,0.0
ACC37832,03-02-2022,14:43,Telangana,Hyderabad,17.706,79.1119,Village Road,Cloudy,Day,36,Male,Car,47,No,No,No,Poor Weather Visibility,Low,0.0
ACC37833,30-05-2023,23:06,Karnataka,Mysuru,15.6795,75.879,Village Road,Clear,Night,26,Male,Car,33,No,No,No,Signal Jumping,Low,0.0
ACC37834,02-03-2022,18:03,Telangana,Warangal,17.2873,78.9397,State Highway,Cloudy,Dusk,51,Female,Car,60,No,No,No,Poor Weather Visibility,Low,
ACC37835,14-06-2022,17:41,Andhra Pradesh,Kurnool,16.366,79.4932,State Highway,Rainy,Dusk,42,Male,Bike,84,Yes,No,No,Poor Weather Visibility,High,6.0
ACC37836,04-06-2024,08:15,Tamil Nadu,Salem,10.9021,78.551,Village Road,Clear,Day,20,Female,Truck,67,Yes,No,No,Drunk Driving,Medium,3.0
ACC37837,11-07-2022,20:59,Tamil Nadu,Chennai,10.9694,78.775,State Highway,Clear,Night,50,Male,Auto,61,No,No,No,Over Speeding,Medium,2.0
ACC37838,15-09-2023,08:25,Andhra Pradesh,Vijayawada,16.2829,79.4382,City Road,Clear,Day,46,Male,Bike,45,No,No,Yes,Pothole/Bad Road,Low,0.0
ACC37839,11-12-2024,06:16,Tamil Nadu,Madurai,10.6785,79.3944,State Highway,Cloudy,Day,35,Male,Car,70,No,No,No,Poor Weather Visibility,Low,1.0
ACC37840,17-01-2022,12:19,Tamil Nadu,Coimbatore,10.9117,78.4625,Village Road,Clear,Day,30,Male,Bus,46,No,No,Yes,Pothole/Bad Road,Low,2.0
ACC37841,17-05-2023,22:24,Andhra Pradesh,Vijayawada,16.3414,79.6269,City Road,Rainy,Night,18,Male,Car,61,Yes,Yes,No,Poor Weather Visibility,High,8.0
ACC37842,09-12-2022,03:21,Kerala,Kozhikode,10.2322,75.9106,City Road,Cloudy,Night,39,Male,Car,54,No,No,No,Poor Weather Visibility,Medium,2.0
ACC37843,01-04-2023,20:40,Karnataka,Belagavi,15.3782,75.7738,State Highway,Clear,Night,38,Female,Truck,50,No,No,Yes,Pothole/Bad Road,Low,2.0
ACC37844,19-02-2022,14:19,Telangana,Hyderabad,17.6309,78.934,National Highway,Rainy,Day,30,Male,Auto,76,No,No,No,Poor Weather Visibility,High,5.0
ACC37845,11-10-2024,08:59,Telangana,Warangal,17.6462,78.8205,State Highway,Clear,Day,25,Male,Car,65,No,No,No,Signal Jumping,Medium,6.0
ACC37846,01-01-2024,06:51,Karnataka,Hubballi,14.8834,75.5934,City Road,Rainy,Day,18,Male,Auto,48,No,No,No,Poor Weather Visibility,Low,0.0
ACC37847,30-06-2024,09:23,Karnataka,Mangaluru,15.0433,75.7859,State Highway,Clear,Day,24,Male,Auto,56,No,No,No,Signal Jumping,Medium,4.0
ACC37848,02-04-2023,20:58,Andhra Pradesh,Visakhapatnam,16.1802,79.7084,National Highway,Foggy,Night,31,Female,Car,67,No,No,Yes,Poor Weather Visibility,High,5.0
ACC37849,07-10-2024,19:56,Tamil Nadu,Salem,10.8601,78.9882,Village Road,Clear,Night,18,Male,Bike,47,No,No,No,Signal Jumping,Low,0.0
ACC37850,03-06-2024,19:13,Tamil Nadu,Salem,10.5306,78.4831,State Highway,Rainy,Night,22,Male,Bike,79,Yes,No,No,Poor Weather Visibility,High,8.0
ACC37851,07-02-2023,13:33,Tamil Nadu,Tiruchirappalli,10.7853,78.0879,Expressway,Overcast,Day,33,Male,Bus,78,No,No,No,Over Speeding,Low,1.0
ACC37852,29-08-2023,09:19,Telangana,Hyderabad,18.043,78.5164,Expressway,Clear,Day,50,Male,Bike,85,No,No,No,Over Speeding,Medium,1.0
ACC37853,23-09-2023,18:41,Tamil Nadu,Coimbatore,11.6155,78.1698,City Road,Rainy,Dusk,35,Male,Auto,62,No,No,No,Poor Weather Visibility,Medium,1.0
ACC37854,17-05-2023,04:56,Tamil Nadu,Chennai,11.2304,78.6706,Expressway,Clear,Night,45,Female,Truck,85,No,Yes,No,Over Speeding,High,4.0
ACC37855,26-01-2024,14:36,Andhra Pradesh,Visakhapatnam,15.6393,80.2533,Expressway,Clear,Day,55,Male,Bike,81,No,No,Yes,Over Speeding,Medium,5.0
ACC37856,21-09-2022,14:26,Tamil Nadu,Coimbatore,10.6909,78.123,City Road,Overcast,Day,23,Male,Truck,45,No,Yes,Yes,Drowsy Driving,Medium,2.0
ACC37857,21-01-2022,12:07,Telangana,Khammam,17.0753,79.3104,Village Road,Clear,Day,51,Male,Bus,32,No,No,No,Signal Jumping,Low,1.0
ACC37858,10-08-2023,12:41,Tamil Nadu,Tiruchirappalli,11.4581,78.6168,City Road,Rainy,Day,23,Male,Car,46,No,No,Yes,Poor Weather Visibility,Medium,1.0
ACC37859,11-10-2023,10:27,Telangana,Khammam,17.6829,79.2637,Expressway,Clear,Day,48,Male,Bike,66,No,No,Yes,Pothole/Bad Road,Medium,
ACC37860,31-01-2023,08:02,Kerala,Kozhikode,10.0579,75.7784,Expressway,Rainy,Day,30,Male,Bike,84,No,No,Yes,Poor Weather Visibility,High,5.0
ACC37861,15-05-2023,22:29,Kerala,Thiruvananthapuram,10.7632,77.0324,Village Road,Clear,Night,32,Female,Bike,56,No,Yes,No,Drowsy Driving,Medium,2.0
ACC37862,17-10-2022,15:02,Tamil Nadu,Madurai,10.899,78.4184,Village Road,Clear,Day,18,Male,Bike,51,Yes,No,No,Drunk Driving,Medium,3.0
ACC37863,12-01-2022,06:24,Andhra Pradesh,Visakhapatnam,16.6198,80.1814,National Highway,Clear,Day,21,Male,Bike,86,Yes,No,No,Over Speeding,High,5.0
ACC37864,04-10-2023,16:20,Andhra Pradesh,Visakhapatnam,15.972,80.079,State Highway,Cloudy,Day,52,Male,Bike,60,No,No,No,Poor Weather Visibility,Low,2.0
ACC37865,28-02-2024,08:19,Kerala,Thiruvananthapuram,10.3812,76.1438,National Highway,Clear,Day,51,Male,Bike,63,No,No,No,Over Speeding,Medium,2.0
ACC37866,01-05-2024,14:04,Andhra Pradesh,Visakhapatnam,15.7244,79.8444,City Road,Cloudy,Day,70,Male,Bike,44,No,No,No,Signal Jumping,Low,1.0
ACC37867,06-05-2022,08:55,Telangana,Warangal,17.6963,78.6967,City Road,Rainy,Day,32,Male,Truck,56,No,No,No,Poor Weather Visibility,Low,
ACC37868,29-10-2022,15:11,Andhra Pradesh,Nellore,15.66,79.419,National Highway,Clear,Day,19,Male,Bus,51,No,No,Yes,Pothole/Bad Road,Medium,3.0
ACC37869,11-08-2022,22:27,Karnataka,Mysuru,14.9367,75.5836,Expressway,Rainy,Night,39,Male,Bike,74,Yes,No,Yes,Poor Weather Visibility,High,8.0
ACC37870,30-09-2024,12:55,Telangana,Warangal,18.0827,79.2529,Expressway,Rainy,Day,42,Male,Bus,76,No,No,No,Poor Weather Visibility,High,7.0
ACC37871,23-11-2022,19:18,Karnataka,Mangaluru,15.317,75.8893,Expressway,Overcast,Night,31,Male,Truck,82,No,No,No,Over Speeding,High,3.0
ACC37872,13-09-2024,11:37,Tamil Nadu,Tiruchirappalli,11.0913,78.5794,National Highway,Clear,Day,18,Male,Auto,56,No,No,No,Signal Jumping,Low,1.0
ACC37873,26-08-2022,14:05,Kerala,Thrissur,10.504,75.7593,Expressway,Clear,Day,24,Male,Auto,75,No,No,No,Signal Jumping,Medium,0.0
ACC37874,24-02-2022,07:29,Kerala,Ernakulam,10.1186,76.6058,National Highway,Rainy,Day,25,Male,Car,52,No,No,Yes,Poor Weather Visibility,Low,1.0
ACC37875,18-04-2023,13:46,Kerala,Ernakulam,10.6244,76.2369,Village Road,Cloudy,Day,40,Male,Bike,43,No,No,No,Poor Weather Visibility,Low,2.0
ACC37876,28-12-2023,19:03,Kerala,Ernakulam,9.6484,76.7899,Expressway,Overcast,Night,32,Male,Car,85,Yes,Yes,No,Drunk Driving,High,9.0
ACC37877,28-05-2023,19:28,Tamil Nadu,Coimbatore,11.0635,78.1499,State Highway,Clear,Night,30,Female,Car,85,No,No,No,Over Speeding,High,7.0
ACC37878,17-12-2023,21:10,Kerala,Ernakulam,10.5307,76.9464,State Highway,Overcast,Night,48,Female,Bike,84,Yes,No,No,Drunk Driving,High,4.0
ACC37879,02-11-2023,17:44,Tamil Nadu,Tiruchirappalli,10.6286,78.0742,National Highway,Cloudy,Dusk,35,Male,Bus,86,No,Yes,No,Over Speeding,High,8.0
ACC37880,20-08-2022,19:00,Andhra Pradesh,Visakhapatnam,15.8486,80.6386,State Highway,Cloudy,Night,26,Female,Bus,78,Yes,Yes,No,Drunk Driving,High,6.0
ACC37881,05-01-2024,16:14,Kerala,Kollam,10.3065,76.5119,City Road,Clear,Day,43,Female,Bike,39,No,No,No,Signal Jumping,Low,0.0
ACC37882,21-03-2023,14:38,Kerala,Kollam,10.4871,76.2516,Expressway,Clear,Day,45,Male,Bike,61,No,No,No,Over Speeding,Medium,2.0
ACC37883,29-07-2022,10:58,Telangana,Nizamabad,17.5315,79.3655,National Highway,Clear,Day,36,Male,Car,76,Yes,No,No,Drunk Driving,Medium,2.0
ACC37884,23-07-2024,12:56,Tamil Nadu,Coimbatore,10.8453,78.78,Village Road,Rainy,Day,42,Male,Auto,30,Yes,No,Yes,Poor Weather Visibility,Medium,1.0
ACC37885,29-05-2023,08:46,Andhra Pradesh,Guntur,15.2355,80.2846,City Road,Cloudy,Day,36,Male,Car,44,No,No,No,Poor Weather Visibility,Low,
ACC37886,26-10-2023,09:10,Karnataka,Mysuru,15.3818,76.2832,State Highway,Overcast,Day,53,Male,Bike,61,No,No,Yes,Pothole/Bad Road,Low,1.0
ACC37887,22-10-2023,13:00,Telangana,Nizamabad,16.9312,78.8988,City Road,Rainy,Day,52,Male,Car,54,No,No,No,Poor Weather Visibility,Low,
ACC37888,18-07-2024,09:40,Telangana,Warangal,18.2723,79.2032,National Highway,Clear,Day,43,Male,Truck,69,No,No,No,Over Speeding,Low,0.0
ACC37889,23-04-2024,16:47,Tamil Nadu,Salem,10.7376,79.1997,City Road,Rainy,Day,45,Male,Bus,70,No,No,No,Poor Weather Visibility,Medium,3.0
ACC37890,20-09-2024,09:21,Andhra Pradesh,Guntur,14.9253,80.6104,Village Road,Clear,Day,32,Female,Bus,48,No,No,No,Poor Weather Visibility,Low,3.0
ACC37891,08-10-2024,06:05,Andhra Pradesh,Kurnool,15.941,80.1839,City Road,Cloudy,Day,21,Female,Auto,35,No,No,No,Poor Weather Visibility,Low,0.0
ACC37892,10-06-2023,06:55,Andhra Pradesh,Kurnool,15.5893,80.7855,City Road,Overcast,Day,49,Male,Bike,51,No,No,No,Poor Weather Visibility,Low,2.0
ACC37893,12-06-2023,12:03,Telangana,Nizamabad,18.4311,79.1817,Village Road,Clear,Day,18,Male,Bus,61,Yes,No,No,Drunk Driving,Medium,4.0
ACC37894,20-07-2022,00:14,Telangana,Nizamabad,17.7315,78.7949,City Road,Rainy,Night,21,Male,Truck,58,No,Yes,Yes,Poor Weather Visibility,High,10.0
ACC37895,31-10-2023,14:02,Karnataka,Bengaluru Urban,15.5462,75.6147,City Road,Rainy,Day,44,Male,Car,28,No,No,No,Poor Weather Visibility,Low,0.0
ACC37896,14-06-2022,10:10,Andhra Pradesh,Guntur,15.7853,79.5561,City Road,Rainy,Day,40,Female,Car,30,No,No,Yes,Poor Weather Visibility,Low,1.0
ACC37897,12-12-2024,10:44,Andhra Pradesh,Guntur,15.8867,79.3632,City Road,Clear,Day,28,Male,Bike,64,No,No,No,Signal Jumping,Low,1.0
ACC37898,22-05-2023,12:28,Telangana,Nizamabad,18.0289,79.244,City Road,Cloudy,Day,48,Female,Truck,40,No,No,No,Poor Weather Visibility,Low,1.0
ACC37899,04-01-2023,16:29,Karnataka,Mangaluru,15.6754,74.479,City Road,Clear,Day,33,Male,Bike,28,No,No,No,Signal Jumping,Low,0.0
ACC37900,06-02-2022,22:08,Telangana,Karimnagar,17.7348,78.1019,National Highway,Clear,Night,47,Female,Auto,64,No,No,No,Signal Jumping,Medium,3.0
ACC37901,28-05-2022,04:54,Kerala,Thiruvananthapuram,10.5187,76.3158,City Road,Clear,Night,42,Male,Bike,52,No,Yes,No,Drowsy Driving,Low,2.0
ACC37902,24-08-2024,13:16,Kerala,Kozhikode,9.815,76.1394,City Road,Clear,Day,37,Female,Auto,51,No,No,No,Signal Jumping,Low,2.0
ACC37903,13-03-2024,22:44,Kerala,Kollam,10.1478,76.4757,State Highway,Clear,Night,42,Male,Bike,55,No,No,No,Poor Weather Visibility,Medium,6.0
ACC37904,10-12-2023,08:48,Karnataka,Mysuru,15.5665,75.745,City Road,Rainy,Day,54,Female,Bike,34,No,No,No,Poor Weather Visibility,Low,1.0
ACC37905,15-06-2024,19:41,Kerala,Kozhikode,10.0123,76.2798,City Road,Clear,Night,23,Male,Truck,39,No,No,No,Poor Weather Visibility,Low,1.0
ACC37906,08-12-2023,12:58,Karnataka,Hubballi,14.146,74.7124,Village Road,Clear,Day,47,Male,Truck,37,No,No,Yes,Pothole/Bad Road,Low,1.0
ACC37907,13-04-2024,12:02,Karnataka,Mangaluru,15.3747,76.0272,City Road,Foggy,Day,34,Female,Car,32,No,No,No,Poor Weather Visibility,Low,0.0
ACC37908,17-12-2024,21:20,Puducherry,Puducherry,12.426,80.0264,National Highway,Rainy,Night,38,Male,Car,83,No,No,Yes,Poor Weather Visibility,High,6.0
ACC37909,05-04-2022,19:54,Telangana,Khammam,17.0014,79.0255,National Highway,Clear,Night,26,Female,Car,76,No,No,No,Over Speeding,Medium,2.0
ACC37910,31-12-2023,14:47,Telangana,Nizamabad,18.2943,79.1484,National Highway,Clear,Day,43,Male,Bike,70,No,No,No,Over Speeding,Medium,0.0
ACC37911,08-08-2023,19:57,Karnataka,Mangaluru,15.4014,76.0612,Expressway,Clear,Night,48,Female,Truck,88,No,No,No,Over Speeding,Medium,3.0
ACC37912,01-02-2023,13:59,Kerala,Thiruvananthapuram,10.7051,75.8316,State Highway,Clear,Day,27,Male,Truck,55,No,No,Yes,Pothole/Bad Road,Low,0.0
ACC37913,08-08-2024,01:47,Andhra Pradesh,Visakhapatnam,16.095,80.0682,National Highway,Cloudy,Night,42,Male,Auto,99,Yes,Yes,No,Over Speeding,High,6.0
ACC37914,26-08-2022,21:59,Kerala,Kozhikode,11.142,76.3141,Village Road,Rainy,Night,28,Male,Car,42,Yes,No,No,Poor Weather Visibility,Low,1.0
ACC37915,19-12-2022,08:41,Karnataka,Mangaluru,14.8411,76.1929,City Road,Rainy,Day,47,Male,Bike,49,No,No,Yes,Poor Weather Visibility,Low,0.0
ACC37916,13-03-2022,17:59,Tamil Nadu,Coimbatore,10.9805,78.668,State Highway,Rainy,Dusk,53,Male,Bike,59,No,No,No,Poor Weather Visibility,Low,1.0
ACC37917,02-01-2022,08:45,Tamil Nadu,Chennai,10.7113,77.5519,Village Road,Clear,Day,46,Male,Bus,52,No,No,No,Signal Jumping,Low,1.0
ACC37918,04-05-2024,17:24,Karnataka,Mangaluru,15.2125,75.311,City Road,Clear,Dusk,46,Male,Bus,41,No,No,Yes,Pothole/Bad Road,Low,1.0
ACC37919,14-07-2023,13:25,Telangana,Khammam,18.1431,79.06,National Highway,Cloudy,Day,53,Male,Car,68,No,No,No,Signal Jumping,Medium,5.0
ACC37920,05-07-2024,12:43,Kerala,Kozhikode,10.5205,76.127,Village Road,Clear,Day,37,Male,Car,51,No,No,No,Signal Jumping,Low,1.0
ACC37921,27-09-2023,18:49,Karnataka,Bengaluru Urban,14.2628,75.5882,City Road,Foggy,Dusk,31,Female,Bike,63,No,No,Yes,Poor Weather Visibility,Medium,5.0
ACC37922,07-06-2024,07:48,Puducherry,Puducherry,11.8732,79.3343,Village Road,Cloudy,Day,25,Male,Car,42,No,Yes,No,Drowsy Driving,Low,2.0
ACC37923,11-07-2022,21:48,Karnataka,Mysuru,16.0168,76.462,City Road,Rainy,Night,28,Female,Auto,44,No,No,No,Poor Weather Visibility,Low,1.0
ACC37924,26-06-2022,07:33,Telangana,Karimnagar,17.5488,79.3684,National Highway,Clear,Day,50,Female,Bike,62,No,No,No,Over Speeding,Medium,2.0
ACC37925,23-11-2023,22:59,Telangana,Karimnagar,17.6159,78.634,State Highway,Foggy,Night,52,Male,Bike,64,No,Yes,No,Poor Weather Visibility,High,5.0
ACC37926,06-03-2024,16:01,Karnataka,Bengaluru Urban,15.6706,75.446,National Highway,Clear,Day,29,Male,Bus,56,No,No,No,Poor Weather Visibility,Low,1.0
ACC37927,16-02-2023,20:00,Karnataka,Hubballi,14.9585,75.3281,National Highway,Clear,Night,60,Male,Car,72,No,No,No,Over Speeding,Medium,2.0
ACC37928,21-04-2023,23:31,Karnataka,Mysuru,15.1014,75.6793,National Highway,Clear,Night,31,Female,Car,67,No,No,No,Over Speeding,Medium,1.0
ACC37929,19-10-2023,15:04,Andhra Pradesh,Visakhapatnam,15.9378,79.9623,State Highway,Clear,Day,30,Male,Car,55,No,No,No,Signal Jumping,Low,2.0
ACC37930,06-03-2022,20:40,Karnataka,Mysuru,14.92,75.5933,City Road,Clear,Night,44,Male,Car,49,No,No,No,Signal Jumping,Low,1.0
ACC37931,13-12-2024,06:36,Telangana,Nizamabad,17.7177,78.9158,Village Road,Cloudy,Day,50,Male,Auto,35,No,No,Yes,Pothole/Bad Road,Low,1.0
ACC37932,16-05-2024,20:04,Telangana,Khammam,17.7939,78.7181,National Highway,Overcast,Night,46,Male,Bike,59,No,No,Yes,Pothole/Bad Road,Medium,2.0
ACC37933,09-07-2023,20:24,Kerala,Thiruvananthapuram,10.1673,76.2722,Village Road,Clear,Night,43,Female,Bike,61,Yes,Yes,Yes,Drunk Driving,Medium,7.0
ACC37934,29-04-2024,05:55,Kerala,Thrissur,10.4019,77.2116,National Highway,Cloudy,Dawn,40,Male,Car,56,No,No,No,Poor Weather Visibility,Low,4.0
ACC37935,24-05-2024,07:09,Tamil Nadu,Chennai,11.3155,78.5397,Village Road,Clear,Day,44,Male,Car,48,No,No,Yes,Pothole/Bad Road,Low,0.0
ACC37936,04-02-2024,18:23,Tamil Nadu,Coimbatore,10.7794,77.9184,City Road,Cloudy,Dusk,27,Male,Bike,68,No,No,No,Poor Weather Visibility,Medium,3.0
ACC37937,14-10-2024,11:02,Andhra Pradesh,Nellore,16.2784,80.3189,Expressway,Clear,Day,59,Male,Truck,66,No,No,No,Signal Jumping,Low,0.0
ACC37938,14-03-2022,19:25,Tamil Nadu,Coimbatore,11.2943,78.1394,City Road,Overcast,Night,50,Male,Car,44,No,Yes,No,Drowsy Driving,Medium,3.0
ACC37939,14-01-2024,22:50,Kerala,Thrissur,11.0579,76.4752,City Road,Cloudy,Night,37,Female,Bike,59,No,No,No,Poor Weather Visibility,High,1.0
ACC37940,10-04-2024,19:29,Tamil Nadu,Salem,10.2009,79.2357,Village Road,Clear,Night,27,Male,Truck,40,No,No,No,Signal Jumping,Low,0.0
ACC37941,12-11-2023,18:57,Telangana,Khammam,17.98,78.9415,Village Road,Clear,Dusk,41,Female,Bike,65,Yes,No,Yes,Drunk Driving,Medium,3.0
ACC37942,06-09-2023,09:49,Andhra Pradesh,Nellore,15.3658,80.1375,City Road,Rainy,Day,27,Female,Bike,63,No,No,No,Poor Weather Visibility,Medium,5.0
ACC37943,06-07-2023,19:02,Karnataka,Mangaluru,14.9255,75.3069,City Road,Clear,Night,54,Male,Car,29,No,No,No,Poor Weather Visibility,Low,2.0
ACC37944,25-02-2023,21:56,Karnataka,Hubballi,15.2948,76.1282,State Highway,Cloudy,Night,43,Female,Bike,54,No,No,No,Poor Weather Visibility,Medium,
ACC37945,04-05-2023,06:19,Telangana,Hyderabad,18.609,78.9791,State Highway,Clear,Day,23,Male,Bike,41,No,No,No,Poor Weather Visibility,Low,1.0
ACC37946,10-06-2022,17:01,Karnataka,Hubballi,15.0913,75.8195,City Road,Clear,Dusk,36,Female,Car,55,No,No,Yes,Pothole/Bad Road,Low,
ACC37947,16-03-2022,18:09,Kerala,Thiruvananthapuram,9.7967,75.4789,City Road,Clear,Dusk,26,Male,Truck,69,Yes,No,No,Drunk Driving,Medium,
ACC37948,10-03-2022,19:50,Telangana,Karimnagar,17.6218,79.0318,State Highway,Clear,Night,53,Male,Bike,78,No,Yes,Yes,Signal Jumping,High,6.0
ACC37949,11-11-2023,20:11,Karnataka,Mysuru,15.3014,76.0614,City Road,Overcast,Night,35,Female,Bike,48,Yes,Yes,No,Drunk Driving,Medium,4.0
ACC37950,25-09-2022,06:59,Tamil Nadu,Salem,11.3769,78.7602,Village Road,Clear,Day,51,Male,Bike,22,No,No,No,Signal Jumping,Low,2.0
ACC37951,08-06-2024,17:54,Andhra Pradesh,Nellore,15.65,79.4823,National Highway,Clear,Dusk,53,Female,Car,61,No,Yes,No,Drowsy Driving,Low,0.0
ACC37952,19-03-2023,17:27,Puducherry,Puducherry,11.6813,79.7773,City Road,Clear,Dusk,31,Female,Truck,42,No,No,No,Poor Weather Visibility,Low,0.0