Accident_ID,Date,Time,State,District,Latitude,Longitude,Road_Type,Weather,Light_Condition,Driver_Age,Driver_Gender,Vehicle_Type,Speed_kmph,Alcohol_Involved,Driver_Drowsy,Pothole_Involved,Cause_of_Accident,Severity,Casualties
ACC37953,11-04-2023,17:40,Karnataka,Bengaluru Urban,15.3032,75.9587,City Road,Rainy,Dusk,52,Female,Bike,40,No,No,No,Poor Weather Visibility,Low,2.0
ACC37954,16-04-2023,17:40,Telangana,Nizamabad,17.5903,78.6949,State Highway,Clear,Dusk,30,Female,Bus,54,No,No,No,Signal Jumping,Low,0.0
ACC37955,23-10-2022,01:03,Karnataka,Mangaluru,15.4985,75.1799,Village Road,Foggy,Night,42,Male,Car,50,Yes,No,Yes,Poor Weather Visibility,Medium,
ACC37956,08-08-2022,08:05,Andhra Pradesh,Vijayawada,15.809,80.4051,National Highway,Rainy,Day,41,Male,Car,60,No,No,No,Poor Weather Visibility,Low,3.0
ACC37957,05-09-2022,17:51,Karnataka,Bengaluru Urban,15.4733,75.2657,Expressway,Clear,Dusk,21,Male,Auto,95,Yes,No,No,Over Speeding,High,9.0
ACC37958,01-03-2024,20:19,Tamil Nadu,Coimbatore,11.0223,77.836,Expressway,Rainy,Night,35,Female,Auto,75,Yes,Yes,No,Poor Weather Visibility,High,5.0
ACC37959,21-01-2022,14:27,Telangana,Warangal,18.5411,78.8521,State Highway,Rainy,Day,51,Female,Bus,63,No,No,No,Poor Weather Visibility,Low,0.0
ACC37960,10-07-2024,20:03,Karnataka,Bengaluru Urban,15.9189,75.4939,State Highway,Clear,Night,28,Female,Car,57,No,No,No,Signal Jumping,Low,2.0
ACC37961,15-08-2023,21:30,Karnataka,Hubballi,15.3091,75.3151,State Highway,Clear,Night,32,Male,Bike,57,No,Yes,No,Drowsy Driving,Low,2.0
ACC37962,07-01-2024,23:12,Telangana,Khammam,17.3384,79.171,National Highway,Foggy,Night,53,Male,Auto,89,Yes,Yes,No,Poor Weather Visibility,High,8.0
ACC37963,25-01-2024,18:28,Karnataka,Mangaluru,15.3903,75.6723,National Highway,Clear,Dusk,26,Male,Bus,54,No,Yes,Yes,Drowsy Driving,Low,1.0
ACC37964,24-06-2023,13:59,Kerala,Thiruvananthapuram,9.6196,76.7389,City Road,Cloudy,Day,36,Male,Truck,38,No,No,No,Poor Weather Visibility,Low,0.0
ACC37965,02-08-2023,07:17,Karnataka,Bengaluru Urban,15.5974,75.4182,National Highway,Clear,Day,43,Male,Bus,72,No,No,No,Over Speeding,Medium,1.0
ACC37966,06-07-2024,09:04,Kerala,Kozhikode,9.9776,76.0965,City Road,Rainy,Day,28,Male,Bike,63,Yes,No,No,Poor Weather Visibility,Medium,3.0
ACC37967,19-07-2023,19:32,Telangana,Nizamabad,17.3262,78.4442,State Highway,Rainy,Night,21,Male,Bike,45,No,No,No,Poor Weather Visibility,Medium,2.0
ACC37968,28-06-2023,07:51,Andhra Pradesh,Vijayawada,16.4191,79.8139,State Highway,Clear,Day,43,Male,Bike,65,No,No,No,Over Speeding,Medium,3.0
ACC37969,01-09-2024,09:47,Kerala,Ernakulam,10.247,76.6352,City Road,Overcast,Day,63,Male,Car,52,No,No,No,Signal Jumping,Low,1.0
ACC37970,02-03-2024,13:11,Karnataka,Belagavi,15.6044,76.2423,City Road,Clear,Day,31,Male,Bike,35,No,No,No,Signal Jumping,Low,1.0
ACC37971,29-06-2022,06:31,Tamil Nadu,Coimbatore,10.8216,78.9018,State Highway,Cloudy,Day,28,Male,Auto,48,No,No,No,Poor Weather Visibility,Low,1.0
ACC37972,25-02-2023,13:38,Telangana,Hyderabad,17.9861,78.8955,Village Road,Rainy,Day,47,Male,Truck,64,No,No,No,Poor Weather Visibility,High,4.0
ACC37973,29-08-2024,21:16,Tamil Nadu,Tiruchirappalli,10.8549,79.4637,Village Road,Cloudy,Night,35,Male,Bike,53,Yes,No,No,Drunk Driving,High,3.0
ACC37974,29-04-2024,17:35,Tamil Nadu,Salem,10.3295,78.6455,National Highway,Clear,Dusk,25,Male,Bike,70,Yes,No,No,Drunk Driving,High,4.0
ACC37975,13-08-2024,11:46,Tamil Nadu,Tiruchirappalli,10.6825,78.8761,National Highway,Cloudy,Day,46,Male,Truck,67,No,No,No,Poor Weather Visibility,Medium,2.0
ACC37976,22-06-2024,20:45,Telangana,Karimnagar,17.7623,79.1245,Village Road,Clear,Night,35,Female,Car,25,No,No,No,Signal Jumping,Low,2.0
ACC37977,17-02-2022,19:05,Tamil Nadu,Tiruchirappalli,12.0552,78.9712,Village Road,Clear,Night,19,Male,Car,37,No,No,No,Poor Weather Visibility,Low,1.0
ACC37978,26-04-2024,20:15,Karnataka,Mysuru,15.606,76.0832,Village Road,Clear,Night,30,Male,Bus,59,No,Yes,Yes,Drowsy Driving,Medium,5.0
ACC37979,21-09-2023,15:47,Andhra Pradesh,Guntur,15.7421,79.2836,City Road,Clear,Day,44,Male,Bike,48,No,No,No,Signal Jumping,Low,2.0
ACC37980,18-05-2022,23:17,Kerala,Kollam,10.1241,75.9669,National Highway,Clear,Night,40,Male,Car,74,No,No,No,Over Speeding,Medium,5.0
ACC37981,11-11-2023,06:47,Tamil Nadu,Tiruchirappalli,10.9485,78.5932,City Road,Clear,Day,32,Male,Bike,46,No,No,No,Signal Jumping,Low,1.0
ACC37982,02-05-2023,04:41,Andhra Pradesh,Vijayawada,16.4197,80.1966,National Highway,Rainy,Night,18,Male,Bike,94,Yes,No,No,Over Speeding,High,6.0
ACC37983,16-05-2023,17:31,Kerala,Kozhikode,9.9846,75.8417,Village Road,Clear,Dusk,44,Female,Bus,48,No,No,No,Signal Jumping,Low,1.0
ACC37984,09-04-2024,19:30,Tamil Nadu,Coimbatore,11.1608,78.556,Village Road,Rainy,Night,44,Male,Bike,61,Yes,No,Yes,Poor Weather Visibility,High,4.0
ACC37985,02-04-2023,11:54,Karnataka,Hubballi,14.8882,76.566,Expressway,Cloudy,Day,44,Female,Bike,78,No,No,No,Over Speeding,Medium,4.0
ACC37986,04-02-2024,22:13,Kerala,Ernakulam,10.3379,75.8306,Village Road,Clear,Night,49,Male,Bus,43,No,No,No,Signal Jumping,Low,1.0
ACC37987,20-01-2023,19:12,Tamil Nadu,Salem,11.3231,78.4578,National Highway,Rainy,Night,53,Male,Truck,92,Yes,Yes,No,Over Speeding,High,7.0
ACC37988,12-09-2022,15:04,Kerala,Kozhikode,10.4658,76.4198,National Highway,Clear,Day,34,Male,Car,83,No,Yes,No,Over Speeding,High,11.0
ACC37989,09-11-2022,19:21,Telangana,Nizamabad,18.2447,79.415,National Highway,Clear,Night,20,Male,Car,82,No,No,No,Over Speeding,Medium,5.0
ACC37990,11-08-2023,00:59,Kerala,Kozhikode,10.1967,75.5115,National Highway,Cloudy,Night,25,Female,Bike,88,Yes,No,Yes,Over Speeding,High,6.0
ACC37991,08-06-2023,09:32,Telangana,Warangal,18.4003,78.9726,National Highway,Clear,Day,18,Female,Bike,66,No,No,No,Over Speeding,Medium,2.0
ACC37992,20-07-2022,20:06,Tamil Nadu,Chennai,11.2283,78.3959,Village Road,Overcast,Night,51,Male,Bike,64,No,No,Yes,Pothole/Bad Road,Medium,5.0
ACC37993,06-01-2024,08:50,Tamil Nadu,Tiruchirappalli,11.5331,78.5883,City Road,Clear,Day,41,Male,Bike,29,No,No,No,Signal Jumping,Low,1.0
ACC37994,02-10-2022,01:50,Telangana,Hyderabad,18.0854,78.9261,National Highway,Cloudy,Night,48,Male,Car,71,No,Yes,No,Drowsy Driving,High,4.0
ACC37995,22-10-2022,09:12,Tamil Nadu,Madurai,11.1556,78.7135,Village Road,Clear,Day,36,Male,Bike,31,No,No,Yes,Pothole/Bad Road,Low,2.0
ACC37996,18-07-2023,07:27,Kerala,Ernakulam,10.7852,76.2795,National Highway,Rainy,Day,20,Male,Bike,69,No,No,No,Poor Weather Visibility,High,7.0
ACC37997,28-03-2022,18:01,Andhra Pradesh,Visakhapatnam,14.7363,80.4039,National Highway,Cloudy,Dusk,42,Female,Car,64,No,No,No,Poor Weather Visibility,Low,1.0
ACC37998,26-08-2022,13:35,Kerala,Kozhikode,9.4524,75.9542,Expressway,Clear,Day,42,Male,Car,94,No,No,No,Over Speeding,High,2.0
ACC37999,28-02-2024,08:22,Andhra Pradesh,Kurnool,15.6337,79.7618,National Highway,Clear,Day,37,Male,Bus,64,No,Yes,No,Drowsy Driving,Medium,2.0
ACC38000,09-12-2022,17:00,Kerala,Thiruvananthapuram,9.7507,76.3777,State Highway,Cloudy,Dusk,54,Female,Bike,47,No,No,No,Poor Weather Visibility,Low,1.0
ACC38001,12-10-2022,07:13,Tamil Nadu,Coimbatore,11.3671,78.2862,National Highway,Rainy,Day,35,Male,Car,82,No,No,No,Poor Weather Visibility,High,7.0
ACC38002,11-10-2022,21:29,Tamil Nadu,Madurai,10.6118,78.2347,National Highway,Cloudy,Night,30,Female,Bike,61,No,No,No,Poor Weather Visibility,Medium,2.0
ACC38003,24-02-2023,12:06,Tamil Nadu,Tiruchirappalli,11.0238,78.4767,City Road,Foggy,Day,18,Male,Car,38,No,No,No,Poor Weather Visibility,Low,2.0
ACC38004,20-11-2023,11:07,Tamil Nadu,Coimbatore,10.7149,78.4747,Village Road,Overcast,Day,26,Male,Bike,38,No,No,No,Poor Weather Visibility,Low,1.0
ACC38005,15-04-2024,13:34,Tamil Nadu,Chennai,11.736,78.5721,Expressway,Cloudy,Day,32,Male,Car,72,No,No,No,Poor Weather Visibility,Medium,
ACC38006,31-05-2022,09:04,Tamil Nadu,Madurai,11.2819,78.6284,Village Road,Rainy,Day,25,Female,Bike,64,Yes,No,No,Poor Weather Visibility,High,6.0
ACC38007,26-12-2023,11:48,Kerala,Kozhikode,10.1027,76.7953,Expressway,Clear,Day,40,Male,Car,82,No,No,No,Over Speeding,Medium,
ACC38008,19-05-2023,07:23,Telangana,Hyderabad,18.4027,79.0753,City Road,Rainy,Day,23,Male,Auto,54,No,No,No,Poor Weather Visibility,Medium,3.0
ACC38009,30-12-2023,09:03,Tamil Nadu,Madurai,11.0719,78.4664,State Highway,Overcast,Day,46,Male,Auto,56,No,No,Yes,Pothole/Bad Road,Low,0.0
ACC38010,09-10-2022,11:49,Andhra Pradesh,Vijayawada,15.8472,79.7317,Village Road,Clear,Day,60,Female,Car,31,No,No,No,Signal Jumping,Low,0.0
ACC38011,19-04-2023,20:07,Kerala,Thiruvananthapuram,10.4659,76.4679,Village Road,Clear,Night,27,Male,Car,42,No,No,No,Signal Jumping,Low,1.0
ACC38012,04-07-2023,19:59,Kerala,Thrissur,10.6559,76.3093,National Highway,Clear,Night,37,Male,Car,69,No,Yes,No,Drowsy Driving,Medium,3.0
ACC38013,30-03-2022,22:49,Andhra Pradesh,Kurnool,15.6038,79.563,National Highway,Rainy,Night,41,Male,Car,83,No,No,No,Poor Weather Visibility,High,6.0
ACC38014,13-01-2022,17:17,Tamil Nadu,Chennai,10.8874,78.0714,National Highway,Rainy,Dusk,41,Male,Bike,49,No,No,No,Poor Weather Visibility,Low,4.0
ACC38015,15-02-2024,03:50,Andhra Pradesh,Kurnool,15.5357,78.4526,Village Road,Foggy,Night,19,Male,Auto,38,No,No,No,Poor Weather Visibility,Low,0.0
ACC38016,08-12-2022,18:24,Tamil Nadu,Salem,10.4805,79.0544,National Highway,Cloudy,Dusk,54,Male,Auto,84,No,No,No,Over Speeding,High,
ACC38017,17-03-2024,16:17,Telangana,Warangal,18.4032,79.4782,Village Road,Rainy,Day,42,Male,Car,49,No,No,Yes,Poor Weather Visibility,Medium,2.0
ACC38018,24-08-2022,20:30,Telangana,Warangal,17.8838,79.4363,State Highway,Clear,Night,47,Male,Bike,60,No,No,Yes,Pothole/Bad Road,Medium,8.0
ACC38019,05-06-2024,09:22,Karnataka,Mysuru,15.6878,75.7838,Expressway,Cloudy,Day,31,Male,Auto,77,No,No,No,Signal Jumping,High,6.0
ACC38020,12-05-2022,21:17,Karnataka,Hubballi,15.189,76.0466,National Highway,Rainy,Night,45,Female,Auto,77,Yes,No,Yes,Poor Weather Visibility,High,7.0
ACC38021,11-05-2023,16:10,Telangana,Khammam,18.0659,78.6251,Expressway,Overcast,Day,32,Female,Bike,78,No,No,No,Over Speeding,High,
ACC38022,11-04-2023,15:32,Tamil Nadu,Chennai,10.8698,78.394,State Highway,Clear,Day,32,Female,Truck,62,No,No,No,Signal Jumping,Low,1.0
ACC38023,24-02-2023,13:47,Andhra Pradesh,Kurnool,15.7501,79.7822,Village Road,Cloudy,Day,20,Female,Bike,54,No,No,No,Poor Weather Visibility,Medium,2.0
ACC38024,16-08-2023,19:44,Karnataka,Hubballi,15.088,75.7543,City Road,Clear,Night,18,Male,Auto,37,No,No,Yes,Pothole/Bad Road,Low,0.0
ACC38025,14-02-2024,20:49,Andhra Pradesh,Kurnool,16.3007,79.4532,Village Road,Clear,Night,62,Female,Auto,30,No,No,Yes,Pothole/Bad Road,Medium,3.0
ACC38026,03-06-2023,09:21,Tamil Nadu,Coimbatore,10.8911,78.717,State Highway,Rainy,Day,18,Male,Car,62,No,No,No,Poor Weather Visibility,Medium,7.0
ACC38027,23-02-2023,20:56,Telangana,Nizamabad,17.9237,78.8593,National Highway,Clear,Night,24,Male,Car,85,Yes,No,No,Drunk Driving,High,8.0
ACC38028,05-07-2023,20:44,Andhra Pradesh,Vijayawada,15.6509,79.8158,National Highway,Clear,Night,67,Male,Bike,65,No,No,No,Signal Jumping,Medium,3.0
ACC38029,25-08-2023,08:28,Telangana,Warangal,18.0053,78.1437,Village Road,Clear,Day,38,Female,Truck,50,No,No,No,Signal Jumping,Medium,3.0
ACC38030,21-09-2023,18:43,Telangana,Karimnagar,17.527,78.4944,City Road,Overcast,Dusk,18,Female,Auto,46,No,No,No,Signal Jumping,Low,1.0
ACC38031,19-08-2024,15:31,Karnataka,Bengaluru Urban,16.0736,76.2249,City Road,Rainy,Day,20,Male,Truck,48,No,No,No,Poor Weather Visibility,Low,3.0
ACC38032,13-10-2022,12:44,Tamil Nadu,Tiruchirappalli,10.6757,79.1193,Village Road,Rainy,Day,47,Male,Bike,15,No,No,No,Poor Weather Visibility,Low,1.0
ACC38033,01-05-2022,16:11,Andhra Pradesh,Vijayawada,16.0598,79.682,City Road,Clear,Day,56,Male,Car,35,No,No,No,Poor Weather Visibility,Low,
ACC38034,17-12-2024,23:45,Tamil Nadu,Coimbatore,11.2721,78.4097,City Road,Clear,Night,71,Male,Bus,68,No,Yes,No,Drowsy Driving,Medium,0.0
ACC38035,09-06-2022,23:13,Karnataka,Mangaluru,15.4674,75.0258,City Road,Rainy,Night,56,Male,Bike,39,No,Yes,No,Poor Weather Visibility,Medium,5.0
ACC38036,27-01-2024,16:24,Karnataka,Belagavi,15.9175,75.3436,City Road,Clear,Day,35,Male,Bike,53,No,No,No,Signal Jumping,Low,2.0
ACC38037,26-05-2022,17:53,Telangana,Warangal,17.8755,78.8647,State Highway,Cloudy,Dusk,48,Male,Car,56,No,No,Yes,Pothole/Bad Road,Low,1.0
ACC38038,12-11-2023,01:08,Tamil Nadu,Salem,10.6886,78.5709,Village Road,Cloudy,Night,39,Male,Bike,71,Yes,No,Yes,Drunk Driving,High,
ACC38039,18-06-2022,20:02,Kerala,Thrissur,10.1842,76.0947,City Road,Overcast,Night,49,Male,Bike,71,Yes,Yes,No,Drunk Driving,High,11.0
ACC38040,17-08-2022,09:08,Karnataka,Hubballi,15.3852,76.078,City Road,Cloudy,Day,34,Male,Car,34,Yes,No,Yes,Drunk Driving,Low,1.0
ACC38041,14-08-2022,13:49,Kerala,Kozhikode,10.6585,75.8883,State Highway,Cloudy,Day,48,Male,Bus,37,No,No,No,Poor Weather Visibility,Low,0.0
ACC38042,10-09-2023,14:38,Tamil Nadu,Madurai,10.7821,77.8341,Expressway,Clear,Day,18,Male,Bike,71,No,No,No,Signal Jumping,Medium,3.0
ACC38043,09-05-2023,08:21,Telangana,Karimnagar,17.8894,79.115,City Road,Rainy,Day,30,Male,Bus,42,No,No,Yes,Poor Weather Visibility,Low,1.0
ACC38044,05-11-2022,07:51,Karnataka,Mangaluru,15.3794,75.8968,National Highway,Cloudy,Day,25,Male,Truck,87,No,No,No,Over Speeding,High,3.0
ACC38045,13-04-2023,12:13,Tamil Nadu,Madurai,10.9546,78.9806,Village Road,Rainy,Day,40,Female,Auto,38,No,No,Yes,Poor Weather Visibility,Medium,2.0
ACC38046,17-08-2023,14:10,Tamil Nadu,Madurai,11.4043,78.6843,National Highway,Rainy,Day,39,Male,Car,75,No,No,No,Poor Weather Visibility,Medium,4.0
ACC38047,18-06-2023,00:01,Andhra Pradesh,Kurnool,16.0976,79.7803,Village Road,Clear,Night,28,Male,Truck,47,No,No,Yes,Pothole/Bad Road,Low,0.0
ACC38048,13-05-2024,13:01,Telangana,Khammam,17.7631,78.4076,Village Road,Rainy,Day,38,Male,Bike,55,No,No,No,Signal Jumping,Medium,4.0
ACC38049,11-10-2024,07:16,Tamil Nadu,Madurai,11.2525,78.9172,City Road,Cloudy,Day,38,Female,Bike,48,No,No,Yes,Pothole/Bad Road,Medium,4.0
ACC38050,31-01-2022,14:36,Karnataka,Belagavi,15.4155,75.1123,City Road,Cloudy,Day,33,Female,Car,43,No,No,No,Poor Weather Visibility,Low,0.0
ACC38051,07-03-2023,18:39,Telangana,Karimnagar,18.3158,80.0658,City Road,Cloudy,Dusk,18,Male,Car,43,No,No,No,Poor Weather Visibility,Low,1.0
ACC38052,31-03-2023,13:29,Karnataka,Mangaluru,15.2932,75.9512,City Road,Rainy,Day,39,Male,Truck,44,No,Yes,No,Poor Weather Visibility,Low,1.0
ACC38053,30-05-2022,15:58,Kerala,Ernakulam,10.2622,76.4445,City Road,Cloudy,Day,50,Male,Bus,74,Yes,No,No,Drunk Driving,High,5.0
ACC38054,04-05-2022,12:02,Karnataka,Belagavi,15.271,75.4787,National Highway,Clear,Day,62,Male,Bike,70,No,No,No,Over Speeding,Medium,2.0
ACC38055,15-05-2024,20:54,Telangana,Khammam,18.4042,79.3689,Expressway,Cloudy,Night,51,Female,Auto,96,Yes,Yes,No,Over Speeding,High,3.0
ACC38056,01-02-2024,21:53,Telangana,Nizamabad,18.3806,79.1998,Village Road,Clear,Night,18,Male,Car,58,Yes,Yes,No,Drunk Driving,Medium,2.0
ACC38057,13-05-2023,06:34,Tamil Nadu,Madurai,10.5425,78.8383,State Highway,Cloudy,Day,28,Female,Bike,51,No,No,No,Poor Weather Visibility,Low,1.0
ACC38058,16-04-2023,17:06,Kerala,Kollam,9.7328,76.3402,Expressway,Overcast,Dusk,45,Male,Bike,101,No,Yes,Yes,Over Speeding,High,6.0
ACC38059,31-03-2023,16:41,Telangana,Karimnagar,17.7345,79.1391,National Highway,Clear,Day,38,Female,Bike,86,No,No,No,Over Speeding,Medium,4.0
ACC38060,18-12-2023,22:11,Kerala,Thiruvananthapuram,10.8186,76.4874,Village Road,Cloudy,Night,18,Male,Bus,62,No,Yes,Yes,Drowsy Driving,High,
ACC38061,09-03-2022,14:19,Telangana,Karimnagar,18.1203,79.2614,Village Road,Rainy,Day,39,Male,Bike,34,No,No,Yes,Poor Weather Visibility,Low,0.0
ACC38062,04-10-2024,09:22,Telangana,Warangal,17.4271,78.4027,State Highway,Rainy,Day,33,Male,Bike,67,No,No,Yes,Poor Weather Visibility,Medium,0.0
ACC38063,30-06-2022,07:15,Tamil Nadu,Chennai,11.229,79.4329,State Highway,Foggy,Day,28,Male,Bike,60,No,No,No,Poor Weather Visibility,Medium,2.0
ACC38064,08-06-2024,20:25,Kerala,Thrissur,10.7386,76.3327,State Highway,Clear,Night,34,Male,Auto,79,No,Yes,No,Drowsy Driving,High,6.0
ACC38065,11-04-2024,18:01,Andhra Pradesh,Visakhapatnam,16.5109,79.8858,Expressway,Clear,Dusk,18,Male,Bike,70,No,No,No,Over Speeding,High,6.0
ACC38066,15-09-2022,18:23,Tamil Nadu,Chennai,11.2161,78.992,Village Road,Clear,Dusk,37,Male,Bike,79,Yes,No,No,Drunk Driving,High,4.0
ACC38067,04-03-2023,09:18,Tamil Nadu,Chennai,11.2621,78.5768,Village Road,Clear,Day,49,Male,Bike,35,No,No,Yes,Pothole/Bad Road,Low,0.0
ACC38068,08-03-2022,09:09,Telangana,Karimnagar,17.6605,78.8099,City Road,Clear,Day,18,Male,Bike,39,No,No,No,Signal Jumping,Low,0.0
ACC38069,20-04-2022,08:35,Karnataka,Hubballi,14.5408,75.5003,National Highway,Rainy,Day,27,Female,Truck,60,No,No,No,Poor Weather Visibility,Low,1.0
ACC38070,21-05-2023,21:01,Karnataka,Bengaluru Urban,15.0362,75.4698,Expressway,Clear,Night,33,Male,Car,76,No,Yes,No,Drowsy Driving,Medium,2.0
ACC38071,04-01-2023,19:41,Telangana,Karimnagar,17.4254,79.1151,State Highway,Clear,Night,33,Male,Auto,65,Yes,No,No,Drunk Driving,Medium,5.0
ACC38072,15-05-2024,08:41,Andhra Pradesh,Visakhapatnam,16.085,80.1038,State Highway,Clear,Day,62,Female,Auto,45,No,Yes,No,Drowsy Driving,Low,1.0
ACC38073,20-06-2022,17:30,Telangana,Nizamabad,17.3009,79.5045,State Highway,Clear,Dusk,19,Female,Bike,43,No,No,No,Signal Jumping,Low,2.0
ACC38074,16-11-2024,13:01,Andhra Pradesh,Guntur,16.5964,79.2026,City Road,Overcast,Day,56,Male,Bike,32,No,No,Yes,Pothole/Bad Road,Low,2.0
ACC38075,05-11-2022,12:39,Karnataka,Mysuru,15.1335,75.6192,Expressway,Clear,Day,52,Female,Auto,87,No,No,Yes,Over Speeding,High,4.0
ACC38076,31-07-2024,07:57,Andhra Pradesh,Guntur,16.2693,79.9753,State Highway,Clear,Day,56,Female,Bike,41,No,No,No,Poor Weather Visibility,Low,1.0
ACC38077,07-10-2022,11:46,Karnataka,Belagavi,15.9063,75.4217,Expressway,Clear,Day,45,Male,Car,103,No,No,No,Over Speeding,Medium,0.0
ACC38078,13-07-2023,17:30,Karnataka,Belagavi,15.5304,76.2111,State Highway,Rainy,Dusk,18,Male,Bike,85,No,No,No,Poor Weather Visibility,High,8.0
ACC38079,25-10-2023,03:07,Tamil Nadu,Salem,10.7788,78.3726,Village Road,Rainy,Night,45,Male,Auto,20,No,No,No,Poor Weather Visibility,Low,
ACC38080,08-03-2023,13:20,Tamil Nadu,Chennai,11.5137,78.8016,City Road,Cloudy,Day,51,Male,Bike,45,No,No,No,Poor Weather Visibility,Low,1.0
ACC38081,15-01-2024,17:56,Kerala,Thrissur,10.1579,76.0473,Village Road,Overcast,Dusk,36,Male,Auto,37,No,No,Yes,Signal Jumping,Low,0.0
ACC38082,07-01-2022,07:37,Andhra Pradesh,Kurnool,14.8185,79.9556,City Road,Clear,Day,37,Female,Car,60,No,Yes,Yes,Drowsy Driving,Medium,3.0
ACC38083,21-10-2023,11:07,Telangana,Nizamabad,18.2326,79.6705,Expressway,Rainy,Day,36,Male,Car,76,No,No,No,Poor Weather Visibility,High,3.0
ACC38084,19-08-2022,11:14,Karnataka,Mangaluru,14.9058,75.5463,City Road,Clear,Day,37,Male,Auto,38,No,No,No,Signal Jumping,Low,1.0
ACC38085,26-03-2022,19:58,Andhra Pradesh,Nellore,16.1087,79.3217,City Road,Rainy,Night,35,Female,Bike,59,Yes,No,Yes,Poor Weather Visibility,High,6.0
ACC38086,16-05-2022,23:10,Tamil Nadu,Tiruchirappalli,11.513,78.5745,Expressway,Clear,Night,38,Male,Bike,92,Yes,No,No,Over Speeding,High,
ACC38087,27-10-2022,18:15,Telangana,Hyderabad,17.4999,79.2533,Village Road,Clear,Dusk,31,Male,Bike,26,No,No,Yes,Pothole/Bad Road,Low,2.0
ACC38088,19-09-2022,12:03,Puducherry,Karaikal,11.748,79.2482,National Highway,Clear,Day,54,Female,Truck,67,No,Yes,No,Drowsy Driving,Medium,3.0
ACC38089,10-09-2024,04:46,Karnataka,Mysuru,15.5062,75.772,City Road,Foggy,Night,57,Female,Bike,58,No,No,No,Poor Weather Visibility,Medium,1.0
ACC38090,23-07-2022,17:20,Tamil Nadu,Salem,10.8094,78.2717,City Road,Cloudy,Dusk,41,Male,Bike,30,No,No,Yes,Pothole/Bad Road,Low,1.0
ACC38091,20-05-2022,12:02,Karnataka,Hubballi,14.8199,74.9737,City Road,Rainy,Day,41,Female,Car,34,No,No,Yes,Poor Weather Visibility,Low,1.0
ACC38092,12-07-2022,17:30,Andhra Pradesh,Kurnool,16.0542,78.7419,State Highway,Clear,Dusk,24,Female,Bike,69,No,No,No,Over Speeding,Medium,3.0
ACC38093,01-10-2024,21:24,Tamil Nadu,Salem,11.1398,78.7611,State Highway,Cloudy,Night,69,Female,Bike,61,No,No,No,Poor Weather Visibility,Medium,2.0
ACC38094,05-10-2023,09:32,Tamil Nadu,Salem,10.7606,78.2458,Village Road,Clear,Day,32,Male,Auto,58,Yes,No,No,Drunk Driving,Medium,2.0
ACC38095,18-08-2022,10:22,Telangana,Hyderabad,17.8577,79.2151,National Highway,Clear,Day,41,Male,Bike,66,No,No,No,Over Speeding,Medium,
ACC38096,23-03-2023,13:52,Karnataka,Hubballi,15.6151,75.5104,City Road,Rainy,Day,48,Male,Bike,52,No,No,No,Poor Weather Visibility,Low,0.0
ACC38097,16-09-2024,17:08,Kerala,Kozhikode,9.9179,76.2656,City Road,Clear,Dusk,37,Male,Car,50,No,No,No,Signal Jumping,Low,0.0
ACC38098,21-09-2023,05:57,Tamil Nadu,Madurai,11.3788,78.8764,Expressway,Clear,Dawn,24,Female,Bike,79,No,No,No,Over Speeding,Medium,2.0
ACC38099,20-06-2022,09:50,Kerala,Thiruvananthapuram,10.1811,75.5978,City Road,Cloudy,Day,29,Male,Truck,29,No,No,No,Poor Weather Visibility,Low,0.0
ACC38100,20-07-2022,13:34,Kerala,Ernakulam,9.9359,76.6664,Expressway,Cloudy,Day,67,Female,Car,102,No,No,No,Over Speeding,High,3.0
ACC38101,20-09-2024,07:47,Andhra Pradesh,Kurnool,15.3935,79.7791,Village Road,Clear,Day,30,Male,Auto,40,No,Yes,Yes,Drowsy Driving,Medium,3.0
ACC38102,29-01-2023,19:13,Karnataka,Mysuru,15.5116,75.4369,City Road,Clear,Night,39,Male,Auto,43,No,No,No,Signal Jumping,Low,2.0
ACC38103,12-05-2024,14:24,Kerala,Kollam,10.8854,76.7286,City Road,Clear,Day,33,Female,Bike,32,No,No,Yes,Pothole/Bad Road,Low,1.0
ACC38104,28-06-2023,08:10,Telangana,Hyderabad,18.2674,78.686,City Road,Clear,Day,75,Male,Bike,44,No,No,No,Poor Weather Visibility,Low,2.0
ACC38105,16-07-2022,19:15,Telangana,Warangal,17.6605,78.3118,Village Road,Rainy,Night,42,Male,Auto,51,No,No,Yes,Poor Weather Visibility,Low,0.0
ACC38106,17-09-2024,11:56,Tamil Nadu,Tiruchirappalli,11.1709,78.2674,National Highway,Cloudy,Day,23,Male,Bus,80,No,No,No,Over Speeding,High,4.0
ACC38107,13-03-2023,05:12,Tamil Nadu,Madurai,10.8519,78.712,City Road,Clear,Dawn,42,Male,Car,61,No,No,No,Over Speeding,Low,0.0
ACC38108,01-05-2023,07:34,Andhra Pradesh,Guntur,15.7452,79.653,City Road,Rainy,Day,40,Male,Bike,46,No,No,No,Poor Weather Visibility,Low,0.0
ACC38109,01-02-2024,14:11,Kerala,Thiruvananthapuram,10.2478,76.4738,Village Road,Clear,Day,40,Male,Auto,41,No,No,Yes,Pothole/Bad Road,Low,1.0
ACC38110,12-02-2023,22:10,Tamil Nadu,Chennai,11.6538,78.5365,National Highway,Clear,Night,23,Male,Bus,62,No,No,No,Over Speeding,Medium,3.0