Accident_ID,Date,Time,State,District,Latitude,Longitude,Road_Type,Weather,Light_Condition,Driver_Age,Driver_Gender,Vehicle_Type,Speed_kmph,Alcohol_Involved,Driver_Drowsy,Pothole_Involved,Cause_of_Accident,Severity,Casualties
ACC38111,03-08-2024,17:39,Andhra Pradesh,Kurnool,15.6663,80.0111,State Highway,Cloudy,Dusk,42,Female,Bike,64,No,Yes,No,Drowsy Driving,Medium,1.0
ACC38112,07-01-2022,01:58,Andhra Pradesh,Guntur,16.3911,79.482,City Road,Cloudy,Night,34,Male,Truck,67,No,Yes,No,Drowsy Driving,Medium,2.0
ACC38113,12-02-2023,00:10,Kerala,Thiruvananthapuram,9.8561,75.8842,Village Road,Clear,Night,18,Male,Bike,39,No,No,No,Signal Jumping,Low,
ACC38114,17-09-2023,19:44,Tamil Nadu,Madurai,10.7,79.4828,Village Road,Cloudy,Night,44,Male,Bus,59,No,Yes,No,Drowsy Driving,Medium,1.0
ACC38115,28-08-2024,11:06,Kerala,Thiruvananthapuram,10.103,76.6589,City Road,Clear,Day,49,Male,Car,78,Yes,No,No,Drunk Driving,Medium,0.0
ACC38116,10-11-2023,12:14,Tamil Nadu,Madurai,10.7434,78.4495,City Road,Clear,Day,32,Female,Car,50,No,No,Yes,Pothole/Bad Road,Low,1.0
ACC38117,06-10-2022,03:49,Tamil Nadu,Salem,10.8372,79.2395,Village Road,Foggy,Night,34,Male,Bike,49,No,No,No,Poor Weather Visibility,Medium,3.0
ACC38118,13-10-2024,08:52,Andhra Pradesh,Vijayawada,15.8291,79.6408,National Highway,Clear,Day,18,Male,Car,74,No,No,No,Over Speeding,Low,0.0
ACC38119,09-04-2022,20:59,Andhra Pradesh,Kurnool,15.9391,79.8337,Expressway,Clear,Night,33,Male,Bus,69,No,No,No,Over Speeding,Medium,3.0
ACC38120,09-06-2022,17:17,Andhra Pradesh,Visakhapatnam,16.0196,79.3333,State Highway,Rainy,Dusk,52,Male,Bike,80,No,No,No,Poor Weather Visibility,Medium,1.0
ACC38121,05-06-2022,12:42,Tamil Nadu,Coimbatore,10.9366,78.2809,State Highway,Clear,Day,30,Male,Car,45,No,No,No,Poor Weather Visibility,Low,0.0
ACC38122,24-08-2023,07:33,Tamil Nadu,Madurai,11.5034,78.0249,Village Road,Overcast,Day,36,Male,Car,32,No,No,No,Poor Weather Visibility,Low,1.0
ACC38123,13-07-2023,14:57,Tamil Nadu,Salem,11.5745,79.2173,Expressway,Clear,Day,39,Male,Bus,90,No,No,No,Over Speeding,Medium,3.0
ACC38124,13-10-2024,17:04,Tamil Nadu,Coimbatore,11.1862,78.8753,Expressway,Clear,Dusk,39,Male,Bus,74,No,No,No,Over Speeding,Medium,3.0
ACC38125,26-03-2022,18:59,Andhra Pradesh,Nellore,16.0773,78.9382,State Highway,Clear,Dusk,42,Male,Bus,50,No,No,No,Signal Jumping,Low,1.0
ACC38126,01-11-2022,18:59,Tamil Nadu,Madurai,10.5823,78.9588,Expressway,Overcast,Dusk,21,Male,Car,106,Yes,No,No,Over Speeding,High,
ACC38127,05-02-2023,22:00,Tamil Nadu,Coimbatore,10.6688,78.7893,Expressway,Clear,Night,33,Male,Bike,75,No,No,No,Over Speeding,Medium,0.0
ACC38128,12-08-2024,19:02,Andhra Pradesh,Vijayawada,16.2682,79.6216,National Highway,Clear,Night,40,Male,Car,84,Yes,Yes,No,Drunk Driving,High,5.0
ACC38129,23-01-2022,05:46,Karnataka,Belagavi,14.6053,76.1879,City Road,Clear,Dawn,32,Male,Car,49,No,No,No,Signal Jumping,Low,0.0
ACC38130,02-04-2023,12:48,Telangana,Khammam,18.1472,79.3317,City Road,Clear,Day,31,Male,Bus,52,No,Yes,No,Drowsy Driving,Low,0.0
ACC38131,17-06-2023,08:49,Andhra Pradesh,Nellore,16.4145,79.9532,State Highway,Clear,Day,55,Female,Bike,80,No,No,No,Over Speeding,Medium,0.0
ACC38132,07-08-2024,12:31,Karnataka,Mangaluru,15.7833,75.6934,National Highway,Rainy,Day,18,Male,Auto,70,No,No,No,Poor Weather Visibility,Medium,2.0
ACC38133,17-01-2022,05:48,Andhra Pradesh,Kurnool,15.9263,79.6132,State Highway,Clear,Dawn,41,Male,Auto,76,No,No,No,Over Speeding,Medium,3.0
ACC38134,27-11-2023,15:11,Telangana,Hyderabad,17.2681,79.0941,City Road,Clear,Day,33,Male,Bike,52,No,No,Yes,Pothole/Bad Road,Low,1.0
ACC38135,08-06-2023,09:25,Tamil Nadu,Salem,11.3933,78.6013,Village Road,Cloudy,Day,37,Male,Car,37,No,No,No,Poor Weather Visibility,Low,0.0
ACC38136,19-10-2023,07:41,Kerala,Ernakulam,10.8188,76.4599,Expressway,Clear,Day,33,Male,Auto,79,No,No,Yes,Over Speeding,Medium,3.0
ACC38137,03-09-2024,21:50,Telangana,Hyderabad,17.5861,79.2254,State Highway,Overcast,Night,30,Female,Car,45,No,No,No,Signal Jumping,Low,1.0
ACC38138,04-09-2022,21:20,Telangana,Karimnagar,17.8026,78.2373,City Road,Clear,Night,66,Male,Car,57,No,No,No,Signal Jumping,Low,0.0
ACC38139,03-04-2023,12:04,Andhra Pradesh,Kurnool,15.8302,79.6316,State Highway,Clear,Day,36,Female,Bike,62,No,No,No,Signal Jumping,Medium,2.0
ACC38140,23-01-2022,12:04,Telangana,Nizamabad,18.3749,78.7763,Village Road,Overcast,Day,18,Male,Bike,45,No,No,No,Poor Weather Visibility,Low,0.0
ACC38141,15-12-2023,13:54,Kerala,Kozhikode,10.5937,76.7642,Expressway,Overcast,Day,25,Male,Bike,74,No,No,No,Over Speeding,Low,3.0
ACC38142,11-09-2023,17:45,Kerala,Thiruvananthapuram,9.9819,75.5277,Village Road,Clear,Dusk,29,Male,Auto,39,No,No,Yes,Pothole/Bad Road,Low,0.0
ACC38143,12-10-2022,18:15,Karnataka,Belagavi,14.4994,75.3068,Village Road,Clear,Dusk,37,Female,Car,15,No,No,No,Poor Weather Visibility,Low,1.0
ACC38144,13-11-2022,10:15,Telangana,Warangal,17.0552,79.422,Expressway,Cloudy,Day,64,Male,Bike,77,No,No,No,Over Speeding,Medium,2.0
ACC38145,28-11-2024,04:17,Telangana,Nizamabad,17.5082,78.737,City Road,Clear,Night,18,Male,Bike,60,No,No,No,Over Speeding,Low,2.0
ACC38146,04-10-2024,20:45,Kerala,Kozhikode,10.5125,75.3174,National Highway,Clear,Night,63,Male,Bike,75,No,Yes,No,Drowsy Driving,High,11.0
ACC38147,13-06-2022,05:35,Tamil Nadu,Chennai,10.286,78.5343,City Road,Cloudy,Dawn,44,Female,Bike,47,No,No,Yes,Pothole/Bad Road,Low,0.0
ACC38148,25-02-2022,11:14,Tamil Nadu,Tiruchirappalli,10.4965,78.7915,City Road,Cloudy,Day,30,Female,Car,39,No,No,No,Poor Weather Visibility,Low,1.0
ACC38149,27-08-2023,17:29,Andhra Pradesh,Nellore,16.0104,79.6591,City Road,Cloudy,Dusk,54,Male,Auto,37,No,No,No,Poor Weather Visibility,Low,1.0
ACC38150,15-03-2022,22:55,Kerala,Kollam,10.4181,75.5387,Village Road,Clear,Night,29,Male,Car,76,Yes,Yes,No,Drunk Driving,High,9.0
ACC38151,09-09-2023,05:42,Tamil Nadu,Tiruchirappalli,11.5528,78.922,State Highway,Clear,Dawn,43,Female,Bike,77,No,Yes,No,Drowsy Driving,Medium,0.0
ACC38152,12-04-2023,14:23,Telangana,Khammam,17.9737,78.019,State Highway,Clear,Day,37,Male,Car,53,No,No,Yes,Pothole/Bad Road,Low,2.0
ACC38153,19-08-2024,20:10,Tamil Nadu,Tiruchirappalli,10.9092,78.333,City Road,Overcast,Night,38,Male,Bike,64,Yes,Yes,Yes,Drunk Driving,High,10.0
ACC38154,24-04-2023,22:04,Telangana,Nizamabad,17.6191,79.4356,National Highway,Clear,Night,25,Male,Car,80,No,No,No,Over Speeding,Low,0.0
ACC38155,17-01-2023,18:12,Karnataka,Mysuru,14.8955,76.1213,City Road,Rainy,Dusk,23,Male,Bike,57,No,No,Yes,Poor Weather Visibility,Medium,0.0
ACC38156,10-10-2023,12:15,Tamil Nadu,Tiruchirappalli,10.6661,79.1583,State Highway,Cloudy,Day,18,Female,Auto,68,No,No,No,Poor Weather Visibility,Low,0.0
ACC38157,26-05-2024,12:29,Andhra Pradesh,Kurnool,15.1924,79.9352,City Road,Clear,Day,48,Female,Auto,28,No,No,No,Signal Jumping,Low,0.0
ACC38158,29-11-2022,08:43,Telangana,Khammam,18.4789,78.911,State Highway,Rainy,Day,53,Male,Auto,60,No,No,Yes,Poor Weather Visibility,Medium,3.0
ACC38159,23-02-2024,13:18,Karnataka,Hubballi,15.7737,75.4438,Expressway,Foggy,Day,27,Male,Car,70,No,No,No,Poor Weather Visibility,Medium,1.0
ACC38160,17-08-2022,09:25,Karnataka,Mysuru,15.9925,75.568,State Highway,Clear,Day,64,Male,Car,82,No,No,No,Over Speeding,Medium,3.0
ACC38161,14-01-2023,10:35,Karnataka,Mangaluru,15.3472,75.903,State Highway,Clear,Day,69,Female,Car,79,No,No,No,Over Speeding,Medium,2.0
ACC38162,13-06-2022,07:57,Telangana,Karimnagar,17.7146,79.1298,Village Road,Clear,Day,24,Female,Car,50,No,No,No,Signal Jumping,Low,1.0
ACC38163,30-08-2023,09:57,Tamil Nadu,Salem,11.1274,78.81,State Highway,Cloudy,Day,43,Male,Auto,62,No,No,No,Poor Weather Visibility,Low,1.0
ACC38164,13-02-2023,19:49,Tamil Nadu,Coimbatore,11.4939,79.0175,City Road,Rainy,Night,18,Male,Car,34,No,No,No,Poor Weather Visibility,Low,0.0
ACC38165,13-12-2024,20:02,Tamil Nadu,Salem,11.4166,77.9956,National Highway,Overcast,Night,50,Male,Bike,61,No,No,No,Poor Weather Visibility,Low,0.0
ACC38166,15-09-2023,20:07,Karnataka,Mysuru,15.0098,75.1683,Village Road,Foggy,Night,41,Female,Car,62,No,No,No,Poor Weather Visibility,Medium,3.0
ACC38167,11-01-2022,18:44,Karnataka,Mangaluru,15.4009,75.225,Expressway,Rainy,Dusk,26,Male,Car,90,No,No,No,Over Speeding,High,8.0
ACC38168,11-04-2022,06:03,Kerala,Thiruvananthapuram,11.0168,76.4708,National Highway,Rainy,Day,18,Female,Bus,65,No,No,Yes,Poor Weather Visibility,Medium,7.0
ACC38169,13-09-2024,20:58,Andhra Pradesh,Nellore,15.8366,78.9779,Expressway,Cloudy,Night,28,Male,Bike,73,No,No,No,Over Speeding,High,
ACC38170,27-11-2023,17:19,Andhra Pradesh,Guntur,15.7912,78.5963,National Highway,Rainy,Dusk,27,Female,Auto,94,Yes,No,Yes,Over Speeding,High,8.0
ACC38171,09-04-2022,00:45,Kerala,Kollam,10.5394,75.7687,State Highway,Clear,Night,50,Male,Auto,68,No,No,No,Over Speeding,Medium,4.0
ACC38172,13-06-2022,22:52,Kerala,Thrissur,10.447,76.8249,City Road,Cloudy,Night,40,Male,Bike,58,No,No,No,Poor Weather Visibility,Medium,2.0
ACC38173,21-06-2023,12:48,Andhra Pradesh,Guntur,16.1674,80.0308,National Highway,Rainy,Day,18,Male,Bike,67,No,No,No,Poor Weather Visibility,High,5.0
ACC38174,17-05-2023,23:21,Tamil Nadu,Madurai,11.9492,78.6147,National Highway,Foggy,Night,56,Female,Truck,61,No,No,No,Poor Weather Visibility,Medium,4.0
ACC38175,22-11-2024,12:17,Telangana,Nizamabad,17.4882,79.2861,City Road,Rainy,Day,30,Male,Bike,44,No,No,No,Poor Weather Visibility,Low,0.0
ACC38176,11-07-2024,09:51,Karnataka,Belagavi,15.1957,75.0914,Village Road,Clear,Day,36,Male,Bus,45,No,No,No,Signal Jumping,Low,1.0
ACC38177,24-01-2022,20:50,Kerala,Thrissur,10.3381,76.0142,City Road,Overcast,Night,33,Male,Truck,37,No,No,Yes,Pothole/Bad Road,Low,0.0
ACC38178,11-10-2024,22:56,Telangana,Nizamabad,17.8318,79.2225,Expressway,Clear,Night,39,Male,Bike,67,No,No,No,Signal Jumping,Medium,2.0
ACC38179,20-08-2023,19:22,Telangana,Warangal,18.14,79.6538,City Road,Rainy,Night,52,Male,Truck,38,No,No,No,Poor Weather Visibility,Low,1.0
ACC38180,02-08-2024,18:20,Karnataka,Hubballi,15.3635,75.7591,City Road,Foggy,Dusk,18,Male,Bus,40,No,Yes,No,Poor Weather Visibility,Medium,3.0
ACC38181,15-03-2023,14:57,Karnataka,Hubballi,15.6838,75.6035,City Road,Overcast,Day,57,Male,Car,45,No,No,No,Poor Weather Visibility,Low,2.0
ACC38182,24-11-2023,20:55,Andhra Pradesh,Kurnool,15.8988,79.1729,Village Road,Cloudy,Night,39,Male,Bike,43,No,Yes,No,Drowsy Driving,Low,3.0
ACC38183,06-06-2024,21:00,Telangana,Khammam,17.303,78.6858,Village Road,Overcast,Night,27,Male,Bus,43,No,No,No,Poor Weather Visibility,Low,1.0
ACC38184,10-06-2022,13:21,Kerala,Kollam,10.3635,76.391,National Highway,Overcast,Day,26,Female,Car,58,No,No,No,Poor Weather Visibility,Medium,2.0
ACC38185,19-08-2022,08:38,Kerala,Kollam,10.4475,76.3513,National Highway,Clear,Day,42,Male,Car,68,No,No,No,Over Speeding,Medium,4.0
ACC38186,23-09-2022,20:01,Telangana,Warangal,17.6997,79.4209,National Highway,Cloudy,Night,56,Female,Truck,71,No,No,No,Poor Weather Visibility,Medium,6.0
ACC38187,03-01-2023,12:24,Andhra Pradesh,Guntur,16.3478,79.3009,City Road,Rainy,Day,18,Male,Car,50,Yes,No,No,Poor Weather Visibility,Medium,2.0
ACC38188,20-07-2023,19:52,Telangana,Nizamabad,17.6748,78.3671,City Road,Cloudy,Night,57,Male,Bike,36,No,Yes,No,Drowsy Driving,Low,0.0
ACC38189,21-01-2022,19:10,Tamil Nadu,Madurai,11.4159,79.04,Village Road,Cloudy,Night,66,Female,Bike,41,No,Yes,No,Drowsy Driving,Medium,2.0
ACC38190,29-07-2023,06:03,Tamil Nadu,Salem,10.9352,78.5568,Village Road,Clear,Day,24,Male,Auto,34,No,No,No,Signal Jumping,Low,0.0
ACC38191,30-12-2023,15:59,Kerala,Kollam,10.2716,75.9989,Village Road,Rainy,Day,23,Male,Car,48,Yes,No,Yes,Poor Weather Visibility,Medium,
ACC38192,17-01-2023,19:55,Andhra Pradesh,Vijayawada,16.4633,80.1323,City Road,Cloudy,Night,37,Male,Bike,40,No,Yes,No,Drowsy Driving,Medium,0.0
ACC38193,10-05-2024,04:52,Karnataka,Bengaluru Urban,15.3331,75.4013,City Road,Foggy,Night,37,Female,Car,72,No,No,No,Poor Weather Visibility,High,5.0
ACC38194,12-09-2023,20:05,Kerala,Kozhikode,9.8236,76.206,City Road,Overcast,Night,18,Male,Car,56,No,Yes,No,Drowsy Driving,Low,0.0
ACC38195,19-05-2023,09:00,Tamil Nadu,Madurai,10.4802,78.2282,Expressway,Rainy,Day,33,Male,Bike,62,No,No,No,Poor Weather Visibility,Medium,2.0
ACC38196,03-11-2023,03:40,Telangana,Khammam,18.7874,78.9849,City Road,Clear,Night,42,Male,Auto,64,No,No,No,Signal Jumping,Medium,2.0
ACC38197,26-12-2024,10:34,Karnataka,Belagavi,16.1764,75.5284,Village Road,Foggy,Day,31,Male,Bike,35,No,No,No,Poor Weather Visibility,Low,1.0
ACC38198,16-07-2022,17:10,Kerala,Thiruvananthapuram,10.351,76.5041,City Road,Rainy,Dusk,19,Male,Car,44,No,No,No,Poor Weather Visibility,Low,0.0
ACC38199,28-04-2024,19:39,Andhra Pradesh,Kurnool,16.1686,79.308,National Highway,Overcast,Night,25,Female,Bus,50,No,No,No,Poor Weather Visibility,Low,2.0
ACC38200,19-09-2023,07:30,Kerala,Ernakulam,10.8036,76.6138,Village Road,Clear,Day,38,Male,Bus,52,No,Yes,No,Drowsy Driving,Medium,2.0
ACC38201,27-11-2023,09:27,Andhra Pradesh,Vijayawada,15.9617,80.3851,State Highway,Rainy,Day,18,Female,Car,59,No,No,No,Poor Weather Visibility,Low,0.0
ACC38202,14-06-2022,20:08,Tamil Nadu,Tiruchirappalli,11.7311,78.9361,National Highway,Cloudy,Night,30,Male,Auto,63,No,No,No,Poor Weather Visibility,Low,1.0
ACC38203,21-11-2024,23:41,Tamil Nadu,Madurai,11.48,78.7005,City Road,Cloudy,Night,57,Female,Bike,51,Yes,No,No,Drunk Driving,Medium,4.0
ACC38204,04-01-2024,21:04,Tamil Nadu,Salem,10.9528,78.6844,City Road,Foggy,Night,29,Male,Car,85,Yes,Yes,Yes,Poor Weather Visibility,High,6.0
ACC38205,05-06-2024,11:02,Puducherry,Karaikal,12.5892,79.8746,State Highway,Foggy,Day,39,Female,Car,63,No,No,No,Poor Weather Visibility,Medium,7.0
ACC38206,06-05-2022,01:12,Andhra Pradesh,Guntur,16.3495,79.9157,City Road,Clear,Night,49,Male,Auto,45,No,No,No,Signal Jumping,Medium,3.0
ACC38207,15-01-2023,07:32,Karnataka,Mysuru,15.4107,75.6314,National Highway,Rainy,Day,31,Male,Truck,86,No,Yes,No,Poor Weather Visibility,High,4.0
ACC38208,06-01-2022,23:59,Kerala,Ernakulam,10.5862,75.8792,City Road,Clear,Night,49,Male,Bike,58,No,No,No,Signal Jumping,Low,0.0
ACC38209,11-11-2024,08:05,Karnataka,Mangaluru,15.2939,75.5407,State Highway,Cloudy,Day,45,Female,Car,72,No,No,No,Poor Weather Visibility,Medium,2.0
ACC38210,11-06-2023,00:40,Karnataka,Hubballi,15.4283,75.3035,State Highway,Cloudy,Night,29,Male,Bike,57,No,No,No,Poor Weather Visibility,Low,1.0
ACC38211,11-10-2024,15:56,Tamil Nadu,Chennai,11.5587,78.4304,Expressway,Cloudy,Day,21,Female,Bus,80,No,No,No,Over Speeding,High,4.0
ACC38212,31-10-2023,10:14,Karnataka,Belagavi,14.4984,75.6381,State Highway,Cloudy,Day,22,Male,Truck,53,No,No,No,Poor Weather Visibility,Low,1.0
ACC38213,16-09-2024,17:52,Tamil Nadu,Chennai,11.2068,78.0142,City Road,Clear,Dusk,32,Male,Car,68,Yes,No,No,Drunk Driving,Medium,0.0
ACC38214,17-12-2023,17:41,Tamil Nadu,Madurai,11.3196,78.9305,National Highway,Overcast,Dusk,29,Male,Car,88,No,No,No,Over Speeding,High,8.0
ACC38215,29-10-2023,20:51,Telangana,Hyderabad,17.795,79.4536,Expressway,Overcast,Night,19,Female,Bike,106,Yes,No,No,Over Speeding,High,6.0
ACC38216,19-09-2023,13:58,Kerala,Kozhikode,10.0324,76.2254,Village Road,Cloudy,Day,46,Female,Car,40,No,No,No,Poor Weather Visibility,Low,2.0
ACC38217,16-09-2022,00:35,Tamil Nadu,Tiruchirappalli,11.3399,77.8368,National Highway,Cloudy,Night,19,Male,Bus,64,No,Yes,No,Drowsy Driving,Medium,3.0
ACC38218,27-05-2024,12:41,Tamil Nadu,Coimbatore,10.918,78.4768,State Highway,Cloudy,Day,43,Female,Bus,61,No,No,No,Signal Jumping,Low,1.0
ACC38219,04-09-2024,14:32,Telangana,Warangal,17.4262,78.7916,City Road,Clear,Day,21,Male,Car,63,No,No,No,Signal Jumping,Medium,1.0
ACC38220,24-06-2023,18:51,Karnataka,Belagavi,16.6608,75.8061,National Highway,Rainy,Dusk,18,Male,Truck,77,Yes,No,No,Poor Weather Visibility,High,3.0
ACC38221,25-01-2023,17:19,Karnataka,Mysuru,15.1305,75.7141,Village Road,Clear,Dusk,56,Female,Car,28,No,No,Yes,Pothole/Bad Road,Low,1.0
ACC38222,08-07-2023,00:21,Telangana,Warangal,17.3427,79.3552,City Road,Clear,Night,29,Male,Bike,59,No,No,No,Over Speeding,Low,2.0
ACC38223,06-05-2024,16:27,Kerala,Kozhikode,9.7569,76.1826,City Road,Cloudy,Day,46,Male,Bike,54,No,No,No,Poor Weather Visibility,Low,0.0
ACC38224,23-08-2023,17:19,Telangana,Hyderabad,18.2753,79.5995,State Highway,Cloudy,Dusk,42,Male,Bike,81,No,No,No,Over Speeding,Medium,0.0
ACC38225,22-11-2024,04:02,Telangana,Hyderabad,17.5944,78.8687,City Road,Clear,Night,18,Female,Bike,65,Yes,No,No,Drunk Driving,Medium,2.0
ACC38226,02-05-2022,21:50,Kerala,Thrissur,10.1734,76.1914,Village Road,Clear,Night,60,Male,Car,63,Yes,No,No,Drunk Driving,Medium,2.0
ACC38227,27-10-2024,05:23,Tamil Nadu,Tiruchirappalli,11.4425,78.1864,Expressway,Cloudy,Dawn,57,Male,Car,93,No,No,No,Over Speeding,High,4.0
ACC38228,11-01-2024,20:09,Tamil Nadu,Madurai,11.5417,78.3264,National Highway,Cloudy,Night,34,Male,Car,84,No,No,No,Over Speeding,Medium,1.0
ACC38229,15-02-2023,10:51,Telangana,Karimnagar,17.7398,78.9493,State Highway,Clear,Day,50,Male,Car,71,No,Yes,No,Drowsy Driving,Medium,4.0
ACC38230,25-05-2022,08:50,Telangana,Khammam,18.7738,78.8238,State Highway,Cloudy,Day,44,Female,Bus,79,No,Yes,No,Drowsy Driving,Medium,4.0
ACC38231,28-04-2023,20:22,Tamil Nadu,Chennai,11.1343,79.0707,State Highway,Rainy,Night,28,Female,Auto,49,Yes,No,No,Poor Weather Visibility,Medium,2.0
ACC38232,06-03-2023,08:06,Tamil Nadu,Coimbatore,11.2842,78.7778,City Road,Clear,Day,42,Male,Car,52,No,No,No,Signal Jumping,Low,0.0
ACC38233,14-03-2024,09:38,Karnataka,Bengaluru Urban,16.309,76.1596,National Highway,Cloudy,Day,37,Male,Auto,73,No,No,No,Over Speeding,Medium,1.0
ACC38234,07-12-2022,15:12,Tamil Nadu,Tiruchirappalli,11.4732,79.061,City Road,Cloudy,Day,51,Male,Car,40,No,No,No,Poor Weather Visibility,Low,0.0
ACC38235,07-12-2024,07:46,Kerala,Ernakulam,9.878,75.5799,City Road,Foggy,Day,37,Male,Car,41,No,No,Yes,Poor Weather Visibility,Low,3.0
ACC38236,29-05-2023,15:08,Andhra Pradesh,Guntur,15.6457,79.791,City Road,Rainy,Day,45,Male,Bike,61,No,No,Yes,Poor Weather Visibility,Medium,3.0
ACC38237,08-08-2022,06:33,Puducherry,Karaikal,12.5099,79.6076,Village Road,Overcast,Day,21,Male,Auto,46,Yes,No,No,Drunk Driving,Medium,4.0
ACC38238,11-08-2022,16:20,Andhra Pradesh,Vijayawada,15.8465,79.4726,Expressway,Clear,Day,26,Male,Bike,109,Yes,No,No,Over Speeding,High,7.0
ACC38239,16-11-2022,18:48,Kerala,Kollam,9.7435,76.4681,State Highway,Clear,Dusk,29,Male,Car,82,No,No,No,Over Speeding,Medium,4.0
ACC38240,09-05-2022,19:01,Karnataka,Mangaluru,16.1027,76.29,Village Road,Foggy,Night,32,Female,Bike,36,No,No,Yes,Poor Weather Visibility,Low,1.0
ACC38241,06-04-2024,11:25,Kerala,Kollam,10.0795,76.445,City Road,Overcast,Day,21,Male,Bike,53,No,No,No,Poor Weather Visibility,Medium,4.0
ACC38242,28-10-2023,11:52,Kerala,Thiruvananthapuram,10.5091,76.3163,Expressway,Clear,Day,23,Male,Bike,98,No,No,No,Over Speeding,High,4.0
ACC38243,28-06-2023,18:33,Tamil Nadu,Chennai,11.294,78.65,Village Road,Clear,Dusk,41,Male,Car,59,Yes,No,No,Drunk Driving,Medium,4.0
ACC38244,03-12-2024,09:54,Karnataka,Bengaluru Urban,15.2152,75.5074,Village Road,Cloudy,Day,22,Male,Auto,31,No,Yes,Yes,Drowsy Driving,Low,3.0
ACC38245,12-05-2023,05:29,Tamil Nadu,Coimbatore,11.1629,78.7323,State Highway,Clear,Dawn,40,Male,Bike,77,No,No,No,Over Speeding,Medium,2.0
ACC38246,10-12-2024,07:07,Tamil Nadu,Coimbatore,11.352,78.2433,City Road,Rainy,Day,57,Male,Auto,43,No,No,No,Poor Weather Visibility,Medium,2.0
ACC38247,23-03-2022,17:30,Kerala,Thrissur,10.5906,75.7848,State Highway,Clear,Dusk,32,Male,Car,62,No,No,No,Over Speeding,Low,0.0
ACC38248,22-09-2022,11:04,Telangana,Karimnagar,18.3778,79.2072,City Road,Clear,Day,47,Male,Car,50,No,No,No,Signal Jumping,Low,1.0
ACC38249,03-07-2022,10:18,Andhra Pradesh,Kurnool,15.6778,80.5049,State Highway,Clear,Day,30,Male,Bike,60,No,No,No,Signal Jumping,Medium,0.0
ACC38250,03-02-2024,23:16,Tamil Nadu,Madurai,11.4288,78.5045,Expressway,Rainy,Night,30,Male,Auto,104,No,No,No,Over Speeding,High,9.0
ACC38251,23-03-2024,00:27,Andhra Pradesh,Nellore,16.0088,79.4001,Village Road,Clear,Night,45,Male,Car,60,Yes,No,No,Drunk Driving,Medium,2.0
ACC38252,09-01-2023,09:43,Kerala,Ernakulam,9.7196,75.6862,City Road,Foggy,Day,35,Male,Bike,53,No,No,Yes,Poor Weather Visibility,Medium,3.0
ACC38253,29-05-2023,20:28,Puducherry,Karaikal,11.9979,79.8547,Village Road,Clear,Night,20,Male,Bike,60,Yes,No,No,Drunk Driving,Medium,2.0
ACC38254,06-08-2023,06:17,Karnataka,Hubballi,14.8609,75.7851,Village Road,Rainy,Day,33,Male,Car,37,No,No,Yes,Poor Weather Visibility,Low,2.0
ACC38255,31-07-2024,10:47,Kerala,Ernakulam,10.1403,76.0626,State Highway,Clear,Day,49,Male,Bike,68,No,No,No,Signal Jumping,Medium,4.0
ACC38256,27-01-2023,20:38,Tamil Nadu,Coimbatore,10.5962,79.1735,City Road,Clear,Night,60,Male,Auto,44,No,No,No,Poor Weather Visibility,Low,0.0
ACC38257,08-05-2022,06:46,Karnataka,Bengaluru Urban,14.8567,75.7646,Village Road,Rainy,Day,40,Male,Bus,35,No,Yes,No,Poor Weather Visibility,Low,2.0
ACC38258,08-03-2023,20:27,Karnataka,Hubballi,16.0358,76.0643,Expressway,Overcast,Night,24,Male,Bike,64,No,No,No,Signal Jumping,Medium,2.0
ACC38259,10-11-2023,18:12,Karnataka,Mysuru,14.874,76.1405,City Road,Rainy,Dusk,35,Male,Bus,55,Yes,No,No,Poor Weather Visibility,High,4.0
ACC38260,09-02-2022,11:03,Tamil Nadu,Tiruchirappalli,10.1361,78.4791,Village Road,Rainy,Day,58,Male,Bike,43,No,No,No,Poor Weather Visibility,Low,0.0
ACC38261,19-08-2022,08:38,Telangana,Warangal,17.8369,78.7409,State Highway,Rainy,Day,27,Male,Car,53,No,No,No,Poor Weather Visibility,Low,0.0
ACC38262,25-06-2023,19:29,Tamil Nadu,Madurai,11.5054,78.8506,National Highway,Clear,Night,48,Female,Auto,52,No,No,No,Signal Jumping,Medium,1.0
ACC38263,12-03-2022,17:20,Andhra Pradesh,Kurnool,16.4211,79.8662,City Road,Clear,Dusk,30,Male,Auto,44,No,No,Yes,Pothole/Bad Road,Low,2.0
ACC38264,22-01-2023,16:32,Karnataka,Belagavi,15.6492,75.3612,City Road,Rainy,Day,31,Male,Bike,41,No,No,No,Poor Weather Visibility,Low,0.0
ACC38265,14-03-2023,11:22,Karnataka,Mysuru,15.5224,74.7002,National Highway,Clear,Day,37,Male,Auto,71,No,No,No,Over Speeding,Medium,1.0
ACC38266,10-03-2022,17:40,Andhra Pradesh,Vijayawada,15.9631,79.7634,Village Road,Cloudy,Dusk,40,Male,Bike,42,No,No,No,Signal Jumping,Medium,2.0
ACC38267,11-08-2022,18:11,Kerala,Kollam,10.3886,75.5271,National Highway,Clear,Dusk,45,Male,Bus,53,No,No,No,Signal Jumping,Low,0.0
ACC38268,26-04-2024,17:36,Andhra Pradesh,Guntur,16.2725,80.376,Expressway,Clear,Dusk,46,Male,Truck,86,No,No,No,Over Speeding,Medium,3.0