Accident_ID,Date,Time,State,District,Latitude,Longitude,Road_Type,Weather,Light_Condition,Driver_Age,Driver_Gender,Vehicle_Type,Speed_kmph,Alcohol_Involved,Driver_Drowsy,Pothole_Involved,Cause_of_Accident,Severity,Casualties
ACC38269,18-08-2022,15:48,Andhra Pradesh,Visakhapatnam,15.9516,79.6368,Village Road,Cloudy,Day,18,Male,Truck,53,Yes,No,No,Drunk Driving,Low,0.0
ACC38270,06-05-2023,09:00,Kerala,Kollam,10.4749,76.3424,Expressway,Rainy,Day,38,Male,Truck,104,No,Yes,Yes,Over Speeding,High,7.0
ACC38271,01-09-2022,16:44,Tamil Nadu,Chennai,12.4765,78.63,Village Road,Overcast,Day,42,Female,Auto,64,Yes,No,Yes,Drunk Driving,High,6.0
ACC38272,08-07-2022,20:24,Telangana,Khammam,18.396,78.982,Village Road,Clear,Night,49,Male,Bike,36,No,No,Yes,Pothole/Bad Road,Low,1.0
ACC38273,02-05-2022,10:31,Kerala,Kollam,9.961,76.0643,City Road,Clear,Day,51,Male,Bus,36,No,No,No,Poor Weather Visibility,Low,2.0
ACC38274,29-01-2024,17:29,Telangana,Warangal,17.9244,78.1773,City Road,Overcast,Dusk,32,Male,Car,65,Yes,No,Yes,Drunk Driving,High,7.0
ACC38275,16-12-2023,17:50,Karnataka,Belagavi,15.7811,75.9862,Expressway,Overcast,Dusk,32,Male,Bike,89,No,No,No,Over Speeding,High,7.0
ACC38276,05-10-2022,21:59,Karnataka,Bengaluru Urban,15.4659,75.0197,National Highway,Clear,Night,21,Male,Car,68,Yes,No,No,Drunk Driving,High,2.0
ACC38277,02-05-2024,17:00,Tamil Nadu,Madurai,11.5753,78.7602,Village Road,Overcast,Dusk,54,Male,Truck,34,No,Yes,No,Drowsy Driving,Medium,3.0
ACC38278,06-10-2022,20:36,Andhra Pradesh,Nellore,15.9,79.8841,City Road,Clear,Night,45,Male,Truck,39,No,No,No,Signal Jumping,Low,1.0
ACC38279,05-07-2023,15:46,Karnataka,Hubballi,16.0044,75.6405,City Road,Overcast,Day,43,Female,Auto,66,No,No,No,Poor Weather Visibility,Medium,2.0
ACC38280,11-01-2022,03:23,Karnataka,Bengaluru Urban,15.8014,76.5091,Village Road,Rainy,Night,45,Male,Bike,61,Yes,No,Yes,Poor Weather Visibility,High,5.0
ACC38281,06-02-2022,04:45,Karnataka,Bengaluru Urban,15.5224,75.4553,City Road,Overcast,Night,45,Male,Car,43,No,No,No,Poor Weather Visibility,Low,2.0
ACC38282,29-05-2023,21:36,Tamil Nadu,Tiruchirappalli,11.5468,78.6379,Village Road,Rainy,Night,19,Male,Bus,57,Yes,Yes,Yes,Poor Weather Visibility,High,3.0
ACC38283,18-12-2024,11:09,Telangana,Nizamabad,18.248,78.5956,Expressway,Clear,Day,27,Male,Car,82,No,No,No,Over Speeding,Medium,1.0
ACC38284,15-11-2024,02:03,Tamil Nadu,Coimbatore,11.4616,78.5644,Village Road,Clear,Night,41,Female,Car,36,No,No,No,Signal Jumping,Low,3.0
ACC38285,25-02-2023,12:57,Andhra Pradesh,Kurnool,16.0592,80.6172,State Highway,Rainy,Day,54,Male,Bus,65,No,No,Yes,Poor Weather Visibility,Medium,1.0
ACC38286,24-06-2022,17:16,Kerala,Thiruvananthapuram,9.7829,75.9476,City Road,Foggy,Dusk,41,Female,Car,50,No,No,No,Poor Weather Visibility,Medium,7.0
ACC38287,18-12-2023,15:55,Andhra Pradesh,Kurnool,15.8883,79.4689,National Highway,Foggy,Day,52,Male,Car,53,No,No,No,Poor Weather Visibility,Medium,1.0
ACC38288,30-03-2024,08:19,Tamil Nadu,Coimbatore,11.4301,78.0449,Expressway,Clear,Day,20,Male,Bike,72,No,No,No,Over Speeding,Medium,3.0
ACC38289,12-06-2022,00:08,Kerala,Kozhikode,10.3079,76.496,Village Road,Overcast,Night,18,Male,Auto,51,Yes,No,No,Drunk Driving,Medium,3.0
ACC38290,12-03-2023,00:08,Telangana,Nizamabad,18.0512,77.859,National Highway,Clear,Night,26,Male,Truck,83,Yes,Yes,No,Drunk Driving,High,2.0
ACC38291,15-10-2023,18:28,Andhra Pradesh,Nellore,15.964,79.9703,National Highway,Clear,Dusk,19,Male,Bike,91,Yes,No,No,Over Speeding,High,6.0
ACC38292,03-03-2022,07:59,Karnataka,Belagavi,14.9566,75.5506,City Road,Rainy,Day,43,Male,Truck,27,No,No,Yes,Poor Weather Visibility,Low,0.0
ACC38293,13-05-2024,07:14,Tamil Nadu,Salem,10.7608,78.9832,National Highway,Cloudy,Day,27,Male,Bike,63,No,No,No,Poor Weather Visibility,Low,2.0
ACC38294,20-12-2022,17:48,Karnataka,Mangaluru,15.0627,76.1535,Village Road,Overcast,Dusk,62,Male,Car,32,No,No,Yes,Pothole/Bad Road,Low,1.0
ACC38295,09-02-2023,05:20,Kerala,Kollam,10.0653,75.4642,City Road,Clear,Dawn,37,Male,Bus,42,No,No,No,Signal Jumping,Low,0.0
ACC38296,02-03-2022,07:32,Kerala,Thrissur,9.9423,76.199,State Highway,Rainy,Day,27,Male,Bus,57,No,No,No,Poor Weather Visibility,Medium,3.0
ACC38297,25-05-2022,09:52,Karnataka,Hubballi,15.0625,75.7118,City Road,Rainy,Day,18,Male,Car,62,No,No,No,Poor Weather Visibility,Low,0.0
ACC38298,27-08-2022,14:49,Andhra Pradesh,Vijayawada,15.5497,79.8453,Village Road,Foggy,Day,38,Male,Truck,50,No,No,No,Poor Weather Visibility,Medium,3.0
ACC38299,27-03-2022,12:53,Telangana,Khammam,17.9841,79.3807,National Highway,Clear,Day,42,Female,Auto,86,No,No,No,Over Speeding,Medium,2.0
ACC38300,23-06-2022,15:39,Puducherry,Karaikal,11.4048,78.8032,Expressway,Rainy,Day,39,Female,Car,71,No,No,Yes,Poor Weather Visibility,Medium,3.0
ACC38301,14-01-2024,07:22,Kerala,Thiruvananthapuram,10.4105,76.8205,National Highway,Clear,Day,31,Male,Truck,57,No,No,No,Signal Jumping,Low,0.0
ACC38302,14-03-2023,15:23,Karnataka,Bengaluru Urban,15.7214,75.5382,State Highway,Rainy,Day,33,Male,Auto,73,No,Yes,Yes,Poor Weather Visibility,High,5.0
ACC38303,27-08-2024,11:03,Tamil Nadu,Chennai,11.2952,77.4835,City Road,Cloudy,Day,50,Female,Bike,43,No,No,No,Poor Weather Visibility,Low,0.0
ACC38304,08-09-2023,23:35,Tamil Nadu,Coimbatore,11.0846,78.6516,Expressway,Overcast,Night,18,Male,Car,95,Yes,No,No,Over Speeding,High,6.0
ACC38305,14-02-2022,15:09,Andhra Pradesh,Nellore,15.9324,80.2452,State Highway,Clear,Day,49,Male,Auto,41,No,No,No,Signal Jumping,Low,0.0
ACC38306,02-03-2024,15:58,Puducherry,Puducherry,11.9988,79.734,Village Road,Clear,Day,30,Male,Car,46,No,No,No,Poor Weather Visibility,Low,1.0
ACC38307,17-07-2023,17:14,Kerala,Kozhikode,10.4304,75.7535,Village Road,Cloudy,Dusk,45,Male,Bike,60,No,No,No,Poor Weather Visibility,Low,
ACC38308,21-08-2022,10:22,Andhra Pradesh,Guntur,15.8317,79.569,State Highway,Clear,Day,18,Male,Bike,59,No,No,No,Over Speeding,Medium,3.0
ACC38309,27-10-2024,13:34,Karnataka,Mysuru,15.1234,75.6267,City Road,Cloudy,Day,33,Male,Car,24,No,No,No,Poor Weather Visibility,Low,3.0
ACC38310,20-07-2023,22:42,Kerala,Kollam,10.4367,76.7786,National Highway,Rainy,Night,30,Male,Car,79,No,No,No,Poor Weather Visibility,Medium,3.0
ACC38311,26-01-2022,18:53,Telangana,Nizamabad,18.014,78.8514,National Highway,Rainy,Dusk,41,Male,Bike,66,No,No,Yes,Poor Weather Visibility,High,4.0
ACC38312,07-07-2023,17:03,Tamil Nadu,Madurai,12.1262,78.5981,Village Road,Rainy,Dusk,20,Male,Bus,38,No,No,No,Poor Weather Visibility,Low,0.0
ACC38313,23-12-2022,12:46,Telangana,Warangal,17.6873,78.5988,City Road,Rainy,Day,24,Male,Car,59,No,No,No,Poor Weather Visibility,Low,0.0
ACC38314,09-10-2022,06:42,Tamil Nadu,Chennai,10.9302,78.6655,City Road,Clear,Day,41,Male,Car,44,No,Yes,No,Drowsy Driving,Low,2.0
ACC38315,31-03-2022,18:45,Puducherry,Puducherry,11.954,80.0995,City Road,Clear,Dusk,18,Male,Bus,62,No,Yes,No,Drowsy Driving,Medium,
ACC38316,04-07-2023,11:42,Tamil Nadu,Madurai,11.2709,78.3678,City Road,Clear,Day,39,Female,Auto,49,No,No,No,Signal Jumping,Low,0.0
ACC38317,17-01-2022,22:19,Tamil Nadu,Madurai,10.9199,78.9459,State Highway,Foggy,Night,39,Female,Bus,69,Yes,No,No,Poor Weather Visibility,High,6.0
ACC38318,18-08-2023,15:26,Andhra Pradesh,Nellore,16.3329,79.4554,Village Road,Overcast,Day,51,Male,Truck,51,No,No,No,Poor Weather Visibility,Low,
ACC38319,12-08-2024,16:46,Karnataka,Bengaluru Urban,15.4389,75.8011,City Road,Clear,Day,30,Male,Bike,58,No,No,Yes,Pothole/Bad Road,Medium,2.0
ACC38320,17-12-2024,05:17,Andhra Pradesh,Nellore,15.7259,79.7967,City Road,Cloudy,Dawn,24,Male,Car,68,Yes,No,No,Drunk Driving,High,4.0
ACC38321,22-10-2023,02:37,Karnataka,Bengaluru Urban,14.8988,75.6333,City Road,Cloudy,Night,44,Male,Bike,69,Yes,No,Yes,Drunk Driving,High,11.0
ACC38322,28-11-2022,13:15,Kerala,Kozhikode,10.6076,75.9727,City Road,Overcast,Day,61,Male,Bike,57,No,No,No,Signal Jumping,Low,3.0
ACC38323,16-12-2022,17:11,Andhra Pradesh,Guntur,16.1774,80.1828,Village Road,Clear,Dusk,24,Male,Bike,39,Yes,No,Yes,Drunk Driving,Low,1.0
ACC38324,08-03-2023,18:57,Kerala,Kollam,10.3246,76.0329,City Road,Clear,Dusk,31,Female,Bike,43,No,No,No,Poor Weather Visibility,Low,1.0
ACC38325,20-10-2023,07:34,Kerala,Thiruvananthapuram,10.0286,76.0366,City Road,Clear,Day,22,Male,Car,47,No,No,No,Signal Jumping,Low,1.0
ACC38326,11-09-2024,21:36,Tamil Nadu,Coimbatore,11.0198,78.5888,National Highway,Clear,Night,42,Male,Bike,110,Yes,Yes,Yes,Over Speeding,High,5.0
ACC38327,09-03-2023,15:08,Karnataka,Mysuru,15.6228,75.6099,City Road,Clear,Day,37,Male,Car,49,No,Yes,No,Drowsy Driving,Low,0.0
ACC38328,13-03-2023,15:54,Kerala,Kozhikode,10.4283,76.6544,State Highway,Clear,Day,18,Male,Bike,55,No,No,No,Signal Jumping,Low,0.0
ACC38329,17-10-2022,21:20,Telangana,Nizamabad,18.2741,78.8448,Village Road,Cloudy,Night,43,Male,Auto,23,No,No,No,Poor Weather Visibility,Low,1.0
ACC38330,24-07-2024,12:25,Kerala,Thrissur,10.5931,75.8612,City Road,Rainy,Day,28,Male,Truck,33,No,No,No,Poor Weather Visibility,Low,0.0
ACC38331,16-11-2023,14:32,Telangana,Warangal,18.7778,78.9862,City Road,Rainy,Day,49,Male,Truck,38,No,No,No,Poor Weather Visibility,Low,0.0
ACC38332,27-12-2024,08:38,Tamil Nadu,Chennai,10.7378,78.7513,National Highway,Clear,Day,41,Male,Bus,67,No,No,No,Over Speeding,Medium,3.0
ACC38333,19-09-2024,07:03,Andhra Pradesh,Nellore,15.9942,80.0705,City Road,Cloudy,Day,29,Male,Car,45,No,Yes,No,Drowsy Driving,Low,2.0
ACC38334,25-12-2024,00:07,Telangana,Nizamabad,18.1486,78.5903,City Road,Overcast,Night,44,Male,Car,51,No,No,No,Poor Weather Visibility,Low,1.0
ACC38335,17-01-2022,14:11,Karnataka,Belagavi,15.4057,75.9437,City Road,Clear,Day,21,Female,Car,55,No,No,No,Poor Weather Visibility,Low,0.0
ACC38336,19-07-2023,19:59,Kerala,Kozhikode,10.3196,75.9785,National Highway,Rainy,Night,54,Female,Truck,85,No,No,No,Poor Weather Visibility,High,5.0
ACC38337,03-03-2022,01:08,Puducherry,Karaikal,12.1497,79.189,City Road,Clear,Night,50,Male,Car,31,No,No,No,Signal Jumping,Low,1.0
ACC38338,04-04-2022,06:33,Karnataka,Mangaluru,15.074,75.9701,National Highway,Rainy,Day,27,Female,Auto,81,No,No,Yes,Poor Weather Visibility,High,5.0
ACC38339,04-06-2024,08:19,Tamil Nadu,Salem,11.3487,77.6567,National Highway,Clear,Day,51,Male,Auto,79,No,No,No,Over Speeding,Medium,4.0
ACC38340,14-03-2022,19:24,Tamil Nadu,Coimbatore,11.0339,78.7499,State Highway,Clear,Night,32,Male,Bike,63,No,No,No,Signal Jumping,Low,1.0
ACC38341,21-03-2022,23:41,Tamil Nadu,Madurai,11.1167,78.3819,State Highway,Overcast,Night,18,Female,Bike,63,No,No,No,Signal Jumping,Low,2.0
ACC38342,10-11-2023,10:43,Telangana,Karimnagar,17.5814,78.6716,City Road,Overcast,Day,42,Male,Bike,47,No,No,Yes,Pothole/Bad Road,Low,0.0
ACC38343,28-01-2022,20:04,Telangana,Hyderabad,17.5009,78.9061,City Road,Clear,Night,37,Male,Bike,49,Yes,No,No,Drunk Driving,Medium,4.0
ACC38344,06-10-2023,22:27,Kerala,Ernakulam,10.5465,76.0788,Village Road,Foggy,Night,18,Male,Bike,41,No,No,No,Poor Weather Visibility,Low,2.0
ACC38345,18-03-2023,14:32,Puducherry,Karaikal,11.9373,79.9816,Village Road,Rainy,Day,64,Male,Car,36,No,No,Yes,Poor Weather Visibility,Low,0.0
ACC38346,24-08-2023,12:56,Telangana,Karimnagar,17.4212,78.6851,Expressway,Cloudy,Day,40,Male,Auto,85,No,No,No,Over Speeding,Medium,3.0
ACC38347,25-03-2024,18:36,Telangana,Nizamabad,17.1734,79.0149,City Road,Rainy,Dusk,48,Female,Bike,56,No,No,No,Poor Weather Visibility,Low,1.0
ACC38348,01-11-2022,22:48,Karnataka,Bengaluru Urban,15.7723,75.6424,State Highway,Rainy,Night,30,Female,Auto,66,No,No,Yes,Poor Weather Visibility,High,5.0
ACC38349,23-05-2022,22:36,Telangana,Karimnagar,17.0804,79.0684,National Highway,Clear,Night,24,Male,Bike,44,No,No,No,Poor Weather Visibility,Low,0.0
ACC38350,14-03-2022,08:59,Telangana,Karimnagar,17.6007,79.1262,Village Road,Clear,Day,34,Male,Auto,33,No,No,No,Signal Jumping,Low,1.0
ACC38351,13-06-2023,20:43,Tamil Nadu,Salem,10.4075,78.3522,National Highway,Rainy,Night,47,Male,Bus,60,No,No,Yes,Poor Weather Visibility,High,3.0
ACC38352,26-10-2022,08:01,Tamil Nadu,Coimbatore,11.0779,78.8953,State Highway,Cloudy,Day,27,Male,Bike,65,No,No,No,Poor Weather Visibility,Medium,4.0
ACC38353,29-07-2022,10:24,Karnataka,Belagavi,15.6893,75.1299,City Road,Clear,Day,52,Female,Bike,39,No,No,No,Signal Jumping,Low,4.0
ACC38354,01-07-2023,22:08,Karnataka,Belagavi,15.2578,75.9157,City Road,Clear,Night,33,Male,Truck,58,No,No,No,Signal Jumping,Low,0.0
ACC38355,23-02-2023,20:33,Tamil Nadu,Madurai,11.191,78.4252,City Road,Rainy,Night,22,Male,Car,55,No,No,No,Poor Weather Visibility,Medium,2.0
ACC38356,03-06-2024,18:42,Karnataka,Bengaluru Urban,15.0856,75.7505,Expressway,Clear,Dusk,65,Male,Bike,62,No,No,No,Signal Jumping,Medium,1.0
ACC38357,12-02-2023,18:59,Telangana,Karimnagar,17.7918,78.7935,Village Road,Overcast,Dusk,38,Male,Auto,49,No,No,No,Poor Weather Visibility,Low,2.0
ACC38358,04-10-2024,23:16,Andhra Pradesh,Kurnool,16.3821,80.1207,City Road,Overcast,Night,51,Female,Bike,64,No,Yes,Yes,Drowsy Driving,Medium,2.0
ACC38359,08-03-2024,23:06,Karnataka,Belagavi,15.0963,75.6648,State Highway,Clear,Night,18,Male,Auto,69,Yes,No,No,Drunk Driving,Medium,4.0
ACC38360,09-05-2022,09:46,Telangana,Warangal,18.0417,79.0567,Village Road,Clear,Day,52,Female,Bike,32,No,No,Yes,Pothole/Bad Road,Low,1.0
ACC38361,13-06-2022,09:47,Karnataka,Belagavi,14.984,75.9098,City Road,Foggy,Day,20,Male,Truck,59,No,No,No,Poor Weather Visibility,Low,1.0
ACC38362,24-08-2022,05:13,Andhra Pradesh,Nellore,16.0465,78.9977,Village Road,Overcast,Dawn,58,Male,Bike,47,No,No,Yes,Pothole/Bad Road,Low,0.0
ACC38363,04-04-2024,20:47,Andhra Pradesh,Vijayawada,15.4308,79.462,National Highway,Rainy,Night,34,Male,Car,79,No,No,No,Poor Weather Visibility,High,6.0
ACC38364,25-08-2024,16:58,Karnataka,Hubballi,15.1527,76.1958,National Highway,Cloudy,Day,28,Male,Bike,79,No,No,No,Over Speeding,Medium,2.0
ACC38365,27-10-2024,17:24,Karnataka,Mysuru,15.4589,75.5464,City Road,Rainy,Dusk,18,Male,Truck,55,Yes,No,No,Poor Weather Visibility,Medium,3.0
ACC38366,30-12-2022,12:38,Karnataka,Hubballi,15.5637,75.7857,Village Road,Cloudy,Day,35,Female,Bike,54,No,No,No,Poor Weather Visibility,Low,2.0
ACC38367,15-02-2023,19:13,Puducherry,Puducherry,11.8738,78.8077,National Highway,Cloudy,Night,23,Male,Auto,64,No,No,No,Poor Weather Visibility,Medium,6.0
ACC38368,10-11-2022,18:52,Andhra Pradesh,Kurnool,16.0187,79.881,Expressway,Cloudy,Dusk,53,Female,Car,69,No,No,No,Poor Weather Visibility,Medium,5.0
ACC38369,17-10-2022,10:45,Karnataka,Mysuru,15.5285,76.1608,Village Road,Clear,Day,40,Female,Truck,63,Yes,No,Yes,Drunk Driving,High,3.0
ACC38370,07-12-2022,05:26,Karnataka,Mysuru,15.4924,76.529,Village Road,Overcast,Dawn,33,Male,Car,29,No,No,No,Poor Weather Visibility,Low,0.0
ACC38371,17-09-2022,10:36,Karnataka,Hubballi,15.6716,76.029,Village Road,Clear,Day,42,Male,Bike,41,No,No,Yes,Signal Jumping,Low,2.0
ACC38372,01-03-2023,11:43,Tamil Nadu,Madurai,11.0594,78.6497,National Highway,Foggy,Day,38,Female,Auto,69,No,No,No,Poor Weather Visibility,High,6.0
ACC38373,14-08-2024,19:53,Karnataka,Bengaluru Urban,15.4197,76.4626,Village Road,Clear,Night,55,Female,Car,40,No,No,Yes,Pothole/Bad Road,Low,0.0
ACC38374,28-06-2024,19:19,Tamil Nadu,Tiruchirappalli,11.7559,78.5062,State Highway,Clear,Night,33,Male,Truck,55,No,No,No,Signal Jumping,Low,0.0
ACC38375,31-05-2023,19:16,Karnataka,Mangaluru,16.1462,75.6108,Expressway,Clear,Night,29,Female,Bike,63,Yes,No,No,Drunk Driving,High,6.0
ACC38376,09-08-2022,17:10,Karnataka,Mangaluru,15.6313,75.6391,Village Road,Clear,Dusk,18,Male,Bike,42,No,No,No,Signal Jumping,Low,0.0
ACC38377,06-07-2023,21:35,Karnataka,Bengaluru Urban,15.7922,75.0502,State Highway,Cloudy,Night,24,Male,Bike,53,No,No,No,Poor Weather Visibility,Low,1.0
ACC38378,30-11-2023,22:59,Kerala,Thiruvananthapuram,9.5839,76.7039,Village Road,Rainy,Night,40,Male,Truck,49,Yes,Yes,Yes,Poor Weather Visibility,High,7.0
ACC38379,02-02-2022,11:21,Andhra Pradesh,Vijayawada,16.387,79.1872,State Highway,Overcast,Day,18,Female,Bike,75,No,No,No,Over Speeding,Medium,6.0
ACC38380,02-09-2022,12:51,Karnataka,Mangaluru,15.4911,75.5955,Village Road,Rainy,Day,45,Male,Bike,38,No,No,Yes,Poor Weather Visibility,Medium,2.0
ACC38381,27-08-2024,13:53,Tamil Nadu,Tiruchirappalli,10.4873,78.2604,State Highway,Rainy,Day,44,Male,Auto,56,Yes,No,No,Poor Weather Visibility,High,7.0
ACC38382,09-03-2023,06:03,Telangana,Nizamabad,17.6825,78.6222,City Road,Clear,Day,61,Female,Truck,64,No,No,No,Signal Jumping,Low,0.0
ACC38383,09-02-2023,07:05,Tamil Nadu,Madurai,12.1634,78.5208,Village Road,Clear,Day,32,Male,Car,34,No,No,No,Signal Jumping,Low,
ACC38384,20-07-2024,20:13,Andhra Pradesh,Visakhapatnam,15.8234,79.7061,Village Road,Clear,Night,34,Female,Car,22,No,No,No,Poor Weather Visibility,Low,2.0
ACC38385,22-10-2023,00:52,Tamil Nadu,Coimbatore,10.5657,77.2708,City Road,Rainy,Night,48,Male,Truck,67,No,Yes,Yes,Poor Weather Visibility,High,3.0
ACC38386,21-01-2023,15:48,Tamil Nadu,Chennai,12.0623,79.0684,National Highway,Cloudy,Day,46,Male,Bike,57,No,No,No,Poor Weather Visibility,Low,0.0
ACC38387,22-07-2022,04:25,Karnataka,Hubballi,15.0177,75.6338,City Road,Clear,Night,18,Male,Car,53,Yes,No,No,Drunk Driving,Medium,2.0
ACC38388,19-02-2022,21:38,Karnataka,Mangaluru,14.8902,75.8737,National Highway,Clear,Night,25,Female,Auto,65,No,No,No,Over Speeding,Medium,1.0
ACC38389,20-06-2024,18:35,Telangana,Khammam,17.9041,78.446,Expressway,Clear,Dusk,29,Male,Bus,94,Yes,Yes,No,Over Speeding,High,7.0
ACC38390,10-02-2023,17:12,Karnataka,Mysuru,14.7219,75.87,State Highway,Overcast,Dusk,55,Female,Car,58,No,No,No,Poor Weather Visibility,Medium,2.0
ACC38391,03-04-2024,06:01,Kerala,Ernakulam,9.9284,76.566,State Highway,Cloudy,Day,49,Male,Bike,75,No,No,No,Over Speeding,Low,2.0
ACC38392,04-12-2023,14:09,Andhra Pradesh,Vijayawada,16.2738,79.7291,City Road,Foggy,Day,50,Male,Bus,67,No,Yes,No,Poor Weather Visibility,Medium,3.0
ACC38393,30-09-2022,01:39,Tamil Nadu,Madurai,11.9,78.2069,City Road,Cloudy,Night,25,Female,Auto,56,No,No,No,Signal Jumping,Low,3.0
ACC38394,06-10-2022,09:13,Telangana,Karimnagar,17.8076,78.7835,City Road,Rainy,Day,47,Male,Bus,53,Yes,No,No,Poor Weather Visibility,Medium,1.0
ACC38395,02-06-2023,08:36,Tamil Nadu,Tiruchirappalli,10.988,78.7346,National Highway,Clear,Day,27,Female,Bike,90,No,No,No,Over Speeding,High,5.0
ACC38396,22-08-2023,13:56,Kerala,Thrissur,9.9741,76.4615,Village Road,Clear,Day,30,Female,Bike,24,No,No,No,Signal Jumping,Low,0.0
ACC38397,25-06-2024,17:48,Karnataka,Hubballi,14.8524,75.6195,City Road,Rainy,Dusk,58,Male,Bike,56,No,No,No,Poor Weather Visibility,Medium,3.0
ACC38398,24-03-2024,21:42,Telangana,Warangal,17.2042,79.0229,National Highway,Clear,Night,20,Male,Bike,81,Yes,No,No,Drunk Driving,High,4.0
ACC38399,27-08-2024,20:00,Karnataka,Hubballi,15.1728,75.9541,National Highway,Clear,Night,18,Male,Bus,67,No,No,No,Signal Jumping,Medium,1.0
ACC38400,06-02-2024,09:58,Telangana,Karimnagar,17.3692,78.4934,Village Road,Overcast,Day,61,Male,Bike,20,No,No,No,Poor Weather Visibility,Low,3.0
ACC38401,08-01-2023,16:33,Karnataka,Hubballi,16.0409,75.24,State Highway,Clear,Day,43,Male,Car,63,No,No,No,Signal Jumping,Low,0.0
ACC38402,29-07-2022,10:28,Andhra Pradesh,Guntur,15.1363,80.2101,Village Road,Cloudy,Day,45,Male,Bike,42,No,No,No,Poor Weather Visibility,Medium,4.0
ACC38403,19-01-2023,07:07,Tamil Nadu,Madurai,10.8444,78.531,City Road,Cloudy,Day,45,Male,Bike,38,No,No,No,Poor Weather Visibility,Low,1.0
ACC38404,25-04-2024,08:22,Karnataka,Mangaluru,15.2913,75.49,Village Road,Clear,Day,42,Male,Auto,38,No,No,Yes,Pothole/Bad Road,Low,1.0
ACC38405,25-04-2023,21:46,Kerala,Thrissur,10.5518,76.1741,State Highway,Clear,Night,38,Female,Car,65,No,No,Yes,Pothole/Bad Road,Medium,3.0
ACC38406,28-12-2022,10:27,Telangana,Warangal,17.7497,79.1737,City Road,Clear,Day,45,Female,Bike,47,No,No,No,Poor Weather Visibility,Low,
ACC38407,01-02-2024,11:51,Telangana,Karimnagar,18.075,78.8235,Village Road,Clear,Day,43,Male,Bike,58,No,No,No,Signal Jumping,Low,0.0
ACC38408,25-10-2023,07:05,Karnataka,Mangaluru,15.6576,75.5941,Village Road,Clear,Day,21,Male,Bike,42,No,No,No,Signal Jumping,Medium,6.0
ACC38409,24-12-2022,09:58,Karnataka,Belagavi,15.0832,75.6637,National Highway,Overcast,Day,31,Male,Truck,73,No,Yes,No,Drowsy Driving,High,1.0
ACC38410,27-10-2022,21:55,Karnataka,Bengaluru Urban,15.7328,75.6911,City Road,Cloudy,Night,37,Male,Car,62,Yes,Yes,No,Drunk Driving,High,5.0
ACC38411,06-08-2024,13:39,Telangana,Nizamabad,17.9916,78.2938,National Highway,Cloudy,Day,46,Male,Auto,76,No,No,No,Over Speeding,Low,1.0
ACC38412,07-12-2022,12:06,Tamil Nadu,Salem,11.4848,78.762,City Road,Rainy,Day,20,Male,Auto,29,No,No,Yes,Poor Weather Visibility,Low,2.0
ACC38413,01-09-2022,09:49,Puducherry,Puducherry,11.8891,79.9287,State Highway,Rainy,Day,46,Female,Car,63,No,No,No,Poor Weather Visibility,Medium,2.0
ACC38414,18-05-2023,08:11,Telangana,Warangal,18.4242,78.3341,State Highway,Clear,Day,42,Female,Bike,51,No,No,No,Poor Weather Visibility,Low,0.0
ACC38415,25-10-2024,02:47,Telangana,Hyderabad,17.5802,78.9356,Expressway,Clear,Night,31,Male,Auto,90,Yes,No,No,Over Speeding,High,8.0
ACC38416,28-09-2024,13:21,Kerala,Thrissur,9.3772,76.1615,Village Road,Cloudy,Day,49,Male,Car,49,No,No,Yes,Pothole/Bad Road,Medium,3.0
ACC38417,08-08-2024,10:49,Karnataka,Mysuru,15.4679,75.9897,Village Road,Rainy,Day,47,Female,Car,43,No,No,Yes,Poor Weather Visibility,Medium,2.0
ACC38418,07-11-2023,16:26,Puducherry,Karaikal,12.1718,79.8958,City Road,Foggy,Day,54,Male,Bus,57,No,No,No,Poor Weather Visibility,Medium,2.0
ACC38419,29-06-2023,22:47,Telangana,Hyderabad,17.4932,78.6843,State Highway,Overcast,Night,18,Female,Car,57,No,No,Yes,Pothole/Bad Road,Medium,0.0
ACC38420,04-11-2024,22:22,Telangana,Nizamabad,17.1947,79.9045,State Highway,Cloudy,Night,47,Male,Bus,77,No,No,No,Over Speeding,Medium,2.0
ACC38421,28-12-2022,07:01,Tamil Nadu,Madurai,10.6765,78.1552,National Highway,Cloudy,Day,36,Male,Bus,79,No,No,No,Over Speeding,Medium,1.0
ACC38422,08-06-2024,12:53,Telangana,Warangal,18.2612,79.3582,Village Road,Rainy,Day,44,Female,Bike,41,No,No,No,Poor Weather Visibility,Low,2.0
ACC38423,23-12-2022,20:26,Tamil Nadu,Chennai,10.436,79.0999,National Highway,Clear,Night,48,Male,Bike,88,No,Yes,No,Over Speeding,High,4.0
ACC38424,30-10-2023,07:02,Tamil Nadu,Chennai,10.9057,78.514,Expressway,Rainy,Day,39,Male,Auto,72,No,No,No,Poor Weather Visibility,Medium,1.0
ACC38425,05-12-2024,10:19,Andhra Pradesh,Nellore,16.0371,79.6822,National Highway,Rainy,Day,44,Male,Car,54,No,No,No,Poor Weather Visibility,Low,0.0