Accident_ID,Date,Time,State,District,Latitude,Longitude,Road_Type,Weather,Light_Condition,Driver_Age,Driver_Gender,Vehicle_Type,Speed_kmph,Alcohol_Involved,Driver_Drowsy,Pothole_Involved,Cause_of_Accident,Severity,Casualties
ACC38426,16-07-2022,20:31,Telangana,Hyderabad,18.4115,78.9176,Expressway,Clear,Night,31,Male,Bus,81,No,No,No,Over Speeding,Medium,3.0
ACC38427,18-10-2022,05:07,Tamil Nadu,Salem,10.7715,78.6324,National Highway,Overcast,Dawn,51,Female,Car,63,No,No,No,Signal Jumping,Medium,1.0
ACC38428,08-06-2024,13:03,Tamil Nadu,Tiruchirappalli,11.3539,78.7158,City Road,Rainy,Day,45,Male,Auto,39,No,No,No,Poor Weather Visibility,Low,1.0
ACC38429,30-05-2024,12:34,Andhra Pradesh,Visakhapatnam,15.4878,79.1442,Village Road,Overcast,Day,30,Female,Bike,52,No,No,Yes,Pothole/Bad Road,Medium,4.0
ACC38430,09-05-2024,20:19,Telangana,Nizamabad,18.0337,78.4273,City Road,Rainy,Night,36,Male,Bus,69,Yes,No,No,Poor Weather Visibility,High,6.0
ACC38431,12-08-2023,22:01,Telangana,Karimnagar,17.6189,79.6102,City Road,Clear,Night,43,Male,Auto,67,Yes,No,Yes,Drunk Driving,Medium,3.0
ACC38432,27-10-2024,15:28,Andhra Pradesh,Guntur,15.8695,80.1426,Village Road,Clear,Day,23,Male,Car,38,No,No,No,Signal Jumping,Low,0.0
ACC38433,03-04-2022,21:03,Karnataka,Mangaluru,14.5912,75.7221,Expressway,Clear,Night,43,Male,Car,93,No,No,No,Over Speeding,Medium,2.0
ACC38434,24-10-2023,06:12,Karnataka,Mangaluru,15.2049,75.9842,Village Road,Rainy,Day,42,Female,Bus,42,No,No,Yes,Poor Weather Visibility,Medium,4.0
ACC38435,30-10-2022,23:19,Tamil Nadu,Coimbatore,11.4299,78.5362,Village Road,Rainy,Night,18,Male,Car,39,No,No,No,Poor Weather Visibility,Low,1.0
ACC38436,24-11-2022,19:57,Telangana,Karimnagar,17.2483,78.9056,Village Road,Clear,Night,55,Male,Truck,42,No,No,No,Poor Weather Visibility,Low,0.0
ACC38437,12-12-2024,00:45,Andhra Pradesh,Kurnool,15.2836,79.6479,City Road,Rainy,Night,35,Male,Bike,79,No,Yes,No,Poor Weather Visibility,High,6.0
ACC38438,10-04-2022,13:07,Karnataka,Mysuru,15.055,75.5019,Village Road,Cloudy,Day,18,Male,Auto,44,No,No,No,Poor Weather Visibility,Low,2.0
ACC38439,23-07-2023,23:51,Tamil Nadu,Tiruchirappalli,11.366,78.3735,National Highway,Foggy,Night,40,Female,Bike,64,Yes,No,No,Poor Weather Visibility,High,10.0
ACC38440,24-06-2022,17:14,Telangana,Khammam,18.102,79.0999,National Highway,Rainy,Dusk,38,Male,Bike,71,No,Yes,No,Poor Weather Visibility,High,4.0
ACC38441,14-01-2024,14:37,Telangana,Warangal,18.0777,78.3784,Village Road,Clear,Day,75,Female,Auto,42,No,No,No,Signal Jumping,Low,0.0
ACC38442,20-11-2024,07:38,Karnataka,Belagavi,15.7939,75.8224,National Highway,Overcast,Day,65,Male,Bike,75,No,No,No,Over Speeding,Medium,
ACC38443,13-01-2023,12:27,Telangana,Nizamabad,18.5523,78.7345,Village Road,Clear,Day,18,Male,Bike,45,No,No,No,Poor Weather Visibility,Low,2.0
ACC38444,21-11-2022,21:17,Puducherry,Karaikal,12.5833,80.0471,Expressway,Rainy,Night,29,Male,Bike,74,No,No,No,Poor Weather Visibility,High,7.0
ACC38445,28-01-2022,09:57,Tamil Nadu,Tiruchirappalli,10.8829,78.6106,City Road,Foggy,Day,48,Female,Bike,45,No,No,Yes,Poor Weather Visibility,Medium,3.0
ACC38446,13-07-2024,07:43,Telangana,Hyderabad,18.1384,78.8589,State Highway,Overcast,Day,36,Male,Car,45,No,No,Yes,Pothole/Bad Road,Low,0.0
ACC38447,26-12-2022,12:14,Puducherry,Puducherry,11.6299,80.509,City Road,Cloudy,Day,40,Male,Bike,54,No,Yes,No,Drowsy Driving,Low,1.0
ACC38448,21-03-2023,11:02,Andhra Pradesh,Kurnool,15.5496,79.587,City Road,Rainy,Day,39,Male,Car,31,No,No,Yes,Poor Weather Visibility,Low,0.0
ACC38449,07-03-2022,06:19,Telangana,Karimnagar,17.8536,78.9239,City Road,Clear,Day,37,Male,Bike,59,Yes,No,Yes,Drunk Driving,Medium,1.0
ACC38450,28-08-2022,14:28,Telangana,Hyderabad,17.885,78.6862,City Road,Cloudy,Day,27,Male,Bike,32,No,No,Yes,Pothole/Bad Road,Low,1.0
ACC38451,15-07-2023,19:33,Tamil Nadu,Salem,10.9735,77.8786,City Road,Clear,Night,20,Male,Car,67,No,Yes,No,Drowsy Driving,Medium,4.0
ACC38452,25-06-2022,21:49,Tamil Nadu,Tiruchirappalli,11.4676,78.4125,National Highway,Clear,Night,55,Male,Bike,60,No,No,No,Signal Jumping,Medium,2.0
ACC38453,27-09-2022,10:58,Kerala,Thiruvananthapuram,10.4223,76.4371,Village Road,Overcast,Day,47,Male,Car,45,No,No,Yes,Pothole/Bad Road,Low,
ACC38454,17-03-2022,18:47,Kerala,Kozhikode,10.3929,76.7454,State Highway,Clear,Dusk,43,Male,Car,75,No,No,No,Over Speeding,Medium,3.0
ACC38455,02-11-2023,22:25,Andhra Pradesh,Guntur,16.0772,79.9069,State Highway,Overcast,Night,34,Male,Bike,56,No,No,No,Poor Weather Visibility,Low,2.0
ACC38456,28-08-2023,22:04,Tamil Nadu,Madurai,10.6847,77.9833,City Road,Cloudy,Night,18,Female,Car,55,Yes,No,No,Drunk Driving,Medium,4.0
ACC38457,28-08-2024,17:53,Tamil Nadu,Tiruchirappalli,11.5018,78.6231,Expressway,Clear,Dusk,25,Male,Car,85,No,No,No,Over Speeding,Medium,6.0
ACC38458,27-01-2022,15:18,Kerala,Ernakulam,10.0742,75.6347,City Road,Overcast,Day,55,Female,Auto,33,No,No,Yes,Pothole/Bad Road,Low,5.0
ACC38459,20-09-2022,05:56,Tamil Nadu,Chennai,12.2653,78.7077,Village Road,Clear,Dawn,24,Male,Car,28,No,No,Yes,Pothole/Bad Road,Low,2.0
ACC38460,22-02-2024,04:11,Kerala,Thiruvananthapuram,10.2147,76.8725,Village Road,Clear,Night,62,Male,Car,40,No,No,Yes,Pothole/Bad Road,Low,1.0
ACC38461,17-02-2022,07:27,Tamil Nadu,Salem,10.9455,78.6925,City Road,Clear,Day,35,Male,Auto,41,No,No,No,Signal Jumping,Low,0.0
ACC38462,17-10-2024,12:21,Karnataka,Bengaluru Urban,15.2473,76.234,National Highway,Cloudy,Day,36,Male,Car,67,Yes,No,No,Drunk Driving,Medium,5.0
ACC38463,10-09-2022,12:57,Karnataka,Belagavi,15.663,75.2757,Expressway,Rainy,Day,36,Male,Bike,68,No,No,No,Poor Weather Visibility,Medium,3.0
ACC38464,09-03-2023,14:25,Kerala,Kozhikode,10.2374,76.0897,City Road,Cloudy,Day,49,Female,Car,32,No,No,No,Poor Weather Visibility,Low,3.0
ACC38465,11-01-2022,07:08,Tamil Nadu,Tiruchirappalli,11.104,78.6936,City Road,Clear,Day,51,Male,Auto,90,Yes,No,No,Over Speeding,High,8.0
ACC38466,13-08-2022,12:35,Andhra Pradesh,Guntur,15.7033,79.9194,State Highway,Cloudy,Day,41,Male,Bike,64,No,No,No,Poor Weather Visibility,Low,1.0
ACC38467,23-04-2022,11:40,Telangana,Nizamabad,17.5668,80.2708,City Road,Foggy,Day,36,Male,Bike,49,No,No,No,Poor Weather Visibility,Medium,2.0
ACC38468,17-03-2022,13:01,Telangana,Khammam,17.9081,78.7594,Village Road,Cloudy,Day,23,Male,Car,72,No,No,Yes,Pothole/Bad Road,Medium,2.0
ACC38469,25-08-2024,10:00,Karnataka,Belagavi,15.0025,75.7633,Village Road,Clear,Day,51,Female,Auto,21,No,No,Yes,Pothole/Bad Road,Low,1.0
ACC38470,11-10-2024,09:34,Andhra Pradesh,Guntur,16.1771,79.0497,National Highway,Clear,Day,35,Female,Car,73,No,Yes,No,Drowsy Driving,Medium,3.0
ACC38471,16-11-2022,07:55,Kerala,Thiruvananthapuram,9.9796,76.278,State Highway,Cloudy,Day,18,Male,Auto,59,No,No,No,Poor Weather Visibility,Medium,3.0
ACC38472,08-05-2024,19:19,Karnataka,Hubballi,14.7638,75.9026,Village Road,Rainy,Night,56,Male,Auto,41,No,No,No,Poor Weather Visibility,Medium,3.0
ACC38473,22-03-2024,10:57,Puducherry,Karaikal,11.2583,79.6011,City Road,Rainy,Day,35,Female,Car,41,No,No,No,Poor Weather Visibility,Low,0.0
ACC38474,05-02-2023,13:27,Kerala,Ernakulam,9.7583,76.418,Expressway,Cloudy,Day,37,Male,Bike,100,Yes,No,No,Over Speeding,High,8.0
ACC38475,18-07-2024,19:01,Puducherry,Karaikal,11.9443,80.5209,City Road,Rainy,Night,18,Male,Truck,66,Yes,No,Yes,Poor Weather Visibility,High,3.0
ACC38476,14-12-2022,21:09,Tamil Nadu,Tiruchirappalli,11.4951,78.2353,City Road,Rainy,Night,27,Male,Car,91,Yes,No,Yes,Over Speeding,High,5.0
ACC38477,06-04-2024,20:54,Andhra Pradesh,Visakhapatnam,15.6986,79.7524,State Highway,Cloudy,Night,33,Male,Car,70,Yes,Yes,No,Drunk Driving,Medium,2.0
ACC38478,19-08-2024,18:48,Andhra Pradesh,Kurnool,15.9286,80.105,City Road,Cloudy,Dusk,45,Male,Car,41,No,No,No,Poor Weather Visibility,Low,1.0
ACC38479,07-07-2022,13:01,Karnataka,Mangaluru,15.6278,76.2071,Village Road,Rainy,Day,53,Male,Car,28,No,No,Yes,Signal Jumping,Low,4.0
ACC38480,01-04-2022,08:53,Telangana,Karimnagar,18.0014,79.4097,State Highway,Clear,Day,33,Female,Bike,70,No,No,No,Over Speeding,Medium,1.0
ACC38481,03-01-2024,10:56,Tamil Nadu,Madurai,10.98,77.7289,Expressway,Clear,Day,35,Male,Car,81,No,No,No,Over Speeding,High,5.0
ACC38482,08-02-2024,19:50,Karnataka,Bengaluru Urban,15.0761,76.0118,Village Road,Clear,Night,52,Male,Auto,38,No,Yes,No,Drowsy Driving,Low,2.0
ACC38483,20-12-2022,00:52,Karnataka,Mysuru,15.3244,75.6546,National Highway,Clear,Night,36,Male,Bike,100,Yes,Yes,No,Over Speeding,High,3.0
ACC38484,30-05-2023,14:30,Andhra Pradesh,Nellore,15.3947,80.1427,Village Road,Clear,Day,18,Male,Bike,44,No,No,No,Signal Jumping,Low,0.0
ACC38485,25-03-2024,18:07,Andhra Pradesh,Guntur,16.0738,79.5419,Village Road,Clear,Dusk,26,Female,Truck,34,No,No,No,Signal Jumping,Low,0.0
ACC38486,21-05-2024,13:57,Telangana,Khammam,17.7496,79.6585,State Highway,Foggy,Day,20,Male,Auto,73,No,No,No,Poor Weather Visibility,High,7.0
ACC38487,05-03-2023,19:13,Tamil Nadu,Salem,11.4025,78.0292,City Road,Cloudy,Night,39,Male,Auto,36,No,No,No,Poor Weather Visibility,Low,1.0
ACC38488,28-02-2022,20:33,Tamil Nadu,Chennai,10.2605,78.3734,Village Road,Rainy,Night,18,Male,Car,30,No,No,Yes,Poor Weather Visibility,Low,1.0
ACC38489,16-12-2024,01:21,Kerala,Kollam,10.3718,75.9641,State Highway,Clear,Night,18,Male,Truck,67,Yes,Yes,No,Drunk Driving,High,7.0
ACC38490,24-09-2022,21:46,Telangana,Hyderabad,18.1931,79.1942,Village Road,Clear,Night,34,Female,Car,46,No,Yes,No,Drowsy Driving,Medium,2.0
ACC38491,06-06-2023,01:52,Tamil Nadu,Salem,10.5917,78.5576,City Road,Foggy,Night,28,Male,Bike,60,Yes,No,No,Poor Weather Visibility,Medium,3.0
ACC38492,23-12-2023,19:18,Karnataka,Mangaluru,14.8542,75.2564,National Highway,Rainy,Night,30,Male,Bike,75,No,No,No,Poor Weather Visibility,High,7.0
ACC38493,28-01-2022,18:30,Tamil Nadu,Salem,11.1541,79.5927,National Highway,Clear,Dusk,43,Male,Car,76,No,No,No,Over Speeding,Low,3.0
ACC38494,12-09-2022,13:56,Tamil Nadu,Madurai,11.2667,78.4668,Expressway,Foggy,Day,37,Male,Car,64,No,No,No,Poor Weather Visibility,Medium,0.0
ACC38495,17-10-2024,06:48,Karnataka,Bengaluru Urban,15.5448,75.5162,State Highway,Cloudy,Day,34,Female,Bike,47,No,No,Yes,Pothole/Bad Road,Medium,4.0
ACC38496,29-06-2022,16:00,Tamil Nadu,Madurai,11.8139,79.0199,State Highway,Clear,Day,38,Female,Car,58,No,No,No,Signal Jumping,Low,0.0
ACC38497,28-10-2024,07:32,Karnataka,Mangaluru,15.4382,75.113,State Highway,Clear,Day,39,Male,Car,71,No,No,No,Over Speeding,Medium,3.0
ACC38498,25-06-2022,16:48,Karnataka,Belagavi,15.3718,76.1601,City Road,Rainy,Day,38,Female,Auto,53,No,No,No,Poor Weather Visibility,Medium,1.0
ACC38499,05-10-2023,21:29,Telangana,Khammam,17.4508,78.1107,National Highway,Overcast,Night,45,Male,Car,69,No,Yes,No,Drowsy Driving,High,3.0
ACC38500,05-10-2022,20:26,Andhra Pradesh,Guntur,15.7533,80.2232,National Highway,Overcast,Night,27,Male,Car,56,No,No,No,Poor Weather Visibility,Low,0.0
ACC38501,03-02-2024,17:55,Karnataka,Hubballi,15.0244,75.0213,City Road,Clear,Dusk,53,Male,Car,36,No,No,No,Signal Jumping,Low,1.0
ACC38502,03-04-2024,19:48,Karnataka,Hubballi,15.2174,75.5171,National Highway,Rainy,Night,52,Female,Car,64,Yes,No,No,Poor Weather Visibility,Medium,5.0
ACC38503,31-07-2024,08:45,Karnataka,Mangaluru,15.1104,76.1913,Expressway,Overcast,Day,22,Female,Bus,81,No,No,No,Over Speeding,Medium,5.0
ACC38504,22-02-2022,18:32,Kerala,Ernakulam,10.6512,76.0154,Village Road,Overcast,Dusk,34,Male,Car,48,No,No,Yes,Pothole/Bad Road,Medium,2.0
ACC38505,05-01-2023,21:47,Telangana,Warangal,18.5013,78.8024,State Highway,Rainy,Night,51,Male,Bike,47,No,No,No,Poor Weather Visibility,Medium,2.0
ACC38506,06-12-2022,11:19,Tamil Nadu,Madurai,10.9973,78.6191,State Highway,Clear,Day,28,Male,Bus,90,No,No,Yes,Over Speeding,High,4.0
ACC38507,01-01-2024,07:31,Telangana,Karimnagar,17.93,78.6537,Village Road,Clear,Day,33,Male,Bike,53,Yes,No,No,Drunk Driving,Medium,5.0
ACC38508,11-04-2022,18:04,Tamil Nadu,Madurai,11.0195,78.7509,Village Road,Cloudy,Dusk,44,Male,Bus,49,No,No,Yes,Signal Jumping,Low,1.0
ACC38509,20-08-2023,10:59,Kerala,Ernakulam,10.8236,76.2616,Expressway,Clear,Day,57,Male,Auto,74,No,No,No,Over Speeding,Low,1.0
ACC38510,15-09-2024,10:03,Tamil Nadu,Chennai,11.2393,79.16,Village Road,Clear,Day,18,Male,Bus,49,No,No,Yes,Pothole/Bad Road,Medium,2.0
ACC38511,26-02-2023,16:56,Telangana,Karimnagar,17.537,79.0619,National Highway,Clear,Day,33,Male,Truck,63,No,No,No,Signal Jumping,Low,2.0
ACC38512,23-02-2022,18:05,Tamil Nadu,Chennai,11.2324,79.0199,National Highway,Clear,Dusk,18,Female,Auto,79,No,No,No,Over Speeding,Medium,2.0
ACC38513,28-01-2023,19:47,Karnataka,Mangaluru,14.7291,75.9267,State Highway,Rainy,Night,27,Male,Bike,61,No,Yes,No,Poor Weather Visibility,Medium,4.0
ACC38514,01-02-2024,10:19,Karnataka,Bengaluru Urban,15.2078,76.414,National Highway,Cloudy,Day,27,Male,Car,81,No,No,No,Over Speeding,Medium,5.0
ACC38515,04-11-2023,13:18,Karnataka,Mangaluru,15.0833,75.6307,State Highway,Clear,Day,27,Female,Auto,62,No,No,No,Over Speeding,Medium,1.0
ACC38516,13-05-2023,13:55,Kerala,Thrissur,10.2477,75.78,State Highway,Clear,Day,18,Male,Bike,68,No,No,No,Signal Jumping,Low,0.0
ACC38517,15-08-2022,05:49,Kerala,Ernakulam,11.0386,76.6746,National Highway,Clear,Dawn,32,Female,Bike,68,No,No,No,Signal Jumping,Low,2.0
ACC38518,08-06-2023,16:44,Tamil Nadu,Madurai,11.0802,79.0821,State Highway,Clear,Day,50,Male,Truck,61,No,No,No,Signal Jumping,Low,0.0
ACC38519,08-11-2024,20:59,Kerala,Kollam,10.0191,76.0966,Village Road,Rainy,Night,35,Female,Auto,41,No,No,No,Poor Weather Visibility,Medium,1.0
ACC38520,16-06-2022,22:14,Andhra Pradesh,Visakhapatnam,15.9511,79.6318,National Highway,Overcast,Night,37,Male,Bus,75,No,No,No,Over Speeding,Medium,1.0
ACC38521,24-04-2023,10:06,Tamil Nadu,Madurai,11.3276,78.5501,National Highway,Cloudy,Day,18,Male,Bike,79,No,No,No,Over Speeding,High,1.0
ACC38522,24-04-2023,03:42,Telangana,Khammam,18.1629,79.0589,City Road,Clear,Night,49,Male,Bike,40,No,No,Yes,Pothole/Bad Road,Low,1.0
ACC38523,17-02-2024,17:19,Karnataka,Hubballi,14.9819,75.8816,City Road,Rainy,Dusk,28,Male,Bike,53,Yes,No,No,Poor Weather Visibility,Medium,5.0
ACC38524,05-11-2022,12:10,Kerala,Kozhikode,9.9607,77.105,State Highway,Overcast,Day,55,Male,Car,40,No,No,No,Poor Weather Visibility,Low,2.0
ACC38525,28-04-2023,00:39,Puducherry,Karaikal,11.8182,79.8211,Village Road,Overcast,Night,38,Female,Bike,51,No,Yes,Yes,Drowsy Driving,Medium,4.0
ACC38526,16-02-2023,13:56,Andhra Pradesh,Nellore,15.5869,79.721,National Highway,Clear,Day,18,Female,Auto,66,No,No,No,Signal Jumping,Medium,6.0
ACC38527,16-09-2022,13:39,Andhra Pradesh,Vijayawada,16.3462,79.7668,Expressway,Clear,Day,68,Male,Auto,73,No,No,No,Over Speeding,Low,2.0
ACC38528,09-01-2023,17:15,Tamil Nadu,Chennai,10.7089,79.5404,City Road,Clear,Dusk,40,Male,Auto,38,No,No,No,Poor Weather Visibility,Low,0.0
ACC38529,04-07-2024,19:57,Tamil Nadu,Madurai,10.9608,78.7634,City Road,Clear,Night,37,Male,Bike,28,No,No,No,Poor Weather Visibility,Low,1.0
ACC38530,03-01-2022,19:18,Tamil Nadu,Salem,11.5185,78.131,City Road,Clear,Night,21,Male,Car,55,Yes,No,No,Drunk Driving,Medium,2.0
ACC38531,30-11-2024,21:54,Andhra Pradesh,Guntur,15.7341,80.09,National Highway,Clear,Night,39,Female,Bike,77,No,No,No,Over Speeding,High,4.0
ACC38532,25-02-2023,17:17,Kerala,Thiruvananthapuram,10.5494,76.4971,City Road,Rainy,Dusk,56,Male,Bike,37,No,No,Yes,Poor Weather Visibility,Low,0.0
ACC38533,19-03-2022,01:05,Kerala,Thiruvananthapuram,11.0977,76.3397,State Highway,Clear,Night,50,Male,Bike,52,No,Yes,No,Drowsy Driving,Medium,0.0
ACC38534,15-07-2024,20:38,Andhra Pradesh,Vijayawada,16.4612,79.9249,State Highway,Cloudy,Night,29,Male,Bike,55,No,No,Yes,Pothole/Bad Road,Medium,5.0
ACC38535,06-11-2023,14:50,Tamil Nadu,Salem,11.0021,78.6481,National Highway,Clear,Day,39,Female,Auto,73,No,No,No,Over Speeding,Low,0.0
ACC38536,09-05-2024,17:18,Telangana,Hyderabad,17.6733,78.2792,City Road,Rainy,Dusk,24,Male,Bike,52,No,No,No,Poor Weather Visibility,Medium,1.0
ACC38537,16-01-2022,14:21,Tamil Nadu,Salem,11.1868,78.5466,City Road,Cloudy,Day,49,Male,Bike,50,No,No,Yes,Pothole/Bad Road,Medium,3.0
ACC38538,14-05-2024,10:05,Telangana,Nizamabad,17.9413,79.2936,Village Road,Clear,Day,45,Male,Auto,31,No,No,No,Poor Weather Visibility,Low,2.0
ACC38539,17-05-2024,18:28,Telangana,Hyderabad,17.9734,78.5758,City Road,Overcast,Dusk,18,Male,Bike,52,No,No,No,Poor Weather Visibility,Low,1.0
ACC38540,11-07-2024,16:06,Tamil Nadu,Tiruchirappalli,10.9305,78.1055,Village Road,Cloudy,Day,53,Male,Auto,57,No,Yes,No,Drowsy Driving,Medium,4.0
ACC38541,13-02-2024,15:10,Tamil Nadu,Chennai,10.8677,79.0527,National Highway,Clear,Day,24,Male,Bike,92,Yes,No,No,Over Speeding,High,5.0
ACC38542,03-02-2022,09:16,Telangana,Karimnagar,17.7961,78.7478,National Highway,Clear,Day,41,Male,Bike,59,No,No,Yes,Pothole/Bad Road,Medium,2.0
ACC38543,06-06-2023,11:56,Andhra Pradesh,Kurnool,16.4407,79.9589,Expressway,Clear,Day,61,Male,Bus,61,No,No,Yes,Pothole/Bad Road,Low,
ACC38544,31-01-2022,08:25,Kerala,Thrissur,9.9623,76.0076,Village Road,Overcast,Day,23,Male,Bike,51,No,No,Yes,Pothole/Bad Road,Medium,2.0
ACC38545,21-02-2022,12:27,Telangana,Warangal,18.2163,78.6791,Village Road,Clear,Day,30,Male,Car,27,No,No,No,Poor Weather Visibility,Low,1.0
ACC38546,06-05-2022,05:44,Andhra Pradesh,Nellore,15.811,79.9282,City Road,Rainy,Dawn,18,Female,Bike,47,No,No,No,Poor Weather Visibility,Low,1.0
ACC38547,14-04-2024,07:39,Telangana,Hyderabad,17.8986,78.8064,City Road,Cloudy,Day,33,Male,Bike,64,No,No,Yes,Pothole/Bad Road,Medium,2.0
ACC38548,25-11-2023,18:49,Telangana,Khammam,17.8005,78.8799,National Highway,Foggy,Dusk,37,Female,Bike,65,No,No,No,Poor Weather Visibility,High,7.0
ACC38549,31-08-2022,10:34,Kerala,Thrissur,10.5822,76.9098,Village Road,Rainy,Day,52,Female,Car,47,No,Yes,Yes,Poor Weather Visibility,Low,0.0
ACC38550,14-07-2024,23:42,Telangana,Karimnagar,18.7024,79.5372,Village Road,Clear,Night,37,Male,Car,15,No,No,No,Signal Jumping,Low,1.0
ACC38551,24-09-2022,20:16,Tamil Nadu,Coimbatore,11.3825,78.6762,City Road,Overcast,Night,59,Female,Truck,55,Yes,No,Yes,Drunk Driving,Medium,
ACC38552,29-11-2024,18:23,Kerala,Thrissur,10.197,75.8628,State Highway,Clear,Dusk,39,Male,Auto,49,No,No,Yes,Pothole/Bad Road,Low,1.0
ACC38553,13-02-2022,23:23,Kerala,Kozhikode,10.5247,75.9641,State Highway,Clear,Night,20,Male,Auto,43,No,No,No,Signal Jumping,Low,0.0
ACC38554,26-03-2022,15:01,Tamil Nadu,Madurai,11.8504,78.9273,State Highway,Clear,Day,47,Female,Car,67,Yes,No,No,Drunk Driving,Medium,3.0
ACC38555,20-02-2022,22:08,Kerala,Ernakulam,9.7359,76.6866,National Highway,Clear,Night,63,Male,Bike,69,No,No,No,Over Speeding,Medium,6.0
ACC38556,01-06-2023,16:03,Kerala,Ernakulam,10.303,76.1213,State Highway,Clear,Day,18,Male,Bus,65,No,Yes,No,Drowsy Driving,Medium,0.0
ACC38557,14-01-2022,21:15,Karnataka,Bengaluru Urban,15.8385,75.2225,Village Road,Cloudy,Night,31,Male,Car,47,No,No,Yes,Pothole/Bad Road,Medium,6.0
ACC38558,29-08-2023,21:56,Puducherry,Puducherry,12.1599,80.5344,Village Road,Cloudy,Night,38,Male,Car,53,No,Yes,No,Drowsy Driving,Medium,3.0
ACC38559,06-04-2022,20:48,Karnataka,Mangaluru,15.8496,76.1889,State Highway,Rainy,Night,54,Male,Bike,60,No,No,Yes,Poor Weather Visibility,Medium,1.0
ACC38560,20-06-2022,16:39,Karnataka,Bengaluru Urban,15.4103,75.516,City Road,Foggy,Day,38,Female,Auto,56,No,No,No,Poor Weather Visibility,Low,1.0
ACC38561,01-01-2024,13:33,Tamil Nadu,Salem,11.4325,78.5333,State Highway,Cloudy,Day,39,Female,Car,82,Yes,No,No,Drunk Driving,High,9.0
ACC38562,28-08-2023,04:43,Tamil Nadu,Madurai,11.1655,78.5965,State Highway,Clear,Night,46,Male,Car,69,No,No,No,Over Speeding,Low,0.0
ACC38563,03-10-2022,03:38,Kerala,Thrissur,9.7574,76.1528,National Highway,Rainy,Night,28,Female,Auto,92,Yes,No,No,Over Speeding,High,7.0
ACC38564,29-10-2022,09:27,Karnataka,Mangaluru,14.5555,75.7716,State Highway,Foggy,Day,34,Female,Bike,57,No,No,No,Poor Weather Visibility,Medium,4.0
ACC38565,02-04-2022,02:47,Telangana,Hyderabad,17.9579,78.8185,State Highway,Cloudy,Night,45,Male,Bike,51,No,No,No,Poor Weather Visibility,Low,1.0
ACC38566,03-04-2022,20:30,Karnataka,Belagavi,15.506,75.8151,National Highway,Clear,Night,50,Male,Bike,71,Yes,No,No,Drunk Driving,High,7.0
ACC38567,05-08-2023,05:49,Tamil Nadu,Tiruchirappalli,11.2412,78.7201,Village Road,Clear,Dawn,44,Male,Auto,57,Yes,No,No,Drunk Driving,Medium,1.0
ACC38568,07-03-2024,07:40,Karnataka,Bengaluru Urban,15.3553,75.152,National Highway,Clear,Day,23,Male,Car,71,No,No,No,Over Speeding,Medium,1.0
ACC38569,12-04-2023,17:13,Telangana,Warangal,17.4898,79.067,State Highway,Clear,Dusk,21,Male,Bike,64,No,No,No,Over Speeding,Medium,6.0
ACC38570,25-07-2023,20:49,Tamil Nadu,Tiruchirappalli,11.0224,78.7182,Expressway,Cloudy,Night,46,Female,Car,96,No,No,No,Over Speeding,High,5.0
ACC38571,01-09-2022,20:31,Andhra Pradesh,Visakhapatnam,16.2888,80.2026,Expressway,Cloudy,Night,27,Male,Auto,94,Yes,No,No,Over Speeding,High,6.0
ACC38572,22-06-2023,20:24,Tamil Nadu,Coimbatore,10.3898,78.1792,Expressway,Clear,Night,56,Male,Bike,111,Yes,No,Yes,Over Speeding,High,
ACC38573,15-11-2023,12:10,Karnataka,Belagavi,15.4495,76.0445,National Highway,Rainy,Day,24,Male,Bike,68,No,No,No,Poor Weather Visibility,High,7.0
ACC38574,05-07-2024,12:14,Karnataka,Belagavi,15.4249,75.6813,State Highway,Cloudy,Day,29,Female,Bike,49,No,No,No,Poor Weather Visibility,Medium,3.0
ACC38575,23-01-2022,19:07,Puducherry,Puducherry,11.9301,80.2503,Village Road,Clear,Night,35,Male,Bike,48,No,No,Yes,Signal Jumping,Medium,2.0
ACC38576,06-11-2022,16:47,Tamil Nadu,Madurai,11.1796,78.3585,City Road,Cloudy,Day,53,Male,Car,44,No,No,No,Poor Weather Visibility,Low,1.0
ACC38577,18-05-2023,10:08,Telangana,Karimnagar,17.8577,79.1861,Expressway,Rainy,Day,42,Male,Auto,80,No,Yes,Yes,Poor Weather Visibility,High,8.0
ACC38578,05-07-2022,22:41,Tamil Nadu,Tiruchirappalli,11.1358,78.9731,State Highway,Overcast,Night,50,Female,Car,57,No,No,No,Poor Weather Visibility,Low,0.0
ACC38579,22-04-2022,04:12,Telangana,Karimnagar,17.3761,78.3793,State Highway,Clear,Night,27,Male,Bus,53,No,No,No,Poor Weather Visibility,Low,1.0
ACC38580,17-07-2022,18:05,Andhra Pradesh,Kurnool,15.5587,79.7158,City Road,Clear,Dusk,20,Male,Bike,52,Yes,No,Yes,Drunk Driving,Medium,1.0
ACC38581,22-07-2023,18:48,Karnataka,Hubballi,15.9762,75.3341,City Road,Rainy,Dusk,30,Female,Bike,47,No,No,Yes,Poor Weather Visibility,Low,0.0
ACC38582,08-10-2022,15:28,Telangana,Karimnagar,17.8923,78.8163,City Road,Clear,Day,26,Female,Car,71,No,Yes,No,Drowsy Driving,Low,0.0