Accident_ID,Date,Time,State,District,Latitude,Longitude,Road_Type,Weather,Light_Condition,Driver_Age,Driver_Gender,Vehicle_Type,Speed_kmph,Alcohol_Involved,Driver_Drowsy,Pothole_Involved,Cause_of_Accident,Severity,Casualties
ACC38583,10-01-2024,08:55,Karnataka,Belagavi,15.0638,75.5525,State Highway,Overcast,Day,18,Male,Car,77,Yes,No,No,Drunk Driving,High,7.0
ACC38584,06-12-2023,06:24,Karnataka,Mangaluru,15.0112,74.9419,National Highway,Cloudy,Day,43,Male,Bike,88,No,No,No,Over Speeding,Medium,4.0
ACC38585,09-08-2023,20:37,Telangana,Karimnagar,17.835,79.0251,Expressway,Cloudy,Night,18,Male,Truck,79,No,No,Yes,Over Speeding,High,5.0
ACC38586,16-03-2024,06:08,Andhra Pradesh,Vijayawada,16.1456,80.0693,State Highway,Overcast,Day,48,Male,Bike,49,No,No,No,Poor Weather Visibility,Low,0.0
ACC38587,16-05-2024,17:48,Tamil Nadu,Coimbatore,11.7698,78.4156,City Road,Clear,Dusk,22,Female,Bike,43,No,No,Yes,Pothole/Bad Road,Low,0.0
ACC38588,05-10-2024,17:11,Andhra Pradesh,Nellore,15.7589,79.8089,City Road,Overcast,Dusk,19,Male,Auto,51,No,No,No,Signal Jumping,Low,
ACC38589,28-09-2023,22:38,Telangana,Hyderabad,18.2448,78.6515,National Highway,Foggy,Night,44,Female,Auto,41,No,No,Yes,Poor Weather Visibility,Medium,
ACC38590,04-04-2023,10:47,Andhra Pradesh,Guntur,15.7782,79.5848,National Highway,Clear,Day,49,Male,Truck,74,No,No,No,Signal Jumping,Medium,
ACC38591,08-12-2024,13:21,Kerala,Kollam,10.5177,76.7528,State Highway,Cloudy,Day,18,Male,Bike,60,No,No,No,Poor Weather Visibility,Medium,3.0
ACC38592,09-01-2022,07:13,Karnataka,Mangaluru,14.9916,76.0642,State Highway,Rainy,Day,18,Male,Auto,62,No,No,No,Poor Weather Visibility,Medium,6.0
ACC38593,21-08-2022,05:12,Karnataka,Mysuru,15.4945,74.7903,Village Road,Clear,Dawn,45,Male,Car,45,No,No,Yes,Signal Jumping,Low,1.0
ACC38594,06-05-2024,11:29,Karnataka,Hubballi,15.4425,76.437,National Highway,Clear,Day,48,Male,Car,91,No,No,No,Over Speeding,Medium,3.0
ACC38595,09-04-2023,10:50,Kerala,Kozhikode,10.6388,75.9167,Village Road,Clear,Day,44,Male,Bus,38,No,No,No,Signal Jumping,Low,0.0
ACC38596,25-05-2022,09:12,Kerala,Kollam,10.5891,76.96,National Highway,Rainy,Day,60,Male,Bike,60,No,No,No,Poor Weather Visibility,Medium,2.0
ACC38597,21-10-2024,08:53,Tamil Nadu,Madurai,11.0322,78.8746,City Road,Clear,Day,37,Female,Bus,43,No,No,No,Signal Jumping,Low,1.0
ACC38598,13-07-2024,18:54,Kerala,Kozhikode,10.4827,76.3773,Village Road,Clear,Dusk,36,Male,Bike,40,No,No,No,Signal Jumping,Low,1.0
ACC38599,23-12-2022,13:53,Puducherry,Karaikal,12.4054,79.0625,Village Road,Clear,Day,36,Female,Car,48,No,No,Yes,Pothole/Bad Road,Low,0.0
ACC38600,28-08-2023,20:56,Tamil Nadu,Coimbatore,10.579,79.1332,National Highway,Cloudy,Night,27,Female,Car,77,No,No,Yes,Over Speeding,Medium,
ACC38601,20-04-2022,01:21,Tamil Nadu,Tiruchirappalli,11.5733,78.878,National Highway,Clear,Night,41,Male,Bus,70,No,No,No,Signal Jumping,Medium,2.0
ACC38602,19-01-2023,17:51,Karnataka,Hubballi,15.12,75.1787,Village Road,Overcast,Dusk,42,Male,Bike,52,No,No,Yes,Pothole/Bad Road,Medium,2.0
ACC38603,14-09-2022,06:01,Tamil Nadu,Tiruchirappalli,10.8208,78.513,State Highway,Rainy,Day,23,Male,Bike,32,No,No,Yes,Poor Weather Visibility,Low,1.0
ACC38604,29-09-2024,16:15,Karnataka,Mangaluru,15.2354,75.147,City Road,Rainy,Day,25,Male,Car,52,No,No,No,Poor Weather Visibility,Low,0.0
ACC38605,08-08-2022,12:24,Kerala,Ernakulam,10.4715,76.2798,City Road,Cloudy,Day,39,Male,Bike,37,No,No,Yes,Pothole/Bad Road,Low,0.0
ACC38606,13-09-2024,18:37,Karnataka,Mangaluru,15.1085,75.6164,National Highway,Clear,Dusk,18,Male,Bike,81,No,No,No,Over Speeding,Medium,1.0
ACC38607,19-06-2024,16:41,Kerala,Ernakulam,9.8156,76.0144,State Highway,Clear,Day,26,Male,Auto,89,No,No,No,Over Speeding,Medium,5.0
ACC38608,13-10-2022,08:10,Puducherry,Karaikal,11.5587,79.4292,City Road,Cloudy,Day,35,Male,Bike,40,No,No,Yes,Pothole/Bad Road,Low,0.0
ACC38609,21-02-2024,06:52,Karnataka,Belagavi,15.5933,75.226,State Highway,Overcast,Day,18,Male,Bus,74,No,Yes,No,Drowsy Driving,High,4.0
ACC38610,11-12-2023,12:03,Karnataka,Mangaluru,15.5193,75.8434,National Highway,Overcast,Day,50,Female,Car,74,No,No,No,Over Speeding,Medium,0.0
ACC38611,11-03-2022,08:15,Tamil Nadu,Chennai,10.3994,79.0845,National Highway,Clear,Day,37,Male,Bike,60,No,No,No,Signal Jumping,Medium,1.0
ACC38612,05-03-2022,05:19,Telangana,Warangal,18.2288,78.6477,National Highway,Clear,Dawn,22,Female,Bike,67,No,No,No,Over Speeding,Medium,1.0
ACC38613,09-11-2023,14:55,Tamil Nadu,Chennai,10.6207,78.479,National Highway,Rainy,Day,25,Male,Car,59,No,No,No,Poor Weather Visibility,Low,0.0
ACC38614,13-07-2023,20:58,Andhra Pradesh,Nellore,16.4216,79.7818,City Road,Clear,Night,49,Female,Bike,57,No,Yes,No,Drowsy Driving,Medium,4.0
ACC38615,09-07-2023,04:18,Andhra Pradesh,Kurnool,15.3696,80.5752,City Road,Clear,Night,51,Male,Car,37,No,No,No,Poor Weather Visibility,Low,0.0
ACC38616,02-08-2023,12:38,Kerala,Ernakulam,10.5695,75.7455,Expressway,Clear,Day,52,Female,Bus,78,No,No,No,Over Speeding,Medium,0.0
ACC38617,09-07-2023,21:29,Tamil Nadu,Tiruchirappalli,10.9082,78.9994,National Highway,Clear,Night,37,Male,Truck,49,No,No,No,Signal Jumping,Low,2.0
ACC38618,22-12-2023,10:17,Tamil Nadu,Tiruchirappalli,10.969,78.5909,National Highway,Overcast,Day,49,Male,Bike,55,No,No,No,Poor Weather Visibility,Medium,6.0
ACC38619,30-01-2022,08:29,Tamil Nadu,Coimbatore,10.6863,78.7992,Village Road,Clear,Day,37,Female,Bike,69,No,Yes,Yes,Drowsy Driving,High,7.0
ACC38620,01-04-2023,13:57,Tamil Nadu,Salem,11.1439,78.8495,City Road,Clear,Day,30,Male,Bus,94,Yes,Yes,No,Over Speeding,High,4.0
ACC38621,19-06-2024,17:45,Kerala,Kollam,10.4962,75.8976,Expressway,Rainy,Dusk,39,Female,Car,84,No,No,No,Poor Weather Visibility,High,8.0
ACC38622,17-12-2024,00:03,Telangana,Khammam,18.034,78.3726,State Highway,Overcast,Night,44,Male,Truck,77,No,Yes,No,Drowsy Driving,Medium,2.0
ACC38623,09-04-2022,11:32,Kerala,Kozhikode,9.7146,75.6135,Village Road,Clear,Day,53,Male,Car,25,No,No,No,Poor Weather Visibility,Low,0.0
ACC38624,05-07-2022,12:25,Andhra Pradesh,Guntur,15.9188,79.7096,State Highway,Clear,Day,18,Female,Auto,56,No,No,No,Signal Jumping,Low,0.0
ACC38625,14-03-2024,00:05,Andhra Pradesh,Visakhapatnam,15.4436,80.502,Village Road,Clear,Night,60,Male,Bike,33,No,Yes,Yes,Drowsy Driving,Medium,3.0
ACC38626,02-07-2024,10:11,Kerala,Thiruvananthapuram,9.2982,76.6475,National Highway,Cloudy,Day,26,Female,Truck,74,No,No,Yes,Pothole/Bad Road,Medium,1.0
ACC38627,07-05-2024,20:27,Kerala,Kozhikode,9.4392,76.4326,National Highway,Cloudy,Night,24,Male,Car,72,No,Yes,No,Drowsy Driving,Medium,4.0
ACC38628,03-05-2024,10:44,Kerala,Kozhikode,10.2421,76.2456,State Highway,Clear,Day,29,Female,Bike,51,No,No,No,Signal Jumping,Low,1.0
ACC38629,27-06-2023,17:12,Tamil Nadu,Tiruchirappalli,10.6741,78.0492,Village Road,Rainy,Dusk,35,Male,Bike,46,No,No,Yes,Poor Weather Visibility,Medium,4.0
ACC38630,09-03-2023,17:17,Andhra Pradesh,Kurnool,15.4507,79.5065,City Road,Rainy,Dusk,29,Female,Bike,75,Yes,No,No,Poor Weather Visibility,High,8.0
ACC38631,02-05-2022,17:03,Puducherry,Karaikal,11.5242,80.2349,City Road,Overcast,Dusk,42,Male,Bike,54,No,No,No,Poor Weather Visibility,Low,0.0
ACC38632,24-03-2024,08:46,Karnataka,Mysuru,14.6132,75.0292,National Highway,Clear,Day,46,Female,Car,71,No,No,Yes,Pothole/Bad Road,Medium,4.0
ACC38633,15-12-2022,13:07,Karnataka,Bengaluru Urban,15.982,75.2301,City Road,Clear,Day,40,Male,Bike,33,No,No,No,Signal Jumping,Low,0.0
ACC38634,27-09-2023,13:05,Andhra Pradesh,Kurnool,15.9551,79.8666,State Highway,Overcast,Day,40,Male,Auto,56,No,No,No,Poor Weather Visibility,Low,2.0
ACC38635,26-05-2022,10:09,Tamil Nadu,Tiruchirappalli,11.6802,77.8253,City Road,Foggy,Day,31,Male,Bike,39,No,No,No,Poor Weather Visibility,Low,0.0
ACC38636,31-03-2022,09:32,Kerala,Thiruvananthapuram,10.1183,75.5337,National Highway,Clear,Day,44,Male,Auto,65,No,No,No,Over Speeding,Low,2.0
ACC38637,13-08-2024,19:27,Kerala,Kozhikode,10.142,76.2002,Village Road,Cloudy,Night,34,Female,Bike,37,No,Yes,Yes,Drowsy Driving,Medium,1.0
ACC38638,24-04-2022,21:05,Tamil Nadu,Madurai,11.205,78.8464,State Highway,Rainy,Night,30,Male,Auto,69,No,Yes,No,Poor Weather Visibility,Medium,5.0
ACC38639,12-11-2024,08:11,Telangana,Warangal,17.6191,79.2505,Village Road,Rainy,Day,24,Male,Bus,42,No,No,Yes,Poor Weather Visibility,Medium,3.0
ACC38640,10-10-2024,07:01,Tamil Nadu,Coimbatore,10.307,77.8852,State Highway,Clear,Day,47,Male,Bike,63,No,No,No,Over Speeding,Medium,3.0
ACC38641,29-06-2024,15:51,Telangana,Khammam,18.806,79.0519,Village Road,Rainy,Day,22,Male,Car,57,Yes,No,Yes,Poor Weather Visibility,High,3.0
ACC38642,04-07-2022,10:43,Andhra Pradesh,Vijayawada,15.9858,79.4083,State Highway,Cloudy,Day,56,Male,Car,61,No,No,No,Poor Weather Visibility,Low,0.0
ACC38643,24-08-2023,14:27,Telangana,Hyderabad,17.3706,78.8578,National Highway,Clear,Day,43,Female,Truck,94,Yes,No,No,Over Speeding,High,9.0
ACC38644,14-10-2023,09:29,Karnataka,Hubballi,15.1516,74.6918,City Road,Cloudy,Day,42,Female,Truck,33,No,No,No,Poor Weather Visibility,Low,0.0
ACC38645,16-02-2023,09:42,Karnataka,Bengaluru Urban,14.4833,75.5989,National Highway,Cloudy,Day,48,Male,Bike,66,No,No,No,Signal Jumping,Medium,4.0
ACC38646,10-10-2022,16:28,Tamil Nadu,Chennai,10.3428,78.7303,Village Road,Cloudy,Day,40,Male,Car,41,No,No,Yes,Pothole/Bad Road,Low,2.0
ACC38647,16-07-2024,07:10,Tamil Nadu,Chennai,11.3959,79.2747,State Highway,Clear,Day,19,Male,Truck,58,No,No,No,Poor Weather Visibility,Low,0.0
ACC38648,05-07-2023,21:34,Karnataka,Belagavi,15.4839,75.6521,City Road,Rainy,Night,36,Male,Bus,52,No,Yes,Yes,Poor Weather Visibility,Medium,1.0
ACC38649,27-10-2024,09:34,Karnataka,Hubballi,15.6251,75.091,City Road,Cloudy,Day,30,Female,Auto,48,No,No,No,Signal Jumping,Low,1.0
ACC38650,06-02-2024,14:27,Tamil Nadu,Coimbatore,10.7355,78.7939,Expressway,Clear,Day,55,Male,Bus,60,No,No,No,Over Speeding,Medium,3.0
ACC38651,10-12-2023,15:02,Telangana,Warangal,17.701,79.1339,City Road,Clear,Day,63,Male,Truck,62,Yes,No,No,Drunk Driving,Low,
ACC38652,06-02-2024,17:15,Telangana,Warangal,17.7195,78.7087,Expressway,Rainy,Dusk,34,Male,Car,83,No,No,Yes,Poor Weather Visibility,High,3.0
ACC38653,23-05-2024,11:18,Andhra Pradesh,Guntur,16.0884,80.1305,Village Road,Overcast,Day,63,Male,Bike,43,No,No,Yes,Pothole/Bad Road,Low,2.0
ACC38654,16-05-2022,20:36,Tamil Nadu,Madurai,11.554,77.8168,City Road,Rainy,Night,56,Male,Car,41,No,No,No,Poor Weather Visibility,Medium,1.0
ACC38655,23-04-2023,04:06,Andhra Pradesh,Visakhapatnam,15.2382,79.2219,Expressway,Cloudy,Night,52,Female,Bike,86,No,Yes,No,Over Speeding,High,7.0
ACC38656,11-06-2022,03:14,Puducherry,Puducherry,12.5052,80.9188,Village Road,Cloudy,Night,45,Female,Car,51,No,No,No,Poor Weather Visibility,Medium,2.0
ACC38657,07-04-2023,23:25,Telangana,Khammam,18.7599,79.4253,State Highway,Clear,Night,46,Male,Car,79,Yes,Yes,No,Drunk Driving,High,6.0
ACC38658,13-11-2023,19:49,Tamil Nadu,Coimbatore,11.4387,79.0093,City Road,Clear,Night,47,Male,Truck,32,No,No,No,Signal Jumping,Low,0.0
ACC38659,02-05-2023,17:15,Kerala,Kollam,10.391,76.3022,State Highway,Rainy,Dusk,49,Male,Bus,68,No,No,Yes,Poor Weather Visibility,Medium,2.0
ACC38660,15-12-2023,17:44,Andhra Pradesh,Nellore,15.7364,79.6813,State Highway,Rainy,Dusk,53,Male,Bike,58,Yes,No,Yes,Poor Weather Visibility,High,5.0
ACC38661,04-01-2023,18:50,Tamil Nadu,Coimbatore,11.4227,79.1491,Village Road,Rainy,Dusk,34,Male,Bike,29,No,No,Yes,Poor Weather Visibility,Low,0.0
ACC38662,24-09-2023,13:44,Karnataka,Belagavi,15.1723,75.6746,State Highway,Clear,Day,37,Female,Car,47,No,No,No,Signal Jumping,Low,0.0
ACC38663,15-03-2023,07:38,Puducherry,Karaikal,12.5352,79.5753,City Road,Overcast,Day,34,Male,Auto,40,No,No,No,Poor Weather Visibility,Low,0.0
ACC38664,24-04-2023,11:31,Tamil Nadu,Coimbatore,10.8738,79.3336,Village Road,Rainy,Day,55,Male,Car,38,No,No,No,Poor Weather Visibility,Low,1.0
ACC38665,16-03-2022,20:22,Kerala,Thiruvananthapuram,9.9571,76.4871,City Road,Overcast,Night,23,Male,Bike,50,No,No,Yes,Signal Jumping,Medium,4.0
ACC38666,13-06-2024,04:41,Andhra Pradesh,Nellore,15.9135,79.0022,State Highway,Rainy,Night,41,Male,Auto,65,No,No,Yes,Poor Weather Visibility,High,8.0
ACC38667,04-07-2023,18:45,Andhra Pradesh,Vijayawada,16.1732,80.0425,State Highway,Clear,Dusk,29,Female,Car,49,No,No,No,Poor Weather Visibility,Low,1.0
ACC38668,07-06-2022,07:16,Andhra Pradesh,Guntur,15.0727,79.6036,National Highway,Clear,Day,42,Female,Car,66,No,No,No,Signal Jumping,Medium,1.0
ACC38669,25-08-2022,18:50,Karnataka,Bengaluru Urban,14.972,76.4078,State Highway,Clear,Dusk,40,Male,Car,57,No,No,No,Poor Weather Visibility,Medium,4.0
ACC38670,05-06-2023,09:18,Kerala,Thiruvananthapuram,10.0454,76.573,National Highway,Rainy,Day,31,Male,Car,59,No,No,No,Poor Weather Visibility,Medium,5.0
ACC38671,12-08-2024,07:58,Karnataka,Hubballi,15.8475,76.2879,Village Road,Clear,Day,28,Male,Bus,49,No,No,No,Signal Jumping,Low,0.0
ACC38672,01-08-2024,20:00,Telangana,Nizamabad,17.3031,79.1047,City Road,Overcast,Night,21,Male,Car,61,Yes,No,No,Drunk Driving,Medium,
ACC38673,14-07-2022,06:44,Telangana,Nizamabad,18.0148,78.7275,City Road,Clear,Day,28,Male,Bike,57,No,Yes,No,Drowsy Driving,Low,2.0
ACC38674,19-02-2024,13:58,Karnataka,Mysuru,15.1408,75.2707,National Highway,Clear,Day,26,Male,Auto,72,No,No,No,Over Speeding,Low,3.0
ACC38675,02-05-2023,14:34,Telangana,Karimnagar,17.7488,78.8798,City Road,Cloudy,Day,28,Female,Bike,42,No,No,No,Poor Weather Visibility,Low,1.0
ACC38676,02-06-2022,07:52,Tamil Nadu,Coimbatore,11.4182,78.6056,City Road,Overcast,Day,18,Male,Bike,40,No,No,No,Poor Weather Visibility,Low,1.0
ACC38677,08-02-2022,01:11,Kerala,Kozhikode,10.1784,76.6446,Expressway,Cloudy,Night,61,Female,Bike,62,No,Yes,No,Drowsy Driving,High,12.0
ACC38678,19-11-2024,20:49,Andhra Pradesh,Visakhapatnam,15.8571,79.5347,Expressway,Overcast,Night,52,Female,Bus,78,No,Yes,No,Drowsy Driving,High,
ACC38679,10-12-2024,11:31,Karnataka,Bengaluru Urban,14.8636,75.8855,Village Road,Rainy,Day,39,Female,Bike,35,No,No,No,Poor Weather Visibility,Low,1.0
ACC38680,17-03-2023,17:25,Andhra Pradesh,Nellore,15.3194,80.2534,State Highway,Rainy,Dusk,42,Female,Bike,58,No,No,No,Poor Weather Visibility,Low,0.0
ACC38681,24-04-2024,16:30,Andhra Pradesh,Nellore,15.9041,79.8944,City Road,Clear,Day,55,Male,Auto,26,No,No,No,Poor Weather Visibility,Low,1.0
ACC38682,29-11-2022,13:11,Telangana,Khammam,17.3651,79.0849,Expressway,Rainy,Day,30,Male,Bike,94,No,No,No,Over Speeding,High,
ACC38683,01-03-2023,20:07,Puducherry,Puducherry,11.3699,79.4822,National Highway,Cloudy,Night,46,Male,Auto,90,Yes,No,No,Over Speeding,High,4.0
ACC38684,30-10-2024,05:15,Tamil Nadu,Tiruchirappalli,11.3238,79.1859,State Highway,Clear,Dawn,30,Male,Bus,61,No,Yes,No,Drowsy Driving,Low,1.0
ACC38685,27-07-2024,08:11,Telangana,Nizamabad,18.4523,79.1293,State Highway,Clear,Day,28,Female,Auto,86,No,Yes,No,Over Speeding,Medium,6.0
ACC38686,25-02-2022,13:27,Tamil Nadu,Tiruchirappalli,11.3875,78.7886,State Highway,Rainy,Day,37,Male,Bike,50,No,No,No,Poor Weather Visibility,Low,0.0
ACC38687,19-06-2024,19:42,Karnataka,Belagavi,15.4872,75.5325,State Highway,Cloudy,Night,30,Male,Bike,71,No,No,No,Poor Weather Visibility,High,7.0
ACC38688,09-05-2023,08:36,Tamil Nadu,Madurai,11.107,78.6195,City Road,Rainy,Day,18,Male,Auto,62,No,No,No,Poor Weather Visibility,Medium,2.0
ACC38689,05-08-2022,14:54,Andhra Pradesh,Visakhapatnam,16.0876,79.9489,Village Road,Clear,Day,48,Male,Bike,40,No,No,Yes,Pothole/Bad Road,Low,0.0
ACC38690,08-03-2023,18:36,Andhra Pradesh,Kurnool,15.6725,79.9662,State Highway,Clear,Dusk,48,Male,Car,52,No,No,Yes,Pothole/Bad Road,Low,1.0
ACC38691,04-03-2024,15:24,Tamil Nadu,Tiruchirappalli,11.1654,78.9492,Village Road,Overcast,Day,45,Female,Auto,63,Yes,No,No,Drunk Driving,High,8.0
ACC38692,01-11-2024,19:13,Karnataka,Hubballi,15.3783,75.5315,State Highway,Clear,Night,41,Male,Car,67,No,No,No,Over Speeding,Medium,0.0
ACC38693,15-08-2024,14:06,Kerala,Ernakulam,10.3129,76.1479,National Highway,Clear,Day,48,Male,Bike,75,No,No,No,Over Speeding,Medium,2.0
ACC38694,05-01-2023,14:41,Tamil Nadu,Tiruchirappalli,11.1589,77.995,Village Road,Cloudy,Day,39,Female,Bus,52,No,Yes,No,Drowsy Driving,Medium,2.0
ACC38695,06-06-2024,09:03,Andhra Pradesh,Guntur,15.7036,80.0908,Expressway,Cloudy,Day,42,Male,Truck,77,No,No,No,Over Speeding,Medium,4.0
ACC38696,26-11-2024,16:30,Andhra Pradesh,Nellore,16.2604,79.5568,City Road,Clear,Day,43,Male,Bike,44,No,No,No,Poor Weather Visibility,Low,1.0
ACC38697,21-09-2022,08:38,Andhra Pradesh,Vijayawada,15.9175,79.861,City Road,Clear,Day,31,Male,Bike,43,No,No,No,Signal Jumping,Low,0.0
ACC38698,11-05-2024,18:36,Andhra Pradesh,Guntur,16.0647,79.9352,City Road,Rainy,Dusk,23,Female,Bike,52,No,No,Yes,Poor Weather Visibility,Medium,3.0
ACC38699,21-07-2024,20:02,Karnataka,Mysuru,15.7141,75.0209,State Highway,Clear,Night,22,Male,Auto,67,No,No,No,Over Speeding,Medium,
ACC38700,18-05-2023,04:38,Karnataka,Belagavi,15.1048,75.9992,National Highway,Foggy,Night,35,Male,Car,69,No,No,No,Poor Weather Visibility,Medium,1.0
ACC38701,30-01-2023,16:38,Karnataka,Mysuru,14.7836,75.7676,Expressway,Cloudy,Day,28,Male,Car,82,Yes,No,No,Drunk Driving,Medium,5.0
ACC38702,21-03-2024,09:29,Telangana,Hyderabad,17.7285,79.6604,City Road,Overcast,Day,53,Male,Bike,38,No,No,No,Poor Weather Visibility,Low,2.0
ACC38703,22-07-2024,19:47,Karnataka,Belagavi,15.4426,75.8523,National Highway,Foggy,Night,41,Male,Bike,83,Yes,No,No,Poor Weather Visibility,High,5.0
ACC38704,18-09-2024,10:15,Telangana,Karimnagar,18.0825,78.8668,State Highway,Cloudy,Day,24,Male,Bike,48,No,No,No,Poor Weather Visibility,Low,1.0
ACC38705,23-04-2024,14:27,Kerala,Kollam,10.3519,76.2872,State Highway,Clear,Day,53,Male,Truck,55,No,No,No,Signal Jumping,Low,2.0
ACC38706,25-11-2022,17:47,Karnataka,Hubballi,15.5847,75.8817,City Road,Overcast,Dusk,34,Male,Car,42,No,No,Yes,Pothole/Bad Road,Low,0.0
ACC38707,14-06-2024,12:57,Andhra Pradesh,Vijayawada,16.0322,78.9085,Village Road,Clear,Day,36,Female,Car,26,No,No,Yes,Pothole/Bad Road,Low,0.0
ACC38708,19-06-2024,05:03,Kerala,Thiruvananthapuram,10.143,76.5271,National Highway,Cloudy,Dawn,37,Male,Car,76,No,No,No,Over Speeding,Medium,1.0
ACC38709,10-11-2022,09:55,Tamil Nadu,Salem,11.1618,79.3315,Village Road,Clear,Day,25,Male,Bike,47,No,Yes,No,Drowsy Driving,Low,1.0
ACC38710,20-04-2024,13:47,Telangana,Karimnagar,17.8727,78.7673,City Road,Rainy,Day,51,Male,Auto,23,No,Yes,No,Poor Weather Visibility,Low,1.0
ACC38711,02-08-2023,23:48,Karnataka,Bengaluru Urban,14.9601,74.9075,City Road,Overcast,Night,32,Female,Car,70,No,No,No,Poor Weather Visibility,Medium,2.0
ACC38712,21-01-2024,11:31,Andhra Pradesh,Guntur,16.1678,80.0955,Village Road,Cloudy,Day,42,Male,Bus,61,No,No,No,Poor Weather Visibility,Low,0.0
ACC38713,08-04-2023,20:10,Andhra Pradesh,Guntur,14.6249,79.3457,Village Road,Cloudy,Night,49,Male,Bus,58,Yes,No,No,Drunk Driving,High,5.0
ACC38714,09-07-2024,08:47,Andhra Pradesh,Visakhapatnam,14.9068,79.8777,City Road,Rainy,Day,36,Male,Car,52,No,No,No,Poor Weather Visibility,Low,0.0
ACC38715,12-06-2023,15:20,Telangana,Nizamabad,17.7742,79.5005,National Highway,Clear,Day,18,Male,Auto,69,No,No,Yes,Pothole/Bad Road,Medium,2.0
ACC38716,05-10-2023,05:29,Andhra Pradesh,Nellore,16.4537,79.2853,State Highway,Cloudy,Dawn,25,Male,Car,75,No,No,No,Over Speeding,Medium,5.0
ACC38717,19-01-2023,16:15,Kerala,Kollam,10.1877,76.1938,State Highway,Clear,Day,36,Male,Bike,68,No,Yes,No,Drowsy Driving,Medium,1.0
ACC38718,22-12-2023,06:44,Tamil Nadu,Coimbatore,10.8179,78.7144,Village Road,Clear,Day,30,Female,Car,42,No,No,Yes,Pothole/Bad Road,Low,2.0
ACC38719,11-11-2024,07:31,Telangana,Warangal,18.4393,79.1767,Village Road,Overcast,Day,38,Male,Car,34,No,No,No,Poor Weather Visibility,Low,0.0
ACC38720,25-02-2022,07:40,Telangana,Karimnagar,17.9154,79.4201,Village Road,Foggy,Day,75,Male,Car,50,No,No,No,Poor Weather Visibility,Medium,2.0
ACC38721,25-03-2023,14:43,Andhra Pradesh,Vijayawada,15.7256,79.5171,National Highway,Clear,Day,45,Male,Bus,70,No,No,No,Over Speeding,Medium,2.0
ACC38722,04-02-2023,10:39,Kerala,Thrissur,10.5355,75.9753,City Road,Cloudy,Day,41,Male,Auto,55,No,Yes,No,Drowsy Driving,Low,3.0
ACC38723,15-06-2024,08:49,Andhra Pradesh,Vijayawada,15.542,79.9202,State Highway,Clear,Day,22,Male,Bike,83,Yes,No,No,Drunk Driving,High,8.0
ACC38724,25-07-2023,17:57,Tamil Nadu,Tiruchirappalli,11.0933,79.2346,City Road,Cloudy,Dusk,33,Male,Auto,40,No,No,Yes,Pothole/Bad Road,Low,0.0
ACC38725,25-05-2024,19:30,Telangana,Khammam,18.4057,79.1325,Village Road,Clear,Night,34,Female,Truck,31,No,Yes,Yes,Drowsy Driving,Medium,1.0
ACC38726,07-10-2023,03:35,Kerala,Ernakulam,9.6215,75.9612,Expressway,Overcast,Night,48,Male,Car,95,No,No,No,Over Speeding,High,7.0
ACC38727,29-04-2024,11:25,Tamil Nadu,Madurai,11.1097,78.7524,Village Road,Cloudy,Day,31,Male,Bus,30,No,No,Yes,Pothole/Bad Road,Low,1.0
ACC38728,16-01-2024,08:10,Tamil Nadu,Salem,10.8841,78.3577,Expressway,Rainy,Day,35,Male,Bus,82,No,No,No,Poor Weather Visibility,High,4.0
ACC38729,03-12-2023,17:49,Tamil Nadu,Salem,10.9251,79.6036,City Road,Clear,Dusk,18,Female,Bus,60,No,Yes,No,Drowsy Driving,Medium,5.0
ACC38730,02-11-2022,06:28,Andhra Pradesh,Guntur,16.193,79.7118,Village Road,Rainy,Day,27,Male,Auto,36,No,No,Yes,Poor Weather Visibility,Low,1.0
ACC38731,24-05-2023,18:04,Telangana,Khammam,17.9213,79.583,State Highway,Clear,Dusk,36,Female,Car,47,No,No,No,Poor Weather Visibility,Low,1.0
ACC38732,23-03-2024,19:13,Tamil Nadu,Salem,11.1986,78.9478,Expressway,Overcast,Night,31,Male,Truck,57,No,No,Yes,Pothole/Bad Road,Medium,1.0
ACC38733,23-09-2024,22:15,Kerala,Ernakulam,10.6481,75.3956,State Highway,Cloudy,Night,42,Female,Truck,88,No,No,No,Over Speeding,High,8.0
ACC38734,17-11-2022,18:10,Andhra Pradesh,Guntur,15.4799,79.6992,State Highway,Cloudy,Dusk,18,Male,Bike,77,Yes,No,No,Drunk Driving,High,3.0
ACC38735,23-02-2023,16:19,Andhra Pradesh,Kurnool,16.074,79.4167,City Road,Clear,Day,18,Female,Auto,65,Yes,No,No,Drunk Driving,Medium,0.0
ACC38736,10-09-2023,10:45,Telangana,Hyderabad,18.0635,78.9241,National Highway,Cloudy,Day,48,Male,Car,81,No,No,No,Over Speeding,Low,0.0
ACC38737,28-12-2023,09:48,Puducherry,Karaikal,11.737,80.1254,City Road,Clear,Day,47,Female,Bike,22,No,No,No,Poor Weather Visibility,Low,0.0
ACC38738,18-04-2022,12:26,Karnataka,Hubballi,15.5234,75.2378,City Road,Clear,Day,35,Male,Auto,55,Yes,No,No,Drunk Driving,Low,0.0
ACC38739,27-01-2022,21:28,Telangana,Hyderabad,17.2639,79.1413,Expressway,Rainy,Night,29,Male,Auto,89,Yes,No,No,Over Speeding,High,7.0