Accident_ID,Date,Time,State,District,Latitude,Longitude,Road_Type,Weather,Light_Condition,Driver_Age,Driver_Gender,Vehicle_Type,Speed_kmph,Alcohol_Involved,Driver_Drowsy,Pothole_Involved,Cause_of_Accident,Severity,Casualties
ACC38740,16-02-2023,17:42,Kerala,Kozhikode,10.1131,76.3024,National Highway,Rainy,Dusk,18,Male,Bus,88,No,Yes,No,Over Speeding,High,6.0
ACC38741,12-10-2022,18:16,Kerala,Thrissur,10.0384,75.8415,City Road,Clear,Dusk,54,Male,Auto,41,No,No,No,Signal Jumping,Low,2.0
ACC38742,29-04-2023,14:04,Andhra Pradesh,Kurnool,16.0548,79.3583,State Highway,Clear,Day,35,Male,Auto,64,No,No,No,Over Speeding,Low,2.0
ACC38743,06-07-2022,13:59,Karnataka,Hubballi,15.0657,75.8977,State Highway,Clear,Day,45,Male,Bike,60,No,No,No,Over Speeding,Medium,1.0
ACC38744,27-04-2024,08:43,Telangana,Warangal,17.2563,78.8721,City Road,Clear,Day,52,Female,Bus,47,Yes,No,No,Drunk Driving,Low,0.0
ACC38745,13-04-2022,00:21,Andhra Pradesh,Guntur,15.8509,79.4275,Expressway,Clear,Night,53,Male,Car,94,No,No,No,Over Speeding,High,3.0
ACC38746,28-05-2023,04:48,Andhra Pradesh,Vijayawada,15.7965,80.1028,Expressway,Cloudy,Night,35,Female,Car,89,Yes,Yes,No,Over Speeding,High,
ACC38747,20-03-2023,17:07,Karnataka,Belagavi,14.9668,75.646,National Highway,Cloudy,Dusk,18,Female,Truck,79,No,No,No,Over Speeding,Medium,2.0
ACC38748,16-07-2022,10:02,Tamil Nadu,Chennai,11.187,78.5355,State Highway,Rainy,Day,38,Male,Bus,74,Yes,No,No,Poor Weather Visibility,Medium,1.0
ACC38749,10-06-2023,12:20,Karnataka,Hubballi,15.1684,75.3257,State Highway,Clear,Day,43,Female,Car,80,Yes,No,No,Drunk Driving,Medium,3.0
ACC38750,17-07-2022,16:13,Tamil Nadu,Coimbatore,11.2244,78.7255,Expressway,Rainy,Day,33,Male,Truck,80,No,No,No,Poor Weather Visibility,High,7.0
ACC38751,05-10-2024,08:15,Tamil Nadu,Chennai,10.5875,77.8898,Village Road,Rainy,Day,41,Female,Auto,58,No,Yes,Yes,Poor Weather Visibility,High,8.0
ACC38752,28-08-2022,21:05,Tamil Nadu,Madurai,10.8446,78.7663,National Highway,Cloudy,Night,27,Male,Auto,82,Yes,No,No,Drunk Driving,High,5.0
ACC38753,27-07-2023,21:55,Telangana,Nizamabad,17.4111,78.3685,National Highway,Overcast,Night,60,Female,Bike,66,No,No,No,Poor Weather Visibility,High,2.0
ACC38754,12-09-2024,20:05,Kerala,Thiruvananthapuram,9.7563,75.6559,City Road,Rainy,Night,42,Male,Bike,57,No,No,No,Poor Weather Visibility,Low,
ACC38755,11-02-2022,20:52,Tamil Nadu,Madurai,12.3579,79.0268,State Highway,Rainy,Night,36,Male,Truck,57,No,No,No,Poor Weather Visibility,Low,0.0
ACC38756,05-01-2022,20:21,Karnataka,Belagavi,14.8626,75.4441,Expressway,Cloudy,Night,18,Male,Bike,76,No,No,No,Over Speeding,High,5.0
ACC38757,13-04-2023,22:14,Telangana,Karimnagar,17.5249,79.3217,City Road,Overcast,Night,28,Male,Bike,34,No,No,No,Poor Weather Visibility,Low,1.0
ACC38758,28-10-2022,18:16,Kerala,Thiruvananthapuram,10.1607,76.205,State Highway,Rainy,Dusk,39,Male,Auto,59,No,No,No,Poor Weather Visibility,Medium,2.0
ACC38759,12-12-2022,08:04,Kerala,Ernakulam,9.9824,76.2507,National Highway,Clear,Day,43,Male,Car,74,No,No,No,Over Speeding,Medium,1.0
ACC38760,13-11-2023,10:53,Puducherry,Puducherry,12.4885,79.6307,Village Road,Clear,Day,51,Male,Bike,40,No,No,No,Signal Jumping,Medium,4.0
ACC38761,05-06-2023,07:43,Kerala,Thrissur,10.8409,76.3924,Village Road,Overcast,Day,57,Male,Truck,38,No,Yes,Yes,Signal Jumping,Low,0.0
ACC38762,12-05-2024,14:24,Tamil Nadu,Salem,10.8326,78.5151,City Road,Overcast,Day,27,Male,Car,35,No,No,No,Signal Jumping,Low,0.0
ACC38763,14-08-2023,13:57,Karnataka,Belagavi,15.2259,76.633,National Highway,Clear,Day,34,Male,Car,60,No,No,No,Over Speeding,Low,1.0
ACC38764,10-07-2022,10:17,Kerala,Kozhikode,10.2848,76.3235,National Highway,Clear,Day,45,Female,Truck,71,No,No,No,Over Speeding,Low,2.0
ACC38765,07-07-2022,09:28,Kerala,Thrissur,10.4923,76.598,State Highway,Overcast,Day,24,Male,Car,60,No,No,No,Poor Weather Visibility,Low,2.0
ACC38766,27-06-2024,14:34,Karnataka,Mangaluru,15.8084,76.3973,City Road,Cloudy,Day,52,Male,Bike,34,No,No,No,Poor Weather Visibility,Low,3.0
ACC38767,24-12-2024,14:50,Karnataka,Bengaluru Urban,14.9694,75.5449,Village Road,Overcast,Day,48,Female,Bike,43,No,No,No,Poor Weather Visibility,Low,1.0
ACC38768,02-08-2023,09:15,Kerala,Kozhikode,9.7937,76.51,National Highway,Rainy,Day,59,Male,Bike,48,No,No,No,Poor Weather Visibility,Medium,3.0
ACC38769,28-12-2023,22:35,Karnataka,Bengaluru Urban,15.3271,76.0423,Village Road,Clear,Night,35,Female,Bike,29,No,No,No,Poor Weather Visibility,Low,0.0
ACC38770,29-09-2022,10:09,Karnataka,Mysuru,16.0177,75.8433,State Highway,Clear,Day,37,Male,Truck,40,No,No,Yes,Pothole/Bad Road,Low,0.0
ACC38771,20-02-2023,14:47,Tamil Nadu,Chennai,11.4217,78.8404,Village Road,Clear,Day,38,Female,Car,62,Yes,No,Yes,Drunk Driving,Medium,4.0
ACC38772,24-07-2023,01:52,Andhra Pradesh,Visakhapatnam,16.0895,79.912,Village Road,Clear,Night,28,Male,Bus,47,No,Yes,No,Drowsy Driving,Low,1.0
ACC38773,07-05-2022,18:41,Andhra Pradesh,Visakhapatnam,15.9858,79.1604,National Highway,Clear,Dusk,31,Female,Car,77,No,No,No,Over Speeding,Medium,1.0
ACC38774,30-08-2022,16:23,Kerala,Ernakulam,10.6286,76.683,City Road,Overcast,Day,23,Male,Car,85,Yes,No,No,Drunk Driving,High,4.0
ACC38775,27-03-2023,13:06,Telangana,Warangal,18.4681,78.3907,City Road,Clear,Day,27,Male,Car,45,Yes,No,No,Drunk Driving,Low,0.0
ACC38776,30-12-2024,15:49,Karnataka,Mangaluru,15.489,75.7546,City Road,Rainy,Day,23,Male,Auto,45,No,No,Yes,Poor Weather Visibility,Medium,3.0
ACC38777,12-07-2024,11:49,Telangana,Nizamabad,18.1664,79.6245,State Highway,Cloudy,Day,52,Male,Auto,53,No,No,No,Poor Weather Visibility,Low,0.0
ACC38778,27-12-2024,07:49,Karnataka,Hubballi,15.6047,75.4483,City Road,Rainy,Day,65,Male,Auto,45,No,No,No,Poor Weather Visibility,Low,1.0
ACC38779,20-11-2022,19:56,Telangana,Hyderabad,17.7295,79.4578,City Road,Foggy,Night,40,Male,Car,54,No,No,Yes,Poor Weather Visibility,Medium,1.0
ACC38780,21-12-2023,22:44,Tamil Nadu,Tiruchirappalli,11.238,78.5261,State Highway,Clear,Night,36,Male,Car,60,No,Yes,No,Drowsy Driving,Medium,1.0
ACC38781,06-07-2023,06:23,Tamil Nadu,Salem,11.2085,78.6937,City Road,Cloudy,Day,51,Male,Auto,58,No,No,No,Signal Jumping,Low,0.0
ACC38782,28-12-2024,22:00,Andhra Pradesh,Kurnool,16.0822,79.4232,Village Road,Clear,Night,50,Female,Bike,41,Yes,Yes,Yes,Drunk Driving,Medium,5.0
ACC38783,12-07-2024,17:54,Karnataka,Hubballi,15.5584,75.5346,Village Road,Clear,Dusk,37,Male,Bike,43,No,No,Yes,Pothole/Bad Road,Low,0.0
ACC38784,29-05-2023,17:58,Tamil Nadu,Coimbatore,10.7569,78.8468,Expressway,Cloudy,Dusk,41,Female,Truck,81,No,No,No,Over Speeding,Medium,2.0
ACC38785,23-07-2024,03:37,Karnataka,Mysuru,15.2406,75.9597,State Highway,Clear,Night,47,Male,Car,72,Yes,No,Yes,Drunk Driving,High,3.0
ACC38786,01-07-2024,17:32,Telangana,Karimnagar,17.6321,79.0392,Village Road,Clear,Dusk,43,Male,Bike,50,No,No,No,Signal Jumping,Low,2.0
ACC38787,04-08-2022,01:36,Kerala,Ernakulam,10.099,76.0489,Village Road,Cloudy,Night,30,Male,Car,60,Yes,No,Yes,Drunk Driving,Medium,1.0
ACC38788,03-09-2023,16:25,Tamil Nadu,Tiruchirappalli,11.1374,78.1445,National Highway,Clear,Day,21,Female,Bus,70,Yes,Yes,No,Drunk Driving,High,5.0
ACC38789,17-09-2023,18:55,Kerala,Thrissur,9.8507,76.665,State Highway,Cloudy,Dusk,43,Male,Auto,52,No,No,No,Poor Weather Visibility,Low,1.0
ACC38790,16-03-2024,06:00,Andhra Pradesh,Kurnool,15.5273,79.5894,National Highway,Rainy,Day,59,Female,Car,71,No,No,No,Poor Weather Visibility,High,4.0
ACC38791,29-05-2023,23:24,Karnataka,Mangaluru,14.9778,74.776,City Road,Clear,Night,24,Female,Bike,46,No,No,No,Signal Jumping,Low,1.0
ACC38792,04-12-2024,11:16,Karnataka,Hubballi,15.2915,75.961,City Road,Clear,Day,35,Male,Bus,48,No,No,Yes,Pothole/Bad Road,Low,0.0
ACC38793,07-02-2022,22:15,Karnataka,Belagavi,15.6813,74.8983,State Highway,Overcast,Night,18,Male,Bike,60,No,No,No,Poor Weather Visibility,Medium,3.0
ACC38794,27-05-2024,16:13,Kerala,Ernakulam,9.6752,76.1814,National Highway,Rainy,Day,48,Male,Bike,84,No,Yes,Yes,Poor Weather Visibility,High,4.0
ACC38795,17-06-2024,12:35,Karnataka,Mysuru,15.1285,75.6126,Expressway,Cloudy,Day,23,Male,Car,78,No,No,No,Over Speeding,Medium,4.0
ACC38796,16-04-2023,05:34,Telangana,Karimnagar,18.4625,78.3944,Village Road,Clear,Dawn,29,Male,Truck,31,No,Yes,No,Drowsy Driving,Low,1.0
ACC38797,27-04-2024,18:13,Tamil Nadu,Salem,10.8597,78.9387,Expressway,Cloudy,Dusk,18,Male,Car,63,No,No,No,Poor Weather Visibility,Medium,4.0
ACC38798,08-02-2022,09:55,Tamil Nadu,Chennai,9.9088,78.6796,Expressway,Clear,Day,24,Male,Bike,88,No,Yes,No,Over Speeding,High,5.0
ACC38799,10-12-2023,08:30,Telangana,Warangal,18.2743,79.5547,City Road,Clear,Day,19,Male,Car,50,Yes,No,No,Drunk Driving,Low,0.0
ACC38800,13-07-2023,16:35,Kerala,Kollam,10.0999,75.9166,City Road,Clear,Day,35,Female,Bike,39,No,No,No,Signal Jumping,Low,0.0
ACC38801,10-10-2024,23:20,Telangana,Warangal,17.7128,78.8728,City Road,Overcast,Night,49,Male,Car,34,No,No,No,Poor Weather Visibility,Low,1.0
ACC38802,13-03-2023,16:14,Telangana,Warangal,18.0158,78.3688,National Highway,Clear,Day,37,Male,Auto,62,No,No,No,Signal Jumping,Medium,3.0
ACC38803,13-11-2023,10:35,Karnataka,Mysuru,15.8755,74.7158,City Road,Clear,Day,39,Male,Bike,29,No,No,No,Signal Jumping,Low,0.0
ACC38804,20-08-2023,20:36,Karnataka,Belagavi,15.1648,75.4329,Expressway,Overcast,Night,48,Male,Car,70,No,No,No,Poor Weather Visibility,Medium,3.0
ACC38805,06-10-2023,13:47,Kerala,Kozhikode,10.4639,76.2058,National Highway,Clear,Day,36,Male,Bike,75,No,No,No,Over Speeding,High,2.0
ACC38806,05-06-2022,14:55,Kerala,Kozhikode,10.575,76.7304,City Road,Rainy,Day,31,Male,Bike,47,No,No,No,Poor Weather Visibility,Low,1.0
ACC38807,25-06-2023,16:38,Karnataka,Hubballi,15.1073,75.5003,National Highway,Clear,Day,37,Male,Truck,53,No,No,No,Signal Jumping,Low,1.0
ACC38808,23-01-2023,12:27,Tamil Nadu,Coimbatore,11.2876,78.5713,City Road,Rainy,Day,54,Male,Car,53,No,No,No,Poor Weather Visibility,Low,3.0
ACC38809,15-05-2022,18:52,Tamil Nadu,Salem,10.9645,78.7821,Village Road,Clear,Dusk,50,Male,Bike,32,No,No,No,Poor Weather Visibility,Low,1.0
ACC38810,08-04-2024,19:44,Telangana,Karimnagar,17.6332,79.2367,State Highway,Foggy,Night,42,Male,Bike,53,No,No,Yes,Poor Weather Visibility,Medium,1.0
ACC38811,24-05-2022,08:29,Kerala,Kozhikode,10.1583,76.6935,Village Road,Cloudy,Day,42,Male,Bike,35,No,No,No,Signal Jumping,Low,2.0
ACC38812,22-02-2024,18:12,Telangana,Karimnagar,18.2276,78.7582,Expressway,Foggy,Dusk,35,Male,Auto,80,No,No,No,Poor Weather Visibility,High,8.0
ACC38813,12-01-2023,15:35,Karnataka,Mysuru,15.3337,75.679,City Road,Foggy,Day,36,Male,Auto,48,No,No,No,Poor Weather Visibility,Medium,3.0
ACC38814,05-11-2023,15:27,Karnataka,Mysuru,14.5113,75.8311,Village Road,Cloudy,Day,30,Male,Car,35,No,No,No,Poor Weather Visibility,Low,0.0
ACC38815,18-10-2022,17:58,Karnataka,Belagavi,15.3906,75.7183,State Highway,Clear,Dusk,40,Male,Bike,65,No,No,Yes,Pothole/Bad Road,Medium,6.0
ACC38816,07-09-2023,15:18,Kerala,Kollam,10.7526,75.8197,Village Road,Rainy,Day,24,Female,Car,44,No,Yes,No,Poor Weather Visibility,Medium,3.0
ACC38817,29-08-2022,00:24,Karnataka,Mangaluru,15.3247,76.3747,State Highway,Overcast,Night,18,Male,Car,53,Yes,No,No,Drunk Driving,Medium,2.0
ACC38818,09-05-2023,15:45,Karnataka,Mysuru,15.305,75.4094,City Road,Cloudy,Day,29,Male,Truck,52,No,No,No,Poor Weather Visibility,Low,0.0
ACC38819,12-07-2023,12:52,Tamil Nadu,Madurai,10.6877,78.3258,City Road,Rainy,Day,25,Male,Auto,50,No,No,No,Poor Weather Visibility,Low,2.0
ACC38820,28-07-2022,15:19,Karnataka,Bengaluru Urban,15.7668,75.4801,National Highway,Clear,Day,29,Male,Car,58,Yes,No,No,Drunk Driving,Medium,1.0
ACC38821,12-08-2023,22:10,Kerala,Thiruvananthapuram,10.567,76.618,Village Road,Foggy,Night,18,Male,Bike,25,No,No,No,Poor Weather Visibility,Medium,3.0
ACC38822,23-11-2024,19:05,Kerala,Kollam,10.4197,76.7467,State Highway,Clear,Night,29,Female,Auto,54,No,No,No,Poor Weather Visibility,Low,1.0
ACC38823,24-08-2022,08:53,Kerala,Thiruvananthapuram,10.5267,76.879,National Highway,Clear,Day,19,Male,Auto,83,No,No,Yes,Over Speeding,Medium,2.0
ACC38824,01-07-2022,00:46,Kerala,Thrissur,9.7216,76.7662,State Highway,Clear,Night,46,Male,Bike,70,Yes,No,No,Drunk Driving,High,3.0
ACC38825,04-04-2022,10:15,Karnataka,Mysuru,15.6327,75.9824,Village Road,Clear,Day,51,Male,Bike,62,No,Yes,Yes,Drowsy Driving,Medium,2.0
ACC38826,08-04-2022,08:06,Kerala,Thiruvananthapuram,10.4668,76.0713,National Highway,Clear,Day,48,Male,Auto,92,Yes,No,No,Over Speeding,High,7.0
ACC38827,02-09-2022,18:54,Andhra Pradesh,Kurnool,15.5554,79.8595,City Road,Cloudy,Dusk,47,Female,Car,43,No,No,No,Signal Jumping,Low,0.0
ACC38828,06-10-2023,08:08,Andhra Pradesh,Visakhapatnam,15.4346,79.8441,City Road,Cloudy,Day,44,Male,Bike,57,No,No,No,Poor Weather Visibility,Low,4.0
ACC38829,05-04-2024,18:03,Karnataka,Mysuru,14.8419,75.566,City Road,Overcast,Dusk,18,Male,Truck,52,No,Yes,Yes,Drowsy Driving,High,9.0
ACC38830,02-08-2022,08:42,Karnataka,Mysuru,15.0339,74.6681,City Road,Clear,Day,18,Male,Car,52,No,No,Yes,Pothole/Bad Road,Low,2.0
ACC38831,29-09-2023,22:39,Kerala,Ernakulam,9.2402,76.4326,Expressway,Clear,Night,23,Male,Auto,95,No,Yes,No,Over Speeding,High,9.0
ACC38832,07-08-2024,14:43,Puducherry,Puducherry,12.816,79.8017,Village Road,Clear,Day,36,Male,Car,29,No,Yes,Yes,Drowsy Driving,Low,0.0
ACC38833,07-01-2024,18:29,Telangana,Hyderabad,18.399,78.4204,Village Road,Overcast,Dusk,34,Male,Bus,45,No,No,Yes,Pothole/Bad Road,Low,0.0
ACC38834,18-11-2022,20:08,Telangana,Warangal,18.2023,79.2161,City Road,Clear,Night,42,Female,Car,67,No,Yes,No,Drowsy Driving,Medium,3.0
ACC38835,20-05-2022,14:45,Tamil Nadu,Tiruchirappalli,10.9577,78.8818,Village Road,Clear,Day,32,Male,Bike,54,No,No,Yes,Pothole/Bad Road,Low,0.0
ACC38836,07-04-2023,08:29,Karnataka,Belagavi,15.789,75.7977,Village Road,Clear,Day,36,Male,Bike,30,No,No,No,Signal Jumping,Low,1.0
ACC38837,24-09-2024,21:23,Karnataka,Hubballi,14.85,76.4021,State Highway,Cloudy,Night,35,Male,Bus,63,No,No,No,Poor Weather Visibility,Low,2.0
ACC38838,08-05-2023,15:03,Karnataka,Hubballi,15.8367,75.2988,City Road,Overcast,Day,46,Male,Car,38,No,No,Yes,Pothole/Bad Road,Low,0.0
ACC38839,23-05-2022,08:02,Tamil Nadu,Tiruchirappalli,11.4268,77.6926,National Highway,Rainy,Day,29,Female,Car,76,No,No,No,Poor Weather Visibility,Medium,6.0
ACC38840,10-05-2023,10:21,Andhra Pradesh,Vijayawada,16.622,80.0909,Village Road,Clear,Day,63,Male,Bike,34,No,No,No,Poor Weather Visibility,Low,2.0
ACC38841,11-04-2024,23:32,Andhra Pradesh,Visakhapatnam,15.0745,79.8703,Expressway,Rainy,Night,36,Male,Auto,98,Yes,No,No,Over Speeding,High,8.0
ACC38842,21-05-2022,08:36,Karnataka,Bengaluru Urban,15.2948,76.0355,Village Road,Clear,Day,44,Male,Auto,35,No,No,No,Signal Jumping,Low,0.0
ACC38843,29-05-2024,21:43,Tamil Nadu,Coimbatore,10.9229,78.5417,City Road,Overcast,Night,38,Male,Car,49,Yes,No,Yes,Drunk Driving,Medium,3.0
ACC38844,02-03-2022,21:24,Karnataka,Mysuru,15.5511,75.6862,Expressway,Cloudy,Night,22,Male,Car,81,No,No,No,Over Speeding,High,6.0
ACC38845,02-11-2023,04:35,Tamil Nadu,Salem,11.0693,78.7925,City Road,Overcast,Night,28,Male,Car,70,Yes,No,No,Drunk Driving,High,6.0
ACC38846,31-05-2024,17:16,Kerala,Kozhikode,10.1776,76.6228,Village Road,Overcast,Dusk,51,Male,Bike,62,Yes,No,Yes,Drunk Driving,High,5.0
ACC38847,01-09-2022,10:07,Andhra Pradesh,Kurnool,15.5458,80.0907,State Highway,Rainy,Day,27,Male,Car,64,No,No,No,Poor Weather Visibility,Low,0.0
ACC38848,30-04-2023,12:52,Karnataka,Mangaluru,15.0979,74.6809,Expressway,Clear,Day,69,Male,Bus,63,No,No,No,Signal Jumping,Medium,4.0
ACC38849,17-07-2023,07:42,Tamil Nadu,Chennai,10.6884,79.1838,City Road,Rainy,Day,58,Female,Car,39,No,No,Yes,Poor Weather Visibility,Low,
ACC38850,19-08-2024,17:22,Karnataka,Mangaluru,15.3704,75.6889,State Highway,Clear,Dusk,38,Female,Bike,70,No,No,No,Over Speeding,Medium,3.0
ACC38851,10-01-2024,10:39,Karnataka,Mysuru,15.3004,75.9268,National Highway,Clear,Day,64,Male,Truck,64,No,No,No,Signal Jumping,Low,0.0
ACC38852,07-02-2022,20:01,Telangana,Hyderabad,17.2485,78.6628,City Road,Clear,Night,40,Male,Auto,41,No,No,No,Signal Jumping,Low,1.0
ACC38853,18-10-2023,18:48,Karnataka,Mysuru,15.5212,75.6147,National Highway,Foggy,Dusk,32,Female,Bike,62,No,No,No,Poor Weather Visibility,Medium,0.0
ACC38854,01-10-2024,10:36,Tamil Nadu,Salem,11.1907,79.2297,Expressway,Rainy,Day,29,Female,Bus,83,No,Yes,No,Poor Weather Visibility,High,6.0
ACC38855,24-06-2022,21:48,Telangana,Nizamabad,17.853,79.3103,Village Road,Overcast,Night,32,Male,Bus,52,Yes,No,Yes,Drunk Driving,High,8.0
ACC38856,02-09-2022,04:10,Andhra Pradesh,Vijayawada,16.8548,79.9776,State Highway,Clear,Night,38,Male,Auto,81,No,No,No,Over Speeding,High,4.0
ACC38857,08-04-2024,23:58,Karnataka,Belagavi,14.8079,75.3676,City Road,Clear,Night,44,Female,Auto,73,Yes,Yes,No,Drunk Driving,High,5.0
ACC38858,07-07-2022,08:02,Telangana,Hyderabad,17.8522,78.4259,State Highway,Clear,Day,40,Female,Car,78,No,No,No,Over Speeding,Low,1.0
ACC38859,17-09-2024,06:27,Tamil Nadu,Madurai,10.6125,78.5429,State Highway,Overcast,Day,49,Female,Car,52,No,No,No,Poor Weather Visibility,Low,0.0
ACC38860,02-05-2024,11:28,Tamil Nadu,Coimbatore,10.892,77.8107,National Highway,Clear,Day,32,Male,Bike,69,No,No,No,Over Speeding,Low,3.0
ACC38861,15-06-2022,05:26,Telangana,Karimnagar,18.0673,78.9666,National Highway,Clear,Dawn,33,Female,Bike,74,No,No,Yes,Pothole/Bad Road,Medium,2.0
ACC38862,22-03-2024,23:18,Tamil Nadu,Coimbatore,10.8276,78.1584,National Highway,Cloudy,Night,75,Female,Car,81,No,No,No,Over Speeding,Medium,3.0
ACC38863,22-08-2022,12:49,Andhra Pradesh,Guntur,14.9283,79.9576,State Highway,Rainy,Day,32,Male,Bike,55,No,No,No,Poor Weather Visibility,Medium,5.0
ACC38864,04-05-2024,07:24,Andhra Pradesh,Vijayawada,16.0764,79.2318,City Road,Clear,Day,18,Male,Car,68,No,No,No,Over Speeding,Low,0.0
ACC38865,28-01-2024,17:36,Kerala,Thrissur,10.4491,76.9124,City Road,Clear,Dusk,49,Male,Auto,46,No,No,No,Signal Jumping,Low,1.0
ACC38866,05-01-2022,16:52,Karnataka,Bengaluru Urban,15.0342,76.2564,State Highway,Cloudy,Day,50,Male,Bike,60,No,No,No,Poor Weather Visibility,Low,0.0
ACC38867,09-11-2024,16:29,Tamil Nadu,Chennai,11.1143,78.5778,National Highway,Foggy,Day,29,Male,Bike,70,Yes,No,No,Poor Weather Visibility,High,5.0
ACC38868,06-11-2023,22:58,Kerala,Ernakulam,11.025,76.6439,City Road,Cloudy,Night,18,Male,Car,44,No,No,No,Poor Weather Visibility,Low,2.0
ACC38869,06-05-2023,17:43,Telangana,Nizamabad,17.8733,79.339,National Highway,Overcast,Dusk,49,Male,Bike,64,No,No,No,Poor Weather Visibility,Medium,1.0
ACC38870,10-12-2022,20:10,Karnataka,Bengaluru Urban,15.9629,75.3383,Expressway,Rainy,Night,62,Male,Bike,79,Yes,No,Yes,Poor Weather Visibility,High,7.0
ACC38871,22-04-2024,17:33,Tamil Nadu,Madurai,11.2001,78.5102,City Road,Clear,Dusk,48,Male,Car,49,No,No,No,Signal Jumping,Low,0.0
ACC38872,07-03-2024,17:41,Kerala,Ernakulam,10.7701,75.7488,National Highway,Clear,Dusk,57,Male,Car,73,No,Yes,No,Drowsy Driving,High,5.0
ACC38873,10-03-2023,13:03,Telangana,Karimnagar,17.4503,79.0777,City Road,Clear,Day,40,Male,Auto,53,No,No,No,Poor Weather Visibility,Low,0.0
ACC38874,24-09-2024,05:26,Tamil Nadu,Salem,11.0139,78.7555,National Highway,Cloudy,Dawn,41,Female,Bike,80,No,Yes,No,Drowsy Driving,High,7.0
ACC38875,08-07-2022,12:43,Tamil Nadu,Chennai,11.5342,78.8364,Village Road,Rainy,Day,28,Female,Bike,43,No,No,No,Poor Weather Visibility,Medium,4.0
ACC38876,24-06-2023,01:32,Tamil Nadu,Madurai,9.9553,78.8474,Village Road,Clear,Night,25,Male,Truck,45,No,Yes,Yes,Drowsy Driving,Medium,3.0
ACC38877,05-04-2023,18:55,Karnataka,Hubballi,15.4689,75.3349,Village Road,Overcast,Dusk,18,Female,Bike,52,Yes,No,Yes,Drunk Driving,Medium,1.0
ACC38878,05-02-2024,20:06,Karnataka,Hubballi,15.3191,75.2756,National Highway,Rainy,Night,41,Male,Car,80,No,No,No,Poor Weather Visibility,High,6.0
ACC38879,17-11-2022,00:00,Telangana,Nizamabad,18.5826,79.4723,State Highway,Clear,Night,18,Male,Bike,76,No,No,No,Over Speeding,Medium,2.0
ACC38880,12-07-2022,15:24,Karnataka,Bengaluru Urban,15.0004,76.0761,City Road,Cloudy,Day,32,Male,Auto,55,No,No,Yes,Pothole/Bad Road,Low,1.0
ACC38881,10-12-2022,15:03,Telangana,Nizamabad,18.4027,78.709,Expressway,Clear,Day,25,Male,Bus,71,No,No,No,Signal Jumping,Medium,5.0
ACC38882,11-05-2023,12:42,Andhra Pradesh,Visakhapatnam,15.6008,78.8645,State Highway,Overcast,Day,47,Female,Truck,71,No,Yes,No,Drowsy Driving,Medium,4.0
ACC38883,27-03-2023,06:06,Telangana,Warangal,18.0075,79.2869,National Highway,Cloudy,Day,19,Male,Car,71,No,No,No,Poor Weather Visibility,Medium,6.0
ACC38884,13-06-2022,12:52,Andhra Pradesh,Nellore,16.0164,79.7452,National Highway,Clear,Day,18,Male,Truck,51,No,Yes,No,Drowsy Driving,Medium,4.0
ACC38885,17-04-2024,21:41,Kerala,Ernakulam,10.3014,76.2459,Village Road,Cloudy,Night,29,Female,Bus,60,Yes,No,Yes,Drunk Driving,High,7.0
ACC38886,14-01-2022,02:59,Telangana,Warangal,18.2908,79.6227,Village Road,Rainy,Night,40,Male,Bus,42,No,Yes,Yes,Poor Weather Visibility,Medium,2.0
ACC38887,14-07-2022,18:27,Telangana,Nizamabad,17.6149,79.642,City Road,Clear,Dusk,33,Male,Bike,41,No,No,No,Poor Weather Visibility,Low,3.0
ACC38888,31-03-2024,00:36,Tamil Nadu,Chennai,11.0691,77.8266,State Highway,Clear,Night,36,Female,Auto,60,No,Yes,No,Drowsy Driving,Medium,1.0
ACC38889,16-09-2024,19:29,Kerala,Ernakulam,10.3179,76.2703,Village Road,Clear,Night,52,Male,Car,45,No,No,Yes,Pothole/Bad Road,Medium,3.0
ACC38890,27-06-2024,13:37,Andhra Pradesh,Visakhapatnam,15.9541,80.305,City Road,Clear,Day,39,Female,Auto,44,No,No,No,Poor Weather Visibility,Low,0.0
ACC38891,25-11-2023,15:23,Kerala,Kozhikode,9.8388,75.8386,State Highway,Clear,Day,46,Male,Bike,66,No,No,No,Signal Jumping,Low,1.0
ACC38892,07-03-2024,19:04,Tamil Nadu,Salem,10.8316,78.8878,City Road,Cloudy,Night,32,Female,Bike,39,No,No,No,Poor Weather Visibility,Low,1.0
ACC38893,15-08-2022,16:35,Tamil Nadu,Coimbatore,10.9306,79.0463,Village Road,Cloudy,Day,37,Male,Car,41,No,No,No,Poor Weather Visibility,Low,1.0
ACC38894,24-06-2024,08:56,Karnataka,Bengaluru Urban,15.2283,75.7048,City Road,Rainy,Day,27,Male,Bike,59,No,No,Yes,Poor Weather Visibility,Medium,5.0
ACC38895,06-10-2024,15:36,Telangana,Nizamabad,18.1569,79.1927,City Road,Rainy,Day,59,Male,Bike,51,No,No,No,Poor Weather Visibility,Low,1.0
ACC38896,23-11-2022,19:11,Karnataka,Hubballi,15.507,75.2652,State Highway,Clear,Night,69,Female,Bike,70,No,No,No,Over Speeding,Low,0.0
ACC38897,13-02-2022,15:11,Kerala,Kozhikode,10.226,76.6765,City Road,Cloudy,Day,50,Male,Bus,70,No,No,Yes,Pothole/Bad Road,Low,1.0