Accident_ID,Date,Time,State,District,Latitude,Longitude,Road_Type,Weather,Light_Condition,Driver_Age,Driver_Gender,Vehicle_Type,Speed_kmph,Alcohol_Involved,Driver_Drowsy,Pothole_Involved,Cause_of_Accident,Severity,Casualties
ACC38898,05-11-2022,18:50,Andhra Pradesh,Vijayawada,15.2352,80.4863,City Road,Cloudy,Dusk,35,Male,Bike,55,No,No,No,Poor Weather Visibility,Low,1.0
ACC38899,25-08-2024,19:30,Tamil Nadu,Coimbatore,10.4437,78.2416,City Road,Rainy,Night,30,Male,Car,25,No,No,Yes,Poor Weather Visibility,Low,0.0
ACC38900,15-12-2022,23:11,Kerala,Kollam,10.509,76.2475,City Road,Overcast,Night,18,Male,Auto,51,No,Yes,No,Drowsy Driving,Medium,4.0
ACC38901,19-09-2022,08:01,Kerala,Thrissur,11.3085,76.5414,National Highway,Overcast,Day,52,Male,Bus,71,No,Yes,No,Drowsy Driving,Medium,3.0
ACC38902,22-10-2024,00:27,Tamil Nadu,Salem,11.239,78.5762,City Road,Foggy,Night,45,Male,Bike,32,No,No,No,Poor Weather Visibility,Low,0.0
ACC38903,25-02-2022,21:05,Karnataka,Mysuru,15.1255,76.5079,City Road,Clear,Night,45,Male,Bike,37,No,No,Yes,Pothole/Bad Road,Low,0.0
ACC38904,06-06-2024,16:09,Karnataka,Belagavi,14.2775,75.5268,Expressway,Clear,Day,18,Male,Car,88,No,No,No,Over Speeding,High,8.0
ACC38905,27-05-2024,20:40,Karnataka,Belagavi,15.0911,75.2418,State Highway,Rainy,Night,61,Female,Auto,66,No,No,No,Poor Weather Visibility,Medium,3.0
ACC38906,08-11-2022,23:41,Tamil Nadu,Madurai,11.2175,78.5689,City Road,Clear,Night,26,Male,Bike,53,No,No,No,Signal Jumping,Low,1.0
ACC38907,02-10-2023,19:14,Karnataka,Mysuru,15.0067,75.2461,National Highway,Cloudy,Night,33,Male,Bike,91,No,No,No,Over Speeding,High,6.0
ACC38908,11-05-2023,22:16,Tamil Nadu,Salem,10.8436,78.2638,National Highway,Cloudy,Night,53,Male,Car,77,Yes,No,No,Drunk Driving,Medium,
ACC38909,02-03-2024,14:28,Tamil Nadu,Tiruchirappalli,10.6534,78.1477,Village Road,Cloudy,Day,36,Male,Auto,50,No,No,Yes,Signal Jumping,Medium,3.0
ACC38910,24-03-2022,17:11,Karnataka,Mangaluru,15.4428,75.7542,State Highway,Cloudy,Dusk,48,Male,Bike,51,No,No,No,Poor Weather Visibility,Medium,0.0
ACC38911,18-09-2022,14:29,Kerala,Ernakulam,10.2737,75.4234,State Highway,Clear,Day,52,Male,Bike,77,Yes,No,No,Drunk Driving,Medium,3.0
ACC38912,25-07-2023,19:39,Andhra Pradesh,Nellore,16.1789,79.5373,State Highway,Rainy,Night,31,Male,Car,58,No,No,No,Poor Weather Visibility,Medium,6.0
ACC38913,20-02-2022,22:07,Andhra Pradesh,Kurnool,15.8176,79.8801,Expressway,Clear,Night,18,Male,Bike,82,No,No,No,Over Speeding,Medium,0.0
ACC38914,23-11-2023,11:01,Andhra Pradesh,Visakhapatnam,15.6409,79.2328,City Road,Clear,Day,31,Female,Car,54,No,No,Yes,Pothole/Bad Road,Low,1.0
ACC38915,31-08-2022,19:42,Tamil Nadu,Tiruchirappalli,11.5973,78.0981,City Road,Overcast,Night,41,Female,Bike,50,No,Yes,No,Drowsy Driving,Medium,2.0
ACC38916,06-06-2024,04:42,Andhra Pradesh,Guntur,16.3673,79.9664,Expressway,Clear,Night,31,Male,Bike,93,No,No,No,Over Speeding,High,4.0
ACC38917,31-10-2024,18:25,Karnataka,Hubballi,15.9628,75.6747,City Road,Clear,Dusk,44,Male,Bike,38,No,No,No,Poor Weather Visibility,Low,0.0
ACC38918,21-05-2023,01:35,Telangana,Hyderabad,18.0579,79.0449,Village Road,Clear,Night,41,Male,Bike,50,No,Yes,Yes,Drowsy Driving,Medium,3.0
ACC38919,14-05-2022,13:46,Telangana,Karimnagar,18.3268,77.9036,National Highway,Overcast,Day,18,Female,Auto,61,No,No,Yes,Pothole/Bad Road,Low,0.0
ACC38920,12-12-2023,18:29,Andhra Pradesh,Vijayawada,16.564,79.4592,City Road,Clear,Dusk,39,Male,Car,60,No,No,No,Over Speeding,Low,1.0
ACC38921,01-01-2024,13:16,Andhra Pradesh,Visakhapatnam,15.7231,79.2388,National Highway,Clear,Day,28,Female,Bike,80,Yes,No,No,Drunk Driving,High,9.0
ACC38922,01-04-2022,07:06,Andhra Pradesh,Nellore,16.0422,79.9052,State Highway,Clear,Day,26,Male,Bike,67,No,No,No,Signal Jumping,Low,2.0
ACC38923,23-09-2024,15:36,Karnataka,Hubballi,15.7846,75.712,Village Road,Clear,Day,18,Male,Auto,46,No,Yes,No,Drowsy Driving,Medium,2.0
ACC38924,16-12-2023,13:15,Telangana,Hyderabad,17.9865,79.4466,City Road,Cloudy,Day,33,Male,Car,50,No,Yes,No,Drowsy Driving,Low,1.0
ACC38925,05-01-2022,15:33,Karnataka,Bengaluru Urban,15.5075,76.2286,Village Road,Clear,Day,30,Female,Bike,36,No,Yes,No,Drowsy Driving,Low,0.0
ACC38926,15-04-2023,19:15,Karnataka,Belagavi,15.0292,75.6511,Village Road,Clear,Night,38,Male,Auto,37,No,No,Yes,Pothole/Bad Road,Low,3.0
ACC38927,29-10-2024,22:26,Andhra Pradesh,Guntur,16.0133,79.7624,City Road,Foggy,Night,56,Male,Bike,55,Yes,No,No,Poor Weather Visibility,Medium,4.0
ACC38928,23-02-2022,19:36,Andhra Pradesh,Visakhapatnam,15.0636,79.8898,City Road,Overcast,Night,28,Male,Truck,42,No,Yes,Yes,Drowsy Driving,Medium,6.0
ACC38929,10-12-2022,08:53,Tamil Nadu,Salem,10.6711,78.3901,Village Road,Clear,Day,45,Male,Bus,47,No,No,No,Poor Weather Visibility,Low,1.0
ACC38930,04-05-2023,07:24,Karnataka,Belagavi,15.108,76.0584,National Highway,Clear,Day,20,Male,Bike,74,Yes,No,Yes,Drunk Driving,Medium,4.0
ACC38931,19-08-2022,17:34,Tamil Nadu,Coimbatore,11.3506,78.4107,Expressway,Clear,Dusk,34,Male,Bike,74,No,No,No,Over Speeding,Medium,2.0
ACC38932,24-01-2023,17:26,Karnataka,Mysuru,15.9717,75.8923,City Road,Cloudy,Dusk,56,Male,Bike,47,No,Yes,No,Drowsy Driving,Medium,2.0
ACC38933,09-04-2023,19:53,Andhra Pradesh,Guntur,15.7712,79.9969,Village Road,Clear,Night,48,Female,Bike,41,No,No,No,Signal Jumping,Medium,3.0
ACC38934,15-04-2023,13:24,Tamil Nadu,Coimbatore,10.7043,78.347,State Highway,Clear,Day,18,Male,Bus,59,No,Yes,No,Drowsy Driving,Low,0.0
ACC38935,19-01-2024,23:48,Karnataka,Hubballi,15.7088,75.4216,State Highway,Cloudy,Night,18,Male,Car,58,No,Yes,No,Drowsy Driving,Medium,1.0
ACC38936,25-09-2023,09:37,Karnataka,Hubballi,15.5344,75.7292,Village Road,Clear,Day,18,Male,Auto,35,No,No,No,Poor Weather Visibility,Low,0.0
ACC38937,10-04-2024,19:55,Andhra Pradesh,Vijayawada,15.4726,79.5482,State Highway,Cloudy,Night,61,Male,Bike,97,Yes,No,No,Over Speeding,High,6.0
ACC38938,24-03-2024,21:44,Tamil Nadu,Salem,10.9429,78.1404,Village Road,Cloudy,Night,62,Male,Bike,43,No,No,No,Poor Weather Visibility,Low,1.0
ACC38939,03-09-2024,11:08,Karnataka,Belagavi,15.7408,76.0823,City Road,Cloudy,Day,61,Male,Car,21,No,No,Yes,Pothole/Bad Road,Low,0.0
ACC38940,05-04-2022,00:54,Tamil Nadu,Tiruchirappalli,11.3253,78.2975,City Road,Clear,Night,29,Male,Bike,60,No,No,No,Signal Jumping,Low,1.0
ACC38941,23-11-2023,09:34,Kerala,Kollam,10.2562,77.0781,City Road,Cloudy,Day,26,Female,Auto,48,No,No,No,Poor Weather Visibility,Low,1.0
ACC38942,13-08-2022,12:56,Tamil Nadu,Tiruchirappalli,11.2648,78.3066,State Highway,Clear,Day,31,Male,Bike,50,No,No,No,Signal Jumping,Low,2.0
ACC38943,06-05-2022,07:04,Karnataka,Mangaluru,15.3166,75.6631,State Highway,Clear,Day,56,Female,Bike,35,No,Yes,No,Drowsy Driving,Low,2.0
ACC38944,31-05-2024,07:48,Karnataka,Mangaluru,14.6275,75.1764,National Highway,Cloudy,Day,47,Female,Truck,80,No,No,No,Over Speeding,Medium,2.0
ACC38945,10-11-2022,13:18,Puducherry,Puducherry,12.299,80.0059,Expressway,Rainy,Day,42,Female,Car,95,No,No,No,Over Speeding,High,5.0
ACC38946,21-06-2023,22:42,Karnataka,Belagavi,14.8904,75.5657,National Highway,Clear,Night,38,Male,Car,55,No,No,No,Poor Weather Visibility,Low,0.0
ACC38947,06-04-2022,12:07,Kerala,Ernakulam,10.4519,76.9237,Village Road,Cloudy,Day,39,Male,Auto,23,No,No,No,Poor Weather Visibility,Low,0.0
ACC38948,23-08-2022,08:16,Kerala,Thiruvananthapuram,10.4037,75.7121,State Highway,Cloudy,Day,48,Male,Truck,59,Yes,No,No,Drunk Driving,Medium,1.0
ACC38949,20-09-2022,08:20,Telangana,Karimnagar,17.9569,79.6244,State Highway,Cloudy,Day,62,Male,Truck,75,No,No,No,Over Speeding,Medium,1.0
ACC38950,05-04-2022,08:07,Kerala,Thiruvananthapuram,10.3312,76.6321,Village Road,Overcast,Day,50,Male,Bus,48,No,No,No,Poor Weather Visibility,Low,3.0
ACC38951,04-01-2022,08:59,Kerala,Kollam,10.2551,76.9045,State Highway,Rainy,Day,31,Female,Car,72,No,No,No,Poor Weather Visibility,Low,2.0
ACC38952,25-07-2022,16:24,Kerala,Thrissur,10.9924,75.9499,State Highway,Rainy,Day,18,Male,Bike,64,No,Yes,No,Poor Weather Visibility,Medium,5.0
ACC38953,01-11-2023,21:07,Tamil Nadu,Madurai,10.5445,78.5009,National Highway,Cloudy,Night,31,Female,Truck,66,No,No,No,Signal Jumping,Medium,4.0
ACC38954,26-02-2024,08:21,Kerala,Kollam,9.8427,76.0826,Village Road,Cloudy,Day,27,Male,Bike,37,No,No,No,Poor Weather Visibility,Low,1.0
ACC38955,11-04-2023,08:16,Tamil Nadu,Madurai,11.244,78.0229,National Highway,Cloudy,Day,18,Male,Bike,70,No,No,No,Signal Jumping,High,3.0
ACC38956,09-04-2022,16:51,Karnataka,Bengaluru Urban,15.2501,75.8638,Village Road,Cloudy,Day,61,Male,Auto,44,No,No,No,Poor Weather Visibility,Low,0.0
ACC38957,31-08-2024,01:10,Telangana,Hyderabad,18.4254,78.4857,City Road,Clear,Night,18,Male,Bike,54,No,No,No,Signal Jumping,Medium,2.0
ACC38958,25-01-2023,13:17,Andhra Pradesh,Guntur,15.4504,79.9316,National Highway,Cloudy,Day,35,Male,Bike,64,No,Yes,No,Drowsy Driving,Medium,3.0
ACC38959,06-06-2022,09:32,Karnataka,Bengaluru Urban,15.2677,75.0973,City Road,Rainy,Day,38,Male,Car,39,No,No,Yes,Poor Weather Visibility,Low,2.0
ACC38960,04-12-2024,09:00,Tamil Nadu,Chennai,11.0447,78.3052,City Road,Clear,Day,24,Male,Car,55,No,No,No,Signal Jumping,Medium,4.0
ACC38961,24-12-2023,14:45,Telangana,Hyderabad,17.4513,79.1353,City Road,Clear,Day,18,Male,Truck,52,Yes,No,No,Drunk Driving,Medium,0.0
ACC38962,12-11-2023,11:53,Kerala,Ernakulam,10.6254,75.8577,City Road,Clear,Day,29,Female,Car,65,Yes,Yes,No,Drunk Driving,Medium,1.0
ACC38963,09-06-2022,19:38,Karnataka,Belagavi,14.9048,75.747,National Highway,Cloudy,Night,49,Male,Bike,61,No,No,No,Poor Weather Visibility,Medium,1.0
ACC38964,10-10-2024,19:24,Puducherry,Puducherry,11.359,80.0513,State Highway,Cloudy,Night,18,Female,Car,54,No,No,No,Poor Weather Visibility,Low,1.0
ACC38965,07-01-2024,14:37,Tamil Nadu,Salem,10.6371,78.4215,Village Road,Clear,Day,27,Female,Bus,38,No,No,Yes,Pothole/Bad Road,Low,1.0
ACC38966,16-10-2022,16:06,Karnataka,Bengaluru Urban,15.9028,75.5606,Village Road,Cloudy,Day,43,Male,Bike,40,No,No,Yes,Pothole/Bad Road,Low,1.0
ACC38967,31-10-2024,14:34,Tamil Nadu,Coimbatore,11.8604,78.429,City Road,Cloudy,Day,40,Male,Car,65,Yes,No,No,Drunk Driving,Medium,4.0
ACC38968,01-10-2024,20:06,Andhra Pradesh,Guntur,15.0084,80.4082,Expressway,Rainy,Night,22,Male,Car,87,Yes,Yes,No,Poor Weather Visibility,High,9.0
ACC38969,08-09-2023,14:48,Tamil Nadu,Tiruchirappalli,11.7619,78.7352,Village Road,Clear,Day,52,Female,Bike,30,No,No,No,Signal Jumping,Low,2.0
ACC38970,22-10-2023,13:50,Andhra Pradesh,Visakhapatnam,15.7233,79.1273,National Highway,Cloudy,Day,40,Male,Bike,59,No,No,No,Poor Weather Visibility,Medium,1.0
ACC38971,24-07-2022,13:37,Karnataka,Mysuru,14.9,75.9645,Expressway,Cloudy,Day,47,Male,Auto,93,Yes,No,Yes,Over Speeding,High,11.0
ACC38972,30-12-2022,13:25,Tamil Nadu,Chennai,11.815,78.9974,City Road,Rainy,Day,21,Male,Bike,40,No,No,No,Poor Weather Visibility,Low,1.0
ACC38973,05-02-2023,18:24,Tamil Nadu,Madurai,10.5998,78.6225,Village Road,Clear,Dusk,26,Male,Bike,16,No,No,No,Signal Jumping,Low,0.0
ACC38974,13-08-2023,18:11,Puducherry,Puducherry,11.9731,79.5488,Village Road,Rainy,Dusk,55,Male,Car,34,No,No,No,Poor Weather Visibility,Low,0.0
ACC38975,24-12-2023,17:02,Tamil Nadu,Salem,11.4353,78.432,State Highway,Foggy,Dusk,57,Female,Truck,65,No,No,No,Poor Weather Visibility,Medium,
ACC38976,22-01-2023,18:22,Kerala,Thiruvananthapuram,10.0895,76.0598,State Highway,Clear,Dusk,18,Male,Auto,50,No,No,No,Poor Weather Visibility,Low,0.0
ACC38977,04-03-2023,19:26,Tamil Nadu,Coimbatore,11.2171,78.2718,City Road,Clear,Night,54,Male,Bike,61,No,No,Yes,Pothole/Bad Road,Medium,7.0
ACC38978,30-07-2024,08:52,Karnataka,Mangaluru,14.9621,75.7016,State Highway,Clear,Day,64,Male,Car,63,No,No,No,Signal Jumping,Low,1.0
ACC38979,27-04-2022,02:43,Karnataka,Bengaluru Urban,15.1432,76.0478,National Highway,Clear,Night,59,Female,Car,63,No,No,No,Signal Jumping,Low,2.0
ACC38980,17-04-2022,21:59,Andhra Pradesh,Kurnool,15.6817,80.2537,City Road,Clear,Night,31,Female,Bus,34,No,No,No,Poor Weather Visibility,Low,0.0
ACC38981,07-03-2023,10:39,Andhra Pradesh,Guntur,15.9233,79.6601,National Highway,Foggy,Day,18,Male,Car,67,No,No,No,Poor Weather Visibility,Medium,5.0
ACC38982,07-11-2023,19:03,Tamil Nadu,Salem,11.2093,78.4825,National Highway,Clear,Night,43,Male,Bike,64,No,No,No,Over Speeding,Medium,4.0
ACC38983,27-06-2023,08:56,Tamil Nadu,Chennai,11.8612,78.1695,City Road,Cloudy,Day,20,Male,Car,67,Yes,No,No,Drunk Driving,Medium,3.0
ACC38984,23-01-2024,17:25,Karnataka,Mysuru,15.5135,75.3157,City Road,Foggy,Dusk,27,Male,Car,68,No,No,No,Poor Weather Visibility,Medium,3.0
ACC38985,28-09-2023,05:32,Karnataka,Belagavi,15.2766,76.7968,National Highway,Clear,Dawn,43,Male,Bike,89,Yes,No,No,Over Speeding,High,4.0
ACC38986,22-05-2022,12:02,Kerala,Thrissur,10.5375,75.0974,City Road,Overcast,Day,37,Female,Bike,37,No,No,No,Poor Weather Visibility,Low,1.0
ACC38987,17-08-2023,12:23,Andhra Pradesh,Visakhapatnam,16.2414,79.1581,City Road,Clear,Day,47,Male,Truck,38,No,Yes,No,Drowsy Driving,Low,1.0
ACC38988,08-12-2022,04:58,Tamil Nadu,Madurai,10.4324,78.3822,State Highway,Clear,Night,29,Male,Car,72,No,No,No,Over Speeding,Medium,2.0
ACC38989,10-03-2022,15:47,Karnataka,Hubballi,15.5161,75.9091,City Road,Foggy,Day,31,Male,Car,53,Yes,No,No,Poor Weather Visibility,Medium,6.0
ACC38990,16-02-2022,08:55,Tamil Nadu,Coimbatore,10.8175,78.8293,Village Road,Cloudy,Day,37,Female,Bike,59,No,No,No,Poor Weather Visibility,Medium,0.0
ACC38991,03-06-2023,06:42,Karnataka,Mangaluru,15.6444,75.7857,National Highway,Clear,Day,32,Male,Car,59,No,No,No,Signal Jumping,Low,1.0
ACC38992,31-07-2022,19:01,Kerala,Thiruvananthapuram,10.5875,75.7528,City Road,Clear,Night,46,Male,Car,35,No,No,No,Signal Jumping,Low,0.0
ACC38993,11-09-2024,10:24,Puducherry,Puducherry,11.5227,79.8312,State Highway,Rainy,Day,31,Male,Auto,61,No,No,No,Poor Weather Visibility,Medium,1.0
ACC38994,08-03-2023,20:18,Karnataka,Mysuru,15.2306,76.0827,City Road,Cloudy,Night,24,Male,Bike,56,Yes,No,No,Drunk Driving,High,6.0
ACC38995,22-03-2024,10:23,Karnataka,Belagavi,15.334,75.5018,National Highway,Clear,Day,29,Male,Bike,76,No,Yes,No,Drowsy Driving,High,8.0
ACC38996,02-06-2024,00:53,Tamil Nadu,Tiruchirappalli,11.1987,77.8897,State Highway,Clear,Night,28,Male,Bus,78,No,Yes,Yes,Drowsy Driving,Medium,3.0
ACC38997,05-08-2022,14:19,Karnataka,Belagavi,15.3087,76.1553,City Road,Clear,Day,51,Male,Car,41,No,No,No,Signal Jumping,Low,1.0
ACC38998,29-09-2023,17:16,Tamil Nadu,Tiruchirappalli,10.3345,78.6617,Village Road,Clear,Dusk,41,Male,Bike,34,No,No,No,Poor Weather Visibility,Low,2.0
ACC38999,26-12-2024,18:25,Karnataka,Belagavi,15.4742,75.7893,National Highway,Clear,Dusk,47,Male,Bus,62,No,No,No,Over Speeding,Low,1.0
ACC39000,14-09-2024,18:35,Andhra Pradesh,Visakhapatnam,16.0994,79.7439,Village Road,Clear,Dusk,22,Male,Bike,59,No,No,No,Signal Jumping,Medium,
ACC39001,13-08-2024,05:11,Tamil Nadu,Madurai,10.903,78.6369,Village Road,Rainy,Dawn,35,Female,Bike,60,No,Yes,No,Poor Weather Visibility,High,3.0
ACC39002,12-01-2024,18:57,Tamil Nadu,Tiruchirappalli,10.8276,78.8644,City Road,Foggy,Dusk,39,Male,Car,22,No,No,No,Poor Weather Visibility,Low,0.0
ACC39003,19-04-2023,21:39,Karnataka,Mangaluru,15.4633,75.2406,City Road,Clear,Night,50,Male,Bus,76,Yes,No,No,Drunk Driving,High,3.0
ACC39004,19-04-2024,19:03,Tamil Nadu,Madurai,10.8772,78.8006,State Highway,Clear,Night,57,Male,Bike,79,Yes,No,No,Drunk Driving,High,6.0
ACC39005,15-01-2022,14:52,Andhra Pradesh,Vijayawada,16.2108,79.0831,National Highway,Foggy,Day,44,Male,Car,61,No,No,No,Poor Weather Visibility,Low,2.0
ACC39006,09-09-2022,16:54,Karnataka,Bengaluru Urban,15.0442,75.6703,Expressway,Cloudy,Day,38,Male,Bike,86,No,No,No,Over Speeding,Medium,4.0
ACC39007,02-10-2024,21:29,Puducherry,Puducherry,12.2944,79.8356,Village Road,Clear,Night,24,Male,Bike,29,No,No,No,Poor Weather Visibility,Low,
ACC39008,20-01-2022,18:29,Telangana,Warangal,17.8282,79.1685,National Highway,Cloudy,Dusk,18,Male,Bike,70,No,Yes,No,Drowsy Driving,High,7.0
ACC39009,05-09-2022,22:45,Karnataka,Mysuru,15.3824,76.0873,National Highway,Clear,Night,39,Male,Truck,75,No,Yes,Yes,Drowsy Driving,High,1.0
ACC39010,30-05-2024,07:07,Andhra Pradesh,Kurnool,16.4213,80.5064,State Highway,Clear,Day,58,Male,Bike,49,No,No,No,Signal Jumping,Low,1.0
ACC39011,26-09-2023,13:14,Telangana,Warangal,17.7365,78.7546,Village Road,Clear,Day,45,Male,Bike,27,No,No,No,Poor Weather Visibility,Low,0.0
ACC39012,01-11-2024,09:07,Andhra Pradesh,Vijayawada,15.7888,79.2719,State Highway,Rainy,Day,40,Male,Bike,73,No,No,No,Poor Weather Visibility,Medium,3.0
ACC39013,15-10-2022,09:23,Kerala,Thrissur,10.0336,76.3178,Village Road,Clear,Day,26,Male,Auto,55,Yes,Yes,No,Drunk Driving,High,5.0
ACC39014,18-08-2024,14:35,Telangana,Khammam,17.091,79.2593,Expressway,Rainy,Day,38,Male,Bus,61,No,No,Yes,Poor Weather Visibility,Low,1.0
ACC39015,01-06-2022,05:01,Tamil Nadu,Madurai,11.0231,79.3175,City Road,Clear,Dawn,30,Male,Car,48,No,No,Yes,Pothole/Bad Road,Low,1.0
ACC39016,26-03-2024,18:19,Andhra Pradesh,Guntur,15.2688,80.1578,City Road,Clear,Dusk,49,Male,Bike,51,Yes,No,No,Drunk Driving,Medium,2.0
ACC39017,21-03-2022,17:26,Tamil Nadu,Tiruchirappalli,11.4296,78.522,National Highway,Rainy,Dusk,48,Female,Bike,74,No,No,No,Poor Weather Visibility,Medium,3.0
ACC39018,11-06-2022,20:22,Karnataka,Mangaluru,15.2527,75.3538,National Highway,Clear,Night,45,Female,Car,73,No,No,No,Over Speeding,Medium,2.0
ACC39019,18-01-2022,09:59,Tamil Nadu,Coimbatore,11.4797,79.3561,State Highway,Clear,Day,18,Female,Bike,51,No,No,No,Signal Jumping,Low,0.0
ACC39020,02-04-2024,09:52,Kerala,Kozhikode,10.2558,75.9923,State Highway,Clear,Day,20,Male,Bike,57,No,No,Yes,Pothole/Bad Road,Medium,5.0
ACC39021,17-12-2023,18:08,Tamil Nadu,Chennai,10.9878,78.5017,National Highway,Overcast,Dusk,21,Male,Bike,67,No,No,No,Poor Weather Visibility,Medium,2.0
ACC39022,21-02-2024,22:29,Kerala,Ernakulam,10.4632,76.4753,Village Road,Clear,Night,29,Male,Bike,61,No,Yes,No,Drowsy Driving,Low,1.0
ACC39023,05-07-2022,15:18,Tamil Nadu,Salem,11.6684,78.6747,City Road,Clear,Day,18,Male,Bike,45,No,No,No,Poor Weather Visibility,Low,2.0
ACC39024,08-11-2024,18:52,Tamil Nadu,Madurai,11.3524,79.3617,State Highway,Clear,Dusk,55,Male,Bike,32,No,No,No,Signal Jumping,Low,2.0
ACC39025,03-09-2022,23:50,Karnataka,Mangaluru,15.4821,75.9,State Highway,Clear,Night,23,Female,Bus,53,No,No,No,Poor Weather Visibility,Medium,2.0
ACC39026,14-07-2024,18:18,Karnataka,Mangaluru,15.5672,76.3495,Village Road,Clear,Dusk,35,Male,Truck,53,No,No,Yes,Signal Jumping,Medium,1.0
ACC39027,16-02-2024,12:37,Kerala,Thrissur,10.1502,76.2303,State Highway,Clear,Day,18,Female,Bike,63,No,No,No,Over Speeding,Low,1.0
ACC39028,27-11-2022,16:28,Kerala,Thiruvananthapuram,10.2533,76.6402,City Road,Clear,Day,19,Male,Car,42,No,No,No,Signal Jumping,Low,1.0
ACC39029,28-06-2024,12:23,Telangana,Nizamabad,18.4704,79.0885,National Highway,Clear,Day,41,Male,Car,69,Yes,No,No,Drunk Driving,Medium,5.0
ACC39030,24-05-2022,06:24,Karnataka,Mysuru,15.3561,75.9217,National Highway,Clear,Day,38,Male,Auto,56,No,No,No,Signal Jumping,Low,1.0
ACC39031,02-10-2023,07:36,Tamil Nadu,Tiruchirappalli,11.118,78.6733,State Highway,Overcast,Day,42,Male,Bike,47,No,No,No,Poor Weather Visibility,Medium,2.0
ACC39032,06-04-2024,12:24,Puducherry,Puducherry,12.3959,79.165,Village Road,Cloudy,Day,50,Female,Auto,67,Yes,No,No,Drunk Driving,High,
ACC39033,18-02-2024,00:44,Tamil Nadu,Coimbatore,11.331,77.8489,City Road,Clear,Night,25,Male,Bike,44,No,No,No,Poor Weather Visibility,Low,0.0
ACC39034,14-02-2022,09:27,Karnataka,Bengaluru Urban,14.816,76.1326,Village Road,Cloudy,Day,46,Male,Bus,31,No,No,Yes,Pothole/Bad Road,Low,0.0
ACC39035,12-11-2024,09:03,Tamil Nadu,Salem,11.3358,78.3432,Village Road,Clear,Day,18,Male,Auto,76,No,Yes,No,Drowsy Driving,High,12.0
ACC39036,16-08-2024,08:49,Andhra Pradesh,Nellore,15.8733,79.5257,Village Road,Foggy,Day,57,Female,Auto,35,No,No,Yes,Poor Weather Visibility,Medium,3.0
ACC39037,12-07-2022,10:38,Telangana,Warangal,17.841,78.734,National Highway,Clear,Day,34,Male,Car,77,No,No,No,Over Speeding,Medium,4.0
ACC39038,01-03-2023,01:26,Karnataka,Mangaluru,15.4585,75.536,State Highway,Foggy,Night,40,Male,Car,43,No,Yes,No,Poor Weather Visibility,Medium,1.0
ACC39039,04-01-2022,11:27,Karnataka,Mysuru,15.2938,75.3164,State Highway,Rainy,Day,40,Male,Car,59,No,No,No,Poor Weather Visibility,Medium,2.0
ACC39040,25-09-2022,09:23,Puducherry,Puducherry,11.6163,79.8448,National Highway,Cloudy,Day,34,Female,Bike,92,No,No,No,Over Speeding,High,9.0
ACC39041,03-05-2022,11:53,Karnataka,Mangaluru,14.9768,75.6021,Village Road,Clear,Day,29,Male,Auto,15,No,No,No,Poor Weather Visibility,Low,0.0
ACC39042,07-12-2022,20:40,Telangana,Khammam,18.3023,78.983,City Road,Clear,Night,44,Male,Bike,61,No,No,No,Over Speeding,Low,1.0
ACC39043,02-04-2022,05:27,Kerala,Kozhikode,10.6155,75.6997,Village Road,Clear,Dawn,40,Male,Car,83,Yes,Yes,Yes,Drunk Driving,High,4.0
ACC39044,23-07-2024,00:13,Kerala,Ernakulam,10.7285,76.3654,State Highway,Rainy,Night,34,Male,Bike,58,No,Yes,Yes,Poor Weather Visibility,High,8.0
ACC39045,22-12-2023,13:37,Karnataka,Bengaluru Urban,14.7539,75.9583,City Road,Clear,Day,41,Male,Car,39,No,No,No,Poor Weather Visibility,Low,1.0
ACC39046,06-09-2024,16:54,Telangana,Karimnagar,18.1285,78.731,State Highway,Cloudy,Day,36,Male,Auto,63,No,No,No,Poor Weather Visibility,Low,2.0
ACC39047,26-01-2023,15:47,Andhra Pradesh,Nellore,16.0887,79.9024,State Highway,Clear,Day,67,Female,Car,57,Yes,No,No,Drunk Driving,Low,1.0
ACC39048,13-12-2024,16:22,Kerala,Thiruvananthapuram,10.37,76.5172,Village Road,Clear,Day,42,Male,Car,44,No,No,No,Signal Jumping,Low,0.0
ACC39049,29-01-2023,21:35,Andhra Pradesh,Nellore,15.4922,78.6878,State Highway,Overcast,Night,18,Male,Bike,47,No,No,No,Poor Weather Visibility,Medium,1.0
ACC39050,12-04-2022,18:04,Tamil Nadu,Tiruchirappalli,11.4013,78.2622,City Road,Foggy,Dusk,19,Female,Bike,44,No,No,Yes,Poor Weather Visibility,Medium,0.0
ACC39051,27-06-2022,23:14,Tamil Nadu,Tiruchirappalli,11.6166,78.5685,Village Road,Overcast,Night,23,Male,Truck,28,No,No,No,Poor Weather Visibility,Low,0.0
ACC39052,15-02-2023,20:41,Kerala,Kozhikode,10.853,75.7937,City Road,Clear,Night,43,Male,Car,57,No,No,No,Signal Jumping,Low,0.0
ACC39053,14-02-2023,15:48,Telangana,Karimnagar,18.3976,79.3955,City Road,Rainy,Day,42,Male,Car,66,No,No,No,Poor Weather Visibility,Low,
ACC39054,14-12-2024,05:22,Karnataka,Mangaluru,15.8159,75.311,National Highway,Cloudy,Dawn,29,Male,Car,57,No,No,No,Poor Weather Visibility,Low,2.0