Accident_ID,Date,Time,State,District,Latitude,Longitude,Road_Type,Weather,Light_Condition,Driver_Age,Driver_Gender,Vehicle_Type,Speed_kmph,Alcohol_Involved,Driver_Drowsy,Pothole_Involved,Cause_of_Accident,Severity,Casualties
ACC39055,31-01-2022,22:44,Andhra Pradesh,Vijayawada,15.663,79.6097,Expressway,Clear,Night,28,Female,Truck,104,No,No,No,Over Speeding,High,3.0
ACC39056,11-11-2023,10:25,Puducherry,Puducherry,11.7479,79.2702,National Highway,Overcast,Day,31,Male,Bike,94,No,Yes,No,Over Speeding,High,3.0
ACC39057,05-07-2024,23:52,Kerala,Thrissur,10.1975,76.5221,City Road,Rainy,Night,44,Male,Bus,39,No,Yes,Yes,Poor Weather Visibility,Medium,3.0
ACC39058,08-10-2022,14:48,Kerala,Kozhikode,9.7002,76.511,Village Road,Rainy,Day,48,Male,Bus,29,No,No,No,Poor Weather Visibility,Low,0.0
ACC39059,14-04-2024,09:16,Puducherry,Karaikal,11.9455,79.8585,National Highway,Cloudy,Day,35,Female,Auto,67,No,No,No,Poor Weather Visibility,Medium,1.0
ACC39060,02-04-2022,14:42,Tamil Nadu,Madurai,11.3246,78.7229,City Road,Clear,Day,23,Male,Auto,44,No,No,No,Signal Jumping,Low,1.0
ACC39061,30-04-2023,12:59,Telangana,Karimnagar,17.7557,78.4773,National Highway,Clear,Day,41,Male,Auto,77,No,No,No,Over Speeding,Medium,2.0
ACC39062,22-08-2023,07:55,Kerala,Kollam,10.1257,76.3343,State Highway,Overcast,Day,50,Male,Car,54,No,No,No,Poor Weather Visibility,Low,2.0
ACC39063,12-11-2022,22:13,Karnataka,Mysuru,14.9096,76.3281,Village Road,Cloudy,Night,27,Male,Auto,29,No,No,No,Poor Weather Visibility,Low,2.0
ACC39064,11-04-2022,20:05,Andhra Pradesh,Nellore,15.4218,79.7724,City Road,Rainy,Night,32,Male,Car,52,Yes,No,No,Poor Weather Visibility,Medium,3.0
ACC39065,17-11-2023,09:13,Kerala,Ernakulam,10.1673,76.7961,Expressway,Cloudy,Day,60,Male,Bike,90,No,No,No,Over Speeding,High,7.0
ACC39066,21-04-2022,21:11,Telangana,Nizamabad,17.3864,79.0797,City Road,Overcast,Night,18,Male,Car,49,No,No,No,Poor Weather Visibility,Medium,3.0
ACC39067,24-06-2024,14:34,Tamil Nadu,Chennai,10.6342,77.9759,State Highway,Rainy,Day,46,Male,Bike,67,No,No,Yes,Poor Weather Visibility,Medium,0.0
ACC39068,24-06-2024,14:11,Kerala,Kollam,9.9761,75.9533,City Road,Foggy,Day,49,Male,Bike,40,No,No,No,Poor Weather Visibility,Low,2.0
ACC39069,19-05-2024,14:04,Andhra Pradesh,Nellore,16.4458,79.3828,Village Road,Clear,Day,51,Male,Bike,38,No,No,No,Signal Jumping,Low,0.0
ACC39070,04-10-2024,23:52,Karnataka,Mangaluru,15.3851,75.4573,City Road,Clear,Night,32,Male,Bike,63,Yes,Yes,No,Drunk Driving,High,5.0
ACC39071,05-06-2023,10:37,Karnataka,Bengaluru Urban,15.67,75.6989,National Highway,Clear,Day,60,Male,Bike,69,No,No,No,Over Speeding,Medium,1.0
ACC39072,16-02-2024,17:12,Andhra Pradesh,Visakhapatnam,16.4147,79.4075,Village Road,Clear,Dusk,42,Male,Bike,28,No,No,Yes,Signal Jumping,Low,3.0
ACC39073,16-11-2023,15:39,Tamil Nadu,Coimbatore,11.1217,78.1034,State Highway,Foggy,Day,43,Male,Bus,63,No,No,No,Poor Weather Visibility,Medium,1.0
ACC39074,19-08-2023,10:38,Andhra Pradesh,Nellore,15.8768,79.5709,Expressway,Clear,Day,48,Male,Auto,75,No,No,No,Over Speeding,Medium,3.0
ACC39075,12-06-2022,04:45,Tamil Nadu,Madurai,11.8703,78.6436,State Highway,Overcast,Night,41,Male,Bike,58,No,Yes,No,Drowsy Driving,Medium,4.0
ACC39076,01-12-2024,20:57,Andhra Pradesh,Vijayawada,15.8476,79.8622,City Road,Clear,Night,30,Male,Truck,67,No,Yes,No,Drowsy Driving,Medium,2.0
ACC39077,27-01-2023,18:03,Tamil Nadu,Madurai,11.1556,78.5269,State Highway,Rainy,Dusk,38,Male,Bike,56,No,No,No,Poor Weather Visibility,Low,2.0
ACC39078,01-06-2024,16:32,Tamil Nadu,Tiruchirappalli,10.1958,78.9012,National Highway,Cloudy,Day,32,Male,Car,51,No,No,No,Poor Weather Visibility,Low,0.0
ACC39079,11-07-2024,02:35,Andhra Pradesh,Kurnool,15.7003,79.7776,City Road,Clear,Night,39,Male,Auto,54,No,Yes,No,Drowsy Driving,Medium,3.0
ACC39080,26-07-2022,13:04,Karnataka,Bengaluru Urban,15.6034,75.9696,National Highway,Cloudy,Day,27,Male,Auto,60,No,Yes,No,Drowsy Driving,Medium,1.0
ACC39081,08-02-2024,17:54,Andhra Pradesh,Kurnool,16.157,79.614,National Highway,Overcast,Dusk,18,Male,Car,92,Yes,No,No,Over Speeding,High,2.0
ACC39082,14-01-2023,06:05,Kerala,Thiruvananthapuram,9.6706,76.5183,National Highway,Clear,Day,47,Female,Auto,72,No,No,No,Signal Jumping,Medium,5.0
ACC39083,26-12-2022,18:16,Karnataka,Bengaluru Urban,15.4286,75.5108,City Road,Clear,Dusk,54,Male,Car,51,No,No,No,Poor Weather Visibility,Low,1.0
ACC39084,30-03-2023,21:54,Tamil Nadu,Chennai,10.9203,78.5224,National Highway,Clear,Night,37,Male,Bike,98,No,Yes,No,Over Speeding,High,5.0
ACC39085,13-10-2022,20:45,Telangana,Hyderabad,18.4612,78.6666,Village Road,Cloudy,Night,26,Female,Car,41,No,No,No,Poor Weather Visibility,Low,0.0
ACC39086,01-10-2023,09:29,Andhra Pradesh,Visakhapatnam,15.6593,79.3023,National Highway,Foggy,Day,18,Male,Bike,71,No,No,No,Poor Weather Visibility,High,7.0
ACC39087,17-04-2023,08:41,Kerala,Thrissur,10.2634,76.4346,State Highway,Rainy,Day,35,Male,Bike,68,No,No,No,Poor Weather Visibility,Medium,3.0
ACC39088,31-05-2023,18:00,Telangana,Karimnagar,17.7488,78.6128,Expressway,Rainy,Dusk,35,Female,Bike,89,Yes,No,No,Over Speeding,High,
ACC39089,29-01-2024,14:16,Andhra Pradesh,Visakhapatnam,16.0074,79.4284,City Road,Clear,Day,52,Female,Bus,49,No,Yes,Yes,Drowsy Driving,Medium,3.0
ACC39090,01-06-2022,20:20,Kerala,Thiruvananthapuram,9.7602,75.9399,National Highway,Clear,Night,57,Male,Auto,63,No,No,No,Signal Jumping,Medium,1.0
ACC39091,14-10-2022,05:36,Telangana,Nizamabad,17.4294,78.9474,National Highway,Rainy,Dawn,18,Male,Auto,68,Yes,No,Yes,Poor Weather Visibility,High,3.0
ACC39092,05-03-2022,08:06,Karnataka,Bengaluru Urban,15.447,75.0722,City Road,Rainy,Day,25,Male,Bus,55,No,No,No,Poor Weather Visibility,Low,0.0
ACC39093,26-11-2023,07:05,Telangana,Nizamabad,17.4891,80.0194,Village Road,Cloudy,Day,49,Female,Bike,51,No,No,No,Poor Weather Visibility,Low,
ACC39094,10-09-2024,15:17,Tamil Nadu,Madurai,11.3219,78.7452,National Highway,Rainy,Day,32,Male,Car,55,No,No,No,Poor Weather Visibility,Low,0.0
ACC39095,18-09-2023,18:12,Tamil Nadu,Madurai,11.3562,78.8498,State Highway,Clear,Dusk,43,Male,Bike,42,No,No,No,Signal Jumping,Low,0.0
ACC39096,28-09-2022,08:22,Kerala,Kozhikode,10.9527,76.0037,State Highway,Clear,Day,38,Male,Bike,75,No,No,No,Over Speeding,Medium,4.0
ACC39097,20-08-2024,15:38,Tamil Nadu,Chennai,10.5506,78.8739,City Road,Clear,Day,61,Male,Bike,47,No,No,No,Poor Weather Visibility,Low,0.0
ACC39098,22-11-2022,15:42,Telangana,Warangal,18.0025,78.5517,National Highway,Rainy,Day,45,Male,Truck,55,No,No,No,Poor Weather Visibility,Low,1.0
ACC39099,28-06-2022,06:43,Telangana,Nizamabad,17.9966,78.9044,Village Road,Clear,Day,21,Male,Bus,56,No,Yes,No,Drowsy Driving,Medium,0.0
ACC39100,18-09-2022,20:18,Karnataka,Bengaluru Urban,15.3584,75.7009,Village Road,Cloudy,Night,49,Male,Bike,55,No,Yes,No,Drowsy Driving,Medium,3.0
ACC39101,16-01-2024,18:33,Tamil Nadu,Coimbatore,10.8315,78.979,State Highway,Clear,Dusk,28,Male,Auto,54,No,No,No,Signal Jumping,Low,0.0
ACC39102,09-10-2023,16:00,Puducherry,Puducherry,12.0193,80.5725,State Highway,Cloudy,Day,35,Male,Bike,64,No,No,No,Poor Weather Visibility,High,5.0
ACC39103,17-08-2022,18:17,Karnataka,Mysuru,15.4262,75.7777,State Highway,Cloudy,Dusk,32,Male,Bike,60,No,No,No,Poor Weather Visibility,Medium,2.0
ACC39104,10-08-2024,18:08,Kerala,Thiruvananthapuram,10.247,75.9736,City Road,Clear,Dusk,34,Male,Car,50,No,No,No,Signal Jumping,Low,3.0
ACC39105,11-06-2022,08:16,Karnataka,Belagavi,14.946,76.1111,Village Road,Overcast,Day,51,Male,Car,59,No,Yes,No,Drowsy Driving,Medium,3.0
ACC39106,17-05-2024,13:30,Karnataka,Mysuru,15.8727,76.0701,City Road,Cloudy,Day,40,Male,Bus,55,No,No,No,Poor Weather Visibility,Low,1.0
ACC39107,26-12-2024,18:59,Karnataka,Mysuru,15.3781,75.2982,City Road,Clear,Dusk,44,Male,Bus,85,Yes,No,No,Drunk Driving,High,7.0
ACC39108,30-03-2024,14:31,Karnataka,Belagavi,14.5262,76.4511,City Road,Overcast,Day,43,Male,Truck,54,No,No,Yes,Pothole/Bad Road,Low,1.0
ACC39109,11-04-2022,08:01,Andhra Pradesh,Vijayawada,15.7162,80.3646,City Road,Cloudy,Day,39,Male,Bike,49,No,No,No,Signal Jumping,Low,2.0
ACC39110,30-07-2023,14:45,Karnataka,Mangaluru,15.2383,75.2962,City Road,Cloudy,Day,24,Female,Bike,47,No,No,Yes,Pothole/Bad Road,Medium,4.0
ACC39111,02-06-2022,06:04,Andhra Pradesh,Vijayawada,16.0785,79.8505,State Highway,Cloudy,Day,43,Male,Truck,64,No,Yes,No,Drowsy Driving,Medium,2.0
ACC39112,13-09-2023,18:48,Andhra Pradesh,Kurnool,15.7379,80.1111,State Highway,Cloudy,Dusk,47,Male,Bike,73,No,No,Yes,Pothole/Bad Road,Medium,2.0
ACC39113,13-07-2024,10:39,Telangana,Khammam,18.1248,79.3112,Village Road,Cloudy,Day,38,Male,Truck,48,No,No,Yes,Pothole/Bad Road,Low,1.0
ACC39114,14-02-2022,13:52,Tamil Nadu,Madurai,11.4388,78.7798,National Highway,Cloudy,Day,44,Male,Car,60,No,No,No,Poor Weather Visibility,Medium,
ACC39115,05-01-2023,17:10,Telangana,Hyderabad,17.812,78.86,City Road,Cloudy,Dusk,25,Male,Bike,50,No,No,No,Poor Weather Visibility,Medium,1.0
ACC39116,01-09-2023,18:20,Telangana,Hyderabad,17.7115,78.6366,Village Road,Rainy,Dusk,30,Male,Car,23,No,No,Yes,Poor Weather Visibility,Low,2.0
ACC39117,07-09-2023,16:57,Karnataka,Hubballi,14.806,76.2451,City Road,Clear,Day,28,Male,Auto,50,No,No,Yes,Pothole/Bad Road,Medium,3.0
ACC39118,30-07-2022,00:43,Tamil Nadu,Chennai,11.2406,78.43,Village Road,Clear,Night,30,Male,Bike,46,No,No,No,Signal Jumping,Medium,1.0
ACC39119,29-09-2023,17:28,Telangana,Karimnagar,17.8684,78.536,National Highway,Foggy,Dusk,22,Female,Bike,72,No,No,No,Poor Weather Visibility,High,6.0
ACC39120,29-08-2023,03:25,Kerala,Kollam,9.9382,77.0243,City Road,Rainy,Night,34,Male,Car,49,No,No,Yes,Poor Weather Visibility,Low,0.0
ACC39121,21-07-2023,09:19,Karnataka,Mysuru,16.0814,76.0433,City Road,Clear,Day,41,Male,Truck,42,No,Yes,Yes,Drowsy Driving,Low,4.0
ACC39122,10-02-2022,21:44,Telangana,Warangal,18.1224,78.7086,City Road,Rainy,Night,37,Male,Truck,56,No,No,Yes,Poor Weather Visibility,Medium,0.0
ACC39123,05-03-2024,09:54,Karnataka,Hubballi,14.5153,76.1788,Village Road,Clear,Day,35,Male,Bike,38,No,No,No,Signal Jumping,Low,0.0
ACC39124,26-04-2023,15:57,Telangana,Khammam,18.2292,78.4457,Village Road,Overcast,Day,37,Female,Bike,40,No,No,No,Poor Weather Visibility,Low,0.0
ACC39125,01-11-2023,22:29,Telangana,Hyderabad,17.758,78.681,City Road,Clear,Night,53,Male,Auto,39,No,No,No,Signal Jumping,Medium,2.0
ACC39126,04-12-2023,12:57,Andhra Pradesh,Visakhapatnam,15.7728,79.387,National Highway,Rainy,Day,23,Male,Car,62,No,No,No,Poor Weather Visibility,Medium,3.0
ACC39127,17-03-2024,02:11,Tamil Nadu,Chennai,11.4374,78.2433,City Road,Cloudy,Night,18,Male,Bike,68,Yes,No,No,Drunk Driving,High,8.0
ACC39128,21-05-2023,18:55,Telangana,Hyderabad,18.2253,79.2531,City Road,Cloudy,Dusk,54,Male,Bike,37,No,No,No,Poor Weather Visibility,Low,0.0
ACC39129,22-08-2023,19:09,Karnataka,Belagavi,14.9837,76.2752,State Highway,Rainy,Night,40,Male,Bike,68,No,No,No,Poor Weather Visibility,Medium,5.0
ACC39130,29-01-2022,08:40,Karnataka,Bengaluru Urban,15.1202,75.6784,City Road,Cloudy,Day,25,Male,Auto,48,Yes,No,Yes,Drunk Driving,High,4.0
ACC39131,23-08-2022,16:03,Andhra Pradesh,Kurnool,15.7597,79.796,City Road,Cloudy,Day,36,Male,Bike,32,No,No,Yes,Pothole/Bad Road,Low,0.0
ACC39132,10-01-2023,16:56,Kerala,Thiruvananthapuram,10.608,76.548,City Road,Overcast,Day,28,Male,Bike,62,No,Yes,No,Drowsy Driving,Medium,2.0
ACC39133,02-06-2023,04:21,Andhra Pradesh,Kurnool,16.3908,79.3181,Village Road,Rainy,Night,42,Female,Bike,54,No,No,No,Poor Weather Visibility,Medium,5.0
ACC39134,09-03-2022,18:49,Puducherry,Puducherry,12.105,80.0607,State Highway,Clear,Dusk,30,Male,Car,64,No,No,No,Signal Jumping,Medium,5.0
ACC39135,30-06-2024,08:18,Puducherry,Puducherry,11.687,79.1565,National Highway,Clear,Day,18,Male,Bus,64,Yes,No,Yes,Drunk Driving,High,4.0
ACC39136,06-02-2023,09:02,Kerala,Ernakulam,10.2201,76.6242,City Road,Clear,Day,55,Female,Truck,47,No,No,Yes,Pothole/Bad Road,Low,0.0
ACC39137,27-01-2024,17:01,Andhra Pradesh,Vijayawada,15.7607,80.0302,National Highway,Clear,Dusk,41,Male,Truck,66,No,No,No,Signal Jumping,Low,2.0
ACC39138,18-09-2023,14:22,Telangana,Warangal,18.3915,78.8878,Expressway,Clear,Day,35,Male,Bike,59,No,No,No,Signal Jumping,Low,0.0
ACC39139,28-05-2023,13:50,Kerala,Thiruvananthapuram,10.8446,75.6675,City Road,Clear,Day,26,Male,Car,45,No,No,Yes,Pothole/Bad Road,Low,0.0
ACC39140,27-07-2022,17:29,Telangana,Khammam,17.6426,78.9494,State Highway,Overcast,Dusk,67,Male,Auto,87,Yes,No,No,Over Speeding,High,6.0
ACC39141,08-10-2022,12:01,Karnataka,Mangaluru,15.4718,75.077,City Road,Clear,Day,38,Male,Bike,38,No,No,No,Poor Weather Visibility,Low,0.0
ACC39142,01-02-2024,20:02,Andhra Pradesh,Nellore,15.7576,79.2957,State Highway,Cloudy,Night,27,Male,Truck,53,No,Yes,No,Drowsy Driving,Low,1.0
ACC39143,25-07-2024,19:37,Tamil Nadu,Madurai,11.3593,78.2122,National Highway,Cloudy,Night,32,Male,Auto,59,No,Yes,No,Drowsy Driving,Medium,2.0
ACC39144,18-12-2022,20:11,Telangana,Hyderabad,18.0619,79.6453,City Road,Foggy,Night,31,Female,Bike,54,No,No,Yes,Poor Weather Visibility,Medium,2.0
ACC39145,12-07-2023,10:51,Karnataka,Mangaluru,15.3812,75.7097,State Highway,Clear,Day,30,Male,Truck,58,No,No,No,Signal Jumping,Low,1.0
ACC39146,16-11-2023,18:10,Karnataka,Mysuru,15.0032,75.7083,State Highway,Cloudy,Dusk,30,Male,Car,61,No,No,No,Poor Weather Visibility,Medium,1.0
ACC39147,14-01-2022,12:01,Andhra Pradesh,Visakhapatnam,15.9275,79.0827,Village Road,Overcast,Day,28,Male,Car,37,No,No,Yes,Pothole/Bad Road,Low,1.0
ACC39148,02-01-2022,09:06,Karnataka,Mysuru,15.6466,75.6783,Expressway,Clear,Day,18,Male,Truck,100,Yes,No,No,Over Speeding,High,
ACC39149,07-07-2023,19:59,Tamil Nadu,Madurai,10.671,78.6494,National Highway,Cloudy,Night,28,Female,Bike,70,Yes,No,No,Drunk Driving,High,6.0
ACC39150,22-11-2023,20:06,Tamil Nadu,Chennai,11.0829,79.1948,City Road,Clear,Night,46,Female,Bike,64,No,No,No,Over Speeding,Medium,2.0
ACC39151,25-10-2022,16:40,Telangana,Nizamabad,18.5873,79.082,State Highway,Overcast,Day,32,Female,Car,60,No,No,No,Poor Weather Visibility,Low,0.0
ACC39152,12-12-2023,10:28,Andhra Pradesh,Visakhapatnam,15.8133,79.761,City Road,Rainy,Day,37,Female,Car,38,No,No,Yes,Poor Weather Visibility,Low,0.0
ACC39153,29-04-2023,16:23,Puducherry,Karaikal,12.0177,79.7139,Village Road,Overcast,Day,45,Male,Car,36,No,No,No,Poor Weather Visibility,Low,1.0
ACC39154,07-06-2024,07:38,Telangana,Hyderabad,18.0663,79.4412,City Road,Rainy,Day,41,Male,Bike,32,No,No,No,Poor Weather Visibility,Low,0.0
ACC39155,23-04-2022,04:36,Kerala,Kozhikode,9.4416,76.1715,City Road,Clear,Night,18,Female,Car,47,No,No,No,Poor Weather Visibility,Medium,1.0
ACC39156,10-04-2024,06:17,Karnataka,Bengaluru Urban,15.2226,75.9509,City Road,Clear,Day,23,Male,Car,47,No,No,Yes,Pothole/Bad Road,Low,0.0
ACC39157,11-06-2022,08:14,Kerala,Thrissur,9.1658,75.9893,City Road,Foggy,Day,52,Male,Bike,52,No,No,No,Poor Weather Visibility,Low,0.0
ACC39158,19-04-2024,05:08,Telangana,Warangal,16.8857,78.6791,Village Road,Clear,Dawn,46,Female,Bike,33,No,No,No,Poor Weather Visibility,Low,1.0
ACC39159,18-12-2023,21:56,Karnataka,Belagavi,15.7996,76.1284,National Highway,Cloudy,Night,42,Male,Car,49,No,No,No,Poor Weather Visibility,Medium,1.0
ACC39160,03-01-2024,16:54,Karnataka,Hubballi,15.3975,75.6281,State Highway,Clear,Day,25,Male,Car,57,No,No,No,Poor Weather Visibility,Low,1.0
ACC39161,04-01-2022,09:37,Andhra Pradesh,Vijayawada,16.1761,79.8848,Village Road,Clear,Day,37,Male,Car,57,No,No,No,Signal Jumping,Low,0.0
ACC39162,03-06-2022,17:57,Kerala,Kozhikode,10.2906,76.5977,Expressway,Cloudy,Dusk,18,Male,Bike,93,No,No,No,Over Speeding,High,4.0
ACC39163,16-06-2023,17:39,Andhra Pradesh,Visakhapatnam,16.3655,79.4859,Village Road,Cloudy,Dusk,18,Female,Bus,55,Yes,Yes,No,Drunk Driving,Medium,6.0
ACC39164,15-04-2023,10:03,Kerala,Ernakulam,10.2416,76.2773,City Road,Clear,Day,51,Male,Auto,20,No,No,No,Signal Jumping,Low,0.0
ACC39165,23-05-2022,20:46,Andhra Pradesh,Kurnool,15.9192,79.9859,National Highway,Rainy,Night,25,Male,Bus,97,Yes,No,No,Over Speeding,High,4.0
ACC39166,24-07-2023,19:39,Tamil Nadu,Salem,11.6837,77.9926,Village Road,Foggy,Night,29,Female,Car,49,No,No,No,Poor Weather Visibility,Medium,3.0
ACC39167,05-12-2024,13:12,Kerala,Ernakulam,9.8957,76.4198,City Road,Clear,Day,20,Male,Car,56,No,No,No,Signal Jumping,Low,2.0
ACC39168,31-07-2024,11:49,Telangana,Karimnagar,18.038,79.1465,National Highway,Rainy,Day,56,Male,Truck,67,No,No,Yes,Poor Weather Visibility,High,3.0
ACC39169,19-07-2023,19:24,Telangana,Hyderabad,17.9774,79.3014,City Road,Clear,Night,42,Male,Truck,26,No,Yes,No,Drowsy Driving,Low,0.0
ACC39170,07-05-2024,19:44,Kerala,Kollam,9.1678,75.6493,Expressway,Overcast,Night,43,Male,Bike,86,No,No,No,Over Speeding,High,3.0
ACC39171,27-12-2023,13:17,Tamil Nadu,Salem,10.9992,78.6384,Expressway,Foggy,Day,28,Male,Bike,76,No,No,No,Poor Weather Visibility,High,9.0
ACC39172,18-03-2023,09:00,Telangana,Nizamabad,18.1844,78.424,State Highway,Cloudy,Day,27,Female,Car,53,No,No,No,Poor Weather Visibility,Low,0.0
ACC39173,25-02-2024,10:48,Tamil Nadu,Chennai,10.7142,78.0283,City Road,Clear,Day,28,Female,Car,29,No,No,No,Signal Jumping,Low,2.0
ACC39174,02-08-2024,09:23,Karnataka,Belagavi,14.7968,76.18,State Highway,Cloudy,Day,52,Male,Bike,50,No,No,No,Poor Weather Visibility,Low,0.0
ACC39175,30-04-2024,19:21,Karnataka,Belagavi,15.7959,76.2211,State Highway,Clear,Night,30,Female,Bus,91,Yes,Yes,Yes,Over Speeding,High,6.0
ACC39176,12-08-2024,05:37,Puducherry,Karaikal,11.3995,80.3063,Expressway,Clear,Dawn,59,Male,Bike,72,No,No,No,Over Speeding,Medium,2.0
ACC39177,13-02-2022,15:30,Telangana,Khammam,17.8091,79.0828,Village Road,Clear,Day,27,Male,Car,44,No,No,No,Signal Jumping,Low,3.0
ACC39178,05-07-2023,17:26,Andhra Pradesh,Vijayawada,16.5742,79.0404,State Highway,Cloudy,Dusk,50,Male,Car,62,No,Yes,No,Drowsy Driving,Medium,4.0
ACC39179,11-08-2023,15:51,Tamil Nadu,Chennai,11.4,78.2173,National Highway,Cloudy,Day,40,Male,Bike,87,No,No,No,Over Speeding,Medium,3.0
ACC39180,11-09-2024,23:07,Karnataka,Hubballi,15.6003,75.3451,Expressway,Clear,Night,33,Male,Bus,95,Yes,No,No,Over Speeding,High,5.0
ACC39181,22-09-2024,15:26,Karnataka,Mysuru,15.1765,75.3,Village Road,Clear,Day,38,Male,Auto,53,Yes,No,No,Drunk Driving,High,4.0
ACC39182,26-12-2023,20:26,Telangana,Warangal,17.6635,79.4773,Village Road,Clear,Night,31,Female,Truck,54,No,Yes,No,Drowsy Driving,Low,2.0
ACC39183,21-09-2023,17:32,Tamil Nadu,Tiruchirappalli,10.5917,78.5652,Village Road,Clear,Dusk,43,Male,Bike,31,No,No,Yes,Pothole/Bad Road,Low,1.0
ACC39184,28-10-2024,19:45,Andhra Pradesh,Nellore,16.3935,79.7624,City Road,Cloudy,Night,40,Male,Car,57,Yes,No,No,Drunk Driving,Medium,5.0
ACC39185,05-10-2023,16:09,Karnataka,Belagavi,15.6982,75.6849,State Highway,Clear,Day,46,Female,Car,75,No,No,No,Over Speeding,Medium,5.0
ACC39186,19-03-2023,17:18,Karnataka,Hubballi,15.6989,74.8745,City Road,Cloudy,Dusk,26,Male,Bike,50,No,No,Yes,Pothole/Bad Road,Medium,
ACC39187,03-06-2023,19:25,Telangana,Khammam,17.9113,79.3054,State Highway,Overcast,Night,36,Male,Auto,76,No,Yes,No,Drowsy Driving,Medium,2.0
ACC39188,19-12-2024,11:33,Tamil Nadu,Salem,11.5875,78.4729,Village Road,Clear,Day,43,Male,Bike,36,No,No,No,Poor Weather Visibility,Low,0.0
ACC39189,12-04-2023,08:46,Andhra Pradesh,Vijayawada,16.317,79.5878,City Road,Rainy,Day,40,Male,Bike,53,No,No,No,Poor Weather Visibility,Medium,4.0
ACC39190,02-03-2023,06:50,Tamil Nadu,Madurai,11.3186,78.5037,State Highway,Rainy,Day,43,Male,Bike,63,No,No,No,Poor Weather Visibility,Medium,5.0
ACC39191,16-10-2024,16:40,Tamil Nadu,Madurai,11.0718,79.3117,City Road,Clear,Day,49,Female,Car,53,No,Yes,No,Drowsy Driving,Low,3.0
ACC39192,04-03-2023,21:16,Kerala,Ernakulam,10.0363,76.4673,Village Road,Overcast,Night,25,Male,Bike,59,Yes,No,No,Drunk Driving,High,10.0
ACC39193,19-07-2024,21:15,Telangana,Karimnagar,17.9846,79.561,Village Road,Clear,Night,30,Male,Bike,49,No,No,No,Signal Jumping,Low,0.0
ACC39194,03-10-2024,10:41,Karnataka,Bengaluru Urban,15.0676,76.4488,City Road,Clear,Day,21,Male,Car,37,No,No,No,Signal Jumping,Low,0.0
ACC39195,13-02-2023,11:26,Tamil Nadu,Coimbatore,11.4285,78.4004,Village Road,Clear,Day,43,Male,Bus,36,No,No,Yes,Pothole/Bad Road,Low,1.0
ACC39196,17-12-2024,14:18,Telangana,Khammam,17.9707,78.7625,City Road,Clear,Day,51,Male,Auto,70,No,No,No,Over Speeding,Low,0.0
ACC39197,01-10-2024,11:54,Karnataka,Mangaluru,14.8003,75.5164,National Highway,Clear,Day,29,Male,Bike,50,No,No,No,Poor Weather Visibility,Low,0.0
ACC39198,25-02-2023,09:26,Andhra Pradesh,Visakhapatnam,16.3712,80.1568,Village Road,Foggy,Day,34,Male,Truck,26,No,No,No,Poor Weather Visibility,Low,3.0
ACC39199,08-04-2023,14:22,Telangana,Khammam,18.2902,78.9681,State Highway,Cloudy,Day,32,Male,Bike,47,No,No,No,Poor Weather Visibility,Low,1.0
ACC39200,03-07-2024,15:56,Telangana,Nizamabad,18.2791,78.7874,City Road,Cloudy,Day,35,Male,Bike,36,No,No,No,Poor Weather Visibility,Low,0.0
ACC39201,20-06-2023,18:15,Karnataka,Mangaluru,15.3209,75.7315,State Highway,Clear,Dusk,35,Male,Bike,77,No,No,No,Signal Jumping,Medium,3.0
ACC39202,10-10-2022,08:27,Karnataka,Belagavi,15.9314,75.4831,Village Road,Rainy,Day,30,Male,Bike,41,No,No,No,Poor Weather Visibility,Medium,2.0
ACC39203,08-08-2023,11:24,Kerala,Thrissur,10.8468,76.9227,State Highway,Rainy,Day,39,Male,Car,63,No,No,No,Poor Weather Visibility,Medium,2.0
ACC39204,10-07-2023,17:43,Telangana,Karimnagar,18.265,78.8296,Village Road,Clear,Dusk,34,Male,Car,28,No,No,Yes,Pothole/Bad Road,Low,
ACC39205,06-12-2022,05:37,Karnataka,Belagavi,15.5467,75.5088,National Highway,Cloudy,Dawn,32,Male,Bike,69,Yes,No,No,Drunk Driving,Medium,0.0
ACC39206,04-12-2024,07:49,Tamil Nadu,Chennai,11.2812,78.5759,National Highway,Clear,Day,57,Male,Truck,79,No,No,No,Over Speeding,Medium,2.0
ACC39207,30-03-2023,15:29,Tamil Nadu,Coimbatore,11.0838,77.8539,Expressway,Rainy,Day,46,Male,Bus,92,No,No,Yes,Over Speeding,High,9.0
ACC39208,04-02-2023,11:54,Telangana,Karimnagar,18.7854,79.0618,State Highway,Cloudy,Day,62,Male,Car,55,No,No,No,Poor Weather Visibility,Low,1.0
ACC39209,21-01-2022,15:21,Telangana,Warangal,17.7941,78.8699,State Highway,Clear,Day,29,Male,Auto,49,No,No,Yes,Pothole/Bad Road,Medium,3.0
ACC39210,01-12-2022,08:51,Telangana,Hyderabad,17.4302,79.1734,State Highway,Clear,Day,54,Female,Auto,50,No,No,No,Poor Weather Visibility,Low,1.0
ACC39211,14-01-2024,12:14,Andhra Pradesh,Nellore,15.6782,79.4478,Expressway,Cloudy,Day,18,Male,Car,75,No,No,No,Over Speeding,Medium,3.0