Accident_ID,Date,Time,State,District,Latitude,Longitude,Road_Type,Weather,Light_Condition,Driver_Age,Driver_Gender,Vehicle_Type,Speed_kmph,Alcohol_Involved,Driver_Drowsy,Pothole_Involved,Cause_of_Accident,Severity,Casualties
ACC39212,07-11-2022,15:39,Kerala,Kollam,9.9936,75.6279,Expressway,Overcast,Day,42,Male,Car,82,No,No,No,Over Speeding,Medium,1.0
ACC39213,26-10-2023,09:21,Telangana,Warangal,18.7615,79.2303,National Highway,Clear,Day,48,Male,Bike,46,No,No,No,Signal Jumping,Low,2.0
ACC39214,15-04-2022,08:06,Tamil Nadu,Tiruchirappalli,11.347,78.5723,City Road,Rainy,Day,21,Male,Car,53,No,No,Yes,Poor Weather Visibility,Low,1.0
ACC39215,02-12-2022,18:04,Tamil Nadu,Tiruchirappalli,11.2274,78.846,Village Road,Rainy,Dusk,48,Male,Bus,33,No,No,No,Poor Weather Visibility,Low,1.0
ACC39216,05-09-2022,17:52,Karnataka,Bengaluru Urban,15.7484,75.7889,State Highway,Cloudy,Dusk,47,Male,Car,64,Yes,No,No,Drunk Driving,Low,0.0
ACC39217,04-01-2024,13:43,Karnataka,Mysuru,15.0665,76.0676,City Road,Overcast,Day,27,Male,Truck,65,Yes,Yes,No,Drunk Driving,Medium,1.0
ACC39218,09-05-2023,16:39,Karnataka,Hubballi,15.3315,75.966,City Road,Clear,Day,31,Male,Bike,44,No,No,No,Poor Weather Visibility,Low,5.0
ACC39219,04-03-2024,23:09,Tamil Nadu,Coimbatore,11.0001,78.2627,National Highway,Rainy,Night,45,Female,Car,63,No,No,No,Poor Weather Visibility,Medium,
ACC39220,27-12-2024,10:33,Andhra Pradesh,Nellore,15.3383,79.4225,Village Road,Clear,Day,50,Female,Bike,49,No,Yes,Yes,Drowsy Driving,Medium,2.0
ACC39221,07-01-2023,21:31,Kerala,Kozhikode,10.1326,75.9221,National Highway,Clear,Night,35,Male,Auto,59,No,No,No,Signal Jumping,Medium,2.0
ACC39222,19-01-2024,10:03,Karnataka,Hubballi,15.7495,75.2292,City Road,Clear,Day,61,Male,Car,70,Yes,No,No,Drunk Driving,Medium,5.0
ACC39223,03-09-2022,08:25,Andhra Pradesh,Guntur,15.5102,80.1353,State Highway,Rainy,Day,27,Male,Car,50,No,Yes,No,Poor Weather Visibility,High,8.0
ACC39224,29-04-2022,18:44,Tamil Nadu,Salem,11.6138,78.791,Village Road,Cloudy,Dusk,21,Male,Truck,48,Yes,No,No,Drunk Driving,Medium,2.0
ACC39225,11-09-2023,02:44,Andhra Pradesh,Visakhapatnam,16.2025,79.1381,City Road,Clear,Night,53,Female,Car,48,No,No,No,Signal Jumping,Low,0.0
ACC39226,16-11-2022,21:40,Karnataka,Mangaluru,15.5259,76.2817,State Highway,Foggy,Night,39,Male,Bus,84,Yes,No,No,Poor Weather Visibility,High,4.0
ACC39227,26-08-2022,06:06,Tamil Nadu,Madurai,11.2308,78.9938,National Highway,Overcast,Day,18,Female,Truck,74,No,No,No,Over Speeding,Medium,9.0
ACC39228,17-10-2022,11:09,Karnataka,Mangaluru,15.6252,75.6047,City Road,Clear,Day,68,Male,Car,60,Yes,No,No,Drunk Driving,Low,0.0
ACC39229,07-09-2022,15:46,Telangana,Warangal,17.5362,79.282,City Road,Clear,Day,45,Male,Car,55,No,No,No,Signal Jumping,Low,0.0
ACC39230,05-10-2024,18:20,Andhra Pradesh,Nellore,15.6776,80.0746,National Highway,Overcast,Dusk,18,Male,Truck,55,No,No,No,Poor Weather Visibility,Low,1.0
ACC39231,21-01-2024,09:34,Tamil Nadu,Chennai,10.8553,79.3378,City Road,Rainy,Day,73,Male,Truck,58,No,No,No,Poor Weather Visibility,Low,5.0
ACC39232,29-11-2022,14:33,Karnataka,Mysuru,14.8111,76.2574,City Road,Clear,Day,40,Female,Auto,39,No,No,Yes,Pothole/Bad Road,Low,0.0
ACC39233,28-11-2022,21:51,Telangana,Hyderabad,17.8839,79.6508,National Highway,Overcast,Night,42,Male,Bike,86,Yes,No,No,Over Speeding,High,5.0
ACC39234,08-05-2022,18:38,Kerala,Kollam,10.324,76.7356,Village Road,Overcast,Dusk,53,Male,Car,40,No,No,No,Poor Weather Visibility,Low,0.0
ACC39235,26-06-2022,15:01,Tamil Nadu,Salem,10.6523,78.7065,Village Road,Clear,Day,45,Male,Auto,49,No,No,No,Signal Jumping,Low,1.0
ACC39236,07-08-2023,19:54,Kerala,Kollam,10.2878,76.4811,State Highway,Clear,Night,36,Male,Bike,87,Yes,Yes,No,Over Speeding,High,4.0
ACC39237,30-09-2022,21:32,Andhra Pradesh,Visakhapatnam,15.0721,79.1557,National Highway,Clear,Night,39,Male,Bike,74,No,No,No,Over Speeding,Medium,2.0
ACC39238,12-05-2023,08:46,Andhra Pradesh,Kurnool,16.0338,79.0316,City Road,Cloudy,Day,34,Male,Bike,43,No,Yes,Yes,Drowsy Driving,Medium,3.0
ACC39239,15-09-2024,07:38,Andhra Pradesh,Visakhapatnam,15.8038,78.9205,National Highway,Clear,Day,45,Male,Bike,59,No,No,No,Over Speeding,Low,2.0
ACC39240,23-10-2022,07:24,Telangana,Warangal,17.1031,79.4351,City Road,Clear,Day,45,Female,Bike,42,No,No,Yes,Pothole/Bad Road,Low,0.0
ACC39241,17-11-2022,09:13,Tamil Nadu,Tiruchirappalli,10.2993,78.724,Village Road,Rainy,Day,34,Male,Truck,47,No,No,Yes,Poor Weather Visibility,Medium,
ACC39242,06-04-2023,06:27,Kerala,Ernakulam,10.6987,76.0693,State Highway,Cloudy,Day,21,Male,Car,69,No,Yes,No,Drowsy Driving,High,4.0
ACC39243,26-12-2022,13:35,Telangana,Nizamabad,18.3887,79.5163,National Highway,Rainy,Day,18,Male,Car,71,No,Yes,Yes,Poor Weather Visibility,High,6.0
ACC39244,03-07-2022,07:22,Andhra Pradesh,Kurnool,15.4355,79.8316,City Road,Rainy,Day,41,Male,Auto,53,No,No,No,Poor Weather Visibility,Low,
ACC39245,21-03-2022,08:47,Telangana,Hyderabad,18.4715,79.4049,National Highway,Foggy,Day,35,Male,Bike,51,No,No,No,Poor Weather Visibility,Low,3.0
ACC39246,26-06-2022,10:58,Karnataka,Hubballi,15.4871,76.1955,City Road,Cloudy,Day,18,Male,Truck,54,No,No,Yes,Pothole/Bad Road,Medium,6.0
ACC39247,24-07-2024,09:05,Tamil Nadu,Salem,10.9666,78.5277,Village Road,Clear,Day,35,Male,Car,47,No,Yes,Yes,Drowsy Driving,Low,1.0
ACC39248,21-04-2024,12:53,Andhra Pradesh,Visakhapatnam,15.1912,80.3689,State Highway,Overcast,Day,33,Male,Truck,49,No,No,No,Poor Weather Visibility,Low,0.0
ACC39249,27-10-2023,11:42,Karnataka,Mysuru,15.3734,75.8609,State Highway,Clear,Day,75,Male,Bike,59,No,No,No,Signal Jumping,Low,1.0
ACC39250,17-10-2024,17:12,Karnataka,Hubballi,15.2275,76.1267,National Highway,Clear,Dusk,31,Male,Car,79,No,No,No,Over Speeding,Medium,3.0
ACC39251,28-04-2024,18:06,Karnataka,Bengaluru Urban,15.8193,76.6554,City Road,Clear,Dusk,52,Male,Bike,54,No,No,Yes,Pothole/Bad Road,Medium,3.0
ACC39252,09-01-2022,11:31,Telangana,Khammam,17.0224,78.8987,National Highway,Clear,Day,47,Male,Bus,68,Yes,Yes,No,Drunk Driving,Medium,3.0
ACC39253,29-08-2024,17:40,Telangana,Karimnagar,18.0136,78.9157,Village Road,Cloudy,Dusk,18,Female,Auto,45,Yes,No,No,Drunk Driving,Medium,4.0
ACC39254,26-07-2023,17:15,Tamil Nadu,Coimbatore,10.8198,78.8115,National Highway,Rainy,Dusk,35,Male,Bike,58,No,No,No,Poor Weather Visibility,Medium,5.0
ACC39255,01-04-2022,10:08,Kerala,Kollam,10.5968,76.355,City Road,Clear,Day,25,Male,Car,70,Yes,No,No,Drunk Driving,Medium,2.0
ACC39256,30-08-2024,08:21,Kerala,Thrissur,10.0354,75.6929,Expressway,Rainy,Day,37,Male,Truck,78,No,No,No,Poor Weather Visibility,Medium,3.0
ACC39257,18-06-2023,22:17,Kerala,Thiruvananthapuram,9.3431,76.6194,Expressway,Rainy,Night,38,Female,Bike,74,No,No,No,Poor Weather Visibility,High,
ACC39258,20-09-2024,10:12,Telangana,Hyderabad,18.3448,78.6308,State Highway,Rainy,Day,70,Male,Bike,67,No,No,No,Poor Weather Visibility,Medium,
ACC39259,21-07-2022,05:23,Tamil Nadu,Salem,11.1575,78.3046,State Highway,Foggy,Dawn,18,Female,Car,62,Yes,No,No,Poor Weather Visibility,Medium,1.0
ACC39260,23-08-2022,12:53,Tamil Nadu,Madurai,10.991,78.9671,Village Road,Clear,Day,18,Female,Bike,27,No,No,No,Poor Weather Visibility,Low,0.0
ACC39261,14-02-2024,15:11,Tamil Nadu,Salem,10.5699,78.9483,City Road,Cloudy,Day,29,Male,Auto,56,Yes,No,Yes,Drunk Driving,Low,3.0
ACC39262,09-09-2022,22:33,Puducherry,Puducherry,12.2445,80.4471,Expressway,Foggy,Night,45,Male,Bus,101,Yes,Yes,No,Poor Weather Visibility,High,4.0
ACC39263,09-10-2022,14:19,Puducherry,Puducherry,11.3537,79.8518,City Road,Clear,Day,18,Male,Car,48,No,No,No,Signal Jumping,Low,1.0
ACC39264,27-05-2022,17:34,Tamil Nadu,Madurai,10.5379,78.3397,Expressway,Cloudy,Dusk,34,Male,Bike,77,No,No,No,Over Speeding,Medium,1.0
ACC39265,30-08-2024,06:21,Karnataka,Belagavi,15.0782,74.8572,Village Road,Clear,Day,22,Female,Bike,38,No,No,No,Signal Jumping,Low,0.0
ACC39266,27-04-2023,06:52,Telangana,Hyderabad,18.2148,78.709,State Highway,Cloudy,Day,72,Male,Car,43,No,No,No,Poor Weather Visibility,Low,1.0
ACC39267,27-12-2023,08:10,Karnataka,Bengaluru Urban,14.7976,76.0244,Village Road,Clear,Day,20,Female,Auto,40,No,No,No,Poor Weather Visibility,Low,0.0
ACC39268,01-07-2023,12:18,Kerala,Thiruvananthapuram,10.0733,76.0759,City Road,Rainy,Day,36,Male,Truck,42,No,No,No,Poor Weather Visibility,Low,1.0
ACC39269,29-12-2023,00:15,Kerala,Ernakulam,10.55,76.4919,State Highway,Clear,Night,30,Male,Truck,76,No,No,No,Over Speeding,Medium,6.0
ACC39270,07-04-2022,19:16,Karnataka,Mysuru,15.1803,76.0638,National Highway,Cloudy,Night,48,Male,Bike,85,Yes,No,No,Drunk Driving,High,11.0
ACC39271,18-03-2024,14:50,Tamil Nadu,Tiruchirappalli,10.701,78.5826,National Highway,Rainy,Day,43,Female,Bus,83,No,Yes,No,Poor Weather Visibility,High,2.0
ACC39272,20-01-2022,17:04,Telangana,Karimnagar,18.0679,78.9274,Village Road,Clear,Dusk,30,Male,Bus,53,Yes,No,No,Drunk Driving,Low,0.0
ACC39273,11-11-2022,22:29,Kerala,Kozhikode,10.3037,76.6946,City Road,Overcast,Night,44,Female,Car,54,No,Yes,No,Drowsy Driving,Medium,2.0
ACC39274,05-03-2023,13:15,Andhra Pradesh,Guntur,15.9302,79.9599,State Highway,Overcast,Day,40,Male,Bike,38,No,No,No,Poor Weather Visibility,Low,0.0
ACC39275,19-05-2024,09:54,Tamil Nadu,Madurai,11.5367,78.9361,City Road,Overcast,Day,47,Male,Bus,56,No,No,Yes,Pothole/Bad Road,Low,1.0
ACC39276,12-02-2023,09:12,Karnataka,Mysuru,15.3803,75.9472,Village Road,Rainy,Day,54,Male,Bike,42,No,Yes,Yes,Poor Weather Visibility,Medium,2.0
ACC39277,20-10-2024,11:08,Puducherry,Karaikal,11.991,79.1864,Expressway,Overcast,Day,36,Male,Car,79,No,No,No,Over Speeding,Medium,5.0
ACC39278,05-11-2022,07:30,Karnataka,Mangaluru,15.6612,75.55,City Road,Overcast,Day,29,Male,Auto,59,Yes,Yes,No,Drunk Driving,Low,2.0
ACC39279,30-03-2022,12:33,Andhra Pradesh,Nellore,15.2227,79.4692,National Highway,Clear,Day,31,Male,Truck,78,No,No,No,Over Speeding,Medium,2.0
ACC39280,02-07-2023,08:17,Tamil Nadu,Madurai,11.3002,78.0985,State Highway,Overcast,Day,18,Male,Car,66,No,No,Yes,Pothole/Bad Road,Medium,2.0
ACC39281,06-08-2024,11:48,Kerala,Thrissur,10.0399,75.6501,City Road,Clear,Day,32,Male,Truck,25,No,No,No,Poor Weather Visibility,Low,2.0
ACC39282,10-02-2023,19:09,Andhra Pradesh,Nellore,15.8606,80.1058,Village Road,Rainy,Night,38,Male,Bus,38,No,Yes,No,Poor Weather Visibility,Medium,0.0
ACC39283,21-07-2024,10:19,Karnataka,Bengaluru Urban,15.4515,75.744,Village Road,Cloudy,Day,22,Male,Truck,47,Yes,No,No,Drunk Driving,Low,0.0
ACC39284,02-04-2024,10:37,Puducherry,Karaikal,11.5259,79.875,State Highway,Clear,Day,40,Male,Car,80,Yes,No,No,Drunk Driving,Medium,2.0
ACC39285,15-06-2022,07:12,Karnataka,Mysuru,15.0072,76.1229,State Highway,Cloudy,Day,20,Female,Car,74,No,Yes,No,Drowsy Driving,High,10.0
ACC39286,12-04-2023,09:35,Andhra Pradesh,Nellore,15.5951,79.9744,Expressway,Cloudy,Day,43,Male,Bike,72,No,No,No,Poor Weather Visibility,Medium,4.0
ACC39287,27-12-2023,09:29,Andhra Pradesh,Guntur,16.3639,80.0202,Village Road,Cloudy,Day,58,Female,Bike,53,No,No,Yes,Signal Jumping,Medium,1.0
ACC39288,12-07-2022,09:57,Kerala,Ernakulam,10.1997,75.8697,Expressway,Rainy,Day,35,Male,Bike,86,No,No,No,Poor Weather Visibility,Medium,2.0
ACC39289,23-10-2022,14:20,Andhra Pradesh,Kurnool,15.7664,80.1818,State Highway,Rainy,Day,26,Male,Car,94,Yes,No,No,Over Speeding,High,7.0
ACC39290,20-07-2022,20:51,Telangana,Karimnagar,17.801,78.7767,National Highway,Rainy,Night,20,Male,Bus,46,No,No,Yes,Poor Weather Visibility,Low,0.0
ACC39291,28-06-2022,07:41,Tamil Nadu,Coimbatore,10.9628,78.7339,Expressway,Clear,Day,38,Male,Bike,80,No,Yes,No,Drowsy Driving,High,3.0
ACC39292,14-07-2022,00:55,Tamil Nadu,Salem,11.5349,78.0565,National Highway,Cloudy,Night,25,Male,Car,79,Yes,Yes,No,Drunk Driving,High,5.0
ACC39293,07-04-2023,17:31,Andhra Pradesh,Vijayawada,15.4905,80.0461,City Road,Clear,Dusk,55,Male,Car,73,No,No,Yes,Pothole/Bad Road,Medium,1.0
ACC39294,15-06-2024,05:09,Telangana,Hyderabad,18.1851,78.211,City Road,Cloudy,Dawn,34,Male,Car,57,No,No,No,Poor Weather Visibility,Low,0.0
ACC39295,29-04-2024,02:47,Kerala,Ernakulam,9.935,76.0757,National Highway,Rainy,Night,18,Female,Auto,80,No,Yes,No,Poor Weather Visibility,High,5.0
ACC39296,05-11-2024,18:46,Telangana,Karimnagar,17.9589,79.042,National Highway,Clear,Dusk,30,Female,Car,65,No,No,No,Over Speeding,Medium,1.0
ACC39297,02-07-2022,16:18,Telangana,Nizamabad,17.9597,78.521,City Road,Cloudy,Day,24,Male,Bike,52,No,No,Yes,Pothole/Bad Road,Medium,5.0
ACC39298,03-01-2023,13:43,Tamil Nadu,Tiruchirappalli,12.075,78.4292,Expressway,Overcast,Day,48,Male,Bike,89,No,No,Yes,Over Speeding,High,7.0
ACC39299,27-02-2022,23:26,Karnataka,Mangaluru,15.53,75.7281,Expressway,Cloudy,Night,32,Male,Auto,97,Yes,No,No,Over Speeding,High,4.0
ACC39300,15-09-2024,03:01,Tamil Nadu,Chennai,10.6663,78.7437,National Highway,Rainy,Night,48,Female,Auto,95,Yes,Yes,No,Over Speeding,High,10.0
ACC39301,07-09-2022,12:05,Kerala,Kollam,10.8657,76.3334,City Road,Clear,Day,22,Male,Bike,37,No,No,No,Signal Jumping,Low,0.0
ACC39302,16-01-2023,18:44,Tamil Nadu,Tiruchirappalli,11.2341,77.591,City Road,Clear,Dusk,37,Female,Bus,72,No,No,No,Over Speeding,Medium,4.0
ACC39303,24-07-2024,18:18,Karnataka,Bengaluru Urban,15.6446,75.9776,City Road,Clear,Dusk,32,Female,Bike,37,No,Yes,No,Signal Jumping,Low,2.0
ACC39304,05-03-2022,03:27,Kerala,Kollam,10.1707,76.3654,City Road,Cloudy,Night,18,Female,Car,68,Yes,No,No,Drunk Driving,High,2.0
ACC39305,26-03-2023,19:51,Andhra Pradesh,Vijayawada,15.3494,80.3878,National Highway,Rainy,Night,59,Male,Auto,67,No,No,No,Poor Weather Visibility,High,2.0
ACC39306,24-07-2024,21:21,Karnataka,Hubballi,15.2502,75.7451,City Road,Cloudy,Night,36,Male,Bike,50,No,No,Yes,Pothole/Bad Road,Medium,3.0
ACC39307,23-07-2023,17:51,Tamil Nadu,Coimbatore,10.5147,78.6427,Village Road,Cloudy,Dusk,41,Male,Truck,43,No,No,Yes,Pothole/Bad Road,Low,
ACC39308,27-01-2024,04:25,Andhra Pradesh,Kurnool,15.8678,79.4712,Village Road,Clear,Night,18,Male,Truck,75,Yes,Yes,No,Drunk Driving,High,7.0
ACC39309,30-08-2023,20:09,Telangana,Khammam,17.5334,78.995,Expressway,Overcast,Night,28,Male,Car,100,Yes,No,No,Over Speeding,High,3.0
ACC39310,03-08-2022,19:00,Karnataka,Belagavi,15.1308,75.6615,Village Road,Cloudy,Night,18,Male,Car,58,No,No,No,Poor Weather Visibility,Medium,1.0
ACC39311,14-02-2022,02:05,Kerala,Kozhikode,10.0059,76.6491,City Road,Clear,Night,39,Male,Auto,68,Yes,No,Yes,Drunk Driving,High,7.0
ACC39312,26-10-2022,17:49,Karnataka,Belagavi,16.126,75.1304,Expressway,Clear,Dusk,19,Female,Truck,91,No,No,Yes,Over Speeding,High,5.0
ACC39313,18-03-2023,14:54,Andhra Pradesh,Visakhapatnam,14.8767,79.488,City Road,Cloudy,Day,31,Male,Bike,27,No,No,No,Poor Weather Visibility,Low,2.0
ACC39314,28-08-2024,19:40,Tamil Nadu,Chennai,11.1951,78.6304,Village Road,Cloudy,Night,25,Male,Bike,26,No,No,No,Poor Weather Visibility,Low,2.0
ACC39315,10-05-2022,21:30,Karnataka,Bengaluru Urban,15.4199,75.6527,Village Road,Cloudy,Night,39,Male,Bike,35,No,No,No,Poor Weather Visibility,Low,2.0
ACC39316,07-07-2024,09:34,Andhra Pradesh,Guntur,15.5749,79.745,City Road,Overcast,Day,38,Male,Bus,55,No,No,No,Poor Weather Visibility,Low,3.0
ACC39317,10-04-2022,12:39,Andhra Pradesh,Guntur,15.6441,79.625,Village Road,Cloudy,Day,51,Male,Car,28,No,No,No,Poor Weather Visibility,Low,1.0
ACC39318,08-09-2024,20:55,Karnataka,Hubballi,15.331,75.3819,National Highway,Cloudy,Night,42,Male,Car,73,No,No,No,Signal Jumping,High,7.0
ACC39319,07-12-2024,12:30,Puducherry,Karaikal,12.2043,79.5135,State Highway,Clear,Day,19,Female,Bike,46,No,No,No,Signal Jumping,Low,1.0
ACC39320,24-10-2022,19:20,Karnataka,Belagavi,15.3036,75.9033,National Highway,Overcast,Night,33,Female,Bike,94,No,No,No,Over Speeding,High,7.0
ACC39321,04-03-2023,18:09,Tamil Nadu,Chennai,11.2961,78.4906,Village Road,Cloudy,Dusk,42,Male,Bike,45,No,Yes,Yes,Drowsy Driving,Medium,1.0
ACC39322,08-07-2022,16:44,Tamil Nadu,Madurai,10.8309,79.1059,Village Road,Rainy,Day,20,Male,Bike,27,No,Yes,Yes,Poor Weather Visibility,Medium,3.0
ACC39323,01-07-2023,08:12,Andhra Pradesh,Visakhapatnam,15.9528,80.0744,State Highway,Foggy,Day,18,Male,Bike,60,No,No,No,Poor Weather Visibility,Medium,5.0
ACC39324,20-11-2023,11:52,Tamil Nadu,Coimbatore,11.2635,78.9876,City Road,Clear,Day,21,Male,Bus,42,No,Yes,No,Drowsy Driving,Low,0.0
ACC39325,06-11-2024,16:24,Karnataka,Mysuru,15.4884,76.3368,City Road,Clear,Day,36,Female,Truck,43,No,No,Yes,Pothole/Bad Road,Low,3.0
ACC39326,02-04-2023,20:02,Kerala,Kollam,10.2912,76.6481,State Highway,Cloudy,Night,40,Male,Bus,97,Yes,Yes,Yes,Over Speeding,High,9.0
ACC39327,05-09-2023,15:01,Andhra Pradesh,Nellore,15.9331,79.3749,State Highway,Clear,Day,18,Female,Bike,42,No,No,No,Signal Jumping,Low,1.0
ACC39328,15-09-2023,18:38,Karnataka,Belagavi,15.5584,74.9301,National Highway,Cloudy,Dusk,48,Male,Bike,77,No,No,No,Over Speeding,Medium,4.0
ACC39329,22-02-2022,19:05,Karnataka,Hubballi,15.5787,75.9317,State Highway,Clear,Night,35,Male,Car,61,No,No,No,Signal Jumping,Low,1.0
ACC39330,14-05-2022,15:38,Telangana,Khammam,17.5902,79.6685,State Highway,Overcast,Day,44,Female,Car,63,No,No,No,Poor Weather Visibility,Medium,2.0
ACC39331,04-02-2024,08:00,Andhra Pradesh,Visakhapatnam,16.5641,78.7655,State Highway,Clear,Day,40,Male,Car,81,No,No,No,Over Speeding,Low,2.0
ACC39332,21-04-2022,18:15,Karnataka,Mangaluru,14.9658,76.0503,City Road,Rainy,Dusk,34,Male,Bike,49,No,No,Yes,Poor Weather Visibility,Medium,2.0
ACC39333,04-01-2022,09:52,Kerala,Thiruvananthapuram,10.3033,76.1379,National Highway,Clear,Day,37,Female,Bike,86,Yes,No,No,Over Speeding,Medium,1.0
ACC39334,01-01-2022,12:56,Karnataka,Hubballi,15.6255,75.6952,Village Road,Cloudy,Day,23,Male,Car,78,Yes,No,No,Drunk Driving,High,6.0
ACC39335,21-02-2024,20:54,Andhra Pradesh,Nellore,16.0237,80.088,Village Road,Clear,Night,44,Male,Bus,48,Yes,Yes,No,Drunk Driving,Medium,1.0
ACC39336,17-01-2022,07:40,Tamil Nadu,Chennai,10.8925,78.8381,Village Road,Foggy,Day,47,Male,Car,32,No,No,No,Poor Weather Visibility,Low,
ACC39337,11-09-2022,04:36,Kerala,Ernakulam,10.1735,76.1957,State Highway,Clear,Night,18,Female,Car,88,Yes,No,No,Over Speeding,High,6.0
ACC39338,07-10-2024,23:21,Tamil Nadu,Tiruchirappalli,11.7963,79.0039,Expressway,Clear,Night,24,Male,Truck,95,Yes,No,No,Over Speeding,High,6.0
ACC39339,18-06-2023,09:38,Karnataka,Hubballi,15.4979,76.1217,City Road,Clear,Day,32,Female,Bike,38,No,No,No,Signal Jumping,Low,0.0
ACC39340,25-05-2024,15:35,Andhra Pradesh,Nellore,16.4677,79.6441,National Highway,Clear,Day,26,Male,Bike,72,No,No,Yes,Pothole/Bad Road,Medium,3.0
ACC39341,10-03-2022,09:35,Tamil Nadu,Coimbatore,11.7246,78.6029,City Road,Clear,Day,35,Male,Car,37,No,No,No,Poor Weather Visibility,Low,0.0
ACC39342,03-11-2022,16:05,Kerala,Thiruvananthapuram,10.2188,76.7648,City Road,Clear,Day,27,Male,Bike,45,No,No,No,Signal Jumping,Low,1.0
ACC39343,18-06-2022,17:11,Andhra Pradesh,Visakhapatnam,16.0435,79.4361,State Highway,Clear,Dusk,46,Male,Truck,95,No,Yes,No,Over Speeding,High,1.0
ACC39344,06-11-2022,17:31,Tamil Nadu,Chennai,10.7064,79.2909,Village Road,Cloudy,Dusk,50,Male,Auto,37,No,No,Yes,Pothole/Bad Road,Medium,3.0
ACC39345,13-03-2024,09:36,Tamil Nadu,Chennai,11.0761,78.5559,National Highway,Clear,Day,50,Male,Bus,73,No,No,No,Over Speeding,Medium,1.0
ACC39346,05-06-2022,17:37,Telangana,Karimnagar,17.6182,79.1914,Expressway,Cloudy,Dusk,39,Male,Bike,103,No,No,No,Over Speeding,High,7.0
ACC39347,22-04-2023,20:05,Andhra Pradesh,Guntur,16.3695,80.0234,Expressway,Rainy,Night,43,Male,Car,103,No,No,Yes,Over Speeding,High,6.0
ACC39348,01-04-2023,11:54,Karnataka,Belagavi,15.5459,74.8334,State Highway,Cloudy,Day,49,Male,Car,68,No,Yes,No,Drowsy Driving,Medium,3.0
ACC39349,27-04-2024,06:45,Telangana,Karimnagar,18.3523,78.5876,Village Road,Clear,Day,18,Male,Bike,57,Yes,No,Yes,Drunk Driving,Medium,4.0
ACC39350,09-12-2022,00:26,Karnataka,Belagavi,15.0267,74.8587,Village Road,Clear,Night,24,Male,Car,58,Yes,No,Yes,Drunk Driving,High,6.0
ACC39351,28-04-2023,18:21,Telangana,Nizamabad,17.8225,79.1078,City Road,Rainy,Dusk,46,Male,Truck,37,No,Yes,No,Poor Weather Visibility,Medium,2.0
ACC39352,16-08-2022,17:12,Karnataka,Mangaluru,15.3451,75.9029,National Highway,Clear,Dusk,30,Male,Bike,57,No,No,No,Signal Jumping,Medium,0.0
ACC39353,16-01-2023,22:24,Kerala,Thrissur,10.5451,76.0765,State Highway,Cloudy,Night,30,Male,Bike,39,No,Yes,No,Drowsy Driving,Low,
ACC39354,08-04-2022,08:32,Tamil Nadu,Coimbatore,11.4349,78.8429,City Road,Rainy,Day,29,Male,Bike,54,No,No,Yes,Poor Weather Visibility,Medium,1.0
ACC39355,26-02-2024,13:16,Kerala,Thrissur,9.6126,76.4876,Village Road,Clear,Day,37,Male,Bus,40,No,No,Yes,Pothole/Bad Road,Low,0.0
ACC39356,03-05-2024,13:43,Telangana,Hyderabad,17.9734,78.9839,City Road,Clear,Day,42,Male,Car,49,No,No,No,Signal Jumping,Low,
ACC39357,31-03-2023,19:36,Telangana,Nizamabad,18.3813,78.5987,State Highway,Cloudy,Night,26,Male,Car,48,No,No,Yes,Pothole/Bad Road,Low,1.0
ACC39358,04-07-2022,22:48,Kerala,Ernakulam,10.309,75.9142,State Highway,Rainy,Night,18,Male,Bike,83,Yes,No,No,Poor Weather Visibility,High,7.0
ACC39359,02-03-2023,10:55,Tamil Nadu,Salem,11.3884,78.8594,State Highway,Rainy,Day,41,Male,Car,58,No,No,Yes,Poor Weather Visibility,Low,0.0
ACC39360,08-11-2023,08:54,Tamil Nadu,Madurai,11.7545,78.6693,Expressway,Clear,Day,41,Male,Car,85,No,No,No,Over Speeding,Medium,12.0
ACC39361,20-05-2023,20:06,Tamil Nadu,Tiruchirappalli,11.2444,79.0953,Expressway,Clear,Night,18,Female,Auto,78,No,No,No,Over Speeding,High,10.0
ACC39362,25-08-2024,10:11,Andhra Pradesh,Kurnool,15.918,80.2736,City Road,Clear,Day,38,Male,Car,55,No,No,No,Poor Weather Visibility,Low,0.0
ACC39363,14-02-2024,13:46,Telangana,Nizamabad,18.2447,79.6171,City Road,Cloudy,Day,24,Male,Car,40,No,No,Yes,Signal Jumping,Low,1.0
ACC39364,29-05-2023,09:15,Puducherry,Karaikal,11.2884,79.8165,City Road,Clear,Day,32,Male,Bike,36,No,No,Yes,Pothole/Bad Road,Low,0.0
ACC39365,01-03-2024,09:22,Tamil Nadu,Chennai,11.1092,78.4273,National Highway,Clear,Day,18,Male,Truck,77,No,No,Yes,Over Speeding,Medium,5.0
ACC39366,15-12-2022,14:12,Karnataka,Mangaluru,15.3875,75.8368,National Highway,Clear,Day,37,Female,Auto,82,No,No,No,Over Speeding,Low,1.0
ACC39367,02-12-2024,08:21,Karnataka,Belagavi,15.9489,75.8167,Village Road,Overcast,Day,23,Male,Bus,53,Yes,No,Yes,Drunk Driving,Medium,5.0
ACC39368,10-05-2023,13:30,Tamil Nadu,Madurai,11.4699,78.9891,National Highway,Clear,Day,34,Female,Bike,60,No,No,No,Signal Jumping,Low,
ACC39369,21-09-2022,17:29,Kerala,Kollam,9.9344,76.1967,National Highway,Clear,Dusk,39,Male,Bike,77,No,Yes,No,Drowsy Driving,Medium,5.0