Accident_ID,Date,Time,State,District,Latitude,Longitude,Road_Type,Weather,Light_Condition,Driver_Age,Driver_Gender,Vehicle_Type,Speed_kmph,Alcohol_Involved,Driver_Drowsy,Pothole_Involved,Cause_of_Accident,Severity,Casualties
ACC39370,16-06-2024,14:54,Karnataka,Bengaluru Urban,15.7809,76.3796,State Highway,Rainy,Day,45,Male,Auto,79,No,No,Yes,Poor Weather Visibility,Medium,4.0
ACC39371,18-11-2023,11:34,Tamil Nadu,Chennai,11.1595,78.0633,City Road,Cloudy,Day,18,Male,Bike,44,Yes,No,Yes,Drunk Driving,Medium,4.0
ACC39372,28-09-2023,15:26,Andhra Pradesh,Nellore,15.7212,79.8696,National Highway,Clear,Day,48,Male,Car,62,No,No,No,Over Speeding,Low,3.0
ACC39373,11-06-2024,08:42,Telangana,Nizamabad,18.0692,78.8187,City Road,Clear,Day,51,Male,Car,15,No,No,No,Signal Jumping,Low,1.0
ACC39374,28-04-2022,17:55,Telangana,Karimnagar,17.7233,79.4006,City Road,Foggy,Dusk,59,Male,Car,49,No,No,No,Poor Weather Visibility,Medium,3.0
ACC39375,18-08-2022,01:46,Tamil Nadu,Coimbatore,11.4659,79.1927,Expressway,Cloudy,Night,29,Male,Bike,86,No,No,Yes,Over Speeding,High,6.0
ACC39376,17-01-2022,05:46,Andhra Pradesh,Guntur,15.8392,79.4964,State Highway,Overcast,Dawn,32,Male,Bike,77,No,No,No,Over Speeding,Medium,2.0
ACC39377,30-12-2024,20:51,Kerala,Kollam,10.1488,76.4654,Village Road,Overcast,Night,42,Female,Auto,46,No,Yes,No,Drowsy Driving,Low,2.0
ACC39378,03-03-2023,07:37,Tamil Nadu,Chennai,11.4009,77.9963,National Highway,Rainy,Day,35,Female,Car,71,No,No,Yes,Poor Weather Visibility,High,8.0
ACC39379,19-04-2023,07:21,Telangana,Nizamabad,18.0106,79.7257,National Highway,Overcast,Day,49,Male,Bike,69,No,No,No,Poor Weather Visibility,Low,0.0
ACC39380,19-06-2022,21:57,Karnataka,Mysuru,15.0435,75.6353,Village Road,Clear,Night,32,Male,Bike,65,No,No,No,Signal Jumping,Medium,4.0
ACC39381,03-05-2023,08:52,Tamil Nadu,Tiruchirappalli,10.3534,78.9038,City Road,Rainy,Day,28,Male,Car,37,No,No,No,Poor Weather Visibility,Low,0.0
ACC39382,25-12-2022,07:39,Karnataka,Belagavi,15.2697,75.4384,National Highway,Clear,Day,46,Male,Bus,65,No,No,No,Over Speeding,Low,3.0
ACC39383,12-02-2024,20:44,Karnataka,Mysuru,15.9903,75.0036,Village Road,Clear,Night,39,Male,Truck,26,No,No,No,Poor Weather Visibility,Low,0.0
ACC39384,24-02-2023,20:50,Telangana,Warangal,17.4779,79.4345,City Road,Cloudy,Night,63,Female,Car,53,No,Yes,No,Drowsy Driving,Medium,2.0
ACC39385,18-01-2024,12:00,Telangana,Warangal,18.413,79.0752,City Road,Rainy,Day,32,Male,Bus,61,No,Yes,No,Poor Weather Visibility,Low,4.0
ACC39386,07-11-2022,21:46,Andhra Pradesh,Nellore,15.3217,79.5529,City Road,Cloudy,Night,53,Male,Car,35,Yes,No,No,Drunk Driving,Low,1.0
ACC39387,03-03-2022,06:08,Karnataka,Mysuru,14.8027,75.9815,National Highway,Clear,Day,34,Male,Auto,66,No,No,No,Over Speeding,Low,0.0
ACC39388,21-03-2022,14:11,Telangana,Khammam,17.7914,79.1358,State Highway,Clear,Day,32,Female,Bike,65,No,No,No,Over Speeding,Medium,3.0
ACC39389,30-05-2023,20:46,Tamil Nadu,Chennai,11.2825,78.726,Village Road,Clear,Night,34,Male,Bike,48,No,Yes,No,Drowsy Driving,Medium,1.0
ACC39390,11-09-2024,00:29,Kerala,Kollam,10.2527,76.9767,City Road,Overcast,Night,28,Male,Bike,32,Yes,No,No,Drunk Driving,Low,1.0
ACC39391,03-12-2022,08:13,Telangana,Warangal,18.1165,78.7564,Village Road,Foggy,Day,65,Female,Car,33,No,No,Yes,Poor Weather Visibility,Low,0.0
ACC39392,29-07-2024,20:31,Karnataka,Bengaluru Urban,14.9784,75.8941,Village Road,Foggy,Night,49,Male,Car,20,No,No,No,Poor Weather Visibility,Low,0.0
ACC39393,18-07-2022,00:24,Tamil Nadu,Chennai,11.2323,78.6406,City Road,Cloudy,Night,43,Male,Car,39,Yes,No,No,Drunk Driving,Medium,0.0
ACC39394,05-09-2022,09:02,Kerala,Ernakulam,10.1864,76.6687,Village Road,Clear,Day,37,Male,Car,49,No,No,No,Poor Weather Visibility,Low,3.0
ACC39395,09-09-2023,15:15,Karnataka,Belagavi,15.2484,75.8274,City Road,Rainy,Day,35,Male,Bus,30,No,No,No,Poor Weather Visibility,Low,0.0
ACC39396,12-08-2022,09:33,Tamil Nadu,Salem,11.852,78.8446,City Road,Rainy,Day,45,Female,Auto,56,No,No,Yes,Poor Weather Visibility,Medium,2.0
ACC39397,03-06-2022,12:36,Telangana,Khammam,17.3545,78.7613,Village Road,Clear,Day,43,Female,Truck,34,No,No,No,Signal Jumping,Low,1.0
ACC39398,31-03-2024,08:11,Tamil Nadu,Salem,11.5448,78.8996,National Highway,Clear,Day,18,Male,Auto,67,No,No,No,Signal Jumping,Medium,3.0
ACC39399,26-12-2024,21:32,Tamil Nadu,Tiruchirappalli,10.7447,78.244,State Highway,Clear,Night,56,Male,Bike,68,No,No,No,Over Speeding,Medium,2.0
ACC39400,08-09-2024,12:30,Andhra Pradesh,Kurnool,15.5815,80.2267,National Highway,Rainy,Day,23,Male,Auto,66,Yes,No,No,Poor Weather Visibility,High,6.0
ACC39401,25-05-2022,21:56,Tamil Nadu,Salem,11.839,78.5944,National Highway,Clear,Night,41,Male,Auto,67,No,No,No,Over Speeding,Medium,2.0
ACC39402,29-07-2024,19:56,Karnataka,Hubballi,15.2539,76.111,National Highway,Clear,Night,42,Female,Auto,78,No,Yes,Yes,Drowsy Driving,High,5.0
ACC39403,16-07-2024,22:15,Tamil Nadu,Madurai,11.5411,78.2792,State Highway,Cloudy,Night,43,Male,Car,71,No,No,No,Poor Weather Visibility,Medium,3.0
ACC39404,14-12-2023,20:40,Karnataka,Hubballi,15.7194,74.7857,City Road,Clear,Night,36,Male,Car,44,Yes,No,No,Drunk Driving,Medium,0.0
ACC39405,16-08-2022,12:33,Telangana,Warangal,17.6299,79.1502,State Highway,Cloudy,Day,45,Male,Car,68,No,Yes,Yes,Drowsy Driving,Medium,6.0
ACC39406,14-02-2024,21:07,Telangana,Karimnagar,18.151,79.2194,Village Road,Cloudy,Night,42,Male,Car,42,No,No,No,Poor Weather Visibility,Low,1.0
ACC39407,20-11-2022,21:33,Andhra Pradesh,Visakhapatnam,15.7938,79.562,National Highway,Clear,Night,43,Male,Auto,75,No,No,No,Over Speeding,Medium,3.0
ACC39408,19-01-2022,15:36,Tamil Nadu,Coimbatore,10.7948,78.2282,Expressway,Clear,Day,39,Male,Car,82,No,No,No,Over Speeding,Medium,2.0
ACC39409,15-11-2022,16:46,Tamil Nadu,Madurai,11.584,78.6866,National Highway,Rainy,Day,42,Male,Car,85,No,No,No,Poor Weather Visibility,High,5.0
ACC39410,24-04-2023,21:31,Telangana,Hyderabad,18.3976,79.0292,National Highway,Clear,Night,18,Female,Bike,66,No,No,No,Signal Jumping,Medium,2.0
ACC39411,28-11-2024,21:19,Andhra Pradesh,Nellore,16.081,79.2228,National Highway,Clear,Night,18,Female,Car,92,Yes,No,No,Over Speeding,High,5.0
ACC39412,04-04-2024,07:51,Telangana,Karimnagar,18.0462,79.2782,City Road,Rainy,Day,53,Male,Car,35,No,No,No,Poor Weather Visibility,Low,1.0
ACC39413,08-05-2022,15:54,Kerala,Kollam,10.5108,76.719,State Highway,Clear,Day,26,Male,Truck,69,No,No,No,Over Speeding,Medium,4.0
ACC39414,04-07-2024,02:52,Tamil Nadu,Madurai,11.2227,79.0602,City Road,Overcast,Night,53,Male,Truck,49,No,Yes,No,Drowsy Driving,Medium,2.0
ACC39415,18-11-2024,20:08,Kerala,Kozhikode,10.0387,75.8332,City Road,Rainy,Night,61,Male,Bike,63,No,No,Yes,Poor Weather Visibility,Medium,2.0
ACC39416,27-08-2023,06:10,Tamil Nadu,Coimbatore,10.948,79.3979,Village Road,Clear,Day,23,Female,Car,60,Yes,No,No,Drunk Driving,Medium,
ACC39417,09-06-2023,01:14,Karnataka,Hubballi,14.4584,75.7867,State Highway,Cloudy,Night,39,Male,Car,71,Yes,Yes,No,Drunk Driving,High,3.0
ACC39418,08-05-2022,14:34,Kerala,Thrissur,10.159,75.938,National Highway,Foggy,Day,59,Male,Bus,80,No,No,No,Poor Weather Visibility,High,1.0
ACC39419,18-03-2022,18:35,Karnataka,Bengaluru Urban,15.2021,76.1047,City Road,Clear,Dusk,35,Male,Bike,44,No,No,No,Poor Weather Visibility,Low,0.0
ACC39420,02-08-2024,19:44,Karnataka,Belagavi,15.1383,75.9669,City Road,Rainy,Night,23,Male,Auto,50,No,Yes,Yes,Poor Weather Visibility,High,7.0
ACC39421,27-03-2022,13:07,Andhra Pradesh,Vijayawada,15.6931,79.7946,State Highway,Clear,Day,44,Female,Car,47,No,No,Yes,Pothole/Bad Road,Low,1.0
ACC39422,28-08-2022,12:13,Karnataka,Bengaluru Urban,14.9977,75.8175,Village Road,Clear,Day,36,Male,Auto,40,No,No,No,Signal Jumping,Low,1.0
ACC39423,14-03-2022,19:18,Tamil Nadu,Coimbatore,11.2172,78.3836,National Highway,Rainy,Night,45,Male,Bike,76,No,No,Yes,Poor Weather Visibility,High,4.0
ACC39424,16-02-2023,20:33,Telangana,Hyderabad,17.9347,78.5245,National Highway,Clear,Night,49,Male,Bike,58,No,No,No,Poor Weather Visibility,Medium,2.0
ACC39425,28-12-2024,12:14,Telangana,Warangal,17.8218,78.634,State Highway,Clear,Day,37,Male,Bike,74,No,No,No,Over Speeding,Low,0.0
ACC39426,21-12-2022,10:26,Telangana,Warangal,18.3483,78.8365,State Highway,Overcast,Day,61,Male,Truck,46,No,No,Yes,Pothole/Bad Road,Medium,2.0
ACC39427,19-12-2022,15:02,Karnataka,Mysuru,15.8622,74.889,City Road,Clear,Day,23,Male,Auto,57,No,No,No,Signal Jumping,Low,1.0
ACC39428,10-07-2024,14:32,Andhra Pradesh,Visakhapatnam,15.4452,80.1499,State Highway,Clear,Day,27,Male,Bike,71,Yes,No,No,Drunk Driving,High,5.0
ACC39429,08-09-2022,23:38,Tamil Nadu,Coimbatore,11.2589,78.9044,State Highway,Rainy,Night,41,Female,Car,74,No,No,No,Poor Weather Visibility,Medium,3.0
ACC39430,18-01-2022,23:49,Karnataka,Mysuru,15.5126,76.5321,State Highway,Rainy,Night,21,Male,Bus,66,Yes,No,No,Poor Weather Visibility,Medium,4.0
ACC39431,15-12-2022,05:10,Tamil Nadu,Coimbatore,10.514,78.5136,State Highway,Cloudy,Dawn,48,Male,Bike,69,No,No,No,Poor Weather Visibility,Medium,3.0
ACC39432,12-09-2023,12:59,Tamil Nadu,Coimbatore,11.1824,78.8255,State Highway,Rainy,Day,25,Male,Car,57,Yes,No,No,Poor Weather Visibility,Medium,2.0
ACC39433,10-02-2023,08:26,Andhra Pradesh,Vijayawada,16.3013,79.5214,National Highway,Rainy,Day,25,Male,Bike,80,Yes,No,No,Poor Weather Visibility,High,6.0
ACC39434,14-06-2023,17:06,Kerala,Thrissur,9.9053,76.4376,National Highway,Rainy,Dusk,45,Male,Car,64,Yes,Yes,No,Poor Weather Visibility,High,4.0
ACC39435,23-11-2023,16:31,Karnataka,Belagavi,15.6116,76.4401,State Highway,Rainy,Day,43,Male,Truck,74,No,Yes,Yes,Poor Weather Visibility,High,7.0
ACC39436,06-11-2023,05:06,Telangana,Warangal,17.7525,78.4157,Village Road,Clear,Dawn,27,Male,Bike,59,Yes,No,No,Drunk Driving,Medium,4.0
ACC39437,06-09-2022,06:26,Andhra Pradesh,Kurnool,16.1047,79.5161,National Highway,Clear,Day,18,Male,Auto,82,No,Yes,Yes,Over Speeding,High,5.0
ACC39438,30-05-2024,08:53,Karnataka,Hubballi,15.1871,75.2688,State Highway,Clear,Day,48,Male,Auto,47,No,No,No,Signal Jumping,Low,2.0
ACC39439,06-07-2023,22:14,Andhra Pradesh,Nellore,15.7242,79.5864,Village Road,Clear,Night,34,Male,Car,55,No,No,No,Signal Jumping,Low,0.0
ACC39440,25-09-2023,20:51,Karnataka,Mysuru,15.6347,74.8634,Expressway,Clear,Night,30,Female,Bus,97,No,No,No,Over Speeding,Medium,
ACC39441,22-07-2024,16:12,Karnataka,Bengaluru Urban,15.6006,75.6873,State Highway,Clear,Day,24,Male,Car,31,No,No,Yes,Pothole/Bad Road,Low,1.0
ACC39442,15-04-2024,16:43,Karnataka,Mysuru,15.3139,75.3189,City Road,Foggy,Day,39,Male,Car,57,No,No,Yes,Poor Weather Visibility,Medium,2.0
ACC39443,19-06-2023,20:49,Telangana,Hyderabad,17.457,79.252,City Road,Clear,Night,42,Female,Bike,29,No,Yes,No,Drowsy Driving,Low,0.0
ACC39444,01-08-2022,15:12,Andhra Pradesh,Nellore,15.6065,79.4999,State Highway,Cloudy,Day,53,Male,Car,62,No,No,No,Poor Weather Visibility,High,
ACC39445,11-08-2022,10:52,Karnataka,Belagavi,15.1988,74.9759,Village Road,Cloudy,Day,18,Male,Car,52,No,No,No,Poor Weather Visibility,Low,3.0
ACC39446,05-02-2024,15:32,Tamil Nadu,Coimbatore,10.8618,78.5826,Village Road,Cloudy,Day,36,Male,Bike,51,Yes,No,Yes,Drunk Driving,High,8.0
ACC39447,07-03-2023,22:44,Tamil Nadu,Chennai,11.6422,78.9909,National Highway,Clear,Night,32,Male,Bike,84,No,No,No,Over Speeding,Medium,6.0
ACC39448,18-10-2024,17:00,Telangana,Hyderabad,17.6917,79.5882,City Road,Rainy,Dusk,38,Male,Bike,50,No,No,No,Poor Weather Visibility,Medium,2.0
ACC39449,17-06-2023,08:43,Tamil Nadu,Tiruchirappalli,10.4836,79.0668,Village Road,Rainy,Day,44,Male,Bus,50,No,Yes,Yes,Poor Weather Visibility,Medium,4.0
ACC39450,30-03-2023,00:46,Telangana,Hyderabad,18.198,78.7605,City Road,Clear,Night,37,Male,Truck,42,No,No,No,Poor Weather Visibility,Low,0.0
ACC39451,18-06-2023,04:07,Karnataka,Mangaluru,15.0585,75.4744,City Road,Cloudy,Night,46,Male,Truck,58,No,No,No,Poor Weather Visibility,Low,0.0
ACC39452,27-11-2024,18:54,Karnataka,Bengaluru Urban,15.7856,76.0438,National Highway,Clear,Dusk,41,Male,Bike,73,No,Yes,No,Drowsy Driving,Medium,4.0
ACC39453,13-03-2022,14:06,Andhra Pradesh,Vijayawada,15.3188,79.3939,Village Road,Clear,Day,31,Male,Car,31,No,No,No,Poor Weather Visibility,Low,
ACC39454,01-10-2024,13:48,Karnataka,Mangaluru,14.8679,75.5383,National Highway,Cloudy,Day,18,Male,Car,64,No,No,Yes,Pothole/Bad Road,Low,0.0
ACC39455,06-05-2023,21:35,Kerala,Thiruvananthapuram,9.9782,76.5941,City Road,Overcast,Night,48,Male,Auto,60,Yes,No,No,Drunk Driving,Medium,0.0
ACC39456,20-09-2024,18:19,Tamil Nadu,Salem,11.6068,78.7601,State Highway,Rainy,Dusk,46,Male,Auto,61,No,No,No,Poor Weather Visibility,Low,
ACC39457,19-08-2022,10:15,Tamil Nadu,Coimbatore,10.7738,78.3036,City Road,Rainy,Day,47,Male,Truck,41,No,No,Yes,Poor Weather Visibility,Low,1.0
ACC39458,30-12-2024,18:33,Telangana,Warangal,18.718,79.0126,City Road,Clear,Dusk,35,Male,Bike,43,No,No,No,Signal Jumping,Low,0.0
ACC39459,02-03-2022,09:50,Karnataka,Bengaluru Urban,14.9709,75.9078,State Highway,Clear,Day,21,Male,Bike,84,Yes,No,No,Drunk Driving,High,3.0
ACC39460,24-08-2022,12:13,Kerala,Kollam,10.2061,75.6018,City Road,Foggy,Day,58,Male,Bike,36,No,No,No,Poor Weather Visibility,Low,0.0
ACC39461,02-06-2022,20:09,Kerala,Thiruvananthapuram,11.162,77.1919,City Road,Clear,Night,22,Female,Bus,55,Yes,No,No,Drunk Driving,Medium,1.0
ACC39462,29-05-2022,20:56,Kerala,Thrissur,10.2468,75.8353,Expressway,Clear,Night,39,Male,Bike,68,No,No,No,Over Speeding,Medium,4.0
ACC39463,22-07-2022,16:22,Telangana,Nizamabad,17.8661,78.7471,Village Road,Clear,Day,21,Male,Car,50,Yes,No,Yes,Drunk Driving,Medium,6.0
ACC39464,23-07-2022,13:59,Tamil Nadu,Madurai,10.9875,78.0393,Expressway,Rainy,Day,54,Male,Bike,81,No,No,No,Poor Weather Visibility,High,7.0
ACC39465,08-12-2024,10:30,Telangana,Hyderabad,18.6673,78.9981,City Road,Clear,Day,24,Male,Auto,63,Yes,No,No,Drunk Driving,Medium,1.0
ACC39466,07-12-2022,05:05,Kerala,Thrissur,10.8854,76.917,City Road,Cloudy,Dawn,26,Female,Bike,39,No,No,No,Poor Weather Visibility,Low,2.0
ACC39467,20-01-2022,12:02,Tamil Nadu,Coimbatore,10.4732,78.3881,City Road,Clear,Day,42,Male,Car,45,No,No,No,Signal Jumping,Low,2.0
ACC39468,10-02-2024,13:33,Tamil Nadu,Chennai,11.6171,78.4509,National Highway,Clear,Day,18,Male,Truck,69,No,No,No,Over Speeding,Medium,2.0
ACC39469,21-06-2024,16:08,Karnataka,Mysuru,14.6344,75.9124,National Highway,Rainy,Day,46,Female,Car,59,No,No,Yes,Poor Weather Visibility,Medium,5.0
ACC39470,27-02-2022,22:12,Telangana,Warangal,17.8379,78.752,State Highway,Clear,Night,48,Male,Car,71,Yes,Yes,No,Drunk Driving,Medium,1.0
ACC39471,01-07-2022,03:58,Kerala,Thrissur,9.5498,75.9634,Village Road,Clear,Night,42,Male,Car,63,Yes,Yes,Yes,Drunk Driving,High,6.0
ACC39472,16-10-2022,17:00,Andhra Pradesh,Guntur,15.1108,79.4124,Village Road,Clear,Dusk,45,Male,Bus,64,No,No,Yes,Signal Jumping,Low,0.0
ACC39473,02-03-2022,09:00,Karnataka,Mysuru,15.0381,75.2521,City Road,Rainy,Day,59,Female,Auto,65,No,No,Yes,Poor Weather Visibility,Medium,5.0
ACC39474,30-06-2022,11:52,Puducherry,Karaikal,11.7842,79.5134,City Road,Clear,Day,32,Male,Bike,55,No,No,No,Signal Jumping,Low,3.0
ACC39475,14-10-2023,00:28,Andhra Pradesh,Visakhapatnam,16.4873,79.6311,Village Road,Clear,Night,31,Male,Bike,27,No,No,No,Signal Jumping,Low,0.0
ACC39476,22-05-2024,10:32,Kerala,Kollam,10.4072,76.8292,State Highway,Cloudy,Day,40,Male,Car,36,No,No,No,Poor Weather Visibility,Low,1.0
ACC39477,18-06-2024,21:38,Kerala,Thiruvananthapuram,10.536,76.4682,City Road,Rainy,Night,22,Male,Bus,35,No,No,No,Poor Weather Visibility,Low,4.0
ACC39478,24-08-2023,21:20,Telangana,Warangal,17.9698,78.8469,Village Road,Rainy,Night,45,Male,Car,56,Yes,No,Yes,Poor Weather Visibility,Medium,0.0
ACC39479,28-02-2022,08:09,Karnataka,Belagavi,15.1264,76.1333,Expressway,Cloudy,Day,39,Male,Bus,92,No,No,No,Over Speeding,High,3.0
ACC39480,26-12-2024,17:58,Karnataka,Belagavi,15.856,76.035,City Road,Clear,Dusk,35,Male,Bike,42,No,No,No,Signal Jumping,Low,3.0
ACC39481,09-05-2024,18:33,Karnataka,Mysuru,16.2714,75.2118,National Highway,Overcast,Dusk,43,Male,Car,77,No,No,No,Over Speeding,Medium,1.0
ACC39482,30-01-2023,21:59,Tamil Nadu,Chennai,10.8403,78.9417,National Highway,Clear,Night,18,Male,Bike,56,No,No,No,Signal Jumping,Medium,3.0
ACC39483,19-12-2023,17:45,Tamil Nadu,Chennai,10.4439,77.5388,National Highway,Clear,Dusk,35,Male,Bus,68,No,No,No,Over Speeding,Medium,4.0
ACC39484,08-04-2022,10:05,Telangana,Warangal,18.8688,78.9665,State Highway,Cloudy,Day,41,Female,Car,52,No,No,No,Signal Jumping,Medium,4.0
ACC39485,29-06-2023,13:33,Andhra Pradesh,Vijayawada,15.4028,80.0757,City Road,Foggy,Day,24,Male,Truck,65,Yes,No,No,Poor Weather Visibility,Medium,3.0
ACC39486,30-11-2024,18:00,Tamil Nadu,Chennai,10.9844,78.9176,National Highway,Clear,Dusk,43,Male,Bike,68,No,Yes,No,Drowsy Driving,Medium,1.0
ACC39487,06-09-2024,10:24,Telangana,Khammam,17.999,79.607,State Highway,Cloudy,Day,18,Male,Bike,28,No,No,No,Poor Weather Visibility,Low,1.0
ACC39488,03-04-2022,23:46,Tamil Nadu,Madurai,11.2995,78.575,City Road,Clear,Night,43,Male,Car,45,No,No,No,Signal Jumping,Low,1.0
ACC39489,07-07-2022,11:33,Andhra Pradesh,Guntur,15.7426,79.8902,City Road,Foggy,Day,47,Male,Truck,61,No,No,No,Poor Weather Visibility,High,6.0
ACC39490,11-01-2022,08:20,Tamil Nadu,Chennai,11.3906,78.9866,State Highway,Overcast,Day,35,Male,Auto,42,No,No,No,Poor Weather Visibility,Low,1.0
ACC39491,29-01-2024,12:02,Tamil Nadu,Coimbatore,11.4033,79.3917,City Road,Cloudy,Day,50,Male,Auto,43,No,No,No,Signal Jumping,Low,2.0
ACC39492,22-07-2024,09:59,Tamil Nadu,Madurai,10.8248,78.8246,Village Road,Cloudy,Day,19,Female,Car,37,No,No,No,Signal Jumping,Low,1.0
ACC39493,02-01-2022,09:37,Telangana,Khammam,18.1336,78.5874,National Highway,Clear,Day,47,Male,Bike,68,No,No,No,Over Speeding,Low,1.0
ACC39494,19-11-2023,14:38,Tamil Nadu,Coimbatore,11.1862,78.2144,National Highway,Clear,Day,20,Female,Car,59,No,No,No,Signal Jumping,Low,1.0
ACC39495,03-01-2024,15:23,Telangana,Khammam,17.4498,79.506,City Road,Cloudy,Day,28,Male,Bike,53,No,No,No,Poor Weather Visibility,Low,0.0
ACC39496,09-06-2023,07:16,Telangana,Khammam,18.0914,78.7118,City Road,Clear,Day,45,Male,Bike,53,Yes,No,No,Drunk Driving,Medium,4.0
ACC39497,15-01-2022,10:02,Karnataka,Mysuru,15.6726,75.6483,City Road,Clear,Day,37,Male,Auto,30,No,No,No,Poor Weather Visibility,Low,2.0
ACC39498,09-05-2022,00:58,Karnataka,Bengaluru Urban,15.0168,75.4061,National Highway,Foggy,Night,49,Male,Truck,80,No,Yes,No,Poor Weather Visibility,High,7.0
ACC39499,20-07-2024,21:14,Kerala,Kozhikode,10.1553,75.9007,National Highway,Clear,Night,39,Male,Bike,55,No,No,No,Signal Jumping,Low,0.0
ACC39500,27-05-2022,13:16,Andhra Pradesh,Nellore,15.7771,79.5931,State Highway,Clear,Day,18,Male,Car,74,No,No,No,Over Speeding,Medium,
ACC39501,23-08-2024,01:11,Tamil Nadu,Salem,10.4196,78.4634,Village Road,Clear,Night,40,Male,Bike,39,No,No,No,Poor Weather Visibility,Low,1.0
ACC39502,15-11-2022,14:32,Tamil Nadu,Madurai,10.7138,78.9296,City Road,Rainy,Day,18,Female,Bus,38,No,No,No,Poor Weather Visibility,Low,0.0
ACC39503,24-08-2022,18:43,Telangana,Warangal,18.3189,78.8962,Village Road,Cloudy,Dusk,42,Female,Car,47,Yes,No,No,Drunk Driving,Low,3.0
ACC39504,04-08-2022,20:48,Telangana,Karimnagar,18.3936,79.3627,National Highway,Cloudy,Night,35,Male,Car,82,No,Yes,No,Over Speeding,High,4.0
ACC39505,21-08-2023,19:02,Kerala,Thiruvananthapuram,9.8595,75.8899,City Road,Cloudy,Night,26,Female,Auto,51,No,Yes,No,Drowsy Driving,Medium,1.0
ACC39506,16-05-2024,21:58,Karnataka,Mysuru,16.2731,75.984,City Road,Cloudy,Night,34,Male,Bike,43,Yes,No,No,Drunk Driving,Low,2.0
ACC39507,02-12-2023,14:59,Kerala,Thrissur,10.3732,75.7185,National Highway,Clear,Day,45,Female,Car,72,No,No,No,Over Speeding,Low,1.0
ACC39508,18-12-2023,01:39,Kerala,Thiruvananthapuram,10.2015,75.3982,National Highway,Cloudy,Night,37,Female,Auto,69,No,No,No,Poor Weather Visibility,Medium,1.0
ACC39509,03-11-2024,05:33,Telangana,Khammam,17.1767,79.2174,National Highway,Cloudy,Dawn,27,Male,Truck,91,No,No,No,Over Speeding,Medium,4.0
ACC39510,19-12-2023,15:41,Andhra Pradesh,Nellore,15.7292,79.5182,National Highway,Foggy,Day,38,Male,Car,74,No,No,No,Poor Weather Visibility,Medium,3.0
ACC39511,28-09-2023,01:05,Tamil Nadu,Tiruchirappalli,11.0308,77.9277,State Highway,Overcast,Night,47,Female,Auto,56,No,No,No,Poor Weather Visibility,Low,2.0
ACC39512,18-10-2022,17:54,Karnataka,Mysuru,15.2422,75.8304,National Highway,Cloudy,Dusk,30,Male,Car,55,No,No,No,Poor Weather Visibility,Medium,3.0
ACC39513,21-08-2024,13:50,Kerala,Kozhikode,9.9004,76.5709,City Road,Overcast,Day,52,Male,Bus,40,No,Yes,No,Drowsy Driving,Medium,0.0
ACC39514,30-06-2022,18:55,Andhra Pradesh,Vijayawada,16.3857,80.7331,City Road,Clear,Dusk,18,Female,Bus,76,Yes,No,No,Drunk Driving,Medium,5.0
ACC39515,15-09-2022,21:06,Kerala,Kozhikode,10.5284,75.8656,City Road,Clear,Night,18,Male,Auto,48,No,Yes,Yes,Drowsy Driving,Medium,3.0
ACC39516,12-12-2023,15:18,Tamil Nadu,Madurai,10.8491,78.4111,City Road,Clear,Day,38,Male,Car,45,No,No,No,Poor Weather Visibility,Low,0.0
ACC39517,28-06-2023,11:00,Kerala,Thiruvananthapuram,10.4598,75.5784,City Road,Overcast,Day,53,Male,Truck,29,No,No,No,Poor Weather Visibility,Low,1.0
ACC39518,03-07-2024,17:40,Karnataka,Bengaluru Urban,15.4649,75.1957,City Road,Rainy,Dusk,46,Female,Truck,56,No,No,No,Poor Weather Visibility,Medium,7.0
ACC39519,22-06-2023,07:29,Telangana,Warangal,17.4926,79.1026,State Highway,Rainy,Day,28,Male,Bike,68,No,No,No,Poor Weather Visibility,Medium,2.0
ACC39520,06-04-2023,08:50,Andhra Pradesh,Vijayawada,16.5454,79.5403,City Road,Clear,Day,38,Male,Car,58,No,No,Yes,Pothole/Bad Road,Medium,2.0
ACC39521,21-10-2024,19:38,Andhra Pradesh,Nellore,16.351,79.6747,Expressway,Clear,Night,34,Male,Car,83,No,No,Yes,Over Speeding,Medium,3.0
ACC39522,18-04-2023,17:20,Tamil Nadu,Chennai,10.7584,78.5703,Expressway,Clear,Dusk,43,Male,Bike,87,No,No,No,Over Speeding,Medium,2.0
ACC39523,02-05-2024,20:40,Kerala,Kollam,11.17,76.3356,City Road,Cloudy,Night,32,Female,Bike,54,No,No,Yes,Pothole/Bad Road,Medium,2.0
ACC39524,27-02-2022,23:52,Andhra Pradesh,Visakhapatnam,16.3177,78.8691,City Road,Rainy,Night,60,Female,Bike,99,Yes,Yes,No,Over Speeding,High,7.0
ACC39525,05-10-2024,17:36,Telangana,Karimnagar,17.5704,79.4112,City Road,Rainy,Dusk,28,Male,Car,44,No,No,Yes,Poor Weather Visibility,Low,3.0
ACC39526,21-06-2023,20:47,Andhra Pradesh,Nellore,15.4269,79.792,National Highway,Cloudy,Night,30,Male,Car,53,No,Yes,No,Drowsy Driving,Medium,1.0
ACC39527,06-06-2022,10:36,Telangana,Hyderabad,17.6292,78.6293,City Road,Clear,Day,28,Male,Bike,79,Yes,No,Yes,Drunk Driving,High,6.0