Accident_ID,Date,Time,State,District,Latitude,Longitude,Road_Type,Weather,Light_Condition,Driver_Age,Driver_Gender,Vehicle_Type,Speed_kmph,Alcohol_Involved,Driver_Drowsy,Pothole_Involved,Cause_of_Accident,Severity,Casualties
ACC39528,09-02-2022,16:49,Telangana,Hyderabad,17.3489,78.5881,Expressway,Clear,Day,48,Male,Car,85,No,No,Yes,Over Speeding,Medium,5.0
ACC39529,04-05-2023,16:54,Karnataka,Mangaluru,15.2043,75.6858,State Highway,Cloudy,Day,22,Female,Bike,69,No,Yes,No,Drowsy Driving,Medium,9.0
ACC39530,24-12-2022,18:17,Karnataka,Bengaluru Urban,15.081,75.5726,Expressway,Cloudy,Dusk,43,Male,Car,87,No,No,No,Over Speeding,Medium,1.0
ACC39531,19-01-2024,11:22,Kerala,Thiruvananthapuram,9.8571,75.5398,City Road,Clear,Day,25,Male,Car,42,No,No,Yes,Pothole/Bad Road,Low,0.0
ACC39532,30-05-2023,17:42,Tamil Nadu,Coimbatore,11.1142,78.6979,Village Road,Clear,Dusk,24,Male,Bus,51,Yes,No,No,Drunk Driving,High,7.0
ACC39533,06-08-2023,06:56,Tamil Nadu,Chennai,11.3429,78.8996,Village Road,Overcast,Day,32,Male,Bike,28,No,No,No,Poor Weather Visibility,Low,1.0
ACC39534,25-07-2022,13:18,Tamil Nadu,Tiruchirappalli,11.1584,79.0874,National Highway,Clear,Day,20,Male,Bus,77,No,Yes,No,Drowsy Driving,High,5.0
ACC39535,31-05-2024,19:49,Andhra Pradesh,Vijayawada,15.2428,79.4619,Expressway,Rainy,Night,23,Male,Truck,91,No,Yes,Yes,Over Speeding,High,5.0
ACC39536,20-05-2024,20:56,Andhra Pradesh,Nellore,15.3574,80.4575,State Highway,Rainy,Night,31,Male,Car,48,No,Yes,No,Poor Weather Visibility,Low,0.0
ACC39537,27-07-2024,17:51,Puducherry,Karaikal,11.8271,79.9635,State Highway,Cloudy,Dusk,37,Male,Bike,71,No,No,Yes,Pothole/Bad Road,High,4.0
ACC39538,05-12-2024,18:32,Andhra Pradesh,Guntur,15.5702,79.6356,Village Road,Cloudy,Dusk,51,Male,Bike,58,No,No,No,Poor Weather Visibility,Low,
ACC39539,14-12-2022,11:39,Karnataka,Hubballi,15.1931,75.0492,Village Road,Rainy,Day,18,Male,Bus,51,Yes,No,Yes,Poor Weather Visibility,Medium,2.0
ACC39540,21-07-2023,17:22,Karnataka,Bengaluru Urban,15.6727,76.1497,Expressway,Clear,Dusk,18,Male,Car,77,No,No,No,Signal Jumping,Medium,3.0
ACC39541,17-12-2024,08:05,Tamil Nadu,Chennai,10.2931,78.7564,City Road,Rainy,Day,30,Male,Bike,33,No,No,No,Poor Weather Visibility,Low,1.0
ACC39542,03-01-2022,22:39,Karnataka,Bengaluru Urban,15.9679,75.3094,Expressway,Clear,Night,45,Male,Car,75,No,No,No,Over Speeding,Medium,2.0
ACC39543,28-01-2024,03:40,Tamil Nadu,Madurai,10.9637,79.18,State Highway,Clear,Night,48,Male,Truck,65,No,No,No,Signal Jumping,Medium,1.0
ACC39544,21-08-2022,05:43,Telangana,Warangal,17.863,78.8439,Village Road,Clear,Dawn,33,Male,Auto,47,No,No,Yes,Pothole/Bad Road,Low,0.0
ACC39545,06-03-2022,10:13,Andhra Pradesh,Kurnool,15.9604,79.6507,City Road,Rainy,Day,40,Male,Bike,44,No,No,No,Poor Weather Visibility,Low,
ACC39546,26-09-2022,00:33,Andhra Pradesh,Vijayawada,16.0368,79.4551,Village Road,Rainy,Night,38,Male,Bike,51,No,No,No,Poor Weather Visibility,Medium,1.0
ACC39547,12-05-2022,18:21,Andhra Pradesh,Guntur,15.8572,79.4168,Expressway,Rainy,Dusk,29,Female,Bike,61,No,No,No,Poor Weather Visibility,High,12.0
ACC39548,03-08-2023,00:10,Karnataka,Mangaluru,14.8755,75.7248,Village Road,Rainy,Night,59,Male,Bike,36,No,Yes,No,Poor Weather Visibility,Medium,2.0
ACC39549,01-04-2022,20:01,Tamil Nadu,Coimbatore,10.3616,77.9349,City Road,Clear,Night,18,Male,Bus,63,Yes,No,No,Drunk Driving,Medium,
ACC39550,15-10-2024,18:24,Tamil Nadu,Tiruchirappalli,11.0966,78.8119,City Road,Rainy,Dusk,41,Male,Auto,38,No,No,Yes,Poor Weather Visibility,Low,2.0
ACC39551,20-08-2024,18:30,Karnataka,Mysuru,15.2031,75.5313,Village Road,Cloudy,Dusk,37,Male,Bike,50,No,No,No,Poor Weather Visibility,Low,0.0
ACC39552,01-09-2024,17:12,Telangana,Khammam,17.459,78.9991,State Highway,Clear,Dusk,44,Male,Bike,59,No,No,Yes,Pothole/Bad Road,Medium,0.0
ACC39553,13-05-2022,09:52,Karnataka,Hubballi,15.0776,75.629,National Highway,Cloudy,Day,37,Male,Auto,74,Yes,No,No,Drunk Driving,High,5.0
ACC39554,25-08-2024,17:45,Telangana,Khammam,18.9373,78.9941,State Highway,Cloudy,Dusk,18,Male,Bike,62,No,No,No,Poor Weather Visibility,Medium,3.0
ACC39555,10-10-2022,07:45,Andhra Pradesh,Visakhapatnam,16.1011,79.9855,City Road,Clear,Day,18,Male,Bike,55,No,Yes,Yes,Drowsy Driving,Medium,4.0
ACC39556,13-10-2023,09:34,Tamil Nadu,Tiruchirappalli,10.4412,78.5286,City Road,Overcast,Day,38,Male,Auto,36,No,No,No,Signal Jumping,Low,0.0
ACC39557,10-09-2024,00:04,Telangana,Hyderabad,17.5678,78.7456,Expressway,Rainy,Night,31,Female,Bike,84,Yes,No,Yes,Poor Weather Visibility,High,5.0
ACC39558,16-11-2024,03:57,Karnataka,Mysuru,15.0778,75.9184,Village Road,Clear,Night,37,Male,Bike,29,No,No,Yes,Pothole/Bad Road,Low,2.0
ACC39559,17-10-2022,13:57,Tamil Nadu,Madurai,10.934,79.41,City Road,Clear,Day,51,Male,Car,48,No,No,No,Poor Weather Visibility,Low,1.0
ACC39560,06-01-2023,07:12,Tamil Nadu,Salem,10.3659,77.9315,National Highway,Overcast,Day,34,Male,Car,51,No,No,No,Poor Weather Visibility,Low,1.0
ACC39561,17-07-2024,13:59,Telangana,Warangal,18.2526,78.7264,National Highway,Rainy,Day,29,Male,Car,90,No,Yes,Yes,Over Speeding,High,4.0
ACC39562,05-10-2022,15:57,Tamil Nadu,Madurai,11.3311,78.2226,Expressway,Rainy,Day,51,Male,Bike,79,No,No,No,Poor Weather Visibility,High,5.0
ACC39563,05-02-2022,19:11,Puducherry,Karaikal,12.1466,79.4179,National Highway,Clear,Night,24,Male,Car,73,No,No,No,Over Speeding,Medium,1.0
ACC39564,08-04-2022,07:50,Tamil Nadu,Tiruchirappalli,10.4031,78.7916,Expressway,Rainy,Day,32,Male,Car,97,No,Yes,No,Over Speeding,High,6.0
ACC39565,30-10-2022,11:35,Telangana,Nizamabad,18.4323,79.0804,Expressway,Overcast,Day,29,Female,Truck,77,No,No,No,Over Speeding,Medium,1.0
ACC39566,02-06-2023,12:20,Karnataka,Hubballi,14.6167,75.4228,Village Road,Clear,Day,33,Male,Bike,36,No,No,No,Signal Jumping,Low,1.0
ACC39567,20-04-2023,13:22,Puducherry,Puducherry,11.3303,80.4677,Village Road,Clear,Day,61,Male,Auto,35,No,No,No,Signal Jumping,Low,1.0
ACC39568,18-01-2022,10:44,Puducherry,Karaikal,12.3038,79.8529,Village Road,Clear,Day,38,Male,Bus,30,No,No,No,Poor Weather Visibility,Low,0.0
ACC39569,16-01-2023,16:23,Telangana,Karimnagar,17.6867,78.8393,State Highway,Clear,Day,35,Male,Bus,58,No,No,No,Signal Jumping,Low,0.0
ACC39570,10-04-2022,16:43,Telangana,Karimnagar,18.256,78.6616,State Highway,Rainy,Day,33,Male,Bike,63,No,No,No,Poor Weather Visibility,Low,0.0
ACC39571,08-02-2024,06:47,Karnataka,Bengaluru Urban,15.0161,75.0914,City Road,Rainy,Day,61,Male,Truck,59,Yes,No,No,Poor Weather Visibility,High,3.0
ACC39572,25-06-2023,16:23,Karnataka,Bengaluru Urban,14.4123,75.4681,City Road,Clear,Day,37,Male,Car,41,No,No,No,Signal Jumping,Low,1.0
ACC39573,06-10-2024,07:27,Tamil Nadu,Salem,11.3043,79.2186,Expressway,Clear,Day,25,Male,Bus,91,Yes,No,No,Over Speeding,High,9.0
ACC39574,10-12-2023,17:58,Tamil Nadu,Chennai,11.732,78.3275,National Highway,Cloudy,Dusk,33,Male,Bus,77,No,No,No,Over Speeding,High,4.0
ACC39575,04-04-2024,12:18,Karnataka,Mangaluru,15.3142,75.6536,Expressway,Clear,Day,18,Female,Auto,71,No,No,No,Over Speeding,Medium,3.0
ACC39576,22-10-2022,23:40,Tamil Nadu,Tiruchirappalli,10.8614,78.2562,State Highway,Clear,Night,57,Male,Auto,66,No,No,Yes,Pothole/Bad Road,High,5.0
ACC39577,21-11-2023,06:30,Tamil Nadu,Madurai,10.8425,78.777,National Highway,Rainy,Day,45,Female,Bike,59,No,No,No,Poor Weather Visibility,Medium,0.0
ACC39578,10-06-2023,15:17,Andhra Pradesh,Visakhapatnam,16.28,80.0017,Village Road,Rainy,Day,51,Male,Auto,38,No,No,No,Poor Weather Visibility,Low,2.0
ACC39579,24-08-2024,00:49,Andhra Pradesh,Kurnool,16.0093,79.9592,Village Road,Rainy,Night,51,Female,Truck,66,Yes,Yes,Yes,Poor Weather Visibility,High,
ACC39580,13-12-2022,01:00,Andhra Pradesh,Guntur,14.7489,79.4462,City Road,Cloudy,Night,42,Female,Truck,57,Yes,No,Yes,Drunk Driving,Medium,2.0
ACC39581,14-05-2022,06:05,Andhra Pradesh,Guntur,16.2842,79.0718,Village Road,Rainy,Day,22,Male,Car,34,No,No,Yes,Poor Weather Visibility,Low,0.0
ACC39582,10-06-2023,12:21,Andhra Pradesh,Nellore,16.9776,79.784,National Highway,Clear,Day,51,Male,Bus,60,No,Yes,Yes,Drowsy Driving,Medium,1.0
ACC39583,06-02-2023,18:23,Karnataka,Bengaluru Urban,15.3477,76.0404,City Road,Cloudy,Dusk,33,Female,Car,53,No,No,Yes,Signal Jumping,Low,0.0
ACC39584,03-11-2022,23:36,Tamil Nadu,Chennai,10.7541,79.1088,Village Road,Clear,Night,42,Male,Car,71,Yes,No,No,Drunk Driving,Medium,1.0
ACC39585,11-08-2024,18:28,Tamil Nadu,Tiruchirappalli,10.7099,77.5379,National Highway,Clear,Dusk,29,Female,Bike,69,Yes,No,Yes,Drunk Driving,Medium,5.0
ACC39586,15-01-2024,11:46,Puducherry,Karaikal,12.3652,80.2866,State Highway,Clear,Day,37,Male,Bike,69,No,No,Yes,Pothole/Bad Road,Low,2.0
ACC39587,16-06-2023,12:01,Telangana,Khammam,18.1414,78.5467,Village Road,Rainy,Day,48,Female,Bus,48,No,No,No,Poor Weather Visibility,Low,3.0
ACC39588,24-01-2024,02:49,Telangana,Warangal,17.7646,79.0307,National Highway,Clear,Night,38,Female,Auto,55,No,No,No,Signal Jumping,Low,2.0
ACC39589,15-04-2022,21:37,Karnataka,Mysuru,14.5266,75.2277,State Highway,Cloudy,Night,31,Male,Bus,76,Yes,No,No,Drunk Driving,High,7.0
ACC39590,08-10-2024,22:47,Karnataka,Mysuru,15.4057,76.2451,State Highway,Clear,Night,37,Male,Car,46,No,No,No,Signal Jumping,Low,2.0
ACC39591,03-08-2022,19:54,Tamil Nadu,Coimbatore,11.2865,78.1113,City Road,Cloudy,Night,64,Male,Bike,46,No,No,No,Poor Weather Visibility,Low,0.0
ACC39592,06-08-2024,07:43,Telangana,Warangal,18.2102,79.1135,National Highway,Clear,Day,24,Male,Bike,68,No,No,No,Over Speeding,Low,1.0
ACC39593,13-12-2023,07:56,Telangana,Khammam,18.437,78.6145,City Road,Rainy,Day,40,Male,Truck,32,No,No,No,Poor Weather Visibility,Low,0.0
ACC39594,29-06-2023,22:13,Karnataka,Hubballi,15.5011,75.4022,Village Road,Clear,Night,18,Male,Car,40,No,Yes,No,Drowsy Driving,Medium,3.0
ACC39595,24-01-2024,17:02,Kerala,Kozhikode,10.0523,76.2979,City Road,Clear,Dusk,53,Male,Car,35,No,No,Yes,Pothole/Bad Road,Low,1.0
ACC39596,22-08-2024,09:19,Karnataka,Hubballi,15.8282,75.5614,Village Road,Rainy,Day,35,Male,Bike,37,No,Yes,Yes,Poor Weather Visibility,Low,0.0
ACC39597,28-12-2024,18:51,Tamil Nadu,Chennai,11.4542,78.9601,Village Road,Clear,Dusk,48,Male,Car,39,No,No,Yes,Pothole/Bad Road,Low,2.0
ACC39598,01-01-2024,17:39,Karnataka,Mysuru,15.5372,75.9293,City Road,Cloudy,Dusk,18,Male,Car,38,No,No,Yes,Pothole/Bad Road,Low,1.0
ACC39599,27-03-2023,10:01,Puducherry,Puducherry,11.8681,79.8809,City Road,Rainy,Day,45,Male,Bus,69,No,No,No,Poor Weather Visibility,Low,0.0
ACC39600,11-11-2023,09:27,Andhra Pradesh,Vijayawada,15.3052,79.6063,Village Road,Clear,Day,18,Male,Bike,50,Yes,No,Yes,Drunk Driving,Medium,4.0
ACC39601,13-01-2024,22:39,Telangana,Hyderabad,17.9959,79.9422,National Highway,Clear,Night,50,Male,Auto,85,Yes,No,No,Drunk Driving,Medium,2.0
ACC39602,20-05-2023,19:56,Tamil Nadu,Tiruchirappalli,11.482,78.2183,Village Road,Cloudy,Night,31,Male,Bike,56,No,No,No,Poor Weather Visibility,Medium,1.0
ACC39603,26-06-2022,03:32,Kerala,Ernakulam,10.1414,76.091,State Highway,Overcast,Night,40,Male,Bike,66,Yes,Yes,No,Drunk Driving,Medium,1.0
ACC39604,05-01-2022,19:46,Telangana,Karimnagar,17.3694,78.9152,National Highway,Clear,Night,31,Male,Bike,49,No,No,No,Signal Jumping,Low,1.0
ACC39605,08-01-2022,17:25,Karnataka,Mangaluru,14.9861,75.5625,Village Road,Clear,Dusk,39,Male,Auto,48,No,No,No,Signal Jumping,Low,
ACC39606,10-04-2022,13:47,Karnataka,Hubballi,15.7112,75.678,Village Road,Cloudy,Day,32,Male,Car,35,No,No,No,Poor Weather Visibility,Low,2.0
ACC39607,05-10-2023,23:49,Tamil Nadu,Coimbatore,10.8186,78.6265,Village Road,Clear,Night,34,Male,Truck,58,Yes,Yes,Yes,Drunk Driving,High,6.0
ACC39608,29-05-2022,08:54,Karnataka,Hubballi,15.6497,75.3172,City Road,Overcast,Day,52,Male,Bike,60,No,Yes,Yes,Drowsy Driving,Medium,4.0
ACC39609,04-10-2024,11:11,Telangana,Nizamabad,17.674,79.0602,State Highway,Cloudy,Day,26,Female,Auto,52,No,No,No,Poor Weather Visibility,Low,1.0
ACC39610,13-01-2023,19:40,Karnataka,Mangaluru,15.69,75.8449,State Highway,Rainy,Night,39,Male,Bike,46,No,No,No,Poor Weather Visibility,Low,3.0
ACC39611,21-08-2022,23:54,Tamil Nadu,Salem,11.2398,78.2907,City Road,Rainy,Night,28,Female,Bus,64,No,Yes,Yes,Poor Weather Visibility,Medium,2.0
ACC39612,15-04-2022,12:54,Telangana,Karimnagar,17.858,78.591,Expressway,Foggy,Day,32,Male,Bike,110,Yes,No,No,Over Speeding,High,10.0
ACC39613,24-02-2022,00:52,Kerala,Kozhikode,10.6051,75.8929,City Road,Cloudy,Night,39,Male,Car,63,Yes,No,No,Drunk Driving,Medium,1.0
ACC39614,25-03-2023,22:16,Tamil Nadu,Madurai,11.8701,78.2574,National Highway,Foggy,Night,22,Male,Bike,76,No,No,No,Poor Weather Visibility,High,3.0
ACC39615,04-05-2023,16:17,Karnataka,Hubballi,14.8236,75.4148,National Highway,Clear,Day,43,Female,Auto,49,No,No,No,Poor Weather Visibility,Low,2.0
ACC39616,24-07-2024,13:51,Karnataka,Belagavi,15.5621,75.4808,State Highway,Cloudy,Day,42,Male,Car,65,No,No,No,Poor Weather Visibility,Medium,3.0
ACC39617,22-09-2023,08:39,Kerala,Ernakulam,10.1432,75.9305,State Highway,Rainy,Day,57,Male,Car,70,No,Yes,No,Poor Weather Visibility,High,7.0
ACC39618,27-03-2024,22:38,Karnataka,Belagavi,14.8829,75.2999,City Road,Rainy,Night,53,Male,Bike,41,Yes,No,Yes,Poor Weather Visibility,High,3.0
ACC39619,23-02-2024,13:15,Telangana,Warangal,17.4679,78.539,City Road,Clear,Day,21,Male,Bike,49,No,No,No,Signal Jumping,Low,3.0
ACC39620,21-07-2022,10:47,Karnataka,Mysuru,14.7055,75.2301,State Highway,Cloudy,Day,71,Male,Car,71,No,No,No,Signal Jumping,Low,0.0
ACC39621,07-11-2022,19:24,Tamil Nadu,Madurai,11.0688,78.3572,National Highway,Rainy,Night,33,Female,Car,80,Yes,No,No,Poor Weather Visibility,High,6.0
ACC39622,12-12-2022,10:37,Karnataka,Mangaluru,15.957,76.1157,Expressway,Cloudy,Day,39,Male,Car,55,No,No,No,Poor Weather Visibility,Low,0.0
ACC39623,01-01-2022,04:40,Karnataka,Hubballi,15.1194,75.7455,City Road,Overcast,Night,29,Male,Bike,65,No,No,No,Poor Weather Visibility,Medium,2.0
ACC39624,29-06-2023,00:27,Kerala,Thiruvananthapuram,10.4116,75.7367,Expressway,Clear,Night,54,Female,Car,91,Yes,No,No,Over Speeding,High,7.0
ACC39625,22-12-2022,06:54,Karnataka,Mangaluru,15.1852,74.9646,National Highway,Clear,Day,39,Male,Bike,44,No,No,No,Signal Jumping,Low,1.0
ACC39626,03-03-2024,09:02,Karnataka,Belagavi,15.06,75.6484,National Highway,Overcast,Day,43,Male,Bike,74,Yes,No,No,Drunk Driving,Medium,3.0
ACC39627,05-08-2024,07:29,Kerala,Kozhikode,10.0918,76.3208,City Road,Cloudy,Day,49,Male,Bus,30,No,No,Yes,Pothole/Bad Road,Low,
ACC39628,30-11-2022,13:15,Tamil Nadu,Chennai,11.4697,78.8203,Expressway,Rainy,Day,18,Male,Bus,89,No,Yes,No,Over Speeding,High,5.0
ACC39629,17-08-2024,16:47,Andhra Pradesh,Kurnool,15.945,79.9083,National Highway,Cloudy,Day,38,Male,Bike,63,No,No,No,Poor Weather Visibility,Low,3.0
ACC39630,19-09-2024,11:10,Kerala,Kollam,10.8912,76.2588,City Road,Rainy,Day,42,Female,Auto,58,Yes,No,Yes,Poor Weather Visibility,High,3.0
ACC39631,09-09-2022,19:22,Telangana,Warangal,18.4692,79.4231,Village Road,Clear,Night,50,Male,Bike,40,No,Yes,No,Drowsy Driving,Low,0.0
ACC39632,06-04-2023,04:59,Telangana,Warangal,17.874,78.957,National Highway,Cloudy,Night,42,Male,Auto,61,No,No,No,Poor Weather Visibility,Medium,2.0
ACC39633,04-05-2022,14:37,Andhra Pradesh,Nellore,15.8279,80.4537,State Highway,Cloudy,Day,30,Male,Truck,71,No,No,No,Poor Weather Visibility,Medium,4.0
ACC39634,20-10-2022,07:25,Telangana,Warangal,17.7526,78.6326,Village Road,Clear,Day,38,Male,Car,45,No,No,No,Signal Jumping,Low,0.0
ACC39635,30-01-2022,09:30,Tamil Nadu,Salem,10.6109,78.8682,City Road,Rainy,Day,60,Female,Bus,63,No,No,No,Poor Weather Visibility,Medium,2.0
ACC39636,30-12-2024,17:01,Karnataka,Hubballi,14.97,76.0964,City Road,Foggy,Dusk,40,Female,Bus,58,No,No,No,Poor Weather Visibility,Medium,3.0
ACC39637,19-05-2023,09:19,Telangana,Hyderabad,18.5463,79.089,Village Road,Rainy,Day,52,Male,Car,24,No,No,No,Poor Weather Visibility,Low,0.0
ACC39638,19-08-2023,20:31,Tamil Nadu,Chennai,12.2284,78.4307,State Highway,Clear,Night,25,Male,Auto,79,Yes,No,No,Drunk Driving,High,5.0
ACC39639,09-01-2024,17:27,Tamil Nadu,Salem,10.9039,78.4542,Village Road,Rainy,Dusk,47,Male,Bus,60,No,No,No,Poor Weather Visibility,Medium,0.0
ACC39640,02-09-2023,09:57,Kerala,Kozhikode,9.8296,76.8057,City Road,Clear,Day,33,Male,Auto,36,No,No,No,Poor Weather Visibility,Low,2.0
ACC39641,16-11-2022,18:48,Kerala,Ernakulam,10.158,76.3705,Expressway,Cloudy,Dusk,26,Male,Car,75,No,No,No,Over Speeding,Medium,1.0
ACC39642,01-10-2024,20:11,Kerala,Kozhikode,10.0344,76.3986,City Road,Overcast,Night,34,Male,Bike,43,No,No,No,Signal Jumping,Low,0.0
ACC39643,10-05-2022,12:50,Telangana,Hyderabad,18.0495,79.0811,City Road,Clear,Day,20,Male,Bike,48,No,No,No,Poor Weather Visibility,Low,1.0
ACC39644,23-10-2024,09:54,Telangana,Warangal,18.3414,78.726,City Road,Foggy,Day,21,Male,Bus,54,No,No,Yes,Poor Weather Visibility,Low,1.0
ACC39645,12-02-2024,18:20,Tamil Nadu,Tiruchirappalli,11.0352,78.6159,Expressway,Overcast,Dusk,43,Male,Truck,68,No,No,No,Poor Weather Visibility,Low,1.0
ACC39646,30-07-2024,11:31,Tamil Nadu,Salem,11.0478,79.161,City Road,Rainy,Day,25,Male,Auto,45,Yes,No,No,Poor Weather Visibility,Medium,0.0
ACC39647,02-11-2024,11:11,Tamil Nadu,Madurai,10.4522,78.4108,State Highway,Rainy,Day,18,Male,Auto,71,No,No,No,Poor Weather Visibility,Medium,6.0
ACC39648,23-05-2024,07:37,Telangana,Khammam,17.6062,79.6737,National Highway,Clear,Day,54,Male,Car,57,No,No,No,Poor Weather Visibility,Low,1.0
ACC39649,07-12-2023,22:34,Kerala,Ernakulam,9.9695,76.495,State Highway,Overcast,Night,56,Male,Car,60,No,No,No,Poor Weather Visibility,Low,1.0
ACC39650,03-03-2022,15:39,Andhra Pradesh,Guntur,16.0927,79.4701,State Highway,Cloudy,Day,32,Male,Car,71,No,No,Yes,Pothole/Bad Road,Medium,1.0
ACC39651,24-05-2024,10:25,Telangana,Hyderabad,17.9801,78.8223,National Highway,Cloudy,Day,18,Male,Bike,58,Yes,No,No,Drunk Driving,High,6.0
ACC39652,05-04-2023,03:52,Karnataka,Mangaluru,14.9507,76.0179,City Road,Cloudy,Night,25,Male,Auto,36,No,No,No,Signal Jumping,Low,1.0
ACC39653,07-09-2023,00:21,Puducherry,Karaikal,11.7697,79.9983,Village Road,Clear,Night,25,Male,Car,17,No,Yes,No,Drowsy Driving,Low,4.0
ACC39654,15-04-2024,18:32,Kerala,Kozhikode,10.0927,75.6583,Village Road,Clear,Dusk,26,Female,Truck,49,No,No,No,Poor Weather Visibility,Low,1.0
ACC39655,26-11-2024,10:24,Telangana,Karimnagar,17.484,79.2384,Village Road,Overcast,Day,48,Male,Bike,26,No,No,No,Signal Jumping,Low,0.0
ACC39656,04-05-2022,00:18,Telangana,Karimnagar,17.8257,78.7788,Expressway,Clear,Night,34,Male,Bike,79,No,No,No,Over Speeding,High,5.0
ACC39657,16-09-2023,04:19,Kerala,Thrissur,10.5221,76.5243,State Highway,Cloudy,Night,42,Male,Car,60,Yes,No,No,Drunk Driving,Medium,3.0
ACC39658,12-01-2022,15:56,Tamil Nadu,Coimbatore,11.0794,78.7948,Village Road,Foggy,Day,48,Male,Bus,32,No,No,No,Poor Weather Visibility,Low,0.0
ACC39659,15-01-2022,06:29,Karnataka,Bengaluru Urban,15.277,74.9809,State Highway,Cloudy,Day,31,Male,Auto,44,No,No,No,Poor Weather Visibility,Low,
ACC39660,24-03-2022,07:13,Andhra Pradesh,Nellore,15.4261,79.5356,State Highway,Rainy,Day,18,Male,Bike,67,No,No,No,Poor Weather Visibility,Medium,5.0
ACC39661,05-08-2023,17:47,Andhra Pradesh,Kurnool,16.4808,80.5862,State Highway,Rainy,Dusk,47,Male,Bike,67,No,No,No,Poor Weather Visibility,Medium,2.0
ACC39662,23-08-2023,23:26,Karnataka,Bengaluru Urban,14.6468,75.4685,Village Road,Cloudy,Night,24,Male,Bus,36,No,No,No,Poor Weather Visibility,Low,1.0
ACC39663,23-01-2023,06:32,Telangana,Warangal,18.3112,78.8644,City Road,Rainy,Day,18,Male,Bike,55,No,No,No,Poor Weather Visibility,Medium,1.0
ACC39664,24-04-2023,17:53,Tamil Nadu,Coimbatore,11.3427,78.8801,City Road,Overcast,Dusk,29,Male,Bike,49,Yes,Yes,No,Drunk Driving,High,
ACC39665,23-10-2023,08:12,Kerala,Kollam,10.7923,76.6732,National Highway,Cloudy,Day,33,Male,Car,65,No,No,Yes,Pothole/Bad Road,Medium,3.0
ACC39666,11-11-2024,22:34,Puducherry,Puducherry,11.2634,79.613,National Highway,Clear,Night,41,Female,Auto,71,No,No,No,Over Speeding,Medium,4.0
ACC39667,07-02-2024,17:44,Karnataka,Belagavi,15.0796,74.9235,Village Road,Cloudy,Dusk,30,Male,Car,48,Yes,No,No,Drunk Driving,Medium,2.0
ACC39668,12-10-2023,09:36,Telangana,Nizamabad,17.6524,79.4342,Expressway,Rainy,Day,31,Male,Bike,83,No,No,Yes,Poor Weather Visibility,High,2.0
ACC39669,11-07-2022,09:47,Karnataka,Mysuru,15.0142,76.039,City Road,Overcast,Day,35,Female,Bike,55,No,No,Yes,Pothole/Bad Road,Medium,1.0
ACC39670,04-06-2024,00:45,Puducherry,Puducherry,11.3373,80.0675,City Road,Cloudy,Night,19,Male,Bus,46,No,No,Yes,Pothole/Bad Road,Low,2.0
ACC39671,17-07-2023,09:01,Tamil Nadu,Coimbatore,10.9337,78.4942,State Highway,Clear,Day,34,Male,Bike,54,No,No,No,Poor Weather Visibility,Low,1.0
ACC39672,23-01-2023,06:18,Kerala,Kollam,10.0528,76.039,City Road,Overcast,Day,21,Male,Auto,36,No,No,No,Poor Weather Visibility,Low,0.0
ACC39673,03-01-2022,08:55,Telangana,Hyderabad,17.6327,78.8849,National Highway,Clear,Day,30,Male,Bus,54,No,No,Yes,Pothole/Bad Road,Low,1.0
ACC39674,11-07-2023,19:05,Telangana,Warangal,17.1051,78.9776,Village Road,Cloudy,Night,27,Male,Bike,48,Yes,No,No,Drunk Driving,Medium,1.0
ACC39675,05-09-2022,12:05,Tamil Nadu,Madurai,10.959,78.4257,Village Road,Clear,Day,43,Female,Bus,40,No,No,Yes,Pothole/Bad Road,Low,0.0
ACC39676,27-04-2023,08:44,Kerala,Kollam,9.4747,76.5074,Village Road,Clear,Day,31,Male,Car,34,No,No,No,Poor Weather Visibility,Low,2.0
ACC39677,12-05-2023,15:52,Telangana,Khammam,18.2605,78.4838,City Road,Rainy,Day,37,Male,Car,40,No,No,Yes,Poor Weather Visibility,Low,1.0
ACC39678,28-11-2022,12:01,Telangana,Karimnagar,17.6683,78.6823,Village Road,Overcast,Day,46,Male,Bike,36,No,No,No,Poor Weather Visibility,Low,1.0
ACC39679,03-08-2023,16:50,Kerala,Thrissur,10.2888,76.2578,Expressway,Clear,Day,36,Male,Bike,70,No,No,No,Over Speeding,Medium,4.0
ACC39680,12-11-2022,20:50,Karnataka,Hubballi,15.226,75.8361,City Road,Cloudy,Night,29,Male,Bike,73,No,No,No,Over Speeding,Medium,3.0
ACC39681,03-01-2023,17:23,Kerala,Ernakulam,10.3615,76.006,City Road,Clear,Dusk,36,Male,Bus,45,No,No,No,Signal Jumping,Low,0.0
ACC39682,07-01-2024,08:27,Tamil Nadu,Salem,11.9975,78.9466,National Highway,Cloudy,Day,30,Male,Bus,82,No,No,No,Over Speeding,High,3.0
ACC39683,12-08-2023,16:53,Karnataka,Hubballi,16.0677,75.4669,State Highway,Overcast,Day,42,Male,Bus,76,Yes,No,No,Drunk Driving,High,5.0
ACC39684,18-12-2023,07:10,Tamil Nadu,Madurai,10.845,79.0444,National Highway,Clear,Day,49,Male,Car,59,No,No,No,Over Speeding,Low,0.0