Accident_ID,Date,Time,State,District,Latitude,Longitude,Road_Type,Weather,Light_Condition,Driver_Age,Driver_Gender,Vehicle_Type,Speed_kmph,Alcohol_Involved,Driver_Drowsy,Pothole_Involved,Cause_of_Accident,Severity,Casualties
ACC39685,07-08-2022,11:58,Puducherry,Karaikal,11.8265,79.8433,Village Road,Overcast,Day,61,Male,Car,36,No,No,No,Poor Weather Visibility,Low,1.0
ACC39686,21-03-2023,17:19,Telangana,Warangal,17.6974,79.8927,Expressway,Rainy,Dusk,37,Female,Bike,96,No,No,No,Over Speeding,High,5.0
ACC39687,25-07-2022,16:07,Telangana,Karimnagar,17.9848,79.7708,Village Road,Clear,Day,61,Male,Bus,49,No,Yes,No,Drowsy Driving,Low,1.0
ACC39688,28-02-2024,09:54,Tamil Nadu,Coimbatore,11.5166,78.5956,City Road,Cloudy,Day,22,Male,Bike,60,Yes,No,No,Drunk Driving,Medium,3.0
ACC39689,02-04-2024,20:54,Kerala,Ernakulam,10.4293,76.4555,National Highway,Clear,Night,29,Male,Bike,54,No,No,No,Signal Jumping,Medium,2.0
ACC39690,29-11-2024,09:00,Tamil Nadu,Coimbatore,11.4097,78.6702,State Highway,Clear,Day,40,Female,Bike,58,No,No,No,Signal Jumping,Low,1.0
ACC39691,18-08-2022,10:59,Kerala,Kozhikode,9.8985,75.7298,Village Road,Overcast,Day,39,Female,Auto,36,No,No,Yes,Pothole/Bad Road,Low,0.0
ACC39692,26-05-2022,19:22,Kerala,Thrissur,10.4005,76.2435,National Highway,Rainy,Night,53,Male,Bike,74,No,No,No,Poor Weather Visibility,High,8.0
ACC39693,20-06-2024,08:37,Tamil Nadu,Salem,10.992,78.1866,City Road,Cloudy,Day,40,Female,Bus,33,No,No,No,Poor Weather Visibility,Low,
ACC39694,06-07-2023,14:14,Karnataka,Belagavi,15.2759,74.985,Village Road,Rainy,Day,21,Male,Bike,61,No,No,Yes,Poor Weather Visibility,High,6.0
ACC39695,22-03-2022,21:25,Tamil Nadu,Madurai,11.1146,78.7581,State Highway,Foggy,Night,26,Male,Car,81,No,No,No,Poor Weather Visibility,High,3.0
ACC39696,03-04-2023,08:42,Telangana,Khammam,17.7827,79.0704,Expressway,Overcast,Day,34,Male,Auto,91,No,No,No,Over Speeding,High,9.0
ACC39697,28-03-2023,20:41,Karnataka,Belagavi,15.2133,75.605,City Road,Clear,Night,21,Female,Car,42,No,No,No,Signal Jumping,Medium,2.0
ACC39698,18-02-2023,09:09,Andhra Pradesh,Visakhapatnam,16.5957,79.6245,Village Road,Clear,Day,54,Male,Auto,39,No,No,No,Signal Jumping,Low,2.0
ACC39699,05-01-2024,12:34,Karnataka,Hubballi,15.5838,75.9675,City Road,Clear,Day,39,Female,Auto,50,No,No,Yes,Pothole/Bad Road,Low,1.0
ACC39700,27-04-2024,16:38,Tamil Nadu,Coimbatore,11.6778,78.7794,Village Road,Rainy,Day,44,Male,Bike,67,Yes,No,Yes,Poor Weather Visibility,High,3.0
ACC39701,24-05-2022,08:53,Karnataka,Hubballi,14.9853,75.1827,City Road,Clear,Day,21,Male,Bike,60,No,No,No,Signal Jumping,Low,2.0
ACC39702,08-09-2022,18:16,Karnataka,Mangaluru,14.7525,75.3673,City Road,Rainy,Dusk,48,Male,Bike,49,No,No,No,Poor Weather Visibility,Low,1.0
ACC39703,02-02-2024,03:25,Tamil Nadu,Coimbatore,10.9152,79.0856,City Road,Rainy,Night,32,Female,Car,38,Yes,No,No,Poor Weather Visibility,Medium,2.0
ACC39704,17-05-2022,14:20,Kerala,Ernakulam,10.6322,76.8756,State Highway,Rainy,Day,45,Male,Bike,66,No,No,No,Poor Weather Visibility,Medium,2.0
ACC39705,03-04-2024,10:24,Andhra Pradesh,Nellore,15.1463,79.7285,Village Road,Foggy,Day,42,Male,Bike,27,No,No,Yes,Poor Weather Visibility,Medium,3.0
ACC39706,17-09-2022,15:12,Karnataka,Hubballi,15.4251,75.9784,National Highway,Clear,Day,30,Female,Bike,63,No,Yes,No,Drowsy Driving,Medium,5.0
ACC39707,20-11-2024,12:47,Karnataka,Belagavi,15.6544,75.5983,City Road,Clear,Day,52,Male,Car,33,No,No,No,Signal Jumping,Low,2.0
ACC39708,05-08-2022,19:38,Tamil Nadu,Chennai,10.5063,78.2334,National Highway,Cloudy,Night,25,Male,Truck,74,Yes,No,No,Drunk Driving,Medium,
ACC39709,21-10-2023,16:20,Kerala,Thiruvananthapuram,10.2619,76.1819,City Road,Overcast,Day,31,Male,Bike,79,No,No,No,Over Speeding,Medium,2.0
ACC39710,06-11-2023,13:27,Kerala,Kozhikode,10.4813,76.9113,Expressway,Rainy,Day,38,Male,Bike,93,No,No,No,Over Speeding,High,12.0
ACC39711,19-01-2023,22:03,Kerala,Kollam,10.9095,76.7706,Expressway,Clear,Night,36,Male,Auto,83,Yes,No,No,Drunk Driving,High,4.0
ACC39712,09-01-2022,09:42,Andhra Pradesh,Nellore,15.8071,80.341,National Highway,Foggy,Day,38,Female,Auto,79,No,No,Yes,Poor Weather Visibility,High,4.0
ACC39713,07-06-2023,23:47,Tamil Nadu,Tiruchirappalli,10.6447,78.4655,City Road,Rainy,Night,62,Male,Car,57,Yes,No,Yes,Poor Weather Visibility,High,2.0
ACC39714,05-08-2024,09:08,Karnataka,Bengaluru Urban,16.0234,75.6297,State Highway,Overcast,Day,22,Male,Car,61,No,No,No,Signal Jumping,Low,2.0
ACC39715,15-03-2024,18:07,Karnataka,Mangaluru,15.2179,75.8055,Expressway,Rainy,Dusk,46,Male,Bike,68,No,No,Yes,Poor Weather Visibility,High,3.0
ACC39716,06-05-2024,09:26,Tamil Nadu,Tiruchirappalli,10.9613,78.3175,National Highway,Cloudy,Day,28,Male,Bike,47,No,No,No,Signal Jumping,Low,0.0
ACC39717,13-06-2024,15:16,Tamil Nadu,Salem,10.7814,79.0242,Expressway,Clear,Day,36,Male,Car,105,No,Yes,No,Over Speeding,High,6.0
ACC39718,02-12-2022,15:57,Tamil Nadu,Tiruchirappalli,9.7286,77.9568,National Highway,Cloudy,Day,46,Male,Auto,61,No,No,No,Poor Weather Visibility,Low,1.0
ACC39719,03-04-2024,17:11,Telangana,Khammam,17.9703,78.9875,State Highway,Clear,Dusk,22,Male,Car,65,No,No,Yes,Signal Jumping,Low,2.0
ACC39720,06-06-2023,10:02,Tamil Nadu,Madurai,11.1406,78.6662,Village Road,Clear,Day,29,Male,Bike,58,No,No,No,Signal Jumping,Low,1.0
ACC39721,26-03-2024,08:02,Kerala,Thiruvananthapuram,9.5489,76.5683,State Highway,Rainy,Day,24,Male,Car,70,No,No,No,Poor Weather Visibility,Medium,2.0
ACC39722,04-07-2023,06:45,Telangana,Khammam,17.3882,78.9916,State Highway,Rainy,Day,18,Male,Bike,85,No,No,No,Poor Weather Visibility,Medium,4.0
ACC39723,16-09-2024,09:26,Karnataka,Belagavi,14.8542,75.7526,State Highway,Clear,Day,41,Male,Bike,99,Yes,No,No,Over Speeding,High,5.0
ACC39724,18-02-2022,21:43,Telangana,Warangal,18.7504,79.6139,National Highway,Clear,Night,26,Female,Auto,77,Yes,Yes,No,Drunk Driving,High,3.0
ACC39725,27-03-2023,22:15,Karnataka,Hubballi,14.7975,75.6895,State Highway,Clear,Night,47,Female,Car,71,No,No,Yes,Signal Jumping,Medium,3.0
ACC39726,16-01-2024,06:38,Tamil Nadu,Chennai,10.6168,78.7305,Village Road,Cloudy,Day,35,Male,Auto,43,No,No,No,Poor Weather Visibility,Low,1.0
ACC39727,21-06-2023,11:21,Puducherry,Karaikal,12.1385,79.0363,Expressway,Rainy,Day,33,Male,Car,69,No,No,No,Poor Weather Visibility,Medium,4.0
ACC39728,05-04-2024,13:37,Kerala,Thrissur,10.407,76.7603,State Highway,Cloudy,Day,41,Male,Truck,80,Yes,No,Yes,Drunk Driving,High,5.0
ACC39729,09-05-2024,14:09,Karnataka,Mangaluru,15.6312,75.4427,City Road,Rainy,Day,59,Male,Car,46,No,No,Yes,Poor Weather Visibility,Low,0.0
ACC39730,16-08-2022,05:51,Andhra Pradesh,Vijayawada,15.4296,79.0805,City Road,Clear,Dawn,66,Male,Bike,44,No,No,No,Signal Jumping,Low,0.0
ACC39731,10-09-2022,15:18,Karnataka,Mysuru,14.6228,75.5901,Village Road,Rainy,Day,32,Male,Truck,51,Yes,No,No,Poor Weather Visibility,Medium,4.0
ACC39732,25-11-2024,21:10,Tamil Nadu,Madurai,10.5138,78.3133,Village Road,Clear,Night,33,Female,Bike,54,No,No,No,Signal Jumping,Low,2.0
ACC39733,27-11-2022,13:58,Kerala,Thrissur,10.4456,75.4494,Village Road,Clear,Day,50,Female,Auto,56,No,No,No,Signal Jumping,Low,0.0
ACC39734,23-03-2022,07:46,Karnataka,Bengaluru Urban,15.0072,75.7321,Village Road,Clear,Day,38,Male,Bike,45,No,Yes,Yes,Drowsy Driving,Low,0.0
ACC39735,20-09-2023,17:05,Tamil Nadu,Coimbatore,10.8487,78.5141,State Highway,Clear,Dusk,49,Female,Car,45,No,No,No,Signal Jumping,Low,0.0
ACC39736,31-08-2022,09:43,Karnataka,Mangaluru,14.939,75.9515,City Road,Clear,Day,50,Male,Car,43,No,No,No,Signal Jumping,Low,1.0
ACC39737,08-05-2024,10:56,Karnataka,Bengaluru Urban,14.867,75.5996,State Highway,Clear,Day,36,Female,Car,43,No,No,No,Poor Weather Visibility,Low,0.0
ACC39738,10-08-2024,08:13,Karnataka,Mangaluru,15.1691,75.5438,State Highway,Clear,Day,35,Male,Bike,41,No,No,No,Signal Jumping,Low,0.0
ACC39739,18-05-2024,11:49,Andhra Pradesh,Nellore,15.5766,79.5363,State Highway,Overcast,Day,30,Male,Car,67,No,No,No,Poor Weather Visibility,Medium,1.0
ACC39740,14-10-2022,06:51,Tamil Nadu,Salem,11.0793,78.3577,National Highway,Cloudy,Day,19,Male,Car,68,No,No,No,Poor Weather Visibility,Low,0.0
ACC39741,30-03-2024,21:13,Andhra Pradesh,Vijayawada,16.6018,80.328,National Highway,Clear,Night,32,Male,Bike,63,No,No,No,Signal Jumping,Medium,0.0
ACC39742,30-05-2024,12:52,Puducherry,Puducherry,11.8012,79.1665,State Highway,Overcast,Day,32,Male,Bike,45,No,No,No,Poor Weather Visibility,Low,0.0
ACC39743,16-05-2023,12:06,Andhra Pradesh,Vijayawada,16.4429,79.6272,National Highway,Cloudy,Day,36,Male,Bike,76,No,No,No,Over Speeding,Medium,6.0
ACC39744,10-10-2022,22:35,Andhra Pradesh,Guntur,15.8661,79.6644,National Highway,Rainy,Night,41,Female,Bike,83,No,No,Yes,Poor Weather Visibility,High,7.0
ACC39745,11-09-2022,22:31,Kerala,Kollam,10.6504,76.3049,Expressway,Clear,Night,37,Female,Truck,75,No,Yes,No,Drowsy Driving,High,12.0
ACC39746,13-11-2024,20:20,Karnataka,Hubballi,15.7636,76.3578,Village Road,Overcast,Night,57,Female,Car,25,No,No,No,Poor Weather Visibility,Low,0.0
ACC39747,15-04-2022,21:33,Kerala,Thiruvananthapuram,10.4084,76.7193,State Highway,Foggy,Night,42,Female,Auto,64,No,No,No,Poor Weather Visibility,Medium,1.0
ACC39748,12-11-2023,22:31,Andhra Pradesh,Vijayawada,16.3675,79.5491,City Road,Overcast,Night,32,Male,Auto,57,Yes,No,No,Drunk Driving,Medium,2.0
ACC39749,10-05-2022,13:50,Karnataka,Hubballi,15.6009,75.8277,City Road,Cloudy,Day,23,Male,Bike,30,No,No,No,Poor Weather Visibility,Low,1.0
ACC39750,07-09-2024,18:16,Andhra Pradesh,Visakhapatnam,15.8746,79.336,National Highway,Clear,Dusk,50,Male,Bike,64,No,No,No,Over Speeding,Low,1.0
ACC39751,28-01-2023,06:46,Telangana,Nizamabad,18.3157,78.7691,National Highway,Rainy,Day,25,Male,Bus,76,No,No,No,Poor Weather Visibility,High,6.0
ACC39752,08-04-2024,09:50,Karnataka,Hubballi,14.9245,75.3708,Village Road,Rainy,Day,40,Male,Bike,38,No,No,Yes,Poor Weather Visibility,Low,0.0
ACC39753,04-01-2023,18:38,Telangana,Nizamabad,17.7505,79.2313,City Road,Cloudy,Dusk,18,Male,Bus,62,No,Yes,No,Drowsy Driving,Low,2.0
ACC39754,19-10-2024,15:51,Karnataka,Belagavi,15.4941,75.7378,National Highway,Clear,Day,28,Male,Car,59,No,No,No,Signal Jumping,Low,3.0
ACC39755,19-05-2022,23:46,Tamil Nadu,Tiruchirappalli,10.8797,78.4208,State Highway,Overcast,Night,29,Female,Car,90,Yes,No,No,Over Speeding,High,6.0
ACC39756,19-02-2024,13:44,Puducherry,Karaikal,11.8585,78.7277,Expressway,Overcast,Day,32,Male,Bike,92,No,No,No,Over Speeding,High,5.0
ACC39757,01-02-2023,18:35,Kerala,Kollam,10.2909,75.5683,State Highway,Clear,Dusk,41,Male,Car,67,No,No,No,Over Speeding,Medium,3.0
ACC39758,04-04-2022,09:13,Andhra Pradesh,Visakhapatnam,16.2245,80.1548,City Road,Clear,Day,18,Male,Bike,47,No,No,No,Signal Jumping,Low,2.0
ACC39759,24-08-2023,10:12,Telangana,Nizamabad,18.1948,78.944,City Road,Clear,Day,18,Male,Car,30,No,No,No,Signal Jumping,Low,2.0
ACC39760,31-05-2024,14:36,Telangana,Nizamabad,17.3452,79.1238,Village Road,Cloudy,Day,39,Male,Bike,48,Yes,No,Yes,Drunk Driving,Medium,3.0
ACC39761,20-07-2023,22:26,Karnataka,Bengaluru Urban,15.5075,76.4532,Village Road,Rainy,Night,37,Male,Bus,58,Yes,Yes,No,Poor Weather Visibility,High,1.0
ACC39762,04-05-2022,01:33,Andhra Pradesh,Visakhapatnam,15.8013,79.7702,National Highway,Overcast,Night,49,Female,Bus,90,No,No,No,Over Speeding,Medium,6.0
ACC39763,02-09-2023,21:42,Tamil Nadu,Salem,11.5487,78.7125,City Road,Clear,Night,47,Male,Bus,54,No,No,Yes,Pothole/Bad Road,Medium,1.0
ACC39764,05-04-2022,01:26,Karnataka,Hubballi,15.6093,75.7965,Village Road,Cloudy,Night,32,Female,Bike,44,Yes,No,Yes,Drunk Driving,Medium,0.0
ACC39765,09-08-2023,00:10,Tamil Nadu,Coimbatore,11.3704,78.478,State Highway,Rainy,Night,36,Male,Bus,47,No,No,No,Poor Weather Visibility,Low,1.0
ACC39766,15-09-2022,14:59,Andhra Pradesh,Vijayawada,15.4036,79.0676,Village Road,Clear,Day,46,Male,Bike,34,No,No,No,Poor Weather Visibility,Low,
ACC39767,27-09-2022,10:28,Tamil Nadu,Salem,10.5081,78.8914,National Highway,Clear,Day,18,Male,Car,56,No,No,No,Poor Weather Visibility,Low,0.0
ACC39768,04-05-2024,18:19,Karnataka,Hubballi,15.6594,75.1798,Expressway,Overcast,Dusk,27,Male,Car,75,No,No,No,Over Speeding,Medium,1.0
ACC39769,30-08-2023,07:53,Tamil Nadu,Salem,11.1419,79.2166,National Highway,Clear,Day,43,Male,Auto,66,No,No,Yes,Pothole/Bad Road,Medium,1.0
ACC39770,04-06-2022,22:09,Telangana,Khammam,17.2109,78.8871,National Highway,Rainy,Night,32,Female,Bike,70,No,No,No,Poor Weather Visibility,Medium,0.0
ACC39771,11-03-2022,23:32,Andhra Pradesh,Visakhapatnam,15.6733,80.0913,State Highway,Overcast,Night,32,Male,Bus,55,No,No,No,Poor Weather Visibility,Low,3.0
ACC39772,25-01-2024,00:37,Telangana,Warangal,18.0714,79.089,Expressway,Rainy,Night,18,Male,Car,106,Yes,No,No,Over Speeding,High,7.0
ACC39773,21-09-2023,03:29,Tamil Nadu,Tiruchirappalli,11.5676,78.3845,State Highway,Cloudy,Night,30,Male,Truck,59,No,No,No,Poor Weather Visibility,Low,0.0
ACC39774,20-02-2023,07:04,Andhra Pradesh,Vijayawada,16.3128,79.8156,State Highway,Cloudy,Day,40,Male,Bike,61,No,No,No,Poor Weather Visibility,Medium,3.0
ACC39775,06-08-2023,22:06,Karnataka,Hubballi,15.2884,76.3824,City Road,Clear,Night,35,Male,Bike,42,No,No,Yes,Pothole/Bad Road,Low,3.0
ACC39776,04-04-2022,18:44,Telangana,Nizamabad,17.4929,79.0018,City Road,Rainy,Dusk,31,Male,Car,59,No,No,No,Poor Weather Visibility,Low,0.0
ACC39777,21-02-2022,20:49,Tamil Nadu,Coimbatore,11.4882,78.4743,City Road,Rainy,Night,28,Male,Bike,44,No,No,No,Poor Weather Visibility,Low,1.0
ACC39778,17-11-2022,22:46,Andhra Pradesh,Guntur,16.1431,79.4999,State Highway,Clear,Night,44,Male,Bike,64,No,No,No,Signal Jumping,Medium,1.0
ACC39779,29-09-2023,15:46,Telangana,Hyderabad,18.1254,79.9707,City Road,Cloudy,Day,18,Male,Auto,61,No,No,Yes,Pothole/Bad Road,Medium,1.0
ACC39780,26-01-2022,15:11,Andhra Pradesh,Nellore,16.2992,79.3772,City Road,Rainy,Day,52,Male,Bike,37,No,No,No,Poor Weather Visibility,Low,1.0
ACC39781,14-09-2022,07:52,Andhra Pradesh,Kurnool,15.9565,79.3343,City Road,Clear,Day,46,Male,Truck,57,No,No,Yes,Pothole/Bad Road,Low,1.0
ACC39782,23-11-2023,18:33,Tamil Nadu,Salem,10.5987,79.0226,Village Road,Cloudy,Dusk,39,Female,Truck,62,No,Yes,Yes,Drowsy Driving,Medium,1.0
ACC39783,22-02-2022,16:13,Kerala,Kozhikode,10.7983,76.1933,City Road,Clear,Day,38,Male,Bike,41,No,No,No,Signal Jumping,Low,0.0
ACC39784,09-04-2022,19:00,Andhra Pradesh,Visakhapatnam,15.6752,79.0674,State Highway,Clear,Night,28,Female,Truck,94,Yes,No,No,Over Speeding,High,1.0
ACC39785,15-05-2022,15:28,Karnataka,Hubballi,15.2099,75.6441,National Highway,Rainy,Day,18,Male,Car,79,No,No,No,Poor Weather Visibility,Medium,0.0
ACC39786,07-07-2024,15:39,Telangana,Warangal,18.2049,78.7017,State Highway,Clear,Day,39,Male,Bike,53,No,No,No,Signal Jumping,Low,2.0
ACC39787,21-12-2023,08:16,Karnataka,Mangaluru,15.7142,75.2098,City Road,Cloudy,Day,25,Male,Car,43,No,No,Yes,Pothole/Bad Road,Low,1.0
ACC39788,05-02-2023,19:58,Karnataka,Mysuru,15.3914,76.0534,National Highway,Cloudy,Night,48,Male,Bike,78,No,No,No,Over Speeding,High,9.0
ACC39789,11-07-2024,20:55,Telangana,Nizamabad,18.3165,78.7743,City Road,Cloudy,Night,23,Female,Bike,80,Yes,Yes,No,Drunk Driving,High,8.0
ACC39790,07-01-2023,02:31,Karnataka,Mangaluru,14.8191,75.45,City Road,Clear,Night,44,Male,Car,54,No,No,No,Signal Jumping,Low,5.0
ACC39791,01-08-2023,17:54,Kerala,Kollam,9.9884,76.8493,Village Road,Overcast,Dusk,39,Male,Car,54,No,No,Yes,Pothole/Bad Road,Low,1.0
ACC39792,30-05-2022,19:37,Andhra Pradesh,Vijayawada,15.8627,79.7977,Village Road,Cloudy,Night,28,Male,Bike,65,No,Yes,No,Drowsy Driving,High,10.0
ACC39793,13-03-2022,20:20,Telangana,Nizamabad,18.1261,78.9706,National Highway,Overcast,Night,38,Male,Auto,73,No,Yes,No,Drowsy Driving,High,4.0
ACC39794,29-01-2024,15:12,Tamil Nadu,Madurai,11.4175,78.9224,National Highway,Clear,Day,37,Female,Bike,53,No,No,No,Poor Weather Visibility,Low,0.0
ACC39795,17-01-2024,17:50,Karnataka,Belagavi,15.367,75.3056,City Road,Overcast,Dusk,53,Male,Truck,29,No,No,No,Poor Weather Visibility,Low,0.0
ACC39796,11-05-2024,16:59,Karnataka,Hubballi,15.3813,75.5292,Village Road,Rainy,Day,32,Male,Bike,37,No,Yes,No,Poor Weather Visibility,Low,0.0
ACC39797,25-04-2023,06:17,Karnataka,Mysuru,15.1798,75.4411,National Highway,Clear,Day,44,Female,Bike,77,No,No,No,Over Speeding,Medium,4.0
ACC39798,26-02-2022,20:54,Tamil Nadu,Salem,10.8961,78.4151,State Highway,Cloudy,Night,50,Male,Bike,72,No,No,No,Poor Weather Visibility,Medium,6.0
ACC39799,08-12-2023,12:07,Telangana,Hyderabad,17.4252,79.4772,National Highway,Cloudy,Day,29,Male,Car,55,No,No,No,Poor Weather Visibility,Low,0.0
ACC39800,08-11-2022,16:05,Karnataka,Mysuru,15.652,76.2753,Village Road,Rainy,Day,35,Male,Bike,23,No,No,Yes,Poor Weather Visibility,Low,3.0
ACC39801,09-06-2022,20:24,Tamil Nadu,Coimbatore,11.4278,78.099,National Highway,Rainy,Night,45,Female,Bike,95,Yes,No,No,Over Speeding,High,6.0
ACC39802,15-03-2024,18:46,Kerala,Thrissur,10.6927,76.2428,City Road,Clear,Dusk,21,Male,Truck,52,No,No,Yes,Pothole/Bad Road,Medium,2.0
ACC39803,16-12-2022,20:45,Telangana,Hyderabad,17.8637,78.7507,Village Road,Cloudy,Night,18,Female,Auto,53,No,No,Yes,Pothole/Bad Road,Medium,4.0
ACC39804,21-03-2024,16:50,Tamil Nadu,Salem,11.8697,78.762,City Road,Clear,Day,38,Male,Bike,84,Yes,No,No,Drunk Driving,High,1.0
ACC39805,15-09-2023,18:17,Tamil Nadu,Madurai,10.8396,78.6583,National Highway,Rainy,Dusk,46,Male,Car,74,No,No,No,Poor Weather Visibility,High,9.0
ACC39806,22-06-2024,08:30,Telangana,Karimnagar,17.8143,79.1075,City Road,Rainy,Day,53,Male,Truck,78,No,No,Yes,Poor Weather Visibility,Medium,1.0
ACC39807,14-08-2024,02:35,Karnataka,Bengaluru Urban,15.9342,76.3294,Village Road,Clear,Night,30,Male,Bike,31,No,No,No,Poor Weather Visibility,Low,3.0
ACC39808,24-02-2022,17:13,Telangana,Nizamabad,17.7888,78.9201,National Highway,Cloudy,Dusk,33,Male,Truck,78,No,Yes,No,Drowsy Driving,Medium,4.0
ACC39809,09-04-2022,16:47,Tamil Nadu,Tiruchirappalli,10.7064,78.6571,National Highway,Cloudy,Day,18,Male,Car,53,No,No,No,Poor Weather Visibility,Medium,3.0
ACC39810,13-03-2024,11:05,Tamil Nadu,Coimbatore,10.9709,78.4542,Village Road,Clear,Day,41,Male,Car,42,No,No,No,Poor Weather Visibility,Low,0.0
ACC39811,21-06-2022,13:58,Telangana,Nizamabad,17.3311,78.8869,State Highway,Cloudy,Day,48,Male,Car,67,No,No,Yes,Pothole/Bad Road,Medium,4.0
ACC39812,29-10-2022,12:03,Karnataka,Hubballi,15.243,75.6059,City Road,Clear,Day,34,Female,Bus,66,Yes,Yes,No,Drunk Driving,High,4.0
ACC39813,03-07-2024,17:11,Tamil Nadu,Madurai,11.434,78.8888,Expressway,Overcast,Dusk,25,Male,Bus,89,Yes,Yes,No,Over Speeding,High,5.0
ACC39814,21-09-2023,19:43,Karnataka,Hubballi,15.4263,76.3907,Village Road,Clear,Night,25,Male,Car,43,No,No,No,Signal Jumping,Low,0.0
ACC39815,18-03-2023,23:56,Telangana,Warangal,18.1381,79.2528,State Highway,Clear,Night,38,Female,Truck,72,No,No,Yes,Pothole/Bad Road,Medium,4.0
ACC39816,29-11-2023,11:36,Telangana,Nizamabad,18.1103,79.2155,City Road,Clear,Day,51,Male,Bike,54,No,No,No,Signal Jumping,Low,
ACC39817,22-01-2024,21:16,Karnataka,Mangaluru,16.1937,75.5173,National Highway,Cloudy,Night,33,Male,Bus,77,No,No,No,Over Speeding,Medium,5.0
ACC39818,05-11-2022,13:12,Karnataka,Mysuru,15.1289,75.6489,City Road,Rainy,Day,57,Male,Bike,44,No,No,No,Poor Weather Visibility,Low,0.0
ACC39819,25-05-2024,12:51,Telangana,Karimnagar,17.6618,78.7553,National Highway,Clear,Day,48,Male,Bike,54,No,Yes,No,Drowsy Driving,High,4.0
ACC39820,17-03-2023,23:54,Kerala,Thiruvananthapuram,11.1155,76.4974,State Highway,Rainy,Night,35,Male,Bike,74,Yes,No,Yes,Poor Weather Visibility,High,9.0
ACC39821,06-07-2022,14:45,Andhra Pradesh,Vijayawada,16.1949,79.0715,National Highway,Rainy,Day,67,Male,Bike,81,No,No,No,Poor Weather Visibility,High,8.0
ACC39822,25-02-2022,19:31,Telangana,Khammam,18.2938,79.6949,Expressway,Cloudy,Night,61,Male,Bike,56,No,No,No,Poor Weather Visibility,Low,0.0
ACC39823,06-04-2024,16:00,Telangana,Khammam,17.57,78.5391,Expressway,Clear,Day,28,Male,Auto,60,No,No,No,Signal Jumping,Low,0.0
ACC39824,24-12-2022,19:12,Tamil Nadu,Tiruchirappalli,10.5591,78.0134,State Highway,Clear,Night,36,Male,Bike,66,Yes,No,No,Drunk Driving,Medium,5.0
ACC39825,23-11-2023,19:04,Telangana,Khammam,17.5586,79.6074,Village Road,Clear,Night,31,Male,Car,41,No,No,Yes,Pothole/Bad Road,Low,0.0
ACC39826,03-12-2022,23:19,Andhra Pradesh,Visakhapatnam,15.7227,79.9899,State Highway,Overcast,Night,34,Female,Bus,92,Yes,Yes,Yes,Over Speeding,High,5.0
ACC39827,27-05-2023,10:49,Telangana,Warangal,17.9132,78.8544,City Road,Cloudy,Day,49,Female,Bike,36,No,No,No,Poor Weather Visibility,Low,0.0
ACC39828,30-04-2023,08:03,Tamil Nadu,Madurai,10.7147,79.3113,Village Road,Clear,Day,52,Male,Car,52,No,No,No,Signal Jumping,Low,2.0
ACC39829,07-02-2024,08:24,Tamil Nadu,Chennai,11.2225,79.2611,City Road,Cloudy,Day,37,Male,Bike,50,No,No,No,Poor Weather Visibility,Low,0.0
ACC39830,01-02-2023,05:34,Tamil Nadu,Chennai,11.7193,78.9948,Expressway,Cloudy,Dawn,40,Male,Bus,70,No,No,Yes,Pothole/Bad Road,Medium,2.0
ACC39831,17-02-2022,09:09,Telangana,Karimnagar,17.5633,79.6587,Village Road,Cloudy,Day,49,Male,Bike,44,No,Yes,No,Drowsy Driving,Low,1.0
ACC39832,14-02-2023,07:03,Kerala,Kollam,10.6339,75.7636,City Road,Cloudy,Day,49,Male,Bike,49,No,No,Yes,Pothole/Bad Road,Low,2.0
ACC39833,02-01-2024,14:58,Andhra Pradesh,Vijayawada,15.645,79.7321,State Highway,Clear,Day,39,Male,Bike,66,No,No,No,Over Speeding,Low,0.0
ACC39834,31-07-2024,20:43,Tamil Nadu,Coimbatore,10.7439,78.798,State Highway,Cloudy,Night,18,Male,Auto,53,No,No,Yes,Pothole/Bad Road,High,8.0
ACC39835,15-01-2022,14:27,Tamil Nadu,Madurai,11.0311,79.1586,State Highway,Rainy,Day,48,Male,Truck,43,No,No,Yes,Poor Weather Visibility,Low,0.0
ACC39836,28-06-2023,08:19,Karnataka,Mangaluru,15.3908,76.1082,Village Road,Clear,Day,29,Female,Car,37,No,No,No,Signal Jumping,Low,1.0
ACC39837,26-11-2022,22:54,Tamil Nadu,Coimbatore,11.2943,78.5805,Village Road,Rainy,Night,63,Male,Bike,55,Yes,No,Yes,Poor Weather Visibility,High,8.0
ACC39838,14-11-2023,15:49,Karnataka,Mysuru,14.5621,75.8631,Expressway,Cloudy,Day,19,Male,Bike,99,Yes,No,No,Over Speeding,High,9.0
ACC39839,12-03-2024,09:01,Tamil Nadu,Salem,11.0028,78.7743,City Road,Cloudy,Day,24,Male,Car,52,No,No,No,Poor Weather Visibility,Low,0.0
ACC39840,14-04-2024,15:37,Karnataka,Mysuru,15.5001,75.5073,City Road,Cloudy,Day,46,Male,Car,77,Yes,No,No,Drunk Driving,Medium,6.0
ACC39841,04-10-2022,15:17,Karnataka,Belagavi,15.2317,76.0004,Village Road,Clear,Day,42,Male,Car,54,No,No,No,Poor Weather Visibility,Low,1.0