Accident_ID,Date,Time,State,District,Latitude,Longitude,Road_Type,Weather,Light_Condition,Driver_Age,Driver_Gender,Vehicle_Type,Speed_kmph,Alcohol_Involved,Driver_Drowsy,Pothole_Involved,Cause_of_Accident,Severity,Casualties
ACC39842,21-02-2023,18:25,Andhra Pradesh,Nellore,15.7036,79.8004,City Road,Rainy,Dusk,52,Male,Bike,48,No,No,No,Poor Weather Visibility,Medium,2.0
ACC39843,05-07-2024,16:05,Karnataka,Mysuru,15.8192,76.4502,Village Road,Overcast,Day,18,Male,Car,35,No,No,No,Poor Weather Visibility,Low,0.0
ACC39844,02-10-2023,21:06,Puducherry,Puducherry,12.9998,79.6232,Expressway,Overcast,Night,22,Male,Bus,74,No,No,No,Over Speeding,High,3.0
ACC39845,19-08-2024,11:29,Karnataka,Hubballi,15.8031,75.1057,National Highway,Clear,Day,49,Female,Auto,57,Yes,No,No,Drunk Driving,Medium,0.0
ACC39846,01-04-2023,20:07,Andhra Pradesh,Visakhapatnam,15.4892,79.4138,Village Road,Clear,Night,42,Female,Car,45,No,Yes,Yes,Drowsy Driving,Low,0.0
ACC39847,06-06-2024,19:18,Kerala,Thrissur,10.7606,75.9802,City Road,Clear,Night,38,Female,Bus,80,Yes,Yes,No,Drunk Driving,High,11.0
ACC39848,05-04-2022,01:26,Tamil Nadu,Salem,10.8568,78.9202,City Road,Clear,Night,45,Male,Car,29,No,Yes,No,Drowsy Driving,Low,0.0
ACC39849,21-11-2022,14:57,Puducherry,Puducherry,12.5166,79.2596,National Highway,Clear,Day,20,Female,Bike,77,Yes,Yes,No,Drunk Driving,High,2.0
ACC39850,18-04-2023,02:58,Karnataka,Mysuru,16.0039,75.4987,City Road,Cloudy,Night,27,Male,Bike,45,No,No,No,Poor Weather Visibility,Low,0.0
ACC39851,07-06-2024,21:19,Telangana,Warangal,18.2162,78.552,City Road,Clear,Night,18,Male,Auto,52,No,No,Yes,Pothole/Bad Road,Medium,2.0
ACC39852,03-09-2024,05:47,Kerala,Kollam,10.4881,75.7749,State Highway,Rainy,Dawn,27,Male,Bike,56,No,No,No,Poor Weather Visibility,Medium,1.0
ACC39853,05-06-2023,20:59,Tamil Nadu,Coimbatore,11.1222,78.875,Expressway,Rainy,Night,20,Male,Car,96,No,No,No,Over Speeding,High,5.0
ACC39854,14-11-2022,15:40,Karnataka,Mangaluru,15.9356,74.6841,National Highway,Cloudy,Day,27,Female,Truck,75,No,No,No,Over Speeding,Low,3.0
ACC39855,22-06-2023,19:28,Tamil Nadu,Coimbatore,11.3685,78.1092,National Highway,Foggy,Night,51,Male,Bike,52,No,No,No,Poor Weather Visibility,Medium,0.0
ACC39856,14-07-2024,04:07,Karnataka,Belagavi,14.9797,74.9707,Expressway,Rainy,Night,39,Female,Bike,87,Yes,No,No,Poor Weather Visibility,High,7.0
ACC39857,29-05-2022,16:21,Kerala,Ernakulam,10.6489,76.071,City Road,Clear,Day,60,Male,Bike,33,No,No,No,Signal Jumping,Low,0.0
ACC39858,27-01-2022,16:40,Andhra Pradesh,Guntur,15.7642,79.3535,Expressway,Clear,Day,45,Female,Truck,70,No,No,No,Signal Jumping,Medium,2.0
ACC39859,27-04-2024,20:41,Andhra Pradesh,Nellore,17.1314,79.569,State Highway,Cloudy,Night,52,Male,Car,32,No,No,No,Poor Weather Visibility,Low,0.0
ACC39860,26-05-2022,06:24,Telangana,Hyderabad,18.2581,78.9557,State Highway,Overcast,Day,18,Male,Car,74,No,Yes,No,Drowsy Driving,Medium,1.0
ACC39861,27-03-2024,15:27,Kerala,Kollam,10.1251,76.4778,City Road,Clear,Day,57,Female,Car,62,No,No,No,Over Speeding,Medium,2.0
ACC39862,22-06-2022,12:01,Tamil Nadu,Coimbatore,10.8489,78.6098,Village Road,Cloudy,Day,40,Male,Bike,45,Yes,No,No,Drunk Driving,Medium,2.0
ACC39863,14-06-2022,20:45,Andhra Pradesh,Vijayawada,15.9555,80.5938,City Road,Rainy,Night,18,Male,Truck,83,Yes,No,No,Poor Weather Visibility,High,5.0
ACC39864,26-12-2022,20:27,Andhra Pradesh,Kurnool,16.2486,80.2554,Expressway,Cloudy,Night,27,Male,Bike,71,No,No,No,Poor Weather Visibility,Medium,5.0
ACC39865,20-05-2024,00:14,Telangana,Hyderabad,18.453,78.8581,City Road,Clear,Night,31,Male,Bike,65,Yes,No,No,Drunk Driving,Medium,2.0
ACC39866,20-04-2024,07:25,Tamil Nadu,Salem,10.7571,78.8896,City Road,Clear,Day,36,Male,Bus,56,No,No,No,Signal Jumping,Low,1.0
ACC39867,17-07-2022,09:16,Karnataka,Bengaluru Urban,14.8798,75.9711,State Highway,Clear,Day,36,Female,Car,74,No,Yes,Yes,Drowsy Driving,Medium,2.0
ACC39868,21-12-2023,06:03,Telangana,Hyderabad,17.7515,78.7989,National Highway,Rainy,Day,50,Male,Auto,82,No,No,No,Poor Weather Visibility,Medium,5.0
ACC39869,08-07-2024,17:34,Karnataka,Mysuru,15.4623,75.4305,National Highway,Clear,Dusk,41,Male,Auto,68,No,No,Yes,Pothole/Bad Road,Medium,1.0
ACC39870,16-03-2022,13:13,Tamil Nadu,Coimbatore,11.537,77.9855,National Highway,Clear,Day,53,Female,Bike,73,No,No,No,Signal Jumping,Low,0.0
ACC39871,09-02-2022,08:01,Puducherry,Puducherry,11.9473,79.7846,Village Road,Clear,Day,38,Male,Bike,31,No,No,Yes,Pothole/Bad Road,Low,0.0
ACC39872,16-10-2024,19:50,Karnataka,Hubballi,15.141,74.7137,Expressway,Overcast,Night,31,Female,Truck,67,No,Yes,Yes,Drowsy Driving,High,6.0
ACC39873,05-11-2023,07:23,Telangana,Khammam,17.8613,78.5925,City Road,Cloudy,Day,30,Male,Bike,53,No,No,No,Poor Weather Visibility,Medium,4.0
ACC39874,04-06-2023,17:00,Karnataka,Mangaluru,15.2748,75.1695,Expressway,Cloudy,Dusk,31,Female,Bike,94,No,No,No,Over Speeding,High,6.0
ACC39875,19-05-2022,15:55,Telangana,Khammam,18.1567,78.8247,State Highway,Clear,Day,35,Male,Bike,49,No,No,No,Signal Jumping,Low,4.0
ACC39876,21-01-2024,16:55,Tamil Nadu,Chennai,11.6692,78.2992,National Highway,Clear,Day,59,Male,Bike,62,No,No,No,Signal Jumping,Low,0.0
ACC39877,19-03-2024,18:05,Karnataka,Mysuru,15.4368,75.3931,Village Road,Rainy,Dusk,56,Male,Bus,35,No,No,No,Poor Weather Visibility,Low,1.0
ACC39878,22-04-2024,16:04,Kerala,Ernakulam,9.9038,76.3517,State Highway,Cloudy,Day,32,Male,Car,90,Yes,Yes,No,Over Speeding,High,4.0
ACC39879,03-02-2023,09:36,Tamil Nadu,Salem,11.653,78.9191,City Road,Clear,Day,55,Male,Car,57,No,Yes,No,Drowsy Driving,Medium,5.0
ACC39880,16-06-2023,18:38,Karnataka,Mangaluru,16.0916,76.0237,City Road,Rainy,Dusk,27,Male,Bike,54,No,No,No,Poor Weather Visibility,Medium,0.0
ACC39881,09-02-2023,08:56,Telangana,Warangal,17.8839,78.8526,Village Road,Clear,Day,54,Male,Bus,54,No,No,No,Poor Weather Visibility,Low,0.0
ACC39882,29-12-2024,10:48,Kerala,Thiruvananthapuram,9.8031,76.5851,City Road,Clear,Day,33,Male,Bike,50,No,No,No,Signal Jumping,Low,0.0
ACC39883,25-05-2022,01:34,Kerala,Ernakulam,10.164,75.9159,State Highway,Clear,Night,59,Male,Bike,76,Yes,No,No,Drunk Driving,High,10.0
ACC39884,26-12-2022,08:46,Tamil Nadu,Tiruchirappalli,11.5045,79.3502,National Highway,Clear,Day,24,Male,Bike,87,No,No,No,Over Speeding,Medium,3.0
ACC39885,29-11-2022,15:09,Telangana,Warangal,17.3195,78.7412,City Road,Cloudy,Day,49,Male,Bus,26,No,No,No,Poor Weather Visibility,Low,0.0
ACC39886,17-05-2024,12:20,Tamil Nadu,Tiruchirappalli,11.0644,78.6663,Village Road,Clear,Day,18,Male,Truck,26,No,No,No,Signal Jumping,Low,1.0
ACC39887,08-02-2023,17:37,Telangana,Warangal,17.8882,79.3342,City Road,Rainy,Dusk,53,Female,Auto,46,No,No,No,Poor Weather Visibility,Low,1.0
ACC39888,10-11-2024,12:04,Tamil Nadu,Tiruchirappalli,10.6265,78.3543,Village Road,Overcast,Day,18,Male,Car,39,No,Yes,Yes,Drowsy Driving,Medium,2.0
ACC39889,14-11-2022,06:41,Telangana,Warangal,18.0086,79.6221,National Highway,Clear,Day,25,Male,Car,68,No,No,No,Over Speeding,Low,2.0
ACC39890,21-04-2023,19:50,Kerala,Kollam,10.5072,75.8613,State Highway,Overcast,Night,18,Male,Bike,73,No,No,No,Over Speeding,Medium,2.0
ACC39891,11-05-2023,05:09,Telangana,Karimnagar,17.8877,78.8929,National Highway,Clear,Dawn,30,Male,Car,73,No,No,No,Over Speeding,Low,3.0
ACC39892,09-02-2023,01:15,Puducherry,Puducherry,12.2985,79.4592,State Highway,Clear,Night,21,Female,Bus,56,No,No,Yes,Pothole/Bad Road,Medium,2.0
ACC39893,20-12-2023,07:57,Andhra Pradesh,Nellore,15.6363,79.601,City Road,Clear,Day,21,Male,Bike,53,No,No,Yes,Pothole/Bad Road,Medium,
ACC39894,29-04-2023,18:59,Puducherry,Puducherry,12.1278,80.4465,City Road,Clear,Dusk,38,Female,Bike,58,No,No,No,Signal Jumping,Low,2.0
ACC39895,06-09-2023,23:03,Telangana,Warangal,17.9986,78.7649,State Highway,Overcast,Night,43,Male,Car,48,No,No,No,Poor Weather Visibility,Low,0.0
ACC39896,04-06-2022,06:48,Tamil Nadu,Madurai,11.683,79.0952,Village Road,Cloudy,Day,19,Male,Car,46,No,No,Yes,Pothole/Bad Road,Medium,1.0
ACC39897,03-08-2023,23:38,Andhra Pradesh,Guntur,15.6525,79.5357,State Highway,Cloudy,Night,50,Male,Auto,74,Yes,No,No,Drunk Driving,High,4.0
ACC39898,12-10-2024,11:03,Telangana,Karimnagar,17.9591,78.9425,Village Road,Cloudy,Day,57,Female,Car,44,No,No,No,Signal Jumping,Low,0.0
ACC39899,09-09-2024,15:55,Andhra Pradesh,Visakhapatnam,15.8194,79.6884,City Road,Overcast,Day,39,Male,Bike,48,No,No,Yes,Pothole/Bad Road,Low,1.0
ACC39900,18-05-2023,14:21,Tamil Nadu,Coimbatore,11.0694,78.7251,Village Road,Overcast,Day,26,Male,Auto,24,No,No,No,Poor Weather Visibility,Low,
ACC39901,20-10-2024,18:30,Karnataka,Bengaluru Urban,15.2685,75.1875,Village Road,Clear,Dusk,35,Male,Car,15,No,No,No,Poor Weather Visibility,Low,1.0
ACC39902,06-10-2022,08:17,Karnataka,Hubballi,15.2454,75.8749,City Road,Foggy,Day,40,Male,Truck,38,No,Yes,No,Poor Weather Visibility,Low,1.0
ACC39903,21-02-2022,23:39,Kerala,Thiruvananthapuram,10.3406,76.0756,National Highway,Clear,Night,40,Male,Bike,87,No,Yes,No,Over Speeding,High,11.0
ACC39904,07-08-2022,09:27,Karnataka,Bengaluru Urban,15.7572,76.236,National Highway,Cloudy,Day,32,Male,Bike,73,Yes,Yes,No,Drunk Driving,Medium,1.0
ACC39905,11-02-2023,17:21,Karnataka,Mangaluru,16.0697,75.5828,Expressway,Overcast,Dusk,19,Male,Auto,75,No,No,No,Over Speeding,Medium,2.0
ACC39906,18-05-2023,15:25,Telangana,Khammam,17.59,79.2558,National Highway,Rainy,Day,28,Male,Bus,70,No,No,No,Poor Weather Visibility,Medium,5.0
ACC39907,11-03-2023,16:01,Puducherry,Puducherry,11.2342,79.3897,City Road,Foggy,Day,39,Female,Bike,42,No,No,No,Poor Weather Visibility,Low,
ACC39908,23-10-2022,17:30,Telangana,Warangal,17.6855,79.3247,State Highway,Clear,Dusk,32,Male,Bike,67,No,No,Yes,Pothole/Bad Road,Medium,6.0
ACC39909,22-06-2023,21:17,Karnataka,Bengaluru Urban,15.0596,75.9762,Village Road,Overcast,Night,31,Male,Car,56,Yes,No,No,Drunk Driving,High,3.0
ACC39910,05-08-2022,18:11,Telangana,Khammam,17.6928,79.4692,State Highway,Clear,Dusk,37,Male,Car,90,No,No,No,Over Speeding,Medium,1.0
ACC39911,26-01-2024,20:18,Tamil Nadu,Salem,11.0108,77.9325,National Highway,Clear,Night,27,Male,Bus,83,No,Yes,No,Over Speeding,High,3.0
ACC39912,20-09-2023,14:30,Tamil Nadu,Salem,11.331,78.9212,Village Road,Clear,Day,18,Male,Auto,50,No,No,No,Poor Weather Visibility,Low,
ACC39913,16-03-2022,18:29,Kerala,Thrissur,10.0113,75.7567,City Road,Clear,Dusk,58,Male,Bike,68,Yes,No,Yes,Drunk Driving,High,3.0
ACC39914,25-02-2024,09:09,Kerala,Thiruvananthapuram,10.3545,76.0137,National Highway,Cloudy,Day,35,Male,Bike,57,No,No,No,Poor Weather Visibility,Medium,2.0
ACC39915,10-11-2024,14:08,Tamil Nadu,Madurai,10.8716,78.8456,City Road,Rainy,Day,61,Male,Bus,72,Yes,Yes,Yes,Poor Weather Visibility,High,12.0
ACC39916,16-11-2022,21:38,Andhra Pradesh,Vijayawada,15.9335,79.3977,State Highway,Cloudy,Night,50,Female,Truck,67,No,No,No,Poor Weather Visibility,Medium,
ACC39917,26-05-2022,09:01,Tamil Nadu,Madurai,11.0582,78.7326,National Highway,Overcast,Day,39,Female,Bike,82,No,Yes,No,Over Speeding,High,6.0
ACC39918,03-10-2022,20:31,Kerala,Thrissur,10.1844,76.3117,Village Road,Overcast,Night,43,Male,Truck,46,Yes,Yes,No,Drunk Driving,High,8.0
ACC39919,26-02-2022,08:34,Tamil Nadu,Coimbatore,11.027,78.5631,Village Road,Clear,Day,40,Male,Car,37,No,No,No,Signal Jumping,Low,2.0
ACC39920,18-03-2022,16:18,Karnataka,Hubballi,15.8184,75.8327,Village Road,Overcast,Day,55,Male,Bike,61,Yes,No,Yes,Drunk Driving,Medium,3.0
ACC39921,15-07-2024,10:41,Kerala,Kozhikode,10.5635,76.666,State Highway,Clear,Day,18,Male,Car,57,No,Yes,No,Drowsy Driving,Low,0.0
ACC39922,09-11-2022,07:48,Telangana,Khammam,17.5043,78.556,National Highway,Cloudy,Day,47,Female,Bike,70,No,No,No,Poor Weather Visibility,Low,2.0
ACC39923,04-04-2024,15:59,Karnataka,Hubballi,15.3315,76.055,State Highway,Overcast,Day,38,Male,Bike,66,Yes,No,No,Drunk Driving,High,2.0
ACC39924,06-06-2022,15:18,Tamil Nadu,Coimbatore,11.3781,78.0988,City Road,Clear,Day,22,Male,Car,74,Yes,No,No,Drunk Driving,Medium,1.0
ACC39925,24-09-2024,18:45,Tamil Nadu,Tiruchirappalli,10.3756,78.4333,State Highway,Clear,Dusk,54,Male,Bike,69,No,No,Yes,Signal Jumping,Medium,2.0
ACC39926,27-07-2023,01:59,Tamil Nadu,Salem,11.0592,78.6155,City Road,Clear,Night,38,Male,Bike,56,No,No,No,Poor Weather Visibility,Low,0.0
ACC39927,28-07-2024,03:45,Andhra Pradesh,Guntur,15.3817,80.4557,National Highway,Overcast,Night,31,Female,Car,63,No,Yes,No,Drowsy Driving,Medium,1.0
ACC39928,29-07-2023,08:37,Tamil Nadu,Madurai,11.3745,78.6947,State Highway,Clear,Day,26,Female,Car,68,Yes,No,No,Drunk Driving,Medium,1.0
ACC39929,12-04-2024,07:10,Kerala,Thrissur,10.3542,75.928,National Highway,Rainy,Day,23,Male,Bike,56,No,No,No,Poor Weather Visibility,Medium,3.0
ACC39930,25-03-2022,17:52,Tamil Nadu,Salem,11.3991,78.9672,National Highway,Clear,Dusk,46,Female,Car,67,No,No,No,Over Speeding,Low,2.0
ACC39931,01-12-2024,13:38,Kerala,Thiruvananthapuram,10.5535,75.4044,Village Road,Clear,Day,63,Male,Car,40,No,No,Yes,Pothole/Bad Road,Low,1.0
ACC39932,17-02-2023,07:43,Tamil Nadu,Salem,10.9358,77.8214,Village Road,Clear,Day,47,Male,Car,63,No,No,No,Over Speeding,Low,2.0
ACC39933,25-07-2023,11:43,Tamil Nadu,Tiruchirappalli,11.2771,78.6787,National Highway,Overcast,Day,27,Female,Bike,67,No,No,No,Poor Weather Visibility,Medium,3.0
ACC39934,17-05-2024,18:55,Kerala,Thrissur,10.2923,75.9407,Village Road,Overcast,Dusk,31,Male,Car,36,No,No,Yes,Pothole/Bad Road,Low,2.0
ACC39935,13-02-2023,12:05,Tamil Nadu,Chennai,11.4552,78.5453,Expressway,Overcast,Day,44,Male,Bike,75,No,No,No,Over Speeding,Medium,2.0
ACC39936,18-05-2022,09:07,Karnataka,Mangaluru,15.7367,75.3753,Village Road,Rainy,Day,32,Male,Bus,32,No,No,Yes,Poor Weather Visibility,Medium,2.0
ACC39937,27-05-2023,03:22,Tamil Nadu,Salem,11.2521,78.6433,Village Road,Cloudy,Night,20,Male,Bike,23,Yes,No,No,Drunk Driving,Low,0.0
ACC39938,20-08-2023,15:13,Andhra Pradesh,Kurnool,16.1717,79.4602,City Road,Cloudy,Day,26,Male,Bike,51,No,No,No,Poor Weather Visibility,Medium,3.0
ACC39939,31-05-2023,17:29,Tamil Nadu,Tiruchirappalli,10.7293,78.2819,National Highway,Clear,Dusk,30,Female,Truck,71,No,No,No,Over Speeding,Medium,7.0
ACC39940,21-12-2024,18:09,Kerala,Thrissur,10.4381,75.6818,Village Road,Clear,Dusk,64,Male,Car,43,No,No,No,Poor Weather Visibility,Low,1.0
ACC39941,19-02-2023,06:52,Karnataka,Mysuru,16.0335,76.0218,City Road,Rainy,Day,28,Female,Car,77,Yes,No,No,Poor Weather Visibility,Medium,2.0
ACC39942,06-03-2024,07:43,Kerala,Thiruvananthapuram,10.6972,76.331,National Highway,Rainy,Day,18,Male,Bus,67,No,No,No,Poor Weather Visibility,Medium,4.0
ACC39943,25-12-2022,07:18,Tamil Nadu,Salem,11.7183,78.9055,City Road,Overcast,Day,44,Male,Auto,44,No,No,No,Signal Jumping,Low,0.0
ACC39944,14-06-2024,18:18,Tamil Nadu,Chennai,10.9224,79.2816,National Highway,Cloudy,Dusk,27,Male,Car,75,Yes,No,No,Drunk Driving,High,7.0
ACC39945,10-06-2023,22:27,Tamil Nadu,Chennai,10.9608,78.6778,National Highway,Clear,Night,38,Male,Bike,77,No,No,No,Over Speeding,Medium,1.0
ACC39946,19-04-2024,21:42,Telangana,Hyderabad,17.9724,78.9573,City Road,Clear,Night,39,Female,Bike,53,No,Yes,No,Drowsy Driving,Low,
ACC39947,14-01-2022,16:56,Telangana,Karimnagar,18.1473,79.5805,State Highway,Clear,Day,74,Male,Auto,70,No,No,No,Over Speeding,Medium,4.0
ACC39948,19-02-2022,11:17,Telangana,Warangal,17.1899,79.1772,National Highway,Rainy,Day,28,Male,Car,69,No,No,Yes,Poor Weather Visibility,Medium,8.0
ACC39949,26-05-2024,13:01,Andhra Pradesh,Visakhapatnam,16.4248,79.9205,National Highway,Rainy,Day,39,Female,Car,80,No,No,No,Poor Weather Visibility,High,8.0
ACC39950,26-11-2024,16:07,Tamil Nadu,Tiruchirappalli,9.2542,78.3428,City Road,Cloudy,Day,34,Male,Car,38,No,No,No,Poor Weather Visibility,Low,1.0
ACC39951,16-01-2024,15:50,Karnataka,Mysuru,15.189,74.4742,State Highway,Rainy,Day,37,Male,Bus,82,No,Yes,No,Poor Weather Visibility,High,4.0
ACC39952,02-08-2022,00:23,Telangana,Nizamabad,17.2401,79.795,City Road,Cloudy,Night,34,Male,Car,62,Yes,No,No,Drunk Driving,High,2.0
ACC39953,26-05-2022,19:12,Tamil Nadu,Chennai,11.5121,78.1485,State Highway,Cloudy,Night,27,Male,Bike,71,No,No,Yes,Pothole/Bad Road,Medium,2.0
ACC39954,09-08-2022,07:59,Tamil Nadu,Coimbatore,11.2733,78.1298,Village Road,Clear,Day,40,Male,Car,49,No,No,Yes,Pothole/Bad Road,Medium,3.0
ACC39955,03-02-2023,10:37,Tamil Nadu,Tiruchirappalli,12.283,78.3058,City Road,Clear,Day,18,Female,Bike,72,Yes,No,No,Drunk Driving,Medium,3.0
ACC39956,10-03-2024,13:09,Karnataka,Belagavi,15.532,75.0646,Village Road,Rainy,Day,18,Male,Car,44,No,No,No,Poor Weather Visibility,Medium,5.0
ACC39957,13-02-2023,05:39,Kerala,Kozhikode,9.5802,76.3865,State Highway,Clear,Dawn,52,Female,Auto,85,No,No,Yes,Over Speeding,Medium,1.0
ACC39958,09-03-2022,20:42,Puducherry,Puducherry,11.4518,80.2662,Expressway,Cloudy,Night,39,Male,Auto,80,No,Yes,No,Drowsy Driving,High,6.0
ACC39959,15-01-2024,20:55,Kerala,Ernakulam,10.6671,76.4048,Village Road,Rainy,Night,29,Male,Car,42,No,No,No,Poor Weather Visibility,Low,4.0
ACC39960,16-12-2022,20:10,Tamil Nadu,Tiruchirappalli,11.7425,78.5277,City Road,Overcast,Night,26,Male,Car,62,Yes,No,Yes,Drunk Driving,High,1.0
ACC39961,18-12-2023,09:38,Andhra Pradesh,Guntur,15.7944,79.1992,Village Road,Overcast,Day,28,Male,Bike,50,No,No,Yes,Pothole/Bad Road,Low,2.0
ACC39962,06-06-2022,00:23,Telangana,Warangal,17.1186,78.8731,City Road,Rainy,Night,25,Male,Bike,18,No,No,No,Poor Weather Visibility,Low,0.0
ACC39963,10-04-2023,18:59,Tamil Nadu,Salem,10.9689,79.6201,National Highway,Overcast,Dusk,65,Male,Car,52,No,No,No,Poor Weather Visibility,Low,0.0
ACC39964,13-10-2022,07:38,Tamil Nadu,Salem,10.6685,79.0126,City Road,Overcast,Day,26,Male,Auto,53,No,No,No,Signal Jumping,Low,0.0
ACC39965,13-09-2023,13:39,Kerala,Kozhikode,10.4984,75.9324,City Road,Clear,Day,52,Male,Car,42,No,No,No,Poor Weather Visibility,Low,2.0
ACC39966,01-09-2024,19:54,Tamil Nadu,Tiruchirappalli,10.513,78.8099,State Highway,Cloudy,Night,26,Male,Bike,84,Yes,No,No,Drunk Driving,High,6.0
ACC39967,23-12-2022,09:56,Telangana,Warangal,17.7387,78.9684,City Road,Clear,Day,25,Male,Bike,39,No,No,No,Poor Weather Visibility,Low,2.0
ACC39968,15-03-2024,05:32,Andhra Pradesh,Guntur,15.7891,80.3668,State Highway,Rainy,Dawn,34,Female,Bike,62,No,No,No,Poor Weather Visibility,Low,1.0
ACC39969,19-05-2023,10:57,Telangana,Khammam,17.8572,79.2035,National Highway,Overcast,Day,24,Male,Car,65,No,No,Yes,Pothole/Bad Road,Medium,3.0
ACC39970,17-01-2022,20:37,Karnataka,Mangaluru,15.5289,75.5755,Village Road,Rainy,Night,42,Male,Bike,58,No,No,No,Poor Weather Visibility,Medium,
ACC39971,21-12-2023,09:48,Tamil Nadu,Tiruchirappalli,10.8346,78.4659,State Highway,Cloudy,Day,30,Male,Bike,56,No,No,No,Poor Weather Visibility,Low,1.0
ACC39972,12-12-2022,16:49,Kerala,Kollam,9.9649,75.9039,City Road,Cloudy,Day,18,Male,Bike,64,No,No,No,Poor Weather Visibility,Medium,3.0
ACC39973,23-07-2022,22:54,Tamil Nadu,Chennai,11.2329,78.9404,State Highway,Rainy,Night,31,Male,Bike,68,Yes,No,No,Poor Weather Visibility,High,4.0
ACC39974,19-06-2023,05:06,Kerala,Thrissur,10.1993,76.1618,National Highway,Clear,Dawn,47,Male,Bus,64,No,No,No,Over Speeding,Medium,3.0
ACC39975,27-07-2024,19:36,Andhra Pradesh,Kurnool,15.6941,79.7356,Village Road,Clear,Night,42,Male,Car,35,No,No,Yes,Pothole/Bad Road,Low,0.0
ACC39976,27-07-2024,10:51,Karnataka,Belagavi,15.3534,74.7082,Expressway,Foggy,Day,28,Male,Bus,71,No,No,No,Poor Weather Visibility,Medium,2.0
ACC39977,22-11-2023,18:23,Telangana,Khammam,18.0457,79.2915,State Highway,Rainy,Dusk,40,Female,Bike,61,No,No,No,Poor Weather Visibility,Low,3.0
ACC39978,01-03-2023,07:24,Karnataka,Belagavi,15.3135,75.5802,City Road,Clear,Day,29,Male,Car,69,No,Yes,No,Drowsy Driving,Medium,4.0
ACC39979,13-03-2023,19:45,Karnataka,Hubballi,15.2505,76.2842,National Highway,Cloudy,Night,18,Male,Truck,87,Yes,No,No,Over Speeding,High,6.0
ACC39980,20-04-2023,12:56,Tamil Nadu,Madurai,10.9746,78.5059,City Road,Clear,Day,35,Female,Car,39,No,No,No,Poor Weather Visibility,Low,1.0
ACC39981,24-03-2024,15:32,Kerala,Kozhikode,9.9044,76.1269,City Road,Clear,Day,37,Male,Bike,74,No,No,No,Over Speeding,Low,2.0
ACC39982,08-06-2023,04:06,Kerala,Kollam,10.5266,76.3321,City Road,Rainy,Night,44,Male,Bike,55,No,No,No,Poor Weather Visibility,Medium,4.0
ACC39983,04-12-2023,16:40,Tamil Nadu,Salem,11.3652,78.002,City Road,Clear,Day,18,Male,Bike,82,No,Yes,Yes,Over Speeding,Medium,2.0
ACC39984,11-06-2022,14:26,Puducherry,Karaikal,12.1832,79.4625,City Road,Rainy,Day,63,Female,Car,19,No,No,No,Poor Weather Visibility,Low,0.0
ACC39985,30-12-2023,08:49,Telangana,Nizamabad,17.8675,78.7181,Village Road,Clear,Day,45,Male,Bike,42,No,No,Yes,Pothole/Bad Road,Low,1.0
ACC39986,05-11-2024,10:02,Telangana,Karimnagar,18.0733,78.7852,National Highway,Cloudy,Day,32,Male,Bus,79,Yes,No,No,Drunk Driving,High,2.0
ACC39987,15-11-2023,13:24,Telangana,Karimnagar,17.9628,78.4868,Expressway,Clear,Day,23,Male,Car,103,Yes,No,Yes,Over Speeding,High,5.0
ACC39988,12-03-2024,08:29,Tamil Nadu,Chennai,11.4448,79.5134,State Highway,Cloudy,Day,37,Male,Car,69,No,No,No,Poor Weather Visibility,Medium,3.0
ACC39989,19-05-2024,19:44,Andhra Pradesh,Visakhapatnam,15.289,79.3891,National Highway,Clear,Night,35,Male,Car,66,No,No,No,Signal Jumping,Medium,3.0
ACC39990,02-01-2024,18:52,Karnataka,Mangaluru,15.3832,76.5706,National Highway,Cloudy,Dusk,53,Male,Car,52,No,No,No,Poor Weather Visibility,Low,0.0
ACC39991,20-07-2022,16:22,Andhra Pradesh,Vijayawada,16.2981,79.4232,Village Road,Clear,Day,41,Male,Car,51,No,Yes,No,Drowsy Driving,Low,3.0
ACC39992,04-08-2022,10:56,Tamil Nadu,Salem,10.9515,78.8443,National Highway,Clear,Day,45,Male,Bike,57,No,No,No,Signal Jumping,Medium,1.0
ACC39993,26-10-2024,23:42,Karnataka,Mysuru,14.5458,75.2652,State Highway,Clear,Night,21,Male,Auto,72,Yes,No,No,Drunk Driving,High,7.0
ACC39994,30-03-2022,13:42,Karnataka,Mysuru,16.1428,75.4586,City Road,Rainy,Day,49,Male,Bike,26,No,No,No,Poor Weather Visibility,Low,0.0
ACC39995,03-01-2023,21:24,Kerala,Ernakulam,10.838,75.7704,Village Road,Clear,Night,60,Male,Auto,51,No,No,No,Signal Jumping,Medium,1.0
ACC39996,06-05-2024,10:04,Telangana,Warangal,18.2817,78.8728,Village Road,Cloudy,Day,28,Female,Auto,58,Yes,No,No,Drunk Driving,Medium,0.0
ACC39997,05-05-2024,08:37,Tamil Nadu,Madurai,10.983,78.0238,Expressway,Rainy,Day,18,Male,Car,76,No,No,Yes,Poor Weather Visibility,Medium,5.0
ACC39998,03-10-2022,20:21,Telangana,Khammam,18.7098,78.9582,National Highway,Overcast,Night,56,Male,Truck,70,No,No,Yes,Pothole/Bad Road,High,4.0
ACC39999,20-05-2024,09:55,Telangana,Nizamabad,18.1124,79.2607,Expressway,Rainy,Day,56,Male,Car,85,No,No,No,Poor Weather Visibility,High,3.0